#auto generated file!
6.0;0.035501523967858134;0.035501523967858134;0.035501523967858134
7.5;0.035501523967858134;0.035501523967858134;0.035501523967858134
9.0;0.035501523967858134;0.035501523967858134;0.035501523967858134
10.5;0.035501523967858134;0.035501523967858134;0.035501523967858134
12.0;0.035501523967858134;0.035501523967858134;0.035501523967858134
13.5;0.035501523967858134;0.0173841059602649;0.035501523967858134
15.0;0.045928030303030304;0.0173841059602649;0.035501523967858134
16.5;0.0173841059602649;0.01824212271973466;0.017094017094017096
18.0;0.08085501858736059;0.01824212271973466;0.015280135823429542
19.5;0.014827018121911038;0.017699115044247787;0.014827018121911038
21.0;0.0175513698630137;0.041666666666666664;0.016638225255972697
22.5;0.0173841059602649;0.014827018121911038;0.0391281512605042
24.0;0.017094017094017096;0.0370850622406639;0.016638225255972697
25.5;0.03314777327935223;0.038100208768267224;0.01652892561983471
27.0;0.04083665338645418;0.03185654008438818;0.03798297314996725
28.5;0.01730418943533698;0.017094017094017096;0.017373380447585393
30.0;0.0161839863713799;0.019731800766283527;0.016638225255972697
31.5;0.0189328743545611;0.018010291595197254;0.0161839863713799
33.0;0.01824212271973466;0.014827018121911038;0.01730418943533698
34.5;0.014827018121911038;0.018010291595197254;0.018683274021352312
36.0;0.01824212271973466;0.0882034632034632;0.019598155467720684
37.5;0.0170487948265726;0.03674948240165632;0.04990403071017274
39.0;0.0175513698630137;0.017094017094017096;0.017094017094017096
40.5;0.01567656765676568;0.09265350877192982;0.032392026578073094
42.0;0.016403046280023436;0.06636838180462341;0.01652892561983471
43.5;0.01567656765676568;0.05542725173210161;0.017094017094017096
45.0;0.017699115044247787;0.015731292517006803;0.0175513698630137
46.5;0.016638225255972697;0.01567656765676568;0.017824497257769654
48.0;0.048187022900763356;0.0173841059602649;0.051059730250481696
49.5;0.01824212271973466;0.014827018121911038;0.03542094455852156
51.0;0.01652892561983471;0.019013666072489603;0.017094017094017096
52.5;0.017094017094017096;0.01652892561983471;0.0173841059602649
54.0;0.018683274021352312;0.01824212271973466;0.03878406708595388
55.5;0.03314777327935223;0.014827018121911038;0.01824212271973466
57.0;0.017094017094017096;0.016638225255972697;0.0170487948265726
58.5;0.01824212271973466;0.018026004728132386;0.0170487948265726
60.0;0.0173841059602649;0.03498920086393088;0.0175513698630137
61.5;0.01672535211267606;0.018010291595197254;0.0170487948265726
63.0;0.01652892561983471;0.06921675774134792;0.017824497257769654
64.5;0.01567656765676568;0.0175513698630137;0.018354055654233276
66.0;0.014827018121911038;0.01756386861313869;0.017373380447585393
67.5;0.0175513698630137;0.018086080586080584;0.03736263736263736
69.0;0.015731292517006803;0.04857910906298003;0.019408502772643253
70.5;0.01652892561983471;0.014827018121911038;0.06533036377134371
72.0;0.0175513698630137;0.04990403071017274;0.0170487948265726
73.5;0.0175513698630137;0.016403046280023436;0.0173841059602649
75.0;0.018010291595197254;0.018595825426944972;0.02114561027837259
76.5;0.0161839863713799;0.03162650602409638;0.0189328743545611
78.0;0.0173841059602649;0.043703007518796994;0.018026004728132386
79.5;0.018683274021352312;0.01567656765676568;0.03469827586206897
81.0;0.0173841059602649;0.018991486574983625;0.018470790378006873
82.5;0.0173841059602649;0.0796680497925311;0.018026004728132386
84.0;0.01567656765676568;0.01950286806883365;0.02335858585858586
85.5;0.01652892561983471;0.03919631093544137;0.018010291595197254
87.0;0.017699115044247787;0.014827018121911038;0.07550644567219153
88.5;0.053562653562653564;0.03162650602409638;0.018991486574983625
90.0;0.015731292517006803;0.06176900584795322;0.01567656765676568
91.5;0.01652892561983471;0.07656826568265682;0.0175513698630137
93.0;0.017373380447585393;0.017094017094017096;0.03498920086393088
94.5;0.0173841059602649;0.03608247422680412;0.020833333333333332
96.0;0.01834862385321101;0.033861185983827494;0.01576182136602452
97.5;0.058823529411764705;0.018086080586080584;0.018876611418047883
99.0;0.0173841059602649;0.03879026955950033;0.0175513698630137
100.5;0.017699115044247787;0.016403046280023436;0.03718199608610568
102.0;0.0173841059602649;0.035578885972586766;0.018354055654233276
103.5;0.04083665338645418;0.020006613756613757;0.01567656765676568
105.0;0.01652892561983471;0.052068126520681254;0.015280135823429542
106.5;0.01652892561983471;0.03557483731019522;0.022824178580386253
108.0;0.014827018121911038;0.018086080586080584;0.019142066420664204
109.5;0.01652892561983471;0.020833333333333332;0.01950286806883365
111.0;0.01824212271973466;0.018470790378006873;0.053562653562653564
112.5;0.01652892561983471;0.018086080586080584;0.01652892561983471
114.0;0.01652892561983471;0.03878406708595388;0.03503787878787879
115.5;0.0173841059602649;0.0173841059602649;0.01672535211267606
117.0;0.043703007518796994;0.033547008547008546;0.0170487948265726
118.5;0.017094017094017096;0.0188212927756654;0.03164091243561443
120.0;0.01824212271973466;0.03266518188567186;0.01756386861313869
121.5;0.07025547445255476;0.0161839863713799;0.05862944162436549
123.0;0.01824212271973466;0.01904761904761905;0.031198686371100164
124.5;0.014827018121911038;0.020213754646840148;0.036783854166666664
126.0;0.04875717017208413;0.020625415834996677;0.0175513698630137
127.5;0.014827018121911038;0.019408502772643253;0.01756386861313869
129.0;0.018354055654233276;0.03758169934640523;0.0175513698630137
130.5;0.01567656765676568;0.06715063520871144;0.040424121935056324
132.0;0.014827018121911038;0.018354055654233276;0.03318419090231171
133.5;0.017373380447585393;0.03282828282828283;0.020423892100192676
135.0;0.015731292517006803;0.016638225255972697;0.021384021384021387
136.5;0.01567656765676568;0.0170487948265726;0.01672535211267606
138.0;0.01652892561983471;0.01652892561983471;0.05673642903858731
139.5;0.0350922131147541;0.020052693208430915;0.019274809160305342
141.0;0.06715063520871144;0.018354055654233276;0.018595825426944972
142.5;0.0170487948265726;0.03324142156862745;0.03215077605321508
144.0;0.015731292517006803;0.01730418943533698;0.018470790378006873
145.5;0.017699115044247787;0.05169902912621359;0.03718199608610568
147.0;0.01567656765676568;0.039473684210526314;0.03919631093544137
148.5;0.0173841059602649;0.0173841059602649;0.01756386861313869
150.0;0.06818181818181818;0.01567656765676568;0.019013666072489603
151.5;0.03324142156862745;0.06280048076923077;0.037422037422037424
153.0;0.018354055654233276;0.019013666072489603;0.01730418943533698
154.5;0.07977736549165121;0.014827018121911038;0.03667434715821812
156.0;0.017094017094017096;0.03674948240165632;0.01834862385321101
157.5;0.01567656765676568;0.017824497257769654;0.04875717017208413
159.0;0.0173841059602649;0.016638225255972697;0.014827018121911038
160.5;0.0173841059602649;0.015731292517006803;0.03263403263403263
162.0;0.0173841059602649;0.01567656765676568;0.017373380447585393
163.5;0.018470790378006873;0.01652892561983471;0.03241525423728814
165.0;0.039603960396039604;0.040424121935056324;0.018470790378006873
166.5;0.06689088191330343;0.014827018121911038;0.019408502772643253
168.0;0.017094017094017096;0.0425033467202142;0.03469827586206897
169.5;0.0189328743545611;0.0425033467202142;0.020788912579957356
171.0;0.018470790378006873;0.01567656765676568;0.04260299625468165
172.5;0.0334685598377282;0.017094017094017096;0.03919631093544137
174.0;0.0170487948265726;0.07339449541284404;0.0173841059602649
175.5;0.018470790378006873;0.051059730250481696;0.06741573033707866
177.0;0.047619047619047616;0.01834862385321101;0.1107871720116618
178.5;0.018026004728132386;0.014827018121911038;0.019274809160305342
180.0;0.01756386861313869;0.0175513698630137;0.03263403263403263
181.5;0.016335052812576762;0.020618556701030927;0.017560073937153423
183.0;0.017934291168491913;0.055296631557694244;0.01811216999012306
184.5;0.017094017094017096;0.019731800766283527;0.017373380447585393
186.0;0.018010291595197254;0.018876611418047883;0.01888356123838276
187.5;0.01702553830746119;0.036415289256198344;0.0363872644574399
189.0;0.015597920277296359;0.018100105350458386;0.019848771266540645
190.5;0.015095605501509561;0.019274809160305342;0.07161335841956726
192.0;0.015809071886378992;0.05561797752808989;0.016468312683075366
193.5;0.0161839863713799;0.016838000708968452;0.10213719683022492
195.0;0.0175513698630137;0.017302798982188294;0.033547008547008546
196.5;0.0175513698630137;0.04314890102909414;0.019801980198019802
198.0;0.016638225255972697;0.04014336917562724;0.03715402149137089
199.5;0.0161839863713799;0.03423626787057938;0.05021367521367521
201.0;0.016676298192025096;0.03266518188567186;0.020410766679423396
202.5;0.01836806645203033;0.01712538226299694;0.01854341535846221
204.0;0.014870091759449306;0.01939343350027824;0.047543275953517525
205.5;0.04536862003780718;0.01934304002250826;0.04932249322493226
207.0;0.03758169934640523;0.03798297314996725;0.018741633199464522
208.5;0.017015706806282723;0.02132510729613734;0.018452175157071496
210.0;0.04975636845688079;0.021715467508435834;0.0180083059603224
211.5;0.014967643488370664;0.019598155467720684;0.032924107142857144
213.0;0.11272416737830913;0.017643841286736444;0.01765330501725511
214.5;0.01676981545879932;0.03379065040650407;0.021191464137522226
216.0;0.0189328743545611;0.018086080586080584;0.019287638695999965
217.5;0.01702553830746119;0.03164091243561443;0.01834862385321101
219.0;0.017754480892796753;0.0189654896820703;0.045086351826379344
220.5;0.015095605501509561;0.017824497257769654;0.038610871440897324
222.0;0.017547197908565945;0.01733902966659057;0.01891788376083074
223.5;0.06673232664261046;0.017699115044247787;0.033547008547008546
225.0;0.0363872644574399;0.018143754361479414;0.03476946334089191
226.5;0.015731292517006803;0.018683274021352312;0.01549874155517287
228.0;0.06145584725536992;0.01918932786044125;0.03674948240165632
229.5;0.01897923971725942;0.018354055654233276;0.015414729630535846
231.0;0.016863406408094434;0.017368069472277887;0.02121731675953708
232.5;0.0470532319391635;0.01950286806883365;0.017391304347826087
234.0;0.0863169700629799;0.01693574262617093;0.036783854166666664
235.5;0.015809071886378992;0.01942319011183049;0.019124891335844683
237.0;0.041666666666666664;0.019731800766283527;0.05150301961050417
238.5;0.01612259159428971;0.01738191370786101;0.019543198715938234
240.0;0.015001087035292413;0.018935399507257263;0.08384520884520884
241.5;0.017547197908565945;0.038385826771653545;0.018271109468236783
243.0;0.06732177216716176;0.042094829424975846;0.0694006309148265
244.5;0.015095605501509561;0.016838000708968452;0.022647647647647647
246.0;0.01842179442537598;0.017316539102834528;0.10024521824423738
247.5;0.0425033467202142;0.10388918486947257;0.020625415834996677
249.0;0.038100208768267224;0.016348533050547898;0.033713054187192115
250.5;0.01733025239957341;0.01645021645021645;0.05555555555555555
252.0;0.01733025239957341;0.017699115044247787;0.03560398991871073
253.5;0.01733025239957341;0.050364491686716695;0.01904761904761905
255.0;0.015008842899186362;0.09190371991247265;0.019801980198019802
256.5;0.01581441031817882;0.03520671834625324;0.018079584775086508
258.0;0.017468783651818188;0.019139945314441957;0.018195147960543855
259.5;0.01967799642218247;0.018612132352941176;0.03189528023598819
261.0;0.01612259159428971;0.020484171322160148;0.017796927688272762
262.5;0.0161839863713799;0.038100208768267224;0.01900256574727389
264.0;0.015280135823429542;0.019961612284069098;0.01834862385321101
265.5;0.07303592577970786;0.018147448015122872;0.02272562807746158
267.0;0.08954302181967888;0.017373380447585393;0.021599518575779873
268.5;0.015731292517006803;0.042820886656946916;0.04355674295796679
270.0;0.03798297314996725;0.018416436983212228;0.021384021384021387
271.5;0.016745540589734254;0.022296960637767812;0.08521649540021758
273.0;0.016638225255972697;0.018026004728132386;0.05858310626702998
274.5;0.015731292517006803;0.020262802406975318;0.04160177975528365
276.0;0.044811320754716985;0.017460979111666896;0.03554354604032425
277.5;0.0175513698630137;0.04301717602438139;0.08367768595041325
279.0;0.04990403071017274;0.05296732664362529;0.04460613110965626
280.5;0.017623877982923447;0.018876611418047883;0.054226475279106866
282.0;0.015871286409530037;0.017089125102207687;0.03205733058077321
283.5;0.01660281557997176;0.018013340229591664;0.03503787878787879
285.0;0.01570251018973342;0.019659185369908565;0.020926037282020447
286.5;0.07425742574257424;0.037760416666666664;0.10416947628680605
288.0;0.04425612052730697;0.03326226012793177;0.08949416342412454
289.5;0.018010291595197254;0.020213754646840148;0.0205564142194745
291.0;0.045928030303030304;0.020625415834996677;0.03975903614457832
292.5;0.01597712748065927;0.018026004728132386;0.04009552538964304
294.0;0.017547197908565945;0.017754480892796753;0.02047091179581518
295.5;0.0161839863713799;0.035869565217391305;0.06048395625779979
297.0;0.018683274021352312;0.017824497257769654;0.03562891081431161
298.5;0.0170487948265726;0.03913393432066967;0.05358443461686119
300.0;0.0170487948265726;0.015597920277296359;0.02449468996231586
301.5;0.018010291595197254;0.020999704229517892;0.019873847341897108
303.0;0.01850632726208763;0.0196525928743502;0.054987834549878344
304.5;0.01663225731761437;0.018216250338172965;0.08670741023682199
306.0;0.016582472972657695;0.018006187572852973;0.03607248181543564
307.5;0.015280135823429542;0.015517241379310345;0.03361344537815126
309.0;0.04315196998123827;0.03919631093544137;0.03439838802533104
310.5;0.019013666072489603;0.05970809376382132;0.02198591149389543
312.0;0.019179429534916397;0.015106013411607612;0.023529411764705882
313.5;0.018323203432248837;0.017094017094017096;0.15365853658536585
315.0;0.017065665405680087;0.016089299461123942;0.0220508658008658
316.5;0.014990277940132574;0.01897923971725942;0.020583360954590648
318.0;0.014990277940132574;0.018354055654233276;0.03740226739640344
319.5;0.015764542377556215;0.03875784919001636;0.021826031339942438
321.0;0.014883425527547813;0.017373380447585393;0.050954328561690514
322.5;0.014857013778015493;0.015414729630535846;0.021804752729608218
324.0;0.017406612821705664;0.03537252221462748;0.025746183640920482
325.5;0.07263475092360296;0.018890502217342887;0.021776787923781245
327.0;0.017396556186184645;0.01784947209346383;0.02121731675953708
328.5;0.01653732222065058;0.03476482617586912;0.022647647647647647
330.0;0.036415289256198344;0.0177109440267335;0.018247392935163434
331.5;0.017814806907942786;0.017499542375983893;0.020084566596194505
333.0;0.016694437748184725;0.01904761904761905;0.01866719816165264
334.5;0.017511500713744025;0.04879725085910653;0.02009132420091324
336.0;0.015729745445652022;0.08845628415300548;0.03920807453416149
337.5;0.017699115044247787;0.048899864924243655;0.03486394557823129
339.0;0.017699115044247787;0.036783854166666664;0.07073956051251411
340.5;0.01850632726208763;0.018026004728132386;0.01944940147975859
342.0;0.014945495799148322;0.015280135823429542;0.03534031413612565
343.5;0.014945495799148322;0.05454545454545455;0.022358943577430974
345.0;0.016638225255972697;0.04002285154656003;0.03652157074290773
346.5;0.0175513698630137;0.03503787878787879;0.017637896605076215
348.0;0.0175513698630137;0.05862944162436549;0.0496114306694407
349.5;0.019139945314441957;0.015597920277296359;0.03498920086393088
351.0;0.01865038996269922;0.06847253574115876;0.034611469290804206
352.5;0.014945495799148322;0.017015706806282723;0.019308943089430895
354.0;0.0189328743545611;0.018010291595197254;0.021126573228922474
355.5;0.017623877982923447;0.017754480892796753;0.018780226626606795
357.0;0.016676298192025096;0.01733902966659057;0.048892828588313
358.5;0.01756386861313869;0.019214401225636224;0.03442928039702233
360.0;0.01583436633020483;0.017851796249362173;0.01899359194664741
361.5;0.018010291595197254;0.0161839863713799;0.03827741060837147
363.0;0.05048076923076923;0.017799352750809058;0.018790849673202614
364.5;0.05048076923076923;0.019944341372912802;0.03750504259509741
366.0;0.06508515815085157;0.01882395123700251;0.020128721035798217
367.5;0.016838000708968452;0.017679771605305417;0.03333333333333333
369.0;0.01834862385321101;0.018527158679798934;0.04083147735708983
370.5;0.01896734857158622;0.01730418943533698;0.020429159318048208
372.0;0.01874107841782935;0.019020693899530733;0.018673016086693143
373.5;0.015783713313901306;0.018767861574226462;0.020611702127659573
375.0;0.015752650514276798;0.015280135823429542;0.03530751708428246
376.5;0.0189328743545611;0.015095605501509561;0.019274417923561285
378.0;0.018010291595197254;0.017094017094017096;0.020625415834996677
379.5;0.017094017094017096;0.03379065040650407;0.07400793650793648
381.0;0.0161839863713799;0.04754992522213425;0.02127411884180021
382.5;0.015871286409530037;0.0161839863713799;0.022358943577430974
384.0;0.01663225731761437;0.01576182136602452;0.01884572521869483
385.5;0.015743018124095107;0.01597712748065927;0.022859838737347746
387.0;0.016638225255972697;0.03520671834625324;0.021949404761904764
388.5;0.015731292517006803;0.018354055654233276;0.032796154933559515
390.0;0.016863406408094434;0.0175513698630137;0.03300733496332518
391.5;0.07639217169329678;0.016745540589734254;0.036851890585419135
393.0;0.08454031981241;0.019013666072489603;0.05124892334194659
394.5;0.04425612052730697;0.01874107841782935;0.03251604410070758
396.0;0.04425612052730697;0.08691206543967281;0.03537252221462748
397.5;0.0882232252769799;0.016745540589734254;0.01904761904761905
399.0;0.0882232252769799;0.016863406408094434;0.04039329464861379
400.5;0.0882232252769799;0.01836806645203033;0.0181697788372401
402.0;0.0882232252769799;0.018470790378006873;0.017632797687501943
403.5;0.0741235580813308;0.05020283975659229;0.022853729305342213
405.0;0.0741235580813308;0.050975416621675124;0.04093241620264221
406.5;0.0741235580813308;0.018026004728132386;0.033728866034385456
408.0;0.0741235580813308;0.017094017094017096;0.01903935793642449
409.5;0.0741235580813308;0.016638225255972697;0.021052026864705087
411.0;0.0741235580813308;0.049329501915708805;0.01745177142817777
412.5;0.0741235580813308;0.015871286409530037;0.01992774510934317
414.0;0.018010291595197254;0.017699115044247787;0.02012072434607646
415.5;0.018010291595197254;0.015095605501509561;0.021686422413793104
417.0;0.018470790378006873;0.015095605501509561;0.023885165444086757
418.5;0.017094017094017096;0.017094017094017096;0.038685208596713025
420.0;0.017094017094017096;0.01756386861313869;0.03566758221247736
421.5;0.017373380447585393;0.018683274021352312;0.022101796209469723
423.0;0.0189328743545611;0.016081348496769426;0.03871514694800301
424.5;0.01597712748065927;0.03297872340425532;0.03562294483010596
426.0;0.016335052812576762;0.01862097440132122;0.033934707903780066
427.5;0.015095605501509561;0.016285076905013504;0.032311893203883495
429.0;0.017934291168491913;0.017094017094017096;0.03920569897335732
430.5;0.018010291595197254;0.0161839863713799;0.01904761904761905
432.0;0.016128420893033128;0.041666666666666664;0.019082659752935795
433.5;0.01874107841782935;0.05105498228861851;0.053412462908011875
435.0;0.018010291595197254;0.01537736404878336;0.035660063677284776
436.5;0.03397147147147147;0.015731292517006803;0.020061815116605788
438.0;0.018354055654233276;0.017699115044247787;0.017995570321151715
439.5;0.019139945314441957;0.018143754361479414;0.018371212121212118
441.0;0.01812240047534165;0.017620235846214374;0.033366867873910126
442.5;0.03476482617586912;0.019527766042341455;0.019673731176798662
444.0;0.016595620226365092;0.017620235846214374;0.08185654008438817
445.5;0.08420386198163977;0.0175513698630137;0.01951076562403603
447.0;0.041666666666666664;0.07434304424481572;0.020596104515310444
448.5;0.08893709327548807;0.0161839863713799;0.01913318835603373
450.0;0.016863406408094434;0.01904761904761905;0.07124430112309572
451.5;0.016638225255972697;0.01592920353982301;0.06666666666666667
453.0;0.0161839863713799;0.017777729664191222;0.03586851434096037
454.5;0.0170487948265726;0.0161839863713799;0.04283837056504599
456.0;0.01862097440132122;0.038385826771653545;0.01983161833489242
457.5;0.015346012374896637;0.01749271137026239;0.02103176176692177
459.0;0.0175513698630137;0.017754480892796753;0.04119553562725412
460.5;0.015095605501509561;0.017825311942959002;0.04251012145748988
462.0;0.015871286409530037;0.017083111144968386;0.024404761904761905
463.5;0.047658862876254184;0.016733801551333694;0.01849331566903529
465.0;0.047658862876254184;0.017699115044247787;0.023014018691588783
466.5;0.047658862876254184;0.01845342706502636;0.020456069751844396
468.0;0.019139945314441957;0.017971946230274694;0.056346019524537515
469.5;0.018197573656845753;0.07081974861876882;0.053459119496855355
471.0;0.01718287488267995;0.017094017094017096;0.03167271527548663
472.5;0.052083962309908846;0.01850632726208763;0.01992859501275971
474.0;0.018677485194924924;0.017699115044247787;0.01841406643653784
475.5;0.050912176495545185;0.019013666072489603;0.01950286806883365
477.0;0.08077963226704646;0.019139945314441957;0.05223585278986942
478.5;0.04208416833667335;0.07160155256493901;0.025214834916327453
480.0;0.017094017094017096;0.0175513698630137;0.0497485632183908
481.5;0.08574610244988864;0.014945495799148322;0.018595825426944972
483.0;0.017563955708285603;0.018354055654233276;0.019341334077588614
484.5;0.016638225255972697;0.0161839863713799;0.07167060677698975
486.0;0.017094017094017096;0.01850632726208763;0.01934022113467464
487.5;0.017547197908565945;0.018010291595197254;0.033366867873910126
489.0;0.01756386861313869;0.018026004728132386;0.02209615746254623
490.5;0.01537736404878336;0.018010291595197254;0.02145655824367187
492.0;0.0175513698630137;0.04208416833667335;0.020734115460564525
493.5;0.07868285545991754;0.015280135823429542;0.05554704651044061
495.0;0.0161839863713799;0.01672535211267606;0.019686434028359154
496.5;0.018010291595197254;0.015225395561747438;0.022647647647647647
498.0;0.07076132648295189;0.015731292517006803;0.019892142808382828
499.5;0.0189328743545611;0.0189328743545611;0.03645214669625563
501.0;0.0175513698630137;0.016863406408094434;0.020259533898305086
502.5;0.015095605501509561;0.01834862385321101;0.05295138888888887
504.0;0.01865038996269922;0.016917819729987117;0.01874025924658836
505.5;0.018010291595197254;0.015825372934697504;0.03643799504798039
507.0;0.017094017094017096;0.0170487948265726;0.020240539747726608
508.5;0.015280135823429542;0.0470532319391635;0.03570294369121778
510.0;0.017391304347826087;0.015095605501509561;0.06047838302325123
511.5;0.019408502772643253;0.016676298192025096;0.03931360216457408
513.0;0.018026004728132386;0.015724726735506497;0.04760105780128448
514.5;0.09041394335511982;0.0189328743545611;0.01935847105730938
516.0;0.0189328743545611;0.017373380447585393;0.019738440359543283
517.5;0.037422037422037424;0.017094017094017096;0.021450156952367943
519.0;0.017373380447585393;0.019408502772643253;0.05319559171803681
520.5;0.01850632726208763;0.018503600886795833;0.05821717616697987
522.0;0.015731292517006803;0.01675276604420502;0.019114380899500277
523.5;0.0720250521920668;0.018334579595316324;0.019349443559712357
525.0;0.0170487948265726;0.018010291595197254;0.019397273031533303
526.5;0.035751028806584366;0.016863406408094434;0.0188212927756654
528.0;0.04883659205520658;0.07279693486590039;0.01958413926499033
529.5;0.039603960396039604;0.0170487948265726;0.058233504468530144
531.0;0.019192913385826772;0.01865038996269922;0.019274809160305342
532.5;0.017373380447585393;0.04175913964247464;0.018283166109253065
534.0;0.017971946230274694;0.018666279410617808;0.04468816500245539
535.5;0.018792559974975337;0.035598705501618116;0.04283216783216783
537.0;0.015926980240613186;0.017094017094017096;0.019877181641887523
538.5;0.017754480892796753;0.08265594250021391;0.01816881001680085
540.0;0.017754480892796753;0.01660281557997176;0.01952546389809054
541.5;0.016745540589734254;0.016403046280023436;0.021924648206990464
543.0;0.049329501915708805;0.049329501915708805;0.01803739915750859
544.5;0.041250831669993354;0.046489563567362426;0.019408502772643253
546.0;0.041250831669993354;0.04875717017208413;0.03498435360844905
547.5;0.018470790378006873;0.015095605501509561;0.019276956137024393
549.0;0.017623877982923447;0.017547197908565945;0.017367059597690065
550.5;0.017094017094017096;0.017547197908565945;0.018612132352941176
552.0;0.045928030303030304;0.017498443680569787;0.018197573656845753
553.5;0.016676298192025096;0.017094017094017096;0.016084484159220147
555.0;0.0363872644574399;0.018470790378006873;0.018544683857294242
556.5;0.0175513698630137;0.01597712748065927;0.05394088669950739
558.0;0.016638225255972697;0.015001087035292413;0.021686422413793104
559.5;0.019408502772643253;0.01842179442537598;0.049938601440377026
561.0;0.01535109722361575;0.07883717752634664;0.017118421831503854
562.5;0.03919631093544137;0.07883717752634664;0.020689280761239187
564.0;0.05743073047858943;0.014870091759449306;0.01643951102992834
565.5;0.01672535211267606;0.017427438387099873;0.04016325396094095
567.0;0.0370850622406639;0.07719115178862318;0.018612132352941176
568.5;0.01810699588477366;0.07719115178862318;0.01713180436584692
570.0;0.019082371238858645;0.07719115178862318;0.04527355564914431
571.5;0.01810699588477366;0.015695763321720377;0.018876611418047883
573.0;0.037760416666666664;0.07264886610602653;0.020625415834996677
574.5;0.0175513698630137;0.07264886610602653;0.017418405332871614
576.0;0.017015706806282723;0.07264886610602653;0.10967878275570583
577.5;0.019192913385826772;0.015095605501509561;0.017910447761194027
579.0;0.017796927688272762;0.015731292517006803;0.031027253668763105
580.5;0.01834061135371179;0.01865038996269922;0.017810548929218788
582.0;0.017373380447585393;0.01865038996269922;0.040266060999351067
583.5;0.04334677419354839;0.018832655731576244;0.09239766081871344
585.0;0.02012072434607646;0.017699115044247787;0.01612259159428971
586.5;0.018897173675989507;0.015861825872400422;0.08175211949939443
588.0;0.019944341372912802;0.031027253668763105;0.03455497382198953
589.5;0.07826762478151097;0.019071369196057474;0.057379969462195334
591.0;0.018052243358660087;0.017934291168491913;0.03557483731019522
592.5;0.052043245387819875;0.018026004728132386;0.01810188254965837
594.0;0.019142066420664204;0.08709248170326016;0.0161839863713799
595.5;0.017083111144968386;0.018832655731576244;0.03383297644539615
597.0;0.01749271137026239;0.016403046280023436;0.025568181818181816
598.5;0.017699115044247787;0.036415289256198344;0.03676148796498906
600.0;0.01834862385321101;0.03411405295315682;0.019934984374263862
601.5;0.020052693208430915;0.0940188291420306;0.01759872630316283
603.0;0.018926044497054154;0.019944341372912802;0.019598155467720684
604.5;0.01726263871763255;0.03718749662814661;0.0188212927756654
606.0;0.017574219762933944;0.04819023569023568;0.01709768189736031
607.5;0.018387370467510947;0.04347487165781356;0.017824497257769654
609.0;0.03469827586206897;0.018371212121212118;0.05649588289112535
610.5;0.0162748643761302;0.019675925925925927;0.01815261570735545
612.0;0.015139193690331638;0.0153103221203973;0.03370786516853933
613.5;0.016863406408094434;0.019408502772643253;0.06983047506406466
615.0;0.10571309424520434;0.017699115044247787;0.03577088840199192
616.5;0.045928030303030304;0.018822613968713944;0.1641934597416873
618.0;0.01850632726208763;0.04372083586934469;0.019103449844912447
619.5;0.016863406408094434;0.03498920086393088;0.01712538226299694
621.0;0.018086080586080584;0.03503787878787879;0.020052693208430915
622.5;0.05376344086021505;0.016830578931359627;0.0191785377750679
624.0;0.018624934405591875;0.018371212121212118;0.018543046357615892
625.5;0.01713180436584692;0.01717650438029585;0.01756386861313869
627.0;0.033547008547008546;0.0170487948265726;0.06940371456500488
628.5;0.01924500859447309;0.015069294547215105;0.03698728282285509
630.0;0.0456515928248895;0.017373380447585393;0.01770892242201213
631.5;0.06176900584795322;0.017094017094017096;0.018022181146025877
633.0;0.01672535211267606;0.018323203432248837;0.018426170035435143
634.5;0.01576182136602452;0.017114956021708434;0.037422037422037424
636.0;0.044811320754716985;0.018937169700528483;0.01866458752950859
637.5;0.018848906360245943;0.0370850622406639;0.018429899149693493
639.0;0.018354055654233276;0.018197573656845753;0.019408502772643253
640.5;0.0161839863713799;0.017596390484003282;0.018197573656845753
642.0;0.0170487948265726;0.017830478700043915;0.03878406708595388
643.5;0.018197573656845753;0.019944341372912802;0.019598155467720684
645.0;0.018026004728132386;0.018147448015122872;0.01770507491087307
646.5;0.04990403071017274;0.018197573656845753;0.01811511171281356
648.0;0.017460979111666896;0.017094017094017096;0.015095605501509561
649.5;0.019961612284069098;0.018010291595197254;0.039473684210526314
651.0;0.019263204616067467;0.018371212121212118;0.04054054054054054
652.5;0.018063070026279177;0.017410714285714286;0.019274809160305342
654.0;0.018143754361479414;0.018876611418047883;0.019848771266540645
655.5;0.01975889285328144;0.015154962909024714;0.0932954614738215
657.0;0.01678765880217786;0.03326226012793177;0.04614566719829879
658.5;0.01834862385321101;0.018354055654233276;0.018876296006804752
660.0;0.018876611418047883;0.01645021645021645;0.019335279586795418
661.5;0.019005143564034117;0.019142066420664204;0.018943668943668945
663.0;0.044558456814690485;0.01723920181864107;0.017019391672408703
664.5;0.017699115044247787;0.03442928039702233;0.017924528301886795
666.0;0.0425033467202142;0.01705271950396762;0.032696390658174104
667.5;0.017373380447585393;0.015731292517006803;0.019138359569179784
669.0;0.018047156089719053;0.015990285677765705;0.03189528023598819
670.5;0.017316539102834528;0.01712538226299694;0.015861825872400422
672.0;0.043703007518796994;0.018637184800595105;0.018487434139972954
673.5;0.019013666072489603;0.0177109440267335;0.01772899957788096
675.0;0.044811320754716985;0.017410714285714286;0.01756386861313869
676.5;0.035869565217391305;0.01780160609014529;0.06891000775795189
678.0;0.017206835592221567;0.01950286806883365;0.0170487948265726
679.5;0.018010291595197254;0.03646288209606987;0.018010291595197254
681.0;0.019114380899500277;0.020625415834996677;0.015861825872400422
682.5;0.017699115044247787;0.018487434139972954;0.01726263871763255
684.0;0.017373380447585393;0.01537736404878336;0.018354055654233276
685.5;0.041666666666666664;0.017094017094017096;0.023702830188679247
687.0;0.015963095712199653;0.018086080586080584;0.062813143141012
688.5;0.015280135823429542;0.05377574370709383;0.017699115044247787
690.0;0.017094017094017096;0.020240539747726608;0.019139945314441957
691.5;0.01770244821092279;0.01611951807571421;0.01882395123700251
693.0;0.015370218739033806;0.018391927083333332;0.038385826771653545
694.5;0.041250831669993354;0.018696834582424188;0.01658516707416463
696.0;0.015871286409530037;0.016835957338750634;0.016186448027645652
697.5;0.0161839863713799;0.016794337244254824;0.015280135823429542
699.0;0.016638225255972697;0.018010291595197254;0.017094017094017096
700.5;0.0161839863713799;0.01672535211267606;0.018147448015122872
702.0;0.0363872644574399;0.01784040701566475;0.01822250639386189
703.5;0.01597712748065927;0.01950286806883365;0.020625415834996677
705.0;0.0170487948265726;0.01903411557047368;0.01707014276846679
706.5;0.017934291168491913;0.017561144802089385;0.057527598020555765
708.0;0.01597712748065927;0.01606832657788072;0.05336832895888013
709.5;0.017094017094017096;0.036415289256198344;0.017373380447585393
711.0;0.01678424862821045;0.016043635035830027;0.018010291595197254
712.5;0.01799009736360781;0.04208416833667335;0.015597920277296359
714.0;0.01498752181209934;0.0189328743545611;0.0161839863713799
715.5;0.05394088669950739;0.0153103221203973;0.016863406408094434
717.0;0.01846102916835252;0.017094017094017096;0.01730418943533698
718.5;0.016167884167255783;0.018086080586080584;0.01726263871763255
720.0;0.015095605501509561;0.03088450292397661;0.016429426632965278
721.5;0.018371212121212118;0.0173511462972126;0.08116577875274208
723.0;0.018014359856939253;0.01713180436584692;0.017699115044247787
724.5;0.05049872495789067;0.018515152511839206;0.017373380447585393
726.0;0.037206105765752735;0.03555126968820316;0.018026004728132386
727.5;0.018581870912373115;0.0182617756362175;0.01698283068612951
729.0;0.017674869549113806;0.017160814270598884;0.0186961257540321
730.5;0.018086080586080584;0.018413173652694608;0.01702553830746119
732.0;0.0350922131147541;0.017127908577722704;0.05432098765432099
733.5;0.05894667254297046;0.017699115044247787;0.01871226912632689
735.0;0.018143754361479414;0.0188212927756654;0.017368069472277887
736.5;0.018574581463896272;0.017830478700043915;0.018354055654233276
738.0;0.016216077506818482;0.03240740740740741;0.020212060967528162
739.5;0.01765330501725511;0.03476946334089191;0.017587290653119217
741.0;0.017373380447585393;0.03643799504798039;0.10380856083586112
742.5;0.01834862385321101;0.052100463447451034;0.017645059094131093
744.0;0.0459999677871374;0.051331719128329296;0.05918974168370191
745.5;0.017824497257769654;0.03791773778920309;0.018132231108900856
747.0;0.01810699588477366;0.04012304987914744;0.04990403071017274
748.5;0.016293098349991132;0.01778396154819125;0.015095605501509561
750.0;0.017567282711368357;0.03498920086393088;0.016745540589734254
751.5;0.018314772574802095;0.018202378957949406;0.015095605501509561
753.0;0.05376344086021505;0.017824497257769654;0.018242207460398566
754.5;0.019534636822082632;0.018242207460398566;0.01834862385321101
756.0;0.037760416666666664;0.03397147147147147;0.01535109722361575
757.5;0.12039835697124701;0.01920851222699272;0.016429426632965278
759.0;0.04703135423615744;0.0453811369509044;0.040013227513227514
760.5;0.09190371991247265;0.018195147960543855;0.017094017094017096
762.0;0.01726263871763255;0.01672535211267606;0.040742157612853866
763.5;0.019527766042341455;0.03718199608610568;0.015861825872400422
765.0;0.015608144091982903;0.04919423240033926;0.018595825426944972
766.5;0.017094017094017096;0.01787760715104286;0.016187271319071658
768.0;0.018470790378006873;0.08306709265175717;0.018612132352941176
769.5;0.0175513698630137;0.08804440452336537;0.017004588798125428
771.0;0.017754480892796753;0.038162079848702554;0.018544683857294242
772.5;0.01749271137026239;0.05483214649033571;0.0170487948265726
774.0;0.01672535211267606;0.038100208768267224;0.0363872644574399
775.5;0.015731292517006803;0.019013666072489603;0.019142066420664204
777.0;0.01882395123700251;0.055844907407407406;0.019263204616067467
778.5;0.017773776536674248;0.0170487948265726;0.01654091700522345
780.0;0.017634583975364486;0.05468119451170299;0.03542094455852156
781.5;0.017754480892796753;0.018117276372861937;0.017215791035915702
783.0;0.01836806645203033;0.052120325724048365;0.019179429534916397
784.5;0.015731292517006803;0.0363872644574399;0.018926044497054154
786.0;0.015095605501509561;0.01654091700522345;0.08574418039179124
787.5;0.08033826638477802;0.019263204616067467;0.019731800766283527
789.0;0.01606832657788072;0.018026004728132386;0.09867330016583749
790.5;0.0482897384305835;0.03879026955950033;0.032696390658174104
792.0;0.0175513698630137;0.01982057751611999;0.02041832669322709
793.5;0.015871286409530037;0.08956228956228957;0.052501344809037113
795.0;0.01726263871763255;0.01939343350027824;0.03379065040650407
796.5;0.0185554688027144;0.017737506864360243;0.03191137566137566
798.0;0.041666666666666664;0.08459214501510573;0.017655244830443614
799.5;0.017094017094017096;0.01962823616778628;0.05515813253012048
801.0;0.0175513698630137;0.01723920181864107;0.01799173352783856
802.5;0.019013666072489603;0.020212060967528162;0.0203560474729964
804.0;0.018371212121212118;0.04921836834391792;0.03555884217198395
805.5;0.015370218739033806;0.01757469244288225;0.018612132352941176
807.0;0.017154737992035804;0.018538209281526382;0.019459271659139004
808.5;0.01654091700522345;0.05561490185605554;0.04047456151262595
810.0;0.015069294547215105;0.01747700394218134;0.018558172733761598
811.5;0.017094017094017096;0.0171267252195734;0.032311893203883495
813.0;0.017623877982923447;0.017089125102207687;0.05255777390421224
814.5;0.015809071886378992;0.015733618375923224;0.03287716955941255
816.0;0.015731292517006803;0.019013666072489603;0.02001962708537782
817.5;0.06481481481481483;0.018314772574802095;0.02177154786758127
819.0;0.09022038567493113;0.03646288209606987;0.07127568493150685
820.5;0.07557391481004944;0.018946192780818553;0.017060054570982017
822.0;0.0161839863713799;0.01775967196527944;0.03442928039702233
823.5;0.03919631093544137;0.03676148796498906;0.03300733496332518
825.0;0.018010291595197254;0.03138766519823788;0.019421096627809775
826.5;0.05222437137330754;0.04099192988081877;0.019050930119821174
828.0;0.07182211727666273;0.04031661488385857;0.019034570712532166
829.5;0.0170487948265726;0.03542094455852156;0.017693261678379497
831.0;0.018026004728132386;0.01812240047534165;0.020506629389587836
832.5;0.0161839863713799;0.01733025239957341;0.019354544516233318
834.0;0.018010291595197254;0.04666666666666666;0.021382796281252822
835.5;0.03542094455852156;0.018092390549158843;0.04392314962490402
837.0;0.015154962909024714;0.03937041905023356;0.03555126968820316
838.5;0.016785765670711238;0.0177109440267335;0.020212060967528162
840.0;0.03964465658976399;0.04562798092209857;0.018792559974975337
841.5;0.01846773858490174;0.01654091700522345;0.020212060967528162
843.0;0.01703007179035801;0.04614106630418366;0.01654091700522345
844.5;0.08431531897602601;0.018010291595197254;0.017771545130035694
846.0;0.0161839863713799;0.017754480892796753;0.03555126968820316
847.5;0.01850632726208763;0.018612132352941176;0.019916219894086207
849.0;0.07445987654320987;0.017460979111666896;0.019464489175845045
850.5;0.01882395123700251;0.019141127055425266;0.02080873671782763
852.0;0.01574902430686015;0.019139945314441957;0.07219407638347622
853.5;0.07334869431643624;0.052961275626423686;0.10160160160160162
855.0;0.01775534628830588;0.018323203432248837;0.058823529411764705
856.5;0.018612132352941176;0.016217853406024562;0.036406955358635675
858.0;0.019041938815588494;0.035598705501618116;0.018176352080806826
859.5;0.049733609837092546;0.017883272962794156;0.019214401225636224
861.0;0.015882312501471294;0.019327580007191657;0.051361681796464415
862.5;0.0882232252769799;0.05149558123725356;0.017367059597690065
864.0;0.06741573033707866;0.019801980198019802;0.0192392135359898
865.5;0.01771809624494277;0.017094017094017096;0.020625415834996677
867.0;0.03674948240165632;0.017825311942959002;0.018295955212508694
868.5;0.019082371238858645;0.018487434139972954;0.017825311942959002
870.0;0.018699545475974563;0.017851796249362173;0.02335858585858586
871.5;0.019120945859903808;0.017824497257769654;0.03550135501355013
873.0;0.019274809160305342;0.018354055654233276;0.019580419580419582
874.5;0.03411405295315682;0.018197573656845753;0.019801980198019802
876.0;0.01726263871763255;0.038385826771653545;0.0603321719717214
877.5;0.016917819729987117;0.0188212927756654;0.0188212927756654
879.0;0.018010291595197254;0.0188212927756654;0.016925804691762136
880.5;0.017547197908565945;0.019192913385826772;0.050030506406345335
882.0;0.0170487948265726;0.016357261371818553;0.01689500109718433
883.5;0.04703135423615744;0.017824497257769654;0.019877181641887523
885.0;0.017094017094017096;0.018612132352941176;0.016343205948888436
886.5;0.018010291595197254;0.016128420893033128;0.01810699588477366
888.0;0.018354055654233276;0.01834862385321101;0.034408602150537634
889.5;0.07620041753653445;0.018790849673202614;0.01942319011183049
891.0;0.0175513698630137;0.03185654008438818;0.033457671293473455
892.5;0.0175513698630137;0.01834862385321101;0.03625158946679079
894.0;0.018026004728132386;0.01967799642218247;0.020495964940409384
895.5;0.016403046280023436;0.016128420893033128;0.020240539747726608
897.0;0.01865038996269922;0.017391304347826087;0.019990698939591368
898.5;0.01675356994726551;0.019013666072489603;0.019165378670788255
900.0;0.018197573656845753;0.018354055654233276;0.018086080586080584
901.5;0.046189376443418015;0.03722993827160494;0.019335279586795418
903.0;0.0391281512605042;0.017924528301886795;0.02335858585858586
904.5;0.016835957338750634;0.01574004887210453;0.021966527196652718
906.0;0.018026004728132386;0.017825311942959002;0.037499598934770756
907.5;0.01597712748065927;0.017789072426937738;0.03997792864323072
909.0;0.017094017094017096;0.019731800766283527;0.01881525780650709
910.5;0.01865038996269922;0.019961612284069098;0.056225755332178606
912.0;0.017094017094017096;0.01807884005437245;0.064666919000757
913.5;0.03520671834625324;0.018026004728132386;0.03287716955941255
915.0;0.01865038996269922;0.017825311942959002;0.018991486574983625
916.5;0.04377104377104378;0.09119897959183672;0.02103686068467285
918.0;0.016830578931359627;0.018026004728132386;0.024449564772145414
919.5;0.017373380447585393;0.01780160609014529;0.0635658914728682
921.0;0.015154962909024714;0.020618556701030927;0.022065863050620575
922.5;0.0189328743545611;0.016674644965693316;0.019276956137024393
924.0;0.016745540589734254;0.03443877551020408;0.03418935643564356
925.5;0.01842179442537598;0.017679771605305417;0.018086080586080584
927.0;0.017465858520325457;0.015517241379310345;0.02132510729613734
928.5;0.018371212121212118;0.01582304346556908;0.020540243085462727
930.0;0.018937370139507272;0.04627507163323783;0.03780201396261622
931.5;0.01755299664376568;0.03263403263403263;0.016844954592531776
933.0;0.017971946230274694;0.018099282471811393;0.02009132420091324
934.5;0.018143754361479414;0.017824497257769654;0.04047456151262595
936.0;0.016263612953345514;0.017256925767414787;0.020709681536792392
937.5;0.018683274021352312;0.015318691607385299;0.019492203118752497
939.0;0.018848906360245943;0.05007364060744658;0.01809102946572436
940.5;0.01771809624494277;0.08458244111349036;0.032796154933559515
942.0;0.017754480892796753;0.019961612284069098;0.03664340101522842
943.5;0.017623877982923447;0.10031446540880502;0.0674772036474164
945.0;0.015280135823429542;0.041666666666666664;0.07173539518900343
946.5;0.051640926640926635;0.040424121935056324;0.03191137566137566
948.0;0.0175513698630137;0.039603960396039604;0.044474876911539334
949.5;0.017623877982923447;0.01834862385321101;0.0448638976886073
951.0;0.017094017094017096;0.0494854050217372;0.0538779402415766
952.5;0.01597712748065927;0.01733025239957341;0.06100307880158065
954.0;0.016676298192025096;0.06280048076923077;0.02003052270125906
955.5;0.017498443680569787;0.017462905276233176;0.053686147400243994
957.0;0.0175513698630137;0.0189328743545611;0.05515813253012048
958.5;0.017754480892796753;0.09340659340659341;0.018466160098957417
960.0;0.017498443680569787;0.01929824561403509;0.01951076562403603
961.5;0.017094017094017096;0.051437886641029926;0.056091461236155764
963.0;0.018470790378006873;0.09442662389735366;0.06354926354926355
964.5;0.017971946230274694;0.016807551075732556;0.038685208596713025
966.0;0.015854570888502284;0.041250831669993354;0.020338983050847456
967.5;0.03676148796498906;0.019013666072489603;0.11620610247553262
969.0;0.016988416988416986;0.09431195000637675;0.08269296077441227
970.5;0.015280135823429542;0.06584821428571429;0.10675101878912789
972.0;0.015280135823429542;0.03469827586206897;0.07969563476171405
973.5;0.017094017094017096;0.05664160401002506;0.04382511344306647
975.0;0.016745540589734254;0.0370850622406639;0.02019977679804643
976.5;0.01842179442537598;0.0153103221203973;0.03740409207161126
978.0;0.01836806645203033;0.07303592577970786;0.047172912557527945
979.5;0.01836806645203033;0.04083665338645418;0.03397147147147147
981.0;0.018010291595197254;0.05105498228861851;0.03423626787057938
982.5;0.017094017094017096;0.016081348496769426;0.09060444722831194
984.0;0.01850632726208763;0.016638225255972697;0.01958413926499033
985.5;0.07639217169329678;0.01865038996269922;0.034670398009950254
987.0;0.01660281557997176;0.0425033467202142;0.021686422413793104
988.5;0.017427438387099873;0.0161839863713799;0.020826905276149332
990.0;0.01865038996269922;0.018683274021352312;0.051883510585428894
991.5;0.03758169934640523;0.015225395561747438;0.0356286399451867
993.0;0.015280135823429542;0.03520671834625324;0.021868250539956804
994.5;0.0175513698630137;0.015188609731168737;0.10729884602181201
996.0;0.01865038996269922;0.03758169934640523;0.04205082401751758
997.5;0.017547197908565945;0.047658862876254184;0.049521531100478466
999.0;0.017498443680569787;0.03599221789883269;0.03683013965573238
1000.5;0.017443347491498312;0.019961612284069098;0.0194128015145086
1002.0;0.015001087035292413;0.01709768189736031;0.11452282157676352
1003.5;0.015809071886378992;0.020006613756613757;0.05016025641025641
1005.0;0.014910112661872163;0.041901692183722805;0.04800911977851966
1006.5;0.017754480892796753;0.01654091700522345;0.03602050041123172
1008.0;0.015001087035292413;0.015517241379310345;0.02111223512349713
1009.5;0.01865038996269922;0.019345238095238096;0.020854040125161052
1011.0;0.017699115044247787;0.01871657754010695;0.0193486851069628
1012.5;0.017094017094017096;0.01537736404878336;0.09867330016583749
1014.0;0.017754480892796753;0.015654541329501625;0.03913393432066967
1015.5;0.017623877982923447;0.019263204616067467;0.01992774510934317
1017.0;0.014910112661872163;0.015818846622618513;0.019182948490230906
1018.5;0.018010291595197254;0.016403046280023436;0.01730418943533698
1020.0;0.018010291595197254;0.01702553830746119;0.02004441725020962
1021.5;0.017094017094017096;0.018354055654233276;0.031952662721893496
1023.0;0.01597712748065927;0.019013666072489603;0.07078313253012047
1024.5;0.018185821224130337;0.0568657503543294;0.021148860690407972
1026.0;0.01695388914764788;0.036198738170347;0.022116734087344173
1027.5;0.015786644290442596;0.01834061135371179;0.02407011923829863
1029.0;0.015754618145980746;0.01920300317643662;0.021714503071516286
1030.5;0.016562368492498265;0.02044274298074695;0.04046568452607099
1032.0;0.019013666072489603;0.12087741125859269;0.017916951191753648
1033.5;0.015597920277296359;0.03599221789883269;0.019877181641887523
1035.0;0.017699115044247787;0.04308815858111633;0.04428649535265172
1036.5;0.017094017094017096;0.015446744068652195;0.03263403263403263
1038.0;0.01850632726208763;0.058823529411764705;0.017710309930423784
1039.5;0.017547197908565945;0.016638225255972697;0.019112937915212923
1041.0;0.015743018124095107;0.015001087035292413;0.03988673139158575
1042.5;0.018289844042285466;0.018696455568620863;0.038602089981853445
1044.0;0.01570251018973342;0.08827003785517344;0.01890359168241966
1045.5;0.017699115044247787;0.04813729593972374;0.019027181688125897
1047.0;0.017094017094017096;0.018876611418047883;0.049663299663299666
1048.5;0.017094017094017096;0.018487434139972954;0.038245101671643085
1050.0;0.015001087035292413;0.0370850622406639;0.019789869876675584
1051.5;0.014945495799148322;0.018052243358660087;0.020618556701030927
1053.0;0.0175513698630137;0.01756784719931273;0.0201261083047794
1054.5;0.017754480892796753;0.03608247422680412;0.018235427337026582
1056.0;0.0175513698630137;0.01890359168241966;0.02034340360791132
1057.5;0.016863406408094434;0.035885989010989015;0.019719771665801765
1059.0;0.014910112661872163;0.01647485416995113;0.04093241620264221
1060.5;0.018010291595197254;0.017824497257769654;0.0356286399451867
1062.0;0.038385826771653545;0.019659185369908565;0.020429159318048208
1063.5;0.017754480892796753;0.017699115044247787;0.022418478260869564
1065.0;0.019013666072489603;0.05056179775280899;0.020240539747726608
1066.5;0.017934291168491913;0.01703197690454738;0.056487924682767095
1068.0;0.018470790378006873;0.036415289256198344;0.021686422413793104
1069.5;0.0161839863713799;0.019675925925925927;0.033950617283950615
1071.0;0.018010291595197254;0.03476482617586912;0.021604938271604937
1072.5;0.01749271137026239;0.018086080586080584;0.0446204122674711
1074.0;0.08868929006929781;0.01836395435418795;0.020060087343458016
1075.5;0.01865038996269922;0.08497322008324858;0.036936579341977596
1077.0;0.017547197908565945;0.019269640210214257;0.020615123416481654
1078.5;0.015095605501509561;0.017373380447585393;0.03208232445520581
1080.0;0.01654091700522345;0.01749271137026239;0.049992093151004176
1081.5;0.015188609731168737;0.06235011990407673;0.019731800766283527
1083.0;0.018470790378006873;0.018323203432248837;0.020006613756613757
1084.5;0.017699115044247787;0.019139945314441957;0.019185895773917553
1086.0;0.017699115044247787;0.01583436633020483;0.03528138528138528
1087.5;0.0370850622406639;0.019013666072489603;0.0188212927756654
1089.0;0.01897923971725942;0.016043635035830027;0.020950846091861403
1090.5;0.015008842899186362;0.01850632726208763;0.034926470588235295
1092.0;0.018354055654233276;0.017373380447585393;0.02172402946341975
1093.5;0.017094017094017096;0.03469827586206897;0.03608815426997245
1095.0;0.016403046280023436;0.01950286806883365;0.04341029964976002
1096.5;0.01749271137026239;0.017824497257769654;0.022087483759203115
1098.0;0.016638225255972697;0.018026004728132386;0.035524448137562566
1099.5;0.01597712748065927;0.0161839863713799;0.038958052217283545
1101.0;0.017971946230274694;0.07120500782472615;0.02300150829562594
1102.5;0.051059730250481696;0.07120500782472615;0.03571428571428571
1104.0;0.017623877982923447;0.0901276828673312;0.03284316254751216
1105.5;0.01488644788002137;0.018683274021352312;0.019801980198019802
1107.0;0.01830736743700201;0.016429426632965278;0.05806167996753685
1108.5;0.015280135823429542;0.01775534628830588;0.04283837056504599
1110.0;0.015280135823429542;0.01730418943533698;0.022692374122507117
1111.5;0.0175513698630137;0.017094017094017096;0.03234880450070324
1113.0;0.01845342706502636;0.017094017094017096;0.019275728507506813
1114.5;0.018314772574802095;0.018026004728132386;0.047052041265989365
1116.0;0.016979552792060267;0.018026004728132386;0.019877181641887523
1117.5;0.08560945780676722;0.01702553830746119;0.055951795376291205
1119.0;0.016676298192025096;0.018010291595197254;0.017915564697815654
1120.5;0.017094017094017096;0.017460979111666896;0.020229405630865484
1122.0;0.016745540589734254;0.019408502772643253;0.01908044368242416
1123.5;0.016638225255972697;0.018612132352941176;0.018577188940092162
1125.0;0.017754480892796753;0.01608187134502924;0.021686422413793104
1126.5;0.015095605501509561;0.01672535211267606;0.04003966778232305
1128.0;0.017094017094017096;0.03412017167381975;0.06713389893028401
1129.5;0.0175513698630137;0.019008640291041382;0.05651102023944849
1131.0;0.01850632726208763;0.015995952027216157;0.03598299895752212
1132.5;0.08454031981241;0.0161839863713799;0.032924107142857144
1134.0;0.017443347491498312;0.015095605501509561;0.04418001297210997
1135.5;0.017094017094017096;0.017094017094017096;0.02121731675953708
1137.0;0.017623877982923447;0.015871286409530037;0.05514250309789343
1138.5;0.0175513698630137;0.01663225731761437;0.034670398009950254
1140.0;0.05281007751937984;0.015743018124095107;0.03266518188567186
1141.5;0.016863406408094434;0.017373380447585393;0.023185011709601876
1143.0;0.018470790378006873;0.0161839863713799;0.04212733090588106
1144.5;0.016863406408094434;0.015095605501509561;0.03511762700306853
1146.0;0.05048076923076923;0.014945495799148322;0.018137960676831866
1147.5;0.017934291168491913;0.018683274021352312;0.05432595573440643
1149.0;0.0175513698630137;0.016897746967071057;0.019115674337013725
1150.5;0.017623877982923447;0.017094017094017096;0.019276956137024393
1152.0;0.0175513698630137;0.0175513698630137;0.04857910906298003
1153.5;0.01850632726208763;0.04315196998123827;0.04116309291747888
1155.0;0.01865038996269922;0.017094017094017096;0.019293392424692017
1156.5;0.018470790378006873;0.018010291595197254;0.019035412810979542
1158.0;0.016638225255972697;0.07182211727666273;0.054804804804804805
1159.5;0.016676298192025096;0.0175513698630137;0.019032869881766317
1161.0;0.07303592577970786;0.018010291595197254;0.022122793934874475
1162.5;0.01672535211267606;0.015001087035292413;0.016040273206639064
1164.0;0.01608187134502924;0.01488644788002137;0.018147448015122872
1165.5;0.09383753501400559;0.015724726735506497;0.02003052270125906
1167.0;0.017824497257769654;0.019142066420664204;0.019517344151005877
1168.5;0.017134997433140575;0.016335052812576762;0.09564767698664599
1170.0;0.015106013411607612;0.016025963289428118;0.017089125102207687
1171.5;0.04536862003780718;0.017567282711368357;0.019020693899530733
1173.0;0.046489563567362426;0.017373380447585393;0.018612132352941176
1174.5;0.017699115044247787;0.018470790378006873;0.016962900268020876
1176.0;0.017971946230274694;0.0175513698630137;0.020330932247625014
1177.5;0.017934291168491913;0.03646288209606987;0.016962900268020876
1179.0;0.016830578931359627;0.01606832657788072;0.05705300988319857
1180.5;0.016830578931359627;0.018470790378006873;0.06590313450047175
1182.0;0.01865038996269922;0.015731292517006803;0.01982057751611999
1183.5;0.014945495799148322;0.01967799642218247;0.01645021645021645
1185.0;0.015095605501509561;0.01834862385321101;0.01749271137026239
1186.5;0.017547197908565945;0.018052243358660087;0.018612132352941176
1188.0;0.01830736743700201;0.019408502772643253;0.03528138528138528
1189.5;0.018277260861902424;0.018047156089719053;0.019731153852428265
1191.0;0.014836509492270044;0.018047156089719053;0.020385206407784823
1192.5;0.015731292517006803;0.016842592473546844;0.03952457767837188
1194.0;0.015731292517006803;0.04990403071017274;0.03312144529943125
1195.5;0.01597712748065927;0.015095605501509561;0.018741633199464522
1197.0;0.0175513698630137;0.015731292517006803;0.05121664050235479
1198.5;0.015280135823429542;0.0175513698630137;0.02081797581019466
1200.0;0.014945495799148322;0.017373380447585393;0.052052785923753675
1201.5;0.016863406408094434;0.01597712748065927;0.018354055654233276
1203.0;0.018683274021352312;0.01749271137026239;0.07304878719542378
1204.5;0.0189328743545611;0.01749271137026239;0.03266518188567186
1206.0;0.016348533050547898;0.015731292517006803;0.015663069961712496
1207.5;0.018624934405591875;0.016897746967071057;0.016674644965693316
1209.0;0.017373380447585393;0.0189328743545611;0.019529006318207927
1210.5;0.017094017094017096;0.0189328743545611;0.050912176495545185
1212.0;0.0350922131147541;0.017094017094017096;0.019580419580419582
1213.5;0.018876611418047883;0.015871286409530037;0.03599834626136945
1215.0;0.036921369689283445;0.01597712748065927;0.01729559323573349
1216.5;0.018579364550064592;0.016676298192025096;0.045086351826379344
1218.0;0.019013666072489603;0.015769487034319674;0.01749271137026239
1219.5;0.04083665338645418;0.07425742574257424;0.0197421559490525
1221.0;0.018792559974975337;0.017754480892796753;0.020192168761739633
1222.5;0.016348533050547898;0.017094017094017096;0.018117276372861937
1224.0;0.0153103221203973;0.016638225255972697;0.09782070331847448
1225.5;0.015008842899186362;0.01865038996269922;0.020611702127659573
1227.0;0.01491323364428604;0.018010291595197254;0.02023191258812204
1228.5;0.01491323364428604;0.0161839863713799;0.12415067945643482
1230.0;0.0175513698630137;0.015731292517006803;0.01922499293760003
1231.5;0.015095605501509561;0.015414729630535846;0.019292604501607715
1233.0;0.01836806645203033;0.016638225255972697;0.025214834916327453
1234.5;0.017094017094017096;0.03503787878787879;0.01688902919235051
1236.0;0.061119347664936985;0.017824497257769654;0.02124120281509917
1237.5;0.052881022911462607;0.017462905276233176;0.01945672094397704
1239.0;0.017825311942959002;0.01675276604420502;0.04560044272274489
1240.5;0.0185181325793626;0.017094017094017096;0.017596390484003282
1242.0;0.01730418943533698;0.06277533039647576;0.10027472527472531
1243.5;0.01834862385321101;0.05043017360577662;0.019517666063925253
1245.0;0.01535109722361575;0.018010291595197254;0.08148734177215189
1246.5;0.016638225255972697;0.016863406408094434;0.037290502793296085
1248.0;0.017754480892796753;0.015489719503383037;0.019408502772643253
1249.5;0.01836806645203033;0.047216536022766986;0.05545986910093007
1251.0;0.017699115044247787;0.018704066376060816;0.018617489948294496
1252.5;0.08174097664543525;0.05943877551020409;0.034912718204488775
1254.0;0.075255126101145;0.019139945314441957;0.019735204707471865
1255.5;0.041666666666666664;0.018547076045235124;0.018991486574983625
1257.0;0.03297872340425532;0.01845342706502636;0.019877181641887523
1258.5;0.03608247422680412;0.015225395561747438;0.018426930440331845
1260.0;0.039178874799950754;0.0153103221203973;0.05432489451476795
1261.5;0.015797896472879037;0.01812240047534165;0.018710829325171256
1263.0;0.06430155210643015;0.016202753976515587;0.03689963299824477
1264.5;0.01749271137026239;0.0494854050217372;0.018112822217997267
1266.0;0.03608247422680412;0.017094017094017096;0.02041832669322709
1267.5;0.036165577342047936;0.01882395123700251;0.020240539747726608
1269.0;0.018281168036369994;0.017699115044247787;0.03361344537815126
1270.5;0.01845342706502636;0.04083665338645418;0.03510298810559907
1272.0;0.015414729630535846;0.015225395561747438;0.018015307870987398
1273.5;0.018314772574802095;0.01654091700522345;0.125684556407448
1275.0;0.03498920086393088;0.019566956695669567;0.11545801526717556
1276.5;0.016285076905013504;0.019583981746035716;0.020625415834996677
1278.0;0.017391304347826087;0.018612132352941176;0.017752112073575018
1279.5;0.018354055654233276;0.018487434139972954;0.05515813253012048
1281.0;0.01834862385321101;0.018542690508967015;0.03793945456150157
1282.5;0.016937514305333027;0.01812240047534165;0.01770119716663781
1284.0;0.015517241379310345;0.017765239538336888;0.042820886656946916
1285.5;0.017045454545454544;0.09041394335511982;0.023702830188679247
1287.0;0.017651363509179743;0.018543046357615892;0.04015498273508392
1288.5;0.01903670002885947;0.018086080586080584;0.020689280761239187
1290.0;0.018026004728132386;0.018612132352941176;0.044065898912348044
1291.5;0.018876611418047883;0.052328064929517304;0.021078829744006503
1293.0;0.038441422594142266;0.0170487948265726;0.03361344537815126
1294.5;0.018026004728132386;0.01845342706502636;0.0195274580951936
1296.0;0.018010291595197254;0.03780687397708675;0.03752800597460791
1297.5;0.04435427540925312;0.060275962236746555;0.017974233584704832
1299.0;0.018195039896048225;0.017824497257769654;0.016494162716646176
1300.5;0.037422037422037424;0.016468992979866464;0.019138359569179784
1302.0;0.015907416444202047;0.015280135823429542;0.016335052812576762
1303.5;0.03397147147147147;0.018848906360245943;0.0153103221203973
1305.0;0.01726263871763255;0.017410714285714286;0.036415289256198344
1306.5;0.01882395123700251;0.01583547261242032;0.018487434139972954
1308.0;0.0153103221203973;0.018952049124775258;0.0488240235195296
1309.5;0.0482573726541555;0.01730418943533698;0.03251008064516129
1311.0;0.05956071602756329;0.01537736404878336;0.01942319011183049
1312.5;0.017825311942959002;0.018143754361479414;0.0547029702970297
1314.0;0.05681028492008339;0.015287493145371624;0.0350922131147541
1315.5;0.018683274021352312;0.016866617519198917;0.019643114117139156
1317.0;0.015731292517006803;0.016371008616320324;0.01756386861313869
1318.5;0.015095605501509561;0.020423892100192676;0.018612132352941176
1320.0;0.043703007518796994;0.016089299461123942;0.018944170972160067
1321.5;0.01850632726208763;0.016937514305333027;0.05214723926380367
1323.0;0.017754480892796753;0.018354055654233276;0.03584015103838892
1324.5;0.0175513698630137;0.01726263871763255;0.01726263871763255
1326.0;0.01834862385321101;0.018683274021352312;0.032392026578073094
1327.5;0.018612132352941176;0.015225395561747438;0.0186712105675855
1329.0;0.018354055654233276;0.06725804195724677;0.08053212199870215
1330.5;0.019961612284069098;0.03608247422680412;0.016335052812576762
1332.0;0.018937370139507272;0.017563955708285603;0.018371212121212118
1333.5;0.01784040701566475;0.016863406408094434;0.01761006289308176
1335.0;0.017094017094017096;0.016676298192025096;0.04875717017208413
1336.5;0.057109557109557105;0.0189328743545611;0.0189328743545611
1338.0;0.0170487948265726;0.04208416833667335;0.017699115044247787
1339.5;0.016830578931359627;0.017015706806282723;0.03608247422680412
1341.0;0.017824497257769654;0.017373380447585393;0.019566956695669567
1342.5;0.019082371238858645;0.01865038996269922;0.015273258472805756
1344.0;0.046489563567362426;0.07425742574257424;0.018026004728132386
1345.5;0.0161839863713799;0.0170487948265726;0.018185821224130337
1347.0;0.0175513698630137;0.04516876240900066;0.017771051778186144
1348.5;0.0798365745414373;0.036783854166666664;0.08240757321683403
1350.0;0.017094017094017096;0.01749271137026239;0.03599221789883269
1351.5;0.01850632726208763;0.01749271137026239;0.03878406708595388
1353.0;0.075255126101145;0.016357261371818553;0.016348533050547898
1354.5;0.01660281557997176;0.015360780147363582;0.01645021645021645
1356.0;0.017427438387099873;0.014957736444379486;0.017015706806282723
1357.5;0.016863406408094434;0.01713180436584692;0.018683274021352312
1359.0;0.08431531897602601;0.0885799073490668;0.04902945113788488
1360.5;0.038441422594142266;0.018010291595197254;0.01612259159428971
1362.0;0.04455445544554455;0.018010291595197254;0.015280135823429542
1363.5;0.017603269400950756;0.016403046280023436;0.016897746967071057
1365.0;0.018026004728132386;0.0175513698630137;0.035598705501618116
1366.5;0.018314772574802095;0.049561699258260275;0.016335052812576762
1368.0;0.0334685598377282;0.018832655731576244;0.01783664661861255
1369.5;0.018612132352941176;0.01904761904761905;0.017699115044247787
1371.0;0.016638225255972697;0.0189328743545611;0.01749271137026239
1372.5;0.01713180436584692;0.051059730250481696;0.041901692183722805
1374.0;0.018083944453112812;0.053531834019638895;0.018047156089719053
1375.5;0.01801870252815262;0.019187767942509946;0.01836395435418795
1377.0;0.016335052812576762;0.06935914138594207;0.017094017094017096
1378.5;0.01597712748065927;0.016745278089359245;0.0161839863713799
1380.0;0.01834862385321101;0.03982067510548524;0.01865038996269922
1381.5;0.016939604011490892;0.04083665338645418;0.017699115044247787
1383.0;0.018137930348069847;0.01775534628830588;0.015280135823429542
1384.5;0.017094017094017096;0.016089299461123942;0.018595825426944972
1386.0;0.0161839863713799;0.040091455309193384;0.01780160609014529
1387.5;0.019675925925925927;0.02177154786758127;0.015476460854612115
1389.0;0.019731800766283527;0.018099426256790986;0.017686418023424858
1390.5;0.03263403263403263;0.040424121935056324;0.017754480892796753
1392.0;0.018026004728132386;0.01756386861313869;0.01730418943533698
1393.5;0.017699115044247787;0.01925569586423465;0.01999107541276216
1395.0;0.018143754361479414;0.016403046280023436;0.018651684183901368
1396.5;0.017373380447585393;0.0528117359413203;0.018487434139972954
1398.0;0.03879026955950033;0.0175513698630137;0.017215791035915702
1399.5;0.01834862385321101;0.01850632726208763;0.018143754361479414
1401.0;0.01578551741418191;0.01537736404878336;0.017089125102207687
1402.5;0.016747933613131292;0.01723920181864107;0.019327580007191657
1404.0;0.047619047619047616;0.01813557316928901;0.019675925925925927
1405.5;0.015861825872400422;0.0350922131147541;0.018876611418047883
1407.0;0.03442367601246106;0.05428866877108958;0.017089125102207687
1408.5;0.016245285753166104;0.019139945314441957;0.018028727092620107
1410.0;0.015597920277296359;0.01865038996269922;0.01853456632329864
1411.5;0.019961612284069098;0.01862097440132122;0.01834862385321101
1413.0;0.015931023572219587;0.05925707547169811;0.019142066420664204
1414.5;0.01865038996269922;0.03282828282828283;0.0161839863713799
1416.0;0.06145584725536992;0.03241525423728814;0.014945495799148322
1417.5;0.019013666072489603;0.08735632183908047;0.018846829579939307
1419.0;0.01834862385321101;0.03965496520152523;0.017789120961161174
1420.5;0.01887912456608984;0.04083665338645418;0.019179429534916397
1422.0;0.01749271137026239;0.051958433253397295;0.01775923275653774
1423.5;0.01865038996269922;0.049227799227799234;0.019139945314441957
1425.0;0.015095605501509561;0.039603960396039604;0.017620235846214374
1426.5;0.015861825872400422;0.018832655731576244;0.017094017094017096
1428.0;0.015533947399900884;0.02136542239685658;0.019050942079553383
1429.5;0.017718839216707832;0.03412017167381975;0.04026086687114664
1431.0;0.016286977562318533;0.015346012374896637;0.01618163783393016
1432.5;0.017566236791741335;0.018970180762633595;0.019598155467720684
1434.0;0.015280135823429542;0.016161274699611216;0.019598155467720684
1435.5;0.01612259159428971;0.046747025189306145;0.016357261371818553
1437.0;0.0170487948265726;0.018953414167198472;0.042924211938296444
1438.5;0.01702553830746119;0.017877589463570914;0.047658862876254184
1440.0;0.018026004728132386;0.016838000708968452;0.017373380447585393
1441.5;0.017792037334111128;0.04328298970148942;0.018302175503958486
1443.0;0.01665806179880234;0.04750389109577903;0.058823529411764705
1444.5;0.0161839863713799;0.018391927083333332;0.01647485416995113
1446.0;0.07445987654320987;0.01856270826930841;0.03599221789883269
1447.5;0.01713180436584692;0.02111421114211142;0.017121863302370723
1449.0;0.033445440956651716;0.03528138528138528;0.01748306005275953
1450.5;0.04959848842701937;0.020024461330280005;0.017651363509179743
1452.0;0.01549874155517287;0.042861398894726774;0.019719771665801765
1453.5;0.017094017094017096;0.01950286806883365;0.037621816065875426
1455.0;0.0161839863713799;0.019335279586795418;0.06139687947654032
1456.5;0.03919631093544137;0.01939343350027824;0.049663299663299666
1458.0;0.019731800766283527;0.01757469244288225;0.048800161322847355
1459.5;0.019673731176798662;0.01950286806883365;0.06597731821214144
1461.0;0.01630380824055032;0.04033180778032036;0.03498920086393088
1462.5;0.016128420893033128;0.01950286806883365;0.015329448677722997
1464.0;0.018026004728132386;0.018163597644995613;0.01890359168241966
1465.5;0.05149558123725356;0.018595825426944972;0.04699322978892871
1467.0;0.017287443030017287;0.04033180778032036;0.02033898305084746
1468.5;0.015095605501509561;0.01678765880217786;0.021278741094599735
1470.0;0.038385826771653545;0.017015706806282723;0.015957804848650968
1471.5;0.03637858225073338;0.017019391672408703;0.017924528301886795
1473.0;0.015985839376975106;0.12723800429696824;0.03975444538526672
1474.5;0.016634436027213276;0.037760416666666664;0.018165196444291192
1476.0;0.015280135823429542;0.018558172733761598;0.020999704229517892
1477.5;0.016863406408094434;0.041666666666666664;0.017892199487273993
1479.0;0.01749271137026239;0.054526634874865997;0.03898967579737064
1480.5;0.01654091700522345;0.020910051937902248;0.01910331384015595
1482.0;0.015731292517006803;0.01593425468382528;0.03423626787057938
1483.5;0.015871286409530037;0.01859099804305284;0.04003966778232305
1485.0;0.017754480892796753;0.022234273318872018;0.032151143520053035
1486.5;0.041250831669993354;0.01943373014771855;0.0547455171164644
1488.0;0.01834862385321101;0.019731800766283527;0.03503787878787879
1489.5;0.01897923971725942;0.017916951191753648;0.017382499367142014
1491.0;0.04425612052730697;0.01679898988754672;0.03798297314996725
1492.5;0.017754480892796753;0.0471589555170327;0.03798297314996725
1494.0;0.018354055654233276;0.016335052812576762;0.019180948585093664
1495.5;0.016293098349991132;0.018683274021352312;0.019731800766283527
1497.0;0.017596390484003282;0.01865038996269922;0.03919631093544137
1498.5;0.016293098349991132;0.018937169700528483;0.035751028806584366
1500.0;0.047658862876254184;0.0189328743545611;0.0171720297029703
1501.5;0.08418911690189693;0.019082371238858645;0.01859099804305284
1503.0;0.018683274021352312;0.019274809160305342;0.016167884167255783
1504.5;0.01606832657788072;0.045094124358243004;0.01643951102992834
1506.0;0.03443877551020408;0.019142066420664204;0.019570196712476423
1507.5;0.01705018909044292;0.037422037422037424;0.018230530572311977
1509.0;0.016863406408094434;0.016209169954000083;0.03287716955941255
1510.5;0.018683274021352312;0.0170487948265726;0.018683274021352312
1512.0;0.01834862385321101;0.0161839863713799;0.01749271137026239
1513.5;0.01718287488267995;0.04083665338645418;0.018010291595197254
1515.0;0.015280135823429542;0.08019850508516115;0.039810690423162584
1516.5;0.017094017094017096;0.04083665338645418;0.016184498202739626
1518.0;0.01608187134502924;0.018026004728132386;0.01606832657788072
1519.5;0.01608187134502924;0.017883272962794156;0.017824497257769654
1521.0;0.0161839863713799;0.08148734177215189;0.03476946334089191
1522.5;0.0170487948265726;0.019408502772643253;0.020052693208430915
1524.0;0.08024848949025615;0.040091455309193384;0.018426930440331845
1525.5;0.04393649957183321;0.04953231292517008;0.019065252016836846
1527.0;0.03411405295315682;0.03693406849421448;0.01805416248746239
1528.5;0.01756386861313869;0.020171743357096563;0.019263204616067467
1530.0;0.018876611418047883;0.035751028806584366;0.01826215022091311
1531.5;0.01812240047534165;0.038490945831025254;0.018784610708007875
1533.0;0.018026004728132386;0.020394841585734756;0.01622479751815168
1534.5;0.017094017094017096;0.01756386861313869;0.01597712748065927
1536.0;0.017094017094017096;0.021042084168336674;0.019785116788458998
1537.5;0.016638225255972697;0.05318627450980391;0.06306306306306306
1539.0;0.04536862003780718;0.018354055654233276;0.019900271415683707
1540.5;0.015225395561747438;0.03646288209606987;0.040424121935056324
1542.0;0.017094017094017096;0.04251762178025836;0.04918972634153799
1543.5;0.0189328743545611;0.019335279586795418;0.018284611141753997
1545.0;0.016638225255972697;0.017055464896024036;0.036748329621380846
1546.5;0.016863406408094434;0.017857142857142856;0.01955042859182293
1548.0;0.016745540589734254;0.018371212121212118;0.016293098349991132
1549.5;0.08244680851063829;0.01853959561795172;0.02080873671782763
1551.0;0.018010291595197254;0.04730243161094225;0.03167271527548663
1552.5;0.042924211938296444;0.01970405938411034;0.05194805194805195
1554.0;0.0562645011600928;0.03503787878787879;0.019274809160305342
1555.5;0.016209169954000083;0.019274809160305342;0.01920300317643662
1557.0;0.015103382344075149;0.019139945314441957;0.05320033250207814
1558.5;0.015731292517006803;0.020618556701030927;0.03436018957345971
1560.0;0.04208416833667335;0.04258723613760847;0.01890359168241966
1561.5;0.07354885230140609;0.020006613756613757;0.0368410470132339
1563.0;0.015095605501509561;0.019142066420664204;0.0547029702970297
1564.5;0.04315196998123827;0.01845400161997053;0.016835957338750634
1566.0;0.08103813559322035;0.015446744068652195;0.018790849673202614
1567.5;0.0175513698630137;0.019327580007191657;0.018419923289434863
1569.0;0.0175513698630137;0.018612132352941176;0.033950617283950615
1570.5;0.07318094281168887;0.015139193690331638;0.019440275964218198
1572.0;0.014945495799148322;0.017699115044247787;0.039115646258503396
1573.5;0.07007575757575758;0.016403046280023436;0.049227799227799234
1575.0;0.05048076923076923;0.08458244111349036;0.04183971113566858
1576.5;0.01929824561403509;0.019626168224299065;0.01740897139670146
1578.0;0.018010291595197254;0.019142066420664204;0.01846647932557206
1579.5;0.018010291595197254;0.020171743357096563;0.019801980198019802
1581.0;0.016676298192025096;0.018086867914915296;0.04077557571007352
1582.5;0.017623877982923447;0.039603960396039604;0.037130021141649046
1584.0;0.0161839863713799;0.039473684210526314;0.041982290656153894
1585.5;0.016745540589734254;0.019675925925925927;0.021191464137522226
1587.0;0.015809071886378992;0.018323203432248837;0.016718676067463623
1588.5;0.0770733678473717;0.01730418943533698;0.016348533050547898
1590.0;0.0175513698630137;0.040491315844332534;0.036835660053881954
1591.5;0.037422037422037424;0.015597920277296359;0.05292479108635098
1593.0;0.018086080586080584;0.016863406408094434;0.02177154786758127
1594.5;0.0153103221203973;0.015095605501509561;0.11304604486422669
1596.0;0.07170099160945842;0.017971946230274694;0.03568428371953668
1597.5;0.017368069472277887;0.017825311942959002;0.018545957217930675
1599.0;0.017883272962794156;0.01822145094387539;0.05782828282828282
1600.5;0.017883272962794156;0.0161839863713799;0.021191464137522226
1602.0;0.018582093618876354;0.018354055654233276;0.03704830370905917
1603.5;0.016656297685317897;0.039473684210526314;0.02005516505027138
1605.0;0.018026004728132386;0.047732687227525404;0.05230034722222222
1606.5;0.01597712748065927;0.0161839863713799;0.01979812054708171
1608.0;0.11932555123216602;0.015446744068652195;0.02019230769230769
1609.5;0.05220574941240282;0.017679771605305417;0.07747977862920391
1611.0;0.016779196768406956;0.017094017094017096;0.022532597459906788
1612.5;0.014961939656692416;0.0170487948265726;0.06349206349206349
1614.0;0.0189328743545611;0.03557483731019522;0.05088237975092829
1615.5;0.017094017094017096;0.018147448015122872;0.018790849673202614
1617.0;0.017094017094017096;0.01797373810384291;0.08673878205128205
1618.5;0.060130331753554506;0.016429426632965278;0.05039739884393064
1620.0;0.0185554688027144;0.017460979111666896;0.056185080264400375
1621.5;0.01865038996269922;0.019675925925925927;0.01904761904761905
1623.0;0.017094017094017096;0.016638225255972697;0.019395134779750165
1624.5;0.04377104377104378;0.018423991591118117;0.04056016597510373
1626.0;0.016638225255972697;0.018097790358909512;0.0220508658008658
1627.5;0.015871286409530037;0.01733025239957341;0.037290502793296085
1629.0;0.0175513698630137;0.017094017094017096;0.04789583110304766
1630.5;0.01850632726208763;0.01733025239957341;0.0370850622406639
1632.0;0.01660281557997176;0.017083111144968386;0.03347578347578348
1633.5;0.014850222990092551;0.019139945314441957;0.07844562482527256
1635.0;0.01740771421307761;0.01702553830746119;0.03232345407072353
1636.5;0.016540721828503288;0.017373380447585393;0.0694265463917526
1638.0;0.01825012709422827;0.02080873671782763;0.021865538620387783
1639.5;0.015095605501509561;0.038719197427868675;0.03564698492462312
1641.0;0.015809071886378992;0.017825311942959002;0.01951587924310949
1642.5;0.01660281557997176;0.01537736404878336;0.019679300291545188
1644.0;0.01660281557997176;0.019731800766283527;0.020999704229517892
1645.5;0.016293098349991132;0.03879026955950033;0.01970225071193746
1647.0;0.016775307882501863;0.01723920181864107;0.05785123966942149
1648.5;0.01865038996269922;0.017934291168491913;0.03570294369121778
1650.0;0.015731292517006803;0.015854570888502284;0.02628558310376492
1651.5;0.015871286409530037;0.017302798982188294;0.022543644769812965
1653.0;0.015871286409530037;0.019345238095238096;0.03375776578314857
1654.5;0.0175513698630137;0.016335052812576762;0.032796154933559515
1656.0;0.018470790378006873;0.06636838180462341;0.02247191011235955
1657.5;0.015731292517006803;0.01810699588477366;0.020925293258717413
1659.0;0.016863406408094434;0.01617026581888095;0.08481262327416175
1660.5;0.017623877982923447;0.035869565217391305;0.021949404761904764
1662.0;0.017623877982923447;0.019566956695669567;0.023185011709601876
1663.5;0.014910112661872163;0.03397147147147147;0.02338157791237316
1665.0;0.01830736743700201;0.019082371238858645;0.036302802174822256
1666.5;0.03411405295315682;0.04746689694876222;0.03560442304240459
1668.0;0.03411405295315682;0.05717661563752183;0.059147012098252474
1669.5;0.01783664661861255;0.031135531135531136;0.01927657697397442
1671.0;0.014965094221118901;0.018010456796917998;0.01949374454466104
1672.5;0.014965094221118901;0.035751028806584366;0.019410085632730733
1674.0;0.016648083640921553;0.019408502772643253;0.020827211284161037
1675.5;0.016648083640921553;0.01675203627508607;0.0478804017935815
1677.0;0.016648083640921553;0.017699115044247787;0.018355083089887137
1678.5;0.018354055654233276;0.08730111700394062;0.04656862745098039
1680.0;0.018848906360245943;0.01726263871763255;0.01950286806883365
1681.5;0.018848906360245943;0.017824497257769654;0.04347852938815087
1683.0;0.018848906360245943;0.01770244821092279;0.05875867195242814
1684.5;0.08862515034733302;0.01810188254965837;0.03230605200143628
1686.0;0.01490398320124353;0.018532729644693425;0.03920807453416149
1687.5;0.016565477533764368;0.0544885627967199;0.01846545686087233
1689.0;0.01484869904974782;0.01869087161947359;0.01979416200869488
1690.5;0.014838948629979861;0.042924211938296444;0.0206745944358805
1692.0;0.01568650125372127;0.01845342706502636;0.05370711914422722
1693.5;0.016638225255972697;0.018612132352941176;0.020851786626095475
1695.0;0.08560945780676722;0.017699115044247787;0.01936068206750334
1696.5;0.01850632726208763;0.016863406408094434;0.046550290939318374
1698.0;0.01850632726208763;0.018323203432248837;0.019292604501607715
1699.5;0.01780160609014529;0.017122114923635367;0.03436018957345971
1701.0;0.016025963289428118;0.0470532319391635;0.018558172733761598
1702.5;0.0779284183734846;0.01606832657788072;0.020240539747726608
1704.0;0.08228988354363817;0.015434504692713043;0.02114561027837259
1705.5;0.018010291595197254;0.018683274021352312;0.045454545454545456
1707.0;0.0161839863713799;0.01597712748065927;0.03705979735068798
1708.5;0.018470790378006873;0.01845342706502636;0.04941271769947346
1710.0;0.017015706806282723;0.01783664661861255;0.022824178580386253
1711.5;0.034110097939885176;0.01783664661861255;0.01948627103631532
1713.0;0.01826222107093957;0.017754480892796753;0.034611469290804206
1714.5;0.0175513698630137;0.01834862385321101;0.019379194630872485
1716.0;0.017373380447585393;0.01862097440132122;0.03584997327891949
1717.5;0.0189328743545611;0.01834862385321101;0.018371212121212118
1719.0;0.01756386861313869;0.016043635035830027;0.05362144857943176
1720.5;0.019139945314441957;0.016293098349991132;0.039381153305203934
1722.0;0.016293098349991132;0.018716969225741748;0.035400795840033805
1723.5;0.018574581463896272;0.01850632726208763;0.01886689926527442
1725.0;0.017373380447585393;0.06838710470185025;0.020429159318048208
1726.5;0.017015706806282723;0.07425742574257424;0.02335858585858586
1728.0;0.018010291595197254;0.07061503416856492;0.019395134779750165
1729.5;0.017754480892796753;0.017094017094017096;0.04753521126760563
1731.0;0.015871286409530037;0.04425612052730697;0.018524277470756936
1732.5;0.07659179563235237;0.051059730250481696;0.036790780141843976
1734.0;0.015743018124095107;0.05318627450980391;0.021728016359918202
1735.5;0.017427438387099873;0.01641928887129758;0.03347578347578348
1737.0;0.017427438387099873;0.015924975301469167;0.05292479108635098
1738.5;0.06972537892896573;0.01758702778538747;0.05189423835832675
1740.0;0.01826142579350741;0.017754480892796753;0.04336043360433604
1741.5;0.01826142579350741;0.01663225731761437;0.019679300291545188
1743.0;0.01826142579350741;0.03608247422680412;0.03400537634408602
1744.5;0.015687178238012765;0.019120945859903808;0.039713541666666664
1746.0;0.015687178238012765;0.015103382344075149;0.021664506044954606
1747.5;0.015687178238012765;0.017629866060539148;0.02031765860622825
1749.0;0.015687178238012765;0.016335052812576762;0.021505376344086023
1750.5;0.015687178238012765;0.04208416833667335;0.0185263104283831
1752.0;0.015687178238012765;0.017971946230274694;0.07855832725048538
1753.5;0.015687178238012765;0.017373380447585393;0.02034425929316975
1755.0;0.015687178238012765;0.01597712748065927;0.019154689321509315
1756.5;0.0175513698630137;0.01733025239957341;0.020625415834996677
1758.0;0.0175513698630137;0.017768879853890487;0.033476658476658476
1759.5;0.01865038996269922;0.016371008616320324;0.019499092084765215
1761.0;0.01865038996269922;0.018550316138650408;0.019365159504140316
1762.5;0.017094017094017096;0.0161839863713799;0.037867605313954805
1764.0;0.017623877982923447;0.015095605501509561;0.0528468071720667
1765.5;0.01836806645203033;0.016638225255972697;0.023179642227261273
1767.0;0.01660281557997176;0.018470790378006873;0.021949404761904764
1768.5;0.0189328743545611;0.038385826771653545;0.020382550419173612
1770.0;0.018354055654233276;0.017971946230274694;0.021816629845350474
1771.5;0.016821418488660245;0.08995842257780017;0.019846423913975512
1773.0;0.01749271137026239;0.019408502772643253;0.0528468071720667
1774.5;0.0189328743545611;0.019139945314441957;0.03310724645805014
1776.0;0.01780160609014529;0.01537736404878336;0.019092388356535886
1777.5;0.018547076045235124;0.05430483723760267;0.05467372134038801
1779.0;0.01733025239957341;0.0901276828673312;0.020131213781791914
1780.5;0.015414729630535846;0.018683274021352312;0.020618556701030927
1782.0;0.017971946230274694;0.015280135823429542;0.018247575816287928
1783.5;0.017971946230274694;0.017094017094017096;0.0188212927756654
1785.0;0.017215791035915702;0.01834862385321101;0.03503787878787879
1786.5;0.03476482617586912;0.018832655731576244;0.022603485838779955
1788.0;0.0161839863713799;0.017373380447585393;0.019867152774309543
1789.5;0.01929824561403509;0.0189328743545611;0.019451131439576313
1791.0;0.01865038996269922;0.01865038996269922;0.03614457831325302
1792.5;0.01850632726208763;0.018026004728132386;0.019525390384851838
1794.0;0.03919631093544137;0.018848906360245943;0.017560073937153423
1795.5;0.018612132352941176;0.018876611418047883;0.044529343778091694
1797.0;0.01871657754010695;0.017391304347826087;0.06420417155446198
1798.5;0.018937169700528483;0.017391304347826087;0.044033774869161886
1800.0;0.040013227513227514;0.018429899149693493;0.04026086687114664
1801.5;0.016897746967071057;0.017699115044247787;0.020788912579957356
1803.0;0.017094017094017096;0.018010291595197254;0.019598155467720684
1804.5;0.07425742574257424;0.017754480892796753;0.02075739165654111
1806.0;0.018470790378006873;0.01842179442537598;0.04563583371682774
1807.5;0.015809071886378992;0.018010291595197254;0.01747700394218134
1809.0;0.015731292517006803;0.015280135823429542;0.019689119170984457
1810.5;0.018147448015122872;0.019274809160305342;0.020410766679423396
1812.0;0.017699115044247787;0.04931439764936337;0.021384021384021387
1813.5;0.017699115044247787;0.01738191370786101;0.03416594889463106
1815.0;0.0189328743545611;0.041666666666666664;0.1378299120234604
1816.5;0.017015706806282723;0.037760416666666664;0.03624113168013381
1818.0;0.0189328743545611;0.015414729630535846;0.036565096952908584
1819.5;0.060471204188481675;0.01645021645021645;0.022344082501227696
1821.0;0.01690078896005718;0.015168071117696084;0.017967126285673034
1822.5;0.049329501915708805;0.017094017094017096;0.019451131439576313
1824.0;0.01730418943533698;0.018010291595197254;0.021191464137522226
1825.5;0.01608187134502924;0.01865038996269922;0.05939086294416243
1827.0;0.01730418943533698;0.018487434139972954;0.020603109196478744
1828.5;0.019719785978266867;0.01756386861313869;0.021982013144240746
1830.0;0.0189328743545611;0.01810895810084204;0.020722820554037402
1831.5;0.017094017094017096;0.01589114201095965;0.03654582964927793
1833.0;0.017699115044247787;0.014956349311882165;0.026505235602094245
1834.5;0.0189328743545611;0.036415289256198344;0.031400240384615384
1836.0;0.015871286409530037;0.015907416444202047;0.019455180093766667
1837.5;0.01488644788002137;0.018387370467510947;0.020212060967528162
1839.0;0.017373380447585393;0.01747771530769917;0.0597254004576659
1840.5;0.041250831669993354;0.01865038996269922;0.019192913385826772
1842.0;0.0552187093980078;0.018612132352941176;0.06162835995325283
1843.5;0.019456303057068552;0.01726263871763255;0.061190168175937906
1845.0;0.01874107841782935;0.048187022900763356;0.03852796379132368
1846.5;0.018937169700528483;0.0334685598377282;0.018863135714969833
1848.0;0.018610244807272875;0.019527766042341455;0.034912718204488775
1849.5;0.014986153377295074;0.015024970979036621;0.017013232514177693
1851.0;0.016089299461123942;0.03919631093544137;0.08304081201099597
1852.5;0.014930769415359512;0.05294802172226532;0.034110097939885176
1854.0;0.018741633199464522;0.036783854166666664;0.017799352750809058
1855.5;0.018729678541185898;0.0175513698630137;0.03442928039702233
1857.0;0.018703416756340113;0.0175513698630137;0.052389705882352935
1858.5;0.03423626787057938;0.01845342706502636;0.016539398715544808
1860.0;0.01799173352783856;0.018792559974975337;0.06321506322664319
1861.5;0.02012072434607646;0.018991486574983625;0.03789927328037857
1863.0;0.019013666072489603;0.01675203627508607;0.018970180762633595
1864.5;0.016863406408094434;0.0175586353585768;0.020618556701030927
1866.0;0.03976964272613895;0.049329501915708805;0.01982057751611999
1867.5;0.017615389503562125;0.016863406408094434;0.018571496800076418
1869.0;0.041250831669993354;0.015861825872400422;0.032392026578073094
1870.5;0.0161839863713799;0.015109552273918112;0.0220508658008658
1872.0;0.04208416833667335;0.036783854166666664;0.020955302555682776
1873.5;0.01865038996269922;0.0170487948265726;0.02049693028952248
1875.0;0.015001087035292413;0.039603960396039604;0.019192913385826772
1876.5;0.01702553830746119;0.018323203432248837;0.05555555555555555
1878.0;0.01850632726208763;0.040491315844332534;0.03469827586206897
1879.5;0.018026004728132386;0.01675276604420502;0.015597920277296359
1881.0;0.017094017094017096;0.07957866872552805;0.01678765880217786
1882.5;0.017623877982923447;0.018010291595197254;0.01904761904761905
1884.0;0.018470790378006873;0.017754480892796753;0.04212733090588106
1885.5;0.05020283975659229;0.017623877982923447;0.04501227693211569
1887.0;0.015225395561747438;0.014945495799148322;0.021330517423442448
1888.5;0.08862515034733302;0.016863406408094434;0.020006613756613757
1890.0;0.05222437137330754;0.016863406408094434;0.03676148796498906
1891.5;0.016863406408094434;0.01597712748065927;0.01788591374083602
1893.0;0.018354055654233276;0.015809071886378992;0.04258970358814352
1894.5;0.017623877982923447;0.018010291595197254;0.019529006318207927
1896.0;0.015871286409530037;0.018010291595197254;0.019719771665801765
1897.5;0.017971946230274694;0.018470790378006873;0.02081797581019466
1899.0;0.017603269400950756;0.0175513698630137;0.019779531710853695
1900.5;0.017462905276233176;0.017754480892796753;0.037278489347448936
1902.0;0.017824497257769654;0.017623877982923447;0.03297872340425532
1903.5;0.0161839863713799;0.01842179442537598;0.018612132352941176
1905.0;0.016335052812576762;0.014910112661872163;0.03630217519106407
1906.5;0.0161839863713799;0.014910112661872163;0.03443877551020408
1908.0;0.047619047619047616;0.018332165356039182;0.020955370759999557
1909.5;0.051059730250481696;0.07993273782747468;0.03330544844477775
1911.0;0.017094017094017096;0.07993273782747468;0.017699115044247787
1912.5;0.016429426632965278;0.018289844042285466;0.01672535211267606
1914.0;0.017971946230274694;0.018289844042285466;0.04990403071017274
1915.5;0.017015706806282723;0.016557768507871926;0.01597712748065927
1917.0;0.0161839863713799;0.0182681206624895;0.016293098349991132
1918.5;0.03418935643564356;0.017397154861764727;0.01959692120721086
1920.0;0.017331344427096333;0.017397154861764727;0.01929824561403509
1921.5;0.036783854166666664;0.014830971492820427;0.031578947368421054
1923.0;0.035598705501618116;0.018026004728132386;0.016735914907761343
1924.5;0.019730986054791812;0.015280135823429542;0.015370218739033806
1926.0;0.04791450886895573;0.016638225255972697;0.019139945314441957
1927.5;0.017215791035915702;0.03379065040650407;0.018902169101372285
1929.0;0.01756386861313869;0.017563955708285603;0.06544727787897187
1930.5;0.058823529411764705;0.018026004728132386;0.03397147147147147
1932.0;0.018323203432248837;0.018026004728132386;0.04910714285714285
1933.5;0.03476482617586912;0.017094017094017096;0.016404391880884894
1935.0;0.01887912456608984;0.07756813417190776;0.019115674337013725
1936.5;0.020999704229517892;0.017547197908565945;0.03498920086393088
1938.0;0.0350922131147541;0.10474276200917694;0.018163597644995613
1939.5;0.04299204458060694;0.018086080586080584;0.04516111384649051
1941.0;0.017004588798125428;0.016209169954000083;0.03383297644539615
1942.5;0.017824497257769654;0.017109646505052045;0.03282828282828283
1944.0;0.0161839863713799;0.018354055654233276;0.01834862385321101
1945.5;0.018010291595197254;0.018610244807272875;0.05561490185605554
1947.0;0.015001087035292413;0.019139945314441957;0.017959282598158023
1948.5;0.016676298192025096;0.019805455274769356;0.017355962353009794
1950.0;0.016638225255972697;0.018354055654233276;0.015306974494996512
1951.5;0.016745540589734254;0.017824497257769654;0.05281007751937984
1953.0;0.016863406408094434;0.03379065040650407;0.03412017167381975
1954.5;0.01597712748065927;0.019408502772643253;0.03189528023598819
1956.0;0.018010291595197254;0.04590183047685672;0.01733902966659057
1957.5;0.016676298192025096;0.019395134779750165;0.018354055654233276
1959.0;0.017465858520325457;0.019020693899530733;0.03589420654911838
1960.5;0.041250831669993354;0.01756386861313869;0.07350142721217887
1962.0;0.041250831669993354;0.01648275383440905;0.04098289860079461
1963.5;0.015280135823429542;0.01606832657788072;0.020212060967528162
1965.0;0.018470790378006873;0.05394088669950739;0.01851378305119419
1966.5;0.017094017094017096;0.04404290101187551;0.05819060166886253
1968.0;0.05048076923076923;0.01756386861313869;0.018026004728132386
1969.5;0.017623877982923447;0.04681778842953199;0.018683274021352312
1971.0;0.015769487034319674;0.018683274021352312;0.01549874155517287
1972.5;0.0175513698630137;0.017373380447585393;0.017824497257769654
1974.0;0.015597920277296359;0.016638225255972697;0.043043193208209714
1975.5;0.018086080586080584;0.038100208768267224;0.03287716955941255
1977.0;0.01749271137026239;0.016917819729987117;0.019265565756630937
1978.5;0.03798297314996725;0.0175513698630137;0.03832986917716103
1980.0;0.017094017094017096;0.017699115044247787;0.032924107142857144
1981.5;0.01597712748065927;0.0170487948265726;0.01929824561403509
1983.0;0.015769487034319674;0.017971946230274694;0.01929824561403509
1984.5;0.017427438387099873;0.01810699588477366;0.01645021645021645
1986.0;0.01702553830746119;0.0425033467202142;0.019527766042341455
1987.5;0.03879026955950033;0.018314772574802095;0.021042084168336674
1989.0;0.016638225255972697;0.017674350500443508;0.018960571085462674
1990.5;0.015414729630535846;0.04460242232754081;0.08011527377521614
1992.0;0.01512779241718377;0.04999017488701119;0.018519415516267058
1993.5;0.017121863302370723;0.018688812575102322;0.018683274021352312
1995.0;0.020618556701030927;0.03412017167381975;0.016604605213162094
1996.5;0.08501282521069989;0.015346012374896637;0.03766519823788547
1998.0;0.017368069472277887;0.015280135823429542;0.019274809160305342
1999.5;0.0161839863713799;0.01672535211267606;0.0188212927756654
2001.0;0.018010291595197254;0.018010291595197254;0.017373380447585393
2002.5;0.01834862385321101;0.014945495799148322;0.038385826771653545
2004.0;0.03397147147147147;0.01730418943533698;0.018727115371812795
2005.5;0.01780160609014529;0.040424121935056324;0.01677738870235197
2007.0;0.05595393307257713;0.019395134779750165;0.018610372994783977
2008.5;0.019598155467720684;0.018832655731576244;0.01813210034313084
2010.0;0.019218522933233187;0.01713180436584692;0.01654091700522345
2011.5;0.017094017094017096;0.017824497257769654;0.018086080586080584
2013.0;0.017623877982923447;0.016838000708968452;0.018436940626801374
2014.5;0.017547197908565945;0.016848965746751293;0.016252493491564393
2016.0;0.019179429534916397;0.038441422594142266;0.017410714285714286
2017.5;0.018086080586080584;0.018503600886795833;0.018612132352941176
2019.0;0.06769411089913839;0.016335052812576762;0.018371212121212118
2020.5;0.0152400907758678;0.018683274021352312;0.01709768189736031
2022.0;0.03879026955950033;0.018026004728132386;0.0175513698630137
2023.5;0.018026004728132386;0.034408602150537634;0.018010291595197254
2025.0;0.01845342706502636;0.018595825426944972;0.018185821224130337
2026.5;0.05925707547169811;0.017830478700043915;0.019139945314441957
2028.0;0.015109552273918112;0.018612132352941176;0.0188212927756654
2029.5;0.015879968453896016;0.017679771605305417;0.018089085345120708
2031.0;0.018010291595197254;0.0189328743545611;0.04804648868831471
2032.5;0.015095605501509561;0.06280048076923077;0.016656074568371995
2034.0;0.015809071886378992;0.045928030303030304;0.03715402149137089
2035.5;0.01663225731761437;0.017623877982923447;0.0161839863713799
2037.0;0.051059730250481696;0.039603960396039604;0.07182211727666273
2038.5;0.017094017094017096;0.017410714285714286;0.01672535211267606
2040.0;0.017754480892796753;0.017556526695800875;0.03379065040650407
2041.5;0.07434304424481572;0.041445641108074804;0.032696390658174104
2043.0;0.016638225255972697;0.017045454545454544;0.02080873671782763
2044.5;0.04980842911877395;0.032696390658174104;0.017880220336401204
2046.0;0.014975431187270396;0.016547024742192912;0.018026004728132386
2047.5;0.01730418943533698;0.045928030303030304;0.034408602150537634
2049.0;0.03920012696397398;0.017699115044247787;0.038698043458660174
2050.5;0.017699115044247787;0.0189328743545611;0.01672535211267606
2052.0;0.0175513698630137;0.036783854166666664;0.01890359168241966
2053.5;0.01597712748065927;0.01822145094387539;0.01929824561403509
2055.0;0.04875717017208413;0.017721389044217554;0.019395134779750165
2056.5;0.0161839863713799;0.01882395123700251;0.01678424862821045
2058.0;0.0161839863713799;0.01726263871763255;0.03743835166039529
2059.5;0.018612132352941176;0.0188212927756654;0.015409063562410957
2061.0;0.018197573656845753;0.016317890407644853;0.017015706806282723
2062.5;0.03476946334089191;0.01784040701566475;0.018612132352941176
2064.0;0.09799554565701558;0.0425033467202142;0.07957866872552805
2065.5;0.018354055654233276;0.046489563567362426;0.017825311942959002
2067.0;0.017987706243934;0.01654091700522345;0.037969094922737305
2068.5;0.03498920086393088;0.01845342706502636;0.018354055654233276
2070.0;0.018147448015122872;0.0189328743545611;0.03879026955950033
2071.5;0.07604456824512534;0.020052693208430915;0.04435427540925312
2073.0;0.03411405295315682;0.018086080586080584;0.05196148789162969
2074.5;0.019877675840978597;0.020656370656370653;0.017754480892796753
2076.0;0.02019230769230769;0.019857296715131936;0.015095605501509561
2077.5;0.018242207460398566;0.018163597644995613;0.04516111384649051
2079.0;0.015040234653904788;0.018026004728132386;0.052460488801727115
2080.5;0.01597712748065927;0.019408502772643253;0.01726263871763255
2082.0;0.05478980013783597;0.03564698492462312;0.018010291595197254
2083.5;0.01879117923894043;0.01998074767123127;0.017824497257769654
2085.0;0.018558172733761598;0.04746136865342164;0.01799009736360781
2086.5;0.017121863302370723;0.020212060967528162;0.018314772574802095
2088.0;0.01819363222871995;0.02009132420091324;0.016807551075732556
2089.5;0.01694750475903747;0.019580591815910767;0.017094017094017096
2091.0;0.041666666666666664;0.023184907577971158;0.01842179442537598
2092.5;0.016293098349991132;0.04842605548476866;0.035751028806584366
2094.0;0.01845342706502636;0.019848771266540645;0.03798297314996725
2095.5;0.019801980198019802;0.041666666666666664;0.018086080586080584
2097.0;0.01904761904761905;0.018143754361479414;0.019041938815588494
2098.5;0.07764365358681709;0.03185654008438818;0.0189328743545611
2100.0;0.041666666666666664;0.056584560001972525;0.01597712748065927
2101.5;0.01749271137026239;0.020999704229517892;0.05251256281407036
2103.0;0.01730418943533698;0.018354055654233276;0.10278514588859416
2104.5;0.04954611222325729;0.03208232445520581;0.015008842899186362
2106.0;0.018026004728132386;0.0832448911270505;0.01832481958971864
2107.5;0.01702553830746119;0.080635838150289;0.019659185369908565
2109.0;0.017094017094017096;0.03528138528138528;0.02079272254710851
2110.5;0.016745540589734254;0.01810699588477366;0.019274809160305342
2112.0;0.047619047619047616;0.034110097939885176;0.021776787923781245
2113.5;0.05222437137330754;0.019116530650977414;0.04308815858111633
2115.0;0.0175513698630137;0.035370275345238844;0.016891597736177624
2116.5;0.01865038996269922;0.01647978802779878;0.019139945314441957
2118.0;0.015280135823429542;0.018595825426944972;0.016429426632965278
2119.5;0.014945495799148322;0.018487434139972954;0.016403046280023436
2121.0;0.044811320754716985;0.05304329189884269;0.020625415834996677
2122.5;0.015001087035292413;0.019274809160305342;0.01728348180144829
2124.0;0.04875717017208413;0.015446744068652195;0.016006947144671695
2125.5;0.016937514305333027;0.07058573948772917;0.04745515227367544
2127.0;0.01865038996269922;0.07061592781482934;0.016403046280023436
2128.5;0.019013666072489603;0.04562798092209857;0.04953231292517008
2130.0;0.04382508493572904;0.017785732995721646;0.017824497257769654
2131.5;0.015280135823429542;0.03919631093544137;0.03412017167381975
2133.0;0.0175513698630137;0.038100208768267224;0.017356740642596888
2134.5;0.0470532319391635;0.01608187134502924;0.018683274021352312
2136.0;0.01597712748065927;0.01597712748065927;0.03798297314996725
2137.5;0.017015706806282723;0.022418478260869564;0.05375744047619047
2139.0;0.01672693391308206;0.018742999278502155;0.05801447776628749
2140.5;0.07182211727666273;0.01632839451062699;0.07055599060297571
2142.0;0.09645232815964523;0.033547008547008546;0.016167884167255783
2143.5;0.017699115044247787;0.019395134779750165;0.0395185746777862
2145.0;0.015280135823429542;0.016403046280023436;0.018185821224130337
2146.5;0.014945495799148322;0.01594765689784196;0.01939343350027824
2148.0;0.017094017094017096;0.018391927083333332;0.0178970830880863
2149.5;0.016128420893033128;0.01912183445454964;0.03326226012793177
2151.0;0.017887070857162603;0.037422037422037424;0.01995238481724968
2152.5;0.017094017094017096;0.017814806907942786;0.01660611314489961
2154.0;0.017699115044247787;0.019013666072489603;0.03436018957345971
2155.5;0.08560945780676722;0.01822145094387539;0.02004786549734323
2157.0;0.016638225255972697;0.01834862385321101;0.03837607152054745
2158.5;0.017754480892796753;0.019142066420664204;0.01904761904761905
2160.0;0.015001087035292413;0.018595825426944972;0.019092388356535886
2161.5;0.046489563567362426;0.01707317073170732;0.021540560540190545
2163.0;0.015871286409530037;0.020383204239706482;0.020669699284401006
2164.5;0.016638225255972697;0.020213754646840148;0.020024461330280005
2166.0;0.03919631093544137;0.017959282598158023;0.04694699257402237
2167.5;0.016638225255972697;0.04932249322493226;0.038988022488389146
2169.0;0.015731292517006803;0.01749271137026239;0.03746843921735783
2170.5;0.017596390484003282;0.018558172733761598;0.02114561027837259
2172.0;0.01813557316928901;0.035885989010989015;0.03425878124813852
2173.5;0.08691206543967281;0.019215413592722632;0.050399087799315845
2175.0;0.08691206543967281;0.017384422448444164;0.020287150090470902
2176.5;0.017094017094017096;0.04380325628934594;0.018630440809537012
2178.0;0.01865038996269922;0.01869209513243078;0.041079086575091975
2179.5;0.01845342706502636;0.01733025239957341;0.05124892334194659
2181.0;0.01594765689784196;0.03469827586206897;0.051021325565505087
2182.5;0.01749271137026239;0.04595660749506903;0.01950286806883365
2184.0;0.049872122762148335;0.01959692120721086;0.018284611141753997
2185.5;0.018086080586080584;0.018559977888336097;0.01979896436186415
2187.0;0.018532729644693425;0.03370786516853933;0.02010058920324858
2188.5;0.018876611418047883;0.016429426632965278;0.020212060967528162
2190.0;0.017773776536674248;0.03326226012793177;0.018559977888336097
2191.5;0.045928030303030304;0.018354055654233276;0.027943051423714404
2193.0;0.017094017094017096;0.07182211727666273;0.04577791258314148
2194.5;0.015095605501509561;0.016745540589734254;0.019274809160305342
2196.0;0.017094017094017096;0.04208416833667335;0.01729264475743349
2197.5;0.08302956662616444;0.061303890641430075;0.019192913385826772
2199.0;0.0188212927756654;0.040424121935056324;0.03972492989718253
2200.5;0.040013227513227514;0.05149558123725356;0.01982057751611999
2202.0;0.03964465658976399;0.03397147147147147;0.018354055654233276
2203.5;0.01756386861313869;0.0170487948265726;0.01730418943533698
2205.0;0.060130331753554506;0.016081348496769426;0.01929282065071256
2206.5;0.043887135500823;0.03476482617586912;0.021505376344086023
2208.0;0.018427219348938907;0.07828213441776118;0.033950617283950615
2209.5;0.06980802792321117;0.017373380447585393;0.05705300988319857
2211.0;0.016542895683396897;0.01971494409831868;0.035718796375232856
2212.5;0.015997007830274378;0.017460979111666896;0.01738058688079353
2214.0;0.015001087035292413;0.015446744068652195;0.04753521126760563
2215.5;0.015769487034319674;0.018052243358660087;0.017963758328148
2217.0;0.015731292517006803;0.017699115044247787;0.01645021645021645
2218.5;0.014945495799148322;0.037285441830896375;0.019877181641887523
2220.0;0.01660281557997176;0.016245285753166104;0.017373380447585393
2221.5;0.017699115044247787;0.015154962909024714;0.039509360877985795
2223.0;0.041666666666666664;0.017971946230274694;0.01862097440132122
2224.5;0.05158916266820592;0.0196078431372549;0.017460979111666896
2226.0;0.018010291595197254;0.04083665338645418;0.04468816500245539
2227.5;0.017623877982923447;0.01969053067451237;0.01834862385321101
2229.0;0.05048076923076923;0.01950286806883365;0.020429159318048208
2230.5;0.037760416666666664;0.015195702225633155;0.07741769547325102
2232.0;0.01749271137026239;0.04687499999999999;0.03088450292397661
2233.5;0.016638225255972697;0.08117979463855007;0.04717799308896267
2235.0;0.018470790378006873;0.01882395123700251;0.01750938648019277
2236.5;0.01834862385321101;0.01950286806883365;0.03564698492462312
2238.0;0.016043635035830027;0.03747959516813581;0.03476946334089191
2239.5;0.017754480892796753;0.01904761904761905;0.08574621986967251
2241.0;0.03646288209606987;0.019944341372912802;0.0161839863713799
2242.5;0.03811030191368433;0.01942319011183049;0.03397147147147147
2244.0;0.01764086686045446;0.03919631093544137;0.031400240384615384
2245.5;0.015414729630535846;0.017893106119287374;0.01672535211267606
2247.0;0.018010291595197254;0.01654091700522345;0.051554506099960644
2248.5;0.018683274021352312;0.02182952182952183;0.020625415834996677
2250.0;0.01612259159428971;0.033861185983827494;0.04463569480415301
2251.5;0.017603269400950756;0.01645021645021645;0.03585049580472921
2253.0;0.017754480892796753;0.019944341372912802;0.019122208913050154
2254.5;0.015871286409530037;0.04871538204871538;0.016897746967071057
2256.0;0.017015706806282723;0.018368108626879466;0.03028503562945368
2257.5;0.01597712748065927;0.05720906282183316;0.0496114306694407
2259.0;0.018026004728132386;0.020212060967528162;0.018683274021352312
2260.5;0.01784040701566475;0.03557483731019522;0.054818744473916894
2262.0;0.018010291595197254;0.08790915163660654;0.07507002801120448
2263.5;0.017094017094017096;0.020547176930058024;0.0409597863650644
2265.0;0.0175513698630137;0.01749271137026239;0.03050595238095238
2266.5;0.01850632726208763;0.05024038461538461;0.04033236293061621
2268.0;0.0370850622406639;0.016838000708968452;0.03940769047050395
2269.5;0.042049710589036435;0.03383297644539615;0.019413310053068834
2271.0;0.042049710589036435;0.046884162516870664;0.04097228911793982
2272.5;0.016197995277149012;0.03798297314996725;0.020722285440498294
2274.0;0.01598077914546916;0.015414729630535846;0.03557838660578387
2275.5;0.014910849845678963;0.016403046280023436;0.037499598934770756
2277.0;0.018354055654233276;0.04730882581045447;0.037130021141649046
2278.5;0.03920012696397398;0.016081348496769426;0.03208232445520581
2280.0;0.01775923275653774;0.017121863302370723;0.022418478260869564
2281.5;0.07190411298660403;0.018716969225741748;0.04478351520402914
2283.0;0.018197573656845753;0.015731292517006803;0.025214834916327453
2284.5;0.015154962909024714;0.015871286409530037;0.03680555555555556
2286.0;0.015001087035292413;0.04425612052730697;0.04113842173350583
2287.5;0.01660281557997176;0.018197573656845753;0.02501957434692861
2289.0;0.017094017094017096;0.08033826638477802;0.020176225200533925
2290.5;0.01675356994726551;0.0175513698630137;0.03719726812894805
2292.0;0.018082813426555547;0.01749271137026239;0.032542579075425786
2293.5;0.018082813426555547;0.11174657075197714;0.06481016007408388
2295.0;0.01588606880060387;0.021462105969148222;0.052124183006535936
2296.5;0.016638225255972697;0.03798297314996725;0.04793735676088616
2298.0;0.07061592781482934;0.018202378957949406;0.031198686371100164
2299.5;0.017623877982923447;0.04992157842439314;0.027593085106382975
2301.0;0.0161839863713799;0.017755079696717975;0.05065359477124184
2302.5;0.017094017094017096;0.018470790378006873;0.02081797581019466
2304.0;0.01730418943533698;0.10963748894783379;0.021191464137522226
2305.5;0.09880358133269948;0.060471204188481675;0.03711568144841684
2307.0;0.017699115044247787;0.015414729630535846;0.06716458081011976
2308.5;0.01654091700522345;0.017971946230274694;0.034408602150537634
2310.0;0.014986153377295074;0.04377104377104378;0.049227799227799234
2311.5;0.018354055654233276;0.035598705501618116;0.03635265700483092
2313.0;0.09087154068566708;0.017206835592221567;0.05798213157657251
2314.5;0.017094017094017096;0.041666666666666664;0.019395182833199874
2316.0;0.01865038996269922;0.03966309341500766;0.018012117242508598
2317.5;0.017699115044247787;0.0197571343595398;0.018147448015122872
2319.0;0.015095605501509561;0.017971946230274694;0.034073388837496145
2320.5;0.0175513698630137;0.018026004728132386;0.019589314919135018
2322.0;0.0175513698630137;0.017094017094017096;0.0187241237071402
2323.5;0.045928030303030304;0.017754480892796753;0.016614200769499828
2325.0;0.015280135823429542;0.019013666072489603;0.03263403263403263
2326.5;0.0863169700629799;0.08893709327548807;0.04273927392739274
2328.0;0.016863406408094434;0.015095605501509561;0.03302154195011338
2329.5;0.016863406408094434;0.05681028492008339;0.02323390894819466
2331.0;0.016863406408094434;0.016821418488660245;0.05687877018875268
2332.5;0.041666666666666664;0.05412371134020618;0.020090982154700877
2334.0;0.01597712748065927;0.01834061135371179;0.02132510729613734
2335.5;0.015001087035292413;0.017460979111666896;0.018816236238296122
2337.0;0.017547197908565945;0.02041832669322709;0.03630217519106407
2338.5;0.049329501915708805;0.016604605213162094;0.019390706924606763
2340.0;0.08144892908951275;0.01705018909044292;0.036665513663092356
2341.5;0.08144892908951275;0.016638225255972697;0.04433808621663842
2343.0;0.07868285545991754;0.0188212927756654;0.039972451491849324
2344.5;0.0175513698630137;0.01749271137026239;0.021868250539956804
2346.0;0.08691206543967281;0.01949374454466104;0.0482573726541555
2347.5;0.01850632726208763;0.016059395352390062;0.0381060679376754
2349.0;0.017373380447585393;0.03879026955950033;0.03297872340425532
2350.5;0.01702553830746119;0.06581485053037608;0.04044868364445284
2352.0;0.046489563567362426;0.01764351703260876;0.04009596154520895
2353.5;0.0161839863713799;0.10207844451894067;0.018872718591128806
2355.0;0.017623877982923447;0.01865038996269922;0.03614457831325302
2356.5;0.017373380447585393;0.0532795156407669;0.02066326530612245
2358.0;0.015095605501509561;0.01690078896005718;0.019825687932123005
2359.5;0.017547197908565945;0.016745540589734254;0.032135306553911204
2361.0;0.017754480892796753;0.059846547314578;0.07124273358854388
2362.5;0.0161839863713799;0.017699115044247787;0.04343899312434449
2364.0;0.017754480892796753;0.017679771605305417;0.053459119496855355
2365.5;0.017094017094017096;0.018147448015122872;0.017632934830499714
2367.0;0.016638225255972697;0.019768546701323463;0.03692537951678426
2368.5;0.016745540589734254;0.018185821224130337;0.022975929978118162
2370.0;0.015809071886378992;0.0896233868843824;0.0166113083648303
2371.5;0.01597712748065927;0.018354055654233276;0.04827044025157233
2373.0;0.017094017094017096;0.05169902912621359;0.07179201407939012
2374.5;0.018470790378006873;0.01900256574727389;0.033934707903780066
2376.0;0.015095605501509561;0.018742338544914944;0.02012072434607646
2377.5;0.014945495799148322;0.015414729630535846;0.03942084742030337
2379.0;0.01660281557997176;0.018143754361479414;0.0199717959816255
2380.5;0.01830736743700201;0.019142066420664204;0.05542725173210161
2382.0;0.018010291595197254;0.060130331753554506;0.03801782905086523
2383.5;0.01842179442537598;0.03476482617586912;0.021253206302674972
2385.0;0.01836806645203033;0.017460979111666896;0.018237912884229757
2386.5;0.01836806645203033;0.01601318781639348;0.022824178580386253
2388.0;0.015724726735506497;0.01749271137026239;0.05951695273202014
2389.5;0.015724726735506497;0.01882395123700251;0.022824178580386253
2391.0;0.0175513698630137;0.018323203432248837;0.022647647647647647
2392.5;0.0175513698630137;0.017460979111666896;0.03287716955941255
2394.0;0.018010291595197254;0.037760416666666664;0.033445440956651716
2395.5;0.0161839863713799;0.01834862385321101;0.01899713737456353
2397.0;0.019675925925925927;0.036748329621380846;0.03088450292397661
2398.5;0.015154962909024714;0.019372132816597564;0.03555126968820316
2400.0;0.015154962909024714;0.018423991591118117;0.019186046511627905
2401.5;0.015154962909024714;0.03263403263403263;0.033713054187192115
2403.0;0.08893709327548807;0.017787241258250534;0.06422076702669632
2404.5;0.017754480892796753;0.01730418943533698;0.020097426703609138
2406.0;0.015769487034319674;0.016217853406024562;0.017789072426937738
2407.5;0.015743018124095107;0.020192168761739633;0.020383204239706482
2409.0;0.03318419090231171;0.055992088404652446;0.10008557647424925
2410.5;0.017934291168491913;0.042924211938296444;0.05796262252539727
2412.0;0.0161839863713799;0.01822513964717392;0.020084566596194505
2413.5;0.0189328743545611;0.019527766042341455;0.03436060928090684
2415.0;0.017699115044247787;0.017121863302370723;0.03762771131829565
2416.5;0.018026004728132386;0.052315093205051115;0.017656020375032676
2418.0;0.048187022900763356;0.019659185369908565;0.06426692965154504
2419.5;0.017754480892796753;0.01726263871763255;0.039080694129056466
2421.0;0.0170487948265726;0.0175513698630137;0.02132510729613734
2422.5;0.01726263871763255;0.015280135823429542;0.015833123900477506
2424.0;0.01882395123700251;0.016348533050547898;0.03318419090231171
2425.5;0.048986460526518;0.03798297314996725;0.02161016949152542
2427.0;0.01581306695616876;0.01702553830746119;0.019801980198019802
2428.5;0.017754480892796753;0.0170487948265726;0.03639316776694959
2430.0;0.016638225255972697;0.015188609731168737;0.019865614957639496
2431.5;0.019944341372912802;0.049515381373788456;0.016674644965693316
2433.0;0.018671683262517162;0.018470790378006873;0.051066024759284734
2434.5;0.015879968453896016;0.01845342706502636;0.02204724409448819
2436.0;0.017094017094017096;0.017015706806282723;0.041531823085221145
2437.5;0.01597712748065927;0.019345238095238096;0.07304526748971192
2439.0;0.017547197908565945;0.051640926640926635;0.018532284553548273
2440.5;0.015731292517006803;0.018683274021352312;0.03311170212765957
2442.0;0.0161839863713799;0.05819060166886253;0.02148908425161491
2443.5;0.09645232815964523;0.015755085912057668;0.06375977860582685
2445.0;0.08893709327548807;0.015006885229596255;0.05227743271221532
2446.5;0.018010291595197254;0.01882395123700251;0.05735107731305449
2448.0;0.015731292517006803;0.08222199577967707;0.0205225846625473
2449.5;0.015001087035292413;0.018470790378006873;0.020845184884193412
2451.0;0.01756386861313869;0.01597712748065927;0.019033710250338974
2452.5;0.037879981099385736;0.015280135823429542;0.05124892334194659
2454.0;0.01672535211267606;0.019179429534916397;0.05542725173210161
2455.5;0.07485824586801786;0.016293098349991132;0.03791773778920309
2457.0;0.016863406408094434;0.018026004728132386;0.03960261295590636
2458.5;0.07216102560980384;0.0188212927756654;0.03725501661741036
2460.0;0.07182211727666273;0.01658516707416463;0.020330932247625014
2461.5;0.046489563567362426;0.0425033467202142;0.07458100558659217
2463.0;0.018010291595197254;0.07061503416856492;0.03761297182349813
2464.5;0.018010291595197254;0.01865038996269922;0.04558080808080808
2466.0;0.049329501915708805;0.04334677419354839;0.035616438356164376
2467.5;0.04875717017208413;0.0170487948265726;0.019308943089430895
2469.0;0.017094017094017096;0.019139945314441957;0.044437618675304366
2470.5;0.10864197530864197;0.08747300215982722;0.022178655918689217
2472.0;0.03608247422680412;0.018470790378006873;0.05072463768115942
2473.5;0.016043635035830027;0.01865038996269922;0.0188212927756654
2475.0;0.08148062737193339;0.01842179442537598;0.020999704229517892
2476.5;0.07619624965263151;0.014910112661872163;0.03581871345029239
2478.0;0.018010291595197254;0.07524981746976427;0.01899326894937079
2479.5;0.016745540589734254;0.018277260861902424;0.03608815426997245
2481.0;0.015743018124095107;0.03646288209606987;0.03608815426997245
2482.5;0.017754480892796753;0.015136118568480843;0.06873522323490538
2484.0;0.01756386861313869;0.01677324964013498;0.03557838660578387
2485.5;0.032135306553911204;0.017754480892796753;0.01787138838404741
2487.0;0.016779784268573506;0.016638225255972697;0.03412017167381975
2488.5;0.018026004728132386;0.018470790378006873;0.04875933644781381
2490.0;0.017699115044247787;0.018470790378006873;0.01904761904761905
2491.5;0.01845342706502636;0.0189328743545611;0.01852093813288038
2493.0;0.017368069472277887;0.0161839863713799;0.0446204122674711
2494.5;0.015163102542134104;0.016638225255972697;0.040943571640302885
2496.0;0.017094017094017096;0.09190371991247265;0.03383297644539615
2497.5;0.017754480892796753;0.07668608086435384;0.11320754716981134
2499.0;0.015871286409530037;0.01842179442537598;0.02080873671782763
2500.5;0.017754480892796753;0.0189328743545611;0.018673435829976156
2502.0;0.019139945314441957;0.01850632726208763;0.02041832669322709
2503.5;0.017215791035915702;0.01836806645203033;0.019156343032747526
2505.0;0.03379065040650407;0.018026004728132386;0.03407395898073338
2506.5;0.016937514305333027;0.017373380447585393;0.015455590332600232
2508.0;0.017094017094017096;0.015001087035292413;0.050211416490486264
2509.5;0.05048076923076923;0.017623877982923447;0.017114956021708434
2511.0;0.016676298192025096;0.0175513698630137;0.048800161322847355
2512.5;0.018086080586080584;0.015095605501509561;0.01672535211267606
2514.0;0.016604605213162094;0.017094017094017096;0.016335052812576762
2515.5;0.018624934405591875;0.017094017094017096;0.06145584725536992
2517.0;0.01580252790020322;0.018086080586080584;0.01675203627508607
2518.5;0.016627468908954935;0.018671683262517162;0.019731800766283527
2520.0;0.07894736842105263;0.0185181325793626;0.019918961230315866
2521.5;0.015001087035292413;0.01865038996269922;0.05194805194805195
2523.0;0.08378512102002213;0.018470790378006873;0.020061815116605788
2524.5;0.017443347491498312;0.01950286806883365;0.03300733496332518
2526.0;0.018289844042285466;0.019692619489951022;0.036900586171990865
2527.5;0.044811320754716985;0.016403046280023436;0.03674948240165632
2529.0;0.016863406408094434;0.0161839863713799;0.05592691622103387
2530.5;0.016863406408094434;0.018147448015122872;0.018006976246838197
2532.0;0.017623877982923447;0.01747700394218134;0.015867027453375787
2533.5;0.01842179442537598;0.015257390944800497;0.017824497257769654
2535.0;0.01842179442537598;0.01865038996269922;0.018991486574983625
2536.5;0.01842179442537598;0.016863406408094434;0.046922575989580585
2538.0;0.09087154068566708;0.018010291595197254;0.03412017167381975
2539.5;0.01663225731761437;0.0188212927756654;0.01877958968963703
2541.0;0.0161839863713799;0.017771545130035694;0.03921092365259635
2542.5;0.0175513698630137;0.0175513698630137;0.019274809160305342
2544.0;0.0175513698630137;0.017373380447585393;0.03469827586206897
2545.5;0.018010291595197254;0.018683274021352312;0.019719771665801765
2547.0;0.015280135823429542;0.01672535211267606;0.03510298810559907
2548.5;0.017373380447585393;0.01672535211267606;0.05183062197474252
2550.0;0.016830578931359627;0.017094017094017096;0.019529006318207927
2551.5;0.015762630806304054;0.016745540589734254;0.11125321164244353
2553.0;0.017439295057023192;0.015095605501509561;0.020618556701030927
2554.5;0.017699115044247787;0.015095605501509561;0.018124689181246895
2556.0;0.01654091700522345;0.0189328743545611;0.036415289256198344
2557.5;0.01672535211267606;0.016638225255972697;0.04003966778232305
2559.0;0.0161839863713799;0.0161839863713799;0.019292604501607715
2560.5;0.01597712748065927;0.015095605501509561;0.01700688584887792
2562.0;0.0350922131147541;0.01850632726208763;0.019801980198019802
2563.5;0.019013666072489603;0.014910112661872163;0.018697956093868283
2565.0;0.06636838180462341;0.015731292517006803;0.021686422413793104
2566.5;0.0161839863713799;0.01842179442537598;0.01950286806883365
2568.0;0.016863406408094434;0.016582472972657695;0.07639545884578998
2569.5;0.015280135823429542;0.017623877982923447;0.03370786516853933
2571.0;0.04640718562874251;0.018470790378006873;0.05665529010238909
2572.5;0.017699115044247787;0.07061592781482934;0.03843051516630935
2574.0;0.01942319011183049;0.015001087035292413;0.019274809160305342
2575.5;0.05344752424891924;0.018470790378006873;0.02019230769230769
2577.0;0.04083665338645418;0.017094017094017096;0.03318419090231171
2578.5;0.0457863304578633;0.01597712748065927;0.06584308625921109
2580.0;0.08677323028280345;0.015001087035292413;0.017391304347826087
2581.5;0.019013666072489603;0.0175513698630137;0.02080873671782763
2583.0;0.017679771605305417;0.017754480892796753;0.032392026578073094
2584.5;0.07908831511175676;0.04434697855750488;0.03863550697323784
2586.0;0.015095605501509561;0.018876611418047883;0.03424396212536079
2587.5;0.015769487034319674;0.0196525928743502;0.03442928039702233
2589.0;0.01830736743700201;0.019347121637197973;0.019785123470897708
2590.5;0.016557768507871926;0.01544910828831108;0.061813439352851954
2592.0;0.07548669050456894;0.0170487948265726;0.019192913385826772
2593.5;0.018354055654233276;0.019327580007191657;0.018059770655075417
2595.0;0.06430155210643015;0.015109552273918112;0.03318419090231171
2596.5;0.10180412371134019;0.017045454545454544;0.019918961230315866
2598.0;0.017094017094017096;0.017083111144968386;0.03436018957345971
2599.5;0.017015706806282723;0.0188212927756654;0.021191464137522226
2601.0;0.01749271137026239;0.017854807063440156;0.01920951365295447
2602.5;0.017699115044247787;0.01645021645021645;0.0199251577712238
2604.0;0.016863406408094434;0.038385826771653545;0.019538183204669265
2605.5;0.01862097440132122;0.017825311942959002;0.05925578486554096
2607.0;0.05096618357487923;0.016383308191854164;0.06651256358012728
2608.5;0.017373380447585393;0.017824497257769654;0.019866570115001852
2610.0;0.06794294294294294;0.05013428827215756;0.01859099804305284
2611.5;0.015280135823429542;0.01612801998311728;0.020438029874848607
2613.0;0.04083665338645418;0.06176900584795322;0.01770244821092279
2614.5;0.07170099160945842;0.01641928887129758;0.017660550458715597
2616.0;0.01756386861313869;0.01845342706502636;0.01726133095467618
2617.5;0.017373380447585393;0.01749271137026239;0.01726263871763255
2619.0;0.0741404011461318;0.016081348496769426;0.021037709101219167
2620.5;0.041370764024593686;0.016638225255972697;0.0403508592680385
2622.0;0.01834862385321101;0.018086080586080584;0.10303030303030304
2623.5;0.016263612953345514;0.01896734857158622;0.052052785923753675
2625.0;0.03608247422680412;0.01654091700522345;0.019274809160305342
2626.5;0.0470532319391635;0.018026004728132386;0.023185011709601876
2628.0;0.01845342706502636;0.08730412535976975;0.020274058927170543
2629.5;0.01712538226299694;0.0189328743545611;0.05823117338003503
2631.0;0.01766565689244434;0.015280135823429542;0.03463203463203463
2632.5;0.019139945314441957;0.015095605501509561;0.03639846743295019
2634.0;0.017971946230274694;0.015001087035292413;0.01860046771001979
2635.5;0.020435244161358813;0.01608187134502924;0.0168338592051715
2637.0;0.04941271769947346;0.01749271137026239;0.019675925925925927
2638.5;0.017255726360968775;0.01814552172099398;0.020656370656370653
2640.0;0.04175913964247464;0.04640718562874251;0.033547008547008546
2641.5;0.01713180436584692;0.018314772574802095;0.020429159318048208
2643.0;0.0170487948265726;0.04083665338645418;0.036325966850828735
2644.5;0.017893106119287374;0.04315196998123827;0.017613265439352398
2646.0;0.017373380447585393;0.017754480892796753;0.020618556701030927
2647.5;0.017094017094017096;0.07087532272840844;0.017094017094017096
2649.0;0.019071369196057474;0.017094017094017096;0.021686422413793104
2650.5;0.06126914660831509;0.017094017094017096;0.01845342706502636
2652.0;0.01713180436584692;0.02088974854932302;0.017699115044247787
2653.5;0.019944341372912802;0.015370218739033806;0.018314772574802095
2655.0;0.01810895810084204;0.017825311942959002;0.041250831669993354
2656.5;0.019013666072489603;0.016996305811885253;0.017563955708285603
2658.0;0.018010291595197254;0.05281007751937984;0.0334685598377282
2659.5;0.016403046280023436;0.033547008547008546;0.01841406643653784
2661.0;0.03542094455852156;0.018612132352941176;0.017222440038268724
2662.5;0.016745278089359245;0.019013666072489603;0.08078658929722758
2664.0;0.015097533545557621;0.015001087035292413;0.01882395123700251
2665.5;0.018612132352941176;0.06415094339622641;0.017596390484003282
2667.0;0.018052243358660087;0.01749271137026239;0.0552187093980078
2668.5;0.01654091700522345;0.08604707891206247;0.017302798982188294
2670.0;0.018284611141753997;0.03759447273670895;0.019030235695579715
2671.5;0.01727990000781189;0.017545514574096786;0.018026004728132386
2673.0;0.08249939200817026;0.014990277940132574;0.05278552785527855
2674.5;0.017094017094017096;0.017094017094017096;0.019013666072489603
2676.0;0.01711604546656093;0.018010291595197254;0.01756386861313869
2677.5;0.018452175157071496;0.01865038996269922;0.018683274021352312
2679.0;0.015015544305056108;0.04990403071017274;0.015095605501509561
2680.5;0.017094017094017096;0.0161839863713799;0.016808306987266874
2682.0;0.046489563567362426;0.01612259159428971;0.018027642299905954
2683.5;0.0153103221203973;0.051640926640926635;0.01834862385321101
2685.0;0.0391281512605042;0.08602150537634409;0.0363872644574399
2686.5;0.0188212927756654;0.04315196998123827;0.019675925925925927
2688.0;0.016089299461123942;0.0175513698630137;0.019263204616067467
2689.5;0.017591391819424484;0.01678765880217786;0.01904761904761905
2691.0;0.014900375723687558;0.018197573656845753;0.017849964223471185
2692.5;0.08024848949025615;0.016903583394228514;0.07167119638373676
2694.0;0.08024848949025615;0.08954302181967888;0.018470790378006873
2695.5;0.04315196998123827;0.05048076923076923;0.01597712748065927
2697.0;0.03878406708595388;0.07905457014342697;0.019598155467720684
2698.5;0.016335052812576762;0.05257936507936508;0.017427675148135237
2700.0;0.07571623465211459;0.015080322932167841;0.018664276958651863
2701.5;0.08386958386958387;0.018683274021352312;0.0161839863713799
2703.0;0.017971946230274694;0.018610244807272875;0.01950286806883365
2704.5;0.016638225255972697;0.01733025239957341;0.017699115044247787
2706.0;0.03919631093544137;0.017215791035915702;0.015731292517006803
2707.5;0.0363872644574399;0.018185821224130337;0.018559977888336097
2709.0;0.018197573656845753;0.01608187134502924;0.017996108949416344
2710.5;0.05782828282828282;0.018010291595197254;0.02065872638924409
2712.0;0.036297416162726776;0.036783854166666664;0.015438679563702679
2713.5;0.017699115044247787;0.04460242232754081;0.01749271137026239
2715.0;0.017699115044247787;0.01857837962457379;0.018612132352941176
2716.5;0.05168287787555967;0.017967696067995816;0.01726263871763255
2718.0;0.017674350500443508;0.018683274021352312;0.015963095712199653
2719.5;0.019013666072489603;0.021042084168336674;0.08060222981263923
2721.0;0.0189328743545611;0.07307307307307306;0.017373380447585393
2722.5;0.018086080586080584;0.01835078161749423;0.05084745762711864
2724.0;0.0541357901061486;0.018918918918918916;0.01904761904761905
2725.5;0.05345699070313205;0.050912176495545185;0.018683274021352312
2727.0;0.019511066553559036;0.018876611418047883;0.044811320754716985
2728.5;0.01756386861313869;0.016293098349991132;0.0175513698630137
2730.0;0.019114380899500277;0.017094017094017096;0.043284066915705695
2731.5;0.017583798545155755;0.019142066420664204;0.01834862385321101
2733.0;0.018902169101372285;0.016335052812576762;0.01783664661861255
2734.5;0.015329448677722997;0.018848906360245943;0.018391927083333332
2736.0;0.0189328743545611;0.040424121935056324;0.01627326307232239
2737.5;0.01865038996269922;0.01973442663076735;0.015414729630535846
2739.0;0.017015706806282723;0.018323203432248837;0.023835920177383594
2740.5;0.01702553830746119;0.01726263871763255;0.018997128341064724
2742.0;0.017699115044247787;0.018026004728132386;0.01699168023946824
2743.5;0.055844907407407406;0.10710238005289006;0.050211416490486264
2745.0;0.018487434139972954;0.01783664661861255;0.01756386861313869
2746.5;0.01834862385321101;0.018010291595197254;0.019801980198019802
2748.0;0.015109552273918112;0.038100208768267224;0.035869565217391305
2749.5;0.0175513698630137;0.01834862385321101;0.016547024742192912
2751.0;0.019139945314441957;0.03879026955950033;0.017083111144968386
2752.5;0.055086848635235726;0.0391281512605042;0.019274809160305342
2754.0;0.018413173652694608;0.018028727092620107;0.01648275383440905
2755.5;0.018086080586080584;0.01929824561403509;0.018323203432248837
2757.0;0.01847256430674642;0.03530751708428246;0.018026004728132386
2758.5;0.018543046357615892;0.018595825426944972;0.019408502772643253
2760.0;0.015731292517006803;0.03297872340425532;0.017373380447585393
2761.5;0.017754480892796753;0.01827458407484204;0.017015706806282723
2763.0;0.016676298192025096;0.020213754646840148;0.017699115044247787
2764.5;0.017094017094017096;0.020601763127635113;0.016081348496769426
2766.0;0.015871286409530037;0.01902784562774792;0.019269640210214257
2767.5;0.017754480892796753;0.018751519276581263;0.017215791035915702
2769.0;0.017754480892796753;0.018086080586080584;0.018314772574802095
2770.5;0.01597712748065927;0.0532795156407669;0.018612132352941176
2772.0;0.043703007518796994;0.020304139678963676;0.018323203432248837
2773.5;0.016745540589734254;0.01802961307974136;0.016448125143777317
2775.0;0.016429426632965278;0.03416594889463106;0.01900256574727389
2776.5;0.058823529411764705;0.01950286806883365;0.03787333376966207
2778.0;0.0189328743545611;0.05445326278659612;0.03266518188567186
2779.5;0.0175513698630137;0.017459351049351767;0.03324142156862745
2781.0;0.051059730250481696;0.017089125102207687;0.018336727460930027
2782.5;0.05292479108635098;0.03215077605321508;0.018532478954642544
2784.0;0.019801980198019802;0.019801980198019802;0.019620633771952174
2785.5;0.01627326307232239;0.03964465658976399;0.01904761904761905
2787.0;0.016638225255972697;0.0528117359413203;0.0899531145344943
2788.5;0.020625415834996677;0.018836565096952907;0.019395134779750165
2790.0;0.01728348180144829;0.04444444444444445;0.050181760708076506
2791.5;0.01774338170899333;0.031135531135531136;0.05561797752808989
2793.0;0.017754480892796753;0.06024700887688151;0.01549874155517287
2794.5;0.04857404300747293;0.01890359168241966;0.018558172733761598
2796.0;0.01904761904761905;0.046231258293515105;0.05483214649033571
2797.5;0.015195702225633155;0.019617301817012378;0.017019391672408703
2799.0;0.019408502772643253;0.01682657150378799;0.01834862385321101
2800.5;0.04816102207593795;0.022296960637767812;0.054185779816513756
2802.0;0.01608187134502924;0.019079345850999394;0.02158717105263158
2803.5;0.019408502772643253;0.019412770548915975;0.0355913482716783
2805.0;0.019719771665801765;0.01982057751611999;0.08827433628318583
2806.5;0.01672535211267606;0.017536642763170088;0.04178202934619174
2808.0;0.017987706243934;0.021042084168336674;0.03476946334089191
2809.5;0.018010291595197254;0.019366335222210342;0.019093074891010163
2811.0;0.018487434139972954;0.01672535211267606;0.01845888693111777
2812.5;0.016604605213162094;0.018487434139972954;0.01950286806883365
2814.0;0.01845342706502636;0.018876611418047883;0.05076947485324449
2815.5;0.01749271137026239;0.020598494584174773;0.022296960637767812
2817.0;0.03599221789883269;0.08237005180878418;0.021191464137522226
2818.5;0.01749271137026239;0.037272142397598115;0.05918974168370191
2820.0;0.017883272962794156;0.0154878054492569;0.019961612284069098
2821.5;0.018354055654233276;0.03878406708595388;0.019274809160305342
2823.0;0.015280135823429542;0.019673731176798662;0.015446744068652195
2824.5;0.0170487948265726;0.017934413648572862;0.019209659714599342
2826.0;0.018876611418047883;0.01685194998924476;0.019675925925925927
2827.5;0.016209169954000083;0.06416464891041163;0.018832655731576244
2829.0;0.01702553830746119;0.017699115044247787;0.018143754361479414
2830.5;0.018026004728132386;0.018010291595197254;0.09677419354838711
2832.0;0.01749271137026239;0.08302956662616444;0.019180881487941913
2833.5;0.017603269400950756;0.03584015103838892;0.01698283068612951
2835.0;0.08747300215982722;0.017710309930423784;0.035685033507073714
2836.5;0.05222437137330754;0.01672068334278503;0.019274809160305342
2838.0;0.08033826638477802;0.019345238095238096;0.0188212927756654
2839.5;0.04208416833667335;0.016217853406024562;0.04346001398927489
2841.0;0.0528117359413203;0.01747700394218134;0.03450226244343891
2842.5;0.017094017094017096;0.0857142857142857;0.035885989010989015
2844.0;0.05149558123725356;0.09699769053117782;0.017742131486207315
2845.5;0.017699115044247787;0.01819363222871995;0.018141311266709103
2847.0;0.08823529411764704;0.04980842911877395;0.017431894281107002
2848.5;0.01597712748065927;0.03766519823788547;0.018991486574983625
2850.0;0.017754480892796753;0.038281601439496174;0.019231626102365312
2851.5;0.01850632726208763;0.019013666072489603;0.018604781681445727
2853.0;0.08338930129741895;0.01871401151631478;0.03397147147147147
2854.5;0.019408502772643253;0.017824497257769654;0.01986702727067839
2856.0;0.08405756796217757;0.018323203432248837;0.019669705159957664
2857.5;0.04990403071017274;0.05207645021124927;0.042924211938296444
2859.0;0.018937169700528483;0.05048076923076923;0.018147448015122872
2860.5;0.019139945314441957;0.01780160609014529;0.04296378213989494
2862.0;0.04054054054054054;0.019142066420664204;0.017824497257769654
2863.5;0.019082371238858645;0.01718287488267995;0.019179429534916397
2865.0;0.015280135823429542;0.06794294294294294;0.03528138528138528
2866.5;0.017623877982923447;0.041250831669993354;0.018741633199464522
2868.0;0.08569059601627427;0.017699115044247787;0.036921369689283445
2869.5;0.015731292517006803;0.08574610244988864;0.01929282065071256
2871.0;0.017094017094017096;0.019570196712476423;0.04282136665107191
2872.5;0.015095605501509561;0.015597920277296359;0.02003052270125906
2874.0;0.03798297314996725;0.017699115044247787;0.019731800766283527
2875.5;0.01606832657788072;0.05343968095712862;0.02023809523809524
2877.0;0.01749271137026239;0.020006613756613757;0.06108247422680412
2878.5;0.0161839863713799;0.018181540061798267;0.07351778656126483
2880.0;0.018470790378006873;0.018836565096952907;0.01826215022091311
2881.5;0.0161839863713799;0.0188212927756654;0.01726263871763255
2883.0;0.017754480892796753;0.015489719503383037;0.017356740642596888
2884.5;0.017094017094017096;0.01969053067451237;0.03797195253505933
2886.0;0.01672535211267606;0.01731640784414803;0.06680240449873957
2887.5;0.015280135823429542;0.01791529761813064;0.019801980198019802
2889.0;0.08755082619603771;0.03370786516853933;0.0185246768307241
2890.5;0.01597712748065927;0.0503048780487805;0.020321931589537223
2892.0;0.018010291595197254;0.018026101666570187;0.0350922131147541
2893.5;0.016745540589734254;0.03266518188567186;0.019282454891782142
2895.0;0.017754480892796753;0.03215077605321508;0.020469926156928248
2896.5;0.016638225255972697;0.021191464137522226;0.020854040125161052
2898.0;0.017094017094017096;0.03392232113715913;0.018725633411942933
2899.5;0.08691206543967281;0.019274809160305342;0.016335052812576762
2901.0;0.018026004728132386;0.01764234161988773;0.020611702127659573
2902.5;0.017934291168491913;0.02079272254710851;0.01913318835603373
2904.0;0.017934291168491913;0.09867330016583749;0.04753521126760563
2905.5;0.017934291168491913;0.016638225255972697;0.01920445103374118
2907.0;0.016863406408094434;0.01612259159428971;0.01900045796071825
2908.5;0.01842179442537598;0.017121863302370723;0.033713054187192115
2910.0;0.018010291595197254;0.05280246069719753;0.024940047961630695
2911.5;0.01865038996269922;0.01713180436584692;0.017932780157565227
2913.0;0.017547197908565945;0.018832655731576244;0.017825311942959002
2914.5;0.016745540589734254;0.016403046280023436;0.04418001297210997
2916.0;0.016745540589734254;0.01726263871763255;0.031135531135531136
2917.5;0.018010291595197254;0.018876611418047883;0.07651821862348178
2919.0;0.015001087035292413;0.0161446953143967;0.10219672931413229
2920.5;0.017094017094017096;0.0189328743545611;0.019848771266540645
2922.0;0.01865038996269922;0.019263204616067467;0.018230530572311977
2923.5;0.01865038996269922;0.04287428350158434;0.01812240047534165
2925.0;0.04990403071017274;0.018487434139972954;0.05467372134038801
2926.5;0.01865038996269922;0.017674869549113806;0.01787760715104286
2928.0;0.017094017094017096;0.018371212121212118;0.0477963342578078
2929.5;0.0175513698630137;0.04083665338645418;0.019292604501607715
2931.0;0.017754480892796753;0.1262057877813505;0.0197421559490525
2932.5;0.01850632726208763;0.018086080586080584;0.03568383783675353
2934.0;0.01850632726208763;0.016263612953345514;0.06946790540540541
2935.5;0.0674469940084216;0.01967799642218247;0.0744949494949495
2937.0;0.0161839863713799;0.018876611418047883;0.05795697706198796
2938.5;0.01726263871763255;0.017509906921021105;0.037272142397598115
2940.0;0.09392804183251384;0.018284611141753997;0.018327830175191233
2941.5;0.01718287488267995;0.018231395381064438;0.019050942079553383
2943.0;0.017094017094017096;0.018612132352941176;0.01904761904761905
2944.5;0.017373380447585393;0.016252279131443725;0.06925945657964837
2946.0;0.057535046728971966;0.018197573656845753;0.02059965785573711
2947.5;0.017679771605305417;0.03469827586206897;0.0816420664206642
2949.0;0.03718199608610568;0.046684545179289764;0.03267508746960802
2950.5;0.016863406408094434;0.016018887529758382;0.0395185746777862
2952.0;0.017699115044247787;0.015280135823429542;0.016776777724916817
2953.5;0.0170487948265726;0.01834862385321101;0.06742987979393246
2955.0;0.015280135823429542;0.01756386861313869;0.08509490355173126
2956.5;0.017623877982923447;0.035885989010989015;0.036325966850828735
2958.0;0.043703007518796994;0.018816236238296122;0.03418935643564356
2959.5;0.015871286409530037;0.054148339147580764;0.020515730263492155
2961.0;0.016676298192025096;0.01950286806883365;0.020152371590071272
2962.5;0.03542094455852156;0.03411405295315682;0.018871672626142234
2964.0;0.016082834605318546;0.07482904117561473;0.03514123715444242
2965.5;0.10036678892964322;0.050956274920592015;0.039286261295757394
2967.0;0.0425033467202142;0.019659185369908565;0.03843210375784856
2968.5;0.0425033467202142;0.019877181641887523;0.021194100856327308
2970.0;0.016863406408094434;0.03411405295315682;0.018038646263822185
2971.5;0.016863406408094434;0.019345238095238096;0.018607795683947104
2973.0;0.018683274021352312;0.04334677419354839;0.022055806319244975
2974.5;0.0161839863713799;0.01942319011183049;0.01880078336597358
2976.0;0.015731292517006803;0.021505376344086023;0.023490255834469485
2977.5;0.015871286409530037;0.01724465377749079;0.033624050254806914
2979.0;0.075255126101145;0.018937169700528483;0.020618556701030927
2980.5;0.017498443680569787;0.018354055654233276;0.31949286846275726
2982.0;0.018612132352941176;0.015731292517006803;0.03823276603059996
2983.5;0.017083111144968386;0.020221643634421527;0.07391138273491214
2985.0;0.01672535211267606;0.01834862385321101;0.054144426373258524
2986.5;0.018010291595197254;0.018436940626801374;0.024337866857551894
2988.0;0.01865038996269922;0.01834862385321101;0.038273991394899294
2989.5;0.017754480892796753;0.038100208768267224;0.05128205128205128
2991.0;0.08019850508516115;0.03676148796498906;0.018527408563113208
2992.5;0.01771809624494277;0.045959595959595964;0.03212682379349045
2994.0;0.01840766984546031;0.01865038996269922;0.040199178741681225
2995.5;0.01749000201260901;0.01834061135371179;0.03856141262009867
2997.0;0.016638225255972697;0.0172434729811779;0.05710534952412209
2998.5;0.01597712748065927;0.016808306987266874;0.03748982995424666
3000.0;0.016676298192025096;0.01672535211267606;0.043634378949787424
3001.5;0.015731292517006803;0.037422037422037424;0.02265279249749482
3003.0;0.017754480892796753;0.016217853406024562;0.03444777112441783
3004.5;0.016676298192025096;0.07817672322035522;0.03786215978928885
3006.0;0.017094017094017096;0.0175508833192295;0.020999704229517892
3007.5;0.03879026955950033;0.01845342706502636;0.038981759702061025
3009.0;0.018937169700528483;0.019142066420664204;0.022234273318872018
3010.5;0.06828301326719025;0.01672239597595953;0.05385481148002253
3012.0;0.06828301326719025;0.0175513698630137;0.02002264740816414
3013.5;0.016664722618075594;0.018876611418047883;0.019611505416511018
3015.0;0.043703007518796994;0.037682454572535;0.021505376344086023
3016.5;0.017094017094017096;0.018371212121212118;0.02223291626564004
3018.0;0.01597712748065927;0.036165577342047936;0.023179642227261273
3019.5;0.08033826638477802;0.015329448677722997;0.01951447245564893
3021.0;0.016638225255972697;0.018876611418047883;0.023592854735422986
3022.5;0.016745540589734254;0.05375744047619047;0.019801980198019802
3024.0;0.015280135823429542;0.04377104377104378;0.04014962593516211
3025.5;0.01865038996269922;0.016638225255972697;0.021505376344086023
3027.0;0.016745540589734254;0.01726263871763255;0.06721384205856255
3028.5;0.016745540589734254;0.015517241379310345;0.03530751708428246
3030.0;0.01842179442537598;0.017083111144968386;0.04260317503614195
3031.5;0.015769487034319674;0.017699115044247787;0.019098466389565714
3033.0;0.015769487034319674;0.0175513698630137;0.03439838802533104
3034.5;0.015731292517006803;0.016638225255972697;0.01934022113467464
3036.0;0.016745540589734254;0.03765137029955386;0.01941695397309654
3037.5;0.051640926640926635;0.015280135823429542;0.018991486574983625
3039.0;0.016745540589734254;0.0161839863713799;0.06785317018909899
3040.5;0.0175513698630137;0.0175513698630137;0.04691213588551992
3042.0;0.01850632726208763;0.017754480892796753;0.017923649906890132
3043.5;0.0175513698630137;0.01672535211267606;0.020619473060443066
3045.0;0.017754480892796753;0.01834061135371179;0.04838909541511773
3046.5;0.017547197908565945;0.017373380447585393;0.02486498649864986
3048.0;0.017373380447585393;0.01942319011183049;0.018000057980537866
3049.5;0.01597712748065927;0.018026004728132386;0.017824497257769654
3051.0;0.018612132352941176;0.08315565031982942;0.03191137566137566
3052.5;0.016786733722984913;0.018470790378006873;0.01950286806883365
3054.0;0.016202753976515587;0.05020283975659229;0.01884973658089639
3055.5;0.01675094658245598;0.017094017094017096;0.05060332345032062
3057.0;0.08048289738430583;0.017373380447585393;0.019566497077744608
3058.5;0.017754480892796753;0.016357261371818553;0.018185821224130337
3060.0;0.016638225255972697;0.015028090593903158;0.01723523181308137
3061.5;0.017623877982923447;0.017015706806282723;0.017796927688272762
3063.0;0.017094017094017096;0.017094017094017096;0.05462021398885844
3064.5;0.0177109440267335;0.015731292517006803;0.021384021384021387
3066.0;0.015283064065369568;0.018010291595197254;0.033193197472804144
3067.5;0.014945969177477245;0.0161839863713799;0.0429281518300949
3069.0;0.018307592114885113;0.017094017094017096;0.018866351764378994
3070.5;0.017094017094017096;0.019274809160305342;0.020212060967528162
3072.0;0.018010291595197254;0.05485687064224156;0.021686422413793104
3073.5;0.017623877982923447;0.03314777327935223;0.01723190238003628
3075.0;0.017623877982923447;0.017215791035915702;0.01970067941796063
3076.5;0.05048076923076923;0.017699115044247787;0.018738036988851323
3078.0;0.05048076923076923;0.01612259159428971;0.03354408148928697
3079.5;0.0189328743545611;0.01597712748065927;0.022843822843822848
3081.0;0.0189328743545611;0.016638225255972697;0.022168405365126678
3082.5;0.01850632726208763;0.017754480892796753;0.01785239831538483
3084.0;0.01850632726208763;0.017498443680569787;0.020618556701030927
3085.5;0.01850632726208763;0.10303030303030304;0.01995238481724968
3087.0;0.01850632726208763;0.018645413460363993;0.03425293174723699
3088.5;0.01850632726208763;0.07818802358051505;0.037125998750605765
3090.0;0.07753473472714523;0.036783854166666664;0.0190410558409556
3091.5;0.07753473472714523;0.017934291168491913;0.0188212927756654
3093.0;0.08454031981241;0.018354055654233276;0.03589420654911838
3094.5;0.08454031981241;0.015871286409530037;0.043640897755610975
3096.0;0.08454031981241;0.01663225731761437;0.048857868020304576
3097.5;0.08454031981241;0.039603960396039604;0.02041832669322709
3099.0;0.08454031981241;0.015188609731168737;0.03442030988043258
3100.5;0.08454031981241;0.015095605501509561;0.04108103625052909
3102.0;0.01488644788002137;0.016863406408094434;0.01857530369147305
3103.5;0.017094017094017096;0.015809071886378992;0.025981366034116597
3105.0;0.015095605501509561;0.01836806645203033;0.04013783053097547
3106.5;0.016745540589734254;0.01660281557997176;0.039985331976291685
3108.0;0.016745540589734254;0.016348533050547898;0.020429159318048208
3109.5;0.018026004728132386;0.017773776536674248;0.034459459459459454
3111.0;0.018026004728132386;0.018876611418047883;0.019401190386941904
3112.5;0.017971946230274694;0.03443877551020408;0.02027908359501291
3114.0;0.017287443030017287;0.0170487948265726;0.020830580084499714
3115.5;0.017015706806282723;0.017094017094017096;0.024096385542168676
3117.0;0.018010291595197254;0.046489563567362426;0.055378061767838105
3118.5;0.016745540589734254;0.017754480892796753;0.02114561027837259
3120.0;0.018612132352941176;0.01842179442537598;0.020062178179345188
3121.5;0.0161446953143967;0.017465858520325457;0.03620620217478856
3123.0;0.07849462365591398;0.01772899957788096;0.01862097440132122
3124.5;0.019179429534916397;0.018613877589638058;0.02009132420091324
3126.0;0.047732687227525404;0.01612259159428971;0.020240539747726608
3127.5;0.0875542284072342;0.020423892100192676;0.02298587596473567
3129.0;0.01904761904761905;0.016988416988416986;0.03645105784908484
3130.5;0.01862097440132122;0.016638225255972697;0.03847391108537605
3132.0;0.019139945314441957;0.0175513698630137;0.018655088825717932
3133.5;0.04421768707482994;0.015597920277296359;0.017013232514177693
3135.0;0.01847256430674642;0.046489563567362426;0.034866898148148154
3136.5;0.017094017094017096;0.018010291595197254;0.02233258836189057
3138.0;0.018314772574802095;0.04516111384649051;0.02077230359520639
3139.5;0.017847922818538867;0.01703197690454738;0.04009314569201175
3141.0;0.017094017094017096;0.018026004728132386;0.04047853162897411
3142.5;0.01672535211267606;0.017754480892796753;0.03476946334089191
3144.0;0.016429426632965278;0.015809071886378992;0.01982057751611999
3145.5;0.015280135823429542;0.016335052812576762;0.017462129816716684
3147.0;0.015280135823429542;0.017574219762933944;0.022168405365126678
3148.5;0.015001087035292413;0.017094017094017096;0.022234273318872018
3150.0;0.01597712748065927;0.017094017094017096;0.033713054187192115
3151.5;0.017754480892796753;0.0189328743545611;0.01965519924270913
3153.0;0.0425033467202142;0.018010291595197254;0.09056603773584905
3154.5;0.044811320754716985;0.015001087035292413;0.03370465581262496
3156.0;0.016745540589734254;0.018470790378006873;0.018710829325171256
3157.5;0.016403046280023436;0.017373380447585393;0.01749271137026239
3159.0;0.018803418803418803;0.01672535211267606;0.03620322482506845
3160.5;0.01847050971300102;0.01702553830746119;0.02103686068467285
3162.0;0.0175513698630137;0.015871286409530037;0.060106482346347835
3163.5;0.01597712748065927;0.0170487948265726;0.03189528023598819
3165.0;0.0161839863713799;0.0188212927756654;0.053883582627500454
3166.5;0.0175513698630137;0.015888583453695506;0.02028227914270779
3168.0;0.08560945780676722;0.016638225255972697;0.019292604501607715
3169.5;0.016638225255972697;0.015871286409530037;0.01950286806883365
3171.0;0.019327580007191657;0.01663225731761437;0.021410443328473458
3172.5;0.03185654008438818;0.016582472972657695;0.03557838660578387
3174.0;0.015283064065369568;0.017699115044247787;0.033366867873910126
3175.5;0.019675925925925927;0.047619047619047616;0.016854233654876743
3177.0;0.015806516463475927;0.015001087035292413;0.03585049580472921
3178.5;0.016638225255972697;0.01726263871763255;0.05171783625730993
3180.0;0.017754480892796753;0.017094017094017096;0.073783647238544
3181.5;0.01865038996269922;0.03919631093544137;0.0366662646242914
3183.0;0.0161839863713799;0.07668608086435384;0.019569217703123525
3184.5;0.017094017094017096;0.017498443680569787;0.01982057751611999
3186.0;0.0189328743545611;0.0882232252769799;0.019185604816362698
3187.5;0.018470790378006873;0.016638225255972697;0.03498920086393088
3189.0;0.036415289256198344;0.03798297314996725;0.021179208688906128
3190.5;0.016939604011490892;0.015001087035292413;0.015763153569835417
3192.0;0.019071369196057474;0.018010291595197254;0.020052693208430915
3193.5;0.0170487948265726;0.049329501915708805;0.02103686068467285
3195.0;0.018026004728132386;0.01597712748065927;0.1369016984045291
3196.5;0.018010291595197254;0.048187022900763356;0.02114561027837259
3198.0;0.07303592577970786;0.05048076923076923;0.022054956952105995
3199.5;0.0470532319391635;0.015871286409530037;0.018585574023285516
3201.0;0.018026004728132386;0.016676298192025096;0.03551105150295893
3202.5;0.05486947006409254;0.016335052812576762;0.020847168626043255
3204.0;0.01749271137026239;0.018470790378006873;0.020212060967528162
3205.5;0.01749271137026239;0.0175513698630137;0.04238921001926782
3207.0;0.016308462709056427;0.03758169934640523;0.01904761904761905
3208.5;0.017094017094017096;0.017971946230274694;0.015517241379310345
3210.0;0.03608247422680412;0.017460979111666896;0.056801470588235294
3211.5;0.040424121935056324;0.019142066420664204;0.01811216999012306
3213.0;0.018010291595197254;0.017215791035915702;0.033950617283950615
3214.5;0.0488240235195296;0.01726263871763255;0.019204504612435606
3216.0;0.017699115044247787;0.049164677804295946;0.020212060967528162
3217.5;0.015095605501509561;0.017893106119287374;0.018832655731576244
3219.0;0.017094017094017096;0.017591391819424484;0.018595825426944972
3220.5;0.01865038996269922;0.014879770725885571;0.03240740740740741
3222.0;0.016429426632965278;0.033547008547008546;0.03318419090231171
3223.5;0.017373380447585393;0.01871226912632689;0.018906696408109637
3225.0;0.05020283975659229;0.01606832657788072;0.03266518188567186
3226.5;0.016638225255972697;0.0170487948265726;0.01979416200869488
3228.0;0.016863406408094434;0.09190371991247265;0.05189423835832675
3229.5;0.016638225255972697;0.10674846625766872;0.021433850702143382
3231.0;0.01865038996269922;0.016863406408094434;0.0843689663611889
3232.5;0.015809071886378992;0.01865038996269922;0.01866458752950859
3234.0;0.015769487034319674;0.09265350877192982;0.061119347664936985
3235.5;0.01660281557997176;0.016638225255972697;0.0425033467202142
3237.0;0.017427438387099873;0.01842179442537598;0.03614457831325302
3238.5;0.06646605361479795;0.01842179442537598;0.03528138528138528
3240.0;0.015731292517006803;0.040013227513227514;0.01771286513362337
3241.5;0.015225395561747438;0.017368069472277887;0.04444444444444445
3243.0;0.01672535211267606;0.018026004728132386;0.018026004728132386
3244.5;0.052068126520681254;0.018026004728132386;0.0482573726541555
3246.0;0.018612132352941176;0.018026004728132386;0.038100208768267224
3247.5;0.01937190043703102;0.017094017094017096;0.018683274021352312
3249.0;0.015597920277296359;0.017094017094017096;0.020999704229517892
3250.5;0.039603960396039604;0.01597712748065927;0.02003052270125906
3252.0;0.016403046280023436;0.017623877982923447;0.017046850215037202
3253.5;0.016429426632965278;0.08216097234185091;0.04380325628934594
3255.0;0.017771545130035694;0.08216097234185091;0.03463203463203463
3256.5;0.018991486574983625;0.08216097234185091;0.05329153605015674
3258.0;0.01648841354723708;0.01663225731761437;0.015414729630535846
3259.5;0.019765354813290725;0.01660281557997176;0.017094017094017096
3261.0;0.018086080586080584;0.06780184168626474;0.05483214649033571
3262.5;0.017176963732458538;0.016557768507871926;0.01999107541276216
3264.0;0.019731800766283527;0.0470532319391635;0.04240642904978049
3265.5;0.03907386681589256;0.0161839863713799;0.01764234161988773
3267.0;0.035869565217391305;0.018026004728132386;0.038100208768267224
3268.5;0.016315061386823447;0.015280135823429542;0.05303030303030304
3270.0;0.016335052812576762;0.016638225255972697;0.080181127965639
3271.5;0.016242522094412855;0.10180412371134019;0.019263204616067467
3273.0;0.01749271137026239;0.05304329189884269;0.039603960396039604
3274.5;0.018696455568620863;0.034408602150537634;0.018487434139972954
3276.0;0.017563955708285603;0.04409448818897638;0.046918767507002794
3277.5;0.017134997433140575;0.016317890407644853;0.01608187134502924
3279.0;0.018876611418047883;0.0470532319391635;0.015095605501509561
3280.5;0.01808662541646835;0.038995600386307554;0.018010291595197254
3282.0;0.018026004728132386;0.016297917443982235;0.10214459429582136
3283.5;0.017368069472277887;0.020765472312703582;0.018937169700528483
3285.0;0.015926980240613186;0.06117251654481827;0.016348533050547898
3286.5;0.017857142857142856;0.016207960711743893;0.0170487948265726
3288.0;0.03718199608610568;0.015731292517006803;0.016604605213162094
3289.5;0.01749271137026239;0.018314772574802095;0.03383297644539615
3291.0;0.01845342706502636;0.03646288209606987;0.017830478700043915
3292.5;0.0470532319391635;0.03557838660578387;0.0172434729811779
3294.0;0.03920012696397398;0.017699115044247787;0.017373380447585393
3295.5;0.035598705501618116;0.041250831669993354;0.019274809160305342
3297.0;0.018010291595197254;0.017094017094017096;0.03875784919001636
3298.5;0.01577120185154571;0.017596390484003282;0.020625415834996677
3300.0;0.016185831459606677;0.01537736404878336;0.017796582666688304
3301.5;0.015280135823429542;0.015898024165091146;0.01781380572794012
3303.0;0.044811320754716985;0.016335052812576762;0.03412017167381975
3304.5;0.017754480892796753;0.01757469244288225;0.01709768189736031
3306.0;0.017547197908565945;0.019598155467720684;0.0547029702970297
3307.5;0.09141274238227148;0.017459351049351767;0.01810699588477366
3309.0;0.017645059094131093;0.01672535211267606;0.01913318835603373
3310.5;0.06277533039647576;0.01775534628830588;0.05336808389793948
3312.0;0.016863406408094434;0.018147448015122872;0.05595393307257713
3313.5;0.017971946230274694;0.018567137451982785;0.0196525928743502
3315.0;0.017699115044247787;0.01834061135371179;0.01645021645021645
3316.5;0.015095605501509561;0.01582304346556908;0.01749271137026239
3318.0;0.07318094281168887;0.015095605501509561;0.03450226244343891
3319.5;0.07668608086435384;0.016638225255972697;0.0173511462972126
3321.0;0.05412371134020618;0.018354055654233276;0.020423892100192676
3322.5;0.08714986710284195;0.05214723926380367;0.01543855255744068
3324.0;0.09867330016583749;0.01834862385321101;0.018595825426944972
3325.5;0.09867330016583749;0.0380858944111792;0.019408502772643253
3327.0;0.018026004728132386;0.017083111144968386;0.019139945314441957
3328.5;0.01879117923894043;0.017094017094017096;0.017373380447585393
3330.0;0.018026004728132386;0.03919631093544137;0.051640926640926635
3331.5;0.018147448015122872;0.015871286409530037;0.01712538226299694
3333.0;0.03786695394559656;0.0161839863713799;0.017864198969999672
3334.5;0.051617709663686666;0.018612132352941176;0.017107975684417295
3336.0;0.04421768707482994;0.018876611418047883;0.017045454545454544
3337.5;0.015230236508150008;0.018012117242508598;0.016604605213162094
3339.0;0.019859629496450783;0.018086080586080584;0.0350922131147541
3340.5;0.019155807209816085;0.034408602150537634;0.01969053067451237
3342.0;0.041250831669993354;0.09020750757752388;0.060130331753554506
3343.5;0.01713180436584692;0.03326226012793177;0.03450226244343891
3345.0;0.018086080586080584;0.017854807063440156;0.01756386861313869
3346.5;0.01733025239957341;0.048187022900763356;0.019016635363563187
3348.0;0.015517241379310345;0.016745540589734254;0.036415289256198344
3349.5;0.01672535211267606;0.018876611418047883;0.018026004728132386
3351.0;0.018876611418047883;0.019527766042341455;0.018052243358660087
3352.5;0.016335052812576762;0.019142066420664204;0.02023809523809524
3354.0;0.03599221789883269;0.018086080586080584;0.017373380447585393
3355.5;0.018197573656845753;0.016785765670711238;0.021686422413793104
3357.0;0.018612132352941176;0.01775967196527944;0.020240539747726608
3358.5;0.017961645808949312;0.05468119451170299;0.01611951807571421
3360.0;0.07672379434037466;0.03674948240165632;0.060471204188481675
3361.5;0.014945495799148322;0.01772899957788096;0.015023319822083615
3363.0;0.015743018124095107;0.01910331384015595;0.017754480892796753
3364.5;0.0175513698630137;0.018784543591398233;0.018010291595197254
3366.0;0.04393649957183321;0.016735914907761343;0.017391304347826087
3367.5;0.015414729630535846;0.018851863779592196;0.01784040701566475
3369.0;0.017934291168491913;0.01654091700522345;0.01865038996269922
3370.5;0.0350922131147541;0.017830478700043915;0.01733025239957341
3372.0;0.016604605213162094;0.018371212121212118;0.03798297314996725
3373.5;0.017699115044247787;0.01786160663560959;0.019142066420664204
3375.0;0.040424121935056324;0.016143494449439383;0.017825311942959002
3376.5;0.016429426632965278;0.019274809160305342;0.018612132352941176
3378.0;0.0161839863713799;0.018902169101372285;0.01705018909044292
3379.5;0.04536862003780718;0.019427710843373493;0.016335052812576762
3381.0;0.0161839863713799;0.0189328743545611;0.018848906360245943
3382.5;0.015731292517006803;0.017699115044247787;0.018143754361479414
3384.0;0.0161839863713799;0.01771809624494277;0.01645021645021645
3385.5;0.03599221789883269;0.015731292517006803;0.018354055654233276
3387.0;0.01733025239957341;0.017094017094017096;0.017971946230274694
3388.5;0.03919631093544137;0.018848906360245943;0.019617301817012378
3390.0;0.03919631093544137;0.018470790378006873;0.0855695914419028
3391.5;0.017368069472277887;0.016638225255972697;0.01995528228060369
3393.0;0.016925107458198935;0.01756386861313869;0.019411291754116676
3394.5;0.0175513698630137;0.018671683262517162;0.05124892334194659
3396.0;0.0161839863713799;0.05586034912718204;0.019408502772643253
3397.5;0.0350922131147541;0.09215458037481085;0.019098466389565714
3399.0;0.01608187134502924;0.0161839863713799;0.018573747196157456
3400.5;0.01845342706502636;0.08048289738430583;0.019138359569179784
3402.0;0.0189328743545611;0.015654541329501625;0.018991486574983625
3403.5;0.017094017094017096;0.018323203432248837;0.017936859397878646
3405.0;0.04875717017208413;0.01780160609014529;0.03689567430025445
3406.5;0.020213754646840148;0.03215077605321508;0.09394805663978135
3408.0;0.019082371238858645;0.020024461330280005;0.018202378957949406
3409.5;0.017602258411202307;0.017751072080713984;0.03798297314996725
3411.0;0.017971946230274694;0.018143754361479414;0.08401172256593945
3412.5;0.03443877551020408;0.016995881823111084;0.015861825872400422
3414.0;0.0191371160811115;0.017083111144968386;0.015078924549103066
3415.5;0.018010291595197254;0.020052693208430915;0.04754992522213425
3417.0;0.018354055654233276;0.017621365816694903;0.07922182109907742
3418.5;0.017045454545454544;0.019263204616067467;0.04425612052730697
3420.0;0.017373380447585393;0.03646288209606987;0.016838000708968452
3421.5;0.019408502772643253;0.019643114117139156;0.01672535211267606
3423.0;0.01834862385321101;0.04040502742118699;0.01612259159428971
3424.5;0.01810699588477366;0.018147448015122872;0.018026004728132386
3426.0;0.017057012137412682;0.019525390384851838;0.01702553830746119
3427.5;0.017924528301886795;0.020497803806734993;0.0170487948265726
3429.0;0.01767166615651464;0.01904761904761905;0.01594765689784196
3430.5;0.018371212121212118;0.02019230769230769;0.018803418803418803
3432.0;0.031578947368421054;0.018351432808687746;0.017094017094017096
3433.5;0.018927038104620476;0.019139945314441957;0.03608247422680412
3435.0;0.018410134813952244;0.032135306553911204;0.019013666072489603
3436.5;0.05412371134020618;0.01999961446526332;0.0188212927756654
3438.0;0.017971946230274694;0.018010291595197254;0.0170487948265726
3439.5;0.06847253574115876;0.016540830518577392;0.01822513964717392
3441.0;0.03486394557823129;0.01950286806883365;0.0170487948265726
3442.5;0.01702211091999608;0.018413173652694608;0.018314772574802095
3444.0;0.01606832657788072;0.01846545686087233;0.037422037422037424
3445.5;0.04536862003780718;0.0391281512605042;0.017215791035915702
3447.0;0.01597712748065927;0.040091455309193384;0.01645021645021645
3448.5;0.0189328743545611;0.020625415834996677;0.01929824561403509
3450.0;0.07435653002859867;0.01866724549598437;0.0161839863713799
3451.5;0.03476946334089191;0.04054054054054054;0.018143754361479414
3453.0;0.01681122782548054;0.02019230769230769;0.018086080586080584
3454.5;0.018595825426944972;0.06101190476190476;0.03318419090231171
3456.0;0.01645021645021645;0.040266060999351067;0.05478980013783597
3457.5;0.10962611030778766;0.020181722872619257;0.03585049580472921
3459.0;0.017971946230274694;0.018026004728132386;0.01834862385321101
3460.5;0.01848360454802751;0.05720906282183316;0.015139193690331638
3462.0;0.0161839863713799;0.018086080586080584;0.02026569066015996
3463.5;0.08602150537634409;0.01718287488267995;0.057463563962014595
3465.0;0.015871286409530037;0.0196525928743502;0.01950286806883365
3466.5;0.018010291595197254;0.09455095588933665;0.017824497257769654
3468.0;0.015280135823429542;0.05703517587939698;0.05703517587939698
3469.5;0.015280135823429542;0.04285323587180827;0.01730418943533698
3471.0;0.015280135823429542;0.09694602272727273;0.0350922131147541
3472.5;0.05048076923076923;0.020212060967528162;0.03412017167381975
3474.0;0.015095605501509561;0.01780160609014529;0.0197421559490525
3475.5;0.017094017094017096;0.08863215377346262;0.055327907194311916
3477.0;0.051059730250481696;0.07787864309603439;0.06057007125890736
3478.5;0.036783854166666664;0.04071860175389472;0.01834862385321101
3480.0;0.01702553830746119;0.03844164218810799;0.018147448015122872
3481.5;0.015854570888502284;0.01726263871763255;0.05065359477124184
3483.0;0.01597712748065927;0.04562920268972142;0.05124892334194659
3484.5;0.017754480892796753;0.06057007125890736;0.01645021645021645
3486.0;0.018010291595197254;0.015533947399900884;0.04793735676088616
3487.5;0.015280135823429542;0.03397147147147147;0.015517241379310345
3489.0;0.05222437137330754;0.018612132352941176;0.0197421559490525
3490.5;0.018354055654233276;0.017439620117133743;0.01716392380773766
3492.0;0.018010291595197254;0.017699115044247787;0.017368069472277887
3493.5;0.017094017094017096;0.018026004728132386;0.055985799025336826
3495.0;0.016745540589734254;0.01723523181308137;0.05318627450980391
3496.5;0.015225395561747438;0.019274417923561285;0.08354700854700856
3498.0;0.017699115044247787;0.01678424862821045;0.020854357778442762
3499.5;0.055494855686060274;0.017699115044247787;0.08145792563600782
3501.0;0.01773141070098048;0.019527766042341455;0.03629977837521666
3502.5;0.01749314361608699;0.017699115044247787;0.019192913385826772
3504.0;0.014868246743844295;0.01711604546656093;0.01757469244288225
3505.5;0.01570144391231833;0.019801980198019802;0.05872553102873803
3507.0;0.015690248129943463;0.0181697788372401;0.015616748396831383
3508.5;0.015686754902229844;0.035727146138768415;0.0480165205712883
3510.0;0.0156822448881664;0.05806167996753685;0.033950617283950615
3511.5;0.01597712748065927;0.10015770383220313;0.03592247214372069
3513.0;0.015280135823429542;0.07573521062790961;0.01899923234241044
3514.5;0.016638225255972697;0.017830478700043915;0.019580419580419582
3516.0;0.017754480892796753;0.018612132352941176;0.03934871099050203
3517.5;0.018010291595197254;0.01756386861313869;0.050482315112540185
3519.0;0.0189328743545611;0.08901734104046244;0.017391304347826087
3520.5;0.042924211938296444;0.018026004728132386;0.01942319011183049
3522.0;0.038385826771653545;0.01822145094387539;0.037272142397598115
3523.5;0.018026004728132386;0.03603522913867741;0.020429159318048208
3525.0;0.017094017094017096;0.06836813611755606;0.01919402901941126
3526.5;0.018026004728132386;0.04455469891953851;0.016335052812576762
3528.0;0.01749271137026239;0.01905424831835653;0.019865614957639496
3529.5;0.0189328743545611;0.03599221789883269;0.017391304347826087
3531.0;0.016745540589734254;0.05346127484578478;0.018812541694462975
3532.5;0.018010291595197254;0.04875717017208413;0.03463203463203463
3534.0;0.01597712748065927;0.016348533050547898;0.018010456796917998
3535.5;0.017971946230274694;0.05969267139479905;0.022749336019782036
3537.0;0.01702553830746119;0.01834061135371179;0.018652765826574314
3538.5;0.018010291595197254;0.017674869549113806;0.021966527196652718
3540.0;0.016217853406024562;0.01606832657788072;0.019801980198019802
3541.5;0.08352682228441657;0.019214401225636224;0.05149817571276355
3543.0;0.08967391304347826;0.017031591871428796;0.018354055654233276
3544.5;0.01842179442537598;0.049515381373788456;0.06597731821214144
3546.0;0.019327580007191657;0.0863373351071503;0.020999704229517892
3547.5;0.015202013639811085;0.015871286409530037;0.03510298810559907
3549.0;0.0175513698630137;0.040013227513227514;0.01711604546656093
3550.5;0.016285076905013504;0.03318419090231171;0.018269003283342664
3552.0;0.01669574577356287;0.01772899957788096;0.032796154933559515
3553.5;0.04990403071017274;0.015597920277296359;0.03390045708481463
3555.0;0.018010291595197254;0.016821418488660245;0.01877444152462461
3556.5;0.0425033467202142;0.019675925925925927;0.01982772353838101
3558.0;0.01589496047739557;0.018595825426944972;0.020212060967528162
3559.5;0.01589496047739557;0.018538209281526382;0.02019977679804643
3561.0;0.054185779816513756;0.015280135823429542;0.040368966180175735
3562.5;0.08352377236497409;0.018683274021352312;0.019406606163467368
3564.0;0.043703007518796994;0.04468816500245539;0.06601466992665037
3565.5;0.018010291595197254;0.038441422594142266;0.03189528023598819
3567.0;0.0170487948265726;0.019274809160305342;0.04814990512333965
3568.5;0.017094017094017096;0.01941684776984373;0.018874269343523386
3570.0;0.08315565031982942;0.02041832669322709;0.03361344537815126
3571.5;0.018010291595197254;0.01822145094387539;0.035869565217391305
3573.0;0.01890359168241966;0.01796294199781124;0.03324142156862745
3574.5;0.039473684210526314;0.01770371622060754;0.05382229520160556
3576.0;0.04508169610372429;0.020600092615292418;0.019095143047238857
3577.5;0.015024970979036621;0.018327425282122996;0.01846545686087233
3579.0;0.01726263871763255;0.01859099804305284;0.03423626787057938
3580.5;0.01783664661861255;0.01819154628143392;0.04341438015032147
3582.0;0.05345699070313205;0.03240740740740741;0.018741633199464522
3583.5;0.016403046280023436;0.020330932247625014;0.02114561027837259
3585.0;0.018026004728132386;0.018354055654233276;0.05705300988319857
3586.5;0.016979552792060267;0.019598155467720684;0.020611702127659573
3588.0;0.018010291595197254;0.018674502122102515;0.050836505885229304
3589.5;0.01597712748065927;0.016906603436270914;0.03324808184143222
3591.0;0.019139945314441957;0.050181760708076506;0.019710022305976464
3592.5;0.01834862385321101;0.039509360877985795;0.018650281503095598
3594.0;0.01897923971725942;0.021061269146608316;0.020152371590071272
3595.5;0.015992751525289242;0.03718967571082119;0.03361344537815126
3597.0;0.05222437137330754;0.018559977888336097;0.019617301817012378
3598.5;0.0175513698630137;0.01687038250378437;0.03680318939341261
