#auto generated file!
6.0;0.023229723032872636;0.023229723032872636;0.023229723032872636
7.5;0.023229723032872636;0.023229723032872636;0.023229723032872636
9.0;0.023229723032872636;0.023229723032872636;0.023229723032872636
10.5;0.023229723032872636;0.023229723032872636;0.023229723032872636
12.0;0.023229723032872636;0.023229723032872636;0.023229723032872636
13.5;0.023229723032872636;0.014827018121911038;0.030560271646859084
15.0;0.01652892561983471;0.0285204991087344;0.0351027397260274
16.5;0.01652892561983471;0.018354055654233276;0.038441422594142266
18.0;0.034408602150537634;0.01652892561983471;0.01824212271973466
19.5;0.01567656765676568;0.01950286806883365;0.027531083481349913
21.0;0.029516994633273706;0.022742701968771217;0.03602058319039451
22.5;0.044468546637744036;0.0175513698630137;0.016638225255972697
24.0;0.026548672566371685;0.0285204991087344;0.02802491103202847
25.5;0.018010291595197254;0.024816176470588234;0.01824212271973466
27.0;0.026548672566371685;0.019961612284069098;0.03365384615384615
28.5;0.030009920634920632;0.01730418943533698;0.03061868686868687
30.0;0.03722426470588235;0.02400793650793651;0.024723374827109266
31.5;0.03828413284132841;0.0161839863713799;0.018026004728132386
33.0;0.026699029126213594;0.031135531135531136;0.03450226244343891
34.5;0.04193376068376069;0.018371212121212118;0.030938123752495012
36.0;0.0351027397260274;0.02475049900199601;0.029504080351537978
37.5;0.026060070671378093;0.03617216117216117;0.022727272727272728
39.0;0.027531083481349913;0.03646288209606987;0.027531083481349913
40.5;0.03418803418803419;0.023394808743169397;0.03557838660578387
42.0;0.0173841059602649;0.03602058319039451;0.02802491103202847
43.5;0.024114774114774116;0.02909270216962525;0.029702970297029705
45.0;0.0175513698630137;0.017699115044247787;0.023244781783681213
46.5;0.0175513698630137;0.017094017094017096;0.0323679727427598
48.0;0.026060070671378093;0.028767979987492184;0.02802491103202847
49.5;0.026548672566371685;0.0351027397260274;0.032886334610472544
51.0;0.0173841059602649;0.023765996343692867;0.030993042378241617
52.5;0.0351027397260274;0.029401154401154404;0.017699115044247787
54.0;0.0175513698630137;0.017094017094017096;0.030753138075313803
55.5;0.02238354506957048;0.02352661596958175;0.02703900709219858
57.0;0.036941580756013746;0.018470790378006873;0.0161839863713799
58.5;0.030560271646859084;0.031168831168831165;0.026699029126213594
60.0;0.023809523809523808;0.02966804979253112;0.03125
61.5;0.03383297644539615;0.014827018121911038;0.027291242362525458
63.0;0.017373380447585393;0.03411405295315682;0.016638225255972697
64.5;0.0340398201669878;0.025502008032128515;0.024723374827109266
66.0;0.029504080351537978;0.024093511450381678;0.036415289256198344
67.5;0.03950892857142857;0.02695167286245353;0.0414027149321267
69.0;0.029135338345864664;0.01824212271973466;0.029516994633273706
70.5;0.039888682745825604;0.022309197651663407;0.022789783889980354
72.0;0.03979511426319937;0.024122807017543862;0.03542094455852156
73.5;0.03020833333333333;0.023765996343692867;0.0285204991087344
75.0;0.0323679727427598;0.018612132352941176;0.019944341372912802
76.5;0.014827018121911038;0.03418803418803419;0.02909270216962525
78.0;0.029874213836477988;0.022041062801932364;0.03469827586206897
79.5;0.03191137566137566;0.02915766738660907;0.027811860940695293
81.0;0.018026004728132386;0.02964569775849602;0.037191518943343764
82.5;0.01904761904761905;0.030318091451292245;0.030938123752495012
84.0;0.031462585034013606;0.03020833333333333;0.0325497287522604
85.5;0.026548672566371685;0.0175513698630137;0.0230722525804493
87.0;0.03442728442728442;0.03061868686868687;0.038100208768267224
88.5;0.03476482617586912;0.02587800369685767;0.02802491103202847
90.0;0.023809523809523808;0.026060070671378093;0.028073770491803277
91.5;0.03828413284132841;0.024254473161033796;0.024816176470588234
93.0;0.024464831804281346;0.023809523809523808;0.02915766738660907
94.5;0.03219315895372234;0.034459459459459454;0.024254473161033796
96.0;0.025573192239858905;0.02860082304526749;0.024254473161033796
97.5;0.023613963039014373;0.024664750957854403;0.030318091451292245
99.0;0.026592455163883737;0.01950286806883365;0.0350922131147541
100.5;0.014827018121911038;0.027012711864406777;0.018354055654233276
102.0;0.017373380447585393;0.03379065040650407;0.03439838802533104
103.5;0.018354055654233276;0.036415289256198344;0.016638225255972697
105.0;0.02819414703783012;0.02396214896214896;0.05772900763358778
106.5;0.02964569775849602;0.02909270216962525;0.03979511426319937
108.0;0.03722426470588235;0.018026004728132386;0.029874213836477988
109.5;0.02848722986247544;0.02860082304526749;0.032135306553911204
111.0;0.030009920634920632;0.017094017094017096;0.022727272727272728
112.5;0.025573192239858905;0.023418491484184917;0.03267195767195767
114.0;0.01824212271973466;0.02495201535508637;0.024254473161033796
115.5;0.032135306553911204;0.025952008346374546;0.03718199608610568
117.0;0.025088028169014082;0.024378585086042064;0.044009779951100246
118.5;0.03798297314996725;0.026592455163883737;0.03361344537815126
120.0;0.016638225255972697;0.041250831669993354;0.028767523364485983
121.5;0.030753138075313803;0.02352661596958175;0.03962331201137172
123.0;0.017373380447585393;0.024054982817869414;0.023274161735700197
124.5;0.024114774114774116;0.022959183673469385;0.034670398009950254
126.0;0.024378585086042064;0.024693080357142856;0.023613963039014373
127.5;0.024114774114774116;0.03020833333333333;0.03630217519106407
129.0;0.031578947368421054;0.031027253668763105;0.041107871720116616
130.5;0.018010291595197254;0.023556231003039513;0.06550068587105624
132.0;0.026060070671378093;0.014827018121911038;0.03903133903133903
133.5;0.033276450511945395;0.0403179190751445;0.030627490039840638
135.0;0.01567656765676568;0.041566746602717815;0.029874213836477988
136.5;0.022727272727272728;0.029702970297029705;0.041305916305916304
138.0;0.023244781783681213;0.029846335697399525;0.033445440956651716
139.5;0.01652892561983471;0.026994163424124515;0.0438822184105203
141.0;0.01824212271973466;0.02268431001890359;0.06867283950617283
142.5;0.016638225255972697;0.030032467532467532;0.0262582056892779
144.0;0.02819414703783012;0.0323679727427598;0.016638225255972697
145.5;0.0340398201669878;0.030009920634920632;0.030245746691871456
147.0;0.018010291595197254;0.032796154933559515;0.03870884773662551
148.5;0.017373380447585393;0.030065165876777253;0.055378061767838105
150.0;0.03617216117216117;0.02860082304526749;0.034408602150537634
151.5;0.0378657487091222;0.02867383512544803;0.025
153.0;0.030245746691871456;0.029702970297029705;0.05846895720313442
154.5;0.0173841059602649;0.019345238095238096;0.02712078208766951
156.0;0.022727272727272728;0.03564899451553931;0.03538251366120218
157.5;0.03602058319039451;0.028186274509803922;0.0472127417519909
159.0;0.030318091451292245;0.030009920634920632;0.024498886414253896
160.5;0.01652892561983471;0.029397233201581028;0.030137981118373278
162.0;0.014827018121911038;0.037753222836095765;0.03418935643564356
163.5;0.017094017094017096;0.01834862385321101;0.03185386473429951
165.0;0.014827018121911038;0.02860082304526749;0.03680555555555556
166.5;0.036941580756013746;0.031746031746031744;0.04193376068376069
168.0;0.036941580756013746;0.040086887835703;0.04245626822157434
169.5;0.014827018121911038;0.030245746691871456;0.03817654639175258
171.0;0.0285204991087344;0.02703900709219858;0.039313904068002434
172.5;0.03602058319039451;0.039603960396039604;0.031033527292878914
174.0;0.03326935380678182;0.020052693208430915;0.038288288288288286
175.5;0.03520671834625324;0.03250478011472275;0.025088028169014082
177.0;0.01567656765676568;0.017699115044247787;0.024948024948024946
178.5;0.031462585034013606;0.0340398201669878;0.02516881522406384
180.0;0.03602058319039451;0.030938123752495012;0.021686422413793104
181.5;0.01862097440132122;0.031520049735778675;0.054220117794182905
183.0;0.016682035039890953;0.03176477313539302;0.03445477554622217
184.5;0.01594316528751425;0.0350922131147541;0.03216374269005848
186.0;0.031021474597519163;0.02525050100200401;0.06254040077569488
187.5;0.040427509293680296;0.037990196078431376;0.04343681917211329
189.0;0.015990285677765705;0.03383297644539615;0.04942274065143962
190.5;0.01672535211267606;0.030032467532467532;0.020312794422460905
192.0;0.02587800369685767;0.040915840752243665;0.03373493975903614
193.5;0.015871286409530037;0.032657926102502975;0.02997453652817469
195.0;0.022041062801932364;0.052052785923753675;0.03439838802533104
196.5;0.017623877982923447;0.020409547057228097;0.027163595756560587
198.0;0.0175513698630137;0.027886497064579255;0.024678760756652596
199.5;0.018470790378006873;0.03010752688172043;0.035799589150795584
201.0;0.024464831804281346;0.027886497064579255;0.041209014485550505
202.5;0.02623456790123457;0.02433487565066512;0.04300595238095238
204.0;0.023809523809523808;0.044540886249428965;0.04444764096662831
205.5;0.03250478011472275;0.039171823545844725;0.044520547945205484
207.0;0.01606832657788072;0.03394145099703012;0.03065559233586979
208.5;0.035751028806584366;0.03992395437262357;0.036652653704676824
210.0;0.023969617731291252;0.034110097939885176;0.0403179190751445
211.5;0.04446583253128008;0.028383523710626513;0.020479738940115438
213.0;0.019138359569179784;0.03503787878787879;0.03514986376021799
214.5;0.03176742395071236;0.03458074669930926;0.02121731675953708
216.0;0.018026004728132386;0.01698283068612951;0.04290091930541368
217.5;0.03138766519823788;0.015117827861924974;0.040332856969752306
219.0;0.03836189717018733;0.03423626787057938;0.024988641526578828
220.5;0.015280135823429542;0.03514477479105186;0.032034632034632034
222.0;0.026644110805667157;0.03442637285764253;0.03537252221462748
223.5;0.02833675564681725;0.037990196078431376;0.025478603603603604
225.0;0.03080281829909695;0.01702984509965456;0.031228539366922548
226.5;0.026639507947919163;0.030382056365781573;0.03373493975903614
228.0;0.03418935643564356;0.03427752329313514;0.02913279132791328
229.5;0.03465020821038259;0.03262373014019354;0.04029605263157895
231.0;0.019276956137024393;0.030009052504526255;0.030271639042357277
232.5;0.02721196690006365;0.02867383512544803;0.024501992031872512
234.0;0.016335052812576762;0.025529865125240848;0.02975152571926766
235.5;0.04520697167755991;0.0399002493765586;0.02600716635601109
237.0;0.03197423804452559;0.036917453581300726;0.037037037037037035
238.5;0.028073770491803277;0.035578885972586766;0.02948523023457863
240.0;0.030938123752495012;0.030465949820788533;0.02540977673665717
241.5;0.027262006700016522;0.01774780738044018;0.053402115334735864
243.0;0.015154962909024714;0.03347578347578348;0.028954430908426063
244.5;0.017094017094017096;0.035457861839812255;0.041591320072332724
246.0;0.018086080586080584;0.026612077789150458;0.045437546746447274
247.5;0.01688081285952368;0.03425293174723699;0.03492532205948852
249.0;0.027531083481349913;0.02736059591215472;0.04446047109711373
250.5;0.0285204991087344;0.024305555555555552;0.024990616789690983
252.0;0.02703900709219858;0.03263403263403263;0.04084302325581396
253.5;0.035127911416571206;0.028037429763807003;0.027212494084240417
255.0;0.029504080351537978;0.04316644113667119;0.048615291992775436
256.5;0.01834862385321101;0.04214997612335751;0.03653653653653653
258.0;0.04087605974969721;0.027092889908256878;0.021466439692145827
259.5;0.037753222836095765;0.03189528023598819;0.027808988764044945
261.0;0.018197573656845753;0.03676470588235294;0.03649100920072455
262.5;0.0340398201669878;0.027718550106609806;0.02641096518319559
264.0;0.038817005545286505;0.01910331384015595;0.02649719127868228
265.5;0.026518218623481783;0.025395599049989982;0.0297731802533397
267.0;0.024938341870612786;0.027922453703703703;0.038328185209635525
268.5;0.018876611418047883;0.02618892419674625;0.06091527520098947
270.0;0.015195702225633155;0.03576620743331926;0.020160770095603704
271.5;0.03911639512696316;0.033361149210787804;0.06710180034691068
273.0;0.017094017094017096;0.03540100250626566;0.07725694444444442
274.5;0.016676298192025096;0.03476482617586912;0.02707834459586525
276.0;0.025088028169014082;0.03127520943220602;0.04572147651006711
277.5;0.015871286409530037;0.027246992215145083;0.07192714967640663
279.0;0.015731292517006803;0.03880070546737213;0.0434697956958542
280.5;0.016863406408094434;0.027074107137647546;0.043323863636363626
282.0;0.036646406864497674;0.027718550106609806;0.029781896213613684
283.5;0.035774141714325206;0.03548670621841354;0.026724531749657377
285.0;0.029516994633273706;0.01977898482861959;0.06005859375000001
286.5;0.029516994633273706;0.030830708082081885;0.03473746278745344
288.0;0.03416622228993677;0.03370786516853933;0.06471697507528366
289.5;0.0367279087083759;0.015154962909024714;0.0495923154249972
291.0;0.037210128013628566;0.01810699588477366;0.030646786218013297
292.5;0.016568094782873223;0.039297781695313644;0.020202750252011337
294.0;0.02848722986247544;0.025297495502974953;0.043490796185406945
295.5;0.03801927875911337;0.024054982817869414;0.028981264637002343
297.0;0.038817005545286505;0.027777777777777776;0.046408953680149835
298.5;0.038817005545286505;0.029253099362823932;0.04046806435884935
300.0;0.016676298192025096;0.03880070546737213;0.03517081687721166
301.5;0.014910112661872163;0.02661561449383638;0.05688700147710487
303.0;0.016582472972657695;0.024093511450381678;0.03050471071469666
304.5;0.03431165971848048;0.016335052812576762;0.03687490433036444
306.0;0.015095605501509561;0.019026175063326767;0.0616313612484924
307.5;0.0175513698630137;0.032042202214290015;0.08199643493761138
309.0;0.01597712748065927;0.03510468186382061;0.04292242546990425
310.5;0.03416622228993677;0.038892328981537876;0.05774187153053134
312.0;0.024664750957854403;0.02911275415896488;0.06566019732975642
313.5;0.03564899451553931;0.032796486090775984;0.03648885921309691
315.0;0.015001087035292413;0.01929824561403509;0.09141716566866269
316.5;0.03764790247400502;0.03651796288985393;0.061335403726708065
318.0;0.0161839863713799;0.018497117972856802;0.08230377906976745
319.5;0.015809071886378992;0.017094017094017096;0.11662531017369729
321.0;0.01660281557997176;0.018612132352941176;0.03105320304017372
322.5;0.03764790247400502;0.024114774114774116;0.1318369453044376
324.0;0.0161839863713799;0.03156776445591137;0.0731951871657754
325.5;0.017754480892796753;0.028186274509803922;0.05268895175919138
327.0;0.015095605501509561;0.02848722986247544;0.048200859291084856
328.5;0.017699115044247787;0.03896103896103897;0.07052518756698821
330.0;0.0161839863713799;0.03442728442728442;0.04974897307165678
331.5;0.038041387799061466;0.025;0.03235586481113319
333.0;0.019139945314441957;0.03409090909090909;0.03172941163256717
334.5;0.015033359741139864;0.0161839863713799;0.02080063687023769
336.0;0.031723651744800845;0.02351778656126482;0.2267206477732794
337.5;0.015001087035292413;0.03281528906307189;0.04892781636967684
339.0;0.016638225255972697;0.015306774783284913;0.10825892857142853
340.5;0.018470790378006873;0.030963302752293576;0.057641921397379906
342.0;0.022041062801932364;0.025531810926149135;0.04428711579229471
343.5;0.030938123752495012;0.03520714084263335;0.05617807389460933
345.0;0.02584670231729055;0.04699322978892871;0.08113553113553114
346.5;0.018542690508967015;0.025240384615384616;0.027392545660761082
348.0;0.017094017094017096;0.027811860940695293;0.0389576883384933
349.5;0.015095605501509561;0.01778552746294682;0.09558823529411767
351.0;0.0161839863713799;0.03618273721927187;0.036503501017200894
352.5;0.017094017094017096;0.028076718167288225;0.04182085786375105
354.0;0.0175513698630137;0.025088028169014082;0.05696597648527728
355.5;0.0175513698630137;0.01654091700522345;0.14758698092031428
357.0;0.024114774114774116;0.017824497257769654;0.051245167670592465
358.5;0.026060070671378093;0.024335378323108385;0.0373888135082165
360.0;0.016745540589734254;0.017089125102207687;0.028954430908426063
361.5;0.03828413284132841;0.02835538752362949;0.041689905186837704
363.0;0.015280135823429542;0.015414729630535846;0.04952229299363058
364.5;0.02703900709219858;0.015663069961712496;0.03956312073023709
366.0;0.016863406408094434;0.024122807017543862;0.07439508847959554
367.5;0.02802491103202847;0.02352661596958175;0.03180597444554024
369.0;0.032000890578704894;0.022405660377358493;0.060432385374347065
370.5;0.038817005545286505;0.018944170972160067;0.06020761245674741
372.0;0.03320921042632419;0.035869565217391305;0.030495759947814744
373.5;0.034633078205669056;0.024276859504132234;0.047543081992082875
375.0;0.03617216117216117;0.035015967858246635;0.03948305396232714
376.5;0.038041387799061466;0.030039399424981364;0.038641192687937906
378.0;0.02802491103202847;0.019675925925925927;0.05534407027818448
379.5;0.03888888888888889;0.019408502772643253;0.08872608872608874
381.0;0.04038461538461538;0.029937629937629936;0.03710801393728223
382.5;0.029647930821494754;0.031746031746031744;0.06374252681043106
384.0;0.035154762207043645;0.02861568419189237;0.043271767810026375
385.5;0.03764790247400502;0.025574598113458222;0.02383959583201769
387.0;0.017547197908565945;0.03967193064109364;0.057020547945205474
388.5;0.03265254436585322;0.037483266398929044;0.04170557111733582
390.0;0.03250478011472275;0.026432575521644346;0.047352024922118374
391.5;0.0325497287522604;0.037053547379195174;0.04005763688760807
393.0;0.035650623885918005;0.03530661003451022;0.04042130006328542
394.5;0.03706545928938685;0.015861825872400422;0.05697601010101009
396.0;0.03935185185185185;0.042157659488013005;0.07335841313269492
397.5;0.031723651744800845;0.030776933498262358;0.05081126883284804
399.0;0.03183910937543675;0.030868167202572346;0.038028169014084505
400.5;0.017754480892796753;0.024464831804281346;0.04924242424242425
402.0;0.016863406408094434;0.01929824561403509;0.04304729538374397
403.5;0.03706545928938685;0.01749271137026239;0.04154833280740507
405.0;0.03265254436585322;0.0370850622406639;0.053677861873226096
406.5;0.03534512971343672;0.03318419090231171;0.05208076292221272
408.0;0.026060070671378093;0.016979552792060267;0.0936991869918699
409.5;0.0189328743545611;0.03125;0.03425655976676385
411.0;0.0189328743545611;0.016025963289428118;0.05945969126886197
412.5;0.023418491484184917;0.025240384615384616;0.10132829914024474
414.0;0.017934291168491913;0.02811038886988254;0.020188954637231856
415.5;0.016638225255972697;0.034582802567477616;0.10825892857142853
417.0;0.016638225255972697;0.017089125102207687;0.05846895720313442
418.5;0.016638225255972697;0.033895033548821965;0.06005674653215636
420.0;0.03379065040650407;0.025590081856473018;0.060510510510510526
421.5;0.027811860940695293;0.017373380447585393;0.06024763152947819
423.0;0.01834061135371179;0.0230722525804493;0.05273828778618783
424.5;0.027886497064579255;0.023244781783681213;0.030178326474622767
426.0;0.03935185185185185;0.022128060263653486;0.04218289085545723
427.5;0.01597712748065927;0.03430388457796445;0.05293945598128109
429.0;0.018026004728132386;0.026659963644870048;0.06762566137566138
430.5;0.026512304323670712;0.022964015151515152;0.07823002240477972
432.0;0.025435922030762906;0.040198728720683856;0.028087623055352312
433.5;0.024723374827109266;0.034390377255330784;0.07386772106398276
435.0;0.02811244979919679;0.01713180436584692;0.051845718110463304
436.5;0.018832655731576244;0.036921369689283445;0.04288419913419914
438.0;0.0189328743545611;0.017692382772173897;0.042988379396984924
439.5;0.01749271137026239;0.018242207460398566;0.03821574642126789
441.0;0.025322619917214514;0.015168071117696084;0.05630400672804405
442.5;0.046713615023474174;0.017373380447585393;0.031306847530711696
444.0;0.039754363283775046;0.015095605501509561;0.03995157384987894
445.5;0.01874107841782935;0.02848722986247544;0.03348651760059152
447.0;0.01749271137026239;0.015302583076023234;0.05118145341061077
448.5;0.040819094114456195;0.03357531760435572;0.03604183043902903
450.0;0.0230722525804493;0.038655160014383315;0.05366847826086957
451.5;0.018937169700528483;0.039888682745825604;0.026177889100256636
453.0;0.015095605501509561;0.016863406408094434;0.025699889336252977
454.5;0.015095605501509561;0.01865038996269922;0.03831089891898776
456.0;0.01834862385321101;0.0189328743545611;0.0326963655730956
457.5;0.018426930440331845;0.015809071886378992;0.047404237928344084
459.0;0.024866274858246;0.038041387799061466;0.06174069299582017
460.5;0.026994163424124515;0.0189328743545611;0.08240740740740742
462.0;0.018012117242508598;0.03136882129277567;0.05769230769230768
463.5;0.02460456942003515;0.0175513698630137;0.07316225608126167
465.0;0.018470790378006873;0.032256841786066255;0.07384907597383648
466.5;0.02268431001890359;0.018026004728132386;0.04394133280834728
468.0;0.01654091700522345;0.038817005545286505;0.03765599130898405
469.5;0.0189328743545611;0.017094017094017096;0.03273809523809525
471.0;0.0161839863713799;0.03722426470588235;0.027331521247050437
472.5;0.016863406408094434;0.025522755227552277;0.03934871099050203
474.0;0.037753222836095765;0.03469827586206897;0.0489086036145787
475.5;0.024816176470588234;0.029702970297029705;0.06970262046348917
477.0;0.018314772574802095;0.0189328743545611;0.029649680871515465
478.5;0.017596390484003282;0.02351778656126482;0.05240054869684498
480.0;0.02569922389808171;0.01585778099722323;0.047517123287671235
481.5;0.03238269533831528;0.016403046280023436;0.03639706727745162
483.0;0.018952241692849443;0.028580208973570994;0.03128732573741256
484.5;0.03020833333333333;0.018683274021352312;0.031467557783347255
486.0;0.019253489329975653;0.01641928887129758;0.021686422413793104
487.5;0.01939343350027824;0.018354055654233276;0.02177154786758127
489.0;0.017302798982188294;0.028186274509803922;0.03432551198076446
490.5;0.022128060263653486;0.03530661003451022;0.04260651629072681
492.0;0.02915766738660907;0.01904761904761905;0.037490154995232935
493.5;0.03575465277071995;0.015370218739033806;0.026460481099656357
495.0;0.017563955708285603;0.015125554237353003;0.07007447528774542
496.5;0.01733025239957341;0.029291649063512178;0.030913978494623653
498.0;0.03303516347933374;0.027731151209959438;0.021058876799761005
499.5;0.02538726916052222;0.02867383512544803;0.03333333333333333
501.0;0.018876611418047883;0.035504224147150036;0.03442339463519954
502.5;0.02494777243356168;0.02587800369685767;0.031578947368421054
504.0;0.02352661596958175;0.026475958612294584;0.031235801908223535
505.5;0.02506936187078874;0.03085485307212823;0.0383962990310196
507.0;0.040674603174603176;0.01717650438029585;0.04450848543067563
508.5;0.02867383512544803;0.029516994633273706;0.02930476960388036
510.0;0.018876611418047883;0.01850632726208763;0.034110097939885176
511.5;0.023245984784446325;0.03250478011472275;0.03089668502497584
513.0;0.03674948240165632;0.03442728442728442;0.03442928039702233
514.5;0.015139193690331638;0.03201163502755664;0.02799872733057588
516.0;0.024122807017543862;0.017699115044247787;0.02918336160945265
517.5;0.019139945314441957;0.01612259159428971;0.031559738762965805
519.0;0.03503787878787879;0.02460456942003515;0.035906118636151334
520.5;0.01648275383440905;0.015861825872400422;0.02540904716073147
522.0;0.024816176470588234;0.0161446953143967;0.02677472302010669
523.5;0.017373380447585393;0.016638225255972697;0.03536345231161771
525.0;0.02703900709219858;0.01672535211267606;0.032980149600140465
526.5;0.030009920634920632;0.038385826771653545;0.03266518188567186
528.0;0.01897923971725942;0.015871286409530037;0.033476658476658476
529.5;0.02802491103202847;0.03460837887067396;0.03390256152687092
531.0;0.02352661596958175;0.04108352144469526;0.05717893217893218
532.5;0.024857650156125635;0.02568807339449541;0.030804673358565078
534.0;0.022964015151515152;0.03658300734033669;0.02917505030181086
535.5;0.025522755227552277;0.036646406864497674;0.05866228070175437
537.0;0.03557483731019522;0.03639029592108771;0.03276429452900041
538.5;0.04170616113744076;0.041115311909262764;0.028433476394849784
540.0;0.026839369479778555;0.0340398201669878;0.034670398009950254
541.5;0.0189140997341924;0.017754480892796753;0.0399002493765586
543.0;0.02516881522406384;0.03846568257730848;0.021078829744006503
544.5;0.017094017094017096;0.033972841057362396;0.03898217149325535
546.0;0.024464831804281346;0.031746031746031744;0.044079864239344325
547.5;0.041666666666666664;0.03357531760435572;0.031505268591904285
549.0;0.02604331748547279;0.033676001417936904;0.034365940694817326
550.5;0.01865038996269922;0.03460837887067396;0.02979413288276238
552.0;0.03326935380678182;0.036646406864497674;0.027482269503546097
553.5;0.03742080962095995;0.041413542747073644;0.02664865791956093
555.0;0.02819414703783012;0.02848722986247544;0.04570637119113574
556.5;0.03742080962095995;0.03589469305283176;0.027101402091127918
558.0;0.030894498987065602;0.017699115044247787;0.03599018249702251
559.5;0.025890379691408533;0.02802491103202847;0.05717893217893218
561.0;0.029167406355405646;0.03512773722627738;0.027643983368325718
562.5;0.038724088903802266;0.03591105863833136;0.03460785324126559
564.0;0.02587800369685767;0.029397233201581028;0.031169464372779836
565.5;0.038385826771653545;0.032886334610472544;0.042254772693036166
567.0;0.024664750957854403;0.03902213310711807;0.027012711864406777
568.5;0.03577141515387212;0.041445641108074804;0.019799187316329864
570.0;0.01749271137026239;0.01718287488267995;0.02866286387616829
571.5;0.02352661596958175;0.029397233201581028;0.025156290143016187
573.0;0.01810895810084204;0.02909270216962525;0.023815062518173887
574.5;0.02939958592132505;0.03473411919538013;0.033303411131059245
576.0;0.025246279605952632;0.02460456942003515;0.02866752081998719
577.5;0.03669724770642202;0.04808529155787642;0.040895061728395056
579.0;0.04808529155787642;0.04031700876975456;0.03569802078962032
580.5;0.04038353819332993;0.018143754361479414;0.04111405835543767
582.0;0.025502008032128515;0.04269406392694064;0.04225352112676057
583.5;0.03767313019390582;0.0330229671011794;0.017336485421591802
585.0;0.02351778656126482;0.03992395437262357;0.03267195767195767
586.5;0.016540830518577392;0.0184987880169931;0.03691840012743757
588.0;0.018543046357615892;0.03750966744006187;0.03534031413612565
589.5;0.01645021645021645;0.0392156862745098;0.04208260957924483
591.0;0.02366412213740458;0.03226016495442049;0.03695150115473441
592.5;0.0294077417589933;0.018086080586080584;0.049559136515658256
594.0;0.03299027001449147;0.018876611418047883;0.03627138173776445
595.5;0.03212468193384224;0.025820463320463317;0.033861185983827494
597.0;0.03156767375534018;0.016429426632965278;0.027180734232820834
598.5;0.028913528511189723;0.03238269533831528;0.036325966850828735
600.0;0.01654091700522345;0.020735024353216523;0.02628281792812803
601.5;0.03858564130142512;0.021219447621997213;0.019801980198019802
603.0;0.025716433527362123;0.017294453350781638;0.04208552138034509
604.5;0.040968342644320296;0.036415289256198344;0.03185386473429951
606.0;0.015001087035292413;0.03326226012793177;0.03418935643564356
607.5;0.01749271137026239;0.024442994313414755;0.0393136403127715
609.0;0.02835538752362949;0.028401997503121095;0.030178326474622767
610.5;0.03974018017914857;0.01982057751611999;0.03418935643564356
612.0;0.03618273721927187;0.04005763688760807;0.02539259618101813
613.5;0.031413303270557594;0.040449438202247195;0.023288051011921263
615.0;0.026060070671378093;0.025172165690204543;0.02706000574217629
616.5;0.03450226244343891;0.025101419878296144;0.04910277324632952
618.0;0.03276735180220435;0.024371551195585532;0.028116884307926686
619.5;0.029216407862848938;0.02495201535508637;0.048814912152625685
621.0;0.023762376237623763;0.026710266791238453;0.03417237533853752
622.5;0.016371008616320324;0.017113535188772216;0.04353927834702919
624.0;0.02729044834307992;0.03858564130142512;0.025
625.5;0.018242207460398566;0.017368069472277887;0.04535362354995635
627.0;0.029397233201581028;0.03362011573718442;0.03813587134886774
628.5;0.017083111144968386;0.028865979381443297;0.026881720430107524
630.0;0.01770197907882672;0.018242207460398566;0.04319404193495609
631.5;0.027756596004270242;0.039888682745825604;0.01654091700522345
633.0;0.03469827586206897;0.023762376237623763;0.029778636683063946
634.5;0.032793150894358664;0.01810188254965837;0.043461829176114894
636.0;0.028865979381443297;0.0370850622406639;0.029702970297029705
637.5;0.0380952380952381;0.019180948585093664;0.026475958612294584
639.0;0.03235113566605279;0.015429489019385768;0.025522755227552277
640.5;0.017762719395689845;0.023394808743169397;0.03555126968820316
642.0;0.02878937007874016;0.028580208973570994;0.03061868686868687
643.5;0.02909270216962525;0.022727272727272728;0.03907355021216407
645.0;0.027291242362525458;0.0363257085311466;0.029664757519474012
646.5;0.02819414703783012;0.029032904248462787;0.03709592542474816
648.0;0.017287443030017287;0.028356450576415816;0.020410766679423396
649.5;0.040424121935056324;0.019142066420664204;0.015546189456228841
651.0;0.03225806451612903;0.03636734595905044;0.03191137566137566
652.5;0.024816176470588234;0.02268431001890359;0.0350922131147541
654.0;0.03287716955941255;0.027886497064579255;0.017796927688272762
655.5;0.03865962123527956;0.025708972570897257;0.03694070639677334
657.0;0.0419451871657754;0.019192913385826772;0.03537252221462748
658.5;0.017735627992147673;0.027531083481349913;0.018762587420789307
660.0;0.02495201535508637;0.02729044834307992;0.030938123752495012
661.5;0.03088450292397661;0.02268431001890359;0.040192113245702724
663.0;0.017824497257769654;0.027811860940695293;0.033445440956651716
664.5;0.023809523809523808;0.03792978646398842;0.03878406708595388
666.0;0.029680915111378686;0.026028921023359287;0.029573367808661925
667.5;0.027248367894981165;0.03125;0.02477477477477478
669.0;0.027701460316663422;0.01929282065071256;0.018047156089719053
670.5;0.02400793650793651;0.025690021231422507;0.01786090540478038
672.0;0.02413793103448276;0.04277643260694108;0.023245984784446325
673.5;0.025055483785484785;0.023907953764039425;0.0220703125
675.0;0.030700961335623663;0.0326093817982157;0.025756445890674075
676.5;0.023809523809523808;0.03798297314996725;0.02844359220198146
678.0;0.02953225313359829;0.01929824561403509;0.039801967298547326
679.5;0.030383942298118513;0.019408502772643253;0.01917618218179472
681.0;0.02964569775849602;0.02351778656126482;0.027237960312838275
682.5;0.01756386861313869;0.024464831804281346;0.03138766519823788
684.0;0.023809523809523808;0.04384216819449979;0.026917929456460737
685.5;0.02784833653429156;0.030318091451292245;0.03212468193384224
687.0;0.020304139678963676;0.022964015151515152;0.0285204991087344
688.5;0.032561341148411284;0.03208072609334273;0.04151478331308222
690.0;0.03935885766298783;0.03187751004016064;0.017796927688272762
691.5;0.01934022113467464;0.023244781783681213;0.03686301663451868
693.0;0.025820463320463317;0.04009504902845455;0.022098515519568148
694.5;0.016530797101449276;0.028804504764654924;0.02252710027100271
696.0;0.052613361024575984;0.039372293154845604;0.02878937007874016
697.5;0.030194661554343014;0.029816513761467895;0.026774847870182555
699.0;0.017825311942959002;0.02460456942003515;0.023834019204389576
700.5;0.04637002341920375;0.029132231404958676;0.025140828240756544
702.0;0.02569922389808171;0.01903411557047368;0.03323543808125306
703.5;0.03498920086393088;0.01597712748065927;0.017916549196504088
705.0;0.026979111813235035;0.024464831804281346;0.01772899957788096
706.5;0.03359920344889679;0.042045454545454546;0.015980009904052024
708.0;0.024948024948024946;0.02473562521320547;0.015489719503383037
709.5;0.023809523809523808;0.018396782374603876;0.026521645949421344
711.0;0.017596390484003282;0.04337284482758621;0.017839277912836987
712.5;0.026170798898071626;0.01672535211267606;0.03061868686868687
714.0;0.03277439024390244;0.03355800946507959;0.03548336472065286
715.5;0.03853890609534148;0.024816176470588234;0.01756386861313869
717.0;0.026487019388761093;0.03117140731819631;0.03639846743295019
718.5;0.03469827586206897;0.03835236436358944;0.030627490039840638
720.0;0.026484420928865368;0.017094017094017096;0.01658516707416463
721.5;0.019308943089430895;0.0370850622406639;0.040819094114456195
723.0;0.019944341372912802;0.030257320319432124;0.023834019204389576
724.5;0.037938033550235804;0.024366025053467768;0.03476482617586912
726.0;0.050546448087431695;0.040086887835703;0.029397233201581028
727.5;0.039014964643973034;0.01911587476601964;0.026507713884992984
729.0;0.026457750968564567;0.022964015151515152;0.02724539646749342
730.5;0.018864922846533284;0.031746031746031744;0.04157782515991471
732.0;0.027886497064579255;0.02355671598491442;0.03726309026662384
733.5;0.04229122055674518;0.01950286806883365;0.03049907578558226
735.0;0.02527989385649756;0.03326935380678182;0.044946218200443915
736.5;0.02848722986247544;0.018612132352941176;0.03433803891644411
738.0;0.025102556665147303;0.024371551195585532;0.043678160919540236
739.5;0.02772277227722772;0.032880462333975465;0.017094017094017096
741.0;0.03460837887067396;0.03229274235379777;0.03303516347933374
742.5;0.03651796288985393;0.02542903090784923;0.034573118890296094
744.0;0.02531293463143254;0.01924510487646886;0.033537140153583
745.5;0.02351778656126482;0.02452743199631166;0.03730594323349537
747.0;0.032696390658174104;0.02355671598491442;0.03061868686868687
748.5;0.02984767393989296;0.032135306553911204;0.017934291168491913
750.0;0.0333866535416923;0.018176276971839572;0.03858564130142512
751.5;0.04708215034760008;0.028554778554778552;0.018026004728132386
753.0;0.04622719734660032;0.01946677951756242;0.017460979111666896
754.5;0.024054982817869414;0.023394808743169397;0.035017335314512135
756.0;0.03579467073259275;0.03196312636751677;0.03612385321100917
757.5;0.024114774114774116;0.01942319011183049;0.03364485981308411
759.0;0.03238269533831528;0.037760416666666664;0.044675925925925924
760.5;0.03153858193770543;0.02542372881355932;0.027886497064579255
762.0;0.02268431001890359;0.01955825990754277;0.029702970297029705
763.5;0.01890359168241966;0.022535211267605635;0.04880952380952381
765.0;0.038580931263858094;0.03164660273413589;0.030938123752495012
766.5;0.03871131405377981;0.026077097505668934;0.029074889867841413
768.0;0.024784482758620687;0.018210022256693867;0.034408602150537634
769.5;0.027482269503546097;0.01708055451559495;0.029445894981143025
771.0;0.03287716955941255;0.02473118279569892;0.03153153153153153
772.5;0.02690371302706104;0.036165577342047936;0.04714036126312142
774.0;0.016955080694858512;0.024759514847344205;0.0309639140223687
775.5;0.024499654934437544;0.04910714285714285;0.02953225313359829
777.0;0.03813587134886774;0.03697711811806636;0.04334677419354839
778.5;0.03544479745830024;0.041293250141803746;0.0370850622406639
780.0;0.018186485235922093;0.018354055654233276;0.02917505030181086
781.5;0.01845342706502636;0.03167271527548663;0.024398625429553265
783.0;0.02966804979253112;0.03100881313354129;0.03515625
784.5;0.020304139678963676;0.035885989010989015;0.04016913319238901
786.0;0.017606032894991047;0.03825903825903826;0.020052693208430915
787.5;0.0350611793581939;0.036381244100357174;0.03896103896103897
789.0;0.023613963039014373;0.022964015151515152;0.0287199124726477
790.5;0.019395134779750165;0.02909270216962525;0.03515625
792.0;0.032392026578073094;0.02722345405272235;0.029001677834819987
793.5;0.024301432657675745;0.033366867873910126;0.033896052975516254
795.0;0.0249922863313792;0.04955441772000428;0.05217119650109341
796.5;0.032311893203883495;0.041244313596668636;0.04704968944099378
798.0;0.020429159318048208;0.04446583253128008;0.04047685189300668
799.5;0.020084566596194505;0.018076978710534278;0.02795293107476752
801.0;0.03090873674929774;0.04687499999999999;0.030641922304549544
802.5;0.03876043673731535;0.031763653975113625;0.0342268752876208
804.0;0.023762376237623763;0.03658247595726614;0.05337591240875913
805.5;0.02931999489207091;0.06322463768115942;0.03425655976676385
807.0;0.027408279380027465;0.03469511666232978;0.028574560038392396
808.5;0.024728912513728163;0.02953225313359829;0.03492926603641614
810.0;0.031027253668763105;0.022742701968771217;0.03572569873547291
811.5;0.018487434139972954;0.03727616744040885;0.03095095693779904
813.0;0.025862952029178887;0.04497921128890008;0.025339482449397897
814.5;0.017391304347826087;0.0519159456118665;0.03138020833333333
816.0;0.018086080586080584;0.022405660377358493;0.03501408931773547
817.5;0.03178530857393515;0.028892455858747997;0.02421042214493737
819.0;0.023765996343692867;0.024727400633134014;0.025856044723969258
820.5;0.024642730899358683;0.0343386881706775;0.039260675589547475
822.0;0.03528138528138528;0.04249929636926541;0.08429339477726575
823.5;0.018989551261848772;0.025;0.0340358527131783
825.0;0.03326226012793177;0.03664340101522842;0.037892095357590964
826.5;0.026839699159416013;0.030171509100176904;0.025478603603603604
828.0;0.01846773858490174;0.04057971014492753;0.028943383322749254
829.5;0.01865038996269922;0.027291242362525458;0.03462456885115415
831.0;0.040819094114456195;0.024371551195585532;0.0604987684729064
832.5;0.029135338345864664;0.03184643092689361;0.03001347780209108
834.0;0.039504716981132074;0.02687280207020105;0.030913978494623653
835.5;0.023765996343692867;0.03414151410192974;0.028343023255813952
837.0;0.03219315895372234;0.026401230348598766;0.047126901585434325
838.5;0.0293705204113431;0.028020205836464255;0.04300595238095238
840.0;0.041413542747073644;0.034912718204488775;0.026143790849673203
841.5;0.019179429534916397;0.01748727705848686;0.03320158102766798
843.0;0.031413303270557594;0.02012072434607646;0.03406659094984757
844.5;0.037483266398929044;0.029339853300733493;0.03138020833333333
846.0;0.030993042378241617;0.028104980367844597;0.03798297314996725
847.5;0.032886334610472544;0.02915766738660907;0.03643799504798039
849.0;0.03512773722627738;0.015663069961712496;0.031564141035258814
850.5;0.024816176470588234;0.03025797786114585;0.032020997375328084
852.0;0.018610244807272875;0.04158140106945608;0.03847539691476186
853.5;0.017754480892796753;0.03050595238095238;0.039313904068002434
855.0;0.030938123752495012;0.03287716955941255;0.03467895498514738
856.5;0.026807082576071114;0.029401154401154404;0.02508408071748879
858.0;0.023244781783681213;0.028433476394849784;0.0323785803237858
859.5;0.030447075863450412;0.030301926182691934;0.02550603577309825
861.0;0.018803418803418803;0.038073038073038065;0.03400537634408602
862.5;0.041674831798288584;0.03476946334089191;0.01836252934650809
864.0;0.023418491484184917;0.025066940124195296;0.02673063742289239
865.5;0.040724464544756374;0.03498537738784145;0.03423626787057938
867.0;0.030245746691871456;0.03803533992213238;0.027576536573965877
868.5;0.01834061135371179;0.03357531760435572;0.03825811226377777
870.0;0.02460456942003515;0.01643951102992834;0.02396214896214896
871.5;0.026107226107226107;0.02491909385113269;0.02114561027837259
873.0;0.034796051849209184;0.037722668529514496;0.030823941281110684
874.5;0.0230722525804493;0.024371551195585532;0.025394003693306803
876.0;0.01678765880217786;0.033950617283950615;0.04029605263157895
877.5;0.046387412513813606;0.02617712051674316;0.023921460176991153
879.0;0.03973246218853009;0.03528138528138528;0.033547008547008546
880.5;0.02752293577981652;0.03739302172481896;0.023613963039014373
882.0;0.035813733041056936;0.041878172588832495;0.02968364050549163
883.5;0.038091304104127525;0.030627490039840638;0.04572147651006711
885.0;0.03919631093544137;0.0220703125;0.039347749025168376
886.5;0.04570637119113574;0.015399445716351367;0.047962382445141075
888.0;0.028888954834114786;0.02819414703783012;0.02966804979253112
889.5;0.03636734595905044;0.02792945565541801;0.034110097939885176
891.0;0.03557483731019522;0.04489839066441603;0.046153846153846156
892.5;0.02709959413050265;0.030963302752293576;0.029945903088645965
894.0;0.025173275320767945;0.01711604546656093;0.03879830917874396
895.5;0.025066940124195296;0.017915333245656334;0.03324142156862745
897.0;0.04258970358814352;0.03125;0.027092889908256878
898.5;0.02835538752362949;0.02833675564681725;0.04589301373867291
900.0;0.03696682464454976;0.019114380899500277;0.03824446355622447
901.5;0.017934291168491913;0.031435154707044104;0.037865108868826346
903.0;0.035751028806584366;0.023955205588577735;0.024948024948024946
904.5;0.017373380447585393;0.023940705758887577;0.02027027027027027
906.0;0.0370850622406639;0.03940258375633504;0.04082733439827397
907.5;0.017814806907942786;0.03425345785553848;0.026113182099170146
909.0;0.018010291595197254;0.017427675148135237;0.027110196246227146
910.5;0.027246992215145083;0.024464831804281346;0.03450648839952812
912.0;0.03836189717018733;0.02494777243356168;0.029118404118404117
913.5;0.031746031746031744;0.0180083059603224;0.03075498342838541
915.0;0.01749271137026239;0.025766676003795654;0.03655959425190194
916.5;0.016638225255972697;0.02132549438802779;0.030084471990236665
918.0;0.0161839863713799;0.042938104233803766;0.030644316052876368
919.5;0.024093511450381678;0.028880588897610245;0.030641922304549544
921.0;0.028861105927722834;0.03133759902498476;0.037149234693877556
922.5;0.016835957338750634;0.05107433469435033;0.029967159277504103
924.0;0.02911275415896488;0.03979511426319937;0.07007447528774542
925.5;0.02500730733006398;0.03143208986604193;0.039676454803342795
927.0;0.03146872922288402;0.027777777777777776;0.028538798694780612
928.5;0.015001087035292413;0.030178326474622767;0.02574779061862678
930.0;0.028248983597364368;0.03266518188567186;0.05062861026163779
931.5;0.02611218568665377;0.0409705648369133;0.03843669250645995
933.0;0.03564899451553931;0.028536485935589072;0.04648426007649309
934.5;0.028021946862506027;0.0400262467191601;0.02640586797066015
936.0;0.03212468193384224;0.035578885972586766;0.018884611019442478
937.5;0.035650623885918005;0.02864515000437331;0.04164222873900293
939.0;0.02939958592132505;0.031879852994003706;0.026230640689326824
940.5;0.024481756383464243;0.035156460386707604;0.05451505016722408
942.0;0.016746256887341524;0.037990196078431376;0.03324142156862745
943.5;0.0189328743545611;0.024388170983755387;0.03387537120413833
945.0;0.04373650107991361;0.025621118012422364;0.03460636229342616
946.5;0.027021031147395506;0.03542107490478205;0.03463203463203463
948.0;0.018478837184955542;0.03534031413612565;0.03418935643564356
949.5;0.015280135823429542;0.02860381781745097;0.036325966850828735
951.0;0.024464831804281346;0.03589420654911838;0.033653010831375466
952.5;0.04050845270357466;0.028385295486272683;0.04133026563480443
954.0;0.015801125489187877;0.025690021231422507;0.05703544575725027
955.5;0.03758169934640523;0.03795379537953795;0.04589301373867291
957.0;0.032697066101095795;0.027296657668665025;0.07231478199220134
958.5;0.015871286409530037;0.028810890493050002;0.036378986364725155
960.0;0.016638225255972697;0.03629032258064516;0.03650039013591246
961.5;0.03764790247400502;0.017877648123548112;0.0421717086551325
963.0;0.03764790247400502;0.031187122736418514;0.07989130434782607
964.5;0.02703900709219858;0.03412112259970458;0.029682937497783397
966.0;0.0189328743545611;0.023031496062992124;0.0403621853898097
967.5;0.01597712748065927;0.04360216585921915;0.03515625
969.0;0.019345238095238096;0.03162650602409638;0.032496435301620066
970.5;0.03669724770642202;0.036513545347467605;0.05363382250174703
972.0;0.0189328743545611;0.021191464137522226;0.04960208562019758
973.5;0.035650623885918005;0.03540100250626566;0.03839752806002247
975.0;0.01850632726208763;0.04323350522279518;0.05486577181208055
976.5;0.015095605501509561;0.030379225061830176;0.043580992386453146
978.0;0.038655160014383315;0.033474277660324174;0.0459586573564525
979.5;0.03828413284132841;0.030863644508152665;0.05286281179138321
981.0;0.01865038996269922;0.027886497064579255;0.12126325940212153
982.5;0.01865038996269922;0.02722345405272235;0.034866898148148154
984.0;0.035127911416571206;0.03498920086393088;0.04872646733111849
985.5;0.024816176470588234;0.03251008064516129;0.034670398009950254
987.0;0.016638225255972697;0.022549019607843137;0.046918767507002794
988.5;0.027531083481349913;0.02848722986247544;0.04236172930293765
990.0;0.025573192239858905;0.017373380447585393;0.03555340208611333
991.5;0.015809071886378992;0.017206835592221567;0.27680311890838233
993.0;0.015743018124095107;0.03791556003297006;0.04120017913121361
994.5;0.025573192239858905;0.017596390484003282;0.035636498544776296
996.0;0.026060070671378093;0.027565186437661298;0.08739428111155864
997.5;0.019013666072489603;0.02569922389808171;0.06081560283687943
999.0;0.018010291595197254;0.03138766519823788;0.05807846771702193
1000.5;0.015001087035292413;0.02539092895953014;0.0371211669632897
1002.0;0.016676298192025096;0.019524316648917288;0.045224124855306747
1003.5;0.01836806645203033;0.02891543420553659;0.04422814207650274
1005.0;0.024122807017543862;0.02531293463143254;0.03002309468822171
1006.5;0.017623877982923447;0.02848722986247544;0.06357615894039735
1008.0;0.03969754253308129;0.03326226012793177;0.04011500547645126
1009.5;0.0185554688027144;0.028859466943579094;0.056091461236155764
1011.0;0.017699115044247787;0.030938123752495012;0.049482006543075246
1012.5;0.015069294547215105;0.03439838802533104;0.05886803874092009
1014.0;0.0153103221203973;0.037892095357590964;0.09526748971193413
1015.5;0.015988786911306178;0.050035423308537025;0.04210124805468248
1017.0;0.03579460562781689;0.03254934901301974;0.04949494949494949
1018.5;0.031723651744800845;0.027551020408163263;0.04356716625170402
1020.0;0.03966822935448972;0.023288051011921263;0.042368582174407414
1021.5;0.016745540589734254;0.04245626822157434;0.06128311522502396
1023.0;0.016745540589734254;0.028405151827943738;0.04096208590959366
1024.5;0.017465858520325457;0.031578947368421054;0.05089421780027676
1026.0;0.037210128013628566;0.04658493870402803;0.04223565084621836
1027.5;0.03427946190269746;0.046550290939318374;0.03127216727494588
1029.0;0.02703900709219858;0.026774847870182555;0.030559673832468492
1030.5;0.036646406864497674;0.032634704392629464;0.03463203463203463
1032.0;0.015001087035292413;0.03201163502755664;0.09067460317460314
1033.5;0.02460456942003515;0.027756596004270242;0.0403809681497983
1035.0;0.039888682745825604;0.04172335600907029;0.05768081291093844
1036.5;0.015095605501509561;0.03443877551020408;0.05298593569021662
1038.0;0.032256841786066255;0.02569922389808171;0.14322033898305073
1039.5;0.017547197908565945;0.03469827586206897;0.04587517636318366
1041.0;0.03173139329252938;0.03423626787057938;0.0403530895334174
1042.5;0.03441791502515164;0.023274161735700197;0.03920807453416149
1044.0;0.017094017094017096;0.017391304347826087;0.041275025141778894
1045.5;0.029017857142857144;0.02971246006389776;0.03585570219652175
1047.0;0.015095605501509561;0.016335052812576762;0.0363476733977173
1048.5;0.035127911416571206;0.02352661596958175;0.03263516804676084
1050.0;0.024464831804281346;0.03250478011472275;0.034309085992428344
1051.5;0.018010291595197254;0.03652462645268401;0.04218289085545723
1053.0;0.015871286409530037;0.03929623438607233;0.041432659414063135
1054.5;0.039888682745825604;0.049262734584450414;0.16614518147684595
1056.0;0.01597712748065927;0.041250831669993354;0.044564017660044156
1057.5;0.0230722525804493;0.03674948240165632;0.06731078904991951
1059.0;0.03331214913674399;0.03513772417475423;0.047022835937519616
1060.5;0.024114774114774116;0.03176941674221819;0.024911516471549135
1062.0;0.032697066101095795;0.03667434715821812;0.04343681917211329
1063.5;0.016638225255972697;0.028373410935824777;0.04696428272782512
1065.0;0.03416622228993677;0.031746031746031744;0.04233870967741935
1066.5;0.03183910937543675;0.03331214913674399;0.02066359017221058
1068.0;0.026060070671378093;0.015798668573620674;0.05303030303030304
1069.5;0.016335052812576762;0.02460456942003515;0.058889891696750886
1071.0;0.02676362545917985;0.02343480758184951;0.028010112247424813
1072.5;0.015318691607385299;0.023809523809523808;0.03164934541411668
1074.0;0.033910325006114184;0.023244781783681213;0.04226017712286969
1075.5;0.033910325006114184;0.017368069472277887;0.033862429458012225
1077.0;0.027798718431963815;0.015731292517006803;0.028989145532332707
1078.5;0.03061868686868687;0.03766519823788547;0.06621004566210045
1080.0;0.015861825872400422;0.029478889311525296;0.061335403726708065
1081.5;0.018026004728132386;0.03742802303262956;0.05536286261308267
1083.0;0.036646406864497674;0.02587800369685767;0.04778439153439155
1084.5;0.016863406408094434;0.026113457095052188;0.046153846153846156
1086.0;0.018354055654233276;0.040013227513227514;0.049351480452992334
1087.5;0.018026004728132386;0.028073770491803277;0.05493093478959204
1089.0;0.027587890625;0.040172569479281627;0.053531834019638895
1090.5;0.01688081285952368;0.03072625698324023;0.04611116749551744
1092.0;0.017553774980973956;0.03575047040092633;0.04565684468999386
1093.5;0.0325497287522604;0.03251008064516129;0.037130021141649046
1095.0;0.03318419090231171;0.030318091451292245;0.0826855488939425
1096.5;0.033972841057362396;0.03801927875911337;0.04147308931791423
1098.0;0.035886636735919804;0.023765996343692867;0.04658491752527453
1099.5;0.019332161687170474;0.026077596751308774;0.04735883424408015
1101.0;0.023581448122822347;0.029132231404958676;0.04343681917211329
1102.5;0.016335052812576762;0.02494777243356168;0.053639846743295014
1104.0;0.03072625698324023;0.027548964491359414;0.049159767944829645
1105.5;0.015069294547215105;0.02516881522406384;0.04661759551349458
1107.0;0.024464831804281346;0.015095605501509561;0.04154833280740507
1108.5;0.017094017094017096;0.025502008032128515;0.04588423061311823
1110.0;0.0230722525804493;0.027920842318914122;0.029983645284390327
1111.5;0.03442728442728442;0.016838000708968452;0.10369524223962866
1113.0;0.03858564130142512;0.04334677419354839;0.036060109540654084
1114.5;0.01606832657788072;0.019139945314441957;0.04384384384384385
1116.0;0.02966804979253112;0.02909270216962525;0.0309204061578775
1117.5;0.03240740740740741;0.015907416444202047;0.03374165451615378
1119.0;0.016838000708968452;0.01597712748065927;0.03304086055962848
1120.5;0.031746031746031744;0.035127911416571206;0.03737079247283329
1122.0;0.030993042378241617;0.026998169615619284;0.05617807389460933
1123.5;0.03061615001913509;0.0364917322581337;0.04979253112033195
1125.0;0.03357531760435572;0.0364917322581337;0.06482930090187293
1126.5;0.040968342644320296;0.015280135823429542;0.052660237758749694
1128.0;0.027551020408163263;0.028580208973570994;0.07617028938064686
1129.5;0.016187271319071658;0.031244100868812533;0.034688346883468835
1131.0;0.02703900709219858;0.0161839863713799;0.029569046119793156
1132.5;0.026060070671378093;0.017623877982923447;0.04337985785778303
1134.0;0.018010291595197254;0.01488644788002137;0.09913615795968735
1135.5;0.015414729630535846;0.016582472972657695;0.0396801140994295
1137.0;0.01834862385321101;0.018277260861902424;0.03441167446498427
1138.5;0.0348853766196782;0.024114774114774116;0.04096079457685973
1140.0;0.04017649436728219;0.026998169615619284;0.03606271777003484
1141.5;0.02909270216962525;0.02568279495355608;0.029931205180305318
1143.0;0.041445641108074804;0.015842570532438566;0.03509906580433222
1144.5;0.028050275904353158;0.028865979381443297;0.04903397352383402
1146.0;0.029397233201581028;0.02394655704008222;0.06059808162497648
1147.5;0.024178800028135335;0.02788709017872177;0.04513888888888889
1149.0;0.01950286806883365;0.019016055180616286;0.06079185953329269
1150.5;0.035924265072247136;0.02460456942003515;0.03537306642402184
1152.0;0.03942793045429052;0.0175513698630137;0.044460146420930734
1153.5;0.01654091700522345;0.01865038996269922;0.03348143790444933
1155.0;0.02351778656126482;0.017825311942959002;0.03259240759240759
1156.5;0.015054442165062335;0.017114956021708434;0.032786066670661314
1158.0;0.01606832657788072;0.015876142581414128;0.027574376317208257
1159.5;0.0153103221203973;0.032775073364408026;0.03517352584440182
1161.0;0.025133156375902466;0.024464831804281346;0.05958299246953202
1162.5;0.0370850622406639;0.028036307429210382;0.023162583518930958
1164.0;0.017824497257769654;0.02495201535508637;0.04237923317287391
1165.5;0.024203298031819725;0.03423209093312186;0.04855983540976113
1167.0;0.03250478011472275;0.025088028169014082;0.05355871886120996
1168.5;0.03082919914953933;0.0189328743545611;0.04018765738728483
1170.0;0.036772067791673496;0.017094017094017096;0.031231671554252195
1171.5;0.01674973848643168;0.036646406864497674;0.038461538461538464
1173.0;0.016638225255972697;0.03442728442728442;0.04510844696623044
1174.5;0.025522755227552277;0.035650623885918005;0.038449770525242226
1176.0;0.02734495764545848;0.035751028806584366;0.035695313323037534
1177.5;0.02666528090953868;0.027565186437661298;0.03859601936525013
1179.0;0.027811860940695293;0.022964015151515152;0.08370786516853933
1180.5;0.018595825426944972;0.038942267324001106;0.10071790540540539
1182.0;0.018086080586080584;0.03326935380678182;0.463281249999999
1183.5;0.0381893893141721;0.036646406864497674;0.06095897333276737
1185.0;0.018323203432248837;0.02909270216962525;0.0677654597633369
1186.5;0.015988786911306178;0.01713180436584692;0.04631193693693694
1188.0;0.018354055654233276;0.040968342644320296;0.0651525198938992
1189.5;0.015001087035292413;0.015095605501509561;0.04920634920634921
1191.0;0.02494777243356168;0.02802491103202847;0.04356287425149701
1192.5;0.018052243358660087;0.031723651744800845;0.036725680672912965
1194.0;0.02457757296466974;0.017971946230274694;0.034203574593302234
1195.5;0.025489979394215496;0.017699115044247787;0.027704211455574605
1197.0;0.03275750048503916;0.03764790247400502;0.038101513714574264
1198.5;0.01741884402216944;0.03841245791927793;0.04828994493364093
1200.0;0.018197573656845753;0.038655160014383315;0.03751050335143868
1201.5;0.018197573656845753;0.03409090909090909;0.04115853658536585
1203.0;0.027262006700016522;0.026592455163883737;0.06810631229235878
1204.5;0.019659185369908565;0.017971946230274694;0.030263586072242114
1206.0;0.019675925925925927;0.015188609731168737;0.04250672043010753
1207.5;0.019142066420664204;0.015095605501509561;0.05248564072093482
1209.0;0.02939958592132505;0.029647930821494754;0.03926523410422837
1210.5;0.029439252336448597;0.037072945521698986;0.030367503746014574
1212.0;0.02848764782967433;0.016010680000219303;0.03095095693779904
1213.5;0.020656370656370653;0.040968342644320296;0.05279605263157896
1215.0;0.019114380899500277;0.03423209093312186;0.04947513768217327
1216.5;0.02572658693922157;0.03890038140797724;0.0356286399451867
1218.0;0.019013666072489603;0.036232895665115256;0.029339853300733493
1219.5;0.038100208768267224;0.036646406864497674;0.047939487042479294
1221.0;0.0161839863713799;0.016863406408094434;0.04052062868369353
1222.5;0.016638225255972697;0.02802491103202847;0.06859145527369825
1224.0;0.03528138528138528;0.02909270216962525;0.05248589562764456
1225.5;0.017596390484003282;0.03326935380678182;0.05009330866048798
1227.0;0.01834862385321101;0.03611601747699173;0.03318851007404944
1228.5;0.020240539747726608;0.026060070671378093;0.03814817058395929
1230.0;0.0274401692844157;0.01597712748065927;0.03758226532732941
1231.5;0.03212468193384224;0.039888682745825604;0.02638003240945346
1233.0;0.018960244648318046;0.014945495799148322;0.05717893217893218
1234.5;0.040197193780811526;0.040259548739124025;0.047167517770854324
1236.0;0.024446099002752585;0.025605214152700187;0.02782454924506785
1237.5;0.03763180539108176;0.026548672566371685;0.03496019025953882
1239.0;0.04154589371980676;0.03617216117216117;0.035611714295553265
1240.5;0.028489903424056193;0.026457750968564567;0.03546981953951463
1242.0;0.019961612284069098;0.017699115044247787;0.06175920149719277
1243.5;0.0269997558792416;0.030318091451292245;0.07489277070903125
1245.0;0.02611218568665377;0.02288072018004501;0.04135775267351257
1246.5;0.026515370252738157;0.023418491484184917;0.03564527386943904
1248.0;0.03297682709447416;0.0175513698630137;0.03706721782687019
1249.5;0.02475049900199601;0.035650623885918005;0.01702417972964397
1251.0;0.028277098062458553;0.0170487948265726;0.02794900340078996
1252.5;0.018544683857294242;0.03251008064516129;0.05384615384615384
1254.0;0.016937514305333027;0.03476361919376734;0.023871744972662406
1255.5;0.01784040701566475;0.030065165876777253;0.038432684509326846
1257.0;0.02452743199631166;0.03800513149454778;0.034866898148148154
1258.5;0.025157877177513523;0.01918932786044125;0.03078691007861266
1260.0;0.026998169615619284;0.029573367808661925;0.05747694334650857
1261.5;0.016052757544824884;0.03192792496460192;0.03726221559119731
1263.0;0.024254473161033796;0.018197573656845753;0.058656790706699165
1264.5;0.024197820030005205;0.028433476394849784;0.04625229055608446
1266.0;0.02252710027100271;0.017862241256245543;0.034688346883468835
1267.5;0.04236902050113895;0.01904761904761905;0.032542579075425786
1269.0;0.03189528023598819;0.025102556665147303;0.029898249974440096
1270.5;0.02777724478896841;0.01794602138457846;0.03171968649147072
1272.0;0.03004578405188859;0.02915766738660907;0.031745377242655824
1273.5;0.018147448015122872;0.03913102858027333;0.0381411661551951
1275.0;0.03012684989429175;0.01730227313090467;0.06934452438049561
1276.5;0.02587800369685767;0.027315467795016455;0.05416666666666667
1278.0;0.023418491484184917;0.030576472821616154;0.022953790395650864
1279.5;0.019408502772643253;0.023153753026634385;0.03436018957345971
1281.0;0.018876611418047883;0.024069028156221615;0.024784482758620687
1282.5;0.030310972002785496;0.02966804979253112;0.015646127100637435
1284.0;0.02495201535508637;0.0456158134820071;0.05876810324014514
1285.5;0.022041062801932364;0.023762376237623763;0.04043034221917759
1287.0;0.018816236238296122;0.03009866150403411;0.03469827586206897
1288.5;0.01553489980153943;0.02400793650793651;0.02866752081998719
1290.0;0.03212468193384224;0.023656122647001745;0.029608044449812777
1291.5;0.022549019607843137;0.028433476394849784;0.044520547945205484
1293.0;0.03324808184143222;0.03048016701461378;0.037990196078431376
1294.5;0.03961091054953871;0.018636586562040217;0.03425345785553848
1296.0;0.018683274021352312;0.029891304347826088;0.03020411420453819
1297.5;0.017825311942959002;0.04038461538461538;0.037285441830896375
1299.0;0.017462905276233176;0.027012711864406777;0.038100208768267224
1300.5;0.018429899149693493;0.042166484914576516;0.019731800766283527
1302.0;0.03639846743295019;0.01835673375718387;0.018876611418047883
1303.5;0.018876611418047883;0.03742165865034251;0.017771545130035694
1305.0;0.026507713884992984;0.026297136376523953;0.015597920277296359
1306.5;0.030627490039840638;0.018269003283342664;0.029937629937629936
1308.0;0.024664750957854403;0.025529865125240848;0.02351778656126482
1309.5;0.024637681159420288;0.04766983918608467;0.041293250141803746
1311.0;0.018946192780818553;0.017699115044247787;0.0153103221203973
1312.5;0.028373410935824777;0.03664340101522842;0.026073619631901836
1314.0;0.02457757296466974;0.03250733248101076;0.02623456790123457
1315.5;0.023623981049257996;0.02587800369685767;0.02475049900199601
1317.0;0.03191137566137566;0.01733025239957341;0.02351778656126482
1318.5;0.01917710749410013;0.016842592473546844;0.027215631542219124
1320.0;0.01542908808452949;0.01849148418491484;0.022964015151515152
1321.5;0.03192790473125201;0.03433803891644411;0.04574428196475439
1323.0;0.033205619412515965;0.02934537246049661;0.027482269503546097
1324.5;0.023809523809523808;0.03528138528138528;0.017422758272147548
1326.0;0.01675356994726551;0.0437679769894535;0.04700137341675569
1327.5;0.01834862385321101;0.04484173505275498;0.027053330158302878
1329.0;0.03423209093312186;0.0370850622406639;0.0370850622406639
1330.5;0.031003039513677815;0.03761297182349813;0.04018032144257153
1332.0;0.0281322505800464;0.0188212927756654;0.030009920634920632
1333.5;0.018487434139972954;0.023394808743169397;0.016595620226365092
1335.0;0.04389034703995334;0.034562751898022305;0.030009920634920632
1336.5;0.02647243107769423;0.028400285536210695;0.024664750957854403
1338.0;0.015203965770306572;0.034724930197521195;0.01718287488267995
1339.5;0.024464831804281346;0.025605214152700187;0.016335052812576762
1341.0;0.023244781783681213;0.028865979381443297;0.01942319011183049
1342.5;0.017824497257769654;0.026979111813235035;0.026060070671378093
1344.0;0.03812709030100335;0.01811216999012306;0.024464831804281346
1345.5;0.026998169615619284;0.02268431001890359;0.03497503514469921
1347.0;0.03712871287128712;0.0453811369509044;0.024122807017543862
1348.5;0.030263586072242114;0.018566283571446244;0.041530944625407164
1350.0;0.039557474269898356;0.027482269503546097;0.015861825872400422
1351.5;0.017083111144968386;0.026290014559343506;0.03682698681593872
1353.0;0.02860082304526749;0.025708972570897257;0.040819094114456195
1354.5;0.030009920634920632;0.03125;0.025173611111111115
1356.0;0.029588002850294746;0.023418491484184917;0.03160767554530645
1357.5;0.03061868686868687;0.025993965211217607;0.02833675564681725
1359.0;0.03365384615384615;0.025322619917214514;0.03365384615384615
1360.5;0.03646288209606987;0.038984406237504994;0.033676001417936904
1362.0;0.027278731836195513;0.03618739903069467;0.032697066101095795
1363.5;0.03835669781931465;0.037722668529514496;0.023274161735700197
1365.0;0.035148828372387586;0.01845436194009493;0.04170557111733582
1366.5;0.033269594474572374;0.03442928039702233;0.03557483731019522
1368.0;0.02475049900199601;0.041064231394176774;0.030857161956648897
1369.5;0.03324363485820741;0.02495201535508637;0.0189328743545611
1371.0;0.017589105876171292;0.022789783889980354;0.016335052812576762
1372.5;0.031746031746031744;0.03821056436530513;0.032444193029023974
1374.0;0.04247181964573269;0.018147448015122872;0.025101419878296144
1375.5;0.04808325106943073;0.02691045475855602;0.04017857142857143
1377.0;0.030416443797605865;0.03133759902498476;0.0437985183683468
1378.5;0.024298677043960954;0.01945591240267129;0.03038573508005822
1380.0;0.045353397030904734;0.02860082304526749;0.040184757505773674
1381.5;0.0161839863713799;0.01949946200135496;0.02939958592132505
1383.0;0.035650623885918005;0.03153858193770543;0.04098657204480624
1384.5;0.0230994573308361;0.024254473161033796;0.04212932723709994
1386.0;0.034830661821911545;0.03251008064516129;0.03240740740740741
1387.5;0.018902169101372285;0.026107226107226107;0.02584689364990769
1389.0;0.0172434729811779;0.029628537735849055;0.017222129645059158
1390.5;0.018848906360245943;0.017911555247236102;0.024464831804281346
1392.0;0.01658516707416463;0.02892848600813203;0.01834061135371179
1393.5;0.031183368869936036;0.02891522988505747;0.018565943596639965
1395.0;0.018664276958651863;0.02351778656126482;0.027070647685437925
1396.5;0.016348533050547898;0.02569922389808171;0.018185821224130337
1398.0;0.0170487948265726;0.019659185369908565;0.023765996343692867
1399.5;0.03238269533831528;0.0212516733601071;0.040581278503517046
1401.0;0.020656370656370653;0.019148871793708062;0.03512773722627738
1402.5;0.027814569536423844;0.03405657545528209;0.03557483731019522
1404.0;0.02878937007874016;0.017215791035915702;0.04056455828541558
1405.5;0.03546944858420268;0.016962900268020876;0.022727272727272728
1407.0;0.030754860752648525;0.017817216321967578;0.034176751008434175
1408.5;0.02549198831138255;0.029128447175468284;0.02848722986247544
1410.0;0.022872135285799435;0.01974018904591842;0.04910714285714285
1411.5;0.03973236411696679;0.03262041696621135;0.02819414703783012
1413.0;0.029937629937629936;0.01767916164903021;0.015546189456228841
1414.5;0.03767332224070992;0.019664981663197544;0.0230722525804493
1416.0;0.035751028806584366;0.03960778258184064;0.033861185983827494
1417.5;0.01810895810084204;0.01929282065071256;0.018531818449402486
1419.0;0.01810699588477366;0.02882882882882883;0.018205197433409735
1420.5;0.0643262987012987;0.025657700266036067;0.019412122123754656
1422.0;0.04495073891625616;0.0391281512605042;0.02351778656126482
1423.5;0.0380952380952381;0.03560738414924681;0.027699240148436118
1425.0;0.025240384615384616;0.04154589371980676;0.036165577342047936
1426.5;0.023809523809523808;0.02475049900199601;0.027152561042775837
1428.0;0.03363468455331972;0.01589055866298268;0.03858520900321543
1429.5;0.027976966536288565;0.03880070546737213;0.024093511450381678
1431.0;0.02352661596958175;0.03229563940213031;0.03843669250645995
1432.5;0.0334779967016752;0.036747698190707015;0.025247524752475246
1434.0;0.027491408934707903;0.04970760233918129;0.03167271527548663
1435.5;0.027186615819904048;0.028974720042915576;0.019192913385826772
1437.0;0.023762376237623763;0.034273636719855116;0.023809523809523808
1438.5;0.025102556665147303;0.019765354813290725;0.03654222727559851
1440.0;0.025400139178844813;0.017563955708285603;0.029891304347826088
1441.5;0.021851503759398497;0.02964569775849602;0.03722334004024145
1443.0;0.024637681159420288;0.027587890625;0.03192790473125201
1444.5;0.01900256574727389;0.025410598078710874;0.030853391684901532
1446.0;0.023809523809523808;0.024579249867745026;0.027246992215145083
1447.5;0.03699941781967274;0.024371551195585532;0.02866752081998719
1449.0;0.024082568807339447;0.02851758793969849;0.04586894586894587
1450.5;0.03250478011472275;0.027551020408163263;0.02915766738660907
1452.0;0.023245984784446325;0.02795584045584046;0.03539457212367433
1453.5;0.017391304347826087;0.03463203463203463;0.024918126156912995
1455.0;0.029628537735849055;0.04485857395403653;0.03452088897482688
1456.5;0.017342349900996746;0.02486706472982206;0.027940403407577037
1458.0;0.0281322505800464;0.028554778554778552;0.032005657450497306
1459.5;0.023159413966133552;0.031235801908223535;0.03125
1461.0;0.0188212927756654;0.039313904068002434;0.025762190570037924
1462.5;0.01641928887129758;0.031242387332521316;0.03298485940879596
1464.0;0.017015706806282723;0.03326226012793177;0.030032467532467532
1465.5;0.025716433527362123;0.030565209035026634;0.07867383512544802
1467.0;0.03335140997830802;0.026973273916839582;0.03423180592991914
1468.5;0.03423209093312186;0.03807390817469205;0.034110097939885176
1470.0;0.03801916932907348;0.02640503875968992;0.03530751708428246
1471.5;0.028865979381443297;0.03814700788916683;0.04017857142857143
1473.0;0.04093567251461988;0.026198386331276694;0.062423234390992816
1474.5;0.03314777327935223;0.029485897179435887;0.03072899640405361
1476.0;0.030236999314464795;0.03584229390681004;0.06044600938967135
1477.5;0.026060070671378093;0.016838000708968452;0.03125
1479.0;0.02703900709219858;0.023031496062992124;0.03755692338487715
1480.5;0.016676298192025096;0.03436018957345971;0.04150319835732841
1482.0;0.01675356994726551;0.03338122605363984;0.04469557195571955
1483.5;0.0230722525804493;0.02034948517058403;0.02755752712835416
1485.0;0.024203298031819725;0.02542372881355932;0.029109997613934624
1486.5;0.025176372942315672;0.03425345785553848;0.038759704603150556
1488.0;0.0175513698630137;0.018804198995892286;0.0358827348793904
1489.5;0.03379065040650407;0.02531293463143254;0.025981489995995432
1491.0;0.02939958592132505;0.020625415834996677;0.03585728436742242
1492.5;0.03136882129277567;0.02617712051674316;0.044117249398339685
1494.0;0.0189328743545611;0.01823242776779284;0.03953328551148477
1495.5;0.01597712748065927;0.03511762700306853;0.040839908593109986
1497.0;0.03379065040650407;0.02473317065670768;0.02625531339651832
1498.5;0.029702970297029705;0.045865008062658384;0.030032467532467532
1500.0;0.015154962909024714;0.03038573508005822;0.033950617283950615
1501.5;0.01749271137026239;0.034110097939885176;0.027450151656725742
1503.0;0.026384343193694787;0.03023334460601962;0.07807486631016043
1504.5;0.025739245732777347;0.01807968941778232;0.03515625
1506.0;0.017639205894403914;0.03095095693779904;0.02453037247433994
1507.5;0.018354055654233276;0.03491847826086956;0.02891414141414141
1509.0;0.01597712748065927;0.01883656509695291;0.017924528301886795
1510.5;0.036646406864497674;0.025518227305218015;0.029007238883143743
1512.0;0.01842179442537598;0.020357941834451904;0.05122900450634985
1513.5;0.025088028169014082;0.030065165876777253;0.04081632653061224
1515.0;0.015095605501509561;0.02934144751141057;0.05218183767556556
1516.5;0.015095605501509561;0.043390105433901045;0.03641603353418916
1518.0;0.024114774114774116;0.027861221617818187;0.0698019801980198
1519.5;0.01597712748065927;0.03282828282828283;0.033992952019517485
1521.0;0.01597712748065927;0.055218855218855195;0.05078950492698564
1522.5;0.015095605501509561;0.025409140804310944;0.06005859375000001
1524.0;0.016937514305333027;0.03699941781967274;0.028584011408438897
1525.5;0.018197573656845753;0.05088062622309198;0.03475290165153149
1527.0;0.025573192239858905;0.051331719128329296;0.0403621853898097
1528.5;0.01865038996269922;0.030318091451292245;0.0269200316706255
1530.0;0.03919631093544137;0.01726263871763255;0.034241245136186774
1531.5;0.027531083481349913;0.023244781783681213;0.049114229920905854
1533.0;0.024114774114774116;0.034921650143907905;0.04554015804455777
1534.5;0.025439127801332527;0.02655936308647465;0.05884955752212391
1536.0;0.04093567251461988;0.0170487948265726;0.034944421358819866
1537.5;0.02516881522406384;0.04111405835543767;0.025513157011162378
1539.0;0.017094017094017096;0.040785023073608664;0.04086038084958754
1540.5;0.024816176470588234;0.025955706023416562;0.03091294207244514
1542.0;0.018314772574802095;0.05754614549402823;0.03791773778920309
1543.5;0.026793071116709446;0.029137294394091972;0.028343023255813952
1545.0;0.01668994977693155;0.019139945314441957;0.03660205608071549
1546.5;0.0161839863713799;0.030688484100030874;0.026943217741740876
1548.0;0.015001087035292413;0.027798718431963815;0.036167314855839454
1549.5;0.029132231404958676;0.032924107142857144;0.042068595927116835
1551.0;0.024093511450381678;0.030894498987065602;0.03767000010649967
1552.5;0.0189328743545611;0.02623456790123457;0.05234657039711191
1554.0;0.0177109440267335;0.018010291595197254;0.026715938361837492
1555.5;0.03316662279547249;0.02499924106736286;0.03159268929503917
1557.0;0.040091455309193384;0.04018032144257153;0.043826380109565945
1558.5;0.019944341372912802;0.024114774114774116;0.03400537634408602
1560.0;0.01757469244288225;0.029937629937629936;0.06063093590416648
1561.5;0.03961091054953871;0.03439838802533104;0.05580693815987933
1563.0;0.03469827586206897;0.023288051011921263;0.05135501355013549
1564.5;0.01695388914764788;0.025173611111111115;0.05619196196419283
1566.0;0.02878937007874016;0.02860082304526749;0.0213436086446641
1567.5;0.040086887835703;0.023762376237623763;0.02627840909090909
1569.0;0.028865979381443297;0.036165577342047936;0.04748311216267188
1570.5;0.03821056436530513;0.03491847826086956;0.03335900354918637
1572.0;0.038817005545286505;0.024944440490030924;0.02108392156862745
1573.5;0.022964015151515152;0.025;0.020625415834996677
1575.0;0.03961091054953871;0.03555884217198395;0.029719387755102043
1576.5;0.04845605700712589;0.04364809782608696;0.01885945217781769
1578.0;0.01546995178741313;0.027668295759104525;0.03159268929503917
1579.5;0.03150119357397328;0.050052650052650034;0.030318057455540358
1581.0;0.026548672566371685;0.02844359220198146;0.03875432525951557
1582.5;0.03320921042632419;0.02475049900199601;0.028595817328211696
1584.0;0.02772277227722772;0.04188756626988096;0.028264286516223196
1585.5;0.01543855255744068;0.03053115243726144;0.035189075630252094
1587.0;0.017045454545454544;0.0395351961311123;0.031554547924129754
1588.5;0.039888682745825604;0.0344909764940726;0.03421588594704684
1590.0;0.01834862385321101;0.0335040499097101;0.039096320346320344
1591.5;0.02629216710651514;0.03654582964927793;0.025488057585341915
1593.0;0.036335136798568694;0.03460925039872408;0.028981264637002343
1594.5;0.039888682745825604;0.023394808743169397;0.03231534090909091
1596.0;0.0189328743545611;0.024807903402854006;0.03038044604018504
1597.5;0.02802491103202847;0.027668295759104525;0.030958549222797924
1599.0;0.016638225255972697;0.04300595238095238;0.026401080351114114
1600.5;0.03130908265900325;0.04246552122832657;0.02919600938967136
1602.0;0.03966822935448972;0.05754614549402823;0.030164126922253266
1603.5;0.03681100943872037;0.024784482758620687;0.027482269503546097
1605.0;0.018010291595197254;0.03515625;0.025695517774343125
1606.5;0.02703900709219858;0.04152249134948097;0.030065165876777253
1608.0;0.03722426470588235;0.01579070282699689;0.026339285714285714
1609.5;0.018595825426944972;0.03538251366120218;0.043178924855295106
1611.0;0.019013666072489603;0.025042904146125512;0.031718118492582326
1612.5;0.018532729644693425;0.020683283433271984;0.03338136407300673
1614.0;0.03212468193384224;0.030599663739958906;0.033969166050648154
1615.5;0.0189328743545611;0.04511019283746556;0.03510298810559907
1617.0;0.026060070671378093;0.027777777777777776;0.03348976510761979
1618.5;0.03706545928938685;0.03347578347578348;0.039713541666666664
1620.0;0.025529865125240848;0.041533546325878586;0.05884955752212391
1621.5;0.015109552273918112;0.03318419090231171;0.05145228215767635
1623.0;0.03136882129277567;0.020120810422323117;0.028212450028555113
1624.5;0.017934291168491913;0.04231744800214855;0.049038461538461524
1626.0;0.0364917322581337;0.02388543894736291;0.046480021745039415
1627.5;0.015854570888502284;0.0274042305735262;0.0223578752555932
1629.0;0.014936197678611653;0.053978268489309485;0.02948523023457863
1630.5;0.038655160014383315;0.035157545605306796;0.050137362637362654
1632.0;0.038655160014383315;0.03239949377533214;0.055636772071694714
1633.5;0.038655160014383315;0.03241525423728814;0.04179215648175135
1635.0;0.03706545928938685;0.02914012738853503;0.03689064558629775
1636.5;0.0367279087083759;0.015517241379310345;0.04588394062078272
1638.0;0.0367279087083759;0.03312144529943125;0.029667781090930996
1639.5;0.01488644788002137;0.016763760303608984;0.04274835583246797
1641.0;0.01488644788002137;0.017015706806282723;0.06639004149377593
1642.5;0.03416622228993677;0.029074889867841413;0.05449772488624431
1644.0;0.01836806645203033;0.024754484531709833;0.03671072985515399
1645.5;0.017443347491498312;0.03257191201353638;0.05325940586900922
1647.0;0.03431165971848048;0.016357261371818553;0.028575715505841773
1648.5;0.03966822935448972;0.019944341372912802;0.03732258629752935
1650.0;0.014945495799148322;0.01819154628143392;0.03382169033258932
1651.5;0.01488644788002137;0.04195042222827568;0.03216179984845835
1653.0;0.017094017094017096;0.01950286806883365;0.0403621853898097
1654.5;0.033972841057362396;0.018991486574983625;0.06128311522502396
1656.0;0.027531083481349913;0.045234248788368334;0.06274384018253573
1657.5;0.017825311942959002;0.017522464698331193;0.03470185728250244
1659.0;0.015302583076023234;0.034816052981071925;0.09302672044097775
1660.5;0.01687639577956378;0.030318091451292245;0.04371584699453552
1662.0;0.0170487948265726;0.03276178151622991;0.04589301373867291
1663.5;0.01654091700522345;0.022964015151515152;0.043240801229861195
1665.0;0.03160767554530645;0.01537736404878336;0.05569800569800568
1666.5;0.023765996343692867;0.03535245814226298;0.04309372823757249
1668.0;0.016429426632965278;0.03460837887067396;0.05125334899254963
1669.5;0.01694768198513463;0.01726263871763255;0.03515625
1671.0;0.018455454986527415;0.019139945314441957;0.027389277389277388
1672.5;0.015731292517006803;0.024366025053467768;0.053275212064090485
1674.0;0.015225395561747438;0.03250478011472275;0.0446969696969697
1675.5;0.018010291595197254;0.023274161735700197;0.06170798898071626
1677.0;0.02909270216962525;0.01934304002250826;0.03189736346516007
1678.5;0.015280135823429542;0.015280135823429542;0.035918508980996994
1680.0;0.03706545928938685;0.03800513149454778;0.04944890746160824
1681.5;0.018010291595197254;0.03617216117216117;0.018616502786374136
1683.0;0.015731292517006803;0.042924211938296444;0.0444493065840851
1684.5;0.018470790378006873;0.02939958592132505;0.0884238310708899
1686.0;0.017754480892796753;0.030627490039840638;0.031745041057771414
1687.5;0.017094017094017096;0.03589469305283176;0.030498357547564976
1689.0;0.027798718431963815;0.03902213310711807;0.0336137939207205
1690.5;0.03687184061849539;0.01654091700522345;0.07017555947525081
1692.0;0.015879968453896016;0.03061868686868687;0.03753351206434316
1693.5;0.016863406408094434;0.023418491484184917;0.038861898151928365
1695.0;0.03512773722627738;0.029702970297029705;0.04058099240580992
1696.5;0.016863406408094434;0.018086080586080584;0.06081954783533202
1698.0;0.023642732049036778;0.01897923971725942;0.0415578904049692
1699.5;0.03669724770642202;0.018041485106324483;0.1110473518660206
1701.0;0.01850632726208763;0.029937629937629936;0.06903446525703258
1702.5;0.034633078205669056;0.0433355219960604;0.04170692431561997
1704.0;0.01597712748065927;0.02964569775849602;0.06542779713511422
1705.5;0.014945495799148322;0.025522755227552277;0.03529127970088048
1707.0;0.03136882129277567;0.040013227513227514;0.0556454221934649
1708.5;0.03520671834625324;0.025240384615384616;0.043631188370438154
1710.0;0.033676001417936904;0.022789783889980354;0.05138483965014577
1711.5;0.035774141714325206;0.027521563105087132;0.046610169491525424
1713.0;0.017754480892796753;0.01882395123700251;0.07063314149140183
1714.5;0.03935185185185185;0.018876611418047883;0.05543043284808058
1716.0;0.03935185185185185;0.016735914907761343;0.03817654639175258
1717.5;0.017094017094017096;0.028030444161619043;0.031400240384615384
1719.0;0.03130908265900325;0.029132231404958676;0.04505917709939234
1720.5;0.03276661638370833;0.02848722986247544;0.0744150364403529
1722.0;0.04236902050113895;0.02975702975702976;0.032141319170315076
1723.5;0.03830794829130935;0.029312776460029492;0.05018237821188295
1725.0;0.03669724770642202;0.031183368869936036;0.03462149419828112
1726.5;0.03685386088066369;0.038959702050587304;0.06296656929568321
1728.0;0.035504224147150036;0.037722668529514496;0.050256823860760774
1729.5;0.0319582924595652;0.04288229376257545;0.05131064857569083
1731.0;0.032886334610472544;0.03210190405747162;0.039142291036849415
1732.5;0.027531083481349913;0.03498920086393088;0.027724085654728073
1734.0;0.039888682745825604;0.03297872340425532;0.033328248932275775
1735.5;0.036646406864497674;0.02457757296466974;0.09392523364485977
1737.0;0.029874213836477988;0.030235788011742055;0.05217796497343355
1738.5;0.03858520900321543;0.024856459628700586;0.05937604830593761
1740.0;0.035410524889024436;0.036289464349059955;0.0525078369905956
1741.5;0.03146872922288402;0.0162748643761302;0.021540560540190545
1743.0;0.026060070671378093;0.01606832657788072;0.044728944612860734
1744.5;0.017094017094017096;0.0368124729320052;0.0368124729320052
1746.0;0.0325497287522604;0.02587800369685767;0.027011486011729785
1747.5;0.026060070671378093;0.04482886904761905;0.03402762129628722
1749.0;0.015809071886378992;0.035564575083845945;0.04811142187191005
1750.5;0.03617216117216117;0.043534144756423004;0.03335900354918637
1752.0;0.035127911416571206;0.03326935380678182;0.04137426900584795
1753.5;0.01836806645203033;0.04193479193479194;0.03404307681862928
1755.0;0.040968342644320296;0.03835236436358944;0.05329153605015674
1756.5;0.03617216117216117;0.03487716350066045;0.03562294483010596
1758.0;0.01850632726208763;0.026639507947919163;0.0397558995171747
1759.5;0.01488644788002137;0.025240384615384616;0.03347578347578348
1761.0;0.03807194397841974;0.03290225315948789;0.06810631229235878
1762.5;0.025573192239858905;0.01834862385321101;0.030140278797143507
1764.0;0.03530661003451022;0.022727272727272728;0.033027319764047436
1765.5;0.0175513698630137;0.024816176470588234;0.08113279755070797
1767.0;0.040819094114456195;0.015414729630535846;0.028600853317640132
1768.5;0.0189328743545611;0.01834862385321101;0.03641603353418916
1770.0;0.02460456942003515;0.03051812013382946;0.04622532743852014
1771.5;0.015095605501509561;0.03219315895372234;0.045858895705521464
1773.0;0.018612132352941176;0.016468992979866464;0.03902927195396548
1774.5;0.03355800946507959;0.02928870292887029;0.04168207024029575
1776.0;0.03650069768233333;0.01862097440132122;0.03635705590102985
1777.5;0.0340398201669878;0.016335052812576762;0.09111201298701295
1779.0;0.037483266398929044;0.017971946230274694;0.046932831745646504
1780.5;0.017824497257769654;0.03966822935448972;0.077020202020202
1782.0;0.03212468193384224;0.016937514305333027;0.057505600656209375
1783.5;0.04373650107991361;0.024114774114774116;0.027187592118092557
1785.0;0.03364485981308411;0.03535245814226298;0.038338658146964855
1786.5;0.02729044834307992;0.023765996343692867;0.047962382445141075
1788.0;0.02587800369685767;0.017754480892796753;0.058017443634335995
1789.5;0.019142066420664204;0.0325497287522604;0.04294200101107588
1791.0;0.024664750957854403;0.01850632726208763;0.07080419580419581
1792.5;0.02469956910763214;0.02703900709219858;0.027474215892251914
1794.0;0.0230722525804493;0.036646406864497674;0.04830483048304831
1795.5;0.019345238095238096;0.016745540589734254;0.04631193693693694
1797.0;0.01702553830746119;0.03212468193384224;0.046782762691853594
1798.5;0.017754480892796753;0.018848906360245943;0.036652653704676824
1800.0;0.01814552172099398;0.036415289256198344;0.07264216366158113
1801.5;0.03061868686868687;0.024203298031819725;0.05407028930470205
1803.0;0.03048016701461378;0.016293098349991132;0.026843596824449416
1804.5;0.017737506864360243;0.015898024165091146;0.04330193615907901
1806.0;0.018160893671870206;0.033954159715433696;0.03728833913774469
1807.5;0.03357531760435572;0.028050275904353158;0.06230031948881789
1809.0;0.018147448015122872;0.028050275904353158;0.03073242642114519
1810.5;0.01654091700522345;0.016081348496769426;0.03867534146444601
1812.0;0.016838000708968452;0.03884900197063489;0.050137362637362654
1813.5;0.034723745193502645;0.025573192239858905;0.0562021113822051
1815.0;0.017971946230274694;0.038817005545286505;0.041868054627337344
1816.5;0.02478101474827191;0.015095605501509561;0.034670398009950254
1818.0;0.018122434188009157;0.03864818325709216;0.04485049833887043
1819.5;0.02549198831138255;0.015154962909024714;0.05104462431665041
1821.0;0.01855482316596315;0.027731151209959438;0.028599936841860518
1822.5;0.01610040496061049;0.02587800369685767;0.03698667660696838
1824.0;0.02752293577981652;0.017368069472277887;0.044329073482428115
1825.5;0.032697066101095795;0.039888682745825604;0.05580693815987933
1827.0;0.024574669187145556;0.039888682745825604;0.03171933768535731
1828.5;0.025066940124195296;0.024378585086042064;0.03221868973564511
1830.0;0.028913528511189723;0.016043635035830027;0.03965141612200435
1831.5;0.03156776445591137;0.017373380447585393;0.04618320610687023
1833.0;0.02724539646749342;0.025573192239858905;0.027788713910761147
1834.5;0.016335052812576762;0.017754480892796753;0.04048370136698213
1836.0;0.022041062801932364;0.01865038996269922;0.029301357163482724
1837.5;0.018026004728132386;0.0189328743545611;0.047733603443909846
1839.0;0.027246992215145083;0.030993042378241617;0.04062788550323176
1840.5;0.022128060263653486;0.017754480892796753;0.01764234161988773
1842.0;0.026643626426619514;0.01850632726208763;0.036240161042250967
1843.5;0.033205619412515965;0.025522755227552277;0.027744619280159158
1845.0;0.022358943577430974;0.023418491484184917;0.033373349339735896
1846.5;0.017145951149079536;0.017015706806282723;0.029413291796469364
1848.0;0.016195819912180442;0.0170487948265726;0.03748875218589594
1849.5;0.02320534223706177;0.018354055654233276;0.04304729538374397
1851.0;0.03423209093312186;0.029874213836477988;0.02081797581019466
1852.5;0.027021031147395506;0.03474178403755869;0.02934537246049661
1854.0;0.035664978487069524;0.017699115044247787;0.04208509370824397
1855.5;0.017754480892796753;0.017934291168491913;0.037149234693877556
1857.0;0.035751028806584366;0.0161839863713799;0.02085308056872038
1858.5;0.031190019193857967;0.01942319011183049;0.03548139624088992
1860.0;0.017910447761194027;0.032302332946268345;0.03596851779624573
1861.5;0.018525364551242554;0.031723651744800845;0.03394145099703012
1863.0;0.027482269503546097;0.03320921042632419;0.03581871345029239
1864.5;0.017015706806282723;0.017498443680569787;0.020582743092906402
1866.0;0.023765996343692867;0.029478889311525296;0.04079396005845105
1867.5;0.030009920634920632;0.02238354506957048;0.021171513653931443
1869.0;0.01749271137026239;0.039888682745825604;0.025438991445294913
1870.5;0.016357261371818553;0.03061615001913509;0.03927005561241193
1872.0;0.0170487948265726;0.025573192239858905;0.02531293463143254
1873.5;0.041413542747073644;0.031723651744800845;0.02833675564681725
1875.0;0.018010291595197254;0.026060070671378093;0.03486394557823129
1876.5;0.017754480892796753;0.03764790247400502;0.02891522988505747
1878.0;0.03617216117216117;0.0285204991087344;0.029029358897543437
1879.5;0.039754363283775046;0.025088028169014082;0.025856044723969258
1881.0;0.02317655078391275;0.038817005545286505;0.021052026864705087
1882.5;0.036862003780718335;0.017754480892796753;0.036665513663092356
1884.0;0.017094017094017096;0.0411860619602633;0.030981164538621753
1885.5;0.018143754361479414;0.039721976105227666;0.03299954483386436
1887.0;0.030009920634920632;0.03306159420289855;0.03753351206434316
1888.5;0.01678424862821045;0.03966822935448972;0.028915697267245376
1890.0;0.0441017316017316;0.02784833653429156;0.03861386138613861
1891.5;0.029722271675271496;0.03564899451553931;0.025152855115187247
1893.0;0.025447238755868486;0.043010752688172046;0.03287716955941255
1894.5;0.025088028169014082;0.041327971250106954;0.028767523364485983
1896.0;0.018470790378006873;0.03126807073295329;0.019446410873566473
1897.5;0.0325497287522604;0.040427509293680296;0.0392156862745098
1899.0;0.0189328743545611;0.015871286409530037;0.019231626102365312
1900.5;0.01672535211267606;0.018470790378006873;0.04636260836788542
1902.0;0.037037037037037035;0.0367279087083759;0.03252416837415256
1903.5;0.017699115044247787;0.035650623885918005;0.04097548791302581
1905.0;0.038817005545286505;0.035650623885918005;0.021265189421015008
1906.5;0.0285204991087344;0.027699718988358095;0.04790816211461694
1908.0;0.02802491103202847;0.04087048832271763;0.056091461236155764
1909.5;0.017094017094017096;0.04087048832271763;0.02820085372938294
1911.0;0.016429426632965278;0.01766843911960692;0.027491408934707903
1912.5;0.03734355252965877;0.03282809752212599;0.03852920478536242
1914.0;0.019659185369908565;0.02569922389808171;0.04542133700015279
1915.5;0.029034312291857316;0.02848722986247544;0.027568881890853512
1917.0;0.02669539153240914;0.0161839863713799;0.055218855218855195
1918.5;0.022964015151515152;0.015414729630535846;0.03416594889463106
1920.0;0.038942267324001106;0.03684210526315789;0.029937629937629936
1921.5;0.01726263871763255;0.018964994904844528;0.025
1923.0;0.01749044044752868;0.017699115044247787;0.03071012188659247
1924.5;0.03212468193384224;0.03238269533831528;0.0352812670671764
1926.0;0.03326935380678182;0.03316662279547249;0.03469827586206897
1927.5;0.03584229390681004;0.037810773869437264;0.034256215733639184
1929.0;0.01730418943533698;0.02400793650793651;0.03981898394505846
1930.5;0.027936895921185208;0.0377710539586485;0.04741465272875982
1932.0;0.017136184245558374;0.03445525191703979;0.019230769230769232
1933.5;0.03250478011472275;0.018429899149693493;0.03402614817298022
1935.0;0.037422037422037424;0.017753283929479117;0.029492038105834086
1936.5;0.015280135823429542;0.028626393951961607;0.03095095693779904
1938.0;0.024816176470588234;0.016348533050547898;0.03164091243561443
1939.5;0.03669724770642202;0.024800846197071364;0.027713625866050806
1941.0;0.02848722986247544;0.034912718204488775;0.032542579075425786
1942.5;0.018595825426944972;0.04308252427184466;0.03817654639175258
1944.0;0.027718550106609806;0.025529865125240848;0.034408602150537634
1945.5;0.019269640210214257;0.02878937007874016;0.042166484914576516
1947.0;0.03156312625250501;0.03737309042603663;0.03434891485809683
1948.5;0.018957323977650316;0.031746031746031744;0.035885989010989015
1950.0;0.03685386088066369;0.02351778656126482;0.023949332148773955
1951.5;0.018371212121212118;0.024462004034969734;0.022344082501227696
1953.0;0.035957213384530985;0.03409915356711003;0.04045828857858933
1954.5;0.017825311942959002;0.04186203352816494;0.01982057751611999
1956.0;0.022041062801932364;0.027408279380027465;0.017205725429591198
1957.5;0.018610244807272875;0.018730958581117195;0.03074012094473814
1959.0;0.02891543420553659;0.03176742395071236;0.017042057006178994
1960.5;0.018033536949715063;0.024948024948024946;0.02396214896214896
1962.0;0.019139945314441957;0.045424870983492904;0.025972517902070832
1963.5;0.01749271137026239;0.027491408934707903;0.017387936876754766
1965.0;0.033366867873910126;0.03306628799920876;0.025806525446035178
1966.5;0.04953231292517008;0.026344152244872826;0.03038464194461709
1968.0;0.01639225298737321;0.019673731176798662;0.029702970297029705
1969.5;0.029029358897543437;0.024760765550239233;0.03498920086393088
1971.0;0.02513680619714306;0.017121863302370723;0.042207792207792215
1972.5;0.02400793650793651;0.0191371160811115;0.03765997504507875
1974.0;0.01788842784693407;0.02819414703783012;0.018532478954642544
1975.5;0.029074889867841413;0.041872254139912135;0.025808854831843333
1977.0;0.030206105385961503;0.01674403743178029;0.019027017677786424
1978.5;0.01784920676121663;0.02706000574217629;0.048104265402843606
1980.0;0.029874213836477988;0.03424502804318537;0.023031496062992124
1981.5;0.046189376443418015;0.029401154401154404;0.017499542375983893
1983.0;0.019263204616067467;0.027811860940695293;0.019664981663197544
1984.5;0.017015706806282723;0.019115674337013725;0.01810699588477366
1986.0;0.02860082304526749;0.033430726896082605;0.016901814595331032
1987.5;0.03308821796412831;0.03394145099703012;0.03397147147147147
1989.0;0.03486394557823129;0.02400793650793651;0.025708972570897257
1990.5;0.032227111421517726;0.02934537246049661;0.032886334610472544
1992.0;0.036143201726545636;0.027551020408163263;0.02373344847438111
1993.5;0.019098466389565714;0.047874824848201776;0.03397147147147147
1995.0;0.03453046433888592;0.021575984990619135;0.04026942689702413
1996.5;0.02351778656126482;0.03469827586206897;0.015370218739033806
1998.0;0.02611218568665377;0.018612132352941176;0.020192168761739633
1999.5;0.04251050962460358;0.02495201535508637;0.0178150808325662
2001.0;0.026998169615619284;0.0429281518300949;0.02673283502838705
2002.5;0.030139907421854684;0.04172335600907029;0.03658391017100238
2004.0;0.019139945314441957;0.015329448677722997;0.027551020408163263
2005.5;0.03317033414832926;0.017824497257769654;0.03476482617586912
2007.0;0.029516994633273706;0.02938725709014076;0.023203592814371257
2008.5;0.01726263871763255;0.0170487948265726;0.02542372881355932
2010.0;0.019139945314441957;0.024464831804281346;0.024378585086042064
2011.5;0.01730418943533698;0.03125;0.03187751004016064
2013.0;0.030009920634920632;0.024816176470588234;0.01835078161749423
2014.5;0.017416748873543605;0.043390105433901045;0.0153103221203973
2016.0;0.02525050100200401;0.017076054117956128;0.016838000708968452
2017.5;0.01810699588477366;0.015414729630535846;0.019731800766283527
2019.0;0.018559977888336097;0.02909270216962525;0.030257320319432124
2020.5;0.024074613815214224;0.028770882091840855;0.0279090113735783
2022.0;0.03261624237323796;0.03361344537815126;0.019673731176798662
2023.5;0.03557838660578387;0.02682774722976416;0.028633166146178352
2025.0;0.024574669187145556;0.04122506506708227;0.023274161735700197
2026.5;0.017596390484003282;0.02822066326530612;0.01645021645021645
2028.0;0.026077596751308774;0.0294761120743312;0.028050275904353158
2029.5;0.02238354506957048;0.019263204616067467;0.027557808045612926
2031.0;0.030938123752495012;0.03955924319152797;0.032886334610472544
2032.5;0.01882395123700251;0.017893106119287374;0.0356286399451867
2034.0;0.018026004728132386;0.01879117923894043;0.020446679894790272
2035.5;0.025088028169014082;0.016217853406024562;0.03469827586206897
2037.0;0.029778636683063946;0.02802491103202847;0.024574669187145556
2038.5;0.019180588061227237;0.017391304347826087;0.019138359569179784
2040.0;0.035924265072247136;0.029702970297029705;0.024054982817869414
2041.5;0.01939343350027824;0.018991486574983625;0.03101893787786228
2043.0;0.017893106119287374;0.04563583371682774;0.01845342706502636
2044.5;0.0174594690896134;0.016775599128540302;0.04195042222827568
2046.0;0.018487434139972954;0.042974229647726375;0.015831002263857863
2047.5;0.016835957338750634;0.03789132332765143;0.01756386861313869
2049.0;0.024857650156125635;0.03871514694800301;0.02964569775849602
2050.5;0.03127979199768886;0.04267689262741217;0.01929824561403509
2052.0;0.03742802303262956;0.01834061135371179;0.039754363283775046
2053.5;0.040424121935056324;0.018803418803418803;0.023031496062992124
2055.0;0.03674948240165632;0.03136882129277567;0.0170487948265726
2056.5;0.0348853766196782;0.01942319011183049;0.018010291595197254
2058.0;0.016296861819696112;0.019408502772643253;0.017971946230274694
2059.5;0.04557860262008733;0.035618500273672686;0.02682763246143528
2061.0;0.025994162714337833;0.030256012412723042;0.046143877966603734
2062.5;0.037755703342032154;0.027963943669854423;0.03326226012793177
2064.0;0.030993042378241617;0.030753138075313803;0.03976157082748948
2065.5;0.036415289256198344;0.025956284153005466;0.023394808743169397
2067.0;0.016217853406024562;0.03318419090231171;0.03061615001913509
2068.5;0.029504080351537978;0.03453802529148614;0.045951859956236324
2070.0;0.022309197651663407;0.030627490039840638;0.03969754253308129
2071.5;0.019192913385826772;0.025;0.03469827586206897
2073.0;0.01648275383440905;0.04022648941408173;0.02860082304526749
2074.5;0.027531083481349913;0.02980239714933592;0.03308039458444827
2076.0;0.03564356435643565;0.03907355021216407;0.03110117319084679
2077.5;0.01726263871763255;0.02686320604866891;0.024203298031819725
2079.0;0.02516881522406384;0.03353620044835337;0.02966804979253112
2080.5;0.019071369196057474;0.01896082698585419;0.027393124939137207
2082.0;0.03512773722627738;0.03370786516853933;0.029397233201581028
2083.5;0.028050275904353158;0.024074613815214224;0.03156312625250501
2085.0;0.023765996343692867;0.01814843954891162;0.0293705204113431
2086.5;0.029132231404958676;0.027051811095827605;0.03674948240165632
2088.0;0.03367017635361998;0.017157099212091974;0.017961645808949312
2089.5;0.031987065608130194;0.02670240913521794;0.044540886249428965
2091.0;0.03344924145711159;0.029017857142857144;0.02939958592132505
2092.5;0.024574669187145556;0.03961091054953871;0.018989551261848772
2094.0;0.017100908800752573;0.017422563586744363;0.028770882091840855
2095.5;0.034611469290804206;0.040674603174603176;0.039603960396039604
2097.0;0.019129742637304326;0.031027253668763105;0.03450226244343891
2098.5;0.02531293463143254;0.023805939510058844;0.027873994272466927
2100.0;0.03674948240165632;0.027811860940695293;0.04176459952992225
2101.5;0.042560299325182065;0.03433602347762289;0.040449438202247195
2103.0;0.044180118946474084;0.01950286806883365;0.04602803738317757
2104.5;0.015370218739033806;0.03231504499142187;0.03528138528138528
2106.0;0.024816176470588234;0.030670103092783507;0.04792899408284024
2107.5;0.04331345337768092;0.0363929998874714;0.024033467974610503
2109.0;0.01834862385321101;0.029846335697399525;0.0366662646242914
2110.5;0.018143754361479414;0.03406985676200804;0.02819414703783012
2112.0;0.018086080586080584;0.03835669781931465;0.03300733496332518
2113.5;0.03266518188567186;0.032217772569824485;0.03835669781931465
2115.0;0.032796486090775984;0.017076054117956128;0.03175107720562266
2116.5;0.03423209093312186;0.024888143176733782;0.030465949820788533
2118.0;0.026008064516129033;0.042799505496085175;0.04436789528074406
2119.5;0.023274161735700197;0.027291242362525458;0.037400928738521695
2121.0;0.029702970297029705;0.023991478072938274;0.024094115585155326
2122.5;0.02352661596958175;0.039660056657223795;0.03911639512696316
2124.0;0.02268431001890359;0.020410766679423396;0.03300733496332518
2125.5;0.021402364451691806;0.03719726812894805;0.02822066326530612
2127.0;0.03476946334089191;0.04888927759314326;0.022953790395650864
2128.5;0.03488908963163706;0.04506752117189288;0.03752800597460791
2130.0;0.024499654934437544;0.030203806266375886;0.03901496464397303
2131.5;0.01939938722177165;0.04033236293061621;0.032311893203883495
2133.0;0.024054982817869414;0.02400793650793651;0.03679229665599823
2134.5;0.043323863636363626;0.015446744068652195;0.04250672043010753
2136.0;0.032151143520053035;0.03237188019645744;0.03364719446579553
2137.5;0.03010752688172043;0.04337284482758621;0.02919600938967136
2139.0;0.030524463899817146;0.03411405295315682;0.02970469021424435
2140.5;0.048615291992775436;0.03135324734102738;0.02345410081995849
2142.0;0.01850969907117294;0.037990196078431376;0.05347682119205297
2143.5;0.022296960637767812;0.03823323751068293;0.05375744047619047
2145.0;0.0277134745577637;0.018494991767407976;0.03641603353418916
2146.5;0.027408279380027465;0.033547008547008546;0.034455003878975946
2148.0;0.033861185983827494;0.03340566468707173;0.045283388472923555
2149.5;0.03060380479735319;0.02349199212579289;0.027325711730118146
2151.0;0.02989161766401476;0.024047661128503844;0.03439838802533104
2152.5;0.017094017094017096;0.04687499999999999;0.03855635159078653
2154.0;0.03469827586206897;0.030385001210695636;0.039030612244897955
2155.5;0.024780849629130138;0.030894429237256788;0.02217228700114823
2157.0;0.018281057841059503;0.029411764705882353;0.04057971014492753
2158.5;0.024499654934437544;0.027284047903958594;0.02635753255677255
2160.0;0.024464831804281346;0.035980268884805114;0.02755773736472163
2161.5;0.024093511450381678;0.058885017421602764;0.03279290392692455
2163.0;0.039888682745825604;0.04579146862402985;0.03458989229494614
2164.5;0.0175513698630137;0.022964015151515152;0.04273927392739274
2166.0;0.017971946230274694;0.03487592219986586;0.04485049833887043
2167.5;0.024464831804281346;0.02052217855137563;0.024531516183986374
2169.0;0.02802491103202847;0.021141813376860597;0.034388021466673156
2170.5;0.030039399424981364;0.022742701968771217;0.03831328719481497
2172.0;0.03387838298008095;0.03983516483516483;0.044279427942794276
2173.5;0.02752293577981652;0.03821574642126789;0.047517123287671235
2175.0;0.03331214913674399;0.023921460176991153;0.03436018957345971
2176.5;0.032697066101095795;0.021686422413793104;0.04479768786127168
2178.0;0.03326935380678182;0.02918205623720712;0.029007238883143743
2179.5;0.027315467795016455;0.038054263783287995;0.025042904146125512
2181.0;0.026475958612294584;0.03143555710792875;0.02654212881883635
2182.5;0.018164580390260854;0.017596390484003282;0.03418935643564356
2184.0;0.036415289256198344;0.034670398009950254;0.03028503562945368
2185.5;0.024093511450381678;0.019805455274769356;0.0309436001885157
2187.0;0.015280135823429542;0.023857747857839225;0.024054982817869414
2188.5;0.022128060263653486;0.027886497064579255;0.0277363184079602
2190.0;0.02604331748547279;0.026966292134831458;0.0314477049400996
2191.5;0.026740512210534143;0.03361344537815126;0.030634573304157545
2193.0;0.0348853766196782;0.025040865350447028;0.02795584045584046
2194.5;0.03330561997695415;0.017391304347826087;0.043111139434106556
2196.0;0.02623456790123457;0.02412185205880653;0.02822066326530612
2197.5;0.02703900709219858;0.02027027027027027;0.028981264637002343
2199.0;0.017015706806282723;0.024693080357142856;0.0298263801060711
2200.5;0.037753222836095765;0.02634571645185747;0.040086887835703
2202.0;0.0363872644574399;0.03947729280716055;0.05625571237342159
2203.5;0.038986354775828465;0.0414027149321267;0.03864595546925354
2205.0;0.039603960396039604;0.04236902050113895;0.0500293427230047
2206.5;0.024054982817869414;0.024723374827109266;0.038995600386307554
2208.0;0.025152855115187247;0.04747774480712166;0.03418935643564356
2209.5;0.03164734165153465;0.040442193812607226;0.03937762463658879
2211.0;0.02909270216962525;0.039178874799950754;0.02799872733057588
2212.5;0.01810895810084204;0.02572062084257206;0.054148339147580764
2214.0;0.025529865125240848;0.02485583552714053;0.015597920277296359
2215.5;0.01726263871763255;0.038243313085077266;0.029132231404958676
2217.0;0.02724539646749342;0.04093567251461988;0.02675933970460469
2218.5;0.03156312625250501;0.025521682425823276;0.03452088897482688
2220.0;0.03404835945928794;0.03691756272401435;0.031050413020670974
2221.5;0.019427710843373493;0.04220602193097599;0.03592667223669337
2223.0;0.03412017167381975;0.03203883495145632;0.023613963039014373
2224.5;0.03266276275080003;0.0325497287522604;0.03535890918405549
2226.0;0.015414729630535846;0.02848722986247544;0.03450226244343891
2227.5;0.0350922131147541;0.030351619908311207;0.032736872983279555
2229.0;0.03726309026662384;0.027291242362525458;0.02374958704600043
2230.5;0.04446583253128008;0.03530751708428246;0.028839873257222773
2232.0;0.03798297314996725;0.029118404118404117;0.03300733496332518
2233.5;0.030938123752495012;0.029504080351537978;0.026859962301807296
2235.0;0.027886497064579255;0.02909270216962525;0.020006613756613757
2236.5;0.02724539646749342;0.02878937007874016;0.01929282065071256
2238.0;0.04236902050113895;0.0439533542241554;0.04907084785133567
2239.5;0.017373380447585393;0.03412112259970458;0.038510509938400966
2241.0;0.03409090909090909;0.024254473161033796;0.03052502487447069
2242.5;0.03212468193384224;0.02857142857142857;0.03409915356711003
2244.0;0.03564899451553931;0.03596045490684089;0.03476946334089191
2245.5;0.02861568419189237;0.026838417027710736;0.06818181818181819
2247.0;0.029647930821494754;0.027551020408163263;0.05138483965014577
2248.5;0.041250831669993354;0.027811860940695293;0.028347143480156996
2250.0;0.015731292517006803;0.02654212881883635;0.01845342706502636
2251.5;0.023642732049036778;0.02617712051674316;0.03997084874985985
2253.0;0.017699115044247787;0.02823628279944976;0.03939724830749071
2254.5;0.01702553830746119;0.03436980541703334;0.03409090909090909
2256.0;0.02703900709219858;0.03542094455852156;0.03777332158518923
2257.5;0.02752293577981652;0.035616438356164376;0.033814763869784506
2259.0;0.016863406408094434;0.027576536573965877;0.033862051748426325
2260.5;0.015871286409530037;0.026545782526192416;0.024935390587855266
2262.0;0.02802491103202847;0.025685542306724086;0.06053098711121401
2263.5;0.02802491103202847;0.031435154707044104;0.04436619718309859
2265.0;0.015095605501509561;0.029986140859266725;0.031435154707044104
2266.5;0.0161839863713799;0.04965962020781082;0.03476946334089191
2268.0;0.017754480892796753;0.0250368912936547;0.036012180590493846
2269.5;0.03844151013576343;0.030926083262531857;0.03012048192771084
2271.0;0.022727272727272728;0.029898852319921402;0.08176795580110499
2272.5;0.02352661596958175;0.0301987177251827;0.03566605279312462
2274.0;0.018708141721303972;0.03761297182349813;0.028892455858747997
2275.5;0.03250478011472275;0.017623982363866756;0.02663975782038345
2277.0;0.02495201535508637;0.03913331128018524;0.027557808045612926
2278.5;0.027406402836212974;0.028530788442136256;0.02027906069082157
2280.0;0.032302332946268345;0.029397233201581028;0.04687499999999999
2281.5;0.03530661003451022;0.02387706855791962;0.037588348682801455
2283.0;0.0175513698630137;0.019245008594473093;0.0250349192116018
2284.5;0.017824497257769654;0.024335378323108385;0.03463203463203463
2286.0;0.01882395123700251;0.037407876125958466;0.03207547169811321
2287.5;0.04024144869215292;0.02732277121374866;0.04030253336245268
2289.0;0.01749271137026239;0.042729970326409496;0.04513888888888889
2290.5;0.01879117923894043;0.019292604501607715;0.03996865203761755
2292.0;0.019345238095238096;0.037149234693877556;0.01774844024680294
2293.5;0.018610244807272875;0.03020833333333333;0.03534031413612565
2295.0;0.02675933970460469;0.03568428371953668;0.04381342077141579
2296.5;0.016913979694298784;0.046480021745039415;0.036971268954509175
2298.0;0.03112660207068012;0.033953800547971334;0.044091186374428375
2299.5;0.017699115044247787;0.01922121712624419;0.05227743271221532
2301.0;0.01865038996269922;0.03400537634408602;0.04532478091968561
2302.5;0.027531083481349913;0.02839635684289938;0.03423180592991914
2304.0;0.018470790378006873;0.030065165876777253;0.0403179190751445
2305.5;0.016745540589734254;0.02375875723423698;0.03389681281915831
2307.0;0.014945495799148322;0.026543754410726882;0.029142920883100727
2308.5;0.035572080214829514;0.04923056859676579;0.05673642903858731
2310.0;0.035572080214829514;0.02188183807439825;0.03447583224965555
2311.5;0.030743823668949708;0.027684323550465285;0.030919029723266142
2313.0;0.015095605501509561;0.034418500871509744;0.0455902530047747
2314.5;0.032256841786066255;0.0271959733723007;0.04617732877470216
2316.0;0.038655160014383315;0.03312144529943125;0.04686987872828581
2317.5;0.038655160014383315;0.047939487042479294;0.03618077324973877
2319.0;0.038655160014383315;0.027527683794274328;0.039096320346320344
2320.5;0.015809071886378992;0.03263403263403263;0.029670118910625244
2322.0;0.01488644788002137;0.02111421114211142;0.049577687306313414
2323.5;0.01830736743700201;0.019093377040459082;0.02000858502793379
2325.0;0.01597712748065927;0.017336485421591802;0.03518518518518519
2326.5;0.01850632726208763;0.02714589737526602;0.05971763023858457
2328.0;0.014945495799148322;0.025173611111111115;0.047596252478971486
2329.5;0.015095605501509561;0.029478889311525296;0.04395457581830327
2331.0;0.038817005545286505;0.028544333807491704;0.01881881881881882
2332.5;0.018010291595197254;0.022964015151515152;0.04961987061434575
2334.0;0.03409090909090909;0.01756386861313869;0.04939965694682677
2335.5;0.032697066101095795;0.03469827586206897;0.04304499366286438
2337.0;0.03061868686868687;0.03365384615384615;0.03044306109830813
2338.5;0.017754480892796753;0.030318091451292245;0.037990196078431376
2340.0;0.014945495799148322;0.02268431001890359;0.02735148514851485
2341.5;0.01836806645203033;0.04422814207650274;0.06639004149377593
2343.0;0.03571428571428571;0.018897173675989507;0.05435105435105435
2344.5;0.0161839863713799;0.02984767393989296;0.06382978723404256
2346.0;0.0161839863713799;0.0363257085311466;0.021213406873143825
2347.5;0.0189328743545611;0.025949106768691117;0.05807846771702193
2349.0;0.01597712748065927;0.023418491484184917;0.08674351585014409
2350.5;0.01850632726208763;0.025;0.09507988840984023
2352.0;0.034633078205669056;0.03879907621247114;0.048442906574394456
2353.5;0.016582472972657695;0.02851518870396161;0.022412171281338187
2355.0;0.016557768507871926;0.024093511450381678;0.04573055028462998
2356.5;0.03334073832066439;0.0161839863713799;0.06775210084033614
2358.0;0.0285204991087344;0.030338777979431342;0.06220095693779903
2359.5;0.01608187134502924;0.032886334610472544;0.03039898667563081
2361.0;0.01608187134502924;0.034642032332563515;0.06016558692143976
2362.5;0.017094017094017096;0.025039990156269225;0.06739267676767675
2364.0;0.03357531760435572;0.03140629596940276;0.028421285231811342
2365.5;0.014945495799148322;0.03896103896103897;0.043580992386453146
2367.0;0.025522755227552277;0.022789783889980354;0.051365560711355104
2368.5;0.025176372942315672;0.03383297644539615;0.03702324514135207
2370.0;0.018582093618876354;0.019263204616067467;0.03969594594594595
2371.5;0.03564899451553931;0.03752800597460791;0.03585164835164835
2373.0;0.016863406408094434;0.03919821826280624;0.12506178942165103
2374.5;0.040427509293680296;0.04017857142857143;0.03595380437757996
2376.0;0.017754480892796753;0.04024144869215292;0.08921568627450978
2377.5;0.02878937007874016;0.050214091086025675;0.0400262467191601
2379.0;0.03372140883165756;0.04922203079573598;0.05116055486883671
2380.5;0.027531083481349913;0.028160934247449546;0.07214819629509263
2382.0;0.035127911416571206;0.03441180644245779;0.05067966903073285
2383.5;0.03460837887067396;0.01934022113467464;0.04259432372145065
2385.0;0.016335052812576762;0.03305225200419371;0.03831168831168831
2386.5;0.018716969225741748;0.02866752081998719;0.026034063260340627
2388.0;0.035650623885918005;0.03571203230487728;0.046910430839002266
2389.5;0.015871286409530037;0.0345679012345679;0.0443300049794271
2391.0;0.015001087035292413;0.04045828857858933;0.032263395049087706
2392.5;0.032000890578704894;0.03433803891644411;0.032526115859449194
2394.0;0.015280135823429542;0.029937629937629936;0.05147845544277123
2395.5;0.033676001417936904;0.027737517452297054;0.04516357849522485
2397.0;0.03320921042632419;0.029573367808661925;0.032790249744519176
2398.5;0.03265254436585322;0.0216998191681736;0.05730922463990194
2400.0;0.036275860696139695;0.01537736404878336;0.04588394062078272
2401.5;0.017094017094017096;0.03876043673731535;0.03472788196811057
2403.0;0.015871286409530037;0.028865979381443297;0.03168620882188721
2404.5;0.025573192239858905;0.051554506099960644;0.05491698595146871
2406.0;0.016863406408094434;0.017305765552418254;0.039499321036221544
2407.5;0.03764790247400502;0.03879026955950033;0.028149748020158384
2409.0;0.035774141714325206;0.01702553830746119;0.07958493119783439
2410.5;0.015769487034319674;0.04154589371980676;0.036652653704676824
2412.0;0.025573192239858905;0.027718550106609806;0.05305538312987103
2413.5;0.03598346705567712;0.02695167286245353;0.04456429297293185
2415.0;0.03858520900321543;0.01783664661861255;0.03949086161879895
2416.5;0.03760041018629294;0.033474277660324174;0.0403179190751445
2418.0;0.01865038996269922;0.037715860937713584;0.0532785489227625
2419.5;0.037753222836095765;0.027811860940695293;0.04478949439612299
2421.0;0.01882395123700251;0.01917668766304002;0.05128205128205128
2422.5;0.015109552273918112;0.03061868686868687;0.04654307267461439
2424.0;0.03390373449655822;0.030245746691871456;0.04304729538374397
2425.5;0.025088028169014082;0.015597920277296359;0.031534860803153486
2427.0;0.03722426470588235;0.034088854059919224;0.04589301373867291
2428.5;0.02802491103202847;0.031183368869936036;0.042625691140542626
2430.0;0.02802491103202847;0.038289975200146466;0.11883301707779886
2431.5;0.03466050479914682;0.030009052504526255;0.04460305873086232
2433.0;0.02460456942003515;0.0282852306735392;0.03400537634408602
2434.5;0.03212468193384224;0.03684210526315789;0.05347539320142059
2436.0;0.026998169615619284;0.02538726916052222;0.05241317095173658
2437.5;0.030993042378241617;0.030390539053905395;0.038101604278074866
2439.0;0.015280135823429542;0.018026004728132386;0.07305433186490452
2440.5;0.026592455163883737;0.02268431001890359;0.0203795001146526
2442.0;0.024816176470588234;0.025745257452574524;0.03415421037972333
2443.5;0.027609028498049096;0.01608417175356681;0.04277244494635799
2445.0;0.019013666072489603;0.024412296564195298;0.043048584456910406
2446.5;0.024664750957854403;0.03020833333333333;0.038101604278074866
2448.0;0.03212468193384224;0.029819184799264483;0.04495933104575316
2449.5;0.02848722986247544;0.03645044118762484;0.034459459459459454
2451.0;0.03372140883165756;0.026282678750927227;0.05133928571428571
2452.5;0.0161839863713799;0.023765996343692867;0.03921955503725362
2454.0;0.03564899451553931;0.03136882129277567;0.033542816268138154
2455.5;0.024093511450381678;0.0170487948265726;0.07031509121061358
2457.0;0.025806525446035178;0.03848310366392789;0.05499113887548489
2458.5;0.016893192636230753;0.034774142684043156;0.046806407247962555
2460.0;0.0189328743545611;0.030938123752495012;0.03447078054760932
2461.5;0.043526462932613516;0.02806089536833957;0.04830483048304831
2463.0;0.01837199539196607;0.016043635035830027;0.05392287810090391
2464.5;0.0178467913742533;0.02352661596958175;0.03157595122667842
2466.0;0.017373380447585393;0.0188212927756654;0.026942088533721365
2467.5;0.029874213836477988;0.0161839863713799;0.04197237043445597
2469.0;0.04195042222827568;0.024816176470588234;0.059701492537313446
2470.5;0.026548672566371685;0.03466050479914682;0.049788731917396946
2472.0;0.0285204991087344;0.017547197908565945;0.03647638693581227
2473.5;0.04083665338645418;0.01597712748065927;0.07554702094677851
2475.0;0.03528138528138528;0.017754480892796753;0.05368916797488225
2476.5;0.04446583253128008;0.015809071886378992;0.06255877504508392
2478.0;0.01882395123700251;0.0189328743545611;0.041018706333107946
2479.5;0.03282828282828283;0.036646406864497674;0.05913890758759493
2481.0;0.028073770491803277;0.016863406408094434;0.050786167120591384
2482.5;0.02587800369685767;0.015871286409530037;0.07904039474168727
2484.0;0.035522291222541476;0.02752293577981652;0.04018765738728483
2485.5;0.02819414703783012;0.01848360454802751;0.04102852223948975
2487.0;0.03291148066799149;0.03466050479914682;0.028446616450874516
2488.5;0.027531083481349913;0.01865038996269922;0.08324738750195587
2490.0;0.0189328743545611;0.03320921042632419;0.036231884057971016
2491.5;0.01658516707416463;0.031723651744800845;0.050381679389312976
2493.0;0.02238354506957048;0.018544683857294242;0.026825436923085855
2494.5;0.03133759902498476;0.01609856376920299;0.02915755689345066
2496.0;0.016335052812576762;0.03357531760435572;0.07315219252228954
2497.5;0.0285204991087344;0.03412017167381975;0.03571428571428571
2499.0;0.029874213836477988;0.01607742609273567;0.03900979325353644
2500.5;0.038041387799061466;0.029504080351537978;0.07867383512544802
2502.0;0.017699115044247787;0.015225395561747438;0.030988302603993188
2503.5;0.03699819520998976;0.039603960396039604;0.1000414250207125
2505.0;0.027531083481349913;0.03902213310711807;0.0745241299750048
2506.5;0.016335052812576762;0.029017857142857144;0.039081885856079406
2508.0;0.036415289256198344;0.028073770491803277;0.028538936423697602
2509.5;0.01675203627508607;0.027055702917771884;0.03577583345726907
2511.0;0.03635214288000513;0.0189328743545611;0.037894092439546986
2512.5;0.0189328743545611;0.024114774114774116;0.034530727635800666
2514.0;0.03364485981308411;0.032256841786066255;0.050569800569800566
2515.5;0.025529865125240848;0.026548672566371685;0.043881130366384025
2517.0;0.03801927875911337;0.027531083481349913;0.06349206349206349
2518.5;0.040424121935056324;0.030993042378241617;0.039744657725658133
2520.0;0.03584905660377359;0.019013666072489603;0.05612516644474035
2521.5;0.028865979381443297;0.03617216117216117;0.04699962882927391
2523.0;0.03433803891644411;0.03768591312195207;0.030195337740444354
2524.5;0.01592315862725708;0.03091538715963386;0.031168831168831165
2526.0;0.02752293577981652;0.026060070671378093;0.03954154727793697
2527.5;0.019263204616067467;0.03764790247400502;0.03725980784627702
2529.0;0.028592491527661634;0.015871286409530037;0.037513870674871386
2530.5;0.027246992215145083;0.03841245791927793;0.07100785340314138
2532.0;0.02966804979253112;0.037753222836095765;0.03374746884850269
2533.5;0.018010291595197254;0.015871286409530037;0.04618093174431202
2535.0;0.02400793650793651;0.03173139329252938;0.045600233100233104
2536.5;0.029074889867841413;0.032886334610472544;0.026798708759643266
2538.0;0.02903803691205266;0.03639029592108771;0.03671792971403866
2539.5;0.0162748643761302;0.034891161379767985;0.0379092860976919
2541.0;0.030257320319432124;0.040968342644320296;0.04643225141679547
2542.5;0.032026979294568825;0.015280135823429542;0.03728158937633457
2544.0;0.023274161735700197;0.024464831804281346;0.054700009960083076
2545.5;0.025172165690204543;0.03722426470588235;0.049699739449081126
2547.0;0.018494133535916266;0.015001087035292413;0.02050959421201636
2548.5;0.03442728442728442;0.03617216117216117;0.04072164948453609
2550.0;0.022727272727272728;0.041250831669993354;0.025361649738381044
2551.5;0.02966804979253112;0.01879117923894043;0.02567720090293454
2553.0;0.024501992031872512;0.01879117923894043;0.044220945083014045
2554.5;0.018242207460398566;0.03927043886338758;0.035526315789473684
2556.0;0.01834061135371179;0.03397147147147147;0.01796294199781124
2557.5;0.03394075812360815;0.018197573656845753;0.3457382953181277
2559.0;0.019345238095238096;0.0170487948265726;0.041984331206535365
2560.5;0.02891543420553659;0.03935185185185185;0.037149234693877556
2562.0;0.025956284153005466;0.027291242362525458;0.036927877947295414
2563.5;0.026839699159416013;0.016988416988416986;0.04224593417356117
2565.0;0.024693975170134587;0.030185758513931894;0.03297872340425532
2566.5;0.023762376237623763;0.024054982817869414;0.06424399740428294
2568.0;0.018160893671870206;0.043010752688172046;0.03598272699232131
2569.5;0.017596390484003282;0.04557860262008733;0.05860805860805861
2571.0;0.016581225528683078;0.018876611418047883;0.027071750686755238
2572.5;0.01772899957788096;0.01845400161997053;0.029846335697399525
2574.0;0.04017857142857143;0.016988416988416986;0.034333013435700575
2575.5;0.01752580578190316;0.040343486714193126;0.04595347313237221
2577.0;0.02494777243356168;0.01865038996269922;0.0360313315926893
2578.5;0.01512779241718377;0.024114774114774116;0.04863823971950362
2580.0;0.029478889311525296;0.026998169615619284;0.05629251700680272
2581.5;0.0350922131147541;0.02878937007874016;0.026390318106572414
2583.0;0.022532370940529317;0.03423209093312186;0.03854672459323622
2584.5;0.04193376068376069;0.04093567251461988;0.03331405612710781
2586.0;0.04113010574176276;0.02500730733006398;0.046153846153846156
2587.5;0.024464831804281346;0.03326935380678182;0.025756891098056938
2589.0;0.025176372942315672;0.03608247422680412;0.039225260416666664
2590.5;0.025522755227552277;0.025590081856473018;0.03138777828756199
2592.0;0.017754480892796753;0.037753222836095765;0.03639846743295019
2593.5;0.022405660377358493;0.03512773722627738;0.044226498889711335
2595.0;0.01772899957788096;0.026344152244872826;0.04792899408284024
2596.5;0.016403046280023436;0.03480383294160188;0.058885017421602764
2598.0;0.03409090909090909;0.02860082304526749;0.04197877652933833
2599.5;0.026008064516129033;0.040968342644320296;0.031146756324495966
2601.0;0.027915869980879544;0.03411405295315682;0.026208962873702973
2602.5;0.019138359569179784;0.03942004461195293;0.0621322664156272
2604.0;0.018170805572380377;0.024093511450381678;0.0345222305081015
2605.5;0.017103889041287075;0.03589420654911838;0.05171575775250316
2607.0;0.026779422128259334;0.030485213729694233;0.03608815426997245
2608.5;0.019375364664178694;0.01672535211267606;0.04722962355673977
2610.0;0.03906679289502082;0.024464831804281346;0.02600685090957465
2611.5;0.037753222836095765;0.02569922389808171;0.03807394930888236
2613.0;0.033170912304587206;0.0350922131147541;0.0286762254084695
2614.5;0.029937629937629936;0.03581871345029239;0.032960749511334785
2616.0;0.03020833333333333;0.018482048174519015;0.03649213617360143
2617.5;0.021832358674463936;0.018876611418047883;0.026724531749657377
2619.0;0.030993042378241617;0.018354055654233276;0.03030168062236475
2620.5;0.03153858193770543;0.02623456790123457;0.0663946043692879
2622.0;0.023244781783681213;0.031746031746031744;0.044526901669758805
2623.5;0.01756386861313869;0.02813238770685579;0.04079396005845105
2625.0;0.03208072609334273;0.023750573131591016;0.024784334023464458
2626.5;0.0386416861826698;0.01754187841144363;0.02569636740558088
2628.0;0.024464831804281346;0.02428760067333958;0.03536758806797462
2629.5;0.026881720430107524;0.04222520107238606;0.041455659613828195
2631.0;0.024501992031872512;0.018210022256693867;0.021537726838586436
2632.5;0.024054982817869414;0.026198386331276694;0.039285714285714285
2634.0;0.02491909385113269;0.01935682865202289;0.03263643132628902
2635.5;0.01834061135371179;0.05070422535211268;0.023762376237623763
2637.0;0.01749271137026239;0.027966019116461596;0.01730418943533698
2638.5;0.017373380447585393;0.03139271895339182;0.02867383512544803
2640.0;0.03241525423728814;0.026243949699349227;0.03299594223529453
2641.5;0.03474178403755869;0.0279090113735783;0.023613963039014373
2643.0;0.030495759947814744;0.035362194599228465;0.0178045515394913
2644.5;0.03979511426319937;0.025363299064698152;0.02909270216962525
2646.0;0.027735580346546402;0.027833668678739105;0.02878937007874016
2647.5;0.020024461330280005;0.03528138528138528;0.03085485307212823
2649.0;0.018167188660691173;0.029702970297029705;0.018876611418047883
2650.5;0.019345238095238096;0.02934537246049661;0.027315467795016455
2652.0;0.0189328743545611;0.025400139178844813;0.01929282065071256
2653.5;0.018630440809537012;0.029449988396379672;0.01623908800396337
2655.0;0.029573367808661925;0.02606612988729535;0.03966323666978484
2656.5;0.02722345405272235;0.027886497064579255;0.044529343778091694
2658.0;0.017824497257769654;0.02520098948670377;0.025162230168189643
2659.5;0.018020513790726903;0.019369714035034024;0.03469827586206897
2661.0;0.041566746602717815;0.03684210526315789;0.017187160350699227
2662.5;0.030975387938384585;0.02278882166522616;0.033474277660324174
2664.0;0.0414027149321267;0.032862407862407864;0.02909270216962525
2665.5;0.04574428196475439;0.034408602150537634;0.017830478700043915
2667.0;0.02506156335748962;0.024464831804281346;0.017699115044247787
2668.5;0.04600694444444444;0.028405142460041694;0.017825311942959002
2670.0;0.023729534158982015;0.02041832669322709;0.03964465658976399
2671.5;0.032793150894358664;0.035631682832612824;0.019192913385826772
2673.0;0.01733025239957341;0.025529865125240848;0.0332774584202583
2674.5;0.018991486574983625;0.03476946334089191;0.02833675564681725
2676.0;0.03442992371233162;0.028811626410901223;0.04959848842701937
2677.5;0.03564698492462312;0.018323203432248837;0.03287370365521956
2679.0;0.028433476394849784;0.022959183673469385;0.0250508011656821
2680.5;0.030110079861860563;0.026865706685987034;0.031456657730116175
2682.0;0.03074394741061408;0.03089668502497584;0.017615389503562125
2683.5;0.029090182101596945;0.03297872340425532;0.018086080586080584
2685.0;0.034611469290804206;0.015517241379310345;0.015139193690331638
2686.5;0.0301997741345068;0.023765996343692867;0.03696682464454976
2688.0;0.029135338345864664;0.027032520325203254;0.017202407162777045
2689.5;0.03004578405188859;0.035378891189790734;0.03362011573718442
2691.0;0.019944341372912802;0.0348853766196782;0.03383660698462871
2692.5;0.01549874155517287;0.01685212062570553;0.0370850622406639
2694.0;0.036415289256198344;0.0400721990760059;0.02756552858110069
2695.5;0.015139193690331638;0.019801980198019802;0.015071676345192823
2697.0;0.030245746691871456;0.024254473161033796;0.019139945314441957
2698.5;0.04280472890338361;0.023359470033205116;0.024378585086042064
2700.0;0.024664750957854403;0.02844359220198146;0.030627490039840638
2701.5;0.03528138528138528;0.02614607209835382;0.019139945314441957
2703.0;0.03542094455852156;0.024784482758620687;0.03466050479914682
2704.5;0.02848722986247544;0.018549642079053845;0.024203298031819725
2706.0;0.025955479490114577;0.02126119010005266;0.018919017821202474
2707.5;0.018876611418047883;0.03218088858490381;0.01834862385321101
2709.0;0.029310623836880004;0.03207212533254508;0.025772579946528054
2710.5;0.02569922389808171;0.020409547057228097;0.035751028806584366
2712.0;0.025754527162977867;0.027587890625;0.039046777597801015
2713.5;0.03134646088344864;0.022789783889980354;0.027250706499798143
2715.0;0.032135306553911204;0.024957210205491104;0.03285398990400403
2716.5;0.03982067510548524;0.03350515463917526;0.03364485981308411
2718.0;0.03878406708595388;0.016806227149428;0.023418491484184917
2719.5;0.03423209093312186;0.018876611418047883;0.0161839863713799
2721.0;0.03669724770642202;0.026457750968564567;0.02587800369685767
2722.5;0.03764790247400502;0.024784482758620687;0.03061868686868687
2724.0;0.018197573656845753;0.024254473161033796;0.03608247422680412
2725.5;0.017799021627615652;0.03584015103838892;0.033373349339735896
2727.0;0.018532729644693425;0.02860082304526749;0.040138500975628426
2728.5;0.03469827586206897;0.018487434139972954;0.027021031147395506
2730.0;0.01925569586423465;0.024664750957854403;0.042157659488013005
2731.5;0.015225395561747438;0.030110079861860563;0.020410766679423396
2733.0;0.0153103221203973;0.032793150894358664;0.016335052812576762
2734.5;0.017368069472277887;0.0160791765709619;0.0285204991087344
2736.0;0.026998169615619284;0.01537736404878336;0.031514178705189945
2737.5;0.030318091451292245;0.016988416988416986;0.02003052270125906
2739.0;0.024114774114774116;0.023274161735700197;0.015338486234963828
2740.5;0.016838000708968452;0.018089085345120708;0.023607016592682953
2742.0;0.015414729630535846;0.023809523809523808;0.033861185983827494
2743.5;0.017094017094017096;0.023762376237623763;0.03450828390459855
2745.0;0.02878937007874016;0.01862097440132122;0.016356453254587282
2746.5;0.01675203627508607;0.031027253668763105;0.024412296564195298
2748.0;0.0164222112493538;0.02845852328405266;0.043770764119601326
2749.5;0.023465703971119134;0.01883649166795308;0.024692829429423656
2751.0;0.02452743199631166;0.023031496062992124;0.03326935380678182
2752.5;0.024038363432302826;0.026720241084881968;0.04334677419354839
2754.0;0.02937023964332157;0.018544683857294242;0.02848722986247544
2755.5;0.01713180436584692;0.030938123752495012;0.03676148796498906
2757.0;0.019345238095238096;0.026073619631901836;0.028433476394849784
2758.5;0.030896333182435492;0.020583379196477708;0.04489679005044999
2760.0;0.018371212121212118;0.018344149034008952;0.02559877080079116
2761.5;0.016970379061804076;0.043686473807662225;0.0322869008235377
2763.0;0.036665513663092356;0.03128578607854607;0.037973016883699875
2764.5;0.02795584045584046;0.019675925925925927;0.040968342644320296
2766.0;0.018846829579939307;0.030009920634920632;0.02860082304526749
2767.5;0.022789783889980354;0.02102803738317757;0.01995528228060369
2769.0;0.03185654008438818;0.025606189263138037;0.03299954483386436
2770.5;0.017959282598158023;0.01881299324536857;0.024464831804281346
2772.0;0.046747025189306145;0.03825903825903826;0.049459684123025774
2773.5;0.029937629937629936;0.017279543020349876;0.016956577263129137
2775.0;0.03534031413612565;0.025952008346374546;0.03061615001913509
2776.5;0.04408144104044233;0.0356286399451867;0.02494777243356168
2778.0;0.01784110394382298;0.025044797160157284;0.020618556701030927
2779.5;0.03020833333333333;0.04278975741239892;0.03208556149732621
2781.0;0.01810699588477366;0.022163179936622555;0.04400549639299211
2782.5;0.03050595238095238;0.019801980198019802;0.029491419806346467
2784.0;0.038884175051984986;0.019598155467720684;0.04135350119002882
2785.5;0.019408502772643253;0.03498920086393088;0.025820463320463317
2787.0;0.03119981929813754;0.033366867873910126;0.033556149732620326
2788.5;0.029411764705882353;0.026096528213465735;0.024820462884070322
2790.0;0.016489746787966542;0.05105377906976744;0.016962900268020876
2791.5;0.01845342706502636;0.031198686371100164;0.043272140407504545
2793.0;0.018423701999137062;0.04589301373867291;0.03396624472573839
2794.5;0.03441180644245779;0.029895712630359214;0.03815937149270483
2796.0;0.036165577342047936;0.025340156847676105;0.017391304347826087
2797.5;0.018413173652694608;0.034459459459459454;0.020788912579957356
2799.0;0.032399746717532485;0.03430114467427414;0.03317745583470872
2800.5;0.02813238770685579;0.02569922389808171;0.033476658476658476
2802.0;0.027332170880557977;0.02833675564681725;0.029968610788479347
2803.5;0.033516318505947024;0.018571496800076418;0.02915766738660907
2805.0;0.0356286399451867;0.029445894981143025;0.04170557111733582
2806.5;0.01881607358178402;0.03245382585751979;0.03957382039573821
2808.0;0.016335052812576762;0.025710379611514095;0.04701249674563916
2809.5;0.03535245814226298;0.02149304527966854;0.019903874223278703
2811.0;0.018832655731576244;0.026085434173669465;0.0400262467191601
2812.5;0.017302798982188294;0.027718550106609806;0.06257783312577832
2814.0;0.018487434139972954;0.027777777777777776;0.0396083385975995
2815.5;0.022789783889980354;0.030717844187744894;0.034373071262403264
2817.0;0.027332170880557977;0.0386416861826698;0.038953561566804025
2818.5;0.015654541329501625;0.04249929636926541;0.025129583413323095
2820.0;0.026060070671378093;0.03168620882188721;0.05623433583959899
2821.5;0.03713154086373677;0.04444684528954191;0.03389284237313611
2823.0;0.017368069472277887;0.028105106325342005;0.03571064177124783
2824.5;0.026774847870182555;0.02867225408028231;0.037282472331598496
2826.0;0.03919631093544137;0.03237188019645744;0.029909309856071174
2827.5;0.029411764705882353;0.029993928354584087;0.02675333338444906
2829.0;0.018631556533465824;0.019558350445896183;0.046782762691853594
2830.5;0.03268665490887713;0.02934537246049661;0.025494019382439392
2832.0;0.024114774114774116;0.03620663662707919;0.03347578347578348
2833.5;0.018026004728132386;0.052599486521181;0.03282077582166889
2835.0;0.02861568419189237;0.03706140350877192;0.02553546130975453
2836.5;0.015096975458092843;0.01941684776984373;0.03307685763576547
2838.0;0.0325497287522604;0.033445440956651716;0.030487582207229545
2839.5;0.026148673888681355;0.01732653226459396;0.03791773778920309
2841.0;0.015245106155354892;0.03208232445520581;0.050806451612903224
2842.5;0.032886334610472544;0.03979885057471264;0.03463203463203463
2844.0;0.018354055654233276;0.03711568144841684;0.026190384318567683
2845.5;0.015225395561747438;0.022416103822092713;0.03526339308606885
2847.0;0.015069294547215105;0.03450226244343891;0.048889561603874844
2848.5;0.025088028169014082;0.027104705609378506;0.02908767905732083
2850.0;0.035127911416571206;0.03766025641025641;0.04037352375720955
2851.5;0.02703900709219858;0.030634573304157545;0.06396012378989958
2853.0;0.03864818325709216;0.02343480758184951;0.03170321586211729
2854.5;0.037753222836095765;0.02542372881355932;0.029547930283224402
2856.0;0.029017857142857144;0.03362500687909306;0.021643764918392358
2857.5;0.04057719431485299;0.04558580858085808;0.017056829405012946
2859.0;0.015871286409530037;0.026351523381142324;0.039735767233119855
2860.5;0.01663225731761437;0.029702970297029705;0.030967702951750803
2862.0;0.036646406864497674;0.02876871704214073;0.03689064558629775
2863.5;0.038655160014383315;0.03745644599303136;0.07207031249999998
2865.0;0.040080752375793983;0.03852920478536242;0.03759733422809474
2866.5;0.0230722525804493;0.042200863606808824;0.05690574985180793
2868.0;0.017883272962794156;0.0153103221203973;0.039392687166918405
2869.5;0.027798718431963815;0.03801916932907348;0.023353855812124177
2871.0;0.023274161735700197;0.01805416248746239;0.03949086161879895
2872.5;0.017094017094017096;0.02795584045584046;0.03155176024385136
2874.0;0.018010291595197254;0.06105695459879049;0.04372186231228877
2875.5;0.017623877982923447;0.04520697167755991;0.041474522110177756
2877.0;0.0161839863713799;0.026392763927639274;0.03230894645781339
2878.5;0.015095605501509561;0.0413874655104454;0.039757853403141356
2880.0;0.029397233201581028;0.02619047619047619;0.0462691430433366
2881.5;0.025772579946528054;0.024396149422817183;0.021032617428097047
2883.0;0.03136882129277567;0.046747025189306145;0.021652937449081196
2884.5;0.015095605501509561;0.018143754361479414;0.04454303581936079
2886.0;0.027531083481349913;0.019013032926225155;0.028405074298416152
2887.5;0.01597712748065927;0.04336043360433604;0.04093241620264221
2889.0;0.019139945314441957;0.028892455858747997;0.034866898148148154
2890.5;0.024664750957854403;0.017916951191753648;0.03060380479735319
2892.0;0.036495849626123344;0.03498920086393088;0.03766707485474584
2893.5;0.029291649063512178;0.02848722986247544;0.029091411721341685
2895.0;0.03858564130142512;0.02891543420553659;0.026797822557539874
2896.5;0.01874107841782935;0.0364671199495595;0.036652653704676824
2898.0;0.02752293577981652;0.018683274021352312;0.03619857839051233
2899.5;0.0258142564675228;0.0414027149321267;0.04831991113579561
2901.0;0.030993042378241617;0.027777777777777776;0.03002643302094309
2902.5;0.018026004728132386;0.034869611403550445;0.019639853524166105
2904.0;0.017623877982923447;0.04849884526558891;0.04124580596888539
2905.5;0.0340398201669878;0.02003052270125906;0.025761124121779857
2907.0;0.035111196074682986;0.027331686226065473;0.029220779220779217
2908.5;0.03969072164948454;0.0441017316017316;0.05304832000450653
2910.0;0.037617657109129884;0.0196078431372549;0.02668085923185649
2911.5;0.0319262493934983;0.03767313019390582;0.03422780062035634
2913.0;0.0287116905831379;0.03040145249142626;0.046795274853175285
2914.5;0.039473684210526314;0.030438680697687053;0.030726256983240222
2916.0;0.02598858540562576;0.044520547945205484;0.02646937169915299
2917.5;0.01882395123700251;0.02915766738660907;0.08230377906976745
2919.0;0.04154589371980676;0.03689567430025445;0.03255721408724692
2920.5;0.018848906360245943;0.0288357500553064;0.030128205128205132
2922.0;0.02848722986247544;0.017796927688272762;0.02769976517630638
2923.5;0.017373380447585393;0.01801882250625087;0.03316570881226053
2925.0;0.02752293577981652;0.03047703180212014;0.02081740664510438
2926.5;0.026475958612294584;0.01789799878363115;0.033493279432564756
2928.0;0.03696682464454976;0.024166411746711535;0.03151689506029351
2929.5;0.016897746967071057;0.018170805572380377;0.04141732690542969
2931.0;0.015188609731168737;0.025382025382025386;0.03920807453416149
2932.5;0.03584905660377359;0.03877068557919622;0.03212682379349045
2934.0;0.01858759764068229;0.030894498987065602;0.02145533156331658
2935.5;0.027531083481349913;0.024637681159420288;0.04037352375720955
2937.0;0.030993042378241617;0.025;0.037454991362708974
2938.5;0.02752293577981652;0.01992774510934317;0.026880554953392585
2940.0;0.0321878706485571;0.05387288977159879;0.04077431829386192
2941.5;0.016664722618075594;0.03512515945037517;0.04299548199255478
2943.0;0.022041062801932364;0.020764893617309935;0.05151610350926185
2944.5;0.04273084479371316;0.02884435287507024;0.030508612917485183
2946.0;0.028580208973570994;0.030040869882388126;0.03030168062236475
2947.5;0.031746031746031744;0.039504716981132074;0.023908604129317203
2949.0;0.03460837887067396;0.029098731884057972;0.029706253948199618
2950.5;0.014945495799148322;0.03142914884300583;0.030664395229982974
2952.0;0.017971946230274694;0.031570762052877135;0.028385295486272683
2953.5;0.015095605501509561;0.03589420654911838;0.028981264637002343
2955.0;0.018197573656845753;0.03261125829424203;0.028335301062573787
2956.5;0.027762308282785714;0.026339285714285714;0.027032520325203254
2958.0;0.029712289247882735;0.01992774510934317;0.026336477987421385
2959.5;0.03651796288985393;0.029118404118404117;0.03484226314883572
2961.0;0.03827671913835957;0.028995539147823407;0.021610538725716333
2962.5;0.02516881522406384;0.03745472255197394;0.03067237446363792
2964.0;0.016897746967071057;0.06650990930466913;0.034688346883468835
2965.5;0.017094017094017096;0.017579697737694636;0.018737131091283457
2967.0;0.019142066420664204;0.04351204351204352;0.04208630857224058
2968.5;0.018197573656845753;0.019395134779750165;0.021886081560283686
2970.0;0.025573192239858905;0.02724428139835995;0.04717933491686461
2971.5;0.031723651744800845;0.026073619631901836;0.03771804448781983
2973.0;0.031723651744800845;0.019659185369908565;0.0340358527131783
2974.5;0.032256841786066255;0.022742701968771217;0.020880943091243522
2976.0;0.039888682745825604;0.034611469290804206;0.04170557111733582
2977.5;0.03130908265900325;0.029891304347826088;0.04513888888888889
2979.0;0.035437678433415665;0.018544683857294242;0.03216592151018381
2980.5;0.035437678433415665;0.03548336472065286;0.03893932154801719
2982.0;0.037210128013628566;0.038542607648298706;0.029902163428413942
2983.5;0.017427438387099873;0.03103805277947981;0.037848335827809845
2985.0;0.015695763321720377;0.04583003585864759;0.0374052584126054
2986.5;0.026060070671378093;0.03411405295315682;0.03194713380198735
2988.0;0.015809071886378992;0.023274161735700197;0.03835929135607943
2989.5;0.038984406237504994;0.05124892334194659;0.020337065942766654
2991.0;0.02760404051916967;0.01776188118530153;0.040097949188858284
2992.5;0.03569402903574687;0.03004578405188859;0.0403179190751445
2994.0;0.024122807017543862;0.04267689262741217;0.035152409046214354
2995.5;0.01850632726208763;0.024923866004167336;0.04041450777202072
2997.0;0.014910112661872163;0.028407098803557015;0.03960223794571123
2998.5;0.018026004728132386;0.017901661774562067;0.03307086614173229
3000.0;0.015069294547215105;0.015280135823429542;0.03594686116176087
3001.5;0.01865038996269922;0.02495201535508637;0.06009883628248046
3003.0;0.025573192239858905;0.028626139699449837;0.027488831828763695
3004.5;0.016863406408094434;0.03238269533831528;0.03386061034523388
3006.0;0.015871286409530037;0.03436018957345971;0.05555555555555555
3007.5;0.015871286409530037;0.03326935380678182;0.042267025100778434
3009.0;0.015871286409530037;0.03160767554530645;0.032020997375328084
3010.5;0.015871286409530037;0.02833675564681725;0.049856683748805704
3012.0;0.017498443680569787;0.03423209093312186;0.032807412972702225
3013.5;0.018354055654233276;0.019427710843373493;0.05697601010101009
3015.0;0.022727272727272728;0.026548438327157226;0.04888372614574976
3016.5;0.017754480892796753;0.01865038996269922;0.037728658536585365
3018.0;0.017547197908565945;0.029132231404958676;0.034724261094702225
3019.5;0.03466050479914682;0.0409705648369133;0.03425138985947683
3021.0;0.025088028169014082;0.04092607185593789;0.06401869158878502
3022.5;0.03466050479914682;0.03557838660578387;0.0363060477086014
3024.0;0.03466050479914682;0.03676148796498906;0.05796453524715339
3025.5;0.03966822935448972;0.017697567180791858;0.030913978494623653
3027.0;0.015001087035292413;0.0161839863713799;0.03471959562197867
3028.5;0.031723651744800845;0.017547197908565945;0.053639846743295014
3030.0;0.01597712748065927;0.018832655731576244;0.04651503800879226
3031.5;0.014910112661872163;0.035751028806584366;0.042677791195602194
3033.0;0.0189328743545611;0.027324375507259448;0.03548303548303548
3034.5;0.018010291595197254;0.018323203432248837;0.032964358612027005
3036.0;0.014945495799148322;0.015879968453896016;0.04500534188034188
3037.5;0.018314772574802095;0.029702970297029705;0.03841726881027766
3039.0;0.017094017094017096;0.018020513790726903;0.0553935860058309
3040.5;0.017094017094017096;0.03905897752890698;0.04018628992575212
3042.0;0.017754480892796753;0.025240384615384616;0.031326781326781336
3043.5;0.01842179442537598;0.034611469290804206;0.09035763069663473
3045.0;0.02460456942003515;0.04661312849162011;0.09558823529411767
3046.5;0.019013666072489603;0.024276859504132234;0.041689905186837704
3048.0;0.018848906360245943;0.018497592665217614;0.03159268929503917
3049.5;0.027531083481349913;0.018278787694499202;0.030681385610963074
3051.0;0.0285204991087344;0.018354055654233276;0.039030612244897955
3052.5;0.03798297314996725;0.018283166109253065;0.04892781636967684
3054.0;0.03669724770642202;0.018047156089719053;0.04048370136698213
3055.5;0.03608247422680412;0.024074613815214224;0.08918406072106264
3057.0;0.03924126754390435;0.019397273031533303;0.03323845426792834
3058.5;0.01597712748065927;0.025240384615384616;0.04964764181483141
3060.0;0.03320921042632419;0.036415289256198344;0.035625423307835476
3061.5;0.03320921042632419;0.03106153425989261;0.04202444232429241
3063.0;0.03841245791927793;0.03757366008792442;0.04116372640049521
3064.5;0.03617216117216117;0.02934537246049661;0.04565153811384967
3066.0;0.03768591312195207;0.019378633864652137;0.039460020768431976
3067.5;0.015095605501509561;0.02691537465372131;0.038090936464920205
3069.0;0.015095605501509561;0.030009920634920632;0.03870884773662551
3070.5;0.03902213310711807;0.028429892596255613;0.03704735376044569
3072.0;0.036514961411379304;0.024680995159571346;0.053807703616583345
3073.5;0.039754363283775046;0.030288461538461535;0.03641603353418916
3075.0;0.027531083481349913;0.024310194597734536;0.0434922867408062
3076.5;0.03764790247400502;0.04301112257768605;0.028715365239294716
3078.0;0.03764790247400502;0.01819154628143392;0.03510592282621816
3079.5;0.03564899451553931;0.028433476394849784;0.043283582089552235
3081.0;0.03061868686868687;0.03357632779114447;0.03753501400560224
3082.5;0.02703900709219858;0.01798123036655634;0.04889536175359779
3084.0;0.03902213310711807;0.03460837887067396;0.04704968944099378
3085.5;0.03466050479914682;0.03879026955950033;0.0903954802259887
3087.0;0.014945495799148322;0.03505775102889764;0.05190861769809139
3088.5;0.03764790247400502;0.027250706499798143;0.04170557111733582
3090.0;0.04229122055674518;0.05065359477124184;0.040265595695909984
3091.5;0.03598346705567712;0.02352661596958175;0.0625
3093.0;0.035650623885918005;0.023762376237623763;0.0859550561797753
3094.5;0.02516881522406384;0.025745257452574524;0.03608963019902386
3096.0;0.03638309256286784;0.015935699948255177;0.03249725684686024
3097.5;0.03748467708982989;0.030009920634920632;0.028579410991322638
3099.0;0.01897923971725942;0.023230409989677597;0.05795771843065252
3100.5;0.024464831804281346;0.025605214152700187;0.046107506950880436
3102.0;0.03764790247400502;0.03379065040650407;0.03933251433251433
3103.5;0.01663225731761437;0.029702970297029705;0.11763236763236767
3105.0;0.025088028169014082;0.0386689732370001;0.05937604830593761
3106.5;0.023765996343692867;0.01834862385321101;0.054900792806592054
3108.0;0.018696834582424188;0.024378585086042064;0.036402134124458696
3109.5;0.016863406408094434;0.03886452064176733;0.16603535353535354
3111.0;0.040968342644320296;0.01645021645021645;0.037063346989920094
3112.5;0.03768591312195207;0.01764234161988773;0.04747774480712166
3114.0;0.024378585086042064;0.02542372881355932;0.03995737879595099
3115.5;0.01718287488267995;0.02848722986247544;0.05729166666666667
3117.0;0.015861825872400422;0.02268431001890359;0.03555978799634692
3118.5;0.029385353350751556;0.034408602150537634;0.03432896021738208
3120.0;0.02587800369685767;0.026748173550022365;0.043338256508896056
3121.5;0.028073770491803277;0.039888682745825604;0.04582678664952627
3123.0;0.030868167202572346;0.01942319011183049;0.043940944964621614
3124.5;0.034449891813426094;0.015095605501509561;0.03943210007720857
3126.0;0.02833675564681725;0.04516908212560387;0.029837275942988892
3127.5;0.01780160609014529;0.024114774114774116;0.027764761012183697
3129.0;0.02494777243356168;0.029478889311525296;0.13815789473684206
3130.5;0.031190019193857967;0.024816176470588234;0.06001752336448598
3132.0;0.024378585086042064;0.02516881522406384;0.09186444086886564
3133.5;0.019041938815588494;0.017934291168491913;0.05185132642928075
3135.0;0.03669724770642202;0.023418491484184917;0.0367564826306869
3136.5;0.019179429534916397;0.02964569775849602;0.048951048951048945
3138.0;0.02623456790123457;0.02450980392156863;0.03456617906215084
3139.5;0.01749271137026239;0.018010291595197254;0.05270651332522394
3141.0;0.018696834582424188;0.0161839863713799;0.037266048887019405
3142.5;0.015414729630535846;0.02802491103202847;0.04062000639181846
3144.0;0.017971946230274694;0.035650623885918005;0.04125302069725413
3145.5;0.025820463320463317;0.017053807703616582;0.045915634415801806
3147.0;0.02268431001890359;0.03460837887067396;0.026351806981050132
3148.5;0.01710322537202882;0.015871286409530037;0.04822196755984588
3150.0;0.028489903424056193;0.02703900709219858;0.03112695037285336
3151.5;0.029132231404958676;0.018683274021352312;0.047517123287671235
3153.0;0.039908643914928287;0.0285204991087344;0.03983963918817338
3154.5;0.01733902966659057;0.017083111144968386;0.03590575010808474
3156.0;0.017082720679343785;0.016638225255972697;0.034482758620689655
3157.5;0.024122807017543862;0.03320921042632419;0.03326707896987183
3159.0;0.02980239714933592;0.027531083481349913;0.03347578347578348
3160.5;0.017305765552418254;0.018010291595197254;0.048534627590069074
3162.0;0.016863406408094434;0.018937169700528483;0.03985803985803986
3163.5;0.029132231404958676;0.02909270216962525;0.029472330716578368
3165.0;0.017206835592221567;0.016217853406024562;0.054655870445344125
3166.5;0.016863406408094434;0.017094017094017096;0.052055650335199564
3168.0;0.03061868686868687;0.024114774114774116;0.040532804931748136
3169.5;0.035154762207043645;0.015963095712199653;0.03737079247283329
3171.0;0.017934291168491913;0.026998169615619284;0.050334672021419016
3172.5;0.03696682464454976;0.017015706806282723;0.048951048951048945
3174.0;0.03326226012793177;0.017934291168491913;0.04640067459612996
3175.5;0.01657983339622094;0.016745540589734254;0.043650793650793655
3177.0;0.019327580007191657;0.01756386861313869;0.039713541666666664
3178.5;0.026839699159416013;0.018197573656845753;0.03147736617764302
3180.0;0.029038092982191694;0.015033359741139864;0.050806451612903224
3181.5;0.024924471299093656;0.01865038996269922;0.048951048951048945
3183.0;0.01882395123700251;0.01865038996269922;0.038288288288288286
3184.5;0.04590183047685672;0.018010291595197254;0.0823347506764592
3186.0;0.023274161735700197;0.01850632726208763;0.053639846743295014
3187.5;0.0172434729811779;0.016638225255972697;0.036957113024791675
3189.0;0.026639507947919163;0.015001087035292413;0.02063514428362469
3190.5;0.03243211943189834;0.02516881522406384;0.03680550417992158
3192.0;0.01786628859711422;0.03575047040092633;0.05551359516616315
3193.5;0.02581746404565989;0.02703900709219858;0.03164095569560719
3195.0;0.016638225255972697;0.032697066101095795;0.027796249501263467
3196.5;0.024378585086042064;0.03800513149454778;0.032151143520053035
3198.0;0.024860068855585237;0.015414729630535846;0.046153846153846156
3199.5;0.017097883024513948;0.042388201712654616;0.037319595333065544
3201.0;0.03443877551020408;0.016913979694298784;0.024498886414253896
3202.5;0.035177650338000195;0.022405660377358493;0.035602503912363075
3204.0;0.018662262150430035;0.02629216710651514;0.03361344537815126
3205.5;0.016679626818911053;0.0175513698630137;0.02041832669322709
3207.0;0.04208416833667335;0.030938123752495012;0.024723374827109266
3208.5;0.023418491484184917;0.03442728442728442;0.03511762700306853
3210.0;0.0321371991852541;0.03164091243561443;0.033950617283950615
3211.5;0.0230722525804493;0.03722426470588235;0.026805251641137853
3213.0;0.01850632726208763;0.026548672566371685;0.030263586072242114
3214.5;0.02848722986247544;0.025573192239858905;0.04138962765957446
3216.0;0.01713180436584692;0.03460837887067396;0.02350322794208752
3217.5;0.028248983597364368;0.026548672566371685;0.03418935643564356
3219.0;0.01796566169095522;0.035650623885918005;0.041107871720116616
3220.5;0.028865979381443297;0.01726263871763255;0.04627925322114121
3222.0;0.029702970297029705;0.03858564130142512;0.035855498499273976
3223.5;0.033972841057362396;0.018197573656845753;0.020240539747726608
3225.0;0.017754480892796753;0.04273084479371316;0.026179329696917632
3226.5;0.024114774114774116;0.0370493536614482;0.0337200870195794
3228.0;0.029702970297029705;0.038070547762976345;0.0388028396256857
3229.5;0.03530661003451022;0.017623877982923447;0.03312144529943125
3231.0;0.015154962909024714;0.026548672566371685;0.03425078541182899
3232.5;0.017015706806282723;0.03798297314996725;0.024094558862770784
3234.0;0.02966804979253112;0.03326226012793177;0.03356464945402592
3235.5;0.02848722986247544;0.041250831669993354;0.029411764705882353
3237.0;0.01861305152546421;0.03442728442728442;0.023829431438127092
3238.5;0.03357531760435572;0.03669724770642202;0.02525050100200401
3240.0;0.015001087035292413;0.017215791035915702;0.03164095569560719
3241.5;0.017754480892796753;0.017215791035915702;0.035913856972436736
3243.0;0.029017857142857144;0.017754480892796753;0.026635290907850762
3244.5;0.03136882129277567;0.025522755227552277;0.028554778554778552
3246.0;0.01726263871763255;0.02587800369685767;0.019487964750897462
3247.5;0.03072625698324023;0.01771809624494277;0.02844359220198146
3249.0;0.03878406708595388;0.0230722525804493;0.03060380479735319
3250.5;0.018052243358660087;0.037753222836095765;0.03778375149342891
3252.0;0.03362011573718442;0.015871286409530037;0.025090540760064596
3253.5;0.025199060374019953;0.051554506099960644;0.027032520325203254
3255.0;0.02238354506957048;0.040738139326990615;0.03085485307212823
3256.5;0.019327580007191657;0.017094017094017096;0.016420118343195265
3258.0;0.02516881522406384;0.015809071886378992;0.029480605658442422
3259.5;0.041530944625407164;0.017465858520325457;0.042014136567019
3261.0;0.01597712748065927;0.030627490039840638;0.035908507473107025
3262.5;0.037483266398929044;0.029074889867841413;0.026880465226333906
3264.0;0.03892801251956181;0.03266518188567186;0.041566746602717815
3265.5;0.040424121935056324;0.01897923971725942;0.04075986720767244
3267.0;0.022964015151515152;0.01814552172099398;0.02733881163084703
3268.5;0.02494777243356168;0.027551020408163263;0.01885046915474647
3270.0;0.03061615001913509;0.023418491484184917;0.03361344537815126
3271.5;0.029874213836477988;0.037760416666666664;0.027713488389812746
3273.0;0.03557483731019522;0.015517241379310345;0.02717729041600048
3274.5;0.022789783889980354;0.04216867469879518;0.026336477987421385
3276.0;0.0175513698630137;0.018876611418047883;0.037284610814022574
3277.5;0.03713154086373677;0.01712538226299694;0.02551827373891431
3279.0;0.036569222283508;0.03423626787057938;0.043374603876483155
3280.5;0.0161839863713799;0.031027253668763105;0.019731800766283527
3282.0;0.026479957525882662;0.027309748027487913;0.031158629718524986
3283.5;0.024114774114774116;0.018902169101372285;0.03825903825903826
3285.0;0.01589496047739557;0.0321883351674265;0.03484948156501582
3286.5;0.03520671834625324;0.024254473161033796;0.028865979381443297
3288.0;0.03535245814226298;0.0400262467191601;0.035935769656699895
3289.5;0.01840766984546031;0.0281322505800464;0.0461789574235648
3291.0;0.01840766984546031;0.030723211470485734;0.030815891926141148
3292.5;0.017971946230274694;0.025754527162977867;0.020056241899620696
3294.0;0.029017857142857144;0.024166411746711535;0.019387922277925223
3295.5;0.017830478700043915;0.020639200083760863;0.028205128205128206
3297.0;0.025100080064051244;0.037422037422037424;0.03434627170582226
3298.5;0.022405660377358493;0.026170798898071626;0.037382710121441294
3300.0;0.03831780620032634;0.03350515463917526;0.05272861356932153
3301.5;0.025522755227552277;0.01823321650896132;0.03689897379861592
3303.0;0.01749271137026239;0.02848722986247544;0.04827044025157233
3304.5;0.017971946230274694;0.018612132352941176;0.03240740740740741
3306.0;0.04018032144257153;0.04287305122494432;0.060032275416890796
3307.5;0.030938123752495012;0.018620022569724327;0.0607255520504732
3309.0;0.035813733041056936;0.018991486574983625;0.03678749566562642
3310.5;0.03940367562010024;0.035410524889024436;0.01548323953126728
3312.0;0.0325497287522604;0.02481434352509534;0.03383297644539615
3313.5;0.038580931263858094;0.01834862385321101;0.03434022201186285
3315.0;0.03250455826288745;0.019731800766283527;0.035869565217391305
3316.5;0.023833646933950885;0.034408602150537634;0.03389548199042266
3318.0;0.018547076045235124;0.02964569775849602;0.02589512833748997
3319.5;0.017825311942959002;0.027798718431963815;0.03608247422680412
3321.0;0.0414027149321267;0.026898936851543487;0.027718550106609806
3322.5;0.02525050100200401;0.02860082304526749;0.04241079547521187
3324.0;0.035702503048124515;0.03481621895475064;0.018559977888336097
3325.5;0.032062780269058296;0.03303198533156769;0.032796486090775984
3327.0;0.03051812013382946;0.01638754017488971;0.028833071690214544
3328.5;0.027315467795016455;0.04087048832271763;0.030263586072242114
3330.0;0.03612385321100917;0.037422037422037424;0.02400793650793651
3331.5;0.028767979987492184;0.02491909385113269;0.032696390658174104
3333.0;0.018902169101372285;0.02617712051674316;0.01678424862821045
3334.5;0.028050275904353158;0.024948024948024946;0.019730986054791812
3336.0;0.025573192239858905;0.025435922030762906;0.026621207864769996
3337.5;0.024114774114774116;0.031400240384615384;0.035885989010989015
3339.0;0.01654091700522345;0.04354967779977256;0.02720763379801181
3340.5;0.030938123752495012;0.036783854166666664;0.038580931263858094
3342.0;0.018185821224130337;0.022964015151515152;0.018354055654233276
3343.5;0.030495759947814744;0.03674948240165632;0.03498920086393088
3345.0;0.03450226244343891;0.029773156899810964;0.04393732970027248
3346.5;0.01757469244288225;0.024378585086042064;0.029558955341921652
3348.0;0.03423209093312186;0.015663069961712496;0.03567858515955402
3349.5;0.018699545475974563;0.028433476394849784;0.02000645369474024
3351.0;0.030257320319432124;0.041445641108074804;0.025948332493087065
3352.5;0.028970688479890934;0.025259623005335446;0.01747700394218134
3354.0;0.02915766738660907;0.03423626787057938;0.028272889900796877
3355.5;0.02795584045584046;0.024254473161033796;0.030776933498262358
3357.0;0.03085485307212823;0.030938123752495012;0.025
3358.5;0.03888888888888889;0.022121461940093432;0.015168071117696084
3360.0;0.01866458752950859;0.022964015151515152;0.03296124419917221
3361.5;0.03231480404698221;0.044226498889711335;0.01672535211267606
3363.0;0.023834019204389576;0.017661507160658167;0.018532729644693425
3364.5;0.029397233201581028;0.03539198348299307;0.017094017094017096
3366.0;0.023809523809523808;0.03600394148412037;0.018026004728132386
3367.5;0.024114774114774116;0.030338777979431342;0.019138359569179784
3369.0;0.03250478011472275;0.018158806338412235;0.017499542375983893
3370.5;0.025322619917214514;0.019141127055425266;0.02822066326530612
3372.0;0.03835669781931465;0.023274161735700197;0.018832655731576244
3373.5;0.027172824093340115;0.038385826771653545;0.018591813352775752
3375.0;0.019098466389565714;0.028865979381443297;0.025522755227552277
3376.5;0.017286540392284437;0.03836189717018733;0.029891304347826088
3378.0;0.0170487948265726;0.018354055654233276;0.019328632196396744
3379.5;0.03968662645284684;0.01942319011183049;0.017373380447585393
3381.0;0.019263204616067467;0.018314772574802095;0.01983411467724486
3382.5;0.018594278683482006;0.016267481785445105;0.021191464137522226
3384.0;0.04016913319238901;0.018538209281526382;0.017373380447585393
3385.5;0.01726263871763255;0.03785812998906788;0.030938123752495012
3387.0;0.03801927875911337;0.0325497287522604;0.01929824561403509
3388.5;0.023031496062992124;0.018197573656845753;0.033476658476658476
3390.0;0.018595825426944972;0.035650623885918005;0.01705271950396762
3391.5;0.026322874598736667;0.02911275415896488;0.025708972570897257
3393.0;0.02860082304526749;0.029017857142857144;0.026592455163883737
3394.5;0.03326226012793177;0.03238269533831528;0.04195042222827568
3396.0;0.026127227846094617;0.036783854166666664;0.01726263871763255
3397.5;0.023765996343692867;0.028769144302374594;0.016674644965693316
3399.0;0.030245746691871456;0.026439243281831625;0.023833646933950885
3400.5;0.03595442659693687;0.01687639577956378;0.02703915249985528
3402.0;0.038385826771653545;0.03443877551020408;0.027332170880557977
3403.5;0.017825311942959002;0.03528138528138528;0.033547008547008546
3405.0;0.03061868686868687;0.04120948284905067;0.01749271137026239
3406.5;0.028073770491803277;0.03923444976076555;0.018544683857294242
3408.0;0.018160893671870206;0.028050275904353158;0.025240384615384616
3409.5;0.023765996343692867;0.018683274021352312;0.01726263871763255
3411.0;0.017699115044247787;0.015414729630535846;0.01672535211267606
3412.5;0.04036697247706422;0.028865979381443297;0.022405660377358493
3414.0;0.03542094455852156;0.030890445222611303;0.041701835005783235
3415.5;0.01799009736360781;0.05732361963190183;0.044009779951100246
3417.0;0.030185758513931894;0.03557642480714139;0.018876611418047883
3418.5;0.024816176470588234;0.03263403263403263;0.01741229204378933
3420.0;0.017015706806282723;0.028440843147036737;0.03357531760435572
3421.5;0.018323203432248837;0.019607616204516547;0.03061615001913509
3423.0;0.024464831804281346;0.03557483731019522;0.017825311942959002
3424.5;0.0352356524527092;0.027250706499798143;0.03156767375534018
3426.0;0.023809523809523808;0.04154109783658785;0.03136882129277567
3427.5;0.03701091782897144;0.043390105433901045;0.029167406355405646
3429.0;0.031003039513677815;0.02434881087202718;0.031003039513677815
3430.5;0.018063742037492433;0.04941271769947346;0.039473684210526314
3432.0;0.0189328743545611;0.0325497287522604;0.03896219553827201
3433.5;0.033950617283950615;0.041413542747073644;0.025357139236142794
3435.0;0.028958647835331235;0.0348853766196782;0.03902894491129786
3436.5;0.03240740740740741;0.04198174706649284;0.03130252100840336
3438.0;0.02878937007874016;0.016866098718865838;0.025162230168189643
3439.5;0.03379065040650407;0.029074889867841413;0.038669373126403464
3441.0;0.025806525446035178;0.01726263871763255;0.029397233201581028
3442.5;0.03072899640405361;0.02475049900199601;0.03888888888888889
3444.0;0.04463569480415301;0.029407249558510155;0.037674278645223845
3445.5;0.022405660377358493;0.03614457831325302;0.025129583413323095
3447.0;0.028385688055183364;0.01742104154534303;0.040674603174603176
3448.5;0.026277097865586234;0.024276859504132234;0.037337079458547265
3450.0;0.028272274919746897;0.016463371223806925;0.039225260416666664
3451.5;0.01719518862766539;0.024033467974610503;0.03334162542830151
3453.0;0.0392156862745098;0.03730262204838477;0.030318939904477222
3454.5;0.025754527162977867;0.03368085666438968;0.025506187418505674
3456.0;0.018595825426944972;0.03969754253308129;0.06639004149377593
3457.5;0.033711522365851385;0.02495201535508637;0.028547070269402824
3459.0;0.01678765880217786;0.04179055170135448;0.04893422964197513
3460.5;0.01764234161988773;0.01846144692490301;0.05133928571428571
3462.0;0.018558172733761598;0.03347034644744569;0.05791575889615104
3463.5;0.019263204616067467;0.056777749937359075;0.03189528023598819
3465.0;0.020839067804385724;0.017517393231236765;0.018846829579939307
3466.5;0.01964471278730185;0.027811860940695293;0.04699322978892871
3468.0;0.015162839683437294;0.023626063618896583;0.023613963039014373
3469.5;0.033713054187192115;0.01678765880217786;0.03486394557823129
3471.0;0.017971946230274694;0.03548303548303548;0.028324341478895586
3472.5;0.0305359246171967;0.026073619631901836;0.04152265081340154
3474.0;0.024209328328408275;0.038101604278074866;0.031109216939948312
3475.5;0.051611796982167356;0.04067617538298997;0.026859962301807296
3477.0;0.023763086595738656;0.024499654934437544;0.02851758793969849
3478.5;0.026336477987421385;0.019805455274769356;0.03778375149342891
3480.0;0.022959183673469385;0.03152158798581659;0.038166109316685126
3481.5;0.024926234638425544;0.04511019283746556;0.039096320346320344
3483.0;0.026881720430107524;0.03453450327859209;0.030818131564400223
3484.5;0.0164817114264849;0.04393505253104107;0.043566918944355125
3486.0;0.0287199124726477;0.028246807099021397;0.02763101961498755
3487.5;0.017796927688272762;0.05223585278986942;0.030321773065311832
3489.0;0.029547930283224402;0.016763760303608984;0.033802016758983096
3490.5;0.024459060503008334;0.0249922863313792;0.024251003196626538
3492.0;0.019862247316638715;0.04517155565290936;0.02319694581494601
3493.5;0.024637681159420288;0.026094044805920393;0.037500000000000006
3495.0;0.027332170880557977;0.024992418928016204;0.018426930440331845
3496.5;0.0275252812180434;0.025240384615384616;0.030818131564400223
3498.0;0.02400793650793651;0.01918932786044125;0.035616438356164376
3499.5;0.01929824561403509;0.03801916932907348;0.036899788566233924
3501.0;0.02911275415896488;0.032542579075425786;0.03170321586211729
3502.5;0.015861825872400422;0.026521786460034242;0.029706253948199618
3504.0;0.028186298865194664;0.033861185983827494;0.0266837899543379
3505.5;0.016638225255972697;0.043640897755610975;0.029649978161049514
3507.0;0.0161839863713799;0.03125;0.036399682791435364
3508.5;0.03758169934640523;0.03038573508005822;0.06193597176707839
3510.0;0.02486058115644262;0.025478603603603604;0.020038651164546985
3511.5;0.027898306934114093;0.025561496463681155;0.03338242513500245
3513.0;0.0175513698630137;0.033474277660324174;0.018186867296122917
3514.5;0.026998169615619284;0.0177109440267335;0.03636632419247542
3516.0;0.03617216117216117;0.02903803691205266;0.03724516444736966
3517.5;0.023244781783681213;0.027940403407577037;0.026530076175466245
3519.0;0.038942267324001106;0.03754683023580401;0.04295440772822871
3520.5;0.022041062801932364;0.024784482758620687;0.020247922965714305
3522.0;0.035650623885918005;0.04082001709738936;0.031148500764169473
3523.5;0.04337284482758621;0.026164133962650965;0.03216179984845835
3525.0;0.019139945314441957;0.025611466170482426;0.02609649122807017
3526.5;0.026592455163883737;0.018016999190514735;0.04738562091503268
3528.0;0.024816176470588234;0.025708972570897257;0.043590708172669995
3529.5;0.018185821224130337;0.019167338677798334;0.03633380215658697
3531.0;0.038735259637266393;0.025;0.019732814751933888
3532.5;0.0230722525804493;0.0336815447926559;0.04115853658536585
3534.0;0.019345238095238096;0.0328488887762601;0.029990625666362233
3535.5;0.03282828282828283;0.02690371302706104;0.036068606019841944
3537.0;0.029647930821494754;0.024784482758620687;0.025484703685395727
3538.5;0.018610244807272875;0.016869708858145777;0.04702740362285184
3540.0;0.019013666072489603;0.028923287929391805;0.02373068432671082
3541.5;0.027731151209959438;0.04819023569023568;0.02551827373891431
3543.0;0.04013452914798206;0.02648735794895993;0.06045751633986928
3544.5;0.027521563105087132;0.03913331128018524;0.026081169726296975
3546.0;0.027045879077002132;0.029702970297029705;0.01725511388655378
3547.5;0.018354055654233276;0.024071751128951335;0.03287716955941255
3549.0;0.028433476394849784;0.028373410935824777;0.05432489451476795
3550.5;0.02915766738660907;0.024274411692827264;0.03170321586211729
3552.0;0.03140629596940276;0.029573367808661925;0.02839042367797046
3553.5;0.02439981237056878;0.035869565217391305;0.033713054187192115
3555.0;0.0390124048660634;0.031988241582041686;0.039285714285714285
3556.5;0.026507713884992984;0.02549198831138255;0.03312144529943125
3558.0;0.02914967967384974;0.025247524752475246;0.030771149597320226
3559.5;0.04271844660194175;0.033689839572192515;0.025972517902070832
3561.0;0.027777777777777776;0.031903945111492284;0.030263586072242114
3562.5;0.027596944921444502;0.02540904716073147;0.029069585654505375
3564.0;0.03548139624088992;0.025876696832579184;0.01657064678709694
3565.5;0.047057164347499056;0.02972469114892844;0.03660205608071549
3567.0;0.015437030901411642;0.034408602150537634;0.04498480243161095
3568.5;0.0161839863713799;0.04157043879907621;0.026349462048733212
3570.0;0.03364485981308411;0.04258970358814352;0.038423652154610285
3571.5;0.03575047040092633;0.03368051145264406;0.02712078208766951
3573.0;0.025240384615384616;0.023031496062992124;0.029118404118404117
3574.5;0.030009920634920632;0.018230783854001648;0.03540712783071402
3576.0;0.04024144869215292;0.025;0.05499105097572698
3577.5;0.029647930821494754;0.03686301663451868;0.01874025924658836
3579.0;0.04334677419354839;0.02630910227986859;0.023815501506379608
3580.5;0.024464831804281346;0.040819094114456195;0.041591320072332724
3582.0;0.03530661003451022;0.02907745124611195;0.04567541302235179
3583.5;0.024203298031819725;0.021647466029171284;0.02483208534357922
3585.0;0.03559989971361882;0.018794094805659804;0.02513220928414928
3586.5;0.035127911416571206;0.031183368869936036;0.03564698492462312
3588.0;0.015095605501509561;0.03548161935784085;0.019088777430785568
3589.5;0.02495201535508637;0.03476946334089191;0.04785608639839258
3591.0;0.01766843911960692;0.019395134779750165;0.030876570385448047
3592.5;0.017094017094017096;0.023581448122822347;0.038542607648298706
3594.0;0.014945495799148322;0.040097949188858284;0.04920634920634921
3595.5;0.023809523809523808;0.032886334610472544;0.03664340101522842
3597.0;0.01675356994726551;0.01834776063229206;0.03185386473429951
3598.5;0.039608592857921246;0.02433487565066512;0.04664369516568508
