#auto generated file!
6.0;0.03339291570650722;0.03339291570650722;0.03339291570650722
7.5;0.03339291570650722;0.03339291570650722;0.03339291570650722
9.0;0.03339291570650722;0.03339291570650722;0.03339291570650722
10.5;0.03339291570650722;0.03339291570650722;0.03339291570650722
12.0;0.03339291570650722;0.03339291570650722;0.03339291570650722
13.5;0.03339291570650722;0.01567656765676568;0.03339291570650722
15.0;0.03339291570650722;0.01652892561983471;0.03339291570650722
16.5;0.01824212271973466;0.0175513698630137;0.03339291570650722
18.0;0.01824212271973466;0.0175513698630137;0.03339291570650722
19.5;0.01824212271973466;0.01652892561983471;0.0173841059602649
21.0;0.014827018121911038;0.01652892561983471;0.0173841059602649
22.5;0.01567656765676568;0.014827018121911038;0.0744485294117647
24.0;0.0175513698630137;0.014827018121911038;0.04425612052730697
25.5;0.01652892561983471;0.0161839863713799;0.04425612052730697
27.0;0.018026004728132386;0.01652892561983471;0.0173841059602649
28.5;0.01824212271973466;0.01824212271973466;0.0173841059602649
30.0;0.01824212271973466;0.01824212271973466;0.0173841059602649
31.5;0.018354055654233276;0.01824212271973466;0.014827018121911038
33.0;0.018354055654233276;0.018010291595197254;0.014827018121911038
34.5;0.0173841059602649;0.01824212271973466;0.014827018121911038
36.0;0.016638225255972697;0.01824212271973466;0.014827018121911038
37.5;0.014827018121911038;0.018354055654233276;0.014827018121911038
39.0;0.014827018121911038;0.015280135823429542;0.014827018121911038
40.5;0.01567656765676568;0.01567656765676568;0.0175513698630137
42.0;0.01567656765676568;0.01567656765676568;0.01824212271973466
43.5;0.01567656765676568;0.0173841059602649;0.016638225255972697
45.0;0.01567656765676568;0.01652892561983471;0.01652892561983471
46.5;0.014827018121911038;0.01652892561983471;0.01824212271973466
48.0;0.014827018121911038;0.0173841059602649;0.01824212271973466
49.5;0.014827018121911038;0.0173841059602649;0.014827018121911038
51.0;0.01567656765676568;0.0173841059602649;0.01652892561983471
52.5;0.01567656765676568;0.01824212271973466;0.06715063520871144
54.0;0.01567656765676568;0.01824212271973466;0.01567656765676568
55.5;0.01567656765676568;0.0189328743545611;0.0161839863713799
57.0;0.017094017094017096;0.0189328743545611;0.01824212271973466
58.5;0.017094017094017096;0.01652892561983471;0.0173841059602649
60.0;0.018010291595197254;0.01567656765676568;0.0173841059602649
61.5;0.014827018121911038;0.0173841059602649;0.0173841059602649
63.0;0.014827018121911038;0.0173841059602649;0.01824212271973466
64.5;0.014827018121911038;0.01824212271973466;0.04536862003780718
66.0;0.01824212271973466;0.017699115044247787;0.0787037037037037
67.5;0.01652892561983471;0.014827018121911038;0.041250831669993354
69.0;0.01652892561983471;0.01567656765676568;0.019013666072489603
70.5;0.046489563567362426;0.01567656765676568;0.01652892561983471
72.0;0.046489563567362426;0.01567656765676568;0.01652892561983471
73.5;0.0173841059602649;0.01824212271973466;0.018026004728132386
75.0;0.014827018121911038;0.014827018121911038;0.0173841059602649
76.5;0.014827018121911038;0.0173841059602649;0.01652892561983471
78.0;0.0173841059602649;0.0175513698630137;0.01567656765676568
79.5;0.0173841059602649;0.0173841059602649;0.0173841059602649
81.0;0.01652892561983471;0.018010291595197254;0.0175513698630137
82.5;0.01652892561983471;0.018010291595197254;0.0173841059602649
84.0;0.014827018121911038;0.0161839863713799;0.017094017094017096
85.5;0.01567656765676568;0.0173841059602649;0.014827018121911038
87.0;0.01567656765676568;0.017094017094017096;0.0173841059602649
88.5;0.06921675774134792;0.03919631093544137;0.01824212271973466
90.0;0.06921675774134792;0.08193668528864059;0.01824212271973466
91.5;0.06921675774134792;0.08193668528864059;0.01824212271973466
93.0;0.01652892561983471;0.0173841059602649;0.03191137566137566
94.5;0.014827018121911038;0.017094017094017096;0.0173841059602649
96.0;0.014827018121911038;0.014827018121911038;0.0173841059602649
97.5;0.01567656765676568;0.014827018121911038;0.07656826568265682
99.0;0.01567656765676568;0.01824212271973466;0.01824212271973466
100.5;0.06921675774134792;0.0173841059602649;0.0170487948265726
102.0;0.06921675774134792;0.0170487948265726;0.014827018121911038
103.5;0.01652892561983471;0.01652892561983471;0.017094017094017096
105.0;0.01652892561983471;0.01652892561983471;0.0161839863713799
106.5;0.01652892561983471;0.0173841059602649;0.018595825426944972
108.0;0.01652892561983471;0.01567656765676568;0.01756386861313869
109.5;0.01652892561983471;0.018470790378006873;0.014827018121911038
111.0;0.019345238095238096;0.018470790378006873;0.017699115044247787
112.5;0.01652892561983471;0.014827018121911038;0.018876611418047883
114.0;0.01652892561983471;0.01824212271973466;0.0170487948265726
115.5;0.07025547445255476;0.014827018121911038;0.017094017094017096
117.0;0.018010291595197254;0.01652892561983471;0.01652892561983471
118.5;0.016638225255972697;0.0173841059602649;0.01567656765676568
120.0;0.018470790378006873;0.06921675774134792;0.01967799642218247
121.5;0.014827018121911038;0.07339449541284404;0.0363872644574399
123.0;0.018470790378006873;0.016638225255972697;0.051059730250481696
124.5;0.0161839863713799;0.016638225255972697;0.01652892561983471
126.0;0.0173841059602649;0.014827018121911038;0.01567656765676568
127.5;0.04875717017208413;0.0175513698630137;0.0161839863713799
129.0;0.01652892561983471;0.018470790378006873;0.018010291595197254
130.5;0.04536862003780718;0.0175513698630137;0.017373380447585393
132.0;0.01652892561983471;0.01824212271973466;0.0161839863713799
133.5;0.014827018121911038;0.014827018121911038;0.0175513698630137
135.0;0.016638225255972697;0.014827018121911038;0.017373380447585393
136.5;0.014827018121911038;0.018010291595197254;0.01567656765676568
138.0;0.014827018121911038;0.01824212271973466;0.01652892561983471
139.5;0.014827018121911038;0.0173841059602649;0.0173841059602649
141.0;0.018026004728132386;0.017094017094017096;0.0173841059602649
142.5;0.0173841059602649;0.01824212271973466;0.0173841059602649
144.0;0.01567656765676568;0.018010291595197254;0.01824212271973466
145.5;0.01567656765676568;0.014827018121911038;0.014827018121911038
147.0;0.01824212271973466;0.01824212271973466;0.018010291595197254
148.5;0.01824212271973466;0.01567656765676568;0.016638225255972697
150.0;0.01824212271973466;0.0189328743545611;0.06847253574115876
151.5;0.01824212271973466;0.015731292517006803;0.019345238095238096
153.0;0.01824212271973466;0.016638225255972697;0.014827018121911038
154.5;0.01652892561983471;0.01567656765676568;0.01567656765676568
156.0;0.014827018121911038;0.017094017094017096;0.016638225255972697
157.5;0.016638225255972697;0.0161839863713799;0.0173841059602649
159.0;0.016638225255972697;0.017699115044247787;0.014827018121911038
160.5;0.016638225255972697;0.014827018121911038;0.014827018121911038
162.0;0.0173841059602649;0.0173841059602649;0.016638225255972697
163.5;0.0173841059602649;0.01652892561983471;0.01652892561983471
165.0;0.01652892561983471;0.017094017094017096;0.01824212271973466
166.5;0.01652892561983471;0.018026004728132386;0.015731292517006803
168.0;0.01652892561983471;0.01567656765676568;0.0173841059602649
169.5;0.01652892561983471;0.014827018121911038;0.0161839863713799
171.0;0.01652892561983471;0.01824212271973466;0.01652892561983471
172.5;0.01652892561983471;0.0175513698630137;0.01652892561983471
174.0;0.01652892561983471;0.0170487948265726;0.01567656765676568
175.5;0.01567656765676568;0.014827018121911038;0.0173841059602649
177.0;0.01567656765676568;0.018010291595197254;0.014827018121911038
178.5;0.01567656765676568;0.015731292517006803;0.01567656765676568
180.0;0.01652892561983471;0.0175513698630137;0.016403046280023436
181.5;0.01652892561983471;0.0175513698630137;0.0189328743545611
183.0;0.01652892561983471;0.07182211727666273;0.01850632726208763
184.5;0.01652892561983471;0.018010291595197254;0.018470790378006873
186.0;0.01652892561983471;0.01597712748065927;0.016745540589734254
187.5;0.01652892561983471;0.015871286409530037;0.0175513698630137
189.0;0.0173841059602649;0.017094017094017096;0.016863406408094434
190.5;0.0173841059602649;0.018470790378006873;0.01608187134502924
192.0;0.0161839863713799;0.0189328743545611;0.017754480892796753
193.5;0.0161839863713799;0.016745540589734254;0.016638225255972697
195.0;0.01597712748065927;0.017547197908565945;0.016638225255972697
196.5;0.016745540589734254;0.015769487034319674;0.08302956662616444
198.0;0.017547197908565945;0.015280135823429542;0.01606832657788072
199.5;0.017547197908565945;0.016863406408094434;0.017971946230274694
201.0;0.018332165356039182;0.016745540589734254;0.01771809624494277
202.5;0.07310072533111989;0.01842179442537598;0.015798668573620674
204.0;0.01741601350785099;0.017094017094017096;0.016638225255972697
205.5;0.014844188506303903;0.017623877982923447;0.017094017094017096
207.0;0.07906427560595224;0.014945495799148322;0.015280135823429542
208.5;0.015687178238012765;0.014945495799148322;0.016863406408094434
210.0;0.015687178238012765;0.01660281557997176;0.016676298192025096
211.5;0.016537723722061845;0.01830736743700201;0.015001087035292413
213.0;0.016537723722061845;0.01485852872552252;0.01672535211267606
214.5;0.016537723722061845;0.017094017094017096;0.015001087035292413
216.0;0.01739137492247878;0.01597712748065927;0.015001087035292413
217.5;0.017389540773412943;0.017623877982923447;0.017094017094017096
219.0;0.017389540773412943;0.017498443680569787;0.015001087035292413
220.5;0.017389540773412943;0.01660281557997176;0.015769487034319674
222.0;0.017389540773412943;0.01660281557997176;0.015743018124095107
223.5;0.014829976303317897;0.015724726735506497;0.017373380447585393
225.0;0.016531678096401558;0.018289844042285466;0.017934291168491913
226.5;0.01567842217100666;0.018289844042285466;0.016638225255972697
228.0;0.017385814700674008;0.015731292517006803;0.016638225255972697
229.5;0.0161839863713799;0.015095605501509561;0.018876611418047883
231.0;0.01865038996269922;0.017094017094017096;0.015109552273918112
232.5;0.01865038996269922;0.015095605501509561;0.015109552273918112
234.0;0.017623877982923447;0.01663225731761437;0.01865038996269922
235.5;0.015809071886378992;0.01663225731761437;0.017547197908565945
237.0;0.01836806645203033;0.015724726735506497;0.015724726735506497
238.5;0.01836806645203033;0.015711796950363736;0.016568094782873223
240.0;0.0175513698630137;0.015711796950363736;0.015690820879123473
241.5;0.017754480892796753;0.014850222990092551;0.018026004728132386
243.0;0.016745540589734254;0.01740771421307761;0.018010291595197254
244.5;0.017094017094017096;0.01740771421307761;0.015001087035292413
246.0;0.017094017094017096;0.01740771421307761;0.0718766971927262
247.5;0.01597712748065927;0.017401635028469288;0.017893106119287374
249.0;0.01597712748065927;0.015731292517006803;0.015095605501509561
250.5;0.015095605501509561;0.0175513698630137;0.015731292517006803
252.0;0.015095605501509561;0.0175513698630137;0.017094017094017096
253.5;0.01850632726208763;0.0175513698630137;0.0175513698630137
255.0;0.01850632726208763;0.01865038996269922;0.01730418943533698
256.5;0.01842179442537598;0.016745540589734254;0.016785765670711238
258.0;0.07106563743420853;0.016676298192025096;0.018345227946508485
259.5;0.07106563743420853;0.016676298192025096;0.018010291595197254
261.0;0.07106563743420853;0.016676298192025096;0.018010291595197254
262.5;0.07106563743420853;0.01836806645203033;0.018010291595197254
264.0;0.07106563743420853;0.06945691490726251;0.018010291595197254
265.5;0.01488644788002137;0.014870091759449306;0.015517241379310345
267.0;0.01488644788002137;0.08893709327548807;0.018470790378006873
268.5;0.07993273782747468;0.016863406408094434;0.018010291595197254
270.0;0.06571130694959344;0.015001087035292413;0.015001087035292413
271.5;0.06571130694959344;0.018332165356039182;0.0175513698630137
273.0;0.08136827196111146;0.0170487948265726;0.015280135823429542
274.5;0.08136827196111146;0.0170487948265726;0.01654091700522345
276.0;0.08136827196111146;0.017094017094017096;0.018470790378006873
277.5;0.08136827196111146;0.017094017094017096;0.017547197908565945
279.0;0.08136827196111146;0.01865038996269922;0.018470790378006873
280.5;0.01826142579350741;0.048187022900763356;0.015095605501509561
282.0;0.01826142579350741;0.015731292517006803;0.0175513698630137
283.5;0.07682205778853389;0.09492273730684328;0.017754480892796753
285.0;0.07682205778853389;0.0161839863713799;0.017699115044247787
286.5;0.017393838281482624;0.017368069472277887;0.018937169700528483
288.0;0.017393838281482624;0.016081348496769426;0.0175513698630137
289.5;0.017393838281482624;0.018582093618876354;0.01654091700522345
291.0;0.015682478532320222;0.017094017094017096;0.016979552792060267
292.5;0.015682478532320222;0.017094017094017096;0.018354055654233276
294.0;0.015682478532320222;0.017094017094017096;0.038100208768267224
295.5;0.018248107350266503;0.01597712748065927;0.018671683262517162
297.0;0.018248107350266503;0.016638225255972697;0.016863406408094434
298.5;0.018248107350266503;0.017754480892796753;0.016403046280023436
300.0;0.018248107350266503;0.01850632726208763;0.01597712748065927
301.5;0.018248107350266503;0.016638225255972697;0.01726263871763255
303.0;0.018248107350266503;0.018026004728132386;0.018699545475974563
304.5;0.017388172610590263;0.0189328743545611;0.016638225255972697
306.0;0.017388172610590263;0.016745540589734254;0.015280135823429542
307.5;0.017388172610590263;0.016745540589734254;0.017373380447585393
309.0;0.017388172610590263;0.08302956662616444;0.017094017094017096
310.5;0.017388172610590263;0.01850632726208763;0.017623877982923447
312.0;0.017388172610590263;0.015809071886378992;0.01663225731761437
313.5;0.017388172610590263;0.07996748642690851;0.016863406408094434
315.0;0.017388172610590263;0.08954302181967888;0.08560945780676722
316.5;0.017388172610590263;0.016863406408094434;0.015871286409530037
318.0;0.017388172610590263;0.017547197908565945;0.018470790378006873
319.5;0.014828677071017829;0.014910112661872163;0.01672535211267606
321.0;0.014828677071017829;0.01830736743700201;0.016863406408094434
322.5;0.015677957190639216;0.0175513698630137;0.01783664661861255
324.0;0.015677957190639216;0.01865038996269922;0.017094017094017096
325.5;0.015677957190639216;0.01836806645203033;0.01904761904761905
327.0;0.015677957190639216;0.10207844451894067;0.01770896702761893
328.5;0.015677957190639216;0.015907416444202047;0.019865614957639496
330.0;0.015677957190639216;0.015907416444202047;0.01834862385321101
331.5;0.01738538657899296;0.07007898648959983;0.01756386861313869
333.0;0.01738538657899296;0.016648083640921553;0.01672535211267606
334.5;0.016529793433502835;0.018316467275590206;0.017094017094017096
336.0;0.017384645537373677;0.016573402642033924;0.016638225255972697
337.5;0.017384645537373677;0.014853302138208221;0.018848906360245943
339.0;0.017384645537373677;0.014853302138208221;0.0189328743545611
340.5;0.017384645537373677;0.014846432385212723;0.018147448015122872
342.0;0.01652929138178772;0.014846432385212723;0.018242207460398566
343.5;0.018242456797028576;0.017094017094017096;0.016863406408094434
345.0;0.017384333472854088;0.01850632726208763;0.019013666072489603
346.5;0.017384333472854088;0.01660281557997176;0.017971946230274694
348.0;0.017384333472854088;0.01660281557997176;0.01594765689784196
349.5;0.017384333472854088;0.01660281557997176;0.01749000201260901
351.0;0.014827142237604233;0.01830736743700201;0.017699115044247787
352.5;0.014827142237604233;0.01830736743700201;0.018010291595197254
354.0;0.014827142237604233;0.018289844042285466;0.019139945314441957
355.5;0.014827142237604233;0.014850222990092551;0.018026004728132386
357.0;0.014827142237604233;0.0182681206624895;0.01597712748065927
358.5;0.014827142237604233;0.018256492034823147;0.018470790378006873
360.0;0.014827142237604233;0.017094017094017096;0.017824497257769654
361.5;0.014827142237604233;0.015095605501509561;0.0188212927756654
363.0;0.014827142237604233;0.014945495799148322;0.01605832636760472
364.5;0.014827142237604233;0.014945495799148322;0.016863406408094434
366.0;0.014827142237604233;0.016863406408094434;0.017391304347826087
367.5;0.014827142237604233;0.08954302181967888;0.016863406408094434
369.0;0.014827142237604233;0.016745540589734254;0.0175513698630137
370.5;0.014827142237604233;0.016745540589734254;0.018470790378006873
372.0;0.014827142237604233;0.016745540589734254;0.016863406408094434
373.5;0.014827142237604233;0.0741235580813308;0.017094017094017096
375.0;0.014827142237604233;0.01660281557997176;0.01576182136602452
376.5;0.014827142237604233;0.017427438387099873;0.01597712748065927
378.0;0.014827142237604233;0.017427438387099873;0.017094017094017096
379.5;0.06715254444042258;0.0182681206624895;0.038385826771653545
381.0;0.06715254444042258;0.017754480892796753;0.03542094455852156
382.5;0.06715254444042258;0.07434304424481572;0.017814806907942786
384.0;0.06715254444042258;0.017094017094017096;0.016863406408094434
385.5;0.014827087928111741;0.015095605501509561;0.01645021645021645
387.0;0.014827087928111741;0.015871286409530037;0.017697567180791858
388.5;0.014827087928111741;0.0175513698630137;0.018143754361479414
390.0;0.018242201966396813;0.0175513698630137;0.01723920181864107
391.5;0.01824218215289756;0.01597712748065927;0.016828190749559144
393.0;0.01824218215289756;0.043703007518796994;0.01597712748065927
394.5;0.016528962214557553;0.017547197908565945;0.017094017094017096
396.0;0.0175513698630137;0.01850632726208763;0.0425033467202142
397.5;0.0175513698630137;0.01850632726208763;0.018848906360245943
399.0;0.015095605501509561;0.017547197908565945;0.016745540589734254
400.5;0.016745540589734254;0.01597712748065927;0.015225395561747438
402.0;0.016745540589734254;0.015095605501509561;0.01848360454802751
403.5;0.016676298192025096;0.018354055654233276;0.015731292517006803
405.0;0.015769487034319674;0.018610244807272875;0.017623877982923447
406.5;0.018332165356039182;0.051059730250481696;0.01488644788002137
408.0;0.018332165356039182;0.017094017094017096;0.016348533050547898
409.5;0.018332165356039182;0.015871286409530037;0.01688081285952368
411.0;0.016568094782873223;0.015809071886378992;0.046489563567362426
412.5;0.018470790378006873;0.017465858520325457;0.016745540589734254
414.0;0.018470790378006873;0.017465858520325457;0.015095605501509561
415.5;0.018470790378006873;0.017443347491498312;0.018470790378006873
417.0;0.018470790378006873;0.015711796950363736;0.018147448015122872
418.5;0.015001087035292413;0.016550266845809666;0.0786331500392773
420.0;0.01842179442537598;0.016550266845809666;0.01496918411899176
421.5;0.015769487034319674;0.016550266845809666;0.07252169650416167
423.0;0.015769487034319674;0.016550266845809666;0.015754618145980746
424.5;0.015769487034319674;0.017401635028469288;0.015754618145980746
426.0;0.015769487034319674;0.017397154861764727;0.01745328618670087
427.5;0.07929144968115026;0.017397154861764727;0.017754480892796753
429.0;0.07230513049762272;0.06523614674065581;0.018010291595197254
430.5;0.018289844042285466;0.06523614674065581;0.015809071886378992
432.0;0.01741601350785099;0.06523614674065581;0.015743018124095107
433.5;0.01741601350785099;0.01825012709422827;0.0175513698630137
435.0;0.01741601350785099;0.07243853695697144;0.01865038996269922
436.5;0.01741601350785099;0.07243853695697144;0.016863406408094434
438.0;0.01741601350785099;0.07771517975663854;0.015195702225633155
439.5;0.01741601350785099;0.014829232922191612;0.018026004728132386
441.0;0.015695763321720377;0.014829232922191612;0.01597712748065927
442.5;0.015695763321720377;0.016530987295071384;0.0175513698630137
444.0;0.015695763321720377;0.015677957190639216;0.015871286409530037
445.5;0.017401635028469288;0.01567734827379584;0.017498443680569787
447.0;0.014836509492270044;0.04990403071017274;0.015154962909024714
448.5;0.01825012709422827;0.01865038996269922;0.017574219762933944
450.0;0.014830971492820427;0.01865038996269922;0.017574219762933944
451.5;0.017094017094017096;0.01865038996269922;0.01597712748065927
453.0;0.0170487948265726;0.01865038996269922;0.018876611418047883
454.5;0.0170487948265726;0.017623877982923447;0.050912176495545185
456.0;0.04208416833667335;0.017623877982923447;0.015078924549103066
457.5;0.017754480892796753;0.01836806645203033;0.019139945314441957
459.0;0.08755082619603771;0.018332165356039182;0.018010291595197254
460.5;0.0804076327636537;0.017094017094017096;0.016676298192025096
462.0;0.0161839863713799;0.017094017094017096;0.01660281557997176
463.5;0.016638225255972697;0.017094017094017096;0.0161839863713799
465.0;0.01597712748065927;0.017094017094017096;0.05222437137330754
466.5;0.0161839863713799;0.01865038996269922;0.01865038996269922
468.0;0.0161839863713799;0.01865038996269922;0.01597712748065927
469.5;0.017754480892796753;0.01850632726208763;0.017373380447585393
471.0;0.016745540589734254;0.014945495799148322;0.015517241379310345
472.5;0.03798297314996725;0.0175513698630137;0.017391304347826087
474.0;0.03798297314996725;0.016863406408094434;0.016812053925455987
475.5;0.03798297314996725;0.015001087035292413;0.0161839863713799
477.0;0.018010291595197254;0.015001087035292413;0.017373380447585393
478.5;0.018010291595197254;0.015809071886378992;0.0161839863713799
480.0;0.018010291595197254;0.015809071886378992;0.018876611418047883
481.5;0.01865038996269922;0.015809071886378992;0.016937514305333027
483.0;0.0189328743545611;0.015743018124095107;0.01766843911960692
484.5;0.0189328743545611;0.016582472972657695;0.01672535211267606
486.0;0.015095605501509561;0.016582472972657695;0.018010291595197254
487.5;0.01597712748065927;0.016582472972657695;0.05048076923076923
489.0;0.0161839863713799;0.0189328743545611;0.01756386861313869
490.5;0.0175513698630137;0.0189328743545611;0.08551574830644597
492.0;0.018470790378006873;0.01597712748065927;0.015095605501509561
493.5;0.018470790378006873;0.017623877982923447;0.05432098765432099
495.0;0.01865038996269922;0.014910112661872163;0.017373380447585393
496.5;0.015809071886378992;0.01660281557997176;0.019263204616067467
498.0;0.014910112661872163;0.01660281557997176;0.016401608628096153
499.5;0.014910112661872163;0.01660281557997176;0.01805605293076653
501.0;0.017699115044247787;0.017443347491498312;0.015814881886798988
502.5;0.017699115044247787;0.017443347491498312;0.10867733782645324
504.0;0.01597712748065927;0.015711796950363736;0.03919631093544137
505.5;0.01597712748065927;0.01826142579350741;0.015280135823429542
507.0;0.01597712748065927;0.01826142579350741;0.038385826771653545
508.5;0.01597712748065927;0.01826142579350741;0.018086080586080584
510.0;0.016676298192025096;0.01826142579350741;0.015414729630535846
511.5;0.017498443680569787;0.015687178238012765;0.01879117923894043
513.0;0.017498443680569787;0.015687178238012765;0.038385826771653545
514.5;0.017465858520325457;0.01825283975007182;0.018010291595197254
516.0;0.017465858520325457;0.015682478532320222;0.017971946230274694
517.5;0.014870091759449306;0.017389540773412943;0.015188609731168737
519.0;0.014870091759449306;0.01653260196570383;0.04536862003780718
520.5;0.014870091759449306;0.017387150648592545;0.0170487948265726
522.0;0.06571130694959344;0.016530987295071384;0.01942319011183049
523.5;0.06571130694959344;0.016530987295071384;0.016830578931359627
525.0;0.06571130694959344;0.016530987295071384;0.017373380447585393
526.5;0.01741601350785099;0.016530987295071384;0.018937169700528483
528.0;0.01741601350785099;0.016530987295071384;0.01672693391308206
529.5;0.015695763321720377;0.016530987295071384;0.017094017094017096
531.0;0.016540721828503288;0.016530987295071384;0.07551140668406431
532.5;0.016540721828503288;0.0671761383597429;0.0189328743545611
534.0;0.016540721828503288;0.0671761383597429;0.017094017094017096
535.5;0.016540721828503288;0.014827949697411927;0.01865038996269922
537.0;0.0470532319391635;0.07552455851660711;0.017623877982923447
538.5;0.0470532319391635;0.07552455851660711;0.017498443680569787
540.0;0.015871286409530037;0.07552455851660711;0.016863406408094434
541.5;0.015809071886378992;0.014827541633468562;0.01663225731761437
543.0;0.015001087035292413;0.014827541633468562;0.017045454545454544
544.5;0.015001087035292413;0.0702642879876247;0.0834532560642008
546.0;0.014945495799148322;0.014827312439301472;0.04875717017208413
547.5;0.014945495799148322;0.014827312439301472;0.019013666072489603
549.0;0.014910112661872163;0.014827312439301472;0.01749271137026239
550.5;0.018332165356039182;0.018242456797028576;0.01589496047739557
552.0;0.018332165356039182;0.018242456797028576;0.01694768198513463
553.5;0.018332165356039182;0.018242456797028576;0.016703877388545722
555.0;0.015724726735506497;0.01567675266971058;0.0189328743545611
556.5;0.017427438387099873;0.01567675266971058;0.04813729593972374
558.0;0.06762923989174582;0.01567675266971058;0.01688081285952368
559.5;0.06762923989174582;0.015676706403008348;0.01865038996269922
561.0;0.08027698626698054;0.015676706403008348;0.015809071886378992
562.5;0.01826142579350741;0.07130014138513287;0.044811320754716985
564.0;0.01826142579350741;0.015676626180486486;0.017547197908565945
565.5;0.014836509492270044;0.015676626180486486;0.017443347491498312
567.0;0.017393838281482624;0.014827057385090844;0.017427438387099873
568.5;0.017393838281482624;0.014827057385090844;0.01597712748065927
570.0;0.017393838281482624;0.014827057385090844;0.015769487034319674
571.5;0.015682478532320222;0.014827047568619004;0.017465858520325457
573.0;0.015682478532320222;0.01482704020656128;0.017443347491498312
574.5;0.017388172610590263;0.01482704020656128;0.017094017094017096
576.0;0.017388172610590263;0.017384123036824285;0.017094017094017096
577.5;0.015679043553987165;0.01652893719808613;0.0175513698630137
579.0;0.07342496284883816;0.017384115565706695;0.01597712748065927
580.5;0.07342496284883816;0.018010291595197254;0.018010291595197254
582.0;0.07342496284883816;0.01865038996269922;0.0175513698630137
583.5;0.01738538657899296;0.0175513698630137;0.016863406408094434
585.0;0.01738538657899296;0.0175513698630137;0.01865038996269922
586.5;0.01738538657899296;0.0175513698630137;0.018470790378006873
588.0;0.016529793433502835;0.016676298192025096;0.015095605501509561
589.5;0.016529793433502835;0.015769487034319674;0.03476482617586912
591.0;0.014827541633468562;0.015769487034319674;0.0153103221203973
592.5;0.015676896668012225;0.015769487034319674;0.015008842899186362
594.0;0.015676896668012225;0.017465858520325457;0.016605458751889755
595.5;0.015676896668012225;0.017465858520325457;0.015712981986262364
597.0;0.015676896668012225;0.017465858520325457;0.07425742574257424
598.5;0.07978215709095278;0.017465858520325457;0.014945495799148322
600.0;0.018242310595448556;0.017465858520325457;0.017754480892796753
601.5;0.017384233914291836;0.07338145632027426;0.016638225255972697
603.0;0.017384233914291836;0.07338145632027426;0.01865038996269922
604.5;0.018242228386297764;0.018010291595197254;0.017498443680569787
606.0;0.01824218215289756;0.017754480892796753;0.07378150182183574
607.5;0.015676600574590086;0.018010291595197254;0.0189328743545611
609.0;0.015676600574590086;0.017094017094017096;0.01597712748065927
610.5;0.04315196998123827;0.017094017094017096;0.01850632726208763
612.0;0.0882232252769799;0.015871286409530037;0.015809071886378992
613.5;0.08333173436690525;0.015809071886378992;0.07216102560980384
615.0;0.015769487034319674;0.014910112661872163;0.07216102560980384
616.5;0.015769487034319674;0.01488644788002137;0.07796881247500999
618.0;0.015769487034319674;0.018289844042285466;0.018086080586080584
619.5;0.015743018124095107;0.018289844042285466;0.017563955708285603
621.0;0.015743018124095107;0.016550266845809666;0.017563955708285603
622.5;0.017427438387099873;0.04990403071017274;0.015280135823429542
624.0;0.017427438387099873;0.015280135823429542;0.015280135823429542
625.5;0.017427438387099873;0.015095605501509561;0.08747300215982722
627.0;0.016557768507871926;0.0175513698630137;0.018026004728132386
628.5;0.016557768507871926;0.01865038996269922;0.017623877982923447
630.0;0.01740771421307761;0.014945495799148322;0.01488644788002137
631.5;0.01740771421307761;0.017498443680569787;0.017754480892796753
633.0;0.01826142579350741;0.018332165356039182;0.01850632726208763
634.5;0.017393838281482624;0.01865038996269922;0.0161839863713799
636.0;0.017389540773412943;0.015871286409530037;0.04990403071017274
637.5;0.017389540773412943;0.018010291595197254;0.06973170529113713
639.0;0.08887817422050787;0.015871286409530037;0.06973170529113713
640.5;0.016937514305333027;0.017547197908565945;0.0470532319391635
642.0;0.01766843911960692;0.017094017094017096;0.016745540589734254
643.5;0.01766843911960692;0.015095605501509561;0.08569059601627427
645.0;0.015831002263857863;0.01842179442537598;0.01663225731761437
646.5;0.015831002263857863;0.01836806645203033;0.015743018124095107
648.0;0.015831002263857863;0.015743018124095107;0.015743018124095107
649.5;0.016648083640921553;0.015743018124095107;0.015743018124095107
651.0;0.015752650514276798;0.015743018124095107;0.015743018124095107
652.5;0.01573143975108125;0.016568094782873223;0.07773101809313682
654.0;0.015716570250852383;0.018277260861902424;0.01485852872552252
655.5;0.01827151917897185;0.01608187134502924;0.014850222990092551
657.0;0.01827151917897185;0.016863406408094434;0.08027698626698054
658.5;0.047619047619047616;0.016863406408094434;0.01826142579350741
660.0;0.0470532319391635;0.08747300215982722;0.015687178238012765
661.5;0.017373380447585393;0.018612132352941176;0.016537723722061845
663.0;0.0189328743545611;0.015414729630535846;0.016537723722061845
664.5;0.043703007518796994;0.015414729630535846;0.0745483081617916
666.0;0.043703007518796994;0.015414729630535846;0.018244633954786142
667.5;0.017623877982923447;0.016043635035830027;0.01738538657899296
669.0;0.07303592577970786;0.0185554688027144;0.017385065898158785
670.5;0.07303592577970786;0.0185554688027144;0.018026004728132386
672.0;0.015871286409530037;0.0185554688027144;0.016863406408094434
673.5;0.014910112661872163;0.015831002263857863;0.016863406408094434
675.0;0.017443347491498312;0.015831002263857863;0.015769487034319674
676.5;0.017443347491498312;0.014922830014276238;0.01830736743700201
678.0;0.016557768507871926;0.01747771530769917;0.018289844042285466
679.5;0.015690820879123473;0.0735278776793066;0.01740771421307761
681.0;0.0175513698630137;0.016573402642033924;0.017623877982923447
682.5;0.017754480892796753;0.018281925389128803;0.016676298192025096
684.0;0.01850632726208763;0.018281925389128803;0.014910112661872163
685.5;0.015095605501509561;0.016638225255972697;0.017465858520325457
687.0;0.0175513698630137;0.016638225255972697;0.016582472972657695
688.5;0.015809071886378992;0.017754480892796753;0.016582472972657695
690.0;0.014910112661872163;0.0175513698630137;0.016638225255972697
691.5;0.01830736743700201;0.018010291595197254;0.01865038996269922
693.0;0.018010291595197254;0.018010291595197254;0.01865038996269922
694.5;0.014945495799148322;0.017094017094017096;0.01865038996269922
696.0;0.07053123107281715;0.016863406408094434;0.01865038996269922
697.5;0.01830736743700201;0.014945495799148322;0.015001087035292413
699.0;0.016568094782873223;0.08152861826245252;0.015001087035292413
700.5;0.016638225255972697;0.017427438387099873;0.01663225731761437
702.0;0.017754480892796753;0.017401635028469288;0.01488644788002137
703.5;0.036783854166666664;0.017373380447585393;0.016568094782873223
705.0;0.017094017094017096;0.01749271137026239;0.017094017094017096
706.5;0.017754480892796753;0.01749271137026239;0.017094017094017096
708.0;0.017623877982923447;0.01702553830746119;0.017094017094017096
709.5;0.01842179442537598;0.015731292517006803;0.07182211727666273
711.0;0.017443347491498312;0.016745540589734254;0.016863406408094434
712.5;0.01865038996269922;0.017094017094017096;0.016863406408094434
714.0;0.01842179442537598;0.040013227513227514;0.016863406408094434
715.5;0.0175513698630137;0.040013227513227514;0.015001087035292413
717.0;0.0175513698630137;0.03919631093544137;0.015001087035292413
718.5;0.039603960396039604;0.015095605501509561;0.018010291595197254
720.0;0.016638225255972697;0.015095605501509561;0.018010291595197254
721.5;0.01597712748065927;0.016745540589734254;0.01597712748065927
723.0;0.01842179442537598;0.01865038996269922;0.01842179442537598
724.5;0.014910112661872163;0.017094017094017096;0.014910112661872163
726.0;0.014910112661872163;0.017094017094017096;0.015743018124095107
727.5;0.018289844042285466;0.017094017094017096;0.015711796950363736
729.0;0.016638225255972697;0.0170487948265726;0.017094017094017096
730.5;0.016638225255972697;0.0170487948265726;0.01865038996269922
732.0;0.017754480892796753;0.0170487948265726;0.01865038996269922
733.5;0.014945495799148322;0.0161839863713799;0.08508990794115118
735.0;0.017498443680569787;0.0161839863713799;0.015809071886378992
736.5;0.018332165356039182;0.01865038996269922;0.018010291595197254
738.0;0.018332165356039182;0.07551140668406431;0.016863406408094434
739.5;0.018289844042285466;0.07551140668406431;0.016745540589734254
741.0;0.014850222990092551;0.07551140668406431;0.016745540589734254
742.5;0.01654477169890474;0.05048076923076923;0.016745540589734254
744.0;0.01654477169890474;0.05048076923076923;0.016745540589734254
745.5;0.01654477169890474;0.01850632726208763;0.016863406408094434
747.0;0.01654477169890474;0.016638225255972697;0.051640926640926635
748.5;0.01654477169890474;0.016863406408094434;0.051640926640926635
750.0;0.015687178238012765;0.015001087035292413;0.015809071886378992
751.5;0.015687178238012765;0.015001087035292413;0.015809071886378992
753.0;0.01825012709422827;0.01663225731761437;0.017465858520325457
754.5;0.01825012709422827;0.015095605501509561;0.017465858520325457
756.0;0.01825012709422827;0.018470790378006873;0.017443347491498312
757.5;0.015680987109796585;0.01597712748065927;0.016638225255972697
759.0;0.015680987109796585;0.08569059601627427;0.016638225255972697
760.5;0.015680987109796585;0.0175513698630137;0.017547197908565945
762.0;0.05048076923076923;0.0470532319391635;0.017547197908565945
763.5;0.045928030303030304;0.015871286409530037;0.049329501915708805
765.0;0.01597712748065927;0.01836806645203033;0.049329501915708805
766.5;0.01597712748065927;0.01836806645203033;0.049329501915708805
768.0;0.07753473472714523;0.015743018124095107;0.01865038996269922
769.5;0.015731292517006803;0.015743018124095107;0.01850632726208763
771.0;0.016863406408094434;0.015743018124095107;0.017754480892796753
772.5;0.017094017094017096;0.015743018124095107;0.05048076923076923
774.0;0.017754480892796753;0.017443347491498312;0.017094017094017096
775.5;0.017754480892796753;0.016568094782873223;0.017623877982923447
777.0;0.017754480892796753;0.01741601350785099;0.014945495799148322
778.5;0.017754480892796753;0.015280135823429542;0.017465858520325457
780.0;0.016745540589734254;0.015280135823429542;0.01865038996269922
781.5;0.016676298192025096;0.017623877982923447;0.04875717017208413
783.0;0.01836806645203033;0.014945495799148322;0.015871286409530037
784.5;0.07850573814074081;0.015769487034319674;0.01842179442537598
786.0;0.045928030303030304;0.015769487034319674;0.017498443680569787
787.5;0.045928030303030304;0.017094017094017096;0.045928030303030304
789.0;0.0175513698630137;0.017094017094017096;0.016745540589734254
790.5;0.01865038996269922;0.01597712748065927;0.014945495799148322
792.0;0.01865038996269922;0.01597712748065927;0.018010291595197254
793.5;0.01865038996269922;0.01597712748065927;0.0175513698630137
795.0;0.015871286409530037;0.015809071886378992;0.0363872644574399
796.5;0.015743018124095107;0.018332165356039182;0.018354055654233276
798.0;0.04315196998123827;0.018332165356039182;0.0161839863713799
799.5;0.043703007518796994;0.018332165356039182;0.015871286409530037
801.0;0.016863406408094434;0.07993273782747468;0.018470790378006873
802.5;0.017623877982923447;0.016568094782873223;0.017094017094017096
804.0;0.069651277654558;0.0175513698630137;0.017754480892796753
805.5;0.01660281557997176;0.01597712748065927;0.014945495799148322
807.0;0.015711796950363736;0.014910112661872163;0.018026004728132386
808.5;0.015711796950363736;0.014910112661872163;0.018010291595197254
810.0;0.014850222990092551;0.07446218085988703;0.01865038996269922
811.5;0.01740771421307761;0.018277260861902424;0.06584821428571429
813.0;0.015690820879123473;0.017094017094017096;0.01594765689784196
814.5;0.06523614674065581;0.016863406408094434;0.017754480892796753
816.0;0.018246600758721136;0.018470790378006873;0.017754480892796753
817.5;0.017387150648592545;0.01865038996269922;0.015280135823429542
819.0;0.014828677071017829;0.015809071886378992;0.017121863302370723
820.5;0.014828677071017829;0.015769487034319674;0.018020513790726903
822.0;0.014828677071017829;0.04260299625468165;0.01775923275653774
823.5;0.015677957190639216;0.04260299625468165;0.01775923275653774
825.0;0.015677957190639216;0.01597712748065927;0.017373380447585393
826.5;0.015677957190639216;0.015095605501509561;0.06145584725536992
828.0;0.01567760904807164;0.06973170529113713;0.045928030303030304
829.5;0.07765315918623554;0.01836806645203033;0.049329501915708805
831.0;0.0175513698630137;0.01836806645203033;0.016745540589734254
832.5;0.01850632726208763;0.01660281557997176;0.015743018124095107
834.0;0.015769487034319674;0.016638225255972697;0.01865038996269922
835.5;0.016582472972657695;0.01850632726208763;0.017699115044247787
837.0;0.016582472972657695;0.014910112661872163;0.0161839863713799
838.5;0.016582472972657695;0.017094017094017096;0.01672535211267606
840.0;0.015711796950363736;0.016863406408094434;0.01594765689784196
841.5;0.015711796950363736;0.01597712748065927;0.0175513698630137
843.0;0.016550266845809666;0.01850632726208763;0.017015706806282723
844.5;0.018256492034823147;0.017547197908565945;0.016897746967071057
846.0;0.0161839863713799;0.01488644788002137;0.01863310550496908
847.5;0.01842179442537598;0.01830736743700201;0.04875717017208413
849.0;0.01842179442537598;0.0175513698630137;0.018354055654233276
850.5;0.01488644788002137;0.017623877982923447;0.05048076923076923
852.0;0.017427438387099873;0.017094017094017096;0.016745540589734254
853.5;0.018010291595197254;0.0175513698630137;0.014910112661872163
855.0;0.018010291595197254;0.016745540589734254;0.016582472972657695
856.5;0.01865038996269922;0.017465858520325457;0.016582472972657695
858.0;0.018010291595197254;0.018354055654233276;0.017427438387099873
859.5;0.015809071886378992;0.015731292517006803;0.01741601350785099
861.0;0.015809071886378992;0.015809071886378992;0.014836509492270044
862.5;0.017498443680569787;0.015731292517006803;0.017393838281482624
864.0;0.015724726735506497;0.015095605501509561;0.017393838281482624
865.5;0.015711796950363736;0.01597712748065927;0.014830971492820427
867.0;0.07719115178862318;0.01597712748065927;0.0161839863713799
868.5;0.07719115178862318;0.017754480892796753;0.01597712748065927
870.0;0.0182681206624895;0.017094017094017096;0.015809071886378992
871.5;0.06741294217325408;0.018010291595197254;0.017373380447585393
873.0;0.06741294217325408;0.015095605501509561;0.07884779689979252
874.5;0.07041469977942498;0.018612132352941176;0.019013666072489603
876.0;0.07041469977942498;0.01733025239957341;0.018610244807272875
877.5;0.015280135823429542;0.01733025239957341;0.01848360454802751
879.0;0.04640718562874251;0.01741229204378933;0.01606832657788072
880.5;0.016830578931359627;0.01671852804591668;0.017368069472277887
882.0;0.014936197678611653;0.01493194743560183;0.017883272962794156
883.5;0.016624630520743856;0.015759473460267362;0.0363872644574399
885.0;0.017460084355449466;0.016638225255972697;0.0882034632034632
886.5;0.018286654614341546;0.051059730250481696;0.015001087035292413
888.0;0.018010291595197254;0.044811320754716985;0.014945495799148322
889.5;0.018010291595197254;0.01865038996269922;0.01663225731761437
891.0;0.018683274021352312;0.015871286409530037;0.016582472972657695
892.5;0.018683274021352312;0.01842179442537598;0.01570251018973342
894.0;0.015731292517006803;0.01842179442537598;0.016550266845809666
895.5;0.017094017094017096;0.01836806645203033;0.017401635028469288
897.0;0.015871286409530037;0.015743018124095107;0.04260299625468165
898.5;0.017373380447585393;0.016582472972657695;0.01749271137026239
900.0;0.01606832657788072;0.01741601350785099;0.01749271137026239
901.5;0.01702553830746119;0.016638225255972697;0.018610244807272875
903.0;0.015069294547215105;0.016638225255972697;0.041666666666666664
904.5;0.015069294547215105;0.016638225255972697;0.05231388329979879
906.0;0.01597712748065927;0.017754480892796753;0.018467296424989527
907.5;0.017971946230274694;0.0175513698630137;0.018351935602610465
909.0;0.015731292517006803;0.0175513698630137;0.014854857560555929
910.5;0.015731292517006803;0.017699115044247787;0.014842243534677106
912.0;0.01597712748065927;0.07303592577970786;0.015095605501509561
913.5;0.01597712748065927;0.015769487034319674;0.01865038996269922
915.0;0.017547197908565945;0.015769487034319674;0.018010291595197254
916.5;0.014910112661872163;0.015769487034319674;0.039603960396039604
918.0;0.014910112661872163;0.017465858520325457;0.051059730250481696
919.5;0.014910112661872163;0.014870091759449306;0.03875784919001636
921.0;0.01488644788002137;0.014870091759449306;0.017069499407906828
922.5;0.017443347491498312;0.018289844042285466;0.01880063742258095
924.0;0.017443347491498312;0.018289844042285466;0.017760997397494052
925.5;0.015711796950363736;0.0182681206624895;0.016638225255972697
927.0;0.017754480892796753;0.01654477169890474;0.01597712748065927
928.5;0.017754480892796753;0.017397154861764727;0.017754480892796753
930.0;0.016676298192025096;0.01739137492247878;0.015809071886378992
931.5;0.01488644788002137;0.01865038996269922;0.050211416490486264
933.0;0.016582472972657695;0.046489563567362426;0.04976111970930623
934.5;0.0688532784166215;0.015095605501509561;0.08497615967038288
936.0;0.0688532784166215;0.015095605501509561;0.06959713366857391
937.5;0.0688532784166215;0.017623877982923447;0.015715368597941672
939.0;0.0688532784166215;0.014945495799148322;0.016863406408094434
940.5;0.0688532784166215;0.014945495799148322;0.0161839863713799
942.0;0.0182681206624895;0.018332165356039182;0.017547197908565945
943.5;0.014839767744728968;0.01485852872552252;0.01836806645203033
945.0;0.014839767744728968;0.01740771421307761;0.015280135823429542
946.5;0.014839767744728968;0.01740771421307761;0.0882232252769799
948.0;0.015095605501509561;0.017094017094017096;0.07318094281168887
949.5;0.015871286409530037;0.08508990794115118;0.04315196998123827
951.0;0.015871286409530037;0.016676298192025096;0.0470532319391635
952.5;0.016676298192025096;0.01836806645203033;0.08560945780676722
954.0;0.016676298192025096;0.018010291595197254;0.014945495799148322
955.5;0.016676298192025096;0.018010291595197254;0.06626088925009356
957.0;0.017498443680569787;0.016403046280023436;0.09799554565701558
958.5;0.017498443680569787;0.015095605501509561;0.03798297314996725
960.0;0.017498443680569787;0.01726263871763255;0.015280135823429542
961.5;0.017498443680569787;0.01675356994726551;0.01850632726208763
963.0;0.017498443680569787;0.01675356994726551;0.08454031981241
964.5;0.017498443680569787;0.017656852955616538;0.017754480892796753
966.0;0.017498443680569787;0.017567282711368357;0.017094017094017096
967.5;0.017498443680569787;0.01661081524818724;0.016863406408094434
969.0;0.017498443680569787;0.01661081524818724;0.018354055654233276
970.5;0.017498443680569787;0.015715368597941672;0.015095605501509561
972.0;0.015743018124095107;0.015715368597941672;0.01842179442537598
973.5;0.015724726735506497;0.07189175804143086;0.018332165356039182
975.0;0.015724726735506497;0.017410025700945908;0.014870091759449306
976.5;0.015724726735506497;0.016546306084557413;0.01741601350785099
978.0;0.015724726735506497;0.06944405121825738;0.01740771421307761
979.5;0.015724726735506497;0.016536121305838355;0.018371212121212118
981.0;0.015724726735506497;0.016536121305838355;0.019071369196057474
982.5;0.015724726735506497;0.018247023779160692;0.015136118568480843
984.0;0.015724726735506497;0.016531937610526706;0.016638225255972697
985.5;0.015724726735506497;0.018244870390479985;0.018010291595197254
987.0;0.015724726735506497;0.017385506924955076;0.0863169700629799
988.5;0.015724726735506497;0.09340659340659341;0.04083665338645418
990.0;0.016568094782873223;0.016745540589734254;0.019139945314441957
991.5;0.078274430155538;0.07299742814770317;0.01608187134502924
993.0;0.078274430155538;0.0161839863713799;0.07750759878419453
994.5;0.078274430155538;0.01597712748065927;0.015731292517006803
996.0;0.078274430155538;0.01845342706502636;0.0189328743545611
997.5;0.078274430155538;0.04735164668386705;0.016676298192025096
999.0;0.01740771421307761;0.015280135823429542;0.0175513698630137
1000.5;0.01740771421307761;0.01842179442537598;0.017754480892796753
1002.0;0.01740771421307761;0.01836806645203033;0.01842179442537598
1003.5;0.01740771421307761;0.018010291595197254;0.01842179442537598
1005.0;0.01740771421307761;0.016863406408094434;0.018010291595197254
1006.5;0.01740771421307761;0.01865038996269922;0.01597712748065927
1008.0;0.01740771421307761;0.0720250521920668;0.017547197908565945
1009.5;0.01740771421307761;0.017754480892796753;0.01865038996269922
1011.0;0.01740771421307761;0.017754480892796753;0.016676298192025096
1012.5;0.01740771421307761;0.016745540589734254;0.015001087035292413
1014.0;0.01740771421307761;0.016676298192025096;0.017498443680569787
1015.5;0.01740771421307761;0.0175513698630137;0.01834862385321101
1017.0;0.01740771421307761;0.0175513698630137;0.01772899957788096
1018.5;0.01740771421307761;0.01865038996269922;0.01643908509274351
1020.0;0.01740771421307761;0.016745540589734254;0.058823529411764705
1021.5;0.01740771421307761;0.08450826136298063;0.018026004728132386
1023.0;0.01740771421307761;0.015769487034319674;0.0161839863713799
1024.5;0.07690949409019684;0.051640926640926635;0.017623877982923447
1026.0;0.07690949409019684;0.017754480892796753;0.01608187134502924
1027.5;0.07690949409019684;0.017754480892796753;0.017094017094017096
1029.0;0.07690949409019684;0.017699115044247787;0.01733025239957341
1030.5;0.07690949409019684;0.015280135823429542;0.017439620117133743
1032.0;0.07690949409019684;0.015280135823429542;0.018026004728132386
1033.5;0.07690949409019684;0.017094017094017096;0.0170487948265726
1035.0;0.07690949409019684;0.06973170529113713;0.08755082619603771
1036.5;0.07690949409019684;0.014910112661872163;0.01726263871763255
1038.0;0.07690949409019684;0.014910112661872163;0.018026004728132386
1039.5;0.07690949409019684;0.014910112661872163;0.017373380447585393
1041.0;0.07690949409019684;0.014910112661872163;0.016838000708968452
1042.5;0.07690949409019684;0.014910112661872163;0.015879968453896016
1044.0;0.07690949409019684;0.01597712748065927;0.07224770642201835
1045.5;0.07690949409019684;0.016676298192025096;0.017699115044247787
1047.0;0.07690949409019684;0.04536862003780718;0.01606832657788072
1048.5;0.07690949409019684;0.06973170529113713;0.017699115044247787
1050.0;0.07690949409019684;0.0175513698630137;0.018470790378006873
1051.5;0.017397154861764727;0.017094017094017096;0.016863406408094434
1053.0;0.017397154861764727;0.018470790378006873;0.08219938905859484
1054.5;0.017397154861764727;0.016745540589734254;0.018387370467510947
1056.0;0.017397154861764727;0.07796881247500999;0.05339805825242719
1057.5;0.015684481542853023;0.018010291595197254;0.01678765880217786
1059.0;0.01825012709422827;0.016745540589734254;0.016664843504300385
1060.5;0.018248107350266503;0.017498443680569787;0.01581306695616876
1062.0;0.016531678096401558;0.015743018124095107;0.015225395561747438
1063.5;0.016530987295071384;0.014870091759449306;0.0170487948265726
1065.0;0.018244004306380245;0.016550266845809666;0.015861825872400422
1066.5;0.01738538657899296;0.018256492034823147;0.0161839863713799
1068.0;0.016529576213227;0.018248107350266503;0.018026004728132386
1069.5;0.01652929138178772;0.016531678096401558;0.018026004728132386
1071.0;0.01652913129870731;0.016531678096401558;0.017015706806282723
1072.5;0.01652913129870731;0.01567760904807164;0.08995842257780017
1074.0;0.01652913129870731;0.017384645537373677;0.01834862385321101
1075.5;0.015676706403008348;0.01597712748065927;0.11272416737830913
1077.0;0.015676706403008348;0.018026004728132386;0.017462905276233176
1078.5;0.0175513698630137;0.018026004728132386;0.09085291017670884
1080.0;0.05222437137330754;0.0161839863713799;0.017373380447585393
1081.5;0.015001087035292413;0.016638225255972697;0.015871286409530037
1083.0;0.016676298192025096;0.016638225255972697;0.016676298192025096
1084.5;0.01836806645203033;0.08569059601627427;0.019801980198019802
1086.0;0.01660281557997176;0.017443347491498312;0.016540830518577392
1087.5;0.014850222990092551;0.016638225255972697;0.017825311942959002
1089.0;0.015695763321720377;0.01865038996269922;0.01741229204378933
1090.5;0.015690820879123473;0.018937169700528483;0.015280135823429542
1092.0;0.015690820879123473;0.018792559974975337;0.07303592577970786
1093.5;0.015095605501509561;0.04536862003780718;0.017094017094017096
1095.0;0.015095605501509561;0.015001087035292413;0.040013227513227514
1096.5;0.08099593301892197;0.015001087035292413;0.0161839863713799
1098.0;0.01663225731761437;0.01842179442537598;0.0161839863713799
1099.5;0.017094017094017096;0.017094017094017096;0.017094017094017096
1101.0;0.015871286409530037;0.051059730250481696;0.015809071886378992
1102.5;0.015871286409530037;0.017754480892796753;0.017623877982923447
1104.0;0.014945495799148322;0.01850632726208763;0.018010291595197254
1105.5;0.015769487034319674;0.017547197908565945;0.015095605501509561
1107.0;0.0170487948265726;0.017094017094017096;0.08508990794115118
1108.5;0.0170487948265726;0.017094017094017096;0.01845342706502636
1110.0;0.0161839863713799;0.017094017094017096;0.017934291168491913
1111.5;0.016676298192025096;0.016638225255972697;0.018683274021352312
1113.0;0.016676298192025096;0.01842179442537598;0.017754480892796753
1114.5;0.01836806645203033;0.01842179442537598;0.017547197908565945
1116.0;0.0726934956385968;0.014910112661872163;0.017443347491498312
1117.5;0.0726934956385968;0.014910112661872163;0.017443347491498312
1119.0;0.017443347491498312;0.014910112661872163;0.016638225255972697
1120.5;0.07850573814074081;0.015743018124095107;0.01606832657788072
1122.0;0.07850573814074081;0.015743018124095107;0.016638225255972697
1123.5;0.07850573814074081;0.015743018124095107;0.015095605501509561
1125.0;0.01597712748065927;0.015743018124095107;0.0175513698630137
1126.5;0.016638225255972697;0.015743018124095107;0.016745540589734254
1128.0;0.016638225255972697;0.08326962055585943;0.0161839863713799
1129.5;0.016638225255972697;0.018289844042285466;0.017094017094017096
1131.0;0.016745540589734254;0.08602150537634409;0.017094017094017096
1132.5;0.017547197908565945;0.08602150537634409;0.018026004728132386
1134.0;0.015769487034319674;0.015095605501509561;0.018010291595197254
1135.5;0.01660281557997176;0.015095605501509561;0.01865038996269922
1137.0;0.01830736743700201;0.015095605501509561;0.015809071886378992
1138.5;0.0175513698630137;0.015095605501509561;0.017094017094017096
1140.0;0.015871286409530037;0.017623877982923447;0.07548669050456894
1141.5;0.015871286409530037;0.044811320754716985;0.08174097664543525
1143.0;0.014945495799148322;0.044811320754716985;0.015809071886378992
1144.5;0.015769487034319674;0.0175513698630137;0.04260299625468165
1146.0;0.015769487034319674;0.0175513698630137;0.015871286409530037
1147.5;0.01834862385321101;0.0175513698630137;0.016676298192025096
1149.0;0.016335052812576762;0.07303592577970786;0.018470790378006873
1150.5;0.016043635035830027;0.07303592577970786;0.018010291595197254
1152.0;0.016043635035830027;0.01850632726208763;0.015731292517006803
1153.5;0.017094017094017096;0.01850632726208763;0.015731292517006803
1155.0;0.01865038996269922;0.01850632726208763;0.017373380447585393
1156.5;0.017623877982923447;0.015809071886378992;0.015095605501509561
1158.0;0.016676298192025096;0.01836806645203033;0.051640926640926635
1159.5;0.01836806645203033;0.01836806645203033;0.017094017094017096
1161.0;0.01836806645203033;0.01836806645203033;0.016676298192025096
1162.5;0.018332165356039182;0.01836806645203033;0.014870091759449306
1164.0;0.018332165356039182;0.01836806645203033;0.0161839863713799
1165.5;0.018332165356039182;0.017465858520325457;0.0470532319391635
1167.0;0.018332165356039182;0.018010291595197254;0.017623877982923447
1168.5;0.0161839863713799;0.018010291595197254;0.01663225731761437
1170.0;0.0161839863713799;0.018010291595197254;0.016897746967071057
1171.5;0.0161839863713799;0.018010291595197254;0.016897746967071057
1173.0;0.0161839863713799;0.018010291595197254;0.01865038996269922
1174.5;0.01597712748065927;0.015001087035292413;0.08048289738430583
1176.0;0.01597712748065927;0.017547197908565945;0.045928030303030304
1177.5;0.015871286409530037;0.01663225731761437;0.01597712748065927
1179.0;0.015871286409530037;0.01663225731761437;0.016937514305333027
1180.5;0.015871286409530037;0.01663225731761437;0.01766843911960692
1182.0;0.0161839863713799;0.01663225731761437;0.019274809160305342
1183.5;0.01865038996269922;0.01663225731761437;0.017810548929218788
1185.0;0.015001087035292413;0.07338145632027426;0.015280135823429542
1186.5;0.015001087035292413;0.07338145632027426;0.016638225255972697
1188.0;0.015001087035292413;0.07338145632027426;0.018010291595197254
1189.5;0.018470790378006873;0.07338145632027426;0.020423892100192676
1191.0;0.015095605501509561;0.07338145632027426;0.018803418803418803
1192.5;0.015095605501509561;0.07338145632027426;0.0882232252769799
1194.0;0.01842179442537598;0.07338145632027426;0.016638225255972697
1195.5;0.01488644788002137;0.07338145632027426;0.015001087035292413
1197.0;0.018354055654233276;0.07338145632027426;0.016863406408094434
1198.5;0.0189328743545611;0.01485852872552252;0.01865038996269922
1200.0;0.0189328743545611;0.018277260861902424;0.017825311942959002
1201.5;0.015095605501509561;0.015690820879123473;0.018010291595197254
1203.0;0.015871286409530037;0.0161839863713799;0.0161839863713799
1204.5;0.014945495799148322;0.017754480892796753;0.015225395561747438
1206.0;0.014910112661872163;0.017094017094017096;0.016745540589734254
1207.5;0.014910112661872163;0.017094017094017096;0.01865038996269922
1209.0;0.014910112661872163;0.017094017094017096;0.01865038996269922
1210.5;0.014910112661872163;0.017754480892796753;0.017547197908565945
1212.0;0.016582472972657695;0.018470790378006873;0.017094017094017096
1213.5;0.015711796950363736;0.01597712748065927;0.018010291595197254
1215.0;0.014850222990092551;0.01842179442537598;0.015095605501509561
1216.5;0.014850222990092551;0.0175513698630137;0.017094017094017096
1218.0;0.017699115044247787;0.0175513698630137;0.0170487948265726
1219.5;0.015280135823429542;0.0175513698630137;0.04857404300747293
1221.0;0.017754480892796753;0.01672535211267606;0.0170487948265726
1222.5;0.016676298192025096;0.01672535211267606;0.01726263871763255
1224.0;0.016676298192025096;0.018010291595197254;0.017094017094017096
1225.5;0.016638225255972697;0.01865038996269922;0.018086080586080584
1227.0;0.016638225255972697;0.01842179442537598;0.017961645808949312
1228.5;0.01865038996269922;0.07326130256843867;0.015280135823429542
1230.0;0.017094017094017096;0.018332165356039182;0.015871286409530037
1231.5;0.015001087035292413;0.017094017094017096;0.018010291595197254
1233.0;0.017547197908565945;0.017094017094017096;0.016863406408094434
1234.5;0.01836806645203033;0.017094017094017096;0.075255126101145
1236.0;0.017443347491498312;0.07796881247500999;0.08560945780676722
1237.5;0.017754480892796753;0.07796881247500999;0.01850632726208763
1239.0;0.017754480892796753;0.08386958386958387;0.056249999999999994
1240.5;0.0175513698630137;0.014945495799148322;0.016371008616320324
1242.0;0.016863406408094434;0.017498443680569787;0.018354055654233276
1243.5;0.017547197908565945;0.01830736743700201;0.017094017094017096
1245.0;0.015731292517006803;0.07503727202704219;0.01597712748065927
1246.5;0.018010291595197254;0.07503727202704219;0.08954302181967888
1248.0;0.0170487948265726;0.016550266845809666;0.015731292517006803
1249.5;0.01865038996269922;0.016988416988416986;0.015414729630535846
1251.0;0.015871286409530037;0.049329501915708805;0.0185554688027144
1252.5;0.015809071886378992;0.01865038996269922;0.018387370467510947
1254.0;0.01663225731761437;0.08302956662616444;0.019345238095238096
1255.5;0.01663225731761437;0.017754480892796753;0.017934291168491913
1257.0;0.016582472972657695;0.017699115044247787;0.01848360454802751
1258.5;0.015711796950363736;0.017883272962794156;0.020212060967528162
1260.0;0.018277260861902424;0.01865038996269922;0.019269640210214257
1261.5;0.0189328743545611;0.017547197908565945;0.018026004728132386
1263.0;0.017623877982923447;0.0161839863713799;0.017754480892796753
1264.5;0.06854651270894926;0.01865038996269922;0.017754480892796753
1266.0;0.06854651270894926;0.016638225255972697;0.04208416833667335
1267.5;0.0175513698630137;0.017754480892796753;0.015597920277296359
1269.0;0.015001087035292413;0.016676298192025096;0.016863406408094434
1270.5;0.015001087035292413;0.016582472972657695;0.016863406408094434
1272.0;0.015001087035292413;0.01834862385321101;0.016043635035830027
1273.5;0.01678765880217786;0.017825311942959002;0.019013666072489603
1275.0;0.015414729630535846;0.018470790378006873;0.016863406408094434
1276.5;0.018010291595197254;0.017623877982923447;0.0161839863713799
1278.0;0.01865038996269922;0.017547197908565945;0.01730418943533698
1279.5;0.017547197908565945;0.01836806645203033;0.016937514305333027
1281.0;0.016863406408094434;0.018683274021352312;0.0189328743545611
1282.5;0.016863406408094434;0.018683274021352312;0.016638225255972697
1284.0;0.01850632726208763;0.01597712748065927;0.017971946230274694
1285.5;0.01850632726208763;0.01597712748065927;0.01594765689784196
1287.0;0.017547197908565945;0.05048076923076923;0.015095605501509561
1288.5;0.017094017094017096;0.016863406408094434;0.017094017094017096
1290.0;0.017094017094017096;0.016863406408094434;0.018683274021352312
1291.5;0.015280135823429542;0.016863406408094434;0.01749271137026239
1293.0;0.015731292517006803;0.07318094281168887;0.01594765689784196
1294.5;0.017094017094017096;0.01660281557997176;0.01840766984546031
1296.0;0.017094017094017096;0.014870091759449306;0.017460084355449466
1297.5;0.017754480892796753;0.01570251018973342;0.04990403071017274
1299.0;0.015871286409530037;0.01740771421307761;0.016638225255972697
1300.5;0.07883717752634664;0.01740771421307761;0.0882232252769799
1302.0;0.015724726735506497;0.0161839863713799;0.015871286409530037
1303.5;0.015724726735506497;0.0161839863713799;0.015095605501509561
1305.0;0.015695763321720377;0.015095605501509561;0.01850632726208763
1306.5;0.015690820879123473;0.01865038996269922;0.01672535211267606
1308.0;0.015690820879123473;0.01865038996269922;0.04918972634153799
1309.5;0.017094017094017096;0.016638225255972697;0.016638225255972697
1311.0;0.016863406408094434;0.015871286409530037;0.016638225255972697
1312.5;0.016863406408094434;0.015871286409530037;0.017623877982923447
1314.0;0.016863406408094434;0.015871286409530037;0.01660281557997176
1315.5;0.016863406408094434;0.015871286409530037;0.0161839863713799
1317.0;0.016863406408094434;0.015871286409530037;0.016863406408094434
1318.5;0.016863406408094434;0.015871286409530037;0.01597712748065927
1320.0;0.016863406408094434;0.015871286409530037;0.08315565031982942
1321.5;0.016863406408094434;0.015809071886378992;0.015001087035292413
1323.0;0.016863406408094434;0.015809071886378992;0.01836806645203033
1324.5;0.016863406408094434;0.015809071886378992;0.01836806645203033
1326.0;0.06973170529113713;0.017373380447585393;0.017443347491498312
1327.5;0.06973170529113713;0.017373380447585393;0.017427438387099873
1329.0;0.01663225731761437;0.017934291168491913;0.016863406408094434
1330.5;0.0175513698630137;0.017934291168491913;0.04875717017208413
1332.0;0.0175513698630137;0.017934291168491913;0.04875717017208413
1333.5;0.0189328743545611;0.017934291168491913;0.015871286409530037
1335.0;0.017094017094017096;0.015854570888502284;0.017094017094017096
1336.5;0.015871286409530037;0.015762630806304054;0.017094017094017096
1338.0;0.015809071886378992;0.015738326756557706;0.017094017094017096
1339.5;0.015769487034319674;0.015738326756557706;0.017094017094017096
1341.0;0.01672535211267606;0.014867146669811973;0.01597712748065927
1342.5;0.015225395561747438;0.015700806315142295;0.01597712748065927
1344.0;0.017754480892796753;0.01654888269212068;0.01597712748065927
1345.5;0.01678765880217786;0.01568650125372127;0.01597712748065927
1347.0;0.019082371238858645;0.0175513698630137;0.015280135823429542
1348.5;0.04990403071017274;0.01865038996269922;0.045928030303030304
1350.0;0.017094017094017096;0.01865038996269922;0.017623877982923447
1351.5;0.014945495799148322;0.015871286409530037;0.048187022900763356
1353.0;0.01660281557997176;0.014945495799148322;0.01865038996269922
1354.5;0.016568094782873223;0.014945495799148322;0.07672379434037466
1356.0;0.014850222990092551;0.014945495799148322;0.01850632726208763
1357.5;0.016550266845809666;0.018010291595197254;0.0189328743545611
1359.0;0.017623877982923447;0.015001087035292413;0.018010291595197254
1360.5;0.016745540589734254;0.017547197908565945;0.01865038996269922
1362.0;0.015769487034319674;0.0175513698630137;0.01865038996269922
1363.5;0.015769487034319674;0.0175513698630137;0.01865038996269922
1365.0;0.016638225255972697;0.0175513698630137;0.01865038996269922
1366.5;0.015095605501509561;0.019013666072489603;0.07318094281168887
1368.0;0.01836806645203033;0.016863406408094434;0.015809071886378992
1369.5;0.017443347491498312;0.015731292517006803;0.06673232664261046
1371.0;0.017443347491498312;0.016638225255972697;0.06673232664261046
1372.5;0.01570251018973342;0.016638225255972697;0.06673232664261046
1374.0;0.01749271137026239;0.016676298192025096;0.06673232664261046
1375.5;0.017934291168491913;0.015743018124095107;0.06673232664261046
1377.0;0.0161839863713799;0.01485852872552252;0.01660281557997176
1378.5;0.01597712748065927;0.014850222990092551;0.016863406408094434
1380.0;0.04875717017208413;0.014850222990092551;0.016676298192025096
1381.5;0.04875717017208413;0.014844188506303903;0.016676298192025096
1383.0;0.01597712748065927;0.018010291595197254;0.018010291595197254
1384.5;0.016745540589734254;0.01597712748065927;0.01597712748065927
1386.0;0.017547197908565945;0.016638225255972697;0.015001087035292413
1387.5;0.017547197908565945;0.017754480892796753;0.015001087035292413
1389.0;0.017547197908565945;0.018470790378006873;0.014910112661872163
1390.5;0.07996748642690851;0.018470790378006873;0.014910112661872163
1392.0;0.07996748642690851;0.018470790378006873;0.016403046280023436
1393.5;0.07996748642690851;0.016745540589734254;0.01597712748065927
1395.0;0.018332165356039182;0.01836806645203033;0.08144892908951275
1396.5;0.018332165356039182;0.015743018124095107;0.015095605501509561
1398.0;0.018332165356039182;0.01830736743700201;0.015095605501509561
1399.5;0.01830736743700201;0.016568094782873223;0.015095605501509561
1401.0;0.01830736743700201;0.018010291595197254;0.018010291595197254
1402.5;0.01597712748065927;0.017094017094017096;0.014945495799148322
1404.0;0.01597712748065927;0.015871286409530037;0.014945495799148322
1405.5;0.01597712748065927;0.015809071886378992;0.08431531897602601
1407.0;0.01597712748065927;0.016863406408094434;0.017547197908565945
1408.5;0.017623877982923447;0.016863406408094434;0.01678765880217786
1410.0;0.017623877982923447;0.016638225255972697;0.019139945314441957
1411.5;0.017623877982923447;0.015280135823429542;0.016043635035830027
1413.0;0.017623877982923447;0.01597712748065927;0.016043635035830027
1414.5;0.017547197908565945;0.016638225255972697;0.0161839863713799
1416.0;0.01663225731761437;0.015095605501509561;0.016745540589734254
1417.5;0.01488644788002137;0.018010291595197254;0.016745540589734254
1419.0;0.01488644788002137;0.0161839863713799;0.015731292517006803
1420.5;0.017094017094017096;0.01749271137026239;0.018197573656845753
1422.0;0.017094017094017096;0.01730418943533698;0.038385826771653545
1423.5;0.017094017094017096;0.015414729630535846;0.018010291595197254
1425.0;0.017754480892796753;0.015414729630535846;0.016638225255972697
1426.5;0.016745540589734254;0.015414729630535846;0.07868285545991754
1428.0;0.015095605501509561;0.015414729630535846;0.017498443680569787
1429.5;0.01850632726208763;0.01874107841782935;0.016582472972657695
1431.0;0.017547197908565945;0.015783713313901306;0.01740771421307761
1432.5;0.01663225731761437;0.017451608467677262;0.01654091700522345
1434.0;0.01663225731761437;0.017420248744623213;0.01749271137026239
1435.5;0.01663225731761437;0.017410800109383524;0.015050831498364467
1437.0;0.01663225731761437;0.01483772566325096;0.0161839863713799
1438.5;0.018332165356039182;0.01726263871763255;0.016638225255972697
1440.0;0.018332165356039182;0.01861305152546421;0.016863406408094434
1441.5;0.017443347491498312;0.018354055654233276;0.01663225731761437
1443.0;0.016557768507871926;0.01749271137026239;0.017699115044247787
1444.5;0.016557768507871926;0.01848360454802751;0.015280135823429542
1446.0;0.016550266845809666;0.018683274021352312;0.03798297314996725
1447.5;0.014836509492270044;0.01597712748065927;0.01702553830746119
1449.0;0.01825283975007182;0.017094017094017096;0.01597712748065927
1450.5;0.01825012709422827;0.018026004728132386;0.043284066915705695
1452.0;0.016533838797490336;0.015280135823429542;0.04565793834935366
1453.5;0.017754480892796753;0.0189328743545611;0.017699115044247787
1455.0;0.017754480892796753;0.01865038996269922;0.04516876240900066
1456.5;0.018683274021352312;0.0161839863713799;0.01672693391308206
1458.0;0.018683274021352312;0.01865038996269922;0.015731292517006803
1459.5;0.018683274021352312;0.016745540589734254;0.017699115044247787
1461.0;0.018683274021352312;0.018010291595197254;0.018010291595197254
1462.5;0.018683274021352312;0.01850632726208763;0.0175513698630137
1464.0;0.015095605501509561;0.017498443680569787;0.039603960396039604
1465.5;0.01850632726208763;0.05281007751937984;0.01702553830746119
1467.0;0.01836806645203033;0.016863406408094434;0.016638225255972697
1468.5;0.01836806645203033;0.015809071886378992;0.0170487948265726
1470.0;0.01488644788002137;0.01660281557997176;0.0170487948265726
1471.5;0.017699115044247787;0.014870091759449306;0.017094017094017096
1473.0;0.08315565031982942;0.018470790378006873;0.015809071886378992
1474.5;0.0175513698630137;0.015095605501509561;0.016863406408094434
1476.0;0.01850632726208763;0.015095605501509561;0.017498443680569787
1477.5;0.018026004728132386;0.015095605501509561;0.01597712748065927
1479.0;0.016638225255972697;0.015095605501509561;0.07106563743420853
1480.5;0.016638225255972697;0.07668608086435384;0.017443347491498312
1482.0;0.014945495799148322;0.017094017094017096;0.017754480892796753
1483.5;0.0161839863713799;0.017094017094017096;0.015225395561747438
1485.0;0.017623877982923447;0.017754480892796753;0.017699115044247787
1486.5;0.0175513698630137;0.017498443680569787;0.017094017094017096
1488.0;0.016638225255972697;0.07378150182183574;0.017699115044247787
1489.5;0.015095605501509561;0.07378150182183574;0.015095605501509561
1491.0;0.015001087035292413;0.01830736743700201;0.01834061135371179
1492.5;0.014910112661872163;0.016403046280023436;0.018010291595197254
1494.0;0.014870091759449306;0.018010291595197254;0.0161839863713799
1495.5;0.017427438387099873;0.018010291595197254;0.01850632726208763
1497.0;0.017427438387099873;0.01597712748065927;0.01850632726208763
1498.5;0.01865038996269922;0.01850632726208763;0.015769487034319674
1500.0;0.017754480892796753;0.017465858520325457;0.0175513698630137
1501.5;0.01850632726208763;0.016638225255972697;0.03678220327120415
1503.0;0.015731292517006803;0.01726263871763255;0.015106013411607612
1504.5;0.01865038996269922;0.016043635035830027;0.01755211988168078
1506.0;0.017498443680569787;0.014965094221118901;0.01837161352103319
1507.5;0.01488644788002137;0.016043635035830027;0.0161839863713799
1509.0;0.01488644788002137;0.01597712748065927;0.0161839863713799
1510.5;0.015724726735506497;0.016676298192025096;0.017094017094017096
1512.0;0.015724726735506497;0.016582472972657695;0.017934291168491913
1513.5;0.015724726735506497;0.01865038996269922;0.017094017094017096
1515.0;0.015724726735506497;0.0175513698630137;0.0175513698630137
1516.5;0.015724726735506497;0.01597712748065927;0.016638225255972697
1518.0;0.015724726735506497;0.017015706806282723;0.016638225255972697
1519.5;0.015724726735506497;0.018470790378006873;0.017623877982923447
1521.0;0.018277260861902424;0.015871286409530037;0.017498443680569787
1522.5;0.017397154861764727;0.01904761904761905;0.015731292517006803
1524.0;0.017397154861764727;0.017302798982188294;0.016638225255972697
1525.5;0.014832305600435561;0.04875717017208413;0.016863406408094434
1527.0;0.018248107350266503;0.0161839863713799;0.018010291595197254
1528.5;0.017388172610590263;0.017094017094017096;0.019675925925925927
1530.0;0.01824547540373295;0.016863406408094434;0.01874107841782935
1531.5;0.01824547540373295;0.0161839863713799;0.01865038996269922
1533.0;0.01567842217100666;0.016863406408094434;0.019274809160305342
1534.5;0.01567760904807164;0.016676298192025096;0.016988416988416986
1536.0;0.014827541633468562;0.049329501915708805;0.01858759764068229
1537.5;0.014827541633468562;0.049329501915708805;0.016620142128521278
1539.0;0.018242716875351634;0.01850632726208763;0.01743688800923686
1540.5;0.018242716875351634;0.015095605501509561;0.016554743431738156
1542.0;0.016863406408094434;0.01850632726208763;0.016863406408094434
1543.5;0.016863406408094434;0.016676298192025096;0.017971946230274694
1545.0;0.015001087035292413;0.014910112661872163;0.017094017094017096
1546.5;0.015001087035292413;0.016582472972657695;0.016863406408094434
1548.0;0.015809071886378992;0.01485852872552252;0.03879026955950033
1549.5;0.015809071886378992;0.0189328743545611;0.01784040701566475
1551.0;0.017094017094017096;0.01850632726208763;0.01784040701566475
1552.5;0.017094017094017096;0.0718766971927262;0.016052757544824884
1554.0;0.017754480892796753;0.015731292517006803;0.01856198874464861
1555.5;0.017754480892796753;0.015095605501509561;0.01856198874464861
1557.0;0.017754480892796753;0.015095605501509561;0.018455454986527415
1558.5;0.017754480892796753;0.015809071886378992;0.017518214028400533
1560.0;0.018470790378006873;0.01488644788002137;0.018010291595197254
1561.5;0.0175513698630137;0.01488644788002137;0.01865038996269922
1563.0;0.0175513698630137;0.016582472972657695;0.018470790378006873
1564.5;0.016863406408094434;0.016582472972657695;0.015871286409530037
1566.0;0.016745540589734254;0.016582472972657695;0.0175513698630137
1567.5;0.016745540589734254;0.016582472972657695;0.0175513698630137
1569.0;0.017498443680569787;0.07425742574257424;0.016863406408094434
1570.5;0.018010291595197254;0.07425742574257424;0.016638225255972697
1572.0;0.016745540589734254;0.015001087035292413;0.017462905276233176
1573.5;0.016745540589734254;0.01663225731761437;0.015988786911306178
1575.0;0.016745540589734254;0.07959975734703509;0.019013666072489603
1576.5;0.01842179442537598;0.014844188506303903;0.0161839863713799
1578.0;0.015769487034319674;0.01654477169890474;0.017623877982923447
1579.5;0.017443347491498312;0.017094017094017096;0.0170487948265726
1581.0;0.017443347491498312;0.016863406408094434;0.0170487948265726
1582.5;0.016568094782873223;0.017623877982923447;0.016335052812576762
1584.0;0.016557768507871926;0.016676298192025096;0.018323203432248837
1585.5;0.014844188506303903;0.01660281557997176;0.01712538226299694
1587.0;0.06949548810173209;0.01967799642218247;0.016317890407644853
1588.5;0.01865038996269922;0.01967799642218247;0.016713369694976804
1590.0;0.01865038996269922;0.015871286409530037;0.0175513698630137
1591.5;0.017623877982923447;0.017547197908565945;0.016863406408094434
1593.0;0.017547197908565945;0.017547197908565945;0.0175513698630137
1594.5;0.014870091759449306;0.017547197908565945;0.017754480892796753
1596.0;0.015711796950363736;0.01663225731761437;0.04990403071017274
1597.5;0.015095605501509561;0.01663225731761437;0.015871286409530037
1599.0;0.015001087035292413;0.016638225255972697;0.015809071886378992
1600.5;0.01850632726208763;0.01850632726208763;0.016863406408094434
1602.0;0.01850632726208763;0.014945495799148322;0.017547197908565945
1603.5;0.01850632726208763;0.018332165356039182;0.01836806645203033
1605.0;0.01850632726208763;0.016557768507871926;0.01836806645203033
1606.5;0.07996748642690851;0.015690820879123473;0.01660281557997176
1608.0;0.07929144968115026;0.014836509492270044;0.018683274021352312
1609.5;0.015724726735506497;0.01739137492247878;0.0189328743545611
1611.0;0.015724726735506497;0.07349146701018333;0.0189328743545611
1612.5;0.015724726735506497;0.018246600758721136;0.018010291595197254
1614.0;0.0829083213135849;0.01824547540373295;0.018026004728132386
1615.5;0.018277260861902424;0.017385814700674008;0.015280135823429542
1617.0;0.018277260861902424;0.01738538657899296;0.01865038996269922
1618.5;0.018277260861902424;0.01738538657899296;0.01756386861313869
1620.0;0.051059730250481696;0.03798297314996725;0.019139945314441957
1621.5;0.051059730250481696;0.018610244807272875;0.015831002263857863
1623.0;0.051059730250481696;0.016638225255972697;0.017094017094017096
1624.5;0.051059730250481696;0.07548669050456894;0.019013666072489603
1626.0;0.051059730250481696;0.01654091700522345;0.016638225255972697
1627.5;0.051059730250481696;0.09284897751809985;0.018202378957949406
1629.0;0.051059730250481696;0.09284897751809985;0.019408502772643253
1630.5;0.017754480892796753;0.01865038996269922;0.018354055654233276
1632.0;0.017754480892796753;0.01749271137026239;0.01730418943533698
1633.5;0.015871286409530037;0.015069294547215105;0.020484171322160148
1635.0;0.015871286409530037;0.015871286409530037;0.018041485106324483
1636.5;0.015809071886378992;0.018010291595197254;0.017971946230274694
1638.0;0.01836806645203033;0.043703007518796994;0.0175513698630137
1639.5;0.01836806645203033;0.015001087035292413;0.015095605501509561
1641.0;0.018332165356039182;0.09087154068566708;0.019408502772643253
1642.5;0.018332165356039182;0.014945495799148322;0.019408502772643253
1644.0;0.018332165356039182;0.01660281557997176;0.017825311942959002
1645.5;0.018332165356039182;0.018470790378006873;0.017634583975364486
1647.0;0.018332165356039182;0.01874107841782935;0.018372803169037805
1648.5;0.018332165356039182;0.016638225255972697;0.04315196998123827
1650.0;0.018332165356039182;0.0189328743545611;0.017094017094017096
1651.5;0.014870091759449306;0.015871286409530037;0.01850632726208763
1653.0;0.014870091759449306;0.015001087035292413;0.018026004728132386
1654.5;0.014870091759449306;0.0170487948265726;0.018026004728132386
1656.0;0.015711796950363736;0.018010291595197254;0.0189328743545611
1657.5;0.015711796950363736;0.017754480892796753;0.017373380447585393
1659.0;0.018470790378006873;0.018470790378006873;0.015225395561747438
1660.5;0.018470790378006873;0.01597712748065927;0.01771809624494277
1662.0;0.018470790378006873;0.016745540589734254;0.016638225255972697
1663.5;0.018470790378006873;0.016638225255972697;0.039603960396039604
1665.0;0.018470790378006873;0.016638225255972697;0.040424121935056324
1666.5;0.018470790378006873;0.01597712748065927;0.015095605501509561
1668.0;0.018470790378006873;0.015001087035292413;0.018010291595197254
1669.5;0.018470790378006873;0.01836806645203033;0.0175513698630137
1671.0;0.018470790378006873;0.01488644788002137;0.016745540589734254
1672.5;0.015095605501509561;0.04536862003780718;0.01865038996269922
1674.0;0.015095605501509561;0.04536862003780718;0.017679771605305417
1675.5;0.015095605501509561;0.017094017094017096;0.037422037422037424
1677.0;0.015001087035292413;0.015095605501509561;0.01834061135371179
1678.5;0.015001087035292413;0.016745540589734254;0.018354055654233276
1680.0;0.015001087035292413;0.015809071886378992;0.01850632726208763
1681.5;0.015001087035292413;0.07996748642690851;0.017699115044247787
1683.0;0.016863406408094434;0.018010291595197254;0.01606832657788072
1684.5;0.016863406408094434;0.015871286409530037;0.018026004728132386
1686.0;0.016863406408094434;0.016676298192025096;0.01597712748065927
1687.5;0.01842179442537598;0.014910112661872163;0.01712538226299694
1689.0;0.01842179442537598;0.015724726735506497;0.01585778099722323
1690.5;0.017498443680569787;0.016557768507871926;0.017699115044247787
1692.0;0.018332165356039182;0.018010291595197254;0.01874107841782935
1693.5;0.018332165356039182;0.018010291595197254;0.038385826771653545
1695.0;0.018332165356039182;0.0175513698630137;0.017094017094017096
1696.5;0.015724726735506497;0.07796881247500999;0.017623877982923447
1698.0;0.015724726735506497;0.015001087035292413;0.06859415127164278
1699.5;0.015724726735506497;0.014945495799148322;0.017094017094017096
1701.0;0.015724726735506497;0.015769487034319674;0.015871286409530037
1702.5;0.015724726735506497;0.017443347491498312;0.017094017094017096
1704.0;0.015724726735506497;0.017094017094017096;0.016403046280023436
1705.5;0.015724726735506497;0.016638225255972697;0.016429426632965278
1707.0;0.015724726735506497;0.0175513698630137;0.015926980240613186
1708.5;0.015724726735506497;0.016863406408094434;0.01606832657788072
1710.0;0.015724726735506497;0.017094017094017096;0.017373380447585393
1711.5;0.015724726735506497;0.017094017094017096;0.018848906360245943
1713.0;0.015724726735506497;0.017094017094017096;0.018354055654233276
1714.5;0.015724726735506497;0.017094017094017096;0.019673731176798662
1716.0;0.015724726735506497;0.016863406408094434;0.017971946230274694
1717.5;0.015724726735506497;0.016863406408094434;0.017934291168491913
1719.0;0.015724726735506497;0.016863406408094434;0.018354055654233276
1720.5;0.015724726735506497;0.051640926640926635;0.018848906360245943
1722.0;0.015724726735506497;0.017754480892796753;0.018026004728132386
1723.5;0.017427438387099873;0.015769487034319674;0.015414729630535846
1725.0;0.017427438387099873;0.016582472972657695;0.0185554688027144
1726.5;0.017427438387099873;0.01597712748065927;0.015731292517006803
1728.0;0.017427438387099873;0.01597712748065927;0.017754480892796753
1729.5;0.017427438387099873;0.014945495799148322;0.018470790378006873
1731.0;0.017427438387099873;0.01488644788002137;0.01612259159428971
1732.5;0.017427438387099873;0.015280135823429542;0.017094017094017096
1734.0;0.017427438387099873;0.017094017094017096;0.016638225255972697
1735.5;0.016557768507871926;0.01597712748065927;0.0175513698630137
1737.0;0.016557768507871926;0.015871286409530037;0.0189328743545611
1738.5;0.016557768507871926;0.035598705501618116;0.015001087035292413
1740.0;0.016557768507871926;0.0161839863713799;0.019142066420664204
1741.5;0.016557768507871926;0.0175513698630137;0.04020393656396304
1743.0;0.016557768507871926;0.0175513698630137;0.017094017094017096
1744.5;0.0182681206624895;0.017754480892796753;0.016745540589734254
1746.0;0.0161839863713799;0.0863169700629799;0.016863406408094434
1747.5;0.016745540589734254;0.015731292517006803;0.016863406408094434
1749.0;0.0189328743545611;0.07548669050456894;0.015769487034319674
1750.5;0.01597712748065927;0.08144892908951275;0.051640926640926635
1752.0;0.017623877982923447;0.015809071886378992;0.015731292517006803
1753.5;0.017547197908565945;0.07216102560980384;0.01865038996269922
1755.0;0.017547197908565945;0.07216102560980384;0.017094017094017096
1756.5;0.017547197908565945;0.018332165356039182;0.016676298192025096
1758.0;0.014910112661872163;0.017094017094017096;0.049329501915708805
1759.5;0.014910112661872163;0.015731292517006803;0.017754480892796753
1761.0;0.015095605501509561;0.017623877982923447;0.01865038996269922
1762.5;0.015095605501509561;0.017623877982923447;0.017623877982923447
1764.0;0.015095605501509561;0.017623877982923447;0.01836806645203033
1765.5;0.015095605501509561;0.049329501915708805;0.015724726735506497
1767.0;0.015809071886378992;0.09340659340659341;0.04536862003780718
1768.5;0.015809071886378992;0.017094017094017096;0.01597712748065927
1770.0;0.015809071886378992;0.08048289738430583;0.016745540589734254
1771.5;0.015809071886378992;0.01850632726208763;0.017094017094017096
1773.0;0.015809071886378992;0.0674469940084216;0.01845342706502636
1774.5;0.015809071886378992;0.0674469940084216;0.01702553830746119
1776.0;0.015809071886378992;0.017498443680569787;0.017094017094017096
1777.5;0.01663225731761437;0.015743018124095107;0.015001087035292413
1779.0;0.01663225731761437;0.015724726735506497;0.016676298192025096
1780.5;0.015743018124095107;0.015724726735506497;0.01488644788002137
1782.0;0.07773101809313682;0.016568094782873223;0.01485852872552252
1783.5;0.018289844042285466;0.0182681206624895;0.016863406408094434
1785.0;0.018289844042285466;0.017397154861764727;0.0363872644574399
1786.5;0.014850222990092551;0.017397154861764727;0.0363872644574399
1788.0;0.017094017094017096;0.014834097312229661;0.015963095712199653
1789.5;0.017094017094017096;0.014834097312229661;0.018010291595197254
1791.0;0.017623877982923447;0.014834097312229661;0.01842179442537598
1792.5;0.014945495799148322;0.014834097312229661;0.01830736743700201
1794.0;0.0175513698630137;0.014834097312229661;0.017754480892796753
1795.5;0.0175513698630137;0.017094017094017096;0.018026004728132386
1797.0;0.0175513698630137;0.09087154068566708;0.01702553830746119
1798.5;0.017754480892796753;0.09087154068566708;0.04990403071017274
1800.0;0.038385826771653545;0.09087154068566708;0.01576182136602452
1801.5;0.018937169700528483;0.01850632726208763;0.0175513698630137
1803.0;0.01784040701566475;0.01663225731761437;0.017699115044247787
1804.5;0.018792559974975337;0.017465858520325457;0.01594765689784196
1806.0;0.016807551075732556;0.017465858520325457;0.015597920277296359
1807.5;0.01865038996269922;0.01830736743700201;0.019139945314441957
1809.0;0.015871286409530037;0.01830736743700201;0.017215791035915702
1810.5;0.0161839863713799;0.01830736743700201;0.018010291595197254
1812.0;0.0161839863713799;0.01485852872552252;0.08893709327548807
1813.5;0.015095605501509561;0.016557768507871926;0.03758169934640523
1815.0;0.015095605501509561;0.016557768507871926;0.017094017094017096
1816.5;0.06859415127164278;0.016557768507871926;0.015095605501509561
1818.0;0.06859415127164278;0.016557768507871926;0.08265594250021391
1819.5;0.06859415127164278;0.016557768507871926;0.014945495799148322
1821.0;0.06859415127164278;0.016557768507871926;0.017934291168491913
1822.5;0.06859415127164278;0.016550266845809666;0.01672693391308206
1824.0;0.06859415127164278;0.016550266845809666;0.037969094922737305
1825.5;0.075255126101145;0.016550266845809666;0.015517241379310345
1827.0;0.075255126101145;0.016550266845809666;0.017971946230274694
1828.5;0.075255126101145;0.015690820879123473;0.01676981545879932
1830.0;0.01836806645203033;0.015690820879123473;0.05412371134020618
1831.5;0.01836806645203033;0.015690820879123473;0.016979552792060267
1833.0;0.01836806645203033;0.015690820879123473;0.03758169934640523
1834.5;0.01488644788002137;0.016540721828503288;0.01702553830746119
1836.0;0.016568094782873223;0.016540721828503288;0.04980842911877395
1837.5;0.014850222990092551;0.014834097312229661;0.04440622038122652
1839.0;0.014839767744728968;0.014834097312229661;0.018354055654233276
1840.5;0.014839767744728968;0.014834097312229661;0.038100208768267224
1842.0;0.014839767744728968;0.014834097312229661;0.01780160609014529
1843.5;0.015687178238012765;0.01739137492247878;0.017814806907942786
1845.0;0.017393838281482624;0.015680987109796585;0.017623877982923447
1846.5;0.015682478532320222;0.01567987457984609;0.018470790378006873
1848.0;0.015682478532320222;0.01567987457984609;0.017971946230274694
1849.5;0.015682478532320222;0.015679043553987165;0.016821418488660245
1851.0;0.018248107350266503;0.015679043553987165;0.017674350500443508
1852.5;0.018248107350266503;0.017094017094017096;0.01672535211267606
1854.0;0.018248107350266503;0.01865038996269922;0.018848906360245943
1855.5;0.014829976303317897;0.01865038996269922;0.05501152073732719
1857.0;0.014829976303317897;0.01865038996269922;0.019139945314441957
1858.5;0.014829976303317897;0.01865038996269922;0.03469827586206897
1860.0;0.014829976303317897;0.01865038996269922;0.018242207460398566
1861.5;0.014829976303317897;0.016745540589734254;0.016638225255972697
1863.0;0.014829976303317897;0.016745540589734254;0.016638225255972697
1864.5;0.014829976303317897;0.015809071886378992;0.01865038996269922
1866.0;0.014829976303317897;0.015809071886378992;0.018876611418047883
1867.5;0.014829976303317897;0.015809071886378992;0.0552187093980078
1869.0;0.014829976303317897;0.015809071886378992;0.01887912456608984
1870.5;0.017386386504641093;0.015809071886378992;0.0175513698630137
1872.0;0.017386386504641093;0.015809071886378992;0.017094017094017096
1873.5;0.018244004306380245;0.015809071886378992;0.018010291595197254
1875.0;0.01738538657899296;0.015809071886378992;0.048187022900763356
1876.5;0.014827716422686422;0.015809071886378992;0.015414729630535846
1878.0;0.018242716875351634;0.015809071886378992;0.018354055654233276
1879.5;0.015676896668012225;0.015809071886378992;0.01967799642218247
1881.0;0.018242456797028576;0.015809071886378992;0.018010291595197254
1882.5;0.0161839863713799;0.015809071886378992;0.01749271137026239
1884.0;0.015871286409530037;0.015809071886378992;0.015069294547215105
1885.5;0.015871286409530037;0.015809071886378992;0.08205736529478165
1887.0;0.017498443680569787;0.015809071886378992;0.0165975978705743
1888.5;0.0161839863713799;0.015809071886378992;0.018286654614341546
1890.0;0.018354055654233276;0.015809071886378992;0.017094017094017096
1891.5;0.018354055654233276;0.015809071886378992;0.01597712748065927
1893.0;0.015095605501509561;0.015809071886378992;0.016745540589734254
1894.5;0.07318094281168887;0.015809071886378992;0.017754480892796753
1896.0;0.04425612052730697;0.0804076327636537;0.016863406408094434
1897.5;0.016863406408094434;0.0804076327636537;0.017094017094017096
1899.0;0.01842179442537598;0.0804076327636537;0.01842179442537598
1900.5;0.08338930129741895;0.014870091759449306;0.038385826771653545
1902.0;0.08338930129741895;0.015711796950363736;0.015095605501509561
1903.5;0.08338930129741895;0.015711796950363736;0.05222437137330754
1905.0;0.08338930129741895;0.01654477169890474;0.018010291595197254
1906.5;0.08338930129741895;0.01654477169890474;0.016863406408094434
1908.0;0.06626088925009356;0.01672535211267606;0.016676298192025096
1909.5;0.017443347491498312;0.018010291595197254;0.0175513698630137
1911.0;0.016557768507871926;0.018010291595197254;0.015001087035292413
1912.5;0.016557768507871926;0.015731292517006803;0.04875717017208413
1914.0;0.014839767744728968;0.015731292517006803;0.04875717017208413
1915.5;0.018256492034823147;0.015731292517006803;0.017623877982923447
1917.0;0.018256492034823147;0.016745540589734254;0.07547665433531073
1918.5;0.0746273521754212;0.016745540589734254;0.01834862385321101
1920.0;0.0746273521754212;0.016745540589734254;0.01874107841782935
1921.5;0.07247037473681829;0.017547197908565945;0.07395544879280241
1923.0;0.07247037473681829;0.01836806645203033;0.0161839863713799
1924.5;0.016533838797490336;0.016582472972657695;0.017094017094017096
1926.0;0.016531678096401558;0.015711796950363736;0.018197573656845753
1927.5;0.016531678096401558;0.015711796950363736;0.08530042918454936
1929.0;0.044811320754716985;0.0815499194163898;0.018086080586080584
1930.5;0.044811320754716985;0.014844188506303903;0.015992751525289242
1932.0;0.044811320754716985;0.014844188506303903;0.04990403071017274
1933.5;0.017754480892796753;0.01826142579350741;0.04990403071017274
1935.0;0.017623877982923447;0.01826142579350741;0.03718199608610568
1936.5;0.014945495799148322;0.01826142579350741;0.0161839863713799
1938.0;0.01663225731761437;0.01826142579350741;0.047619047619047616
1939.5;0.01663225731761437;0.01826142579350741;0.016745540589734254
1941.0;0.018332165356039182;0.01826142579350741;0.015095605501509561
1942.5;0.016582472972657695;0.07789492941230503;0.017094017094017096
1944.0;0.018277260861902424;0.016537723722061845;0.06973170529113713
1945.5;0.01740771421307761;0.0161839863713799;0.017302798982188294
1947.0;0.018256492034823147;0.0161839863713799;0.01591511423210106
1948.5;0.018256492034823147;0.0175513698630137;0.01591511423210106
1950.0;0.0788529140887569;0.016863406408094434;0.017754480892796753
1951.5;0.0175513698630137;0.0161839863713799;0.018010291595197254
1953.0;0.08954302181967888;0.01865038996269922;0.015095605501509561
1954.5;0.015001087035292413;0.01663225731761437;0.016745540589734254
1956.0;0.017547197908565945;0.016582472972657695;0.017094017094017096
1957.5;0.017547197908565945;0.018277260861902424;0.0161839863713799
1959.0;0.0189328743545611;0.01740771421307761;0.0189328743545611
1960.5;0.0189328743545611;0.016863406408094434;0.01597712748065927
1962.0;0.0189328743545611;0.016863406408094434;0.01597712748065927
1963.5;0.01850632726208763;0.0175513698630137;0.015871286409530037
1965.0;0.01850632726208763;0.08302956662616444;0.019142066420664204
1966.5;0.016676298192025096;0.017547197908565945;0.01688081285952368
1968.0;0.016676298192025096;0.016335052812576762;0.016897746967071057
1969.5;0.015769487034319674;0.01766843911960692;0.018010291595197254
1971.0;0.015769487034319674;0.07460814739879437;0.0720250521920668
1972.5;0.01660281557997176;0.015731292517006803;0.07076132648295189
1974.0;0.01660281557997176;0.08450826136298063;0.08954302181967888
1975.5;0.016568094782873223;0.017094017094017096;0.0170487948265726
1977.0;0.078274430155538;0.01865038996269922;0.0170487948265726
1978.5;0.04536862003780718;0.0175513698630137;0.01749271137026239
1980.0;0.0175513698630137;0.018010291595197254;0.044811320754716985
1981.5;0.0175513698630137;0.016863406408094434;0.016863406408094434
1983.0;0.01597712748065927;0.015001087035292413;0.04536862003780718
1984.5;0.016676298192025096;0.015001087035292413;0.016863406408094434
1986.0;0.01488644788002137;0.015001087035292413;0.07551140668406431
1987.5;0.01488644788002137;0.015001087035292413;0.015731292517006803
1989.0;0.01488644788002137;0.01842179442537598;0.016745540589734254
1990.5;0.014850222990092551;0.017094017094017096;0.014910112661872163
1992.0;0.016638225255972697;0.015731292517006803;0.08277925531914893
1993.5;0.01597712748065927;0.015731292517006803;0.08277925531914893
1995.0;0.01597712748065927;0.01597712748065927;0.08277925531914893
1996.5;0.01597712748065927;0.01850632726208763;0.016937514305333027
1998.0;0.017094017094017096;0.01850632726208763;0.017574219762933944
1999.5;0.05281007751937984;0.01850632726208763;0.014895060311512434
2001.0;0.05281007751937984;0.01836806645203033;0.01573143975108125
2002.5;0.016863406408094434;0.01830736743700201;0.01573143975108125
2004.0;0.016863406408094434;0.015711796950363736;0.018296312618706345
2005.5;0.016863406408094434;0.018277260861902424;0.01827151917897185
2007.0;0.01842179442537598;0.014839767744728968;0.05048076923076923
2008.5;0.01842179442537598;0.016540721828503288;0.017754480892796753
2010.0;0.015743018124095107;0.015684481542853023;0.047619047619047616
2011.5;0.036783854166666664;0.018246600758721136;0.0161839863713799
2013.0;0.0189328743545611;0.018246600758721136;0.01850632726208763
2014.5;0.0189328743545611;0.018246600758721136;0.01865038996269922
2016.0;0.0189328743545611;0.018246600758721136;0.01850632726208763
2017.5;0.0170487948265726;0.018246600758721136;0.01850632726208763
2019.0;0.01597712748065927;0.018246600758721136;0.016676298192025096
2020.5;0.017623877982923447;0.017386386504641093;0.016676298192025096
2022.0;0.01842179442537598;0.017386386504641093;0.017498443680569787
2023.5;0.01836806645203033;0.017386386504641093;0.017094017094017096
2025.0;0.01488644788002137;0.017386386504641093;0.017094017094017096
2026.5;0.017754480892796753;0.017386386504641093;0.015095605501509561
2028.0;0.018470790378006873;0.016529793433502835;0.016745540589734254
2029.5;0.016638225255972697;0.01865038996269922;0.016745540589734254
2031.0;0.015095605501509561;0.017623877982923447;0.016745540589734254
2032.5;0.01663225731761437;0.014910112661872163;0.01597712748065927
2034.0;0.016638225255972697;0.016568094782873223;0.01597712748065927
2035.5;0.08048289738430583;0.018010291595197254;0.01850632726208763
2037.0;0.04875717017208413;0.015095605501509561;0.017547197908565945
2038.5;0.019345238095238096;0.015871286409530037;0.017547197908565945
2040.0;0.019345238095238096;0.017754480892796753;0.015769487034319674
2041.5;0.019345238095238096;0.01597712748065927;0.015731292517006803
2043.0;0.018010291595197254;0.016638225255972697;0.01850632726208763
2044.5;0.017094017094017096;0.015280135823429542;0.015809071886378992
2046.0;0.017094017094017096;0.041250831669993354;0.0175513698630137
2047.5;0.017094017094017096;0.017754480892796753;0.01597712748065927
2049.0;0.017094017094017096;0.015731292517006803;0.01597712748065927
2050.5;0.016638225255972697;0.015731292517006803;0.015001087035292413
2052.0;0.01842179442537598;0.01865038996269922;0.017547197908565945
2053.5;0.01842179442537598;0.08386958386958387;0.014910112661872163
2055.0;0.07061592781482934;0.014910112661872163;0.01660281557997176
2056.5;0.017754480892796753;0.016638225255972697;0.01830736743700201
2058.0;0.014945495799148322;0.015001087035292413;0.01830736743700201
2059.5;0.014910112661872163;0.015731292517006803;0.01485852872552252
2061.0;0.01488644788002137;0.03608247422680412;0.018277260861902424
2062.5;0.018289844042285466;0.03608247422680412;0.01740771421307761
2064.0;0.01741601350785099;0.055494855686060274;0.01740771421307761
2065.5;0.0189328743545611;0.01705018909044292;0.018010291595197254
2067.0;0.01865038996269922;0.01705018909044292;0.015001087035292413
2068.5;0.015001087035292413;0.016842592473546844;0.016676298192025096
2070.0;0.017498443680569787;0.01586074073577572;0.016676298192025096
2071.5;0.017094017094017096;0.017462237893325645;0.01488644788002137
2073.0;0.017094017094017096;0.017462237893325645;0.01488644788002137
2074.5;0.01865038996269922;0.017462237893325645;0.018010291595197254
2076.0;0.01865038996269922;0.07226152885051625;0.017373380447585393
2077.5;0.0161839863713799;0.043703007518796994;0.0161839863713799
2079.0;0.015095605501509561;0.018612132352941176;0.017754480892796753
2080.5;0.017623877982923447;0.015414729630535846;0.017547197908565945
2082.0;0.017623877982923447;0.017679771605305417;0.01663225731761437
2083.5;0.016676298192025096;0.01672239597595953;0.01663225731761437
2085.0;0.016676298192025096;0.01672239597595953;0.017465858520325457
2086.5;0.017498443680569787;0.01672239597595953;0.01850632726208763
2088.0;0.04205607476635514;0.01672239597595953;0.016676298192025096
2089.5;0.01865038996269922;0.01672239597595953;0.015769487034319674
2091.0;0.017623877982923447;0.017799021627615652;0.015743018124095107
2092.5;0.017623877982923447;0.07954965666140001;0.03798297314996725
2094.0;0.017547197908565945;0.07954965666140001;0.015280135823429542
2095.5;0.017547197908565945;0.016608795492017596;0.015280135823429542
2097.0;0.017547197908565945;0.017430728390100778;0.015095605501509561
2098.5;0.017547197908565945;0.015704440960418294;0.015731292517006803
2100.0;0.01663225731761437;0.06529605479885824;0.017623877982923447
2101.5;0.015724726735506497;0.018253606767980154;0.017623877982923447
2103.0;0.015724726735506497;0.01739189283498235;0.07771195869669424
2104.5;0.015724726735506497;0.017387365923043803;0.07771195869669424
2106.0;0.015724726735506497;0.016530579325861623;0.017443347491498312
2107.5;0.015724726735506497;0.017385133512529467;0.018289844042285466
2109.0;0.015724726735506497;0.0787194953617538;0.016403046280023436
2110.5;0.018010291595197254;0.07235182274794018;0.016403046280023436
2112.0;0.015095605501509561;0.06922190610234123;0.018010291595197254
2113.5;0.01850632726208763;0.06922190610234123;0.015809071886378992
2115.0;0.01850632726208763;0.017384288578409325;0.016863406408094434
2116.5;0.0189328743545611;0.0755090293955882;0.015809071886378992
2118.0;0.016745540589734254;0.07339586843543286;0.01488644788002137
2119.5;0.016745540589734254;0.01482706014605486;0.015724726735506497
2121.0;0.01842179442537598;0.07977827793359415;0.01485852872552252
2122.5;0.01842179442537598;0.09722222222222221;0.01570251018973342
2124.0;0.01836806645203033;0.0161839863713799;0.016550266845809666
2125.5;0.01660281557997176;0.016745540589734254;0.015687178238012765
2127.0;0.07446218085988703;0.014910112661872163;0.014832305600435561
2128.5;0.07446218085988703;0.017465858520325457;0.015680987109796585
2130.0;0.018289844042285466;0.08674568965517242;0.017094017094017096
2131.5;0.018289844042285466;0.017754480892796753;0.016863406408094434
2133.0;0.018289844042285466;0.01850632726208763;0.015001087035292413
2134.5;0.018289844042285466;0.01663225731761437;0.015001087035292413
2136.0;0.017094017094017096;0.01485852872552252;0.04990403071017274
2137.5;0.01865038996269922;0.014850222990092551;0.01845342706502636
2139.0;0.017547197908565945;0.015695763321720377;0.048187022900763356
2140.5;0.015731292517006803;0.0663123755999786;0.07061592781482934
2142.0;0.015809071886378992;0.0663123755999786;0.015809071886378992
2143.5;0.015809071886378992;0.01825283975007182;0.06997510553090161
2145.0;0.043703007518796994;0.01825283975007182;0.015871286409530037
2146.5;0.043703007518796994;0.01825283975007182;0.018683274021352312
2148.0;0.0189328743545611;0.01825283975007182;0.01702553830746119
2149.5;0.0189328743545611;0.016533838797490336;0.01702553830746119
2151.0;0.015095605501509561;0.01567987457984609;0.01672693391308206
2152.5;0.01850632726208763;0.017094017094017096;0.016863406408094434
2154.0;0.07996748642690851;0.018470790378006873;0.014945495799148322
2155.5;0.018332165356039182;0.01865038996269922;0.07548669050456894
2157.0;0.016582472972657695;0.01865038996269922;0.0161839863713799
2158.5;0.016582472972657695;0.015769487034319674;0.017754480892796753
2160.0;0.016582472972657695;0.015001087035292413;0.015095605501509561
2161.5;0.016582472972657695;0.01663225731761437;0.014945495799148322
2163.0;0.016582472972657695;0.014870091759449306;0.015724726735506497
2164.5;0.018289844042285466;0.018612132352941176;0.01485852872552252
2166.0;0.018289844042285466;0.018197573656845753;0.05214723926380367
2167.5;0.018289844042285466;0.03919631093544137;0.019408502772643253
2169.0;0.01865038996269922;0.01597712748065927;0.018026004728132386
2170.5;0.01865038996269922;0.01663225731761437;0.016830578931359627
2172.0;0.01865038996269922;0.01663225731761437;0.07182211727666273
2173.5;0.01865038996269922;0.0770733678473717;0.018354055654233276
2175.0;0.017623877982923447;0.016557768507871926;0.018354055654233276
2176.5;0.016676298192025096;0.018010291595197254;0.018937169700528483
2178.0;0.014910112661872163;0.015001087035292413;0.0189328743545611
2179.5;0.015743018124095107;0.01834862385321101;0.044811320754716985
2181.0;0.015743018124095107;0.017215791035915702;0.018010291595197254
2182.5;0.017443347491498312;0.051263641585295804;0.015871286409530037
2184.0;0.018010291595197254;0.01778750122150477;0.016676298192025096
2185.5;0.017623877982923447;0.017754480892796753;0.06673232664261046
2187.0;0.01836806645203033;0.017754480892796753;0.08917976475486623
2188.5;0.016638225255972697;0.017754480892796753;0.015958442650909548
2190.0;0.01865038996269922;0.01850632726208763;0.014939647089007215
2191.5;0.018470790378006873;0.015095605501509561;0.01832817669642034
2193.0;0.015871286409530037;0.016638225255972697;0.016863406408094434
2194.5;0.0161839863713799;0.03758169934640523;0.0161839863713799
2196.0;0.016745540589734254;0.017971946230274694;0.01606832657788072
2197.5;0.016745540589734254;0.09995911692559281;0.017603269400950756
2199.0;0.017547197908565945;0.01594765689784196;0.016624630520743856
2200.5;0.08110292001505391;0.014986153377295074;0.016624630520743856
2202.0;0.015743018124095107;0.014936197678611653;0.014882253066380514
2203.5;0.015743018124095107;0.017094017094017096;0.014882253066380514
2205.0;0.01485852872552252;0.01834862385321101;0.0470532319391635
2206.5;0.01485852872552252;0.016838000708968452;0.018470790378006873
2208.0;0.07396662127824268;0.01741229204378933;0.0175513698630137
2209.5;0.015280135823429542;0.01865038996269922;0.016745540589734254
2211.0;0.015280135823429542;0.0720250521920668;0.017547197908565945
2212.5;0.016863406408094434;0.015809071886378992;0.01733025239957341
2214.0;0.016863406408094434;0.06804328160965284;0.018532729644693425
2215.5;0.016863406408094434;0.0175513698630137;0.017094017094017096
2217.0;0.015809071886378992;0.016863406408094434;0.03676148796498906
2218.5;0.015809071886378992;0.016745540589734254;0.1052779732582688
2220.0;0.015809071886378992;0.014945495799148322;0.0189328743545611
2221.5;0.017094017094017096;0.014945495799148322;0.018470790378006873
2223.0;0.017094017094017096;0.01672535211267606;0.017754480892796753
2224.5;0.017094017094017096;0.018010291595197254;0.017094017094017096
2226.0;0.017094017094017096;0.015809071886378992;0.016863406408094434
2227.5;0.01597712748065927;0.017699115044247787;0.01749271137026239
2229.0;0.01597712748065927;0.018354055654233276;0.0189328743545611
2230.5;0.05222437137330754;0.08174097664543525;0.01865038996269922
2232.0;0.01597712748065927;0.01865038996269922;0.08216097234185091
2233.5;0.01597712748065927;0.018010291595197254;0.0350922131147541
2235.0;0.08315565031982942;0.018010291595197254;0.0153103221203973
2236.5;0.08315565031982942;0.017754480892796753;0.015992751525289242
2238.0;0.015001087035292413;0.017754480892796753;0.016682238490947087
2239.5;0.0161839863713799;0.017754480892796753;0.017094017094017096
2241.0;0.0161839863713799;0.017754480892796753;0.016638225255972697
2242.5;0.015095605501509561;0.01842179442537598;0.018612132352941176
2244.0;0.015871286409530037;0.01663225731761437;0.015414729630535846
2245.5;0.015871286409530037;0.015731292517006803;0.016937514305333027
2247.0;0.017465858520325457;0.015001087035292413;0.014965094221118901
2248.5;0.016568094782873223;0.01663225731761437;0.01654091700522345
2250.0;0.016568094782873223;0.01663225731761437;0.01654091700522345
2251.5;0.014850222990092551;0.017094017094017096;0.046489563567362426
2253.0;0.0161839863713799;0.018010291595197254;0.018026004728132386
2254.5;0.018010291595197254;0.019274809160305342;0.0161839863713799
2256.0;0.01865038996269922;0.017596390484003282;0.01597712748065927
2257.5;0.014945495799148322;0.01813557316928901;0.016863406408094434
2259.0;0.015769487034319674;0.07274854723777971;0.019013666072489603
2260.5;0.017465858520325457;0.07274854723777971;0.01672535211267606
2262.0;0.017443347491498312;0.07274854723777971;0.015225395561747438
2263.5;0.07096861245658452;0.07274854723777971;0.08560945780676722
2265.0;0.01570251018973342;0.015023319822083615;0.017368069472277887
2266.5;0.01570251018973342;0.01582425910035537;0.045928030303030304
2268.0;0.014844188506303903;0.01582425910035537;0.016863406408094434
2269.5;0.08113807633810924;0.01582425910035537;0.014945495799148322
2271.0;0.01825283975007182;0.0183814781390332;0.018010291595197254
2272.5;0.01825283975007182;0.018341260489379854;0.0161839863713799
2274.0;0.01653549687010534;0.014861508602052773;0.01842179442537598
2275.5;0.01653549687010534;0.014861508602052773;0.01834862385321101
2277.0;0.014830971492820427;0.041250831669993354;0.016043635035830027
2278.5;0.014830971492820427;0.039603960396039604;0.01784040701566475
2280.0;0.015679043553987165;0.039603960396039604;0.0470532319391635
2281.5;0.015679043553987165;0.01967799642218247;0.01597712748065927
2283.0;0.015679043553987165;0.016863406408094434;0.018470790378006873
2284.5;0.015679043553987165;0.017623877982923447;0.01842179442537598
2286.0;0.01567842217100666;0.01842179442537598;0.016582472972657695
2287.5;0.01567842217100666;0.014910112661872163;0.018289844042285466
2289.0;0.017385814700674008;0.015724726735506497;0.017623877982923447
2290.5;0.017385814700674008;0.01570251018973342;0.01702553830746119
2292.0;0.017385814700674008;0.017373380447585393;0.017603269400950756
2293.5;0.01738538657899296;0.01597712748065927;0.051640926640926635
2295.0;0.01738538657899296;0.017623877982923447;0.07548669050456894
2296.5;0.01738538657899296;0.016638225255972697;0.01850632726208763
2298.0;0.01738538657899296;0.0175513698630137;0.01663225731761437
2299.5;0.01738538657899296;0.0175513698630137;0.01663225731761437
2301.0;0.01738538657899296;0.0720250521920668;0.016863406408094434
2302.5;0.01738538657899296;0.015809071886378992;0.04990403071017274
2304.0;0.01738538657899296;0.014910112661872163;0.016745540589734254
2305.5;0.01738538657899296;0.051640926640926635;0.01865038996269922
2307.0;0.01738538657899296;0.017754480892796753;0.08048289738430583
2308.5;0.014827716422686422;0.017754480892796753;0.08048289738430583
2310.0;0.016529576213227;0.017754480892796753;0.07434304424481572
2311.5;0.016529576213227;0.017754480892796753;0.01597712748065927
2313.0;0.016529576213227;0.0175513698630137;0.015001087035292413
2314.5;0.017384645537373677;0.017754480892796753;0.08735632183908047
2316.0;0.017384645537373677;0.0798365745414373;0.015054442165062335
2317.5;0.017384645537373677;0.01865038996269922;0.014977544128398844
2319.0;0.017384645537373677;0.01865038996269922;0.01865038996269922
2320.5;0.017384645537373677;0.015001087035292413;0.01842179442537598
2322.0;0.015676814372618864;0.0470532319391635;0.017094017094017096
2323.5;0.015676814372618864;0.0470532319391635;0.01865038996269922
2325.0;0.014827183625536878;0.08691206543967281;0.018470790378006873
2326.5;0.014827183625536878;0.04875717017208413;0.016745540589734254
2328.0;0.014827183625536878;0.041666666666666664;0.017094017094017096
2329.5;0.014827183625536878;0.041666666666666664;0.01597712748065927
2331.0;0.014827183625536878;0.018010291595197254;0.016863406408094434
2332.5;0.014827183625536878;0.017754480892796753;0.014910112661872163
2334.0;0.0161839863713799;0.015871286409530037;0.018010291595197254
2335.5;0.017754480892796753;0.017699115044247787;0.017623877982923447
2337.0;0.017754480892796753;0.016638225255972697;0.017094017094017096
2338.5;0.017754480892796753;0.0189328743545611;0.01672535211267606
2340.0;0.017754480892796753;0.016863406408094434;0.017015706806282723
2341.5;0.07905457014342697;0.016745540589734254;0.01879117923894043
2343.0;0.07905457014342697;0.016676298192025096;0.0425033467202142
2344.5;0.07905457014342697;0.017498443680569787;0.018792559974975337
2346.0;0.016676298192025096;0.01488644788002137;0.016638225255972697
2347.5;0.015769487034319674;0.0175513698630137;0.018010291595197254
2349.0;0.015769487034319674;0.01865038996269922;0.017623877982923447
2350.5;0.07053123107281715;0.017094017094017096;0.01842179442537598
2352.0;0.07053123107281715;0.01756386861313869;0.018010291595197254
2353.5;0.01830736743700201;0.016348533050547898;0.017094017094017096
2355.0;0.01830736743700201;0.018671683262517162;0.017094017094017096
2356.5;0.01830736743700201;0.017754480892796753;0.015095605501509561
2358.0;0.016568094782873223;0.01842179442537598;0.01850632726208763
2359.5;0.014850222990092551;0.01660281557997176;0.016676298192025096
2361.0;0.014850222990092551;0.0189328743545611;0.015871286409530037
2362.5;0.014850222990092551;0.015095605501509561;0.017094017094017096
2364.0;0.014850222990092551;0.015001087035292413;0.018026004728132386
2365.5;0.014850222990092551;0.0170487948265726;0.01845342706502636
2367.0;0.014850222990092551;0.018010291595197254;0.016217853406024562
2368.5;0.07381715481025414;0.016863406408094434;0.014950266845029822
2370.0;0.07381715481025414;0.017498443680569787;0.07401812688821752
2371.5;0.07381715481025414;0.01850632726208763;0.016335052812576762
2373.0;0.07381715481025414;0.017094017094017096;0.01672535211267606
2374.5;0.07381715481025414;0.06325301204819277;0.05862944162436549
2376.0;0.07381715481025414;0.07835234647175354;0.018761128291631523
2377.5;0.07381715481025414;0.015008842899186362;0.015731292517006803
2379.0;0.07381715481025414;0.01581441031817882;0.01810699588477366
2380.5;0.07381715481025414;0.01491323364428604;0.018612132352941176
2382.0;0.07381715481025414;0.017468783651818188;0.01713180436584692
2383.5;0.07381715481025414;0.018291449893003214;0.01713180436584692
2385.0;0.07381715481025414;0.06855834186175623;0.01834061135371179
2386.5;0.07381715481025414;0.016638225255972697;0.018354055654233276
2388.0;0.014839767744728968;0.016638225255972697;0.04083665338645418
2389.5;0.014834097312229661;0.015095605501509561;0.016638225255972697
2391.0;0.014832305600435561;0.015871286409530037;0.07905457014342697
2392.5;0.014832305600435561;0.03718199608610568;0.09087154068566708
2394.0;0.014830971492820427;0.017094017094017096;0.018354055654233276
2395.5;0.018246600758721136;0.018010291595197254;0.01784040701566475
2397.0;0.018246600758721136;0.03718199608610568;0.017754480892796753
2398.5;0.015679043553987165;0.015095605501509561;0.017094017094017096
2400.0;0.015679043553987165;0.01850632726208763;0.01845342706502636
2401.5;0.018244004306380245;0.017547197908565945;0.01694768198513463
2403.0;0.01653008333788549;0.014910112661872163;0.018612132352941176
2404.5;0.016529793433502835;0.017094017094017096;0.01834862385321101
2406.0;0.01738482561800834;0.016371008616320324;0.01718287488267995
2407.5;0.017384645537373677;0.03718199608610568;0.017699115044247787
2409.0;0.017754480892796753;0.017094017094017096;0.018354055654233276
2410.5;0.017754480892796753;0.015001087035292413;0.018010291595197254
2412.0;0.017754480892796753;0.015095605501509561;0.034408602150537634
2413.5;0.015871286409530037;0.01672535211267606;0.016285076905013504
2415.0;0.01842179442537598;0.0161839863713799;0.0189328743545611
2416.5;0.018332165356039182;0.01850632726208763;0.0161839863713799
2418.0;0.01830736743700201;0.017547197908565945;0.047619047619047616
2419.5;0.01830736743700201;0.01865038996269922;0.017699115044247787
2421.0;0.01830736743700201;0.014945495799148322;0.01612259159428971
2422.5;0.01830736743700201;0.015769487034319674;0.014936197678611653
2424.0;0.014850222990092551;0.017465858520325457;0.01597712748065927
2425.5;0.015695763321720377;0.018289844042285466;0.018010291595197254
2427.0;0.015695763321720377;0.01570251018973342;0.015225395561747438
2428.5;0.015695763321720377;0.01570251018973342;0.0189328743545611
2430.0;0.015695763321720377;0.01826142579350741;0.016863406408094434
2431.5;0.015095605501509561;0.015687178238012765;0.07182771394487347
2433.0;0.015001087035292413;0.016533838797490336;0.016917819729987117
2434.5;0.015001087035292413;0.016531678096401558;0.017567282711368357
2436.0;0.017094017094017096;0.016530470370958342;0.01549874155517287
2437.5;0.017094017094017096;0.01653008333788549;0.035869565217391305
2439.0;0.01834862385321101;0.01653008333788549;0.016835957338750634
2440.5;0.016043635035830027;0.014827541633468562;0.018565943596639965
2442.0;0.016043635035830027;0.06612904231101957;0.01672535211267606
2443.5;0.015731292517006803;0.07234957681179387;0.01749271137026239
2445.0;0.01597712748065927;0.07234957681179387;0.016403046280023436
2446.5;0.01654091700522345;0.017384333472854088;0.015225395561747438
2448.0;0.016830578931359627;0.017384333472854088;0.014936197678611653
2449.5;0.014986153377295074;0.0782563025210084;0.019013666072489603
2451.0;0.014986153377295074;0.075255126101145;0.01597712748065927
2452.5;0.01490398320124353;0.01663225731761437;0.017373380447585393
2454.0;0.014882253066380514;0.01663225731761437;0.041666666666666664
2455.5;0.014867146669811973;0.015711796950363736;0.043703007518796994
2457.0;0.018274952446558405;0.015711796950363736;0.015280135823429542
2458.5;0.0175513698630137;0.015711796950363736;0.015731292517006803
2460.0;0.01865038996269922;0.078274430155538;0.016638225255972697
2461.5;0.01842179442537598;0.078274430155538;0.018683274021352312
2463.0;0.01842179442537598;0.07702838380033686;0.01606832657788072
2464.5;0.017498443680569787;0.07702838380033686;0.01672535211267606
2466.0;0.017498443680569787;0.07702838380033686;0.017754480892796753
2467.5;0.018332165356039182;0.07702838380033686;0.01850632726208763
2469.0;0.014870091759449306;0.07702838380033686;0.017754480892796753
2470.5;0.01756386861313869;0.07702838380033686;0.016863406408094434
2472.0;0.016348533050547898;0.01826142579350741;0.0391281512605042
2473.5;0.016348533050547898;0.07146198039361484;0.015154962909024714
2475.0;0.01713180436584692;0.07564376868344201;0.0161839863713799
2476.5;0.01713180436584692;0.015680987109796585;0.015871286409530037
2478.0;0.017773776536674248;0.017388172610590263;0.0189328743545611
2479.5;0.015008842899186362;0.014829232922191612;0.018010291595197254
2481.0;0.015871286409530037;0.015677957190639216;0.01672535211267606
2482.5;0.01836806645203033;0.015677957190639216;0.0189328743545611
2484.0;0.018010291595197254;0.014827716422686422;0.017699115044247787
2485.5;0.016863406408094434;0.01652941341487852;0.017094017094017096
2487.0;0.016863406408094434;0.07026208292157007;0.016745540589734254
2488.5;0.015095605501509561;0.07026208292157007;0.017094017094017096
2490.0;0.015001087035292413;0.06510371222841278;0.0170487948265726
2491.5;0.014945495799148322;0.01567675266971058;0.03674948240165632
2493.0;0.014910112661872163;0.01567675266971058;0.01718287488267995
2494.5;0.014910112661872163;0.01567675266971058;0.01601318781639348
2496.0;0.014910112661872163;0.016529041294521166;0.09087154068566708
2497.5;0.015095605501509561;0.016529041294521166;0.017094017094017096
2499.0;0.07905457014342697;0.01652901237110648;0.01597712748065927
2500.5;0.01842179442537598;0.018242201966396813;0.0175513698630137
2502.0;0.014910112661872163;0.018242201966396813;0.016335052812576762
2503.5;0.014910112661872163;0.07025635599346863;0.018354055654233276
2505.0;0.07597140829130454;0.05048076923076923;0.015871286409530037
2506.5;0.01608187134502924;0.08175211949939443;0.08338930129741895
2508.0;0.015280135823429542;0.017623877982923447;0.08566433566433566
2509.5;0.015280135823429542;0.01842179442537598;0.016863406408094434
2511.0;0.016863406408094434;0.01842179442537598;0.017699115044247787
2512.5;0.017623877982923447;0.015743018124095107;0.09340659340659341
2514.0;0.01842179442537598;0.015743018124095107;0.03718199608610568
2515.5;0.07106563743420853;0.015743018124095107;0.017971946230274694
2517.0;0.07106563743420853;0.01830736743700201;0.015926980240613186
2518.5;0.017465858520325457;0.01830736743700201;0.0161839863713799
2520.0;0.016638225255972697;0.01830736743700201;0.0334685598377282
2521.5;0.016638225255972697;0.01830736743700201;0.017563955708285603
2523.0;0.016638225255972697;0.01830736743700201;0.015731292517006803
2524.5;0.016638225255972697;0.01830736743700201;0.014945495799148322
2526.0;0.01865038996269922;0.01830736743700201;0.0161839863713799
2527.5;0.014945495799148322;0.01830736743700201;0.06847253574115876
2529.0;0.01663225731761437;0.01830736743700201;0.017623877982923447
2530.5;0.01663225731761437;0.01830736743700201;0.01663225731761437
2532.0;0.018332165356039182;0.01830736743700201;0.014870091759449306
2533.5;0.016582472972657695;0.01830736743700201;0.015095605501509561
2535.0;0.016582472972657695;0.01830736743700201;0.017045454545454544
2536.5;0.015711796950363736;0.01830736743700201;0.0170487948265726
2538.0;0.016557768507871926;0.01830736743700201;0.017094017094017096
2539.5;0.014839767744728968;0.01830736743700201;0.0175513698630137
2541.0;0.015687178238012765;0.01830736743700201;0.08691206543967281
2542.5;0.016638225255972697;0.01830736743700201;0.019013666072489603
2544.0;0.017754480892796753;0.018470790378006873;0.07061503416856492
2545.5;0.015769487034319674;0.015095605501509561;0.0170487948265726
2547.0;0.015743018124095107;0.015095605501509561;0.09578691253681648
2548.5;0.016638225255972697;0.015095605501509561;0.036783854166666664
2550.0;0.016745540589734254;0.016745540589734254;0.03758169934640523
2551.5;0.016676298192025096;0.014910112661872163;0.018683274021352312
2553.0;0.016676298192025096;0.014910112661872163;0.0175513698630137
2554.5;0.016676298192025096;0.017094017094017096;0.017825311942959002
2556.0;0.016676298192025096;0.015871286409530037;0.017563955708285603
2557.5;0.018470790378006873;0.015809071886378992;0.017961645808949312
2559.0;0.01597712748065927;0.015769487034319674;0.018624934405591875
2560.5;0.016676298192025096;0.018332165356039182;0.015414729630535846
2562.0;0.014910112661872163;0.014870091759449306;0.016937514305333027
2563.5;0.01488644788002137;0.014870091759449306;0.015280135823429542
2565.0;0.01488644788002137;0.014870091759449306;0.0161839863713799
2566.5;0.01830736743700201;0.0182681206624895;0.018683274021352312
2568.0;0.018277260861902424;0.04875717017208413;0.03608247422680412
2569.5;0.018277260861902424;0.04875717017208413;0.049515381373788456
2571.0;0.01740771421307761;0.018470790378006873;0.040072261455082935
2572.5;0.01740771421307761;0.015095605501509561;0.016992064062730614
2574.0;0.01826142579350741;0.016745540589734254;0.016863406408094434
2575.5;0.01826142579350741;0.0161839863713799;0.017094017094017096
2577.0;0.01826142579350741;0.017754480892796753;0.018937169700528483
2578.5;0.016540721828503288;0.01850632726208763;0.019103449844912447
2580.0;0.01739137492247878;0.01850632726208763;0.01669677384200893
2581.5;0.018248107350266503;0.016676298192025096;0.019408502772643253
2583.0;0.01567987457984609;0.08338930129741895;0.01814552172099398
2584.5;0.017387150648592545;0.08338930129741895;0.015898024165091146
2586.0;0.018244633954786142;0.014870091759449306;0.016644053242789555
2587.5;0.018243532876687153;0.015711796950363736;0.017699115044247787
2589.0;0.018243179757112683;0.07396662127824268;0.01871479774705581
2590.5;0.018243179757112683;0.01826142579350741;0.01672535211267606
2592.0;0.018243179757112683;0.018256492034823147;0.05422579136129736
2593.5;0.01865038996269922;0.045928030303030304;0.0161839863713799
2595.0;0.018010291595197254;0.016638225255972697;0.054185779816513756
2596.5;0.08048289738430583;0.01597712748065927;0.01718287488267995
2598.0;0.017623877982923447;0.01597712748065927;0.04425612052730697
2599.5;0.04536862003780718;0.018470790378006873;0.0863169700629799
2601.0;0.017754480892796753;0.01597712748065927;0.016676298192025096
2602.5;0.018470790378006873;0.01865038996269922;0.014870091759449306
2604.0;0.017094017094017096;0.01608187134502924;0.08048289738430583
2605.5;0.017094017094017096;0.01608187134502924;0.07303592577970786
2607.0;0.017754480892796753;0.01784040701566475;0.0153103221203973
2608.5;0.01850632726208763;0.018792559974975337;0.017699115044247787
2610.0;0.01850632726208763;0.0161839863713799;0.015154962909024714
2611.5;0.01850632726208763;0.01597712748065927;0.018532729644693425
2613.0;0.01672535211267606;0.016745540589734254;0.016383308191854164
2614.5;0.015280135823429542;0.015769487034319674;0.01679719068620333
2616.0;0.015280135823429542;0.01749271137026239;0.015095605501509561
2617.5;0.01865038996269922;0.017368069472277887;0.017015706806282723
2619.0;0.017623877982923447;0.0161839863713799;0.01834862385321101
2620.5;0.017623877982923447;0.08175211949939443;0.07957866872552805
2622.0;0.017623877982923447;0.0161839863713799;0.015280135823429542
2623.5;0.0175513698630137;0.016638225255972697;0.01756386861313869
2625.0;0.017754480892796753;0.016863406408094434;0.09699769053117782
2626.5;0.019013666072489603;0.0741235580813308;0.07828213441776118
2628.0;0.01597712748065927;0.01865038996269922;0.015831002263857863
2629.5;0.01597712748065927;0.015280135823429542;0.018010291595197254
2631.0;0.01597712748065927;0.01865038996269922;0.043703007518796994
2632.5;0.01597712748065927;0.01842179442537598;0.0170487948265726
2634.0;0.015001087035292413;0.017699115044247787;0.07061592781482934
2635.5;0.017094017094017096;0.017623877982923447;0.014945495799148322
2637.0;0.017754480892796753;0.017547197908565945;0.01663225731761437
2638.5;0.01850632726208763;0.017443347491498312;0.014870091759449306
2640.0;0.016676298192025096;0.01570251018973342;0.038385826771653545
2641.5;0.016676298192025096;0.014844188506303903;0.015871286409530037
2643.0;0.018332165356039182;0.01826142579350741;0.015095605501509561
2644.5;0.018332165356039182;0.01826142579350741;0.018470790378006873
2646.0;0.01830736743700201;0.01826142579350741;0.01850632726208763
2647.5;0.01830736743700201;0.014836509492270044;0.06854651270894926
2649.0;0.01830736743700201;0.0175513698630137;0.07326130256843867
2650.5;0.06543176162088517;0.016745540589734254;0.015095605501509561
2652.0;0.01654477169890474;0.016745540589734254;0.038385826771653545
2653.5;0.01654477169890474;0.017498443680569787;0.015280135823429542
2655.0;0.07897187418918244;0.018332165356039182;0.01597712748065927
2656.5;0.07897187418918244;0.018289844042285466;0.01865038996269922
2658.0;0.07146198039361484;0.016557768507871926;0.09087154068566708
2659.5;0.07146198039361484;0.015695763321720377;0.07318094281168887
2661.0;0.014832305600435561;0.015690820879123473;0.016638225255972697
2662.5;0.07989195025100958;0.015687178238012765;0.014945495799148322
2664.0;0.07664721997497584;0.014834097312229661;0.017094017094017096
2665.5;0.07664721997497584;0.018354055654233276;0.01597712748065927
2667.0;0.017387150648592545;0.018354055654233276;0.014945495799148322
2668.5;0.017387150648592545;0.018354055654233276;0.07659179563235237
2670.0;0.017387150648592545;0.017094017094017096;0.01660281557997176
2671.5;0.017387150648592545;0.016863406408094434;0.07434304424481572
2673.0;0.07767951360121365;0.017623877982923447;0.01663225731761437
2674.5;0.07342496284883816;0.016676298192025096;0.018332165356039182
2676.0;0.017754480892796753;0.01660281557997176;0.018332165356039182
2677.5;0.017623877982923447;0.01660281557997176;0.018332165356039182
2679.0;0.018332165356039182;0.01660281557997176;0.048187022900763356
2680.5;0.043703007518796994;0.016582472972657695;0.018010291595197254
2682.0;0.018010291595197254;0.016568094782873223;0.01865038996269922
2683.5;0.017094017094017096;0.016557768507871926;0.0189328743545611
2685.0;0.01865038996269922;0.015695763321720377;0.08691206543967281
2686.5;0.01842179442537598;0.017393838281482624;0.08691206543967281
2688.0;0.0189328743545611;0.017623877982923447;0.0720250521920668
2689.5;0.01850632726208763;0.017498443680569787;0.01865038996269922
2691.0;0.014945495799148322;0.01830736743700201;0.01865038996269922
2692.5;0.015724726735506497;0.015711796950363736;0.01865038996269922
2694.0;0.015711796950363736;0.018277260861902424;0.01865038996269922
2695.5;0.0189328743545611;0.015695763321720377;0.08508990794115118
2697.0;0.0189328743545611;0.015280135823429542;0.01663225731761437
2698.5;0.01597712748065927;0.018026004728132386;0.016568094782873223
2700.0;0.016638225255972697;0.015001087035292413;0.016568094782873223
2701.5;0.016638225255972697;0.0175513698630137;0.014844188506303903
2703.0;0.0720250521920668;0.014945495799148322;0.014844188506303903
2704.5;0.01842179442537598;0.014945495799148322;0.014844188506303903
2706.0;0.01842179442537598;0.016863406408094434;0.04315196998123827
2707.5;0.015769487034319674;0.015001087035292413;0.04315196998123827
2709.0;0.01488644788002137;0.018010291595197254;0.016863406408094434
2710.5;0.01488644788002137;0.016638225255972697;0.07668608086435384
2712.0;0.017427438387099873;0.018470790378006873;0.06732177216716176
2713.5;0.07318094281168887;0.018470790378006873;0.07061592781482934
2715.0;0.016676298192025096;0.018470790378006873;0.08265594250021391
2716.5;0.015743018124095107;0.015871286409530037;0.01842179442537598
2718.0;0.015743018124095107;0.014945495799148322;0.01842179442537598
2719.5;0.01597712748065927;0.015769487034319674;0.01488644788002137
2721.0;0.01597712748065927;0.015769487034319674;0.01488644788002137
2722.5;0.01597712748065927;0.017465858520325457;0.017443347491498312
2724.0;0.01597712748065927;0.014870091759449306;0.017427438387099873
2725.5;0.017623877982923447;0.017699115044247787;0.014844188506303903
2727.0;0.016676298192025096;0.01606832657788072;0.0161839863713799
2728.5;0.015769487034319674;0.01702553830746119;0.015809071886378992
2730.0;0.01660281557997176;0.015069294547215105;0.01663225731761437
2731.5;0.014870091759449306;0.015069294547215105;0.01663225731761437
2733.0;0.014870091759449306;0.015069294547215105;0.07741609250709174
2734.5;0.014870091759449306;0.015854570888502284;0.01570251018973342
2736.0;0.014870091759449306;0.015854570888502284;0.017699115044247787
2737.5;0.014870091759449306;0.0189328743545611;0.017699115044247787
2739.0;0.014870091759449306;0.0189328743545611;0.018010291595197254
2740.5;0.017094017094017096;0.015095605501509561;0.0175513698630137
2742.0;0.07672379434037466;0.0161839863713799;0.0175513698630137
2743.5;0.017094017094017096;0.016863406408094434;0.016638225255972697
2745.0;0.017094017094017096;0.017623877982923447;0.016638225255972697
2746.5;0.01597712748065927;0.01597712748065927;0.018683274021352312
2748.0;0.01850632726208763;0.016676298192025096;0.0161839863713799
2749.5;0.01842179442537598;0.016676298192025096;0.015095605501509561
2751.0;0.01842179442537598;0.017373380447585393;0.015095605501509561
2752.5;0.01842179442537598;0.0161839863713799;0.017623877982923447
2754.0;0.01663225731761437;0.01865038996269922;0.015809071886378992
2755.5;0.01663225731761437;0.017623877982923447;0.06732177216716176
2757.0;0.018332165356039182;0.0189328743545611;0.014870091759449306
2758.5;0.06593806286876763;0.016863406408094434;0.018010291595197254
2760.0;0.016568094782873223;0.014945495799148322;0.015280135823429542
2761.5;0.016568094782873223;0.015724726735506497;0.015280135823429542
2763.0;0.01570251018973342;0.015711796950363736;0.015280135823429542
2764.5;0.01570251018973342;0.0189328743545611;0.045928030303030304
2766.0;0.0175513698630137;0.0189328743545611;0.0175513698630137
2767.5;0.016863406408094434;0.017754480892796753;0.016638225255972697
2769.0;0.016863406408094434;0.016745540589734254;0.039603960396039604
2770.5;0.01842179442537598;0.017547197908565945;0.05084745762711864
2772.0;0.014910112661872163;0.0161839863713799;0.016830578931359627
2773.5;0.014910112661872163;0.0161839863713799;0.018848906360245943
2775.0;0.0189328743545611;0.015095605501509561;0.0189328743545611
2776.5;0.0189328743545611;0.01865038996269922;0.0189328743545611
2778.0;0.016863406408094434;0.015095605501509561;0.0189328743545611
2779.5;0.016863406408094434;0.017971946230274694;0.08954302181967888
2781.0;0.01850632726208763;0.015069294547215105;0.0161839863713799
2782.5;0.01836806645203033;0.0189328743545611;0.016638225255972697
2784.0;0.01836806645203033;0.015095605501509561;0.017094017094017096
2785.5;0.01836806645203033;0.016863406408094434;0.0175513698630137
2787.0;0.01836806645203033;0.015809071886378992;0.015095605501509561
2788.5;0.01836806645203033;0.01836806645203033;0.017094017094017096
2790.0;0.01836806645203033;0.01485852872552252;0.015095605501509561
2791.5;0.01836806645203033;0.01741601350785099;0.019139945314441957
2793.0;0.01836806645203033;0.01741601350785099;0.016025963289428118
2794.5;0.01660281557997176;0.015695763321720377;0.018443932541639993
2796.0;0.01660281557997176;0.014836509492270044;0.0170487948265726
2797.5;0.017443347491498312;0.018010291595197254;0.08302956662616444
2799.0;0.017427438387099873;0.04536862003780718;0.01663225731761437
2800.5;0.017427438387099873;0.017754480892796753;0.015711796950363736
2802.0;0.01570251018973342;0.014945495799148322;0.014844188506303903
2803.5;0.01570251018973342;0.01597712748065927;0.048187022900763356
2805.0;0.03542094455852156;0.017094017094017096;0.017754480892796753
2806.5;0.017825311942959002;0.01865038996269922;0.017373380447585393
2808.0;0.017825311942959002;0.017094017094017096;0.017368069472277887
2809.5;0.017580992631420062;0.01597712748065927;0.016052757544824884
2811.0;0.015985839376975106;0.017623877982923447;0.015731292517006803
2812.5;0.01581206328337269;0.05222437137330754;0.042924211938296444
2814.0;0.017094017094017096;0.015095605501509561;0.018242207460398566
2815.5;0.015871286409530037;0.017754480892796753;0.016281110168747993
2817.0;0.015769487034319674;0.015871286409530037;0.01853892340353482
2818.5;0.017443347491498312;0.017547197908565945;0.016863406408094434
2820.0;0.0175513698630137;0.017547197908565945;0.0189328743545611
2821.5;0.018010291595197254;0.01660281557997176;0.015095605501509561
2823.0;0.01597712748065927;0.03758169934640523;0.014945495799148322
2824.5;0.01597712748065927;0.0161839863713799;0.018026004728132386
2826.0;0.016676298192025096;0.015095605501509561;0.016403046280023436
2827.5;0.045928030303030304;0.017498443680569787;0.017971946230274694
2829.0;0.017623877982923447;0.017498443680569787;0.017094017094017096
2830.5;0.017547197908565945;0.015724726735506497;0.018010291595197254
2832.0;0.0175513698630137;0.015724726735506497;0.0826771653543307
2833.5;0.0175513698630137;0.018277260861902424;0.0161839863713799
2835.0;0.015001087035292413;0.017094017094017096;0.018470790378006873
2836.5;0.015001087035292413;0.01850632726208763;0.0161839863713799
2838.0;0.01836806645203033;0.015809071886378992;0.07551140668406431
2839.5;0.01836806645203033;0.0161839863713799;0.019071369196057474
2841.0;0.0161839863713799;0.0161839863713799;0.015280135823429542
2842.5;0.014945495799148322;0.04990403071017274;0.016745540589734254
2844.0;0.016863406408094434;0.016676298192025096;0.018332165356039182
2845.5;0.016863406408094434;0.01488644788002137;0.07445987654320987
2847.0;0.016863406408094434;0.0175513698630137;0.017699115044247787
2848.5;0.01842179442537598;0.044811320754716985;0.018610244807272875
2850.0;0.016863406408094434;0.04875717017208413;0.015798668573620674
2851.5;0.016863406408094434;0.017094017094017096;0.0189328743545611
2853.0;0.017547197908565945;0.016863406408094434;0.04875717017208413
2854.5;0.06780848193311179;0.015095605501509561;0.01842179442537598
2856.0;0.06780848193311179;0.01597712748065927;0.01660281557997176
2857.5;0.06780848193311179;0.015769487034319674;0.017754480892796753
2859.0;0.06780848193311179;0.0175513698630137;0.018010291595197254
2860.5;0.06780848193311179;0.018696455568620863;0.01983411467724486
2862.0;0.01660281557997176;0.018652481139938736;0.01897923971725942
2863.5;0.01660281557997176;0.01597712748065927;0.018041485106324483
2865.0;0.08326962055585943;0.016335052812576762;0.018010291595197254
2866.5;0.0161839863713799;0.015024970979036621;0.016863406408094434
2868.0;0.0161839863713799;0.018341918796016078;0.0161839863713799
2869.5;0.016863406408094434;0.01865038996269922;0.018010291595197254
2871.0;0.016745540589734254;0.014910112661872163;0.01850632726208763
2872.5;0.016745540589734254;0.01597712748065927;0.015769487034319674
2874.0;0.0170487948265726;0.05222437137330754;0.016638225255972697
2875.5;0.017754480892796753;0.016745540589734254;0.015001087035292413
2877.0;0.017623877982923447;0.07905457014342697;0.014910112661872163
2878.5;0.017623877982923447;0.0170487948265726;0.014910112661872163
2880.0;0.017623877982923447;0.015280135823429542;0.017094017094017096
2881.5;0.01865038996269922;0.017623877982923447;0.01850632726208763
2883.0;0.0720250521920668;0.015809071886378992;0.01850632726208763
2884.5;0.015769487034319674;0.01702553830746119;0.01842179442537598
2886.0;0.01660281557997176;0.015069294547215105;0.01842179442537598
2887.5;0.015724726735506497;0.018358765104113217;0.01488644788002137
2889.0;0.015724726735506497;0.0470532319391635;0.015711796950363736
2890.5;0.015724726735506497;0.017094017094017096;0.017094017094017096
2892.0;0.015724726735506497;0.018354055654233276;0.017094017094017096
2893.5;0.018289844042285466;0.0161839863713799;0.018683274021352312
2895.0;0.018277260861902424;0.01597712748065927;0.0189328743545611
2896.5;0.018277260861902424;0.049329501915708805;0.0161839863713799
2898.0;0.01740771421307761;0.015871286409530037;0.016638225255972697
2899.5;0.01740771421307761;0.08216097234185091;0.016638225255972697
2901.0;0.016540721828503288;0.01663225731761437;0.01850632726208763
2902.5;0.016540721828503288;0.015095605501509561;0.01842179442537598
2904.0;0.016540721828503288;0.015095605501509561;0.017498443680569787
2905.5;0.017393838281482624;0.015095605501509561;0.016568094782873223
2907.0;0.017389540773412943;0.01850632726208763;0.018026004728132386
2908.5;0.015679043553987165;0.014945495799148322;0.0175513698630137
2910.0;0.017386386504641093;0.01660281557997176;0.017623877982923447
2911.5;0.017386386504641093;0.016582472972657695;0.017623877982923447
2913.0;0.014827949697411927;0.016568094782873223;0.01488644788002137
2914.5;0.018243179757112683;0.016638225255972697;0.018354055654233276
2916.0;0.016529576213227;0.0175513698630137;0.01597712748065927
2917.5;0.01738451054966002;0.01865038996269922;0.017754480892796753
2919.0;0.01738451054966002;0.01865038996269922;0.0161839863713799
2920.5;0.01738451054966002;0.01865038996269922;0.018010291595197254
2922.0;0.015676814372618864;0.01865038996269922;0.015731292517006803
2923.5;0.01567675266971058;0.01865038996269922;0.01672535211267606
2925.0;0.01567675266971058;0.017623877982923447;0.015095605501509561
2926.5;0.01567675266971058;0.017623877982923447;0.018354055654233276
2928.0;0.018242310595448556;0.017623877982923447;0.036415289256198344
2929.5;0.0175513698630137;0.06780848193311179;0.015280135823429542
2931.0;0.015731292517006803;0.06780848193311179;0.017015706806282723
2932.5;0.015731292517006803;0.06780848193311179;0.017824497257769654
2934.0;0.018470790378006873;0.06732177216716176;0.015154962909024714
2935.5;0.017754480892796753;0.015711796950363736;0.01749271137026239
2937.0;0.0175513698630137;0.07169678125212706;0.01769257756716558
2938.5;0.016638225255972697;0.07169678125212706;0.018010291595197254
2940.0;0.017094017094017096;0.018470790378006873;0.018010291595197254
2941.5;0.017094017094017096;0.018470790378006873;0.0175513698630137
2943.0;0.015095605501509561;0.015871286409530037;0.016863406408094434
2944.5;0.015095605501509561;0.016676298192025096;0.016863406408094434
2946.0;0.015095605501509561;0.07771195869669424;0.01836806645203033
2947.5;0.07318094281168887;0.0161839863713799;0.017094017094017096
2949.0;0.07318094281168887;0.01597712748065927;0.01597712748065927
2950.5;0.08450826136298063;0.015001087035292413;0.01597712748065927
2952.0;0.07771195869669424;0.015001087035292413;0.018026004728132386
2953.5;0.018332165356039182;0.015001087035292413;0.017699115044247787
2955.0;0.014870091759449306;0.016676298192025096;0.016335052812576762
2956.5;0.014870091759449306;0.017498443680569787;0.018086080586080584
2958.0;0.014870091759449306;0.018332165356039182;0.01834862385321101
2959.5;0.0763307942719867;0.017427438387099873;0.01897923971725942
2961.0;0.04875717017208413;0.017427438387099873;0.017373380447585393
2962.5;0.017754480892796753;0.019013666072489603;0.0175513698630137
2964.0;0.017754480892796753;0.015280135823429542;0.016745540589734254
2965.5;0.017754480892796753;0.015280135823429542;0.01865038996269922
2967.0;0.016676298192025096;0.017754480892796753;0.016638225255972697
2968.5;0.01663225731761437;0.01865038996269922;0.017094017094017096
2970.0;0.01663225731761437;0.0913978494623656;0.017373380447585393
2971.5;0.01663225731761437;0.019179429534916397;0.0170487948265726
2973.0;0.01663225731761437;0.01775923275653774;0.017754480892796753
2974.5;0.01663225731761437;0.018369245179314896;0.019345238095238096
2976.0;0.017465858520325457;0.018371212121212118;0.018354055654233276
2977.5;0.017465858520325457;0.018371212121212118;0.0161839863713799
2979.0;0.017465858520325457;0.015195702225633155;0.017824497257769654
2980.5;0.017443347491498312;0.018086080586080584;0.02006566946369938
2982.0;0.017443347491498312;0.10169043845747493;0.041901692183722805
2983.5;0.017443347491498312;0.015755085912057668;0.016263612953345514
2985.0;0.017443347491498312;0.06328182487122885;0.017754480892796753
2986.5;0.017443347491498312;0.01597712748065927;0.015001087035292413
2988.0;0.017443347491498312;0.01842179442537598;0.015095605501509561
2989.5;0.017443347491498312;0.016745540589734254;0.015731292517006803
2991.0;0.017443347491498312;0.0170487948265726;0.016638225255972697
2992.5;0.017443347491498312;0.017094017094017096;0.018086080586080584
2994.0;0.017443347491498312;0.01850632726208763;0.016128420893033128
2995.5;0.017443347491498312;0.046489563567362426;0.016638225255972697
2997.0;0.017443347491498312;0.017754480892796753;0.015871286409530037
2998.5;0.017443347491498312;0.015871286409530037;0.018026004728132386
3000.0;0.017443347491498312;0.015871286409530037;0.01597712748065927
3001.5;0.017443347491498312;0.01842179442537598;0.01672535211267606
3003.0;0.017443347491498312;0.06945691490726251;0.018792559974975337
3004.5;0.017443347491498312;0.017443347491498312;0.016638225255972697
3006.0;0.01485852872552252;0.017443347491498312;0.01597712748065927
3007.5;0.01485852872552252;0.015711796950363736;0.01597712748065927
3009.0;0.01485852872552252;0.017094017094017096;0.016863406408094434
3010.5;0.01485852872552252;0.017094017094017096;0.06854651270894926
3012.0;0.01485852872552252;0.03674948240165632;0.017623877982923447
3013.5;0.018277260861902424;0.03674948240165632;0.018354055654233276
3015.0;0.018277260861902424;0.015154962909024714;0.015280135823429542
3016.5;0.018277260861902424;0.01845157937014199;0.018047156089719053
3018.0;0.014844188506303903;0.01845157937014199;0.018010291595197254
3019.5;0.014844188506303903;0.017515962224757837;0.017699115044247787
3021.0;0.01654477169890474;0.01747771530769917;0.018026004728132386
3022.5;0.01654477169890474;0.0470532319391635;0.06277533039647576
3024.0;0.018256492034823147;0.0470532319391635;0.01606832657788072
3025.5;0.018256492034823147;0.017754480892796753;0.01672535211267606
3027.0;0.018256492034823147;0.017754480892796753;0.017373380447585393
3028.5;0.018256492034823147;0.017754480892796753;0.040266060999351067
3030.0;0.018256492034823147;0.015001087035292413;0.016975180048806618
3031.5;0.015684481542853023;0.01660281557997176;0.018026004728132386
3033.0;0.015684481542853023;0.016638225255972697;0.01784040701566475
3034.5;0.015684481542853023;0.016638225255972697;0.019527766042341455
3036.0;0.015684481542853023;0.016638225255972697;0.01771579673086825
3037.5;0.015684481542853023;0.016638225255972697;0.017625366886136456
3039.0;0.015684481542853023;0.015280135823429542;0.040424121935056324
3040.5;0.015684481542853023;0.016863406408094434;0.09799554565701558
3042.0;0.015684481542853023;0.017623877982923447;0.017754480892796753
3043.5;0.01739137492247878;0.017094017094017096;0.016863406408094434
3045.0;0.01739137492247878;0.01850632726208763;0.019408502772643253
3046.5;0.01739137492247878;0.01663225731761437;0.018052243358660087
3048.0;0.01739137492247878;0.015743018124095107;0.019675925925925927
3049.5;0.01739137492247878;0.015724726735506497;0.016043635035830027
3051.0;0.01739137492247878;0.015724726735506497;0.01597712748065927
3052.5;0.01739137492247878;0.0175513698630137;0.0161839863713799
3054.0;0.01739137492247878;0.0175513698630137;0.015280135823429542
3055.5;0.01739137492247878;0.014945495799148322;0.01865038996269922
3057.0;0.01739137492247878;0.07771195869669424;0.018683274021352312
3058.5;0.01739137492247878;0.06593806286876763;0.016429426632965278
3060.0;0.01739137492247878;0.01597712748065927;0.01723920181864107
3061.5;0.01739137492247878;0.07087532272840844;0.016638225255972697
3063.0;0.01739137492247878;0.08110292001505391;0.03875784919001636
3064.5;0.01739137492247878;0.045928030303030304;0.015898024165091146
3066.0;0.01739137492247878;0.045928030303030304;0.015871286409530037
3067.5;0.01739137492247878;0.016863406408094434;0.017094017094017096
3069.0;0.01739137492247878;0.017623877982923447;0.016863406408094434
3070.5;0.01739137492247878;0.05281007751937984;0.015731292517006803
3072.0;0.014830971492820427;0.07548669050456894;0.01865038996269922
3073.5;0.014830971492820427;0.015871286409530037;0.01836806645203033
3075.0;0.07986308038227083;0.0161839863713799;0.01749271137026239
3076.5;0.07986308038227083;0.017094017094017096;0.017883272962794156
3078.0;0.07986308038227083;0.017094017094017096;0.016403046280023436
3079.5;0.07986308038227083;0.044197031039136296;0.019274809160305342
3081.0;0.07986308038227083;0.017094017094017096;0.015283064065369568
3082.5;0.014828677071017829;0.017754480892796753;0.0161839863713799
3084.0;0.014828261126484797;0.015280135823429542;0.017547197908565945
3085.5;0.018243532876687153;0.0170487948265726;0.018683274021352312
3087.0;0.016863406408094434;0.017094017094017096;0.016745540589734254
3088.5;0.01842179442537598;0.017094017094017096;0.017971946230274694
3090.0;0.014910112661872163;0.0189328743545611;0.08098633965355241
3091.5;0.014910112661872163;0.016676298192025096;0.018937169700528483
3093.0;0.01660281557997176;0.016676298192025096;0.016638225255972697
3094.5;0.014870091759449306;0.017699115044247787;0.01865038996269922
3096.0;0.018289844042285466;0.015095605501509561;0.018470790378006873
3097.5;0.015095605501509561;0.01842179442537598;0.015001087035292413
3099.0;0.015871286409530037;0.01663225731761437;0.015743018124095107
3100.5;0.0175513698630137;0.017754480892796753;0.0189328743545611
3102.0;0.015095605501509561;0.01842179442537598;0.07672379434037466
3103.5;0.015095605501509561;0.017094017094017096;0.07672379434037466
3105.0;0.015095605501509561;0.017094017094017096;0.015001087035292413
3106.5;0.015095605501509561;0.017094017094017096;0.015809071886378992
3108.0;0.015095605501509561;0.08431531897602601;0.015280135823429542
3109.5;0.015871286409530037;0.015001087035292413;0.01865038996269922
3111.0;0.016676298192025096;0.015001087035292413;0.016745540589734254
3112.5;0.016676298192025096;0.04425612052730697;0.08450826136298063
3114.0;0.016676298192025096;0.09087154068566708;0.0161839863713799
3115.5;0.016676298192025096;0.09087154068566708;0.015001087035292413
3117.0;0.017498443680569787;0.01842179442537598;0.014910112661872163
3118.5;0.017498443680569787;0.01488644788002137;0.017754480892796753
3120.0;0.017498443680569787;0.016568094782873223;0.016676298192025096
3121.5;0.07338145632027426;0.016568094782873223;0.016863406408094434
3123.0;0.07338145632027426;0.016568094782873223;0.017094017094017096
3124.5;0.01485852872552252;0.016568094782873223;0.017373380447585393
3126.0;0.01485852872552252;0.016568094782873223;0.016745540589734254
3127.5;0.0182681206624895;0.016568094782873223;0.018470790378006873
3129.0;0.0182681206624895;0.016557768507871926;0.01865038996269922
3130.5;0.0182681206624895;0.016557768507871926;0.01836806645203033
3132.0;0.014836509492270044;0.016557768507871926;0.015711796950363736
3133.5;0.01825283975007182;0.016550266845809666;0.0182681206624895
3135.0;0.015731292517006803;0.016550266845809666;0.016638225255972697
3136.5;0.017754480892796753;0.016550266845809666;0.016638225255972697
3138.0;0.07318094281168887;0.017094017094017096;0.015095605501509561
3139.5;0.07318094281168887;0.015095605501509561;0.018354055654233276
3141.0;0.07318094281168887;0.015871286409530037;0.017094017094017096
3142.5;0.015809071886378992;0.015871286409530037;0.016403046280023436
3144.0;0.015095605501509561;0.015871286409530037;0.01597712748065927
3145.5;0.0175513698630137;0.015871286409530037;0.03585049580472921
3147.0;0.017547197908565945;0.015871286409530037;0.01612259159428971
3148.5;0.017623877982923447;0.015809071886378992;0.051059730250481696
3150.0;0.014945495799148322;0.015809071886378992;0.017094017094017096
3151.5;0.014945495799148322;0.015809071886378992;0.0391281512605042
3153.0;0.014945495799148322;0.01836806645203033;0.01887912456608984
3154.5;0.018332165356039182;0.01836806645203033;0.03758169934640523
3156.0;0.018332165356039182;0.01836806645203033;0.01597712748065927
3157.5;0.07183777609479909;0.01836806645203033;0.0189328743545611
3159.0;0.07183777609479909;0.0161839863713799;0.017754480892796753
3160.5;0.07183777609479909;0.0161839863713799;0.017754480892796753
3162.0;0.07183777609479909;0.0161839863713799;0.03758169934640523
3163.5;0.07183777609479909;0.015001087035292413;0.016081348496769426
3165.0;0.04875717017208413;0.015001087035292413;0.017094017094017096
3166.5;0.04875717017208413;0.017547197908565945;0.01597712748065927
3168.0;0.04875717017208413;0.017547197908565945;0.015154962909024714
3169.5;0.01865038996269922;0.015769487034319674;0.01730418943533698
3171.0;0.01865038996269922;0.018332165356039182;0.019142066420664204
3172.5;0.017623877982923447;0.015724726735506497;0.016293098349991132
3174.0;0.017623877982923447;0.015724726735506497;0.01718287488267995
3175.5;0.015095605501509561;0.015724726735506497;0.017015706806282723
3177.0;0.015095605501509561;0.017094017094017096;0.0161839863713799
3178.5;0.017623877982923447;0.017094017094017096;0.015809071886378992
3180.0;0.016638225255972697;0.01865038996269922;0.01488644788002137
3181.5;0.016863406408094434;0.01865038996269922;0.0161839863713799
3183.0;0.01850632726208763;0.018470790378006873;0.017971946230274694
3184.5;0.01842179442537598;0.018470790378006873;0.017045454545454544
3186.0;0.06732177216716176;0.016863406408094434;0.017887070857162603
3187.5;0.017443347491498312;0.016863406408094434;0.041250831669993354
3189.0;0.017094017094017096;0.016863406408094434;0.019345238095238096
3190.5;0.017754480892796753;0.015871286409530037;0.03314777327935223
3192.0;0.017754480892796753;0.01842179442537598;0.015302583076023234
3193.5;0.017623877982923447;0.01842179442537598;0.036783854166666664
3195.0;0.049329501915708805;0.017498443680569787;0.015001087035292413
3196.5;0.07905457014342697;0.017498443680569787;0.07318094281168887
3198.0;0.015809071886378992;0.017498443680569787;0.018197573656845753
3199.5;0.015809071886378992;0.017498443680569787;0.0175513698630137
3201.0;0.015809071886378992;0.017498443680569787;0.08755082619603771
3202.5;0.015809071886378992;0.017465858520325457;0.018354055654233276
3204.0;0.015809071886378992;0.017465858520325457;0.015963095712199653
3205.5;0.01836806645203033;0.017465858520325457;0.018354055654233276
3207.0;0.018332165356039182;0.015724726735506497;0.057109557109557105
3208.5;0.018332165356039182;0.015724726735506497;0.038385826771653545
3210.0;0.018332165356039182;0.015724726735506497;0.016604605213162094
3211.5;0.018332165356039182;0.015724726735506497;0.016939604011490892
3213.0;0.018332165356039182;0.015724726735506497;0.01859246451687189
3214.5;0.018332165356039182;0.015724726735506497;0.017623877982923447
3216.0;0.017443347491498312;0.015724726735506497;0.0175513698630137
3217.5;0.018010291595197254;0.015724726735506497;0.018683274021352312
3219.0;0.018010291595197254;0.015724726735506497;0.03798297314996725
3220.5;0.01597712748065927;0.015724726735506497;0.0189328743545611
3222.0;0.015769487034319674;0.015724726735506497;0.015280135823429542
3223.5;0.015769487034319674;0.01485852872552252;0.015280135823429542
3225.0;0.0175513698630137;0.01485852872552252;0.015001087035292413
3226.5;0.0175513698630137;0.01485852872552252;0.015769487034319674
3228.0;0.01865038996269922;0.014850222990092551;0.016582472972657695
3229.5;0.01865038996269922;0.014850222990092551;0.016550266845809666
3231.0;0.017623877982923447;0.014850222990092551;0.015001087035292413
3232.5;0.07326130256843867;0.014850222990092551;0.0189328743545611
3234.0;0.01488644788002137;0.014850222990092551;0.01865038996269922
3235.5;0.018470790378006873;0.014850222990092551;0.01850632726208763
3237.0;0.018470790378006873;0.014850222990092551;0.08967391304347826
3238.5;0.01865038996269922;0.014850222990092551;0.016863406408094434
3240.0;0.014945495799148322;0.01740771421307761;0.017623877982923447
3241.5;0.014910112661872163;0.01826142579350741;0.01842179442537598
3243.0;0.014910112661872163;0.05281007751937984;0.018332165356039182
3244.5;0.016582472972657695;0.05281007751937984;0.04208416833667335
3246.0;0.016582472972657695;0.01850632726208763;0.016863406408094434
3247.5;0.016582472972657695;0.01488644788002137;0.08755082619603771
3249.0;0.017427438387099873;0.01488644788002137;0.051059730250481696
3250.5;0.014844188506303903;0.01488644788002137;0.017045454545454544
3252.0;0.014839767744728968;0.01672535211267606;0.019731800766283527
3253.5;0.018256492034823147;0.015095605501509561;0.01929824561403509
3255.0;0.016537723722061845;0.015871286409530037;0.016089299461123942
3256.5;0.08209841853924027;0.01842179442537598;0.017526901624962773
3258.0;0.08209841853924027;0.01842179442537598;0.017094017094017096
3259.5;0.07984152641220815;0.01836806645203033;0.01850632726208763
3261.0;0.016530987295071384;0.01836806645203033;0.015769487034319674
3262.5;0.016530987295071384;0.017754480892796753;0.01654091700522345
3264.0;0.06924385473887731;0.017547197908565945;0.016807551075732556
3265.5;0.07659311541304796;0.015731292517006803;0.015095605501509561
3267.0;0.01597712748065927;0.015731292517006803;0.017547197908565945
3268.5;0.016745540589734254;0.015731292517006803;0.08265443723820964
3270.0;0.016745540589734254;0.017547197908565945;0.017443347491498312
3271.5;0.016745540589734254;0.017547197908565945;0.017094017094017096
3273.0;0.016745540589734254;0.017547197908565945;0.017754480892796753
3274.5;0.016745540589734254;0.017547197908565945;0.01749271137026239
3276.0;0.016745540589734254;0.017547197908565945;0.03411405295315682
3277.5;0.016745540589734254;0.01836806645203033;0.01726263871763255
3279.0;0.016745540589734254;0.018332165356039182;0.018716969225741748
3280.5;0.016745540589734254;0.016582472972657695;0.01597712748065927
3282.0;0.016745540589734254;0.016582472972657695;0.056686046511627904
3283.5;0.014945495799148322;0.016582472972657695;0.017814806907942786
3285.0;0.014945495799148322;0.016582472972657695;0.015095605501509561
3286.5;0.015769487034319674;0.016582472972657695;0.016863406408094434
3288.0;0.014870091759449306;0.016582472972657695;0.015809071886378992
3289.5;0.047619047619047616;0.018277260861902424;0.017094017094017096
3291.0;0.017754480892796753;0.018277260861902424;0.0170487948265726
3292.5;0.018010291595197254;0.014844188506303903;0.015069294547215105
3294.0;0.07061592781482934;0.08458244111349036;0.01645021645021645
3295.5;0.01597712748065927;0.017623877982923447;0.017893106119287374
3297.0;0.01850632726208763;0.01865038996269922;0.0175513698630137
3298.5;0.01850632726208763;0.014910112661872163;0.01834061135371179
3300.0;0.017547197908565945;0.015095605501509561;0.0756721676246987
3301.5;0.01488644788002137;0.015809071886378992;0.04315196998123827
3303.0;0.07061592781482934;0.014910112661872163;0.017754480892796753
3304.5;0.041250831669993354;0.016582472972657695;0.017754480892796753
3306.0;0.08602150537634409;0.016863406408094434;0.0718766971927262
3307.5;0.01865038996269922;0.016863406408094434;0.01488644788002137
3309.0;0.015001087035292413;0.0189328743545611;0.014870091759449306
3310.5;0.01842179442537598;0.017623877982923447;0.05222437137330754
3312.0;0.01842179442537598;0.07868285545991754;0.08024848949025615
3313.5;0.01842179442537598;0.015743018124095107;0.015095605501509561
3315.0;0.017498443680569787;0.015724726735506497;0.017015706806282723
3316.5;0.017498443680569787;0.015724726735506497;0.018026004728132386
3318.0;0.06945691490726251;0.044811320754716985;0.08386958386958387
3319.5;0.07663693439238436;0.044811320754716985;0.01842179442537598
3321.0;0.08069817651061116;0.0175513698630137;0.015731292517006803
3322.5;0.014850222990092551;0.0175513698630137;0.01597712748065927
3324.0;0.048187022900763356;0.017094017094017096;0.01597712748065927
3325.5;0.017623877982923447;0.017094017094017096;0.017094017094017096
3327.0;0.01836806645203033;0.017754480892796753;0.016863406408094434
3328.5;0.017443347491498312;0.016745540589734254;0.017094017094017096
3330.0;0.0763307942719867;0.014945495799148322;0.01597712748065927
3331.5;0.01570251018973342;0.017465858520325457;0.016676298192025096
3333.0;0.0182681206624895;0.018470790378006873;0.01836806645203033
3334.5;0.016638225255972697;0.04425612052730697;0.01836806645203033
3336.0;0.016638225255972697;0.015095605501509561;0.01836806645203033
3337.5;0.015095605501509561;0.01850632726208763;0.017094017094017096
3339.0;0.015001087035292413;0.014945495799148322;0.017094017094017096
3340.5;0.017547197908565945;0.015769487034319674;0.017754480892796753
3342.0;0.01663225731761437;0.01672535211267606;0.08024848949025615
3343.5;0.01663225731761437;0.01672535211267606;0.0882232252769799
3345.0;0.01663225731761437;0.017094017094017096;0.07087532272840844
3346.5;0.015280135823429542;0.017094017094017096;0.016676298192025096
3348.0;0.015280135823429542;0.01865038996269922;0.016676298192025096
3349.5;0.0175513698630137;0.01865038996269922;0.016676298192025096
3351.0;0.015001087035292413;0.07905457014342697;0.015871286409530037
3352.5;0.01663225731761437;0.016676298192025096;0.015871286409530037
3354.0;0.07993273782747468;0.015743018124095107;0.01660281557997176
3355.5;0.018277260861902424;0.015743018124095107;0.015724726735506497
3357.0;0.01826142579350741;0.015743018124095107;0.015724726735506497
3358.5;0.016638225255972697;0.016582472972657695;0.015711796950363736
3360.0;0.017094017094017096;0.06571130694959344;0.015711796950363736
3361.5;0.017094017094017096;0.06571130694959344;0.016557768507871926
3363.0;0.017623877982923447;0.045928030303030304;0.016557768507871926
3364.5;0.01842179442537598;0.017754480892796753;0.016550266845809666
3366.0;0.015743018124095107;0.017754480892796753;0.01845342706502636
3367.5;0.016582472972657695;0.07786711807024968;0.01702553830746119
3369.0;0.016638225255972697;0.015809071886378992;0.01771809624494277
3370.5;0.015095605501509561;0.015809071886378992;0.017094017094017096
3372.0;0.040424121935056324;0.015743018124095107;0.016745540589734254
3373.5;0.015225395561747438;0.017443347491498312;0.018010291595197254
3375.0;0.018010291595197254;0.017443347491498312;0.01597712748065927
3376.5;0.018010291595197254;0.018289844042285466;0.01850632726208763
3378.0;0.08386958386958387;0.01570251018973342;0.017547197908565945
3379.5;0.01488644788002137;0.0182681206624895;0.017465858520325457
3381.0;0.01488644788002137;0.015687178238012765;0.017465858520325457
3382.5;0.01488644788002137;0.015687178238012765;0.014870091759449306
3384.0;0.0161839863713799;0.015687178238012765;0.016638225255972697
3385.5;0.01865038996269922;0.08508990794115118;0.01597712748065927
3387.0;0.016745540589734254;0.017094017094017096;0.016745540589734254
3388.5;0.016863406408094434;0.016863406408094434;0.01836806645203033
3390.0;0.015001087035292413;0.016403046280023436;0.015743018124095107
3391.5;0.017498443680569787;0.01612259159428971;0.015724726735506497
3393.0;0.015743018124095107;0.016863406408094434;0.0175513698630137
3394.5;0.017754480892796753;0.018010291595197254;0.016863406408094434
3396.0;0.0175513698630137;0.01850632726208763;0.015001087035292413
3397.5;0.015095605501509561;0.017498443680569787;0.017094017094017096
3399.0;0.015095605501509561;0.018332165356039182;0.017094017094017096
3400.5;0.07905457014342697;0.018332165356039182;0.017094017094017096
3402.0;0.01836806645203033;0.016638225255972697;0.016863406408094434
3403.5;0.017465858520325457;0.016638225255972697;0.016863406408094434
3405.0;0.018289844042285466;0.07303592577970786;0.016745540589734254
3406.5;0.018289844042285466;0.0741235580813308;0.016745540589734254
3408.0;0.018289844042285466;0.06997510553090161;0.0798365745414373
3409.5;0.0815499194163898;0.06997510553090161;0.01663225731761437
3411.0;0.015695763321720377;0.017443347491498312;0.017754480892796753
3412.5;0.014836509492270044;0.018277260861902424;0.017094017094017096
3414.0;0.015684481542853023;0.018277260861902424;0.0189328743545611
3415.5;0.01739137492247878;0.07182211727666273;0.01865038996269922
3417.0;0.01739137492247878;0.08386958386958387;0.015809071886378992
3418.5;0.01739137492247878;0.08386958386958387;0.015809071886378992
3420.0;0.01739137492247878;0.014910112661872163;0.015809071886378992
3421.5;0.016638225255972697;0.014910112661872163;0.0175513698630137
3423.0;0.01597712748065927;0.01488644788002137;0.01865038996269922
3424.5;0.01597712748065927;0.016582472972657695;0.01865038996269922
3426.0;0.014910112661872163;0.016582472972657695;0.015001087035292413
3427.5;0.015731292517006803;0.014850222990092551;0.015001087035292413
3429.0;0.015731292517006803;0.0791899259728955;0.015001087035292413
3430.5;0.01597712748065927;0.015687178238012765;0.015001087035292413
3432.0;0.017547197908565945;0.0175513698630137;0.015809071886378992
3433.5;0.017547197908565945;0.016863406408094434;0.015809071886378992
3435.0;0.017547197908565945;0.016863406408094434;0.01836806645203033
3436.5;0.017547197908565945;0.016863406408094434;0.017443347491498312
3438.0;0.01663225731761437;0.016863406408094434;0.016568094782873223
3439.5;0.01663225731761437;0.0175513698630137;0.016568094782873223
3441.0;0.01663225731761437;0.017754480892796753;0.016568094782873223
3442.5;0.01663225731761437;0.08144892908951275;0.014850222990092551
3444.0;0.01663225731761437;0.08144892908951275;0.0182681206624895
3445.5;0.01663225731761437;0.039603960396039604;0.014834097312229661
3447.0;0.01663225731761437;0.016638225255972697;0.016638225255972697
3448.5;0.01488644788002137;0.017754480892796753;0.016638225255972697
3450.0;0.01488644788002137;0.017094017094017096;0.016863406408094434
3451.5;0.01830736743700201;0.015095605501509561;0.017373380447585393
3453.0;0.01741601350785099;0.08386958386958387;0.018010291595197254
3454.5;0.01741601350785099;0.08386958386958387;0.018010291595197254
3456.0;0.01597712748065927;0.05048076923076923;0.01842179442537598
3457.5;0.01597712748065927;0.044811320754716985;0.01842179442537598
3459.0;0.01597712748065927;0.044811320754716985;0.01842179442537598
3460.5;0.01597712748065927;0.048187022900763356;0.01836806645203033
3462.0;0.01597712748065927;0.015095605501509561;0.016582472972657695
3463.5;0.01597712748065927;0.01842179442537598;0.018289844042285466
3465.0;0.01597712748065927;0.01842179442537598;0.06750426682707018
3466.5;0.016745540589734254;0.07338145632027426;0.01826142579350741
3468.0;0.0741235580813308;0.016568094782873223;0.017397154861764727
3469.5;0.0175513698630137;0.01741601350785099;0.014834097312229661
3471.0;0.0175513698630137;0.016638225255972697;0.014834097312229661
3472.5;0.015095605501509561;0.015871286409530037;0.018470790378006873
3474.0;0.014945495799148322;0.016638225255972697;0.017623877982923447
3475.5;0.01663225731761437;0.015095605501509561;0.018354055654233276
3477.0;0.016745540589734254;0.015809071886378992;0.09190371991247265
3478.5;0.016745540589734254;0.015809071886378992;0.018026004728132386
3480.0;0.016745540589734254;0.014910112661872163;0.016429426632965278
3481.5;0.016638225255972697;0.01488644788002137;0.01769257756716558
3483.0;0.018010291595197254;0.016582472972657695;0.08283470093493395
3484.5;0.018010291595197254;0.017754480892796753;0.015280135823429542
3486.0;0.018010291595197254;0.017754480892796753;0.015154962909024714
3487.5;0.015001087035292413;0.0470532319391635;0.016043635035830027
3489.0;0.017094017094017096;0.0470532319391635;0.015033359741139864
3490.5;0.017094017094017096;0.016638225255972697;0.01749271137026239
3492.0;0.07905457014342697;0.015095605501509561;0.016403046280023436
3493.5;0.014945495799148322;0.04536862003780718;0.08174097664543525
3495.0;0.01663225731761437;0.0470532319391635;0.015871286409530037
3496.5;0.08152861826245252;0.016863406408094434;0.018332165356039182
3498.0;0.01830736743700201;0.05281007751937984;0.018612132352941176
3499.5;0.016557768507871926;0.015095605501509561;0.017645059094131093
3501.0;0.0161839863713799;0.0161839863713799;0.018547076045235124
3502.5;0.0161839863713799;0.017754480892796753;0.017642107201553132
3504.0;0.08048289738430583;0.01850632726208763;0.019013666072489603
3505.5;0.017547197908565945;0.01842179442537598;0.01865038996269922
3507.0;0.01660281557997176;0.04260299625468165;0.017094017094017096
3508.5;0.01830736743700201;0.014945495799148322;0.016638225255972697
3510.0;0.01830736743700201;0.018470790378006873;0.016638225255972697
3511.5;0.0161839863713799;0.018470790378006873;0.0161839863713799
3513.0;0.0161839863713799;0.016863406408094434;0.015809071886378992
3514.5;0.015095605501509561;0.014945495799148322;0.01488644788002137
3516.0;0.015095605501509561;0.014945495799148322;0.019013666072489603
3517.5;0.016676298192025096;0.015731292517006803;0.08602150537634409
3519.0;0.017498443680569787;0.0161839863713799;0.015095605501509561
3520.5;0.017015706806282723;0.017094017094017096;0.0175513698630137
3522.0;0.017015706806282723;0.0425033467202142;0.015095605501509561
3523.5;0.018683274021352312;0.01850632726208763;0.017754480892796753
3525.0;0.0189328743545611;0.01850632726208763;0.03798297314996725
3526.5;0.015095605501509561;0.01836806645203033;0.016638225255972697
3528.0;0.07551140668406431;0.016638225255972697;0.017699115044247787
3529.5;0.016638225255972697;0.016638225255972697;0.01784040701566475
3531.0;0.018470790378006873;0.015731292517006803;0.08045591979167274
3532.5;0.015731292517006803;0.015225395561747438;0.017699115044247787
3534.0;0.015731292517006803;0.019139945314441957;0.0161839863713799
3535.5;0.017623877982923447;0.01865038996269922;0.0161839863713799
3537.0;0.016863406408094434;0.016676298192025096;0.01845342706502636
3538.5;0.018354055654233276;0.04536862003780718;0.017094017094017096
3540.0;0.015095605501509561;0.04536862003780718;0.017754480892796753
3541.5;0.017547197908565945;0.015731292517006803;0.04315196998123827
3543.0;0.01488644788002137;0.015809071886378992;0.01865038996269922
3544.5;0.01485852872552252;0.015809071886378992;0.01842179442537598
3546.0;0.015695763321720377;0.015743018124095107;0.01842179442537598
3547.5;0.015695763321720377;0.06675452592392313;0.017094017094017096
3549.0;0.014839767744728968;0.016550266845809666;0.015095605501509561
3550.5;0.014839767744728968;0.015731292517006803;0.018010291595197254
3552.0;0.01576182136602452;0.015731292517006803;0.017623877982923447
3553.5;0.018010291595197254;0.0161839863713799;0.0189328743545611
3555.0;0.08302956662616444;0.017623877982923447;0.016863406408094434
3556.5;0.01850632726208763;0.048187022900763356;0.015731292517006803
3558.0;0.014945495799148322;0.08265594250021391;0.016638225255972697
3559.5;0.014945495799148322;0.015809071886378992;0.04875717017208413
3561.0;0.017498443680569787;0.016638225255972697;0.018010291595197254
3562.5;0.014870091759449306;0.016676298192025096;0.018010291595197254
3564.0;0.014870091759449306;0.017094017094017096;0.017623877982923447
3565.5;0.014870091759449306;0.015871286409530037;0.016863406408094434
3567.0;0.01741601350785099;0.0175513698630137;0.018010291595197254
3568.5;0.01741601350785099;0.015597920277296359;0.017754480892796753
3570.0;0.01741601350785099;0.017094017094017096;0.0170487948265726
3571.5;0.01741601350785099;0.017623877982923447;0.0552187093980078
3573.0;0.018470790378006873;0.015769487034319674;0.017094017094017096
3574.5;0.015280135823429542;0.018332165356039182;0.0175513698630137
3576.0;0.015280135823429542;0.08326962055585943;0.018026004728132386
3577.5;0.01850632726208763;0.055516376743457135;0.017373380447585393
3579.0;0.016638225255972697;0.055516376743457135;0.01865038996269922
3580.5;0.01850632726208763;0.01589496047739557;0.018470790378006873
3582.0;0.014910112661872163;0.017094017094017096;0.017754480892796753
3583.5;0.01485852872552252;0.017094017094017096;0.01865038996269922
3585.0;0.01485852872552252;0.01865038996269922;0.08144892908951275
3586.5;0.01570251018973342;0.017547197908565945;0.017623877982923447
3588.0;0.01570251018973342;0.01836806645203033;0.016638225255972697
3589.5;0.01570251018973342;0.01836806645203033;0.017094017094017096
3591.0;0.016638225255972697;0.017094017094017096;0.016863406408094434
3592.5;0.01865038996269922;0.016863406408094434;0.016863406408094434
3594.0;0.016745540589734254;0.018010291595197254;0.07753473472714523
3595.5;0.01842179442537598;0.01850632726208763;0.01865038996269922
3597.0;0.017465858520325457;0.016676298192025096;0.018010291595197254
3598.5;0.015711796950363736;0.015731292517006803;0.015280135823429542
