#auto generated file!
6.0;0.03296724503186298;0.03296724503186298;0.03296724503186298
7.5;0.03296724503186298;0.03296724503186298;0.03296724503186298
9.0;0.03296724503186298;0.03296724503186298;0.03296724503186298
10.5;0.03296724503186298;0.03296724503186298;0.03296724503186298
12.0;0.03296724503186298;0.03296724503186298;0.03296724503186298
13.5;0.03296724503186298;0.03296724503186298;0.03296724503186298
15.0;0.07656826568265682;0.03296724503186298;0.03296724503186298
16.5;0.07656826568265682;0.07763401109057301;0.03296724503186298
18.0;0.07656826568265682;0.07763401109057301;0.03296724503186298
19.5;0.07656826568265682;0.07763401109057301;0.03296724503186298
21.0;0.07656826568265682;0.07763401109057301;0.03296724503186298
22.5;0.07656826568265682;0.07763401109057301;0.014827018121911038
24.0;0.07656826568265682;0.07763401109057301;0.014827018121911038
25.5;0.07656826568265682;0.07763401109057301;0.014827018121911038
27.0;0.07656826568265682;0.07763401109057301;0.0175513698630137
28.5;0.0173841059602649;0.07763401109057301;0.0175513698630137
30.0;0.01567656765676568;0.01824212271973466;0.0173841059602649
31.5;0.014827018121911038;0.014827018121911038;0.01824212271973466
33.0;0.01824212271973466;0.01824212271973466;0.014827018121911038
34.5;0.01824212271973466;0.07025547445255476;0.014827018121911038
36.0;0.01824212271973466;0.01652892561983471;0.014827018121911038
37.5;0.01824212271973466;0.01652892561983471;0.014827018121911038
39.0;0.0173841059602649;0.01652892561983471;0.014827018121911038
40.5;0.0173841059602649;0.07234432234432234;0.015731292517006803
42.0;0.014827018121911038;0.07234432234432234;0.01824212271973466
43.5;0.01567656765676568;0.08193668528864059;0.01824212271973466
45.0;0.01567656765676568;0.01652892561983471;0.01824212271973466
46.5;0.01567656765676568;0.01652892561983471;0.014827018121911038
48.0;0.01567656765676568;0.01652892561983471;0.04875717017208413
49.5;0.01567656765676568;0.08085501858736059;0.01824212271973466
51.0;0.01567656765676568;0.0173841059602649;0.01567656765676568
52.5;0.01567656765676568;0.07656826568265682;0.01824212271973466
54.0;0.01567656765676568;0.06818181818181818;0.01824212271973466
55.5;0.01567656765676568;0.0173841059602649;0.07339449541284404
57.0;0.01567656765676568;0.0173841059602649;0.014827018121911038
58.5;0.0173841059602649;0.0173841059602649;0.014827018121911038
60.0;0.0173841059602649;0.016638225255972697;0.014827018121911038
61.5;0.0161839863713799;0.0175513698630137;0.01652892561983471
63.0;0.0161839863713799;0.01652892561983471;0.01824212271973466
64.5;0.0161839863713799;0.0787037037037037;0.01824212271973466
66.0;0.01824212271973466;0.01824212271973466;0.01824212271973466
67.5;0.0173841059602649;0.014827018121911038;0.01824212271973466
69.0;0.014827018121911038;0.049329501915708805;0.01652892561983471
70.5;0.014827018121911038;0.01567656765676568;0.01652892561983471
72.0;0.014827018121911038;0.07763401109057301;0.01652892561983471
73.5;0.01567656765676568;0.07763401109057301;0.01652892561983471
75.0;0.014827018121911038;0.07763401109057301;0.01652892561983471
76.5;0.015731292517006803;0.014827018121911038;0.01652892561983471
78.0;0.01652892561983471;0.0173841059602649;0.01567656765676568
79.5;0.014827018121911038;0.0173841059602649;0.01567656765676568
81.0;0.014827018121911038;0.0173841059602649;0.01567656765676568
82.5;0.014827018121911038;0.0173841059602649;0.01824212271973466
84.0;0.01652892561983471;0.0173841059602649;0.01824212271973466
85.5;0.014827018121911038;0.0173841059602649;0.01567656765676568
87.0;0.014827018121911038;0.0173841059602649;0.014827018121911038
88.5;0.014827018121911038;0.01824212271973466;0.0189328743545611
90.0;0.014827018121911038;0.01824212271973466;0.01567656765676568
91.5;0.014827018121911038;0.0173841059602649;0.0173841059602649
93.0;0.014827018121911038;0.08085501858736059;0.0161839863713799
94.5;0.014827018121911038;0.014827018121911038;0.015280135823429542
96.0;0.014827018121911038;0.06921675774134792;0.01567656765676568
97.5;0.014827018121911038;0.06921675774134792;0.018470790378006873
99.0;0.014827018121911038;0.06921675774134792;0.01824212271973466
100.5;0.01652892561983471;0.06921675774134792;0.0173841059602649
102.0;0.01652892561983471;0.06921675774134792;0.01824212271973466
103.5;0.01652892561983471;0.0661231884057971;0.01824212271973466
105.0;0.07763401109057301;0.0650994575045208;0.01824212271973466
106.5;0.07763401109057301;0.09115720524017466;0.01652892561983471
108.0;0.047619047619047616;0.0173841059602649;0.014827018121911038
109.5;0.047619047619047616;0.07234432234432234;0.0173841059602649
111.0;0.0173841059602649;0.01824212271973466;0.014827018121911038
112.5;0.0173841059602649;0.07977736549165121;0.01824212271973466
114.0;0.07339449541284404;0.07977736549165121;0.01652892561983471
115.5;0.07339449541284404;0.07977736549165121;0.0173841059602649
117.0;0.07339449541284404;0.07977736549165121;0.0161839863713799
118.5;0.07339449541284404;0.01567656765676568;0.016638225255972697
120.0;0.07339449541284404;0.014827018121911038;0.017094017094017096
121.5;0.06921675774134792;0.01567656765676568;0.017094017094017096
123.0;0.06921675774134792;0.014827018121911038;0.018354055654233276
124.5;0.06921675774134792;0.01567656765676568;0.0173841059602649
126.0;0.06921675774134792;0.06715063520871144;0.014827018121911038
127.5;0.06921675774134792;0.0161839863713799;0.016638225255972697
129.0;0.06921675774134792;0.018010291595197254;0.016638225255972697
130.5;0.06921675774134792;0.015280135823429542;0.018010291595197254
132.0;0.06715063520871144;0.01652892561983471;0.018026004728132386
133.5;0.06715063520871144;0.01652892561983471;0.01904761904761905
135.0;0.06715063520871144;0.01652892561983471;0.01824212271973466
136.5;0.06715063520871144;0.014827018121911038;0.0173841059602649
138.0;0.06715063520871144;0.014827018121911038;0.018010291595197254
139.5;0.06715063520871144;0.01652892561983471;0.01824212271973466
141.0;0.06715063520871144;0.01567656765676568;0.01652892561983471
142.5;0.06715063520871144;0.014827018121911038;0.01652892561983471
144.0;0.06715063520871144;0.014827018121911038;0.0173841059602649
145.5;0.06715063520871144;0.014827018121911038;0.01567656765676568
147.0;0.06715063520871144;0.0173841059602649;0.014827018121911038
148.5;0.06715063520871144;0.0173841059602649;0.0173841059602649
150.0;0.06715063520871144;0.014827018121911038;0.01652892561983471
151.5;0.06715063520871144;0.014827018121911038;0.014827018121911038
153.0;0.06715063520871144;0.014827018121911038;0.014827018121911038
154.5;0.06715063520871144;0.01652892561983471;0.014827018121911038
156.0;0.06715063520871144;0.01652892561983471;0.014827018121911038
157.5;0.06715063520871144;0.01567656765676568;0.014827018121911038
159.0;0.06715063520871144;0.01567656765676568;0.0173841059602649
160.5;0.06715063520871144;0.01567656765676568;0.018470790378006873
162.0;0.06715063520871144;0.01567656765676568;0.015280135823429542
163.5;0.01652892561983471;0.01567656765676568;0.01652892561983471
165.0;0.01652892561983471;0.01567656765676568;0.0173841059602649
166.5;0.0173841059602649;0.01567656765676568;0.0173841059602649
168.0;0.0173841059602649;0.014827018121911038;0.0173841059602649
169.5;0.01824212271973466;0.014827018121911038;0.0173841059602649
171.0;0.014827018121911038;0.014827018121911038;0.0173841059602649
172.5;0.014827018121911038;0.014827018121911038;0.014827018121911038
174.0;0.014827018121911038;0.014827018121911038;0.01652892561983471
175.5;0.01652892561983471;0.07339449541284404;0.01824212271973466
177.0;0.01652892561983471;0.014827018121911038;0.0744485294117647
178.5;0.01824212271973466;0.014827018121911038;0.01652892561983471
180.0;0.01567656765676568;0.01652892561983471;0.0189328743545611
181.5;0.0161839863713799;0.01652892561983471;0.01597712748065927
183.0;0.0161839863713799;0.01652892561983471;0.015871286409530037
184.5;0.0161839863713799;0.014827018121911038;0.015769487034319674
186.0;0.0161839863713799;0.014827018121911038;0.015769487034319674
187.5;0.0161839863713799;0.0173841059602649;0.07741609250709174
189.0;0.0161839863713799;0.01652892561983471;0.078274430155538
190.5;0.0161839863713799;0.014827018121911038;0.014844188506303903
192.0;0.0161839863713799;0.014827018121911038;0.015690820879123473
193.5;0.0161839863713799;0.01652892561983471;0.015690820879123473
195.0;0.0161839863713799;0.01652892561983471;0.015690820879123473
196.5;0.0161839863713799;0.01652892561983471;0.015687178238012765
198.0;0.0161839863713799;0.01652892561983471;0.01825012709422827
199.5;0.0161839863713799;0.01652892561983471;0.07349146701018333
201.0;0.0161839863713799;0.01652892561983471;0.0470532319391635
202.5;0.0161839863713799;0.01567656765676568;0.0470532319391635
204.0;0.0161839863713799;0.01567656765676568;0.01865038996269922
205.5;0.0161839863713799;0.014827018121911038;0.014945495799148322
207.0;0.0161839863713799;0.014827018121911038;0.07996748642690851
208.5;0.0161839863713799;0.014827018121911038;0.018332165356039182
210.0;0.0161839863713799;0.0173841059602649;0.01830736743700201
211.5;0.0161839863713799;0.0173841059602649;0.017427438387099873
213.0;0.0161839863713799;0.0173841059602649;0.017427438387099873
214.5;0.0161839863713799;0.01567656765676568;0.06762923989174582
216.0;0.0161839863713799;0.017094017094017096;0.06762923989174582
217.5;0.0161839863713799;0.017094017094017096;0.018026004728132386
219.0;0.0161839863713799;0.015871286409530037;0.015095605501509561
220.5;0.0161839863713799;0.016676298192025096;0.015871286409530037
222.0;0.07548669050456894;0.017498443680569787;0.016676298192025096
223.5;0.07548669050456894;0.01660281557997176;0.07663693439238436
225.0;0.07548669050456894;0.014870091759449306;0.018010291595197254
226.5;0.07548669050456894;0.016557768507871926;0.01597712748065927
228.0;0.07548669050456894;0.0189328743545611;0.01597712748065927
229.5;0.07548669050456894;0.017623877982923447;0.017971946230274694
231.0;0.015871286409530037;0.015731292517006803;0.017971946230274694
232.5;0.014945495799148322;0.017094017094017096;0.017934291168491913
234.0;0.014945495799148322;0.015095605501509561;0.017534382187836362
235.5;0.014945495799148322;0.0175513698630137;0.015738326756557706
237.0;0.014910112661872163;0.01865038996269922;0.08674568965517242
238.5;0.01660281557997176;0.0175513698630137;0.01865038996269922
240.0;0.01660281557997176;0.017754480892796753;0.0175513698630137
241.5;0.015724726735506497;0.01842179442537598;0.07434304424481572
243.0;0.018289844042285466;0.01663225731761437;0.08674568965517242
244.5;0.015695763321720377;0.01488644788002137;0.08674568965517242
246.0;0.015695763321720377;0.018026004728132386;0.017754480892796753
247.5;0.015695763321720377;0.017971946230274694;0.08755082619603771
249.0;0.01597712748065927;0.015225395561747438;0.047619047619047616
250.5;0.015871286409530037;0.015225395561747438;0.051059730250481696
252.0;0.015871286409530037;0.015225395561747438;0.016863406408094434
253.5;0.015871286409530037;0.015225395561747438;0.07668608086435384
255.0;0.018354055654233276;0.018010291595197254;0.07771195869669424
256.5;0.018354055654233276;0.018010291595197254;0.08215271463641584
258.0;0.018354055654233276;0.018010291595197254;0.04990403071017274
259.5;0.0189328743545611;0.017754480892796753;0.016863406408094434
261.0;0.0189328743545611;0.017754480892796753;0.01865038996269922
262.5;0.0189328743545611;0.015001087035292413;0.017754480892796753
264.0;0.0189328743545611;0.07639217169329678;0.017754480892796753
265.5;0.0189328743545611;0.07639217169329678;0.015871286409530037
267.0;0.0189328743545611;0.0175513698630137;0.01842179442537598
268.5;0.0189328743545611;0.0175513698630137;0.018332165356039182
270.0;0.01597712748065927;0.0175513698630137;0.01830736743700201
271.5;0.01597712748065927;0.0175513698630137;0.01485852872552252
273.0;0.01597712748065927;0.0175513698630137;0.04334677419354839
274.5;0.01597712748065927;0.0175513698630137;0.043703007518796994
276.0;0.01597712748065927;0.0175513698630137;0.040013227513227514
277.5;0.01597712748065927;0.0175513698630137;0.017971946230274694
279.0;0.015001087035292413;0.0175513698630137;0.016081348496769426
280.5;0.015001087035292413;0.015095605501509561;0.018010291595197254
282.0;0.015001087035292413;0.015095605501509561;0.04536862003780718
283.5;0.015809071886378992;0.015095605501509561;0.018470790378006873
285.0;0.015809071886378992;0.0720250521920668;0.016745540589734254
286.5;0.018332165356039182;0.0720250521920668;0.07061592781482934
288.0;0.018332165356039182;0.0720250521920668;0.01672535211267606
289.5;0.018332165356039182;0.01842179442537598;0.01576182136602452
291.0;0.018332165356039182;0.01842179442537598;0.05280246069719753
292.5;0.018332165356039182;0.01842179442537598;0.016830578931359627
294.0;0.018332165356039182;0.01842179442537598;0.01840766984546031
295.5;0.018332165356039182;0.01842179442537598;0.018358765104113217
297.0;0.017443347491498312;0.01842179442537598;0.018358765104113217
298.5;0.015711796950363736;0.01842179442537598;0.08095303382283163
300.0;0.015711796950363736;0.01842179442537598;0.08302956662616444
301.5;0.015711796950363736;0.01842179442537598;0.04536862003780718
303.0;0.015711796950363736;0.01842179442537598;0.043703007518796994
304.5;0.015695763321720377;0.07106563743420853;0.017754480892796753
306.0;0.015695763321720377;0.07106563743420853;0.017754480892796753
307.5;0.015695763321720377;0.07106563743420853;0.017754480892796753
309.0;0.015695763321720377;0.07106563743420853;0.01850632726208763
310.5;0.015695763321720377;0.07106563743420853;0.05281007751937984
312.0;0.015695763321720377;0.07106563743420853;0.07786711807024968
313.5;0.015695763321720377;0.07106563743420853;0.015809071886378992
315.0;0.015695763321720377;0.07106563743420853;0.017465858520325457
316.5;0.015695763321720377;0.07106563743420853;0.016863406408094434
318.0;0.017401635028469288;0.016582472972657695;0.051059730250481696
319.5;0.014836509492270044;0.016582472972657695;0.051059730250481696
321.0;0.014836509492270044;0.016582472972657695;0.01597712748065927
322.5;0.014836509492270044;0.017427438387099873;0.015731292517006803
324.0;0.014836509492270044;0.017427438387099873;0.018010291595197254
325.5;0.07998273908856848;0.017427438387099873;0.01672535211267606
327.0;0.07998273908856848;0.018277260861902424;0.01850632726208763
328.5;0.01739137492247878;0.018277260861902424;0.016638225255972697
330.0;0.01739137492247878;0.014844188506303903;0.017754480892796753
331.5;0.01739137492247878;0.01654477169890474;0.016745540589734254
333.0;0.015680987109796585;0.015687178238012765;0.017465858520325457
334.5;0.015680987109796585;0.016863406408094434;0.07016556801787727
336.0;0.015680987109796585;0.015871286409530037;0.0161839863713799
337.5;0.015680987109796585;0.015809071886378992;0.01597712748065927
339.0;0.015680987109796585;0.015809071886378992;0.07318094281168887
340.5;0.015680987109796585;0.014910112661872163;0.015280135823429542
342.0;0.015680987109796585;0.017465858520325457;0.08265594250021391
343.5;0.015680987109796585;0.017465858520325457;0.08265594250021391
345.0;0.017388172610590263;0.017443347491498312;0.018010291595197254
346.5;0.017388172610590263;0.017427438387099873;0.018010291595197254
348.0;0.017388172610590263;0.017427438387099873;0.017754480892796753
349.5;0.017388172610590263;0.017427438387099873;0.017754480892796753
351.0;0.017388172610590263;0.016557768507871926;0.016638225255972697
352.5;0.017388172610590263;0.015695763321720377;0.016863406408094434
354.0;0.017388172610590263;0.015695763321720377;0.015809071886378992
355.5;0.017388172610590263;0.015695763321720377;0.01663225731761437
357.0;0.017388172610590263;0.015695763321720377;0.01488644788002137
358.5;0.017388172610590263;0.015695763321720377;0.017443347491498312
360.0;0.017388172610590263;0.015695763321720377;0.018470790378006873
361.5;0.017388172610590263;0.015695763321720377;0.016863406408094434
363.0;0.017388172610590263;0.015695763321720377;0.016863406408094434
364.5;0.017388172610590263;0.015695763321720377;0.017699115044247787
366.0;0.017388172610590263;0.015695763321720377;0.0170487948265726
367.5;0.017388172610590263;0.015695763321720377;0.017754480892796753
369.0;0.017388172610590263;0.015695763321720377;0.01850632726208763
370.5;0.017388172610590263;0.015695763321720377;0.01842179442537598
372.0;0.017388172610590263;0.015695763321720377;0.01842179442537598
373.5;0.017388172610590263;0.07370796421183616;0.01663225731761437
375.0;0.017388172610590263;0.07370796421183616;0.01488644788002137
376.5;0.017388172610590263;0.07468844191723341;0.01488644788002137
378.0;0.017388172610590263;0.08106598547408224;0.015724726735506497
379.5;0.017388172610590263;0.08106598547408224;0.016568094782873223
381.0;0.017388172610590263;0.08106598547408224;0.016568094782873223
382.5;0.017388172610590263;0.08106598547408224;0.07690949409019684
384.0;0.017388172610590263;0.08106598547408224;0.015687178238012765
385.5;0.017388172610590263;0.08106598547408224;0.015687178238012765
387.0;0.017388172610590263;0.01825012709422827;0.015687178238012765
388.5;0.017388172610590263;0.08205756158418982;0.015687178238012765
390.0;0.017388172610590263;0.08205756158418982;0.01653549687010534
391.5;0.017388172610590263;0.08205756158418982;0.01653549687010534
393.0;0.017388172610590263;0.08205756158418982;0.018246600758721136
394.5;0.017387150648592545;0.015280135823429542;0.016531678096401558
396.0;0.017387150648592545;0.015280135823429542;0.014827949697411927
397.5;0.014828677071017829;0.01597712748065927;0.0189328743545611
399.0;0.014828677071017829;0.01597712748065927;0.017754480892796753
400.5;0.014828677071017829;0.01597712748065927;0.01850632726208763
402.0;0.014828677071017829;0.01597712748065927;0.015095605501509561
403.5;0.014828677071017829;0.01842179442537598;0.016676298192025096
405.0;0.014828677071017829;0.01842179442537598;0.016676298192025096
406.5;0.014828677071017829;0.017498443680569787;0.01660281557997176
408.0;0.018244004306380245;0.04875717017208413;0.015724726735506497
409.5;0.018244004306380245;0.04875717017208413;0.018683274021352312
411.0;0.0189328743545611;0.04875717017208413;0.01654091700522345
412.5;0.017623877982923447;0.015095605501509561;0.017373380447585393
414.0;0.017623877982923447;0.015871286409530037;0.01865038996269922
415.5;0.017623877982923447;0.015871286409530037;0.018470790378006873
417.0;0.017623877982923447;0.01842179442537598;0.015095605501509561
418.5;0.01842179442537598;0.0175513698630137;0.017699115044247787
420.0;0.01663225731761437;0.051059730250481696;0.016403046280023436
421.5;0.0175513698630137;0.01597712748065927;0.01597712748065927
423.0;0.0175513698630137;0.01597712748065927;0.01597712748065927
424.5;0.0175513698630137;0.016745540589734254;0.018086080586080584
426.0;0.01865038996269922;0.016745540589734254;0.018086080586080584
427.5;0.01865038996269922;0.016745540589734254;0.01713180436584692
429.0;0.015871286409530037;0.016676298192025096;0.018671683262517162
430.5;0.01756386861313869;0.016676298192025096;0.017094017094017096
432.0;0.0175513698630137;0.01663225731761437;0.017094017094017096
433.5;0.0175513698630137;0.016582472972657695;0.01865038996269922
435.0;0.0175513698630137;0.01570251018973342;0.01842179442537598
436.5;0.017623877982923447;0.01570251018973342;0.017498443680569787
438.0;0.015731292517006803;0.016550266845809666;0.018470790378006873
439.5;0.015731292517006803;0.016550266845809666;0.016745540589734254
441.0;0.015731292517006803;0.016550266845809666;0.015769487034319674
442.5;0.015731292517006803;0.016550266845809666;0.015731292517006803
444.0;0.016863406408094434;0.01826142579350741;0.0175513698630137
445.5;0.016863406408094434;0.014834097312229661;0.015095605501509561
447.0;0.016863406408094434;0.01739137492247878;0.0175513698630137
448.5;0.016745540589734254;0.01739137492247878;0.016863406408094434
450.0;0.016745540589734254;0.01739137492247878;0.016745540589734254
451.5;0.016745540589734254;0.07243853695697144;0.019675925925925927
453.0;0.016676298192025096;0.07243853695697144;0.017679771605305417
454.5;0.014910112661872163;0.07243853695697144;0.01672239597595953
456.0;0.01660281557997176;0.018246600758721136;0.01601318781639348
457.5;0.01660281557997176;0.014829232922191612;0.018354055654233276
459.0;0.01660281557997176;0.014829232922191612;0.01597712748065927
460.5;0.017443347491498312;0.014829232922191612;0.015809071886378992
462.0;0.018010291595197254;0.017386386504641093;0.017443347491498312
463.5;0.018010291595197254;0.018244004306380245;0.018289844042285466
465.0;0.018010291595197254;0.018244004306380245;0.018289844042285466
466.5;0.016863406408094434;0.018244004306380245;0.01741601350785099
468.0;0.016863406408094434;0.018244004306380245;0.01741601350785099
469.5;0.017623877982923447;0.018244004306380245;0.014836509492270044
471.0;0.017623877982923447;0.018244004306380245;0.015684481542853023
472.5;0.017623877982923447;0.018244004306380245;0.015684481542853023
474.0;0.017623877982923447;0.018244004306380245;0.015684481542853023
475.5;0.017623877982923447;0.018244004306380245;0.08097272221961054
477.0;0.017623877982923447;0.018244004306380245;0.08097272221961054
478.5;0.015809071886378992;0.018244004306380245;0.08097272221961054
480.0;0.015809071886378992;0.07447202208325986;0.018246600758721136
481.5;0.015809071886378992;0.07447202208325986;0.0189328743545611
483.0;0.015809071886378992;0.016529793433502835;0.0189328743545611
484.5;0.017498443680569787;0.01652941341487852;0.0189328743545611
486.0;0.017498443680569787;0.01652941341487852;0.017623877982923447
487.5;0.01488644788002137;0.01652941341487852;0.01842179442537598
489.0;0.01488644788002137;0.07130309259909574;0.01842179442537598
490.5;0.014870091759449306;0.07130309259909574;0.01842179442537598
492.0;0.014870091759449306;0.07130309259909574;0.01842179442537598
493.5;0.014870091759449306;0.07130309259909574;0.014910112661872163
495.0;0.014870091759449306;0.01652913129870731;0.014910112661872163
496.5;0.014870091759449306;0.017384276578092637;0.014910112661872163
498.0;0.015711796950363736;0.014827111201917353;0.014910112661872163
499.5;0.07611210733696298;0.01738420192052985;0.018332165356039182
501.0;0.07611210733696298;0.01738420192052985;0.018289844042285466
502.5;0.07702838380033686;0.014827070474422001;0.0161839863713799
504.0;0.07702838380033686;0.014827070474422001;0.01597712748065927
505.5;0.07702838380033686;0.014827070474422001;0.014910112661872163
507.0;0.0779848264098129;0.014827070474422001;0.014910112661872163
508.5;0.06942408900983806;0.018242167293575428;0.0470532319391635
510.0;0.06942408900983806;0.018242167293575428;0.01597712748065927
511.5;0.06942408900983806;0.018242167293575428;0.017094017094017096
513.0;0.017393838281482624;0.018242167293575428;0.017754480892796753
514.5;0.017393838281482624;0.018242167293575428;0.016745540589734254
516.0;0.017393838281482624;0.018242167293575428;0.014945495799148322
517.5;0.06622847781608712;0.01482704020656128;0.014945495799148322
519.0;0.016533838797490336;0.015676586172482375;0.014945495799148322
520.5;0.018246600758721136;0.015676586172482375;0.014945495799148322
522.0;0.014829232922191612;0.015676586172482375;0.018470790378006873
523.5;0.01567842217100666;0.015676586172482375;0.018470790378006873
525.0;0.07766810080741264;0.015676586172482375;0.018470790378006873
526.5;0.07766810080741264;0.015676586172482375;0.01597712748065927
528.0;0.07766810080741264;0.015676586172482375;0.014945495799148322
529.5;0.07766810080741264;0.015676586172482375;0.014945495799148322
531.0;0.07766810080741264;0.015676586172482375;0.014910112661872163
532.5;0.06511741962844764;0.015676586172482375;0.015724726735506497
534.0;0.06511741962844764;0.015676586172482375;0.017427438387099873
535.5;0.06511741962844764;0.015676586172482375;0.016550266845809666
537.0;0.06511741962844764;0.015676586172482375;0.017401635028469288
538.5;0.06511741962844764;0.015676586172482375;0.017401635028469288
540.0;0.06511741962844764;0.015676586172482375;0.016638225255972697
541.5;0.06511741962844764;0.015676586172482375;0.016745540589734254
543.0;0.06511741962844764;0.015676586172482375;0.016676298192025096
544.5;0.06511741962844764;0.015676586172482375;0.016676298192025096
546.0;0.06511741962844764;0.014827030544245723;0.015743018124095107
547.5;0.06511741962844764;0.014827030544245723;0.015743018124095107
549.0;0.06511741962844764;0.014827030544245723;0.015743018124095107
550.5;0.06511741962844764;0.018242136822507252;0.017443347491498312
552.0;0.06511741962844764;0.018242136822507252;0.016568094782873223
553.5;0.06511741962844764;0.018242136822507252;0.016568094782873223
555.0;0.06511741962844764;0.018242133296756027;0.01570251018973342
556.5;0.06511741962844764;0.018010291595197254;0.0182681206624895
558.0;0.06511741962844764;0.018010291595197254;0.018256492034823147
559.5;0.06511741962844764;0.018010291595197254;0.016638225255972697
561.0;0.06511741962844764;0.018010291595197254;0.016638225255972697
562.5;0.06511741962844764;0.018010291595197254;0.01597712748065927
564.0;0.06511741962844764;0.01597712748065927;0.01842179442537598
565.5;0.06511741962844764;0.017547197908565945;0.01842179442537598
567.0;0.016529576213227;0.017547197908565945;0.015743018124095107
568.5;0.016529576213227;0.017465858520325457;0.015095605501509561
570.0;0.016529576213227;0.017443347491498312;0.016745540589734254
571.5;0.016529576213227;0.0175513698630137;0.06854651270894926
573.0;0.016529576213227;0.0175513698630137;0.07326130256843867
574.5;0.016529576213227;0.0175513698630137;0.07326130256843867
576.0;0.016529576213227;0.016745540589734254;0.01488644788002137
577.5;0.016529576213227;0.020484171322160148;0.01830736743700201
579.0;0.018470790378006873;0.015033359741139864;0.017427438387099873
580.5;0.016863406408094434;0.015033359741139864;0.017427438387099873
582.0;0.016863406408094434;0.015033359741139864;0.017427438387099873
583.5;0.015871286409530037;0.01845157937014199;0.017427438387099873
585.0;0.017547197908565945;0.014922830014276238;0.018277260861902424
586.5;0.015871286409530037;0.014922830014276238;0.018277260861902424
588.0;0.0161839863713799;0.0161839863713799;0.018026004728132386
589.5;0.01597712748065927;0.017699115044247787;0.01594765689784196
591.0;0.01850632726208763;0.0161839863713799;0.01594765689784196
592.5;0.01749271137026239;0.0161839863713799;0.01594765689784196
594.0;0.015854570888502284;0.016863406408094434;0.01848360454802751
595.5;0.015854570888502284;0.015001087035292413;0.0165975978705743
597.0;0.015854570888502284;0.015001087035292413;0.0175513698630137
598.5;0.017094017094017096;0.01842179442537598;0.017623877982923447
600.0;0.017094017094017096;0.018332165356039182;0.014945495799148322
601.5;0.01865038996269922;0.016582472972657695;0.017373380447585393
603.0;0.01865038996269922;0.01485852872552252;0.015095605501509561
604.5;0.015871286409530037;0.01485852872552252;0.015095605501509561
606.0;0.016676298192025096;0.014844188506303903;0.015095605501509561
607.5;0.07216102560980384;0.019013666072489603;0.015095605501509561
609.0;0.07216102560980384;0.015280135823429542;0.017547197908565945
610.5;0.07216102560980384;0.015280135823429542;0.017623877982923447
612.0;0.07216102560980384;0.018010291595197254;0.06780848193311179
613.5;0.01660281557997176;0.01597712748065927;0.07663693439238436
615.0;0.01660281557997176;0.01597712748065927;0.0829083213135849
616.5;0.01660281557997176;0.01597712748065927;0.0829083213135849
618.0;0.01660281557997176;0.01597712748065927;0.0829083213135849
619.5;0.01660281557997176;0.01597712748065927;0.01741601350785099
621.0;0.07554733113661864;0.016638225255972697;0.014839767744728968
622.5;0.07554733113661864;0.016638225255972697;0.015687178238012765
624.0;0.07554733113661864;0.016638225255972697;0.015684481542853023
625.5;0.07554733113661864;0.01597712748065927;0.01653549687010534
627.0;0.017427438387099873;0.01597712748065927;0.015680987109796585
628.5;0.017427438387099873;0.01597712748065927;0.018246600758721136
630.0;0.01570251018973342;0.01597712748065927;0.016531678096401558
631.5;0.01740771421307761;0.01597712748065927;0.015731292517006803
633.0;0.01740771421307761;0.01597712748065927;0.01597712748065927
634.5;0.01654477169890474;0.01597712748065927;0.016638225255972697
636.0;0.015687178238012765;0.01597712748065927;0.01850632726208763
637.5;0.015687178238012765;0.015871286409530037;0.017094017094017096
639.0;0.01825283975007182;0.015871286409530037;0.016745540589734254
640.5;0.01597712748065927;0.015871286409530037;0.017547197908565945
642.0;0.016676298192025096;0.015871286409530037;0.01836806645203033
643.5;0.017094017094017096;0.015871286409530037;0.01836806645203033
645.0;0.017094017094017096;0.015871286409530037;0.01836806645203033
646.5;0.017754480892796753;0.01842179442537598;0.017465858520325457
648.0;0.015871286409530037;0.01842179442537598;0.017465858520325457
649.5;0.015809071886378992;0.01842179442537598;0.01830736743700201
651.0;0.017498443680569787;0.01663225731761437;0.01830736743700201
652.5;0.01660281557997176;0.01663225731761437;0.01830736743700201
654.0;0.016582472972657695;0.01663225731761437;0.017754480892796753
655.5;0.016582472972657695;0.01663225731761437;0.017754480892796753
657.0;0.016568094782873223;0.01663225731761437;0.06859415127164278
658.5;0.016568094782873223;0.01663225731761437;0.06859415127164278
660.0;0.016568094782873223;0.015743018124095107;0.014945495799148322
661.5;0.018277260861902424;0.015743018124095107;0.014910112661872163
663.0;0.018277260861902424;0.016582472972657695;0.05048076923076923
664.5;0.018277260861902424;0.016582472972657695;0.015001087035292413
666.0;0.018277260861902424;0.015711796950363736;0.015001087035292413
667.5;0.018277260861902424;0.015711796950363736;0.0175513698630137
669.0;0.01826142579350741;0.015711796950363736;0.0175513698630137
670.5;0.01826142579350741;0.015711796950363736;0.015095605501509561
672.0;0.07575323625364809;0.07936196740601566;0.07076132648295189
673.5;0.07575323625364809;0.07936196740601566;0.07076132648295189
675.0;0.07575323625364809;0.016550266845809666;0.015769487034319674
676.5;0.07575323625364809;0.016550266845809666;0.015731292517006803
678.0;0.07575323625364809;0.015690820879123473;0.07922182109907742
679.5;0.07575323625364809;0.015690820879123473;0.07922182109907742
681.0;0.07575323625364809;0.0161839863713799;0.06973170529113713
682.5;0.07575323625364809;0.0161839863713799;0.06973170529113713
684.0;0.07575323625364809;0.0161839863713799;0.01842179442537598
685.5;0.07575323625364809;0.017754480892796753;0.01842179442537598
687.0;0.07575323625364809;0.014945495799148322;0.01842179442537598
688.5;0.07575323625364809;0.01836806645203033;0.01842179442537598
690.0;0.07575323625364809;0.01836806645203033;0.01842179442537598
691.5;0.07575323625364809;0.01836806645203033;0.01836806645203033
693.0;0.07575323625364809;0.01660281557997176;0.01836806645203033
694.5;0.07575323625364809;0.07554733113661864;0.01836806645203033
696.0;0.014834097312229661;0.0175513698630137;0.01836806645203033
697.5;0.014834097312229661;0.0175513698630137;0.014870091759449306
699.0;0.01825012709422827;0.0175513698630137;0.017427438387099873
700.5;0.0175513698630137;0.0175513698630137;0.014844188506303903
702.0;0.015001087035292413;0.0175513698630137;0.014844188506303903
703.5;0.01842179442537598;0.0175513698630137;0.014844188506303903
705.0;0.01842179442537598;0.0175513698630137;0.014844188506303903
706.5;0.017498443680569787;0.0175513698630137;0.014844188506303903
708.0;0.015724726735506497;0.0175513698630137;0.014844188506303903
709.5;0.01485852872552252;0.0175513698630137;0.014844188506303903
711.0;0.016557768507871926;0.0175513698630137;0.014844188506303903
712.5;0.017699115044247787;0.0175513698630137;0.014844188506303903
714.0;0.017699115044247787;0.0175513698630137;0.014844188506303903
715.5;0.0189328743545611;0.0175513698630137;0.014844188506303903
717.0;0.014945495799148322;0.0175513698630137;0.014844188506303903
718.5;0.01672535211267606;0.0175513698630137;0.014844188506303903
720.0;0.01672535211267606;0.0175513698630137;0.014844188506303903
721.5;0.0161839863713799;0.0175513698630137;0.014844188506303903
723.0;0.015001087035292413;0.0175513698630137;0.014844188506303903
724.5;0.018332165356039182;0.0175513698630137;0.014844188506303903
726.0;0.016568094782873223;0.0175513698630137;0.014844188506303903
727.5;0.016568094782873223;0.0175513698630137;0.015690820879123473
729.0;0.016557768507871926;0.0175513698630137;0.016540721828503288
730.5;0.01740771421307761;0.0175513698630137;0.016540721828503288
732.0;0.01597712748065927;0.07087532272840844;0.014834097312229661
733.5;0.01597712748065927;0.014945495799148322;0.015095605501509561
735.0;0.017754480892796753;0.017465858520325457;0.015095605501509561
736.5;0.017754480892796753;0.014870091759449306;0.015871286409530037
738.0;0.017754480892796753;0.015711796950363736;0.015871286409530037
739.5;0.017754480892796753;0.016557768507871926;0.015871286409530037
741.0;0.017754480892796753;0.015690820879123473;0.015871286409530037
742.5;0.017754480892796753;0.0175513698630137;0.01663225731761437
744.0;0.017754480892796753;0.0175513698630137;0.01660281557997176
745.5;0.017754480892796753;0.017754480892796753;0.016582472972657695
747.0;0.017754480892796753;0.014945495799148322;0.0189328743545611
748.5;0.017754480892796753;0.01836806645203033;0.016863406408094434
750.0;0.017754480892796753;0.01660281557997176;0.016863406408094434
751.5;0.017754480892796753;0.014870091759449306;0.016745540589734254
753.0;0.017754480892796753;0.014870091759449306;0.01663225731761437
754.5;0.017754480892796753;0.018010291595197254;0.0189328743545611
756.0;0.017754480892796753;0.017754480892796753;0.01850632726208763
757.5;0.017754480892796753;0.015769487034319674;0.016676298192025096
759.0;0.017754480892796753;0.01865038996269922;0.016676298192025096
760.5;0.017754480892796753;0.01850632726208763;0.015743018124095107
762.0;0.017754480892796753;0.017094017094017096;0.015095605501509561
763.5;0.017754480892796753;0.016863406408094434;0.015001087035292413
765.0;0.017754480892796753;0.016863406408094434;0.015001087035292413
766.5;0.017754480892796753;0.016745540589734254;0.017971946230274694
768.0;0.017754480892796753;0.014945495799148322;0.016638225255972697
769.5;0.017754480892796753;0.014945495799148322;0.018470790378006873
771.0;0.017754480892796753;0.014945495799148322;0.01597712748065927
772.5;0.015280135823429542;0.014945495799148322;0.016745540589734254
774.0;0.017754480892796753;0.017498443680569787;0.01660281557997176
775.5;0.08265594250021391;0.017498443680569787;0.0161839863713799
777.0;0.08265594250021391;0.017498443680569787;0.017754480892796753
778.5;0.08265594250021391;0.017498443680569787;0.017699115044247787
780.0;0.0189328743545611;0.01488644788002137;0.0189328743545611
781.5;0.08265594250021391;0.01488644788002137;0.01597712748065927
783.0;0.08265594250021391;0.01488644788002137;0.018010291595197254
784.5;0.08265594250021391;0.014870091759449306;0.0161839863713799
786.0;0.08265594250021391;0.017427438387099873;0.016638225255972697
787.5;0.017547197908565945;0.047619047619047616;0.017754480892796753
789.0;0.017465858520325457;0.047619047619047616;0.016745540589734254
790.5;0.014870091759449306;0.015095605501509561;0.015769487034319674
792.0;0.018289844042285466;0.015095605501509561;0.018332165356039182
793.5;0.018289844042285466;0.015095605501509561;0.015280135823429542
795.0;0.018470790378006873;0.015095605501509561;0.015871286409530037
796.5;0.015095605501509561;0.015001087035292413;0.016638225255972697
798.0;0.01597712748065927;0.015001087035292413;0.015731292517006803
799.5;0.01597712748065927;0.015001087035292413;0.017754480892796753
801.0;0.014945495799148322;0.015001087035292413;0.0175513698630137
802.5;0.015769487034319674;0.016676298192025096;0.01597712748065927
804.0;0.017465858520325457;0.017498443680569787;0.015809071886378992
805.5;0.015095605501509561;0.015743018124095107;0.018197573656845753
807.0;0.015095605501509561;0.01830736743700201;0.01718287488267995
808.5;0.01606832657788072;0.015711796950363736;0.018533328860806126
810.0;0.015225395561747438;0.015711796950363736;0.015821216414337255
811.5;0.015225395561747438;0.01570251018973342;0.01750819090067639
813.0;0.015069294547215105;0.01654477169890474;0.014891255136580623
814.5;0.01848360454802751;0.015682478532320222;0.016638225255972697
816.0;0.01848360454802751;0.015682478532320222;0.018354055654233276
817.5;0.01848360454802751;0.07138949633129511;0.017971946230274694
819.0;0.01848360454802751;0.014829232922191612;0.01612259159428971
820.5;0.01848360454802751;0.014829232922191612;0.01612259159428971
822.0;0.07842582534964647;0.014828677071017829;0.017534382187836362
823.5;0.07842582534964647;0.014828677071017829;0.01749000201260901
825.0;0.07842582534964647;0.014828677071017829;0.018010291595197254
826.5;0.07842582534964647;0.014828677071017829;0.017754480892796753
828.0;0.07842582534964647;0.014828261126484797;0.016676298192025096
829.5;0.07842582534964647;0.014828261126484797;0.016676298192025096
831.0;0.07842582534964647;0.014828261126484797;0.016676298192025096
832.5;0.017439295057023192;0.01567760904807164;0.01865038996269922
834.0;0.017439295057023192;0.014827716422686422;0.07786711807024968
835.5;0.017439295057023192;0.014827716422686422;0.01842179442537598
837.0;0.017439295057023192;0.014827716422686422;0.01842179442537598
838.5;0.017439295057023192;0.014827716422686422;0.015743018124095107
840.0;0.017439295057023192;0.07026722982266101;0.015724726735506497
841.5;0.017439295057023192;0.07026722982266101;0.015724726735506497
843.0;0.017406182928430786;0.07026722982266101;0.015724726735506497
844.5;0.017406182928430786;0.07026722982266101;0.018289844042285466
846.0;0.017406182928430786;0.07026722982266101;0.018289844042285466
847.5;0.014838948629979861;0.07026722982266101;0.01741601350785099
849.0;0.014838948629979861;0.07026722982266101;0.08123561955924931
850.5;0.014838948629979861;0.07026722982266101;0.015687178238012765
852.0;0.018255575137882063;0.014827410635276744;0.015687178238012765
853.5;0.018255575137882063;0.01652929138178772;0.01739137492247878
855.0;0.018010291595197254;0.017384409349774463;0.016863406408094434
856.5;0.016863406408094434;0.017384409349774463;0.018010291595197254
858.0;0.01597712748065927;0.017384409349774463;0.01865038996269922
859.5;0.01842179442537598;0.01652913129870731;0.017623877982923447
861.0;0.03599221789883269;0.01652913129870731;0.017547197908565945
862.5;0.015280135823429542;0.01652913129870731;0.017547197908565945
864.0;0.015280135823429542;0.01652913129870731;0.017547197908565945
865.5;0.015095605501509561;0.015676706403008348;0.017547197908565945
867.0;0.014945495799148322;0.018242228386297764;0.01836806645203033
868.5;0.015769487034319674;0.018242228386297764;0.015743018124095107
870.0;0.017094017094017096;0.015731292517006803;0.017443347491498312
871.5;0.01865038996269922;0.016863406408094434;0.018289844042285466
873.0;0.01865038996269922;0.018010291595197254;0.016550266845809666
874.5;0.01865038996269922;0.018010291595197254;0.01654477169890474
876.0;0.015001087035292413;0.015731292517006803;0.01654477169890474
877.5;0.015001087035292413;0.01865038996269922;0.017397154861764727
879.0;0.07868285545991754;0.017094017094017096;0.017393838281482624
880.5;0.017094017094017096;0.017015706806282723;0.01653549687010534
882.0;0.01597712748065927;0.017934291168491913;0.01653549687010534
883.5;0.01597712748065927;0.014986153377295074;0.01653549687010534
885.0;0.016745540589734254;0.01840766984546031;0.015680987109796585
886.5;0.015731292517006803;0.018358765104113217;0.01567987457984609
888.0;0.017754480892796753;0.015738326756557706;0.016531678096401558
889.5;0.015871286409530037;0.015700806315142295;0.016531678096401558
891.0;0.015769487034319674;0.015694518402788214;0.016531678096401558
892.5;0.016745540589734254;0.015694518402788214;0.016531678096401558
894.0;0.017547197908565945;0.015689905121605452;0.05222437137330754
895.5;0.0161839863713799;0.017094017094017096;0.044811320754716985
897.0;0.0161839863713799;0.019345238095238096;0.017754480892796753
898.5;0.015001087035292413;0.019345238095238096;0.017754480892796753
900.0;0.015001087035292413;0.017623877982923447;0.017754480892796753
901.5;0.0189328743545611;0.01663225731761437;0.017623877982923447
903.0;0.01865038996269922;0.01663225731761437;0.016676298192025096
904.5;0.01865038996269922;0.014870091759449306;0.017465858520325457
906.0;0.014945495799148322;0.014870091759449306;0.018010291595197254
907.5;0.01488644788002137;0.014870091759449306;0.08302956662616444
909.0;0.016582472972657695;0.014870091759449306;0.01850632726208763
910.5;0.017427438387099873;0.014870091759449306;0.015809071886378992
912.0;0.017427438387099873;0.014870091759449306;0.0175513698630137
913.5;0.01741601350785099;0.014870091759449306;0.07905457014342697
915.0;0.01741601350785099;0.014870091759449306;0.01663225731761437
916.5;0.015695763321720377;0.014870091759449306;0.018332165356039182
918.0;0.014839767744728968;0.014870091759449306;0.01654091700522345
919.5;0.015687178238012765;0.07096861245658452;0.017934291168491913
921.0;0.015687178238012765;0.07096861245658452;0.06828301326719025
922.5;0.017393838281482624;0.07096861245658452;0.01840766984546031
924.0;0.014830971492820427;0.07096861245658452;0.01597712748065927
925.5;0.014830971492820427;0.07096861245658452;0.01842179442537598
927.0;0.014830971492820427;0.078274430155538;0.016638225255972697
928.5;0.014830971492820427;0.0182681206624895;0.016638225255972697
930.0;0.014830971492820427;0.01826142579350741;0.015871286409530037
931.5;0.014830971492820427;0.08005291535884662;0.01842179442537598
933.0;0.014829976303317897;0.015684481542853023;0.01672535211267606
934.5;0.014829976303317897;0.01653549687010534;0.01672535211267606
936.0;0.014829976303317897;0.018246600758721136;0.016863406408094434
937.5;0.014829976303317897;0.014829232922191612;0.016745540589734254
939.0;0.014829976303317897;0.014828677071017829;0.014945495799148322
940.5;0.014829976303317897;0.014828677071017829;0.01836806645203033
942.0;0.014829976303317897;0.014828677071017829;0.015711796950363736
943.5;0.014829976303317897;0.014828677071017829;0.01740771421307761
945.0;0.014829976303317897;0.014828261126484797;0.015687178238012765
946.5;0.014829976303317897;0.08196514239419299;0.015687178238012765
948.0;0.014829976303317897;0.08196514239419299;0.0161839863713799
949.5;0.014829976303317897;0.08196514239419299;0.0161839863713799
951.0;0.014829976303317897;0.0161839863713799;0.01865038996269922
952.5;0.017387150648592545;0.01597712748065927;0.03878406708595388
954.0;0.017387150648592545;0.017094017094017096;0.01882395123700251
955.5;0.017387150648592545;0.017094017094017096;0.016000445289352447
957.0;0.017387150648592545;0.016863406408094434;0.048173121227742824
958.5;0.017387150648592545;0.016863406408094434;0.018010291595197254
960.0;0.017387150648592545;0.016863406408094434;0.017623877982923447
961.5;0.017386386504641093;0.051640926640926635;0.016863406408094434
963.0;0.017386386504641093;0.046489563567362426;0.018010291595197254
964.5;0.0175513698630137;0.046489563567362426;0.06973170529113713
966.0;0.016863406408094434;0.017754480892796753;0.01597712748065927
967.5;0.016863406408094434;0.017754480892796753;0.01597712748065927
969.0;0.016863406408094434;0.01836806645203033;0.01865038996269922
970.5;0.016863406408094434;0.01836806645203033;0.017094017094017096
972.0;0.016863406408094434;0.01836806645203033;0.016863406408094434
973.5;0.016863406408094434;0.01836806645203033;0.01842179442537598
975.0;0.016863406408094434;0.015743018124095107;0.017094017094017096
976.5;0.016863406408094434;0.016582472972657695;0.01865038996269922
978.0;0.016863406408094434;0.016582472972657695;0.015769487034319674
979.5;0.0720250521920668;0.049329501915708805;0.017754480892796753
981.0;0.0720250521920668;0.049329501915708805;0.0175513698630137
982.5;0.0720250521920668;0.049329501915708805;0.017754480892796753
984.0;0.0720250521920668;0.049329501915708805;0.01597712748065927
985.5;0.0720250521920668;0.015095605501509561;0.017547197908565945
987.0;0.0720250521920668;0.015095605501509561;0.016582472972657695
988.5;0.0720250521920668;0.016745540589734254;0.01741601350785099
990.0;0.0720250521920668;0.07868285545991754;0.016638225255972697
991.5;0.0720250521920668;0.07868285545991754;0.016638225255972697
993.0;0.0720250521920668;0.07868285545991754;0.0175513698630137
994.5;0.0720250521920668;0.0161839863713799;0.0425033467202142
996.0;0.07639217169329678;0.0161839863713799;0.018010291595197254
997.5;0.07639217169329678;0.015095605501509561;0.018010291595197254
999.0;0.07639217169329678;0.015095605501509561;0.0175513698630137
1000.5;0.014910112661872163;0.015871286409530037;0.015280135823429542
1002.0;0.014910112661872163;0.015871286409530037;0.01865038996269922
1003.5;0.014910112661872163;0.015871286409530037;0.016676298192025096
1005.0;0.014910112661872163;0.0189328743545611;0.015769487034319674
1006.5;0.014910112661872163;0.0189328743545611;0.015769487034319674
1008.0;0.014910112661872163;0.017699115044247787;0.07053123107281715
1009.5;0.01830736743700201;0.017754480892796753;0.017443347491498312
1011.0;0.01830736743700201;0.015001087035292413;0.014850222990092551
1012.5;0.01830736743700201;0.015001087035292413;0.06646605361479795
1014.0;0.01830736743700201;0.015001087035292413;0.06646605361479795
1015.5;0.01830736743700201;0.016676298192025096;0.06646605361479795
1017.0;0.017427438387099873;0.01660281557997176;0.015690820879123473
1018.5;0.017427438387099873;0.01660281557997176;0.04990403071017274
1020.0;0.017427438387099873;0.01660281557997176;0.04425612052730697
1021.5;0.014850222990092551;0.01660281557997176;0.01597712748065927
1023.0;0.014850222990092551;0.015724726735506497;0.015001087035292413
1024.5;0.014850222990092551;0.01570251018973342;0.015001087035292413
1026.0;0.016550266845809666;0.01654477169890474;0.014945495799148322
1027.5;0.016550266845809666;0.08113807633810924;0.014945495799148322
1029.0;0.017401635028469288;0.018683274021352312;0.017498443680569787
1030.5;0.017401635028469288;0.01865038996269922;0.04425612052730697
1032.0;0.017401635028469288;0.01865038996269922;0.04425612052730697
1033.5;0.017401635028469288;0.016676298192025096;0.04425612052730697
1035.0;0.017401635028469288;0.03879026955950033;0.04425612052730697
1036.5;0.017401635028469288;0.0189328743545611;0.04425612052730697
1038.0;0.017401635028469288;0.015095605501509561;0.016863406408094434
1039.5;0.017401635028469288;0.07868285545991754;0.016745540589734254
1041.0;0.017401635028469288;0.014910112661872163;0.016745540589734254
1042.5;0.017401635028469288;0.014870091759449306;0.016745540589734254
1044.0;0.017401635028469288;0.014870091759449306;0.016745540589734254
1045.5;0.017401635028469288;0.0161839863713799;0.01842179442537598
1047.0;0.017401635028469288;0.016293098349991132;0.07434304424481572
1048.5;0.017401635028469288;0.017814806907942786;0.015743018124095107
1050.0;0.017401635028469288;0.018010291595197254;0.05222437137330754
1051.5;0.06942408900983806;0.018470790378006873;0.016863406408094434
1053.0;0.06942408900983806;0.01865038996269922;0.01663225731761437
1054.5;0.06942408900983806;0.017754480892796753;0.015743018124095107
1056.0;0.06942408900983806;0.014945495799148322;0.0175513698630137
1057.5;0.06942408900983806;0.017498443680569787;0.019345238095238096
1059.0;0.06942408900983806;0.015095605501509561;0.017754480892796753
1060.5;0.0746273521754212;0.016676298192025096;0.015731292517006803
1062.0;0.0746273521754212;0.017465858520325457;0.016863406408094434
1063.5;0.0746273521754212;0.017465858520325457;0.018026004728132386
1065.0;0.0746273521754212;0.019139945314441957;0.0189328743545611
1066.5;0.0746273521754212;0.016025963289428118;0.0189328743545611
1068.0;0.0746273521754212;0.015898024165091146;0.01942319011183049
1069.5;0.0746273521754212;0.015780090522922573;0.016830578931359627
1071.0;0.0746273521754212;0.018470790378006873;0.014936197678611653
1072.5;0.0746273521754212;0.018470790378006873;0.0165975978705743
1074.0;0.0746273521754212;0.01597712748065927;0.0165975978705743
1075.5;0.0746273521754212;0.01597712748065927;0.01830290365337456
1077.0;0.0746273521754212;0.017094017094017096;0.01834862385321101
1078.5;0.0746273521754212;0.017094017094017096;0.015154962909024714
1080.0;0.0746273521754212;0.01597712748065927;0.015154962909024714
1081.5;0.0746273521754212;0.015001087035292413;0.015095605501509561
1083.0;0.01825012709422827;0.015001087035292413;0.01865038996269922
1084.5;0.01825012709422827;0.015001087035292413;0.01842179442537598
1086.0;0.01825012709422827;0.04536862003780718;0.01842179442537598
1087.5;0.018248107350266503;0.04536862003780718;0.01660281557997176
1089.0;0.018248107350266503;0.01597712748065927;0.017094017094017096
1090.5;0.016531678096401558;0.01597712748065927;0.015095605501509561
1092.0;0.015095605501509561;0.01597712748065927;0.017094017094017096
1093.5;0.016676298192025096;0.01597712748065927;0.016863406408094434
1095.0;0.016676298192025096;0.01597712748065927;0.015871286409530037
1096.5;0.015095605501509561;0.01597712748065927;0.014910112661872163
1098.0;0.016676298192025096;0.01597712748065927;0.04205607476635514
1099.5;0.01663225731761437;0.01597712748065927;0.01865038996269922
1101.0;0.017824497257769654;0.015001087035292413;0.01865038996269922
1102.5;0.017825311942959002;0.069651277654558;0.016745540589734254
1104.0;0.01713180436584692;0.069651277654558;0.016745540589734254
1105.5;0.0170487948265726;0.069651277654558;0.01836806645203033
1107.0;0.01865038996269922;0.069651277654558;0.018332165356039182
1108.5;0.01597712748065927;0.069651277654558;0.016638225255972697
1110.0;0.0175513698630137;0.01836806645203033;0.016863406408094434
1111.5;0.017754480892796753;0.01836806645203033;0.01663225731761437
1113.0;0.016676298192025096;0.01836806645203033;0.016568094782873223
1114.5;0.01660281557997176;0.01836806645203033;0.0175513698630137
1116.0;0.015724726735506497;0.015743018124095107;0.0175513698630137
1117.5;0.017427438387099873;0.04875717017208413;0.07964135021097048
1119.0;0.01570251018973342;0.04875717017208413;0.01865038996269922
1120.5;0.01570251018973342;0.04875717017208413;0.0161839863713799
1122.0;0.0182681206624895;0.04875717017208413;0.01865038996269922
1123.5;0.0182681206624895;0.08691206543967281;0.01865038996269922
1125.0;0.017401635028469288;0.08691206543967281;0.016745540589734254
1126.5;0.018256492034823147;0.08691206543967281;0.017498443680569787
1128.0;0.018256492034823147;0.08691206543967281;0.016582472972657695
1129.5;0.018256492034823147;0.06973170529113713;0.08530042918454936
1131.0;0.018256492034823147;0.06973170529113713;0.01865038996269922
1132.5;0.018256492034823147;0.01836806645203033;0.017623877982923447
1134.0;0.018256492034823147;0.01836806645203033;0.016863406408094434
1135.5;0.018256492034823147;0.01836806645203033;0.015871286409530037
1137.0;0.018256492034823147;0.01836806645203033;0.015871286409530037
1138.5;0.01825283975007182;0.01660281557997176;0.01663225731761437
1140.0;0.0788529140887569;0.01660281557997176;0.01663225731761437
1141.5;0.0788529140887569;0.01660281557997176;0.015743018124095107
1143.0;0.015095605501509561;0.01660281557997176;0.018470790378006873
1144.5;0.015095605501509561;0.01660281557997176;0.017373380447585393
1146.0;0.015095605501509561;0.01660281557997176;0.017623877982923447
1147.5;0.015095605501509561;0.01660281557997176;0.017547197908565945
1149.0;0.015095605501509561;0.01660281557997176;0.07996748642690851
1150.5;0.015095605501509561;0.01660281557997176;0.015724726735506497
1152.0;0.015095605501509561;0.017443347491498312;0.07524981746976427
1153.5;0.015095605501509561;0.017443347491498312;0.015695763321720377
1155.0;0.015095605501509561;0.017443347491498312;0.014839767744728968
1156.5;0.015095605501509561;0.016568094782873223;0.014834097312229661
1158.0;0.015095605501509561;0.016568094782873223;0.01825012709422827
1159.5;0.015095605501509561;0.01570251018973342;0.045928030303030304
1161.0;0.0720250521920668;0.09245439469320064;0.01597712748065927
1162.5;0.0720250521920668;0.09245439469320064;0.01597712748065927
1164.0;0.0720250521920668;0.09245439469320064;0.01597712748065927
1165.5;0.0720250521920668;0.09245439469320064;0.015001087035292413
1167.0;0.0720250521920668;0.09245439469320064;0.017498443680569787
1168.5;0.0720250521920668;0.09245439469320064;0.01850632726208763
1170.0;0.0720250521920668;0.0189328743545611;0.014910112661872163
1171.5;0.0720250521920668;0.016863406408094434;0.01865038996269922
1173.0;0.0720250521920668;0.016863406408094434;0.01865038996269922
1174.5;0.0720250521920668;0.017623877982923447;0.01865038996269922
1176.0;0.0720250521920668;0.017623877982923447;0.01850632726208763
1177.5;0.0720250521920668;0.017623877982923447;0.016863406408094434
1179.0;0.0720250521920668;0.017623877982923447;0.01756386861313869
1180.5;0.0720250521920668;0.017547197908565945;0.01756386861313869
1182.0;0.0720250521920668;0.017498443680569787;0.018197573656845753
1183.5;0.0720250521920668;0.017465858520325457;0.018197573656845753
1185.0;0.0720250521920668;0.017465858520325457;0.019345238095238096
1186.5;0.017547197908565945;0.015724726735506497;0.09799554565701558
1188.0;0.017547197908565945;0.015724726735506497;0.015095605501509561
1189.5;0.015769487034319674;0.015724726735506497;0.045928030303030304
1191.0;0.015769487034319674;0.017427438387099873;0.016745540589734254
1192.5;0.0770733678473717;0.014850222990092551;0.08431531897602601
1194.0;0.015711796950363736;0.014850222990092551;0.0161839863713799
1195.5;0.01570251018973342;0.0182681206624895;0.08954302181967888
1197.0;0.06689088191330343;0.0182681206624895;0.016745540589734254
1198.5;0.05681028492008339;0.0182681206624895;0.01836806645203033
1200.0;0.0843149411035338;0.0182681206624895;0.017754480892796753
1201.5;0.0843149411035338;0.0182681206624895;0.07753473472714523
1203.0;0.0843149411035338;0.06637751465633172;0.07753473472714523
1204.5;0.016830578931359627;0.016537723722061845;0.0175513698630137
1206.0;0.018010291595197254;0.014832305600435561;0.01865038996269922
1207.5;0.016863406408094434;0.014832305600435561;0.038385826771653545
1209.0;0.07434304424481572;0.014830971492820427;0.01597712748065927
1210.5;0.0798365745414373;0.014830971492820427;0.01850632726208763
1212.0;0.0798365745414373;0.014830971492820427;0.01850632726208763
1213.5;0.0798365745414373;0.06824441701438821;0.01488644788002137
1215.0;0.0798365745414373;0.06824441701438821;0.017443347491498312
1216.5;0.0798365745414373;0.06824441701438821;0.01741601350785099
1218.0;0.0798365745414373;0.0755639182347079;0.016863406408094434
1219.5;0.016638225255972697;0.08198737294354015;0.015095605501509561
1221.0;0.016638225255972697;0.08198737294354015;0.017094017094017096
1222.5;0.016638225255972697;0.08198737294354015;0.0161839863713799
1224.0;0.016638225255972697;0.08198737294354015;0.0161839863713799
1225.5;0.016638225255972697;0.08198737294354015;0.018470790378006873
1227.0;0.016638225255972697;0.06511741962844764;0.016676298192025096
1228.5;0.016638225255972697;0.06511741962844764;0.017465858520325457
1230.0;0.017623877982923447;0.06819658699689947;0.015711796950363736
1231.5;0.017623877982923447;0.06922816805006705;0.0161839863713799
1233.0;0.017623877982923447;0.0702642879876247;0.017547197908565945
1234.5;0.016863406408094434;0.0702642879876247;0.01597712748065927
1236.0;0.016863406408094434;0.0702642879876247;0.01836806645203033
1237.5;0.01850632726208763;0.0702642879876247;0.017302798982188294
1239.0;0.017547197908565945;0.015676896668012225;0.015835579225178063
1240.5;0.017547197908565945;0.015676896668012225;0.018318315411072348
1242.0;0.015769487034319674;0.07170099160945842;0.014846883884208415
1243.5;0.015769487034319674;0.015280135823429542;0.016863406408094434
1245.0;0.0161839863713799;0.01597712748065927;0.038385826771653545
1246.5;0.01597712748065927;0.01865038996269922;0.019408502772643253
1248.0;0.08024848949025615;0.048187022900763356;0.015414729630535846
1249.5;0.014910112661872163;0.018683274021352312;0.015414729630535846
1251.0;0.016582472972657695;0.017754480892796753;0.016263612953345514
1252.5;0.018289844042285466;0.017754480892796753;0.015280135823429542
1254.0;0.018289844042285466;0.017754480892796753;0.018683274021352312
1255.5;0.018277260861902424;0.017754480892796753;0.018010291595197254
1257.0;0.018277260861902424;0.015001087035292413;0.015095605501509561
1258.5;0.014844188506303903;0.0175513698630137;0.017094017094017096
1260.0;0.01654477169890474;0.018470790378006873;0.017094017094017096
1261.5;0.01654477169890474;0.018470790378006873;0.01850632726208763
1263.0;0.01654477169890474;0.015001087035292413;0.015809071886378992
1264.5;0.01654477169890474;0.016676298192025096;0.017498443680569787
1266.0;0.014834097312229661;0.01663225731761437;0.017215791035915702
1267.5;0.017389540773412943;0.01597712748065927;0.01608187134502924
1269.0;0.017389540773412943;0.01597712748065927;0.015095605501509561
1270.5;0.017389540773412943;0.015809071886378992;0.017094017094017096
1272.0;0.017389540773412943;0.015001087035292413;0.015809071886378992
1273.5;0.017389540773412943;0.01865038996269922;0.044811320754716985
1275.0;0.017389540773412943;0.014945495799148322;0.0189328743545611
1276.5;0.017389540773412943;0.014945495799148322;0.016745540589734254
1278.0;0.017389540773412943;0.018026004728132386;0.016676298192025096
1279.5;0.017389540773412943;0.017015706806282723;0.016676298192025096
1281.0;0.017389540773412943;0.016979552792060267;0.016676298192025096
1282.5;0.015679043553987165;0.016807551075732556;0.018470790378006873
1284.0;0.015679043553987165;0.016713577195494413;0.016745540589734254
1285.5;0.018244004306380245;0.016593743481628447;0.01842179442537598
1287.0;0.0175513698630137;0.01656353036834563;0.01842179442537598
1288.5;0.0175513698630137;0.014847562847640206;0.01842179442537598
1290.0;0.017754480892796753;0.01654299244034296;0.01842179442537598
1291.5;0.017754480892796753;0.01654299244034296;0.017623877982923447
1293.0;0.017754480892796753;0.01654299244034296;0.016863406408094434
1294.5;0.017754480892796753;0.01654299244034296;0.017754480892796753
1296.0;0.01836806645203033;0.01654299244034296;0.0161839863713799
1297.5;0.01836806645203033;0.06732394951684824;0.0161839863713799
1299.0;0.06732177216716176;0.014831720913400797;0.015095605501509561
1300.5;0.06732177216716176;0.014831720913400797;0.01850632726208763
1302.0;0.01485852872552252;0.01653329697746444;0.01850632726208763
1303.5;0.01485852872552252;0.018246107933445454;0.01850632726208763
1305.0;0.014850222990092551;0.018246107933445454;0.04990403071017274
1306.5;0.014850222990092551;0.018246107933445454;0.04990403071017274
1308.0;0.014850222990092551;0.018246107933445454;0.015095605501509561
1309.5;0.08027698626698054;0.018246107933445454;0.016676298192025096
1311.0;0.08027698626698054;0.01567877150043284;0.015769487034319674
1312.5;0.01826142579350741;0.01567877150043284;0.015769487034319674
1314.0;0.01826142579350741;0.01567877150043284;0.016863406408094434
1315.5;0.016540721828503288;0.01567877150043284;0.016863406408094434
1317.0;0.017393838281482624;0.01567877150043284;0.018010291595197254
1318.5;0.017393838281482624;0.01567877150043284;0.018010291595197254
1320.0;0.014832305600435561;0.01567877150043284;0.016863406408094434
1321.5;0.017389540773412943;0.01567877150043284;0.016863406408094434
1323.0;0.017389540773412943;0.01567877150043284;0.016863406408094434
1324.5;0.018010291595197254;0.06924895486136598;0.0161839863713799
1326.0;0.016745540589734254;0.06924895486136598;0.0161839863713799
1327.5;0.016745540589734254;0.06924895486136598;0.08302956662616444
1329.0;0.015769487034319674;0.06924895486136598;0.01850632726208763
1330.5;0.015769487034319674;0.06924895486136598;0.014945495799148322
1332.0;0.018332165356039182;0.06924895486136598;0.014945495799148322
1333.5;0.014870091759449306;0.06924895486136598;0.018470790378006873
1335.0;0.018289844042285466;0.06924895486136598;0.08431531897602601
1336.5;0.016557768507871926;0.06924895486136598;0.08431531897602601
1338.0;0.016557768507871926;0.06924895486136598;0.08431531897602601
1339.5;0.016557768507871926;0.06924895486136598;0.08431531897602601
1341.0;0.07275493910551474;0.06924895486136598;0.08431531897602601
1342.5;0.07275493910551474;0.01482812482050989;0.07868285545991754
1344.0;0.07275493910551474;0.014827847608417207;0.01663225731761437
1345.5;0.07275493910551474;0.015677262769274544;0.015743018124095107
1347.0;0.07275493910551474;0.01738474681908222;0.07993273782747468
1348.5;0.07275493910551474;0.048187022900763356;0.07741609250709174
1350.0;0.01826142579350741;0.01597712748065927;0.07741609250709174
1351.5;0.01826142579350741;0.016745540589734254;0.01570251018973342
1353.0;0.01826142579350741;0.016676298192025096;0.01570251018973342
1354.5;0.01826142579350741;0.016676298192025096;0.01654477169890474
1356.0;0.016540721828503288;0.08110292001505391;0.01654477169890474
1357.5;0.016540721828503288;0.1038961038961039;0.01654477169890474
1359.0;0.016540721828503288;0.07672379434037466;0.01654477169890474
1360.5;0.016540721828503288;0.017547197908565945;0.01654477169890474
1362.0;0.016537723722061845;0.017498443680569787;0.06734575607759853
1363.5;0.01739137492247878;0.017465858520325457;0.016537723722061845
1365.0;0.01739137492247878;0.017443347491498312;0.015682478532320222
1366.5;0.01739137492247878;0.07964135021097048;0.015682478532320222
1368.0;0.01739137492247878;0.015871286409530037;0.016533838797490336
1369.5;0.01739137492247878;0.017547197908565945;0.016533838797490336
1371.0;0.014830971492820427;0.01836806645203033;0.016533838797490336
1372.5;0.01672535211267606;0.018332165356039182;0.016533838797490336
1374.0;0.015280135823429542;0.016582472972657695;0.017388172610590263
1375.5;0.015280135823429542;0.016582472972657695;0.017388172610590263
1377.0;0.015280135823429542;0.016582472972657695;0.017388172610590263
1378.5;0.016863406408094434;0.014850222990092551;0.017388172610590263
1380.0;0.016863406408094434;0.014850222990092551;0.014829232922191612
1381.5;0.015871286409530037;0.0791899259728955;0.014829232922191612
1383.0;0.015871286409530037;0.07362765206104825;0.015731292517006803
1384.5;0.015871286409530037;0.0161839863713799;0.016863406408094434
1386.0;0.015871286409530037;0.0161839863713799;0.01842179442537598
1387.5;0.014945495799148322;0.0161839863713799;0.01842179442537598
1389.0;0.015769487034319674;0.0161839863713799;0.01842179442537598
1390.5;0.015769487034319674;0.016863406408094434;0.017754480892796753
1392.0;0.015769487034319674;0.016863406408094434;0.017754480892796753
1393.5;0.015769487034319674;0.08265594250021391;0.01850632726208763
1395.0;0.015769487034319674;0.08265594250021391;0.04260299625468165
1396.5;0.015769487034319674;0.08265594250021391;0.08175211949939443
1398.0;0.015769487034319674;0.014910112661872163;0.08175211949939443
1399.5;0.015769487034319674;0.017465858520325457;0.08386958386958387
1401.0;0.01488644788002137;0.017465858520325457;0.08386958386958387
1402.5;0.01485852872552252;0.017094017094017096;0.01842179442537598
1404.0;0.01485852872552252;0.08954302181967888;0.01836806645203033
1405.5;0.01485852872552252;0.08954302181967888;0.01836806645203033
1407.0;0.015695763321720377;0.016676298192025096;0.01488644788002137
1408.5;0.015597920277296359;0.016676298192025096;0.014870091759449306
1410.0;0.015597920277296359;0.07326130256843867;0.01485852872552252
1411.5;0.017603269400950756;0.07326130256843867;0.01485852872552252
1413.0;0.017603269400950756;0.07326130256843867;0.01485852872552252
1414.5;0.015798668573620674;0.07326130256843867;0.01485852872552252
1416.0;0.017094017094017096;0.01660281557997176;0.01485852872552252
1417.5;0.017094017094017096;0.06379056047197638;0.01485852872552252
1419.0;0.017754480892796753;0.0189328743545611;0.016557768507871926
1420.5;0.017699115044247787;0.01597712748065927;0.0182681206624895
1422.0;0.017094017094017096;0.01597712748065927;0.0182681206624895
1423.5;0.017094017094017096;0.01597712748065927;0.014839767744728968
1425.0;0.017094017094017096;0.07551140668406431;0.014839767744728968
1426.5;0.017094017094017096;0.01663225731761437;0.017373380447585393
1428.0;0.016745540589734254;0.017465858520325457;0.01865038996269922
1429.5;0.016745540589734254;0.017465858520325457;0.015809071886378992
1431.0;0.014945495799148322;0.017465858520325457;0.015809071886378992
1432.5;0.017498443680569787;0.017465858520325457;0.015809071886378992
1434.0;0.017498443680569787;0.051059730250481696;0.014910112661872163
1435.5;0.017498443680569787;0.051059730250481696;0.017015706806282723
1437.0;0.017498443680569787;0.016863406408094434;0.016897746967071057
1438.5;0.017498443680569787;0.016676298192025096;0.0161839863713799
1440.0;0.017498443680569787;0.015769487034319674;0.0175513698630137
1441.5;0.017498443680569787;0.015769487034319674;0.016638225255972697
1443.0;0.017498443680569787;0.018332165356039182;0.0161839863713799
1444.5;0.017498443680569787;0.018332165356039182;0.018010291595197254
1446.0;0.017498443680569787;0.017443347491498312;0.018470790378006873
1447.5;0.017498443680569787;0.017443347491498312;0.018470790378006873
1449.0;0.017498443680569787;0.018010291595197254;0.01597712748065927
1450.5;0.017498443680569787;0.018010291595197254;0.06973170529113713
1452.0;0.017498443680569787;0.01850632726208763;0.016638225255972697
1453.5;0.016638225255972697;0.01850632726208763;0.0189328743545611
1455.0;0.016638225255972697;0.01660281557997176;0.018354055654233276
1456.5;0.016863406408094434;0.017427438387099873;0.015095605501509561
1458.0;0.017623877982923447;0.08175211949939443;0.016745540589734254
1459.5;0.017623877982923447;0.08099593301892197;0.018197573656845753
1461.0;0.017623877982923447;0.017094017094017096;0.018197573656845753
1462.5;0.015809071886378992;0.08954302181967888;0.015154962909024714
1464.0;0.015809071886378992;0.017623877982923447;0.01845157937014199
1465.5;0.015809071886378992;0.01850632726208763;0.0170487948265726
1467.0;0.07326130256843867;0.0161839863713799;0.016897746967071057
1468.5;0.07597140829130454;0.0161839863713799;0.01694768198513463
1470.0;0.07597140829130454;0.015001087035292413;0.018455454986527415
1471.5;0.07230513049762272;0.015001087035292413;0.0175513698630137
1473.0;0.07230513049762272;0.06854651270894926;0.016638225255972697
1474.5;0.07230513049762272;0.015743018124095107;0.01865038996269922
1476.0;0.07230513049762272;0.015743018124095107;0.014945495799148322
1477.5;0.07230513049762272;0.015743018124095107;0.0161839863713799
1479.0;0.07230513049762272;0.018010291595197254;0.01597712748065927
1480.5;0.07230513049762272;0.018010291595197254;0.018354055654233276
1482.0;0.07230513049762272;0.015001087035292413;0.03674948240165632
1483.5;0.07230513049762272;0.016676298192025096;0.016217853406024562
1485.0;0.07230513049762272;0.016676298192025096;0.017094017094017096
1486.5;0.07230513049762272;0.016676298192025096;0.01733025239957341
1488.0;0.07230513049762272;0.01663225731761437;0.015992751525289242
1489.5;0.07230513049762272;0.017465858520325457;0.0161839863713799
1491.0;0.07230513049762272;0.017465858520325457;0.017754480892796753
1492.5;0.07230513049762272;0.017465858520325457;0.015731292517006803
1494.0;0.07230513049762272;0.01570251018973342;0.016863406408094434
1495.5;0.07230513049762272;0.01570251018973342;0.014910112661872163
1497.0;0.07230513049762272;0.01570251018973342;0.04990403071017274
1498.5;0.07230513049762272;0.01570251018973342;0.04990403071017274
1500.0;0.07230513049762272;0.01570251018973342;0.016638225255972697
1501.5;0.07230513049762272;0.01570251018973342;0.018010291595197254
1503.0;0.07230513049762272;0.01570251018973342;0.015871286409530037
1504.5;0.07230513049762272;0.01570251018973342;0.015809071886378992
1506.0;0.07230513049762272;0.01570251018973342;0.01663225731761437
1507.5;0.07230513049762272;0.016550266845809666;0.018332165356039182
1509.0;0.07230513049762272;0.01826142579350741;0.018332165356039182
1510.5;0.017427438387099873;0.017397154861764727;0.01830736743700201
1512.0;0.018277260861902424;0.04425612052730697;0.01830736743700201
1513.5;0.018277260861902424;0.04425612052730697;0.014850222990092551
1515.0;0.0175513698630137;0.04425612052730697;0.01740771421307761
1516.5;0.015871286409530037;0.04425612052730697;0.01740771421307761
1518.0;0.017547197908565945;0.04425612052730697;0.01740771421307761
1519.5;0.01836806645203033;0.04425612052730697;0.01740771421307761
1521.0;0.01836806645203033;0.07434304424481572;0.01740771421307761
1522.5;0.018332165356039182;0.07434304424481572;0.01740771421307761
1524.0;0.018332165356039182;0.01836806645203033;0.018256492034823147
1525.5;0.018332165356039182;0.01836806645203033;0.014834097312229661
1527.0;0.017443347491498312;0.06804328160965284;0.014832305600435561
1528.5;0.017443347491498312;0.016550266845809666;0.016638225255972697
1530.0;0.017443347491498312;0.018876611418047883;0.04260299625468165
1531.5;0.017443347491498312;0.018876611418047883;0.016863406408094434
1533.0;0.017443347491498312;0.017825311942959002;0.015809071886378992
1534.5;0.017443347491498312;0.016217853406024562;0.10460069444444443
1536.0;0.017443347491498312;0.01688081285952368;0.015280135823429542
1537.5;0.017443347491498312;0.01688081285952368;0.015095605501509561
1539.0;0.017443347491498312;0.01688081285952368;0.01850632726208763
1540.5;0.017443347491498312;0.0185181325793626;0.01850632726208763
1542.0;0.017443347491498312;0.0185181325793626;0.017094017094017096
1543.5;0.017443347491498312;0.0185181325793626;0.017094017094017096
1545.0;0.017443347491498312;0.0185181325793626;0.01597712748065927
1546.5;0.017443347491498312;0.014950266845029822;0.01597712748065927
1548.0;0.017443347491498312;0.014950266845029822;0.01597712748065927
1549.5;0.017443347491498312;0.014950266845029822;0.01850632726208763
1551.0;0.017443347491498312;0.014950266845029822;0.01850632726208763
1552.5;0.017443347491498312;0.018372803169037805;0.017547197908565945
1554.0;0.017443347491498312;0.015745394605027857;0.0363872644574399
1555.5;0.017443347491498312;0.015745394605027857;0.0363872644574399
1557.0;0.017443347491498312;0.017445393036008935;0.015280135823429542
1558.5;0.017443347491498312;0.017445393036008935;0.07796881247500999
1560.0;0.017443347491498312;0.016569412513733565;0.017623877982923447
1561.5;0.017443347491498312;0.017373380447585393;0.016676298192025096
1563.0;0.017443347491498312;0.0161839863713799;0.016676298192025096
1564.5;0.017443347491498312;0.01865038996269922;0.048187022900763356
1566.0;0.017443347491498312;0.01865038996269922;0.07796881247500999
1567.5;0.017443347491498312;0.015001087035292413;0.07796881247500999
1569.0;0.07524981746976427;0.015001087035292413;0.016745540589734254
1570.5;0.07524981746976427;0.01842179442537598;0.06780848193311179
1572.0;0.07524981746976427;0.01830736743700201;0.039603960396039604
1573.5;0.07524981746976427;0.018470790378006873;0.039603960396039604
1575.0;0.07524981746976427;0.018470790378006873;0.016863406408094434
1576.5;0.07524981746976427;0.015001087035292413;0.016863406408094434
1578.0;0.018277260861902424;0.01663225731761437;0.018470790378006873
1579.5;0.016550266845809666;0.0161839863713799;0.05882658359293873
1581.0;0.016550266845809666;0.017623877982923447;0.09207814182433471
1582.5;0.016550266845809666;0.017498443680569787;0.08088885928245096
1584.0;0.07159376911110235;0.017498443680569787;0.016863406408094434
1585.5;0.07159376911110235;0.015724726735506497;0.015809071886378992
1587.0;0.017397154861764727;0.017094017094017096;0.018332165356039182
1588.5;0.015684481542853023;0.015280135823429542;0.048187022900763356
1590.0;0.01739137492247878;0.016676298192025096;0.0175513698630137
1591.5;0.01739137492247878;0.015743018124095107;0.01865038996269922
1593.0;0.016533838797490336;0.015743018124095107;0.01865038996269922
1594.5;0.016533838797490336;0.015743018124095107;0.017498443680569787
1596.0;0.014829976303317897;0.015743018124095107;0.017094017094017096
1597.5;0.016531678096401558;0.015743018124095107;0.06973170529113713
1599.0;0.016531678096401558;0.016582472972657695;0.07548669050456894
1600.5;0.018244633954786142;0.016582472972657695;0.016863406408094434
1602.0;0.018244004306380245;0.018277260861902424;0.016863406408094434
1603.5;0.01567760904807164;0.0189328743545611;0.018470790378006873
1605.0;0.01567760904807164;0.0189328743545611;0.03798297314996725
1606.5;0.01567760904807164;0.0189328743545611;0.016638225255972697
1608.0;0.018242915171642324;0.01597712748065927;0.01865038996269922
1609.5;0.017384645537373677;0.01597712748065927;0.01865038996269922
1611.0;0.017384645537373677;0.01850632726208763;0.015731292517006803
1612.5;0.015676896668012225;0.01850632726208763;0.08265594250021391
1614.0;0.015676896668012225;0.014945495799148322;0.01836806645203033
1615.5;0.015676896668012225;0.018010291595197254;0.015743018124095107
1617.0;0.017384409349774463;0.018010291595197254;0.016638225255972697
1618.5;0.017384409349774463;0.018010291595197254;0.0470532319391635
1620.0;0.01652913129870731;0.018010291595197254;0.018010291595197254
1621.5;0.016529079863994253;0.018010291595197254;0.040013227513227514
1623.0;0.016529079863994253;0.018010291595197254;0.01749271137026239
1624.5;0.07763592490170651;0.018010291595197254;0.07558102716737383
1626.0;0.07763592490170651;0.018010291595197254;0.018351935602610465
1627.5;0.07763592490170651;0.018010291595197254;0.0689916384252277
1629.0;0.07763592490170651;0.015095605501509561;0.08116577875274208
1630.5;0.07129919960212203;0.015095605501509561;0.016937514305333027
1632.0;0.07129919960212203;0.015095605501509561;0.01850632726208763
1633.5;0.07129919960212203;0.07318094281168887;0.016676298192025096
1635.0;0.017384159934034568;0.016676298192025096;0.018332165356039182
1636.5;0.014827047568619004;0.016676298192025096;0.07446218085988703
1638.0;0.014827047568619004;0.016676298192025096;0.08024848949025615
1639.5;0.014827047568619004;0.07659179563235237;0.015769487034319674
1641.0;0.01482704020656128;0.07659179563235237;0.015769487034319674
1642.5;0.016528941057615917;0.07659179563235237;0.017015706806282723
1644.0;0.016528941057615917;0.07659179563235237;0.015069294547215105
1645.5;0.018242136822507252;0.07659179563235237;0.018010291595197254
1647.0;0.017384115565706695;0.07659179563235237;0.018010291595197254
1648.5;0.01738411316431663;0.07659179563235237;0.07318094281168887
1650.0;0.01482702205233721;0.07659179563235237;0.07318094281168887
1651.5;0.01482702205233721;0.07659179563235237;0.06945691490726251
1653.0;0.01482702205233721;0.07659179563235237;0.015095605501509561
1654.5;0.01482702205233721;0.07659179563235237;0.01597712748065927
1656.0;0.01482702205233721;0.07659179563235237;0.017094017094017096
1657.5;0.014827021069723884;0.07659179563235237;0.017094017094017096
1659.0;0.014827021069723884;0.07659179563235237;0.017754480892796753
1660.5;0.014827021069723884;0.07659179563235237;0.08755082619603771
1662.0;0.014827021069723884;0.07659179563235237;0.015809071886378992
1663.5;0.014827021069723884;0.01660281557997176;0.016638225255972697
1665.0;0.014827021069723884;0.015724726735506497;0.016638225255972697
1666.5;0.014827021069723884;0.015724726735506497;0.0350922131147541
1668.0;0.014827021069723884;0.015724726735506497;0.03443877551020408
1669.5;0.014827021069723884;0.015724726735506497;0.016937514305333027
1671.0;0.014827021069723884;0.015711796950363736;0.07425742574257424
1672.5;0.08193675280513098;0.016557768507871926;0.07425742574257424
1674.0;0.08193675280513098;0.01740771421307761;0.015809071886378992
1675.5;0.08193675280513098;0.01740771421307761;0.017498443680569787
1677.0;0.08193675280513098;0.017401635028469288;0.016638225255972697
1678.5;0.018242124602191732;0.015687178238012765;0.018470790378006873
1680.0;0.018242124602191732;0.015684481542853023;0.017623877982923447
1681.5;0.017384107242418335;0.015684481542853023;0.015809071886378992
1683.0;0.017384107242418335;0.015682478532320222;0.015769487034319674
1684.5;0.017384107242418335;0.018470790378006873;0.01488644788002137
1686.0;0.017384107242418335;0.015871286409530037;0.017443347491498312
1687.5;0.017384107242418335;0.015871286409530037;0.0882232252769799
1689.0;0.017384107242418335;0.015871286409530037;0.016863406408094434
1690.5;0.017384106921879448;0.015871286409530037;0.017623877982923447
1692.0;0.017384106921879448;0.015809071886378992;0.017623877982923447
1693.5;0.017384106921879448;0.015809071886378992;0.017094017094017096
1695.0;0.017384106921879448;0.016863406408094434;0.016863406408094434
1696.5;0.017384106921879448;0.016863406408094434;0.016863406408094434
1698.0;0.017384106921879448;0.016863406408094434;0.016863406408094434
1699.5;0.017384106921879448;0.016863406408094434;0.016863406408094434
1701.0;0.017384106921879448;0.016863406408094434;0.01850632726208763
1702.5;0.017384106921879448;0.016863406408094434;0.01663225731761437
1704.0;0.017384106921879448;0.016863406408094434;0.01597712748065927
1705.5;0.017384106921879448;0.016863406408094434;0.01597712748065927
1707.0;0.017384106921879448;0.016863406408094434;0.017699115044247787
1708.5;0.017384106921879448;0.016863406408094434;0.08033826638477802
1710.0;0.017384106921879448;0.016863406408094434;0.01597712748065927
1711.5;0.017384106921879448;0.016863406408094434;0.018010291595197254
1713.0;0.017384106921879448;0.016863406408094434;0.01865038996269922
1714.5;0.017384106921879448;0.016863406408094434;0.016745540589734254
1716.0;0.017384106921879448;0.016863406408094434;0.016745540589734254
1717.5;0.017384106921879448;0.016863406408094434;0.016676298192025096
1719.0;0.017384106921879448;0.016863406408094434;0.016676298192025096
1720.5;0.017384106921879448;0.016863406408094434;0.017498443680569787
1722.0;0.017384106921879448;0.016863406408094434;0.01488644788002137
1723.5;0.017384106921879448;0.016863406408094434;0.01488644788002137
1725.0;0.017384106921879448;0.016863406408094434;0.018289844042285466
1726.5;0.017384106921879448;0.016863406408094434;0.016550266845809666
1728.0;0.017384106921879448;0.016863406408094434;0.016550266845809666
1729.5;0.017384106921879448;0.016745540589734254;0.016550266845809666
1731.0;0.017384106921879448;0.016745540589734254;0.016550266845809666
1732.5;0.017384106921879448;0.016745540589734254;0.014839767744728968
1734.0;0.01824212351389489;0.016745540589734254;0.018470790378006873
1735.5;0.01824212351389489;0.07076132648295189;0.018470790378006873
1737.0;0.017384106501172693;0.07076132648295189;0.018010291595197254
1738.5;0.017384106501172693;0.07076132648295189;0.01865038996269922
1740.0;0.017384106365945652;0.01663225731761437;0.01865038996269922
1741.5;0.018242123054770767;0.01663225731761437;0.018010291595197254
1743.0;0.014827018287911659;0.01663225731761437;0.015871286409530037
1744.5;0.014827018287911659;0.01663225731761437;0.01842179442537598
1746.0;0.014827018287911659;0.015743018124095107;0.01597712748065927
1747.5;0.01652892573587633;0.015724726735506497;0.016745540589734254
1749.0;0.01567656773505233;0.018010291595197254;0.01842179442537598
1750.5;0.018242122799240267;0.018010291595197254;0.01842179442537598
1752.0;0.018242122799240267;0.018010291595197254;0.01842179442537598
1753.5;0.015676567689792857;0.018010291595197254;0.01842179442537598
1755.0;0.016638225255972697;0.015871286409530037;0.0161839863713799
1756.5;0.01842179442537598;0.01842179442537598;0.01612259159428971
1758.0;0.017498443680569787;0.017465858520325457;0.01612259159428971
1759.5;0.017498443680569787;0.017465858520325457;0.014986153377295074
1761.0;0.017443347491498312;0.018277260861902424;0.014936197678611653
1762.5;0.018289844042285466;0.018277260861902424;0.01597712748065927
1764.0;0.016557768507871926;0.018277260861902424;0.01850632726208763
1765.5;0.016557768507871926;0.018470790378006873;0.014945495799148322
1767.0;0.016557768507871926;0.018470790378006873;0.014945495799148322
1768.5;0.01865038996269922;0.018470790378006873;0.0161839863713799
1770.0;0.01865038996269922;0.01865038996269922;0.016745540589734254
1771.5;0.016676298192025096;0.01865038996269922;0.016429426632965278
1773.0;0.01836806645203033;0.01865038996269922;0.016429426632965278
1774.5;0.018470790378006873;0.017623877982923447;0.016821418488660245
1776.0;0.017094017094017096;0.0798365745414373;0.016308462709056427
1777.5;0.01597712748065927;0.015769487034319674;0.017195007430504273
1779.0;0.016745540589734254;0.018332165356039182;0.017195007430504273
1780.5;0.016676298192025096;0.0175513698630137;0.017195007430504273
1782.0;0.016676298192025096;0.0175513698630137;0.017195007430504273
1783.5;0.016676298192025096;0.0175513698630137;0.036783854166666664
1785.0;0.017498443680569787;0.0175513698630137;0.017094017094017096
1786.5;0.017498443680569787;0.0175513698630137;0.017754480892796753
1788.0;0.01660281557997176;0.07796881247500999;0.017754480892796753
1789.5;0.01660281557997176;0.07796881247500999;0.017623877982923447
1791.0;0.01660281557997176;0.07796881247500999;0.017754480892796753
1792.5;0.015711796950363736;0.07796881247500999;0.017015706806282723
1794.0;0.01741601350785099;0.07796881247500999;0.017699115044247787
1795.5;0.0175513698630137;0.07796881247500999;0.017094017094017096
1797.0;0.017094017094017096;0.015871286409530037;0.015280135823429542
1798.5;0.015095605501509561;0.015871286409530037;0.0175513698630137
1800.0;0.015095605501509561;0.015871286409530037;0.017623877982923447
1801.5;0.015095605501509561;0.015809071886378992;0.018595825426944972
1803.0;0.015095605501509561;0.015809071886378992;0.04460242232754081
1804.5;0.015095605501509561;0.014910112661872163;0.016420118343195265
1806.0;0.015095605501509561;0.014910112661872163;0.017006635536986975
1807.5;0.015095605501509561;0.07053123107281715;0.017530622759256348
1809.0;0.015095605501509561;0.07053123107281715;0.018323917471110885
1810.5;0.015095605501509561;0.07053123107281715;0.018323917471110885
1812.0;0.015871286409530037;0.015724726735506497;0.01742367909620955
1813.5;0.015871286409530037;0.07417313634113192;0.01742367909620955
1815.0;0.015871286409530037;0.07417313634113192;0.017094017094017096
1816.5;0.015871286409530037;0.07417313634113192;0.017754480892796753
1818.0;0.015871286409530037;0.07417313634113192;0.017754480892796753
1819.5;0.015871286409530037;0.07417313634113192;0.017754480892796753
1821.0;0.015871286409530037;0.07417313634113192;0.017754480892796753
1822.5;0.014945495799148322;0.07417313634113192;0.017754480892796753
1824.0;0.01660281557997176;0.08265038510424652;0.017754480892796753
1825.5;0.01660281557997176;0.08265038510424652;0.017547197908565945
1827.0;0.01660281557997176;0.08265038510424652;0.014910112661872163
1828.5;0.01660281557997176;0.08265038510424652;0.01660281557997176
1830.0;0.01660281557997176;0.08265038510424652;0.01830736743700201
1831.5;0.018289844042285466;0.017401635028469288;0.01830736743700201
1833.0;0.018289844042285466;0.017401635028469288;0.017094017094017096
1834.5;0.018277260861902424;0.015687178238012765;0.01597712748065927
1836.0;0.018277260861902424;0.016537723722061845;0.017547197908565945
1837.5;0.018277260861902424;0.016537723722061845;0.07771195869669424
1839.0;0.015695763321720377;0.016537723722061845;0.016638225255972697
1840.5;0.015695763321720377;0.016537723722061845;0.016745540589734254
1842.0;0.01654477169890474;0.016537723722061845;0.016745540589734254
1843.5;0.015731292517006803;0.016537723722061845;0.0189328743545611
1845.0;0.015731292517006803;0.016537723722061845;0.01865038996269922
1846.5;0.015731292517006803;0.016537723722061845;0.015001087035292413
1848.0;0.015731292517006803;0.016537723722061845;0.015001087035292413
1849.5;0.015731292517006803;0.015682478532320222;0.017547197908565945
1851.0;0.015731292517006803;0.016533838797490336;0.015095605501509561
1852.5;0.015731292517006803;0.016533838797490336;0.017623877982923447
1854.0;0.015731292517006803;0.016533838797490336;0.016676298192025096
1855.5;0.015731292517006803;0.017388172610590263;0.049329501915708805
1857.0;0.016745540589734254;0.017388172610590263;0.017754480892796753
1858.5;0.016745540589734254;0.016531678096401558;0.017754480892796753
1860.0;0.01842179442537598;0.016531678096401558;0.01850632726208763
1861.5;0.07659179563235237;0.016531678096401558;0.016676298192025096
1863.0;0.07659179563235237;0.016531678096401558;0.016676298192025096
1864.5;0.018332165356039182;0.016531678096401558;0.016676298192025096
1866.0;0.016582472972657695;0.016531678096401558;0.01836806645203033
1867.5;0.016582472972657695;0.016531678096401558;0.014870091759449306
1869.0;0.016582472972657695;0.016531678096401558;0.016568094782873223
1870.5;0.0175513698630137;0.016531678096401558;0.016568094782873223
1872.0;0.017754480892796753;0.016531678096401558;0.014850222990092551
1873.5;0.017754480892796753;0.016531678096401558;0.015695763321720377
1875.0;0.015001087035292413;0.016531678096401558;0.01654477169890474
1876.5;0.08216097234185091;0.016531678096401558;0.015684481542853023
1878.0;0.08216097234185091;0.016531678096401558;0.014830971492820427
1879.5;0.014910112661872163;0.016531678096401558;0.015679043553987165
1881.0;0.014910112661872163;0.016531678096401558;0.017754480892796753
1882.5;0.014910112661872163;0.016531678096401558;0.017754480892796753
1884.0;0.014910112661872163;0.016531678096401558;0.017754480892796753
1885.5;0.014910112661872163;0.016531678096401558;0.016863406408094434
1887.0;0.014910112661872163;0.016531678096401558;0.01850632726208763
1888.5;0.014910112661872163;0.016531678096401558;0.014945495799148322
1890.0;0.014910112661872163;0.015001087035292413;0.014910112661872163
1891.5;0.014910112661872163;0.015001087035292413;0.014910112661872163
1893.0;0.014910112661872163;0.01842179442537598;0.015711796950363736
1894.5;0.014910112661872163;0.01842179442537598;0.016557768507871926
1896.0;0.014910112661872163;0.01842179442537598;0.016557768507871926
1897.5;0.014910112661872163;0.01842179442537598;0.01740771421307761
1899.0;0.014910112661872163;0.01842179442537598;0.01654477169890474
1900.5;0.014910112661872163;0.01842179442537598;0.015687178238012765
1902.0;0.07929144968115026;0.01842179442537598;0.016863406408094434
1903.5;0.07446218085988703;0.01842179442537598;0.0175513698630137
1905.0;0.07446218085988703;0.01842179442537598;0.018470790378006873
1906.5;0.07446218085988703;0.015769487034319674;0.01865038996269922
1908.0;0.07446218085988703;0.015769487034319674;0.015001087035292413
1909.5;0.0763307942719867;0.015769487034319674;0.015001087035292413
1911.0;0.0763307942719867;0.017094017094017096;0.01488644788002137
1912.5;0.0763307942719867;0.017094017094017096;0.017443347491498312
1914.0;0.018277260861902424;0.017094017094017096;0.018277260861902424
1915.5;0.018277260861902424;0.017754480892796753;0.018277260861902424
1917.0;0.018277260861902424;0.01865038996269922;0.018277260861902424
1918.5;0.018277260861902424;0.015871286409530037;0.01740771421307761
1920.0;0.06543176162088517;0.015871286409530037;0.01740771421307761
1921.5;0.07583825514009619;0.015871286409530037;0.06949548810173209
1923.0;0.07146198039361484;0.015871286409530037;0.06949548810173209
1924.5;0.07146198039361484;0.017498443680569787;0.06949548810173209
1926.0;0.07146198039361484;0.016582472972657695;0.06949548810173209
1927.5;0.018248107350266503;0.016582472972657695;0.014834097312229661
1929.0;0.01653260196570383;0.01485852872552252;0.01653549687010534
1930.5;0.01653260196570383;0.014850222990092551;0.016533838797490336
1932.0;0.01824547540373295;0.0170487948265726;0.01567987457984609
1933.5;0.017386386504641093;0.0161839863713799;0.018010291595197254
1935.0;0.014828261126484797;0.0161839863713799;0.04536862003780718
1936.5;0.014827949697411927;0.0161839863713799;0.016863406408094434
1938.0;0.017385065898158785;0.016638225255972697;0.01597712748065927
1939.5;0.017385065898158785;0.016638225255972697;0.017547197908565945
1941.0;0.015871286409530037;0.015001087035292413;0.01663225731761437
1942.5;0.017547197908565945;0.017498443680569787;0.01660281557997176
1944.0;0.015280135823429542;0.01597712748065927;0.017427438387099873
1945.5;0.016863406408094434;0.01850632726208763;0.017427438387099873
1947.0;0.017623877982923447;0.01850632726208763;0.018470790378006873
1948.5;0.014945495799148322;0.01850632726208763;0.08560945780676722
1950.0;0.01660281557997176;0.014945495799148322;0.017547197908565945
1951.5;0.017427438387099873;0.014945495799148322;0.017547197908565945
1953.0;0.017427438387099873;0.014945495799148322;0.017094017094017096
1954.5;0.017427438387099873;0.015769487034319674;0.017094017094017096
1956.0;0.014850222990092551;0.01660281557997176;0.017754480892796753
1957.5;0.014850222990092551;0.01660281557997176;0.01850632726208763
1959.0;0.01740771421307761;0.01660281557997176;0.016863406408094434
1960.5;0.01740771421307761;0.01660281557997176;0.0863169700629799
1962.0;0.01740771421307761;0.01830736743700201;0.017094017094017096
1963.5;0.01740771421307761;0.01485852872552252;0.017754480892796753
1965.0;0.08123561955924931;0.016557768507871926;0.015871286409530037
1966.5;0.08123561955924931;0.015695763321720377;0.015809071886378992
1968.0;0.08123561955924931;0.015695763321720377;0.016582472972657695
1969.5;0.08123561955924931;0.015695763321720377;0.016582472972657695
1971.0;0.014836509492270044;0.015695763321720377;0.016582472972657695
1972.5;0.017393838281482624;0.015695763321720377;0.015280135823429542
1974.0;0.017393838281482624;0.015695763321720377;0.0189328743545611
1975.5;0.017393838281482624;0.015695763321720377;0.0189328743545611
1977.0;0.017393838281482624;0.017401635028469288;0.017971946230274694
1978.5;0.01653549687010534;0.017401635028469288;0.018610244807272875
1980.0;0.0161839863713799;0.017094017094017096;0.01865038996269922
1981.5;0.016745540589734254;0.01597712748065927;0.016745540589734254
1983.0;0.016745540589734254;0.01597712748065927;0.015809071886378992
1984.5;0.014910112661872163;0.015001087035292413;0.015731292517006803
1986.0;0.014910112661872163;0.015001087035292413;0.047619047619047616
1987.5;0.014910112661872163;0.015001087035292413;0.01865038996269922
1989.0;0.015724726735506497;0.015001087035292413;0.01865038996269922
1990.5;0.01485852872552252;0.015001087035292413;0.017547197908565945
1992.0;0.01485852872552252;0.017547197908565945;0.07182211727666273
1993.5;0.01485852872552252;0.017547197908565945;0.01850632726208763
1995.0;0.01485852872552252;0.017547197908565945;0.017498443680569787
1996.5;0.015731292517006803;0.017547197908565945;0.015743018124095107
1998.0;0.01850632726208763;0.017547197908565945;0.017427438387099873
1999.5;0.01850632726208763;0.017547197908565945;0.07936196740601566
2001.0;0.01850632726208763;0.017547197908565945;0.07936196740601566
2002.5;0.01850632726208763;0.017547197908565945;0.0182681206624895
2004.0;0.01850632726208763;0.017547197908565945;0.01826142579350741
2005.5;0.01850632726208763;0.017547197908565945;0.01826142579350741
2007.0;0.01850632726208763;0.07996748642690851;0.01826142579350741
2008.5;0.01850632726208763;0.07996748642690851;0.0189328743545611
2010.0;0.01850632726208763;0.07996748642690851;0.0189328743545611
2011.5;0.01850632726208763;0.07996748642690851;0.017094017094017096
2013.0;0.01850632726208763;0.016582472972657695;0.017094017094017096
2014.5;0.01850632726208763;0.014850222990092551;0.017094017094017096
2016.0;0.01850632726208763;0.014850222990092551;0.017094017094017096
2017.5;0.01850632726208763;0.014850222990092551;0.017623877982923447
2019.0;0.01850632726208763;0.014850222990092551;0.015809071886378992
2020.5;0.01850632726208763;0.014850222990092551;0.07659179563235237
2022.0;0.01850632726208763;0.070642658041859;0.07659179563235237
2023.5;0.01850632726208763;0.018256492034823147;0.017094017094017096
2025.0;0.01850632726208763;0.018256492034823147;0.017094017094017096
2026.5;0.01850632726208763;0.015684481542853023;0.015809071886378992
2028.0;0.01850632726208763;0.01653549687010534;0.015809071886378992
2029.5;0.01850632726208763;0.05048076923076923;0.015809071886378992
2031.0;0.01850632726208763;0.05048076923076923;0.015809071886378992
2032.5;0.01850632726208763;0.05048076923076923;0.015809071886378992
2034.0;0.01850632726208763;0.05048076923076923;0.01663225731761437
2035.5;0.01850632726208763;0.07318094281168887;0.01663225731761437
2037.0;0.01850632726208763;0.07318094281168887;0.07597140829130454
2038.5;0.016676298192025096;0.07318094281168887;0.07597140829130454
2040.0;0.016676298192025096;0.01842179442537598;0.01830736743700201
2041.5;0.016676298192025096;0.01836806645203033;0.01570251018973342
2043.0;0.016676298192025096;0.01836806645203033;0.01570251018973342
2044.5;0.016676298192025096;0.014870091759449306;0.016550266845809666
2046.0;0.016676298192025096;0.014870091759449306;0.016550266845809666
2047.5;0.016676298192025096;0.014870091759449306;0.018256492034823147
2049.0;0.015769487034319674;0.06675452592392313;0.018256492034823147
2050.5;0.015769487034319674;0.06675452592392313;0.01825283975007182
2052.0;0.018332165356039182;0.06675452592392313;0.015680987109796585
2053.5;0.018332165356039182;0.06675452592392313;0.015680987109796585
2055.0;0.018332165356039182;0.06675452592392313;0.015680987109796585
2056.5;0.01830736743700201;0.06675452592392313;0.015680987109796585
2058.0;0.014844188506303903;0.06675452592392313;0.015680987109796585
2059.5;0.014844188506303903;0.06675452592392313;0.015680987109796585
2061.0;0.015871286409530037;0.06675452592392313;0.01567987457984609
2062.5;0.015871286409530037;0.06675452592392313;0.01567987457984609
2064.0;0.01842179442537598;0.06675452592392313;0.01567987457984609
2065.5;0.015743018124095107;0.06675452592392313;0.01567987457984609
2067.0;0.015743018124095107;0.06675452592392313;0.01567987457984609
2068.5;0.015743018124095107;0.06675452592392313;0.01567987457984609
2070.0;0.016638225255972697;0.07595385350013792;0.014829232922191612
2071.5;0.017754480892796753;0.07595385350013792;0.016638225255972697
2073.0;0.016638225255972697;0.06845225933546357;0.01865038996269922
2074.5;0.01865038996269922;0.06845225933546357;0.01865038996269922
2076.0;0.015871286409530037;0.06845225933546357;0.017623877982923447
2077.5;0.015731292517006803;0.06845225933546357;0.017623877982923447
2079.0;0.01597712748065927;0.06845225933546357;0.017623877982923447
2080.5;0.015809071886378992;0.017393838281482624;0.014945495799148322
2082.0;0.015809071886378992;0.015682478532320222;0.014945495799148322
2083.5;0.015809071886378992;0.016533838797490336;0.018470790378006873
2085.0;0.015809071886378992;0.016533838797490336;0.018470790378006873
2086.5;0.015809071886378992;0.01567987457984609;0.018470790378006873
2088.0;0.015809071886378992;0.014829232922191612;0.018470790378006873
2089.5;0.015809071886378992;0.017754480892796753;0.018470790378006873
2091.0;0.015809071886378992;0.01597712748065927;0.017094017094017096
2092.5;0.015809071886378992;0.01597712748065927;0.017094017094017096
2094.0;0.015809071886378992;0.01597712748065927;0.017094017094017096
2095.5;0.015809071886378992;0.01597712748065927;0.015001087035292413
2097.0;0.015809071886378992;0.015871286409530037;0.017498443680569787
2098.5;0.015809071886378992;0.015871286409530037;0.017498443680569787
2100.0;0.015809071886378992;0.017094017094017096;0.015743018124095107
2101.5;0.015809071886378992;0.017094017094017096;0.015743018124095107
2103.0;0.015809071886378992;0.0175513698630137;0.015711796950363736
2104.5;0.015809071886378992;0.014945495799148322;0.015095605501509561
2106.0;0.015809071886378992;0.017465858520325457;0.017623877982923447
2107.5;0.015809071886378992;0.08069817651061116;0.016676298192025096
2109.0;0.015809071886378992;0.016638225255972697;0.017498443680569787
2110.5;0.015809071886378992;0.01850632726208763;0.01660281557997176
2112.0;0.015809071886378992;0.01850632726208763;0.016582472972657695
2113.5;0.015809071886378992;0.018470790378006873;0.016745540589734254
2115.0;0.07996748642690851;0.018470790378006873;0.015769487034319674
2116.5;0.07818003821984446;0.018470790378006873;0.01488644788002137
2118.0;0.07818003821984446;0.08386958386958387;0.017094017094017096
2119.5;0.015724726735506497;0.016638225255972697;0.018683274021352312
2121.0;0.015724726735506497;0.016638225255972697;0.018470790378006873
2122.5;0.015724726735506497;0.08560945780676722;0.015095605501509561
2124.0;0.015724726735506497;0.08560945780676722;0.016676298192025096
2125.5;0.015724726735506497;0.015871286409530037;0.017498443680569787
2127.0;0.0470532319391635;0.01865038996269922;0.01597712748065927
2128.5;0.015095605501509561;0.01865038996269922;0.015809071886378992
2130.0;0.08024848949025615;0.019345238095238096;0.015809071886378992
2131.5;0.01836806645203033;0.015280135823429542;0.01663225731761437
2133.0;0.01836806645203033;0.015280135823429542;0.014870091759449306
2134.5;0.01660281557997176;0.01597712748065927;0.016638225255972697
2136.0;0.016582472972657695;0.01597712748065927;0.015095605501509561
2137.5;0.016582472972657695;0.014945495799148322;0.015731292517006803
2139.0;0.05281007751937984;0.016863406408094434;0.017094017094017096
2140.5;0.01597712748065927;0.016863406408094434;0.018470790378006873
2142.0;0.015001087035292413;0.016863406408094434;0.018470790378006873
2143.5;0.015769487034319674;0.01842179442537598;0.017623877982923447
2145.0;0.01488644788002137;0.01842179442537598;0.0175513698630137
2146.5;0.01488644788002137;0.01842179442537598;0.017754480892796753
2148.0;0.016638225255972697;0.01836806645203033;0.01850632726208763
2149.5;0.016638225255972697;0.01836806645203033;0.015809071886378992
2151.0;0.015095605501509561;0.015095605501509561;0.01597712748065927
2152.5;0.014945495799148322;0.015095605501509561;0.0175513698630137
2154.0;0.014945495799148322;0.017623877982923447;0.01865038996269922
2155.5;0.017498443680569787;0.01836806645203033;0.016745540589734254
2157.0;0.017498443680569787;0.015724726735506497;0.016745540589734254
2158.5;0.05222437137330754;0.01865038996269922;0.018026004728132386
2160.0;0.017754480892796753;0.01865038996269922;0.016863406408094434
2161.5;0.017754480892796753;0.01865038996269922;0.01865038996269922
2163.0;0.017754480892796753;0.0720250521920668;0.01865038996269922
2164.5;0.017754480892796753;0.0720250521920668;0.01865038996269922
2166.0;0.07786711807024968;0.0720250521920668;0.018354055654233276
2167.5;0.07786711807024968;0.0718766971927262;0.018354055654233276
2169.0;0.07786711807024968;0.0718766971927262;0.0175513698630137
2170.5;0.07786711807024968;0.0718766971927262;0.0175513698630137
2172.0;0.07786711807024968;0.0718766971927262;0.017094017094017096
2173.5;0.07786711807024968;0.0718766971927262;0.017094017094017096
2175.0;0.015809071886378992;0.0718766971927262;0.017094017094017096
2176.5;0.015809071886378992;0.014910112661872163;0.01850632726208763
2178.0;0.015809071886378992;0.09190371991247265;0.015280135823429542
2179.5;0.015809071886378992;0.09190371991247265;0.015001087035292413
2181.0;0.015809071886378992;0.09190371991247265;0.016676298192025096
2182.5;0.015743018124095107;0.09190371991247265;0.018010291595197254
2184.0;0.015743018124095107;0.09190371991247265;0.018010291595197254
2185.5;0.015743018124095107;0.09190371991247265;0.01865038996269922
2187.0;0.015743018124095107;0.09190371991247265;0.01865038996269922
2188.5;0.015743018124095107;0.09190371991247265;0.01850632726208763
2190.0;0.015743018124095107;0.09190371991247265;0.017094017094017096
2191.5;0.015743018124095107;0.09190371991247265;0.017094017094017096
2193.0;0.01830736743700201;0.017754480892796753;0.05048076923076923
2194.5;0.01830736743700201;0.017754480892796753;0.015871286409530037
2196.0;0.01830736743700201;0.017623877982923447;0.016676298192025096
2197.5;0.01830736743700201;0.01842179442537598;0.016676298192025096
2199.0;0.01830736743700201;0.01842179442537598;0.016676298192025096
2200.5;0.0189328743545611;0.01842179442537598;0.01836806645203033
2202.0;0.01865038996269922;0.01842179442537598;0.01836806645203033
2203.5;0.015871286409530037;0.01842179442537598;0.01836806645203033
2205.0;0.015871286409530037;0.01842179442537598;0.06945691490726251
2206.5;0.016676298192025096;0.015743018124095107;0.01830736743700201
2208.0;0.016676298192025096;0.01485852872552252;0.01830736743700201
2209.5;0.016676298192025096;0.01485852872552252;0.01830736743700201
2211.0;0.018332165356039182;0.014850222990092551;0.015711796950363736
2212.5;0.01830736743700201;0.014850222990092551;0.015711796950363736
2214.0;0.018289844042285466;0.017401635028469288;0.017401635028469288
2215.5;0.014844188506303903;0.016540721828503288;0.05048076923076923
2217.0;0.014839767744728968;0.018026004728132386;0.016863406408094434
2218.5;0.016540721828503288;0.01597712748065927;0.017547197908565945
2220.0;0.0746273521754212;0.01842179442537598;0.014910112661872163
2221.5;0.01653549687010534;0.015280135823429542;0.014910112661872163
2223.0;0.018246600758721136;0.01597712748065927;0.015743018124095107
2224.5;0.017387150648592545;0.015809071886378992;0.07524981746976427
2226.0;0.016530987295071384;0.01663225731761437;0.01654477169890474
2227.5;0.017385814700674008;0.0170487948265726;0.01654477169890474
2229.0;0.0175513698630137;0.01702553830746119;0.015687178238012765
2230.5;0.017754480892796753;0.014986153377295074;0.017393838281482624
2232.0;0.015001087035292413;0.0161839863713799;0.017393838281482624
2233.5;0.014910112661872163;0.017754480892796753;0.017393838281482624
2235.0;0.018289844042285466;0.017094017094017096;0.018248107350266503
2236.5;0.016550266845809666;0.017094017094017096;0.018248107350266503
2238.0;0.016550266845809666;0.01850632726208763;0.018248107350266503
2239.5;0.015690820879123473;0.018470790378006873;0.01567987457984609
2241.0;0.017094017094017096;0.015001087035292413;0.07662736667542246
2242.5;0.017094017094017096;0.015731292517006803;0.07029273656390031
2244.0;0.015731292517006803;0.017623877982923447;0.018244004306380245
2245.5;0.015731292517006803;0.015809071886378992;0.018244004306380245
2247.0;0.017754480892796753;0.016638225255972697;0.01567760904807164
2248.5;0.017623877982923447;0.016863406408094434;0.016529793433502835
2250.0;0.017623877982923447;0.016863406408094434;0.015677152879889675
2251.5;0.017623877982923447;0.016863406408094434;0.018242716875351634
2253.0;0.014945495799148322;0.016863406408094434;0.017384409349774463
2254.5;0.015743018124095107;0.016863406408094434;0.07870720094069293
2256.0;0.01485852872552252;0.016863406408094434;0.01567667170887434
2257.5;0.0182681206624895;0.016863406408094434;0.016528974413923803
2259.0;0.01826142579350741;0.016863406408094434;0.016528974413923803
2260.5;0.01825283975007182;0.016863406408094434;0.08302956662616444
2262.0;0.01825283975007182;0.016863406408094434;0.017623877982923447
2263.5;0.01825012709422827;0.016863406408094434;0.015809071886378992
2265.0;0.01825012709422827;0.016863406408094434;0.01836806645203033
2266.5;0.01825012709422827;0.016863406408094434;0.01660281557997176
2268.0;0.01825012709422827;0.016863406408094434;0.017443347491498312
2269.5;0.018248107350266503;0.016863406408094434;0.0189328743545611
2271.0;0.018248107350266503;0.016863406408094434;0.017623877982923447
2272.5;0.018248107350266503;0.016863406408094434;0.01663225731761437
2274.0;0.018248107350266503;0.016863406408094434;0.017443347491498312
2275.5;0.018248107350266503;0.017498443680569787;0.07484407484407485
2277.0;0.01653260196570383;0.017498443680569787;0.0189328743545611
2278.5;0.01653260196570383;0.016582472972657695;0.017754480892796753
2280.0;0.01653260196570383;0.06675452592392313;0.015095605501509561
2281.5;0.01653260196570383;0.01570251018973342;0.015095605501509561
2283.0;0.01653260196570383;0.01570251018973342;0.017547197908565945
2284.5;0.01653260196570383;0.01570251018973342;0.01660281557997176
2286.0;0.01653260196570383;0.01570251018973342;0.051640926640926635
2287.5;0.01653260196570383;0.0791899259728955;0.051640926640926635
2289.0;0.01653260196570383;0.0791899259728955;0.016863406408094434
2290.5;0.01653260196570383;0.06949548810173209;0.015871286409530037
2292.0;0.01653260196570383;0.015687178238012765;0.01660281557997176
2293.5;0.01653260196570383;0.015687178238012765;0.07224770642201835
2295.0;0.01653260196570383;0.014834097312229661;0.01845342706502636
2296.5;0.01653260196570383;0.015682478532320222;0.01845342706502636
2298.0;0.01653260196570383;0.014830971492820427;0.018610244807272875
2299.5;0.01824547540373295;0.017388172610590263;0.01848360454802751
2301.0;0.01824547540373295;0.08048289738430583;0.07796881247500999
2302.5;0.01824547540373295;0.017754480892796753;0.07672379434037466
2304.0;0.01824547540373295;0.017094017094017096;0.07672379434037466
2305.5;0.01824547540373295;0.016863406408094434;0.017623877982923447
2307.0;0.01824547540373295;0.01663225731761437;0.017465858520325457
2308.5;0.01824547540373295;0.018332165356039182;0.017427438387099873
2310.0;0.01824547540373295;0.018332165356039182;0.01570251018973342
2311.5;0.016530987295071384;0.04875717017208413;0.017824497257769654
2313.0;0.016530987295071384;0.016745540589734254;0.015414729630535846
2314.5;0.016530987295071384;0.08450826136298063;0.018010291595197254
2316.0;0.016530470370958342;0.08450826136298063;0.0175513698630137
2317.5;0.016530470370958342;0.016863406408094434;0.0161839863713799
2319.0;0.016530470370958342;0.0798365745414373;0.015095605501509561
2320.5;0.016530470370958342;0.08224351322206593;0.015095605501509561
2322.0;0.016530470370958342;0.01488644788002137;0.017623877982923447
2323.5;0.016530470370958342;0.01830736743700201;0.016638225255972697
2325.0;0.016530470370958342;0.01830736743700201;0.016745540589734254
2326.5;0.016530470370958342;0.01830736743700201;0.015871286409530037
2328.0;0.016530470370958342;0.01830736743700201;0.0170487948265726
2329.5;0.016530470370958342;0.01830736743700201;0.017934291168491913
2331.0;0.016530470370958342;0.07503727202704219;0.015280135823429542
2332.5;0.016530470370958342;0.014844188506303903;0.017373380447585393
2334.0;0.016530470370958342;0.017401635028469288;0.016830578931359627
2335.5;0.016530470370958342;0.017401635028469288;0.017603269400950756
2337.0;0.016530470370958342;0.016540721828503288;0.017623877982923447
2338.5;0.016530470370958342;0.016540721828503288;0.017623877982923447
2340.0;0.016530470370958342;0.014834097312229661;0.016676298192025096
2341.5;0.06614171998402871;0.014834097312229661;0.0804076327636537
2343.0;0.018243179757112683;0.014834097312229661;0.015711796950363736
2344.5;0.018243179757112683;0.014834097312229661;0.01570251018973342
2346.0;0.018243179757112683;0.014834097312229661;0.017094017094017096
2347.5;0.014827541633468562;0.01739137492247878;0.015871286409530037
2349.0;0.014827541633468562;0.01739137492247878;0.06888939767675939
2350.5;0.01738451054966002;0.01739137492247878;0.06888939767675939
2352.0;0.01738451054966002;0.015680987109796585;0.015743018124095107
2353.5;0.01738451054966002;0.015680987109796585;0.014870091759449306
2355.0;0.01738451054966002;0.01653260196570383;0.0189328743545611
2356.5;0.01738451054966002;0.014829232922191612;0.01597712748065927
2358.0;0.01738451054966002;0.014828677071017829;0.01597712748065927
2359.5;0.0175513698630137;0.015677957190639216;0.01597712748065927
2361.0;0.0175513698630137;0.015677957190639216;0.01597712748065927
2362.5;0.0175513698630137;0.014827716422686422;0.01850632726208763
2364.0;0.0175513698630137;0.014827716422686422;0.0674469940084216
2365.5;0.015001087035292413;0.018683274021352312;0.016582472972657695
2367.0;0.015809071886378992;0.015597920277296359;0.018289844042285466
2368.5;0.015809071886378992;0.015597920277296359;0.018289844042285466
2370.0;0.015809071886378992;0.018610244807272875;0.018277260861902424
2371.5;0.015809071886378992;0.0189328743545611;0.018277260861902424
2373.0;0.015809071886378992;0.017754480892796753;0.017401635028469288
2374.5;0.015809071886378992;0.016745540589734254;0.017401635028469288
2376.0;0.015809071886378992;0.016745540589734254;0.017397154861764727
2377.5;0.015809071886378992;0.016745540589734254;0.014834097312229661
2379.0;0.015809071886378992;0.019327580007191657;0.017094017094017096
2380.5;0.015809071886378992;0.046131427962683956;0.017094017094017096
2382.0;0.015809071886378992;0.017373380447585393;0.01865038996269922
2383.5;0.015809071886378992;0.015731292517006803;0.0161839863713799
2385.0;0.015809071886378992;0.016863406408094434;0.0161839863713799
2386.5;0.015809071886378992;0.016863406408094434;0.0161839863713799
2388.0;0.015809071886378992;0.01842179442537598;0.01865038996269922
2389.5;0.06780848193311179;0.016403046280023436;0.016745540589734254
2391.0;0.0726934956385968;0.015731292517006803;0.01836806645203033
2392.5;0.0810404299340659;0.05222437137330754;0.018332165356039182
2394.0;0.0810404299340659;0.015095605501509561;0.017094017094017096
2395.5;0.08180102222876223;0.015280135823429542;0.017094017094017096
2397.0;0.08180102222876223;0.016638225255972697;0.015731292517006803
2398.5;0.07077953344664835;0.017373380447585393;0.047619047619047616
2400.0;0.07077953344664835;0.01606832657788072;0.05048076923076923
2401.5;0.07077953344664835;0.016052757544824884;0.01597712748065927
2403.0;0.07077953344664835;0.01856198874464861;0.015809071886378992
2404.5;0.07077953344664835;0.018455454986527415;0.01865038996269922
2406.0;0.07077953344664835;0.018455454986527415;0.017623877982923447
2407.5;0.07077953344664835;0.01608187134502924;0.017623877982923447
2409.0;0.07077953344664835;0.015871286409530037;0.01865038996269922
2410.5;0.07077953344664835;0.018470790378006873;0.01842179442537598
2412.0;0.07077953344664835;0.018470790378006873;0.017699115044247787
2413.5;0.07077953344664835;0.01702553830746119;0.015414729630535846
2415.0;0.07077953344664835;0.0175513698630137;0.015414729630535846
2416.5;0.07077953344664835;0.016863406408094434;0.01766843911960692
2418.0;0.07077953344664835;0.017623877982923447;0.01766843911960692
2419.5;0.07077953344664835;0.017623877982923447;0.017094017094017096
2421.0;0.07077953344664835;0.015095605501509561;0.015809071886378992
2422.5;0.07077953344664835;0.015095605501509561;0.01488644788002137
2424.0;0.07077953344664835;0.016676298192025096;0.01488644788002137
2425.5;0.07077953344664835;0.07883717752634664;0.01597712748065927
2427.0;0.07077953344664835;0.017465858520325457;0.017623877982923447
2428.5;0.07077953344664835;0.015724726735506497;0.01842179442537598
2430.0;0.07077953344664835;0.018289844042285466;0.017465858520325457
2431.5;0.014844188506303903;0.018289844042285466;0.01830736743700201
2433.0;0.01826142579350741;0.014839767744728968;0.017427438387099873
2434.5;0.014834097312229661;0.014836509492270044;0.015095605501509561
2436.0;0.015682478532320222;0.014836509492270044;0.015731292517006803
2437.5;0.01865038996269922;0.017393838281482624;0.017754480892796753
2439.0;0.01842179442537598;0.017393838281482624;0.0161839863713799
2440.5;0.01672535211267606;0.017393838281482624;0.01865038996269922
2442.0;0.01654091700522345;0.017393838281482624;0.018354055654233276
2443.5;0.018848906360245943;0.017393838281482624;0.0175513698630137
2445.0;0.014936197678611653;0.017393838281482624;0.08144892908951275
2446.5;0.015738326756557706;0.015682478532320222;0.0175513698630137
2448.0;0.01742454262104108;0.015682478532320222;0.0175513698630137
2449.5;0.01742454262104108;0.015682478532320222;0.048187022900763356
2451.0;0.016543753554588047;0.015682478532320222;0.016638225255972697
2452.5;0.017373380447585393;0.015682478532320222;0.015001087035292413
2454.0;0.017825311942959002;0.015682478532320222;0.015001087035292413
2455.5;0.016217853406024562;0.015682478532320222;0.015001087035292413
2457.0;0.016217853406024562;0.018248107350266503;0.018010291595197254
2458.5;0.016682238490947087;0.07878712577237898;0.01597712748065927
2460.0;0.016636140987988515;0.07878712577237898;0.016638225255972697
2461.5;0.016636140987988515;0.07878712577237898;0.017754480892796753
2463.0;0.016636140987988515;0.06926505110730653;0.015871286409530037
2464.5;0.014888572772399552;0.06926505110730653;0.01836806645203033
2466.0;0.014888572772399552;0.018244633954786142;0.01836806645203033
2467.5;0.014888572772399552;0.01567760904807164;0.01836806645203033
2469.0;0.017428896363451227;0.01567760904807164;0.018332165356039182
2470.5;0.017428896363451227;0.01567760904807164;0.018332165356039182
2472.0;0.017428896363451227;0.01567760904807164;0.016582472972657695
2473.5;0.017094017094017096;0.01567760904807164;0.0189328743545611
2475.0;0.017094017094017096;0.01567760904807164;0.047619047619047616
2476.5;0.015001087035292413;0.01567760904807164;0.0175513698630137
2478.0;0.015001087035292413;0.01567734827379584;0.045928030303030304
2479.5;0.015001087035292413;0.01567734827379584;0.015809071886378992
2481.0;0.015001087035292413;0.016529576213227;0.05412371134020618
2482.5;0.015001087035292413;0.016529576213227;0.05412371134020618
2484.0;0.015001087035292413;0.016529576213227;0.017934291168491913
2485.5;0.01842179442537598;0.016529576213227;0.03251008064516129
2487.0;0.015769487034319674;0.016529576213227;0.09369898792033954
2488.5;0.015769487034319674;0.016529576213227;0.019139945314441957
2490.0;0.07161008172674148;0.016529576213227;0.016043635035830027
2491.5;0.07161008172674148;0.016529576213227;0.015033359741139864
2493.0;0.07161008172674148;0.016529576213227;0.014922830014276238
2494.5;0.07161008172674148;0.016529576213227;0.016613529195963463
2496.0;0.06910227840912597;0.016529576213227;0.017754480892796753
2497.5;0.06910227840912597;0.016529576213227;0.016863406408094434
2499.0;0.06910227840912597;0.016529576213227;0.018026004728132386
2500.5;0.06910227840912597;0.016529576213227;0.01597712748065927
2502.0;0.06910227840912597;0.016529576213227;0.03718199608610568
2503.5;0.07417313634113192;0.016529576213227;0.03718199608610568
2505.0;0.07417313634113192;0.016529576213227;0.0161839863713799
2506.5;0.07417313634113192;0.016529576213227;0.0161839863713799
2508.0;0.07417313634113192;0.043703007518796994;0.017547197908565945
2509.5;0.07417313634113192;0.017094017094017096;0.017699115044247787
2511.0;0.07417313634113192;0.017094017094017096;0.05478980013783597
2512.5;0.07417313634113192;0.015871286409530037;0.018582093618876354
2514.0;0.07417313634113192;0.015871286409530037;0.018582093618876354
2515.5;0.07417313634113192;0.015871286409530037;0.07951971029984622
2517.0;0.07417313634113192;0.015769487034319674;0.01748380347217215
2518.5;0.07417313634113192;0.015769487034319674;0.017455819026846356
2520.0;0.07417313634113192;0.016638225255972697;0.014854857560555929
2521.5;0.07417313634113192;0.01597712748065927;0.015693588808928575
2523.0;0.07417313634113192;0.01597712748065927;0.015683603183061945
2524.5;0.07417313634113192;0.01597712748065927;0.015683603183061945
2526.0;0.07417313634113192;0.017623877982923447;0.015680499743845826
2527.5;0.07417313634113192;0.017623877982923447;0.014829650757481874
2529.0;0.07417313634113192;0.01842179442537598;0.0175513698630137
2530.5;0.07417313634113192;0.01842179442537598;0.01597712748065927
2532.0;0.01741601350785099;0.01842179442537598;0.01597712748065927
2533.5;0.01741601350785099;0.01842179442537598;0.017623877982923447
2535.0;0.015695763321720377;0.01842179442537598;0.038385826771653545
2536.5;0.07690949409019684;0.01842179442537598;0.015095605501509561
2538.0;0.07151799576758695;0.01842179442537598;0.015871286409530037
2539.5;0.07151799576758695;0.01842179442537598;0.017547197908565945
2541.0;0.07303592577970786;0.01842179442537598;0.018332165356039182
2542.5;0.015871286409530037;0.01836806645203033;0.015724726735506497
2544.0;0.015871286409530037;0.01836806645203033;0.018289844042285466
2545.5;0.015871286409530037;0.01836806645203033;0.035751028806584366
2547.0;0.07436650111170809;0.01836806645203033;0.08730412535976975
2548.5;0.07436650111170809;0.01836806645203033;0.018010291595197254
2550.0;0.07436650111170809;0.01836806645203033;0.015095605501509561
2551.5;0.049329501915708805;0.014870091759449306;0.01597712748065927
2553.0;0.016638225255972697;0.014870091759449306;0.015001087035292413
2554.5;0.07672379434037466;0.014870091759449306;0.014910112661872163
2556.0;0.07672379434037466;0.014870091759449306;0.0770733678473717
2557.5;0.07672379434037466;0.014870091759449306;0.018470790378006873
2559.0;0.07672379434037466;0.014870091759449306;0.016638225255972697
2560.5;0.07672379434037466;0.014870091759449306;0.015095605501509561
2562.0;0.07672379434037466;0.014870091759449306;0.014910112661872163
2563.5;0.07672379434037466;0.014870091759449306;0.018026004728132386
2565.0;0.07672379434037466;0.014870091759449306;0.018026004728132386
2566.5;0.01850632726208763;0.014870091759449306;0.018026004728132386
2568.0;0.015809071886378992;0.06571130694959344;0.017094017094017096
2569.5;0.08224351322206593;0.06571130694959344;0.0175513698630137
2571.0;0.07597140829130454;0.06571130694959344;0.017699115044247787
2572.5;0.07016556801787727;0.06571130694959344;0.016638225255972697
2574.0;0.07016556801787727;0.06571130694959344;0.016638225255972697
2575.5;0.016557768507871926;0.06571130694959344;0.014945495799148322
2577.0;0.01740771421307761;0.06571130694959344;0.016863406408094434
2578.5;0.018256492034823147;0.06571130694959344;0.01842179442537598
2580.0;0.018256492034823147;0.08747300215982722;0.07929144968115026
2581.5;0.018256492034823147;0.08747300215982722;0.017427438387099873
2583.0;0.05048076923076923;0.08747300215982722;0.01740771421307761
2584.5;0.017623877982923447;0.08747300215982722;0.018256492034823147
2586.0;0.017699115044247787;0.08747300215982722;0.0161839863713799
2587.5;0.017699115044247787;0.08747300215982722;0.0161839863713799
2589.0;0.0161839863713799;0.015095605501509561;0.0161839863713799
2590.5;0.0161839863713799;0.017498443680569787;0.0175513698630137
2592.0;0.016863406408094434;0.017498443680569787;0.0175513698630137
2593.5;0.015001087035292413;0.017498443680569787;0.015095605501509561
2595.0;0.017547197908565945;0.015743018124095107;0.01597712748065927
2596.5;0.018332165356039182;0.017443347491498312;0.01942319011183049
2598.0;0.015724726735506497;0.015001087035292413;0.01784040701566475
2599.5;0.04083665338645418;0.015001087035292413;0.016979552792060267
2601.0;0.04083665338645418;0.017498443680569787;0.015926980240613186
2602.5;0.018010291595197254;0.018010291595197254;0.0161839863713799
2604.0;0.018010291595197254;0.017623877982923447;0.015280135823429542
2605.5;0.016638225255972697;0.01836806645203033;0.015001087035292413
2607.0;0.016638225255972697;0.017094017094017096;0.015280135823429542
2608.5;0.016638225255972697;0.018470790378006873;0.0189328743545611
2610.0;0.016863406408094434;0.01842179442537598;0.0175513698630137
2611.5;0.016863406408094434;0.018332165356039182;0.018323203432248837
2613.0;0.016863406408094434;0.016568094782873223;0.019456303057068552
2614.5;0.07786711807024968;0.015695763321720377;0.01756784719931273
2616.0;0.07786711807024968;0.01826142579350741;0.018010291595197254
2617.5;0.016676298192025096;0.01576182136602452;0.018010291595197254
2619.0;0.08224351322206593;0.01576182136602452;0.015731292517006803
2620.5;0.08224351322206593;0.015871286409530037;0.015280135823429542
2622.0;0.017465858520325457;0.016676298192025096;0.017094017094017096
2623.5;0.014870091759449306;0.0161839863713799;0.017754480892796753
2625.0;0.014850222990092551;0.01865038996269922;0.016676298192025096
2626.5;0.07702838380033686;0.017623877982923447;0.017498443680569787
2628.0;0.07702838380033686;0.017623877982923447;0.07818003821984446
2629.5;0.015687178238012765;0.017547197908565945;0.07818003821984446
2631.0;0.015687178238012765;0.017094017094017096;0.016043635035830027
2632.5;0.014834097312229661;0.017094017094017096;0.01597712748065927
2634.0;0.014834097312229661;0.017094017094017096;0.017623877982923447
2635.5;0.014834097312229661;0.017094017094017096;0.017547197908565945
2637.0;0.015682478532320222;0.01865038996269922;0.06888939767675939
2638.5;0.015682478532320222;0.018010291595197254;0.014870091759449306
2640.0;0.016533838797490336;0.018010291595197254;0.014870091759449306
2641.5;0.08674568965517242;0.016863406408094434;0.015711796950363736
2643.0;0.017623877982923447;0.016863406408094434;0.015711796950363736
2644.5;0.017547197908565945;0.016863406408094434;0.018470790378006873
2646.0;0.01663225731761437;0.016863406408094434;0.08893709327548807
2647.5;0.01663225731761437;0.016863406408094434;0.01865038996269922
2649.0;0.045928030303030304;0.016863406408094434;0.01865038996269922
2650.5;0.045928030303030304;0.01842179442537598;0.01865038996269922
2652.0;0.045928030303030304;0.015769487034319674;0.015871286409530037
2653.5;0.045928030303030304;0.017465858520325457;0.017547197908565945
2655.0;0.016638225255972697;0.017465858520325457;0.08265443723820964
2656.5;0.016638225255972697;0.015711796950363736;0.08265443723820964
2658.0;0.017754480892796753;0.016557768507871926;0.017443347491498312
2659.5;0.017754480892796753;0.016557768507871926;0.017443347491498312
2661.0;0.017754480892796753;0.016557768507871926;0.07417313634113192
2662.5;0.017754480892796753;0.016557768507871926;0.0815499194163898
2664.0;0.016745540589734254;0.016557768507871926;0.0815499194163898
2665.5;0.014910112661872163;0.016557768507871926;0.0815499194163898
2667.0;0.014910112661872163;0.016557768507871926;0.049329501915708805
2668.5;0.014910112661872163;0.016557768507871926;0.08560945780676722
2670.0;0.01488644788002137;0.016557768507871926;0.015001087035292413
2671.5;0.015724726735506497;0.016557768507871926;0.015001087035292413
2673.0;0.016568094782873223;0.016557768507871926;0.015001087035292413
2674.5;0.016638225255972697;0.016557768507871926;0.015001087035292413
2676.0;0.017754480892796753;0.016557768507871926;0.015001087035292413
2677.5;0.017754480892796753;0.016557768507871926;0.01842179442537598
2679.0;0.017754480892796753;0.016557768507871926;0.01842179442537598
2680.5;0.017754480892796753;0.016557768507871926;0.015769487034319674
2682.0;0.017754480892796753;0.016557768507871926;0.015769487034319674
2683.5;0.017623877982923447;0.016557768507871926;0.015743018124095107
2685.0;0.014945495799148322;0.016557768507871926;0.015743018124095107
2686.5;0.014945495799148322;0.016557768507871926;0.014870091759449306
2688.0;0.01663225731761437;0.016557768507871926;0.01741601350785099
2689.5;0.015724726735506497;0.016557768507871926;0.01741601350785099
2691.0;0.015724726735506497;0.016550266845809666;0.01826142579350741
2692.5;0.015724726735506497;0.016550266845809666;0.06942408900983806
2694.0;0.01485852872552252;0.015690820879123473;0.06942408900983806
2695.5;0.016557768507871926;0.015687178238012765;0.017393838281482624
2697.0;0.016557768507871926;0.015687178238012765;0.017393838281482624
2698.5;0.06543176162088517;0.07146198039361484;0.01825012709422827
2700.0;0.06543176162088517;0.01825012709422827;0.01825012709422827
2701.5;0.07264886610602653;0.018246600758721136;0.016533838797490336
2703.0;0.015684481542853023;0.018246600758721136;0.016533838797490336
2704.5;0.01567987457984609;0.0470532319391635;0.017388172610590263
2706.0;0.01567987457984609;0.0175513698630137;0.017388172610590263
2707.5;0.01567987457984609;0.08431531897602601;0.017388172610590263
2709.0;0.01567987457984609;0.08431531897602601;0.017388172610590263
2710.5;0.01567987457984609;0.06973170529113713;0.016530987295071384
2712.0;0.015679043553987165;0.07996748642690851;0.015677957190639216
2713.5;0.015679043553987165;0.07996748642690851;0.01597712748065927
2715.0;0.015679043553987165;0.07996748642690851;0.01597712748065927
2716.5;0.016530987295071384;0.01488644788002137;0.01597712748065927
2718.0;0.014828261126484797;0.016568094782873223;0.01597712748065927
2719.5;0.01653008333788549;0.016557768507871926;0.01850632726208763
2721.0;0.014827716422686422;0.015695763321720377;0.07547665433531073
2722.5;0.014827716422686422;0.017401635028469288;0.016638225255972697
2724.0;0.018242716875351634;0.018470790378006873;0.05281007751937984
2725.5;0.018242716875351634;0.0863169700629799;0.05281007751937984
2727.0;0.018242716875351634;0.0863169700629799;0.05281007751937984
2728.5;0.018242716875351634;0.0863169700629799;0.018470790378006873
2730.0;0.018242716875351634;0.017498443680569787;0.018470790378006873
2731.5;0.018242716875351634;0.04990403071017274;0.017754480892796753
2733.0;0.01652929138178772;0.05048076923076923;0.017754480892796753
2734.5;0.01652929138178772;0.07182211727666273;0.017754480892796753
2736.0;0.01652929138178772;0.017623877982923447;0.017754480892796753
2737.5;0.01652929138178772;0.015809071886378992;0.015871286409530037
2739.0;0.01652929138178772;0.04875717017208413;0.015871286409530037
2740.5;0.01652929138178772;0.08431531897602601;0.014945495799148322
2742.0;0.01652929138178772;0.017623877982923447;0.014945495799148322
2743.5;0.01652929138178772;0.017498443680569787;0.016582472972657695
2745.0;0.01652929138178772;0.01660281557997176;0.016582472972657695
2746.5;0.017094017094017096;0.014870091759449306;0.016582472972657695
2748.0;0.016638225255972697;0.017427438387099873;0.016582472972657695
2749.5;0.016638225255972697;0.01570251018973342;0.016582472972657695
2751.0;0.015871286409530037;0.0175513698630137;0.016582472972657695
2752.5;0.015871286409530037;0.016863406408094434;0.07096861245658452
2754.0;0.015871286409530037;0.016863406408094434;0.08045378870507562
2755.5;0.016863406408094434;0.016745540589734254;0.08045378870507562
2757.0;0.016745540589734254;0.017498443680569787;0.08045378870507562
2758.5;0.015731292517006803;0.017498443680569787;0.08045378870507562
2760.0;0.015095605501509561;0.017498443680569787;0.08045378870507562
2761.5;0.016745540589734254;0.017465858520325457;0.014844188506303903
2763.0;0.015809071886378992;0.017465858520325457;0.014844188506303903
2764.5;0.01663225731761437;0.016582472972657695;0.014844188506303903
2766.0;0.01663225731761437;0.078274430155538;0.06949548810173209
2767.5;0.01488644788002137;0.078274430155538;0.017393838281482624
2769.0;0.01488644788002137;0.078274430155538;0.017389540773412943
2770.5;0.01488644788002137;0.078274430155538;0.01672535211267606
2772.0;0.01488644788002137;0.078274430155538;0.01672535211267606
2773.5;0.01488644788002137;0.06750426682707018;0.01672535211267606
2775.0;0.01488644788002137;0.06750426682707018;0.01612259159428971
2776.5;0.01488644788002137;0.01654477169890474;0.017373380447585393
2778.0;0.01488644788002137;0.016540721828503288;0.018010291595197254
2779.5;0.014870091759449306;0.01825012709422827;0.018010291595197254
2781.0;0.014870091759449306;0.01825012709422827;0.016863406408094434
2782.5;0.014870091759449306;0.01653260196570383;0.046489563567362426
2784.0;0.014870091759449306;0.014829232922191612;0.01597712748065927
2785.5;0.014870091759449306;0.08198737294354015;0.01850632726208763
2787.0;0.014870091759449306;0.08198737294354015;0.016638225255972697
2788.5;0.07077953344664835;0.06614171998402871;0.016745540589734254
2790.0;0.07077953344664835;0.09722222222222221;0.018354055654233276
2791.5;0.07077953344664835;0.07548669050456894;0.017754480892796753
2793.0;0.07077953344664835;0.07548669050456894;0.07905457014342697
2794.5;0.07077953344664835;0.0720250521920668;0.01842179442537598
2796.0;0.0175513698630137;0.04990403071017274;0.018332165356039182
2797.5;0.017754480892796753;0.04425612052730697;0.01830736743700201
2799.0;0.01850632726208763;0.016863406408094434;0.048187022900763356
2800.5;0.015769487034319674;0.015731292517006803;0.019013666072489603
2802.0;0.018332165356039182;0.017754480892796753;0.0189328743545611
2803.5;0.017443347491498312;0.0175513698630137;0.0189328743545611
2805.0;0.018470790378006873;0.016863406408094434;0.0175513698630137
2806.5;0.018470790378006873;0.016863406408094434;0.0161839863713799
2808.0;0.016863406408094434;0.016863406408094434;0.0189328743545611
2809.5;0.016863406408094434;0.018470790378006873;0.01834862385321101
2811.0;0.017623877982923447;0.018470790378006873;0.015414729630535846
2812.5;0.017623877982923447;0.018470790378006873;0.016700702455922763
2814.0;0.017623877982923447;0.017754480892796753;0.017094017094017096
2815.5;0.017623877982923447;0.016676298192025096;0.015001087035292413
2817.0;0.017623877982923447;0.015724726735506497;0.0170487948265726
2818.5;0.017623877982923447;0.015711796950363736;0.01865038996269922
2820.0;0.08216097234185091;0.015711796950363736;0.015809071886378992
2821.5;0.08216097234185091;0.015711796950363736;0.04875717017208413
2823.0;0.08216097234185091;0.018010291595197254;0.017754480892796753
2824.5;0.08216097234185091;0.01865038996269922;0.017094017094017096
2826.0;0.08216097234185091;0.017623877982923447;0.0189328743545611
2827.5;0.08216097234185091;0.01842179442537598;0.0189328743545611
2829.0;0.08216097234185091;0.01836806645203033;0.0189328743545611
2830.5;0.08216097234185091;0.01836806645203033;0.016638225255972697
2832.0;0.08216097234185091;0.01836806645203033;0.017699115044247787
2833.5;0.08216097234185091;0.015743018124095107;0.01865038996269922
2835.0;0.08216097234185091;0.01830736743700201;0.0175513698630137
2836.5;0.08216097234185091;0.018289844042285466;0.01865038996269922
2838.0;0.08216097234185091;0.016557768507871926;0.016897746967071057
2839.5;0.08216097234185091;0.015690820879123473;0.01672535211267606
2841.0;0.08216097234185091;0.018256492034823147;0.017015706806282723
2842.5;0.08216097234185091;0.01825283975007182;0.01612259159428971
2844.0;0.08216097234185091;0.016533838797490336;0.01672693391308206
2845.5;0.08216097234185091;0.016533838797490336;0.014936197678611653
2847.0;0.08216097234185091;0.016533838797490336;0.049329501915708805
2848.5;0.08216097234185091;0.016533838797490336;0.015095605501509561
2850.0;0.08216097234185091;0.016533838797490336;0.015001087035292413
2851.5;0.01836806645203033;0.016533838797490336;0.014945495799148322
2853.0;0.01836806645203033;0.016533838797490336;0.01663225731761437
2854.5;0.01836806645203033;0.016533838797490336;0.01663225731761437
2856.0;0.01836806645203033;0.016533838797490336;0.01663225731761437
2857.5;0.01836806645203033;0.016533838797490336;0.01663225731761437
2859.0;0.01660281557997176;0.016533838797490336;0.01663225731761437
2860.5;0.014870091759449306;0.016533838797490336;0.01663225731761437
2862.0;0.016568094782873223;0.016533838797490336;0.01663225731761437
2863.5;0.016568094782873223;0.016533838797490336;0.0770733678473717
2865.0;0.016550266845809666;0.014829232922191612;0.0770733678473717
2866.5;0.0175513698630137;0.014829232922191612;0.0770733678473717
2868.0;0.0175513698630137;0.018244633954786142;0.0770733678473717
2869.5;0.016863406408094434;0.018244633954786142;0.01485852872552252
2871.0;0.015731292517006803;0.018244633954786142;0.07077953344664835
2872.5;0.015731292517006803;0.017385814700674008;0.016550266845809666
2874.0;0.015731292517006803;0.017385814700674008;0.016550266845809666
2875.5;0.015731292517006803;0.01738538657899296;0.01654477169890474
2877.0;0.015731292517006803;0.01738538657899296;0.016540721828503288
2878.5;0.015731292517006803;0.01567734827379584;0.01825283975007182
2880.0;0.015731292517006803;0.01567734827379584;0.01739137492247878
2881.5;0.015731292517006803;0.01738482561800834;0.01739137492247878
2883.0;0.015731292517006803;0.01738482561800834;0.01824547540373295
2884.5;0.015731292517006803;0.015677006439402855;0.014828677071017829
2886.0;0.015731292517006803;0.015677006439402855;0.06614171998402871
2887.5;0.015731292517006803;0.015677006439402855;0.015731292517006803
2889.0;0.015731292517006803;0.015677006439402855;0.01850632726208763
2890.5;0.015731292517006803;0.015676814372618864;0.0718766971927262
2892.0;0.015731292517006803;0.015676814372618864;0.07996748642690851
2893.5;0.015731292517006803;0.01824237324511988;0.06593806286876763
2895.0;0.015731292517006803;0.018242310595448556;0.015711796950363736
2896.5;0.015731292517006803;0.01567667170887434;0.015711796950363736
2898.0;0.015731292517006803;0.01567667170887434;0.018277260861902424
2899.5;0.015731292517006803;0.015676626180486486;0.014839767744728968
2901.0;0.015731292517006803;0.018242167293575428;0.017393838281482624
2902.5;0.015731292517006803;0.017754480892796753;0.017393838281482624
2904.0;0.015731292517006803;0.01850632726208763;0.018248107350266503
2905.5;0.07303592577970786;0.015809071886378992;0.01567987457984609
2907.0;0.07303592577970786;0.015809071886378992;0.07769476942671755
2908.5;0.07303592577970786;0.016638225255972697;0.04205607476635514
2910.0;0.07303592577970786;0.017699115044247787;0.04205607476635514
2911.5;0.07303592577970786;0.017015706806282723;0.08175211949939443
2913.0;0.07303592577970786;0.016979552792060267;0.08175211949939443
2914.5;0.07303592577970786;0.016979552792060267;0.04875717017208413
2916.0;0.07303592577970786;0.016807551075732556;0.016863406408094434
2917.5;0.07303592577970786;0.016713577195494413;0.01845342706502636
2919.0;0.07303592577970786;0.014929429479221547;0.01702553830746119
2920.5;0.07303592577970786;0.014929429479221547;0.01702553830746119
2922.0;0.07303592577970786;0.017455819026846356;0.018010291595197254
2923.5;0.07303592577970786;0.018937169700528483;0.016863406408094434
2925.0;0.014910112661872163;0.018937169700528483;0.07672379434037466
2926.5;0.014870091759449306;0.015225395561747438;0.017623877982923447
2928.0;0.015095605501509561;0.016863406408094434;0.017754480892796753
2929.5;0.015001087035292413;0.0189328743545611;0.038385826771653545
2931.0;0.015001087035292413;0.0189328743545611;0.05020283975659229
2932.5;0.015001087035292413;0.017754480892796753;0.015069294547215105
2934.0;0.01842179442537598;0.015095605501509561;0.01848360454802751
2935.5;0.01842179442537598;0.016745540589734254;0.014936197678611653
2937.0;0.017498443680569787;0.016745540589734254;0.08747300215982722
2938.5;0.016638225255972697;0.016745540589734254;0.0161839863713799
2940.0;0.01597712748065927;0.016745540589734254;0.01865038996269922
2941.5;0.01597712748065927;0.01842179442537598;0.0161839863713799
2943.0;0.015809071886378992;0.01842179442537598;0.01597712748065927
2944.5;0.015769487034319674;0.01842179442537598;0.015280135823429542
2946.0;0.015769487034319674;0.0470532319391635;0.0175513698630137
2947.5;0.015769487034319674;0.017754480892796753;0.016745540589734254
2949.0;0.015769487034319674;0.017754480892796753;0.06854651270894926
2950.5;0.015769487034319674;0.017754480892796753;0.038385826771653545
2952.0;0.015743018124095107;0.015001087035292413;0.018937169700528483
2953.5;0.017443347491498312;0.014945495799148322;0.016807551075732556
2955.0;0.017443347491498312;0.01663225731761437;0.0161839863713799
2956.5;0.01741601350785099;0.01663225731761437;0.016676298192025096
2958.0;0.01741601350785099;0.015731292517006803;0.08152861826245252
2959.5;0.01741601350785099;0.015731292517006803;0.08152861826245252
2961.0;0.01741601350785099;0.016863406408094434;0.016582472972657695
2962.5;0.01741601350785099;0.015001087035292413;0.018289844042285466
2964.0;0.0182681206624895;0.015001087035292413;0.015695763321720377
2965.5;0.0182681206624895;0.017094017094017096;0.017754480892796753
2967.0;0.0182681206624895;0.017623877982923447;0.017754480892796753
2968.5;0.0182681206624895;0.014910112661872163;0.046489563567362426
2970.0;0.0182681206624895;0.014910112661872163;0.016863406408094434
2971.5;0.017401635028469288;0.018332165356039182;0.017754480892796753
2973.0;0.07682205778853389;0.014870091759449306;0.0798365745414373
2974.5;0.07682205778853389;0.014870091759449306;0.01830736743700201
2976.0;0.07682205778853389;0.014870091759449306;0.017699115044247787
2977.5;0.016537723722061845;0.014870091759449306;0.01597712748065927
2979.0;0.016537723722061845;0.014870091759449306;0.01597712748065927
2980.5;0.016537723722061845;0.014870091759449306;0.0170487948265726
2982.0;0.01739137492247878;0.014870091759449306;0.017015706806282723
2983.5;0.01739137492247878;0.014870091759449306;0.017934291168491913
2985.0;0.01739137492247878;0.014870091759449306;0.06828301326719025
2986.5;0.01739137492247878;0.014870091759449306;0.01490398320124353
2988.0;0.01739137492247878;0.07850573814074081;0.047658862876254184
2989.5;0.014830971492820427;0.07850573814074081;0.016081348496769426
2991.0;0.014830971492820427;0.07850573814074081;0.016081348496769426
2992.5;0.014830971492820427;0.07850573814074081;0.017373380447585393
2994.0;0.014829232922191612;0.08045378870507562;0.08420386198163977
2995.5;0.014829232922191612;0.08045378870507562;0.015831002263857863
2997.0;0.014829232922191612;0.08045378870507562;0.018345227946508485
2998.5;0.014829232922191612;0.08045378870507562;0.0735278776793066
3000.0;0.014829232922191612;0.08045378870507562;0.0161839863713799
3001.5;0.018244004306380245;0.08045378870507562;0.017547197908565945
3003.0;0.01738538657899296;0.08045378870507562;0.07303592577970786
3004.5;0.01738538657899296;0.08045378870507562;0.07303592577970786
3006.0;0.01738538657899296;0.016550266845809666;0.018683274021352312
3007.5;0.016529793433502835;0.01654477169890474;0.01597712748065927
3009.0;0.016529793433502835;0.018470790378006873;0.06973170529113713
3010.5;0.0776483655766198;0.016863406408094434;0.015095605501509561
3012.0;0.0776483655766198;0.016863406408094434;0.08450826136298063
3013.5;0.0776483655766198;0.017623877982923447;0.08450826136298063
3015.0;0.0776483655766198;0.016676298192025096;0.017754480892796753
3016.5;0.014827312439301472;0.016676298192025096;0.07548669050456894
3018.0;0.017384409349774463;0.01663225731761437;0.017623877982923447
3019.5;0.017384409349774463;0.017465858520325457;0.014910112661872163
3021.0;0.017384409349774463;0.017465858520325457;0.017754480892796753
3022.5;0.017384333472854088;0.017465858520325457;0.015001087035292413
3024.0;0.017384333472854088;0.017465858520325457;0.018332165356039182
3025.5;0.016529079863994253;0.0175513698630137;0.018332165356039182
3027.0;0.017384233914291836;0.015095605501509561;0.01830736743700201
3028.5;0.01738420192052985;0.015871286409530037;0.016568094782873223
3030.0;0.018242201966396813;0.01836806645203033;0.016568094782873223
3031.5;0.015676611548208787;0.018470790378006873;0.016557768507871926
3033.0;0.015676611548208787;0.018470790378006873;0.018010291595197254
3034.5;0.015676611548208787;0.015095605501509561;0.017623877982923447
3036.0;0.015676611548208787;0.017094017094017096;0.014910112661872163
3037.5;0.015676611548208787;0.017094017094017096;0.017443347491498312
3039.0;0.015676611548208787;0.016863406408094434;0.08244680851063829
3040.5;0.015676611548208787;0.016863406408094434;0.08244680851063829
3042.0;0.015676611548208787;0.016863406408094434;0.08244680851063829
3043.5;0.015676611548208787;0.016863406408094434;0.015001087035292413
3045.0;0.015676611548208787;0.016863406408094434;0.015001087035292413
3046.5;0.015676611548208787;0.016863406408094434;0.017547197908565945
3048.0;0.015676611548208787;0.016863406408094434;0.017547197908565945
3049.5;0.015676611548208787;0.016863406408094434;0.017094017094017096
3051.0;0.015676611548208787;0.016863406408094434;0.017754480892796753
3052.5;0.015676611548208787;0.016863406408094434;0.015809071886378992
3054.0;0.015676611548208787;0.016863406408094434;0.017498443680569787
3055.5;0.015676611548208787;0.016863406408094434;0.016863406408094434
3057.0;0.015676611548208787;0.016863406408094434;0.0175513698630137
3058.5;0.015676611548208787;0.016863406408094434;0.0175513698630137
3060.0;0.015676611548208787;0.016863406408094434;0.0175513698630137
3061.5;0.015676611548208787;0.016863406408094434;0.016745540589734254
3063.0;0.015676611548208787;0.016863406408094434;0.016745540589734254
3064.5;0.015676611548208787;0.016863406408094434;0.016745540589734254
3066.0;0.015676611548208787;0.016863406408094434;0.017547197908565945
3067.5;0.015676611548208787;0.016863406408094434;0.0161839863713799
3069.0;0.015676611548208787;0.016863406408094434;0.0161839863713799
3070.5;0.015676611548208787;0.016863406408094434;0.0161839863713799
3072.0;0.015676611548208787;0.016863406408094434;0.0161839863713799
3073.5;0.015676611548208787;0.016676298192025096;0.015095605501509561
3075.0;0.015676611548208787;0.014910112661872163;0.01608187134502924
3076.5;0.015676611548208787;0.07378150182183574;0.01608187134502924
3078.0;0.018242167293575428;0.07378150182183574;0.01608187134502924
3079.5;0.01567659234470767;0.07378150182183574;0.01845342706502636
3081.0;0.01567659234470767;0.014870091759449306;0.01845342706502636
3082.5;0.015280135823429542;0.018289844042285466;0.05294802172226532
3084.0;0.015280135823429542;0.018289844042285466;0.015926980240613186
3085.5;0.017754480892796753;0.018289844042285466;0.017623877982923447
3087.0;0.017754480892796753;0.01570251018973342;0.01836806645203033
3088.5;0.017754480892796753;0.01570251018973342;0.017465858520325457
3090.0;0.017754480892796753;0.01570251018973342;0.017465858520325457
3091.5;0.015001087035292413;0.016863406408094434;0.017443347491498312
3093.0;0.015001087035292413;0.015001087035292413;0.015711796950363736
3094.5;0.015001087035292413;0.07106563743420853;0.018876611418047883
3096.0;0.01663225731761437;0.07106563743420853;0.01726263871763255
3097.5;0.0161839863713799;0.07106563743420853;0.01783664661861255
3099.0;0.016863406408094434;0.01488644788002137;0.01845157937014199
3100.5;0.016863406408094434;0.01488644788002137;0.016648083640921553
3102.0;0.016863406408094434;0.015724726735506497;0.017451608467677262
3103.5;0.016863406408094434;0.01485852872552252;0.017433311232636223
3105.0;0.016863406408094434;0.014850222990092551;0.01865038996269922
3106.5;0.017094017094017096;0.01740771421307761;0.015095605501509561
3108.0;0.01597712748065927;0.017401635028469288;0.015095605501509561
3109.5;0.01597712748065927;0.017401635028469288;0.01850632726208763
3111.0;0.017547197908565945;0.017401635028469288;0.0161839863713799
3112.5;0.014910112661872163;0.015687178238012765;0.0175513698630137
3114.0;0.01488644788002137;0.015687178238012765;0.01865038996269922
3115.5;0.016582472972657695;0.015687178238012765;0.0175513698630137
3117.0;0.01485852872552252;0.015687178238012765;0.015871286409530037
3118.5;0.015690820879123473;0.016533838797490336;0.01842179442537598
3120.0;0.016540721828503288;0.01567987457984609;0.01842179442537598
3121.5;0.016540721828503288;0.0175513698630137;0.01488644788002137
3123.0;0.016540721828503288;0.0175513698630137;0.015731292517006803
3124.5;0.01672535211267606;0.017754480892796753;0.01850632726208763
3126.0;0.01672535211267606;0.017754480892796753;0.01850632726208763
3127.5;0.018937169700528483;0.017754480892796753;0.01678765880217786
3129.0;0.01702553830746119;0.017754480892796753;0.016335052812576762
3130.5;0.01702553830746119;0.017754480892796753;0.016937514305333027
3132.0;0.01702553830746119;0.016745540589734254;0.016785765670711238
3133.5;0.01702553830746119;0.016745540589734254;0.015783713313901306
3135.0;0.015069294547215105;0.016745540589734254;0.017623877982923447
3136.5;0.017603269400950756;0.017547197908565945;0.015809071886378992
3138.0;0.017603269400950756;0.01836806645203033;0.01597712748065927
3139.5;0.017603269400950756;0.01836806645203033;0.015001087035292413
3141.0;0.017534382187836362;0.07929144968115026;0.015731292517006803
3142.5;0.01490398320124353;0.07929144968115026;0.017754480892796753
3144.0;0.01490398320124353;0.017443347491498312;0.014945495799148322
3145.5;0.01490398320124353;0.017443347491498312;0.014910112661872163
3147.0;0.01832580429276873;0.017443347491498312;0.01488644788002137
3148.5;0.015721433426428948;0.017443347491498312;0.017094017094017096
3150.0;0.015721433426428948;0.017443347491498312;0.01597712748065927
3151.5;0.01484869904974782;0.016568094782873223;0.01850632726208763
3153.0;0.01484869904974782;0.016568094782873223;0.01850632726208763
3154.5;0.01484869904974782;0.016568094782873223;0.015809071886378992
3156.0;0.01484869904974782;0.016568094782873223;0.015769487034319674
3157.5;0.01484869904974782;0.016568094782873223;0.014870091759449306
3159.0;0.01484869904974782;0.078274430155538;0.014870091759449306
3160.5;0.01484869904974782;0.078274430155538;0.014850222990092551
3162.0;0.01484869904974782;0.078274430155538;0.014850222990092551
3163.5;0.01484869904974782;0.01740771421307761;0.017754480892796753
3165.0;0.01484869904974782;0.014839767744728968;0.07087532272840844
3166.5;0.01484869904974782;0.014839767744728968;0.07087532272840844
3168.0;0.01484869904974782;0.06838298669512728;0.015769487034319674
3169.5;0.01484869904974782;0.06838298669512728;0.015769487034319674
3171.0;0.017406182928430786;0.015684481542853023;0.01660281557997176
3172.5;0.017406182928430786;0.015684481542853023;0.01660281557997176
3174.0;0.017406182928430786;0.015684481542853023;0.017443347491498312
3175.5;0.01568650125372127;0.014832305600435561;0.01741601350785099
3177.0;0.01568650125372127;0.017389540773412943;0.015695763321720377
3178.5;0.01568650125372127;0.017389540773412943;0.014839767744728968
3180.0;0.01568650125372127;0.017389540773412943;0.015687178238012765
3181.5;0.017094017094017096;0.017389540773412943;0.07146198039361484
3183.0;0.017094017094017096;0.014829232922191612;0.014832305600435561
3184.5;0.016863406408094434;0.014829232922191612;0.014832305600435561
3186.0;0.016863406408094434;0.014829232922191612;0.014832305600435561
3187.5;0.016863406408094434;0.018244633954786142;0.014832305600435561
3189.0;0.08265594250021391;0.018244633954786142;0.018246600758721136
3190.5;0.08265594250021391;0.018244004306380245;0.014828677071017829
3192.0;0.08265594250021391;0.0175513698630137;0.051059730250481696
3193.5;0.08265594250021391;0.017754480892796753;0.051059730250481696
3195.0;0.08265594250021391;0.017754480892796753;0.051059730250481696
3196.5;0.08265594250021391;0.017754480892796753;0.017754480892796753
3198.0;0.07299742814770317;0.017754480892796753;0.01850632726208763
3199.5;0.07299742814770317;0.017754480892796753;0.017547197908565945
3201.0;0.07299742814770317;0.017754480892796753;0.017547197908565945
3202.5;0.017498443680569787;0.017754480892796753;0.06997510553090161
3204.0;0.018332165356039182;0.017754480892796753;0.017465858520325457
3205.5;0.017094017094017096;0.017623877982923447;0.017465858520325457
3207.0;0.017094017094017096;0.017623877982923447;0.017465858520325457
3208.5;0.017094017094017096;0.017623877982923447;0.014870091759449306
3210.0;0.017094017094017096;0.017623877982923447;0.015711796950363736
3211.5;0.017094017094017096;0.017623877982923447;0.015695763321720377
3213.0;0.017094017094017096;0.017623877982923447;0.015690820879123473
3214.5;0.07182211727666273;0.017623877982923447;0.014836509492270044
3216.0;0.07182211727666273;0.017623877982923447;0.017754480892796753
3217.5;0.07182211727666273;0.017623877982923447;0.015871286409530037
3219.0;0.0720250521920668;0.017623877982923447;0.015871286409530037
3220.5;0.0720250521920668;0.017623877982923447;0.015809071886378992
3222.0;0.0720250521920668;0.017623877982923447;0.015809071886378992
3223.5;0.017547197908565945;0.017623877982923447;0.015809071886378992
3225.0;0.017547197908565945;0.017623877982923447;0.018332165356039182
3226.5;0.017547197908565945;0.017623877982923447;0.018332165356039182
3228.0;0.017547197908565945;0.017623877982923447;0.015724726735506497
3229.5;0.017547197908565945;0.017623877982923447;0.015724726735506497
3231.0;0.017547197908565945;0.017623877982923447;0.015724726735506497
3232.5;0.017547197908565945;0.017623877982923447;0.015731292517006803
3234.0;0.017547197908565945;0.016676298192025096;0.016863406408094434
3235.5;0.017547197908565945;0.016676298192025096;0.01850632726208763
3237.0;0.017547197908565945;0.016676298192025096;0.01850632726208763
3238.5;0.017547197908565945;0.01663225731761437;0.017094017094017096
3240.0;0.017547197908565945;0.01663225731761437;0.017547197908565945
3241.5;0.017547197908565945;0.01663225731761437;0.0161839863713799
3243.0;0.017547197908565945;0.01830736743700201;0.0161839863713799
3244.5;0.017547197908565945;0.01830736743700201;0.0161839863713799
3246.0;0.07326130256843867;0.01830736743700201;0.015871286409530037
3247.5;0.07326130256843867;0.016568094782873223;0.015871286409530037
3249.0;0.07326130256843867;0.01570251018973342;0.014945495799148322
3250.5;0.07773101809313682;0.016550266845809666;0.01663225731761437
3252.0;0.07773101809313682;0.01654477169890474;0.01663225731761437
3253.5;0.07773101809313682;0.016540721828503288;0.01663225731761437
3255.0;0.016568094782873223;0.01739137492247878;0.01663225731761437
3256.5;0.07611210733696298;0.017389540773412943;0.01663225731761437
3258.0;0.07611210733696298;0.015679043553987165;0.01660281557997176
3259.5;0.07611210733696298;0.015677957190639216;0.016582472972657695
3261.0;0.041666666666666664;0.015731292517006803;0.016568094782873223
3262.5;0.08315565031982942;0.017754480892796753;0.045928030303030304
3264.0;0.08315565031982942;0.015731292517006803;0.045928030303030304
3265.5;0.08315565031982942;0.017623877982923447;0.045928030303030304
3267.0;0.08315565031982942;0.017547197908565945;0.045928030303030304
3268.5;0.08315565031982942;0.017547197908565945;0.01865038996269922
3270.0;0.08315565031982942;0.016863406408094434;0.016745540589734254
3271.5;0.08315565031982942;0.016863406408094434;0.016745540589734254
3273.0;0.016745540589734254;0.01850632726208763;0.016745540589734254
3274.5;0.017094017094017096;0.01850632726208763;0.016676298192025096
3276.0;0.017094017094017096;0.01850632726208763;0.016638225255972697
3277.5;0.015871286409530037;0.01597712748065927;0.015095605501509561
3279.0;0.014945495799148322;0.01850632726208763;0.015095605501509561
3280.5;0.015769487034319674;0.014945495799148322;0.08755082619603771
3282.0;0.016582472972657695;0.014945495799148322;0.01836806645203033
3283.5;0.015711796950363736;0.014945495799148322;0.08315565031982942
3285.0;0.015711796950363736;0.017824497257769654;0.08315565031982942
3286.5;0.016550266845809666;0.019139945314441957;0.015001087035292413
3288.0;0.0175513698630137;0.019139945314441957;0.016676298192025096
3289.5;0.016863406408094434;0.016937514305333027;0.015769487034319674
3291.0;0.017699115044247787;0.016937514305333027;0.015724726735506497
3292.5;0.018010291595197254;0.016937514305333027;0.017427438387099873
3294.0;0.018010291595197254;0.0185554688027144;0.017427438387099873
3295.5;0.018010291595197254;0.014965094221118901;0.017373380447585393
3297.0;0.08954302181967888;0.014965094221118901;0.018010291595197254
3298.5;0.017623877982923447;0.017515962224757837;0.017094017094017096
3300.0;0.017623877982923447;0.014895060311512434;0.017094017094017096
3301.5;0.017547197908565945;0.018296312618706345;0.017094017094017096
3303.0;0.017547197908565945;0.018296312618706345;0.018470790378006873
3304.5;0.08454031981241;0.018296312618706345;0.017094017094017096
3306.0;0.08454031981241;0.018296312618706345;0.015871286409530037
3307.5;0.08454031981241;0.018296312618706345;0.015871286409530037
3309.0;0.08454031981241;0.01827151917897185;0.069651277654558
3310.5;0.08454031981241;0.01827151917897185;0.069651277654558
3312.0;0.01488644788002137;0.01827151917897185;0.069651277654558
3313.5;0.015724726735506497;0.01827151917897185;0.01663225731761437
3315.0;0.015724726735506497;0.01827151917897185;0.014870091759449306
3316.5;0.018289844042285466;0.016546819469001776;0.01597712748065927
3318.0;0.018289844042285466;0.016542233453845485;0.016745540589734254
3319.5;0.018277260861902424;0.016542233453845485;0.017094017094017096
3321.0;0.018277260861902424;0.01825420458465971;0.0161839863713799
3322.5;0.018277260861902424;0.01825420458465971;0.017094017094017096
3324.0;0.017401635028469288;0.01825420458465971;0.016863406408094434
3325.5;0.018256492034823147;0.014832975756424343;0.015871286409530037
3327.0;0.015280135823429542;0.014832975756424343;0.015769487034319674
3328.5;0.016863406408094434;0.01653306510542159;0.016638225255972697
3330.0;0.017623877982923447;0.01653306510542159;0.016745540589734254
3331.5;0.01836806645203033;0.01653306510542159;0.01836806645203033
3333.0;0.01836806645203033;0.01653306510542159;0.015724726735506497
3334.5;0.017699115044247787;0.01653306510542159;0.015711796950363736
3336.0;0.017699115044247787;0.014829511388694374;0.017754480892796753
3337.5;0.017699115044247787;0.015678655000622394;0.016863406408094434
3339.0;0.017699115044247787;0.015678655000622394;0.016863406408094434
3340.5;0.01865038996269922;0.015678655000622394;0.016863406408094434
3342.0;0.08386958386958387;0.015678655000622394;0.017547197908565945
3343.5;0.08386958386958387;0.015678655000622394;0.038385826771653545
3345.0;0.08386958386958387;0.015678655000622394;0.018010291595197254
3346.5;0.08386958386958387;0.014828417011058805;0.018010291595197254
3348.0;0.08386958386958387;0.014828417011058805;0.01865038996269922
3349.5;0.08386958386958387;0.014828417011058805;0.017623877982923447
3351.0;0.08386958386958387;0.014828417011058805;0.015809071886378992
3352.5;0.08386958386958387;0.014828417011058805;0.015731292517006803
3354.0;0.08386958386958387;0.018243709581917015;0.041666666666666664
3355.5;0.08386958386958387;0.018243709581917015;0.017971946230274694
3357.0;0.08386958386958387;0.018243709581917015;0.01771809624494277
3358.5;0.08386958386958387;0.07658397680426846;0.01771809624494277
3360.0;0.08386958386958387;0.07658397680426846;0.017603269400950756
3361.5;0.08386958386958387;0.014827349257504209;0.016664722618075594
3363.0;0.08386958386958387;0.014827349257504209;0.016624630520743856
3364.5;0.08386958386958387;0.014827266425468529;0.017094017094017096
3366.0;0.08386958386958387;0.014827266425468529;0.015095605501509561
3367.5;0.08386958386958387;0.014827266425468529;0.015001087035292413
3369.0;0.08386958386958387;0.016529157019814205;0.017547197908565945
3370.5;0.08386958386958387;0.016529157019814205;0.017547197908565945
3372.0;0.08386958386958387;0.016529157019814205;0.06888939767675939
3373.5;0.08386958386958387;0.016529157019814205;0.06888939767675939
3375.0;0.08386958386958387;0.06818347888950561;0.06888939767675939
3376.5;0.08386958386958387;0.06818347888950561;0.018470790378006873
3378.0;0.08386958386958387;0.014827077019388476;0.01865038996269922
3379.5;0.08386958386958387;0.05048076923076923;0.08508990794115118
3381.0;0.018354055654233276;0.07796881247500999;0.08508990794115118
3382.5;0.018354055654233276;0.015001087035292413;0.01842179442537598
3384.0;0.018354055654233276;0.015001087035292413;0.01842179442537598
3385.5;0.018354055654233276;0.014945495799148322;0.06888939767675939
3387.0;0.017094017094017096;0.014945495799148322;0.06888939767675939
3388.5;0.01597712748065927;0.014945495799148322;0.06888939767675939
3390.0;0.01597712748065927;0.017498443680569787;0.06888939767675939
3391.5;0.01597712748065927;0.017498443680569787;0.06888939767675939
3393.0;0.015871286409530037;0.017498443680569787;0.06888939767675939
3394.5;0.015871286409530037;0.017498443680569787;0.06888939767675939
3396.0;0.015871286409530037;0.017498443680569787;0.06888939767675939
3397.5;0.016676298192025096;0.017498443680569787;0.06888939767675939
3399.0;0.017373380447585393;0.017498443680569787;0.06888939767675939
3400.5;0.0161839863713799;0.017498443680569787;0.06888939767675939
3402.0;0.0161839863713799;0.017498443680569787;0.06888939767675939
3403.5;0.0161839863713799;0.017498443680569787;0.06888939767675939
3405.0;0.0161839863713799;0.017498443680569787;0.06888939767675939
3406.5;0.01850632726208763;0.017498443680569787;0.06888939767675939
3408.0;0.018470790378006873;0.017498443680569787;0.06888939767675939
3409.5;0.018470790378006873;0.017498443680569787;0.06888939767675939
3411.0;0.015871286409530037;0.017498443680569787;0.06888939767675939
3412.5;0.015871286409530037;0.017498443680569787;0.06888939767675939
3414.0;0.016638225255972697;0.017498443680569787;0.06888939767675939
3415.5;0.018470790378006873;0.017498443680569787;0.06888939767675939
3417.0;0.018470790378006873;0.017498443680569787;0.01660281557997176
3418.5;0.017094017094017096;0.017498443680569787;0.01660281557997176
3420.0;0.017094017094017096;0.017498443680569787;0.01660281557997176
3421.5;0.016745540589734254;0.017498443680569787;0.01830736743700201
3423.0;0.017547197908565945;0.017498443680569787;0.01830736743700201
3424.5;0.01663225731761437;0.015743018124095107;0.01830736743700201
3426.0;0.01663225731761437;0.015711796950363736;0.01830736743700201
3427.5;0.01663225731761437;0.015711796950363736;0.01830736743700201
3429.0;0.01663225731761437;0.017094017094017096;0.01830736743700201
3430.5;0.01663225731761437;0.017094017094017096;0.01830736743700201
3432.0;0.01663225731761437;0.016863406408094434;0.015711796950363736
3433.5;0.01663225731761437;0.016863406408094434;0.01740771421307761
3435.0;0.01663225731761437;0.017623877982923447;0.01654477169890474
3436.5;0.01663225731761437;0.015095605501509561;0.014836509492270044
3438.0;0.01663225731761437;0.015095605501509561;0.01739137492247878
3439.5;0.01663225731761437;0.0161839863713799;0.014830971492820427
3441.0;0.01663225731761437;0.01597712748065927;0.018246600758721136
3442.5;0.01663225731761437;0.016745540589734254;0.01865038996269922
3444.0;0.01663225731761437;0.014945495799148322;0.016863406408094434
3445.5;0.01663225731761437;0.01663225731761437;0.016745540589734254
3447.0;0.01663225731761437;0.01663225731761437;0.015809071886378992
3448.5;0.01663225731761437;0.01663225731761437;0.017754480892796753
3450.0;0.01663225731761437;0.018332165356039182;0.01842179442537598
3451.5;0.0770733678473717;0.018332165356039182;0.01836806645203033
3453.0;0.0770733678473717;0.06593806286876763;0.01488644788002137
3454.5;0.0770733678473717;0.018289844042285466;0.01488644788002137
3456.0;0.0770733678473717;0.014850222990092551;0.016863406408094434
3457.5;0.0770733678473717;0.015731292517006803;0.016403046280023436
3459.0;0.07554733113661864;0.015731292517006803;0.017754480892796753
3460.5;0.017427438387099873;0.015731292517006803;0.015095605501509561
3462.0;0.017427438387099873;0.01597712748065927;0.015871286409530037
3463.5;0.01570251018973342;0.01597712748065927;0.015001087035292413
3465.0;0.01570251018973342;0.016745540589734254;0.01597712748065927
3466.5;0.015690820879123473;0.016745540589734254;0.015809071886378992
3468.0;0.041250831669993354;0.016745540589734254;0.018470790378006873
3469.5;0.017015706806282723;0.07299742814770317;0.016863406408094434
3471.0;0.01771809624494277;0.07299742814770317;0.01865038996269922
3472.5;0.01771809624494277;0.015743018124095107;0.016863406408094434
3474.0;0.015854570888502284;0.01830736743700201;0.01663225731761437
3475.5;0.015854570888502284;0.01865038996269922;0.0175513698630137
3477.0;0.015854570888502284;0.03758169934640523;0.015871286409530037
3478.5;0.014936197678611653;0.03758169934640523;0.015731292517006803
3480.0;0.017460084355449466;0.0189328743545611;0.015095605501509561
3481.5;0.016565477533764368;0.0189328743545611;0.015871286409530037
3483.0;0.01654888269212068;0.015095605501509561;0.017094017094017096
3484.5;0.01654888269212068;0.015095605501509561;0.016863406408094434
3486.0;0.016543753554588047;0.015871286409530037;0.016863406408094434
3487.5;0.017396322248462125;0.015871286409530037;0.014945495799148322
3489.0;0.016537165274566903;0.014945495799148322;0.017498443680569787
3490.5;0.016537165274566903;0.014945495799148322;0.01672535211267606
3492.0;0.0425033467202142;0.01663225731761437;0.01597712748065927
3493.5;0.018010291595197254;0.01660281557997176;0.016745540589734254
3495.0;0.018010291595197254;0.01830736743700201;0.016745540589734254
3496.5;0.07390300230946882;0.018289844042285466;0.018010291595197254
3498.0;0.018010291595197254;0.014850222990092551;0.018010291595197254
3499.5;0.01850632726208763;0.014850222990092551;0.015095605501509561
3501.0;0.017547197908565945;0.01826142579350741;0.0189328743545611
3502.5;0.017547197908565945;0.01826142579350741;0.01850632726208763
3504.0;0.017547197908565945;0.01826142579350741;0.0161839863713799
3505.5;0.014910112661872163;0.01826142579350741;0.015095605501509561
3507.0;0.014910112661872163;0.01826142579350741;0.015001087035292413
3508.5;0.014910112661872163;0.01826142579350741;0.015001087035292413
3510.0;0.014910112661872163;0.01826142579350741;0.014945495799148322
3511.5;0.014910112661872163;0.01826142579350741;0.01660281557997176
3513.0;0.014910112661872163;0.01826142579350741;0.014870091759449306
3514.5;0.014910112661872163;0.014834097312229661;0.014870091759449306
3516.0;0.014910112661872163;0.01739137492247878;0.0182681206624895
3517.5;0.017465858520325457;0.01739137492247878;0.017401635028469288
3519.0;0.017094017094017096;0.017389540773412943;0.014836509492270044
3520.5;0.017754480892796753;0.017389540773412943;0.014836509492270044
3522.0;0.017754480892796753;0.017389540773412943;0.018010291595197254
3523.5;0.017754480892796753;0.017389540773412943;0.015809071886378992
3525.0;0.01850632726208763;0.01653260196570383;0.07659179563235237
3526.5;0.01850632726208763;0.01653260196570383;0.0175513698630137
3528.0;0.01850632726208763;0.01653260196570383;0.0175513698630137
3529.5;0.01850632726208763;0.06719608754144192;0.015001087035292413
3531.0;0.01850632726208763;0.06719608754144192;0.015001087035292413
3532.5;0.015809071886378992;0.06719608754144192;0.016676298192025096
3534.0;0.015809071886378992;0.06719608754144192;0.016676298192025096
3535.5;0.01836806645203033;0.06719608754144192;0.01836806645203033
3537.0;0.01836806645203033;0.014828677071017829;0.04334677419354839
3538.5;0.01836806645203033;0.014828677071017829;0.0175513698630137
3540.0;0.017443347491498312;0.014828677071017829;0.01850632726208763
3541.5;0.015711796950363736;0.018244004306380245;0.01836806645203033
3543.0;0.01741601350785099;0.018244004306380245;0.01836806645203033
3544.5;0.014844188506303903;0.018244004306380245;0.018332165356039182
3546.0;0.014844188506303903;0.018244004306380245;0.018332165356039182
3547.5;0.01826142579350741;0.01567760904807164;0.018332165356039182
3549.0;0.016540721828503288;0.01567760904807164;0.0161839863713799
3550.5;0.016540721828503288;0.01567760904807164;0.08302956662616444
3552.0;0.049329501915708805;0.016529576213227;0.08302956662616444
3553.5;0.049329501915708805;0.01652941341487852;0.08302956662616444
3555.0;0.0175513698630137;0.014827312439301472;0.016745540589734254
3556.5;0.01865038996269922;0.014827183625536878;0.01597712748065927
3558.0;0.01865038996269922;0.016863406408094434;0.01597712748065927
3559.5;0.01850632726208763;0.015001087035292413;0.01597712748065927
3561.0;0.015809071886378992;0.017094017094017096;0.01850632726208763
3562.5;0.017498443680569787;0.0161839863713799;0.017498443680569787
3564.0;0.018332165356039182;0.0161839863713799;0.017498443680569787
3565.5;0.016582472972657695;0.015871286409530037;0.01660281557997176
3567.0;0.045928030303030304;0.0189328743545611;0.0788296099311738
3568.5;0.0175513698630137;0.01597712748065927;0.018470790378006873
3570.0;0.016638225255972697;0.016638225255972697;0.016863406408094434
3571.5;0.01842179442537598;0.01597712748065927;0.016745540589734254
3573.0;0.018332165356039182;0.01597712748065927;0.016676298192025096
3574.5;0.0161839863713799;0.016745540589734254;0.014910112661872163
3576.0;0.01597712748065927;0.01663225731761437;0.07487412953639226
3577.5;0.01654091700522345;0.01865038996269922;0.07487412953639226
3579.0;0.01654091700522345;0.017623877982923447;0.07487412953639226
3580.5;0.01702553830746119;0.017623877982923447;0.07487412953639226
3582.0;0.01702553830746119;0.0175513698630137;0.08215271463641584
3583.5;0.01848360454802751;0.01597712748065927;0.08215271463641584
3585.0;0.015762630806304054;0.018470790378006873;0.08215271463641584
3586.5;0.0165975978705743;0.015280135823429542;0.08215271463641584
3588.0;0.017094017094017096;0.01850632726208763;0.015711796950363736
3589.5;0.017094017094017096;0.01842179442537598;0.06972537892896573
3591.0;0.017094017094017096;0.018332165356039182;0.015690820879123473
3592.5;0.017094017094017096;0.018289844042285466;0.016540721828503288
3594.0;0.01865038996269922;0.018289844042285466;0.015684481542853023
3595.5;0.01865038996269922;0.018289844042285466;0.015684481542853023
3597.0;0.01850632726208763;0.018289844042285466;0.015684481542853023
3598.5;0.01836806645203033;0.018289844042285466;0.047619047619047616
