#auto generated file!
6.0;0.022620188602105854;0.022620188602105854;0.022620188602105854
7.5;0.022620188602105854;0.022620188602105854;0.022620188602105854
9.0;0.022620188602105854;0.022620188602105854;0.022620188602105854
10.5;0.022620188602105854;0.022620188602105854;0.022620188602105854
12.0;0.022620188602105854;0.022620188602105854;0.022620188602105854
13.5;0.0175513698630137;0.01567656765676568;0.031462585034013606
15.0;0.01652892561983471;0.016638225255972697;0.03722426470588235
16.5;0.01567656765676568;0.025573192239858905;0.0351027397260274
18.0;0.014827018121911038;0.0175513698630137;0.030245746691871456
19.5;0.0173841059602649;0.030560271646859084;0.03418803418803419
21.0;0.0173841059602649;0.023765996343692867;0.02802491103202847
22.5;0.017094017094017096;0.030560271646859084;0.027531083481349913
24.0;0.01834862385321101;0.031746031746031744;0.027531083481349913
25.5;0.019142066420664204;0.0189328743545611;0.03061868686868687
27.0;0.030560271646859084;0.0285204991087344;0.024122807017543862
28.5;0.019345238095238096;0.01567656765676568;0.03460837887067396
30.0;0.019274809160305342;0.01834862385321101;0.036941580756013746
31.5;0.024816176470588234;0.024114774114774116;0.03061868686868687
33.0;0.024664750957854403;0.0378657487091222;0.03602058319039451
34.5;0.03185654008438818;0.01652892561983471;0.01652892561983471
36.0;0.0323679727427598;0.03828413284132841;0.01652892561983471
37.5;0.01904761904761905;0.04337284482758621;0.03669724770642202
39.0;0.03512773722627738;0.030318091451292245;0.024114774114774116
40.5;0.017699115044247787;0.030560271646859084;0.023765996343692867
42.0;0.025522755227552277;0.017373380447585393;0.0285204991087344
43.5;0.0285204991087344;0.015731292517006803;0.014827018121911038
45.0;0.01824212271973466;0.0173841059602649;0.01567656765676568
46.5;0.02802491103202847;0.014827018121911038;0.03460837887067396
48.0;0.014827018121911038;0.025502008032128515;0.03460837887067396
49.5;0.01567656765676568;0.018683274021352312;0.03828413284132841
51.0;0.023762376237623763;0.014827018121911038;0.025522755227552277
52.5;0.03674948240165632;0.023418491484184917;0.03669724770642202
54.0;0.026548672566371685;0.02939958592132505;0.031462585034013606
55.5;0.014827018121911038;0.026548672566371685;0.030560271646859084
57.0;0.01652892561983471;0.0378657487091222;0.016403046280023436
58.5;0.01567656765676568;0.030560271646859084;0.024114774114774116
60.0;0.018876611418047883;0.038385826771653545;0.014827018121911038
61.5;0.030993042378241617;0.017094017094017096;0.0323679727427598
63.0;0.03136882129277567;0.02909270216962525;0.0323679727427598
64.5;0.019013666072489603;0.03825903825903826;0.028401997503121095
66.0;0.029017857142857144;0.0173841059602649;0.023642732049036778
67.5;0.014827018121911038;0.017699115044247787;0.04483695652173913
69.0;0.018010291595197254;0.0161839863713799;0.027531083481349913
70.5;0.033276450511945395;0.02352661596958175;0.03542094455852156
72.0;0.01567656765676568;0.018026004728132386;0.025522755227552277
73.5;0.024501992031872512;0.030009920634920632;0.022727272727272728
75.0;0.029397233201581028;0.015731292517006803;0.039821029082774045
76.5;0.0323679727427598;0.027531083481349913;0.0323679727427598
78.0;0.04637002341920375;0.0285204991087344;0.02703900709219858
79.5;0.0170487948265726;0.027551020408163263;0.0351027397260274
81.0;0.02352661596958175;0.019345238095238096;0.028186274509803922
82.5;0.029017857142857144;0.02516881522406384;0.0340398201669878
84.0;0.01567656765676568;0.03125;0.01567656765676568
85.5;0.031746031746031744;0.027886497064579255;0.0323679727427598
87.0;0.015731292517006803;0.0378657487091222;0.030560271646859084
88.5;0.027531083481349913;0.02460456942003515;0.03136882129277567
90.0;0.022727272727272728;0.02795584045584046;0.030560271646859084
91.5;0.0170487948265726;0.0323679727427598;0.025088028169014082
93.0;0.029516994633273706;0.03442728442728442;0.024464831804281346
94.5;0.03512773722627738;0.022964015151515152;0.030560271646859084
96.0;0.03669724770642202;0.017094017094017096;0.027531083481349913
97.5;0.03251008064516129;0.031746031746031744;0.017094017094017096
99.0;0.03418803418803419;0.023031496062992124;0.025573192239858905
100.5;0.038817005545286505;0.019961612284069098;0.025088028169014082
102.0;0.01652892561983471;0.036415289256198344;0.019013666072489603
103.5;0.01824212271973466;0.023765996343692867;0.02878937007874016
105.0;0.0173841059602649;0.017699115044247787;0.03469827586206897
106.5;0.0175513698630137;0.028073770491803277;0.017699115044247787
108.0;0.02516881522406384;0.014827018121911038;0.036941580756013746
109.5;0.01567656765676568;0.015731292517006803;0.029874213836477988
111.0;0.036941580756013746;0.028767523364485983;0.0378657487091222
112.5;0.017699115044247787;0.016403046280023436;0.03481624758220503
114.0;0.014827018121911038;0.02351778656126482;0.030993042378241617
115.5;0.026548672566371685;0.026060070671378093;0.0378657487091222
117.0;0.0323679727427598;0.02495201535508637;0.014827018121911038
118.5;0.03418803418803419;0.02703900709219858;0.03442728442728442
120.0;0.0230722525804493;0.01567656765676568;0.0378657487091222
121.5;0.018683274021352312;0.018683274021352312;0.018354055654233276
123.0;0.024378585086042064;0.0378657487091222;0.029874213836477988
124.5;0.01567656765676568;0.017373380447585393;0.018470790378006873
126.0;0.0351027397260274;0.03935185185185185;0.02802491103202847
127.5;0.023765996343692867;0.016638225255972697;0.018010291595197254
129.0;0.027531083481349913;0.030753138075313803;0.02802491103202847
130.5;0.0230722525804493;0.014827018121911038;0.04017857142857143
132.0;0.02640503875968992;0.01672535211267606;0.029132231404958676
133.5;0.014827018121911038;0.024093511450381678;0.024723374827109266
135.0;0.03409090909090909;0.023809523809523808;0.038288288288288286
136.5;0.017094017094017096;0.01652892561983471;0.02525050100200401
138.0;0.0351027397260274;0.024378585086042064;0.03528138528138528
139.5;0.03617216117216117;0.023418491484184917;0.029937629937629936
141.0;0.026060070671378093;0.024464831804281346;0.02623456790123457
142.5;0.0378657487091222;0.01567656765676568;0.014827018121911038
144.0;0.02703900709219858;0.016638225255972697;0.016403046280023436
145.5;0.01567656765676568;0.024114774114774116;0.017373380447585393
147.0;0.026548672566371685;0.029135338345864664;0.018470790378006873
148.5;0.01567656765676568;0.024816176470588234;0.024723374827109266
150.0;0.01567656765676568;0.025573192239858905;0.030245746691871456
151.5;0.02703900709219858;0.03512773722627738;0.03038573508005822
153.0;0.02703900709219858;0.018876611418047883;0.03602058319039451
154.5;0.028865979381443297;0.026592455163883737;0.018354055654233276
156.0;0.03669724770642202;0.024501992031872512;0.025522755227552277
157.5;0.03418803418803419;0.018470790378006873;0.03852920478536242
159.0;0.01824212271973466;0.03669724770642202;0.031746031746031744
160.5;0.0378657487091222;0.014827018121911038;0.0189328743545611
162.0;0.025088028169014082;0.024664750957854403;0.023613963039014373
163.5;0.0173841059602649;0.017699115044247787;0.0161839863713799
165.0;0.02587800369685767;0.01567656765676568;0.02495201535508637
166.5;0.03306159420289855;0.01824212271973466;0.0230722525804493
168.0;0.03306159420289855;0.024276859504132234;0.017094017094017096
169.5;0.01824212271973466;0.028073770491803277;0.01652892561983471
171.0;0.031462585034013606;0.029397233201581028;0.017094017094017096
172.5;0.02802491103202847;0.027531083481349913;0.023418491484184917
174.0;0.03828413284132841;0.0189328743545611;0.02822066326530612
175.5;0.0173841059602649;0.024464831804281346;0.024378585086042064
177.0;0.033276450511945395;0.03919631093544137;0.02915766738660907
178.5;0.018876611418047883;0.025522755227552277;0.02396214896214896
180.0;0.018876611418047883;0.0170487948265726;0.022964015151515152
181.5;0.0173841059602649;0.03423626787057938;0.019214401225636224
183.0;0.018012117242508598;0.02939958592132505;0.02844359220198146
184.5;0.016903583394228514;0.0175214704229874;0.02833675564681725
186.0;0.0161839863713799;0.0340398201669878;0.02835538752362949
187.5;0.03609431217943811;0.03733564872240139;0.04170616113744076
189.0;0.015743018124095107;0.029407026710193816;0.029074889867841413
190.5;0.017825311942959002;0.026060070671378093;0.019617301817012378
192.0;0.015109552273918112;0.02352661596958175;0.020032624613046137
193.5;0.018010291595197254;0.024378585086042064;0.02080873671782763
195.0;0.016863406408094434;0.03125;0.037904454105445344
196.5;0.040427509293680296;0.015225395561747438;0.033713054187192115
198.0;0.01850632726208763;0.01712538226299694;0.017045454545454544
199.5;0.01488644788002137;0.03345007831887221;0.044220945083014045
201.0;0.017094017094017096;0.018086080586080584;0.034670398009950254
202.5;0.0285204991087344;0.02964569775849602;0.034866898148148154
204.0;0.016403046280023436;0.024378585086042064;0.032151143520053035
205.5;0.024816176470588234;0.04650060334425099;0.024119929517256708
207.0;0.015001087035292413;0.01942319011183049;0.0196525928743502
208.5;0.014910112661872163;0.018197573656845753;0.02328757726883907
210.0;0.015743018124095107;0.023765996343692867;0.0446204122674711
211.5;0.01485852872552252;0.02387631883881198;0.023984527224475045
213.0;0.02516881522406384;0.023244781783681213;0.05481049562682217
214.5;0.03722426470588235;0.024664750957854403;0.03472396486825596
216.0;0.017094017094017096;0.016838000708968452;0.024276859504132234
217.5;0.018010291595197254;0.02909270216962525;0.01835078161749423
219.0;0.016863406408094434;0.0429281518300949;0.03117140731819631
220.5;0.03746174588351344;0.03238269533831528;0.03235113566605279
222.0;0.01488644788002137;0.026401230348598766;0.04098289860079461
223.5;0.0189328743545611;0.01796566169095522;0.04511610297829379
225.0;0.016863406408094434;0.017368069472277887;0.030390539053905395
226.5;0.02819414703783012;0.026592455163883737;0.04946332737030411
228.0;0.03004578405188859;0.019327580007191657;0.022953790395650864
229.5;0.026616509333522605;0.02525050100200401;0.02666227215407543
231.0;0.015988786911306178;0.019626168224299065;0.025280699444060598
232.5;0.018515152511839206;0.019071369196057474;0.024723374827109266
234.0;0.03212468193384224;0.03133759902498476;0.03423626787057938
235.5;0.037753222836095765;0.030084830149498875;0.017558729382238153
237.0;0.035751028806584366;0.029573367808661925;0.024501992031872512
238.5;0.016335052812576762;0.019251087938578323;0.02103686068467285
240.0;0.040080752375793983;0.022055806319244975;0.033861185983827494
241.5;0.030627490039840638;0.035869565217391305;0.029537995455693
243.0;0.01726263871763255;0.029702970297029705;0.03826311263972485
244.5;0.015033359741139864;0.019659185369908565;0.027394900068917986
246.0;0.026548672566371685;0.032790626607715485;0.031928970845605496
247.5;0.0175513698630137;0.017373380447585393;0.03326935380678182
249.0;0.031723651744800845;0.032419532238985624;0.018163597644995613
250.5;0.01845342706502636;0.023556231003039513;0.024166411746711535
252.0;0.01612259159428971;0.03190596137699412;0.01991708723864456
253.5;0.017094017094017096;0.03125;0.03969072164948454
255.0;0.017754480892796753;0.03236028518664012;0.04363033873343151
256.5;0.029017857142857144;0.03297872340425532;0.034670398009950254
258.0;0.038041387799061466;0.03504492939666239;0.03761566313530911
259.5;0.03564899451553931;0.01537736404878336;0.03391516127489278
261.0;0.029397233201581028;0.037969094922737305;0.04891880432478271
262.5;0.018197573656845753;0.02373344847438111;0.031020490971799555
264.0;0.03191676745851877;0.02991801500889256;0.03432670485248027
265.5;0.015780090522922573;0.037272142397598115;0.040097949188858284
267.0;0.014861722933122578;0.016909699968946357;0.024054982817869414
268.5;0.016552356215462534;0.025797318832052038;0.04581358609794628
270.0;0.017094017094017096;0.016329464092907194;0.034257832562917305
271.5;0.015095605501509561;0.017699115044247787;0.018595825426944972
273.0;0.015095605501509561;0.032994121736931926;0.03637873754152823
274.5;0.0189328743545611;0.01925569586423465;0.02475049900199601
276.0;0.01597712748065927;0.018354055654233276;0.02351778656126482
277.5;0.014945495799148322;0.016979552792060267;0.04593209812648794
279.0;0.01663225731761437;0.02587800369685767;0.046781232951445706
280.5;0.01663225731761437;0.01784040701566475;0.039022696349071385
282.0;0.01663225731761437;0.0161839863713799;0.026044915782907054
283.5;0.027531083481349913;0.015280135823429542;0.03139910261259734
285.0;0.01850632726208763;0.015095605501509561;0.025620367386400264
286.5;0.016638225255972697;0.03482458408757866;0.023613963039014373
288.0;0.01597712748065927;0.019675925925925927;0.03191137566137566
289.5;0.017498443680569787;0.017814806907942786;0.03564214455285222
291.0;0.017443347491498312;0.024122807017543862;0.032778510500424136
292.5;0.017443347491498312;0.03156312625250501;0.027161438408569244
294.0;0.031567255350648166;0.024723374827109266;0.02377848158194979
295.5;0.0175513698630137;0.03464918599625414;0.025458409892342604
297.0;0.0175513698630137;0.01702553830746119;0.01765664614270192
298.5;0.038041387799061466;0.016664722618075594;0.03216025860340007
300.0;0.014945495799148322;0.017754480892796753;0.020214113791033057
301.5;0.03825578292372061;0.01597712748065927;0.03438046160654681
303.0;0.015731292517006803;0.01942319011183049;0.036016170525542075
304.5;0.015095605501509561;0.0350922131147541;0.03654212649027169
306.0;0.036514961411379304;0.02878937007874016;0.02446212129484817
307.5;0.026548672566371685;0.028264541327984796;0.03396624472573839
309.0;0.026548672566371685;0.02835538752362949;0.03974120916979061
310.5;0.015871286409530037;0.027324375507259448;0.02434548683627162
312.0;0.015871286409530037;0.03936065342909449;0.024784482758620687
313.5;0.014945495799148322;0.025522755227552277;0.03020833333333333
315.0;0.014945495799148322;0.023642732049036778;0.025400139178844813
316.5;0.01836806645203033;0.0189328743545611;0.040197193780811526
318.0;0.03173139329252938;0.04271844660194175;0.02459736456808199
319.5;0.03173139329252938;0.019139945314441957;0.03312144529943125
321.0;0.03173139329252938;0.03564899451553931;0.022309197651663407
322.5;0.037210128013628566;0.040819094114456195;0.02418070492687415
324.0;0.0352330815985435;0.019142066420664204;0.024254473161033796
325.5;0.030614484288885975;0.01822145094387539;0.03946100303408889
327.0;0.015731292517006803;0.015230236508150008;0.023834019204389576
328.5;0.03966822935448972;0.014937055890491878;0.03884542756946319
330.0;0.03966822935448972;0.032634245196275974;0.02240692956150826
331.5;0.0161839863713799;0.032634245196275974;0.02041832669322709
333.0;0.017754480892796753;0.018612132352941176;0.03614457831325302
334.5;0.017754480892796753;0.024816176470588234;0.03215077605321508
336.0;0.03306159420289855;0.023244781783681213;0.03191137566137566
337.5;0.032256841786066255;0.026592455163883737;0.03189298016442703
339.0;0.032256841786066255;0.015095605501509561;0.024687522825404394
340.5;0.015095605501509561;0.01597712748065927;0.031435154707044104
342.0;0.015280135823429542;0.015731292517006803;0.023613963039014373
343.5;0.015280135823429542;0.038817005545286505;0.02919600938967136
345.0;0.015095605501509561;0.015280135823429542;0.03808816015606856
346.5;0.018470790378006873;0.017547197908565945;0.01756386861313869
348.0;0.017623877982923447;0.016838000708968452;0.02835932493057039
349.5;0.018683274021352312;0.018612132352941176;0.020618556701030927
351.0;0.0161839863713799;0.02709959413050265;0.028767523364485983
352.5;0.016863406408094434;0.037483266398929044;0.017137603137926366
354.0;0.015001087035292413;0.034026465028355386;0.02857142857142857
355.5;0.03764790247400502;0.01983411467724486;0.025125036775522212
357.0;0.016676298192025096;0.032886334610472544;0.05445359281437126
358.5;0.01663225731761437;0.01784040701566475;0.024166411746711535
360.0;0.018332165356039182;0.040968342644320296;0.026198386331276694
361.5;0.018332165356039182;0.01597712748065927;0.03564698492462312
363.0;0.01830736743700201;0.01597712748065927;0.03336696260425073
364.5;0.03527987093940073;0.03932082216264522;0.031135531135531136
366.0;0.03527987093940073;0.01672535211267606;0.037722668529514496
367.5;0.036157843689975176;0.01654091700522345;0.025636061153658605
369.0;0.036157843689975176;0.015050831498364467;0.04218289085545723
370.5;0.037048351952038205;0.022964015151515152;0.05822826808228268
372.0;0.037048351952038205;0.01726263871763255;0.046406926219388044
373.5;0.03617216117216117;0.030938123752495012;0.028073770491803277
375.0;0.016863406408094434;0.037755703342032154;0.029920316806894644
376.5;0.03609431217943811;0.037753222836095765;0.05225852955309948
378.0;0.03450566571561023;0.018683274021352312;0.023394808743169397
379.5;0.03450566571561023;0.01784040701566475;0.027491408934707903
381.0;0.03450566571561023;0.026060070671378093;0.03028503562945368
382.5;0.03450566571561023;0.03902213310711807;0.029101375119923247
384.0;0.03165717058169511;0.031723651744800845;0.03614267676767677
385.5;0.038817005545286505;0.024464831804281346;0.038101604278074866
387.0;0.017623877982923447;0.02587800369685767;0.033586328658722464
388.5;0.025573192239858905;0.0325497287522604;0.027643983368325718
390.0;0.03130908265900325;0.015871286409530037;0.027186615819904048
391.5;0.03130908265900325;0.017094017094017096;0.03391010545715163
393.0;0.016863406408094434;0.01865038996269922;0.03172596371927599
394.5;0.014910112661872163;0.01865038996269922;0.02351778656126482
396.0;0.033494196742055664;0.0325497287522604;0.024948024948024946
397.5;0.03620712313994087;0.017623877982923447;0.041523424334344465
399.0;0.03609592313694582;0.02460456942003515;0.022787145712674907
400.5;0.0189328743545611;0.02516881522406384;0.026198386331276694
402.0;0.031723651744800845;0.025573192239858905;0.02822066326530612
403.5;0.032256841786066255;0.018010291595197254;0.024166411746711535
405.0;0.015731292517006803;0.017699115044247787;0.024693080357142856
406.5;0.015731292517006803;0.026475958612294584;0.034653959075730066
408.0;0.017754480892796753;0.030318091451292245;0.04924242424242425
409.5;0.016676298192025096;0.016043635035830027;0.026219512195121954
411.0;0.033697931493502586;0.03684649204591152;0.02435141294385756
412.5;0.015724726735506497;0.030993042378241617;0.03234880450070324
414.0;0.018289844042285466;0.025820463320463317;0.03913381239075549
415.5;0.018289844042285466;0.030993042378241617;0.027678023999299292
417.0;0.01740771421307761;0.0220703125;0.01913318835603373
418.5;0.015690820879123473;0.04036697247706422;0.025105708245243132
420.0;0.014834097312229661;0.015095605501509561;0.03869818652849741
421.5;0.01653549687010534;0.02848722986247544;0.04371584699453552
423.0;0.03512490638976303;0.015245106155354892;0.032392026578073094
424.5;0.015731292517006803;0.016638225255972697;0.026480637813211843
426.0;0.026060070671378093;0.03966822935448972;0.028337327908143355
427.5;0.026060070671378093;0.040968342644320296;0.020788912579957356
429.0;0.033676001417936904;0.016745540589734254;0.04318057741096374
430.5;0.017754480892796753;0.018470790378006873;0.02520098948670377
432.0;0.018848906360245943;0.018470790378006873;0.03333333333333333
433.5;0.02703900709219858;0.019139945314441957;0.03238316758835118
435.0;0.035774141714325206;0.01865038996269922;0.03538251366120218
436.5;0.029874213836477988;0.026592455163883737;0.026082265595474656
438.0;0.018848906360245943;0.017754480892796753;0.025400139178844813
439.5;0.016335052812576762;0.03841245791927793;0.04421958409688471
441.0;0.03858564130142512;0.01865038996269922;0.035616438356164376
442.5;0.031746031746031744;0.0175513698630137;0.019367629818633197
444.0;0.017287443030017287;0.032256841786066255;0.01874025924658836
445.5;0.02872718817174989;0.0175513698630137;0.04199956341410172
447.0;0.02615419153417795;0.01865038996269922;0.02046783625730994
448.5;0.017775114463872813;0.024464831804281346;0.0369126174765047
450.0;0.031089931833482323;0.03250478011472275;0.029628537735849055
451.5;0.037326978475386074;0.018848906360245943;0.036231931582675306
453.0;0.03442642217111617;0.017094017094017096;0.029702970297029705
454.5;0.027531083481349913;0.03902213310711807;0.026173020527859234
456.0;0.015001087035292413;0.025573192239858905;0.04186698717948718
457.5;0.0285204991087344;0.015095605501509561;0.027643983368325718
459.0;0.015095605501509561;0.01842179442537598;0.023538344722854977
460.5;0.029135338345864664;0.02460456942003515;0.024327084397111388
462.0;0.0392709217668699;0.024664750957854403;0.03875291375291376
463.5;0.016937514305333027;0.03835236436358944;0.021886602496978463
465.0;0.03409090909090909;0.03583066649131267;0.028873611845584346
466.5;0.026060070671378093;0.037753222836095765;0.018926726201284234
468.0;0.02238354506957048;0.0175513698630137;0.02934537246049661
469.5;0.03466050479914682;0.017623877982923447;0.027718550106609806
471.0;0.0170487948265726;0.014945495799148322;0.01890330264597953
472.5;0.026548672566371685;0.033697931493502586;0.028433476394849784
474.0;0.02802491103202847;0.025522755227552277;0.02848722986247544
475.5;0.0175513698630137;0.03466050479914682;0.03446906807189778
477.0;0.0340398201669878;0.016638225255972697;0.023974464713989604
478.5;0.0340398201669878;0.016863406408094434;0.026107226107226107
480.0;0.03357531760435572;0.03902213310711807;0.0281322505800464
481.5;0.01608187134502924;0.03482458408757866;0.024627202892001807
483.0;0.03357531760435572;0.018332165356039182;0.019877181641887523
484.5;0.024276859504132234;0.015711796950363736;0.025554582603619376
486.0;0.01942319011183049;0.015711796950363736;0.01998977470720009
487.5;0.02703900709219858;0.0325497287522604;0.03234880450070324
489.0;0.016638225255972697;0.027531083481349913;0.03879830917874396
490.5;0.0161839863713799;0.03966822935448972;0.033828432858441955
492.0;0.03416622228993677;0.03293798595973293;0.01986702727067839
493.5;0.016676298192025096;0.03293798595973293;0.02005516505027138
495.0;0.028050275904353158;0.03798297314996725;0.02317655078391275
496.5;0.019139945314441957;0.03638309256286784;0.03038573508005822
498.0;0.038779512897539656;0.01594765689784196;0.026774847870182555
499.5;0.026060070671378093;0.017699115044247787;0.026083922184419434
501.0;0.017094017094017096;0.015280135823429542;0.025490088708794215
502.5;0.016863406408094434;0.03609431217943811;0.019726234464225733
504.0;0.03864818325709216;0.040013227513227514;0.02574779061862678
505.5;0.0161839863713799;0.017094017094017096;0.03156312625250501
507.0;0.0189328743545611;0.03706545928938685;0.025627615062761504
508.5;0.017754480892796753;0.014910112661872163;0.03090466379471811
510.0;0.038817005545286505;0.016638225255972697;0.019142066420664204
511.5;0.024464831804281346;0.016638225255972697;0.02384835180151927
513.0;0.016863406408094434;0.0285204991087344;0.02352661596958175
514.5;0.02848722986247544;0.018010291595197254;0.018026004728132386
516.0;0.015414729630535846;0.018010291595197254;0.025856044723969258
517.5;0.027762308282785714;0.017094017094017096;0.028865979381443297
519.0;0.027762308282785714;0.033676001417936904;0.023626063618896583
520.5;0.01600386259123877;0.014945495799148322;0.03507194244604317
522.0;0.015001087035292413;0.03841245791927793;0.01814798715055613
523.5;0.017754480892796753;0.03841245791927793;0.025478603603603604
525.0;0.01850632726208763;0.025573192239858905;0.017824497257769654
526.5;0.014945495799148322;0.025573192239858905;0.025522755227552277
528.0;0.017754480892796753;0.03466050479914682;0.024464831804281346
529.5;0.03669724770642202;0.03416622228993677;0.039603960396039604
531.0;0.018470790378006873;0.03512773722627738;0.02802491103202847
532.5;0.038655160014383315;0.036646406864497674;0.019904447883722493
534.0;0.029017857142857144;0.036646406864497674;0.018184280016895964
535.5;0.01865038996269922;0.027531083481349913;0.03764790247400502
537.0;0.017623877982923447;0.03320921042632419;0.019138359569179784
538.5;0.02623456790123457;0.026060070671378093;0.030318091451292245
540.0;0.032302332946268345;0.03130908265900325;0.019524316648917288
541.5;0.014986153377295074;0.03130908265900325;0.030627490039840638
543.0;0.028865979381443297;0.02460456942003515;0.01672239597595953
544.5;0.03991056456120738;0.017754480892796753;0.030627490039840638
546.0;0.01873131091784793;0.018010291595197254;0.03370786516853933
547.5;0.028050275904353158;0.035774141714325206;0.018761803502332787
549.0;0.03969754253308129;0.037422037422037424;0.031027253668763105
550.5;0.015139193690331638;0.04151478331308222;0.041349188871761
552.0;0.017215791035915702;0.033745489100308834;0.03241525423728814
553.5;0.018699545475974563;0.03485049897106756;0.03048016701461378
555.0;0.01882395123700251;0.01491323364428604;0.04446107784431138
556.5;0.025570275322555798;0.03136882129277567;0.023834019204389576
558.0;0.024464831804281346;0.03846568257730848;0.029397233201581028
559.5;0.03331214913674399;0.014986153377295074;0.018683274021352312
561.0;0.017754480892796753;0.014936197678611653;0.031190019193857967
562.5;0.041334743661785606;0.033666638869209335;0.019408502772643253
564.0;0.036721805475411935;0.025088028169014082;0.01730418943533698
565.5;0.015825372934697504;0.017754480892796753;0.018423701999137062
567.0;0.032886334610472544;0.0230722525804493;0.01658516707416463
568.5;0.03399140264289126;0.016863406408094434;0.027587890625
570.0;0.03512836568566061;0.03609431217943811;0.023031496062992124
571.5;0.02352661596958175;0.014945495799148322;0.02703900709219858
573.0;0.024816176470588234;0.01663225731761437;0.023137535816618916
574.5;0.03617373582983059;0.01663225731761437;0.017596390484003282
576.0;0.039603960396039604;0.026548672566371685;0.03651796288985393
577.5;0.04208416833667335;0.017623877982923447;0.03598346705567712
579.0;0.038655160014383315;0.0175513698630137;0.028343023255813952
580.5;0.027332170880557977;0.019013666072489603;0.024074613815214224
582.0;0.02640503875968992;0.015225395561747438;0.03412017167381975
583.5;0.04162288661763301;0.025088028169014082;0.029118404118404117
585.0;0.016089299461123942;0.01672535211267606;0.040819157963329626
586.5;0.03156312625250501;0.016745540589734254;0.025357139236142794
588.0;0.030938123752495012;0.01749271137026239;0.017674869549113806
589.5;0.016786733722984913;0.019013666072489603;0.03411405295315682
591.0;0.029702970297029705;0.0189328743545611;0.018197573656845753
592.5;0.02729044834307992;0.01783664661861255;0.025410598078710874
594.0;0.025322619917214514;0.015154962909024714;0.02915766738660907
595.5;0.016348533050547898;0.02811244979919679;0.02008436670424379
597.0;0.01704391595915832;0.026548672566371685;0.018423991591118117
598.5;0.03674948240165632;0.038817005545286505;0.030701754385964914
600.0;0.016263612953345514;0.018832655731576244;0.016022693925462194
601.5;0.018010291595197254;0.03282828282828283;0.03674948240165632
603.0;0.028186274509803922;0.023809523809523808;0.02527989385649756
604.5;0.017215791035915702;0.02909270216962525;0.024816176470588234
606.0;0.016903583394228514;0.023762376237623763;0.018595825426944972
607.5;0.03299074824519991;0.024114774114774116;0.03010438592723055
609.0;0.015280135823429542;0.03156312625250501;0.018143754361479414
610.5;0.015001087035292413;0.0381893893141721;0.018832655731576244
612.0;0.025322619917214514;0.02865511612005066;0.018595825426944972
613.5;0.022128060263653486;0.016084484159220147;0.029050045143815303
615.0;0.03710922273329695;0.027032520325203254;0.02729044834307992
616.5;0.017562160958357272;0.01729264475743349;0.017825311942959002
618.0;0.02587800369685767;0.01729264475743349;0.03684210526315789
619.5;0.01702553830746119;0.025522755227552277;0.017410341481030083
621.0;0.026548672566371685;0.044168842471714535;0.02647985756043684
622.5;0.016863406408094434;0.02495201535508637;0.03020833333333333
624.0;0.035774141714325206;0.03326935380678182;0.030009920634920632
625.5;0.03534512971343672;0.015069294547215105;0.029538262536668747
627.0;0.0306944381170478;0.025088028169014082;0.018876611418047883
628.5;0.0189328743545611;0.01726263871763255;0.024464831804281346
630.0;0.01865038996269922;0.018010291595197254;0.025708972570897257
631.5;0.0325497287522604;0.015095605501509561;0.017427675148135237
633.0;0.01865038996269922;0.015769487034319674;0.024574669187145556
634.5;0.02703900709219858;0.02915766738660907;0.019327580007191657
636.0;0.032697066101095795;0.040968342644320296;0.01897923971725942
637.5;0.01850632726208763;0.0230722525804493;0.018612132352941176
639.0;0.016745540589734254;0.04093567251461988;0.026886792452830186
640.5;0.016745540589734254;0.018354055654233276;0.03656633221850613
642.0;0.03608247422680412;0.018354055654233276;0.01712538226299694
643.5;0.03699819520998976;0.024816176470588234;0.03331518780620577
645.0;0.015225395561747438;0.0230722525804493;0.018487434139972954
646.5;0.015280135823429542;0.01775534628830588;0.025522755227552277
648.0;0.018010291595197254;0.025522755227552277;0.022727272727272728
649.5;0.015280135823429542;0.03706545928938685;0.01726263871763255
651.0;0.02703900709219858;0.03835236436358944;0.040449438202247195
652.5;0.02623456790123457;0.03874575147653832;0.023511538986754062
654.0;0.030318091451292245;0.029132231404958676;0.031027253668763105
655.5;0.026479957525882662;0.02900414405946939;0.038490017188946186
657.0;0.028277549794373205;0.015280135823429542;0.04055812138164314
658.5;0.03564899451553931;0.031723651744800845;0.02352661596958175
660.0;0.015001087035292413;0.029017857142857144;0.024464831804281346
661.5;0.0189328743545611;0.017754480892796753;0.01865038996269922
663.0;0.015280135823429542;0.028865979381443297;0.02623456790123457
664.5;0.018026004728132386;0.031774535478239184;0.02238354506957048
666.0;0.019408502772643253;0.03331907365125792;0.03326935380678182
667.5;0.01713180436584692;0.018026004728132386;0.03130908265900325
669.0;0.036728708532563416;0.036862003780718335;0.019345238095238096
670.5;0.023765996343692867;0.018026004728132386;0.01775534628830588
672.0;0.016638225255972697;0.025240384615384616;0.03242632614204403
673.5;0.03528138528138528;0.030245746691871456;0.032102601351568096
675.0;0.01585778099722323;0.015963095712199653;0.039888682745825604
676.5;0.01678154888258163;0.01834862385321101;0.037753222836095765
678.0;0.0175513698630137;0.016937514305333027;0.03191137566137566
679.5;0.028433476394849784;0.017699115044247787;0.044009216589861753
681.0;0.03443877551020408;0.03136882129277567;0.029722271675271496
682.5;0.015154962909024714;0.031746031746031744;0.039888682745825604
684.0;0.0175513698630137;0.019139945314441957;0.038655160014383315
685.5;0.018470790378006873;0.018010291595197254;0.023642732049036778
687.0;0.03156312625250501;0.01597712748065927;0.026060070671378093
688.5;0.01718287488267995;0.027531083481349913;0.015871286409530037
690.0;0.043775413098018856;0.0161839863713799;0.02911275415896488
691.5;0.016733801551333694;0.03316662279547249;0.03742802303262956
693.0;0.027531083481349913;0.016263612953345514;0.015069294547215105
694.5;0.018026004728132386;0.030627490039840638;0.02752293577981652
696.0;0.03354534045223458;0.025269403291813354;0.035504224147150036
697.5;0.03313611109826108;0.01671852804591668;0.03212468193384224
699.0;0.038655160014383315;0.034584816084198874;0.0189328743545611
700.5;0.02722345405272235;0.03326935380678182;0.035127911416571206
702.0;0.017031591871428796;0.016897746967071057;0.03183910937543675
703.5;0.024122807017543862;0.018185821224130337;0.03357729479429107
705.0;0.01865038996269922;0.017440225035161745;0.017427438387099873
706.5;0.01850632726208763;0.016335052812576762;0.037020826875429826
708.0;0.01730418943533698;0.03710922273329695;0.03512773722627738
709.5;0.01718287488267995;0.03919631093544137;0.03130908265900325
711.0;0.01672535211267606;0.016863406408094434;0.03460837887067396
712.5;0.01834862385321101;0.0390124048660634;0.03564899451553931
714.0;0.024366025053467768;0.017699115044247787;0.03460837887067396
715.5;0.03874575147653832;0.024114774114774116;0.015414729630535846
717.0;0.029516994633273706;0.027798718431963815;0.03758169934640523
718.5;0.016863406408094434;0.01834862385321101;0.02703900709219858
720.0;0.016638225255972697;0.035751028806584366;0.03125
721.5;0.028050275904353158;0.040013227513227514;0.01718287488267995
723.0;0.018010291595197254;0.02911275415896488;0.023809523809523808
724.5;0.018010291595197254;0.038385826771653545;0.03314777327935223
726.0;0.017754480892796753;0.018314772574802095;0.019139945314441957
727.5;0.018026004728132386;0.025863077823288467;0.040080752375793983
729.0;0.017460979111666896;0.027491408934707903;0.016638225255972697
730.5;0.023245984784446325;0.02915766738660907;0.03416622228993677
732.0;0.01668394949817443;0.031110410426191604;0.027531083481349913
733.5;0.016638225255972697;0.025621332677951518;0.03617216117216117
735.0;0.033879208022981784;0.041250831669993354;0.029874213836477988
736.5;0.025573192239858905;0.01654091700522345;0.016830578931359627
738.0;0.01942319011183049;0.02587800369685767;0.016863406408094434
739.5;0.01879117923894043;0.024664750957854403;0.018612132352941176
741.0;0.025573192239858905;0.03236563358179679;0.02684356680037026
742.5;0.031723651744800845;0.028796122719583008;0.01601318781639348
744.0;0.01865038996269922;0.02459736456808199;0.03512773722627738
745.5;0.01597712748065927;0.028614680254024513;0.03764790247400502
747.0;0.0161839863713799;0.037990196078431376;0.02703900709219858
748.5;0.01865038996269922;0.0399002493765586;0.017699115044247787
750.0;0.018937169700528483;0.04253882639514036;0.0325497287522604
751.5;0.016821418488660245;0.02531645569620253;0.03320921042632419
753.0;0.034922173612366186;0.024134748500230736;0.018354055654233276
754.5;0.016988416988416986;0.024093511450381678;0.03061615001913509
756.0;0.018010291595197254;0.0343027591349739;0.017773776536674248
757.5;0.019082371238858645;0.033934707903780066;0.015095605501509561
759.0;0.017699115044247787;0.033308726706835316;0.031723651744800845
760.5;0.01834862385321101;0.01706898874134273;0.018010291595197254
762.0;0.03198693626626963;0.03835669781931465;0.0319262493934983
763.5;0.018487434139972954;0.0271137765013937;0.023418491484184917
765.0;0.03460837887067396;0.024464831804281346;0.016863406408094434
766.5;0.03542094455852156;0.0230722525804493;0.016863406408094434
768.0;0.02695167286245353;0.02909270216962525;0.022847115790408924
769.5;0.037483266398929044;0.03297682709447416;0.023765996343692867
771.0;0.030009920634920632;0.026487019388761093;0.022727272727272728
772.5;0.027762308282785714;0.018147448015122872;0.019524316648917288
774.0;0.028200901542812205;0.04393732970027248;0.01814552172099398
775.5;0.03954212563541641;0.023274546379515006;0.02848722986247544
777.0;0.031746031746031744;0.02400793650793651;0.03164091243561443
778.5;0.031746031746031744;0.02860082304526749;0.01726263871763255
780.0;0.039888682745825604;0.02343480758184951;0.01726263871763255
781.5;0.02703900709219858;0.041126179780036395;0.03684210526315789
783.0;0.027531083481349913;0.016217853406024562;0.01766565689244434
784.5;0.019142066420664204;0.02669539153240914;0.017825311942959002
786.0;0.018716969225741748;0.03501433078455436;0.02574779061862678
787.5;0.031413303270557594;0.01814552172099398;0.033445440956651716
789.0;0.01575021052093929;0.023244781783681213;0.017824497257769654
790.5;0.01575021052093929;0.03423626787057938;0.03923444976076555
792.0;0.03320921042632419;0.02909270216962525;0.03905897752890698
793.5;0.027531083481349913;0.025956284153005466;0.015225395561747438
795.0;0.0189328743545611;0.016403046280023436;0.01612259159428971
796.5;0.03951778570656288;0.023762376237623763;0.033366867873910126
798.0;0.01840766984546031;0.027587890625;0.023418491484184917
799.5;0.017094017094017096;0.016468992979866464;0.030993042378241617
801.0;0.01842179442537598;0.018086080586080584;0.03335140997830802
802.5;0.01850632726208763;0.03639029592108771;0.017071195363316544
804.0;0.03416622228993677;0.024464831804281346;0.03669724770642202
805.5;0.037312715311890364;0.019848771266540645;0.02611218568665377
807.0;0.01485852872552252;0.017994040821857592;0.036783854166666664
808.5;0.017094017094017096;0.0378053509112059;0.04154589371980676
810.0;0.017094017094017096;0.03357531760435572;0.027394900068917986
811.5;0.03293798595973293;0.02569922389808171;0.01942319011183049
813.0;0.015095605501509561;0.03372140883165756;0.03095186626315031
814.5;0.033879208022981784;0.029017857142857144;0.03548161935784085
816.0;0.019139945314441957;0.017971946230274694;0.03864987757957328
817.5;0.01597712748065927;0.018792559974975337;0.027032520325203254
819.0;0.018848906360245943;0.023765996343692867;0.03412471503961107
820.5;0.030245746691871456;0.029647930821494754;0.028981264637002343
822.0;0.0170487948265726;0.018612132352941176;0.028073770491803277
823.5;0.018010291595197254;0.01845400161997053;0.0356286399451867
825.0;0.01845342706502636;0.019093032637394227;0.024136147499296375
826.5;0.01845342706502636;0.015518271071006125;0.02793585100879462
828.0;0.01848360454802751;0.038100208768267224;0.02587800369685767
829.5;0.016624630520743856;0.02860082304526749;0.017699115044247787
831.0;0.03347925839174959;0.018242207460398566;0.02669539153240914
832.5;0.014843075004360225;0.018284611141753997;0.01947159978663847
834.0;0.015683979232679734;0.024924471299093656;0.019098466389565714
835.5;0.03147926866331166;0.017699115044247787;0.024330561406023965
837.0;0.016638225255972697;0.03061868686868687;0.02335456475583864
838.5;0.017094017094017096;0.025;0.027536398687920814
840.0;0.017094017094017096;0.026499625519166608;0.01834862385321101
841.5;0.033676001417936904;0.026644110805667157;0.026407273699692473
843.0;0.03669724770642202;0.033306267052064305;0.030288461538461535
844.5;0.01597712748065927;0.03423209093312186;0.027123902662205827
846.0;0.024501992031872512;0.026979111813235035;0.03464918599625414
847.5;0.017893106119287374;0.024501992031872512;0.021575984990619135
849.0;0.02619047619047619;0.024664750957854403;0.025808854831843333
850.5;0.028598448295827385;0.018041485106324483;0.030318091451292245
852.0;0.03550950191109237;0.018470790378006873;0.028366159923173095
853.5;0.037753222836095765;0.029516994633273706;0.03923444976076555
855.0;0.015731292517006803;0.029029358897543437;0.02352661596958175
856.5;0.01842179442537598;0.018193991876088025;0.02081797581019466
858.0;0.016638225255972697;0.03811454612582094;0.030290513561889026
859.5;0.016745540589734254;0.017934291168491913;0.01896082698585419
861.0;0.019269640210214257;0.0170487948265726;0.018197573656845753
862.5;0.015095605501509561;0.017094017094017096;0.02891522988505747
864.0;0.01882395123700251;0.017934291168491913;0.030519326535451745
865.5;0.016664843504300385;0.024289266751797833;0.027551020408163263
867.0;0.016664843504300385;0.019327580007191657;0.027777777777777776
868.5;0.016664843504300385;0.025754803699970245;0.033517529405079835
870.0;0.02758543825694988;0.0230722525804493;0.036330701046923854
871.5;0.026060070671378093;0.017094017094017096;0.03658198555209964
873.0;0.016676298192025096;0.03250478011472275;0.02460456942003515
874.5;0.016676298192025096;0.024254473161033796;0.03133759902498476
876.0;0.018010291595197254;0.04162239212129065;0.028073770491803277
877.5;0.03466050479914682;0.015023319822083615;0.029397233201581028
879.0;0.03902213310711807;0.01597712748065927;0.03702584327559554
880.5;0.01842179442537598;0.015769487034319674;0.03240740740740741
882.0;0.01488644788002137;0.01608187134502924;0.03138403568749392
883.5;0.0306944381170478;0.01865038996269922;0.0230695846291809
885.0;0.016557768507871926;0.025605214152700187;0.025590424463987946
886.5;0.016550266845809666;0.04160109915709104;0.024816176470588234
888.0;0.01826142579350741;0.015041295126178831;0.026113457095052188
889.5;0.03442728442728442;0.040449438202247195;0.018502356432187117
891.0;0.03685386088066369;0.019074778200253488;0.03216371115688466
892.5;0.01822513964717392;0.017679771605305417;0.027996435467102333
894.0;0.03630665374767477;0.026107226107226107;0.03335140997830802
895.5;0.014967643488370664;0.025820463320463317;0.03979511426319937
897.0;0.025573192239858905;0.02710937611104;0.03530067215412819
898.5;0.029397233201581028;0.019529006318207927;0.05246800731261425
900.0;0.018047156089719053;0.018991486574983625;0.030785966620203404
901.5;0.02460456942003515;0.025478137460296008;0.030868167202572346
903.0;0.018010291595197254;0.01919516226089007;0.042073389608735426
904.5;0.015001087035292413;0.026831572032772727;0.04589301373867291
906.0;0.014945495799148322;0.027531083481349913;0.03884606914776481
907.5;0.02352661596958175;0.022727272727272728;0.03351047773382267
909.0;0.01713180436584692;0.01869087161947359;0.03683095942830044
910.5;0.03423209093312186;0.018612132352941176;0.01882395123700251
912.0;0.030009920634920632;0.02760404051916967;0.04287305122494432
913.5;0.03617216117216117;0.022162324049116503;0.08234126984126988
915.0;0.017094017094017096;0.018026004728132386;0.020356099594676057
916.5;0.035127911416571206;0.02703900709219858;0.032924107142857144
918.0;0.025573192239858905;0.03530661003451022;0.04511019283746556
919.5;0.01597712748065927;0.02568279495355608;0.019059740250220364
921.0;0.03416622228993677;0.017373380447585393;0.04863823971950362
922.5;0.025088028169014082;0.03212468193384224;0.019534636822082632
924.0;0.035650623885918005;0.02516881522406384;0.028343023255813952
925.5;0.016863406408094434;0.0375;0.041107871720116616
927.0;0.016863406408094434;0.019179429534916397;0.04433466470464579
928.5;0.026998169615619284;0.023815062518173887;0.03208232445520581
930.0;0.03854883584712257;0.017481688927186555;0.02738481410801403
931.5;0.016081348496769426;0.035869565217391305;0.02474644816411881
933.0;0.035946137053964614;0.025621118012422364;0.025606189263138037
934.5;0.03663103448004633;0.027798718431963815;0.024757690686894228
936.0;0.025088028169014082;0.016996305811885253;0.0425312811427306
937.5;0.031723651744800845;0.02516881522406384;0.039895782445855725
939.0;0.03466050479914682;0.026548672566371685;0.0399002493765586
940.5;0.03320921042632419;0.015280135823429542;0.039347749025168376
942.0;0.03320921042632419;0.015095605501509561;0.03367941250949608
943.5;0.03326935380678182;0.016676298192025096;0.053724053724053714
945.0;0.015280135823429542;0.017094017094017096;0.043389759145103
946.5;0.02703900709219858;0.018010291595197254;0.05730922463990194
948.0;0.02703900709219858;0.03639029592108771;0.03790306964715304
949.5;0.036646406864497674;0.02584670231729055;0.02382429079926653
951.0;0.036646406864497674;0.026548672566371685;0.017666201766620176
952.5;0.031723651744800845;0.028050275904353158;0.02717921853302401
954.0;0.01842179442537598;0.01672693391308206;0.03997326203208556
955.5;0.01488644788002137;0.01783664661861255;0.031326781326781336
957.0;0.03620712313994087;0.024464831804281346;0.026473364979808116
958.5;0.03797793703236822;0.03765137029955386;0.026381477495867493
960.0;0.027531083481349913;0.03251266680939128;0.04422814207650274
961.5;0.027531083481349913;0.016482275853714784;0.04056728232189974
963.0;0.0175513698630137;0.03931837073981713;0.019114380899500277
964.5;0.01865038996269922;0.0285204991087344;0.04266100032690423
966.0;0.014945495799148322;0.030627490039840638;0.03830690826727067
967.5;0.036514961411379304;0.04280472890338361;0.047073340504967406
969.0;0.0175513698630137;0.018323203432248837;0.029132231404958676
970.5;0.024464831804281346;0.03570872769972978;0.05177145018171085
972.0;0.018010291595197254;0.018010291595197254;0.050456810631229226
973.5;0.01865038996269922;0.02939958592132505;0.04020540148213585
975.0;0.031190019193857967;0.02268431001890359;0.019617301817012378
976.5;0.03372140883165756;0.03951778570656288;0.04164222873900293
978.0;0.017634583975364486;0.037753222836095765;0.04600694444444444
979.5;0.015095605501509561;0.018086080586080584;0.03009454838060752
981.0;0.015809071886378992;0.01705018909044292;0.027051811095827605
982.5;0.015809071886378992;0.040968342644320296;0.030148629332705325
984.0;0.03091538715963386;0.017623877982923447;0.03515625
985.5;0.03212468193384224;0.03250478011472275;0.016895355963110772
987.0;0.025956284153005466;0.032886334610472544;0.0352609758690337
988.5;0.01612259159428971;0.03736263736263736;0.038721705065061035
990.0;0.014986153377295074;0.0407120949459928;0.026873211447068734
991.5;0.03512773722627738;0.025322194256603085;0.029178651326302332
993.0;0.015095605501509561;0.017612980739587166;0.026966292134831458
994.5;0.015095605501509561;0.03474460498585033;0.01862097440132122
996.0;0.040427509293680296;0.0170487948265726;0.03779619130687599
997.5;0.02623456790123457;0.01850632726208763;0.028067078552515445
999.0;0.03742080962095995;0.01488644788002137;0.03266518188567186
1000.5;0.014986153377295074;0.025573192239858905;0.01920851222699272
1002.0;0.035537211848776805;0.038655160014383315;0.03246631150109684
1003.5;0.027531083481349913;0.024816176470588234;0.02457757296466974
1005.0;0.02802491103202847;0.0170487948265726;0.04297752808988764
1006.5;0.0161839863713799;0.03409090909090909;0.030495759947814744
1008.0;0.0325497287522604;0.017754480892796753;0.0266837899543379
1009.5;0.015871286409530037;0.019345238095238096;0.037375120550295446
1011.0;0.026548672566371685;0.01737645719668721;0.03347034644744569
1012.5;0.026548672566371685;0.015308666489215568;0.02394770081589458
1014.0;0.026548672566371685;0.024093511450381678;0.0288397270389875
1015.5;0.01850632726208763;0.016043635035830027;0.02663270032422418
1017.0;0.033879208022981784;0.03020833333333333;0.04898987800994197
1018.5;0.01663225731761437;0.01813557316928901;0.031135531135531136
1020.0;0.016582472972657695;0.017654572722154673;0.04689747613443181
1021.5;0.018289844042285466;0.01834862385321101;0.02915766738660907
1023.0;0.014844188506303903;0.037483266398929044;0.032534589933827955
1024.5;0.018256492034823147;0.016775307882501863;0.03779094958318169
1026.0;0.015682478532320222;0.0170487948265726;0.030753138075313803
1027.5;0.015682478532320222;0.01882395123700251;0.020024461330280005
1029.0;0.01865038996269922;0.016128420893033128;0.024571336137172432
1030.5;0.035127911416571206;0.025522755227552277;0.04017857142857143
1032.0;0.035127911416571206;0.017754480892796753;0.020212060967528162
1033.5;0.035127911416571206;0.01597712748065927;0.034611469290804206
1035.0;0.035127911416571206;0.018612132352941176;0.02682763246143528
1036.5;0.035127911416571206;0.0175513698630137;0.03538961038961039
1038.0;0.033879208022981784;0.03460837887067396;0.03819655521783181
1039.5;0.035437678433415665;0.01597712748065927;0.02979585506291076
1041.0;0.035437678433415665;0.0189328743545611;0.026460481099656357
1042.5;0.026060070671378093;0.015280135823429542;0.025930873083334253
1044.0;0.026060070671378093;0.018197573656845753;0.018022181146025877
1045.5;0.017754480892796753;0.03598346705567712;0.03442928039702233
1047.0;0.017754480892796753;0.022405660377358493;0.03534031413612565
1048.5;0.03609431217943811;0.01537736404878336;0.03876789628316933
1050.0;0.03609431217943811;0.018010291595197254;0.018836565096952907
1051.5;0.018470790378006873;0.0161839863713799;0.027723500367685675
1053.0;0.01865038996269922;0.0189328743545611;0.022964015151515152
1054.5;0.01865038996269922;0.01606832657788072;0.030235602094240838
1056.0;0.03902213310711807;0.014986153377295074;0.019098466389565714
1057.5;0.015769487034319674;0.016624630520743856;0.026583893200303535
1059.0;0.015769487034319674;0.016838000708968452;0.021191464137522226
1060.5;0.015769487034319674;0.017373380447585393;0.01689847785705378
1062.0;0.01660281557997176;0.024664750957854403;0.019408502772643253
1063.5;0.03807194397841974;0.03412017167381975;0.02520098948670377
1065.0;0.032478764464558434;0.016371008616320324;0.02964569775849602
1066.5;0.01654477169890474;0.016036476365035187;0.031135531135531136
1068.0;0.038817005545286505;0.018470790378006873;0.02919675885150607
1069.5;0.038817005545286505;0.033676001417936904;0.019679300291545188
1071.0;0.038817005545286505;0.01796566169095522;0.023762376237623763
1072.5;0.03416622228993677;0.02703900709219858;0.02953225313359829
1074.0;0.03841245791927793;0.017623877982923447;0.025152855115187247
1075.5;0.032697066101095795;0.0189328743545611;0.02009108329591315
1077.0;0.027531083481349913;0.02670240913521794;0.01954863568451679
1078.5;0.027531083481349913;0.018792559974975337;0.02867383512544803
1080.0;0.018010291595197254;0.027587890625;0.025621118012422364
1081.5;0.018010291595197254;0.024114774114774116;0.019274809160305342
1083.0;0.018010291595197254;0.030993042378241617;0.01656929980526628
1084.5;0.036646406864497674;0.02460456942003515;0.02690371302706104
1086.0;0.03902213310711807;0.032256841786066255;0.0242318872761774
1087.5;0.03706545928938685;0.03669724770642202;0.029846335697399525
1089.0;0.017754480892796753;0.037753222836095765;0.04793735676088616
1090.5;0.015871286409530037;0.03416622228993677;0.030032467532467532
1092.0;0.03768591312195207;0.03416622228993677;0.034942276944769673
1093.5;0.017373380447585393;0.0189328743545611;0.03540100250626566
1095.0;0.025522755227552277;0.03617216117216117;0.027573657854896936
1096.5;0.01702553830746119;0.015280135823429542;0.03361344537815126
1098.0;0.0170487948265726;0.015001087035292413;0.018283090408651993
1099.5;0.01606832657788072;0.017547197908565945;0.02891522988505747
1101.0;0.0321371991852541;0.02460456942003515;0.030554178645781697
1102.5;0.015050831498364467;0.016863406408094434;0.03892801251956181
1104.0;0.019214401225636224;0.017094017094017096;0.024276859504132234
1105.5;0.0370850622406639;0.024464831804281346;0.028554778554778552
1107.0;0.03156776445591137;0.017971946230274694;0.018824112987641976
1108.5;0.016644754273755103;0.028248983597364368;0.025599778116766052
1110.0;0.016335052812576762;0.01769257756716558;0.02664865791956093
1111.5;0.026548672566371685;0.025088028169014082;0.019673731176798662
1113.0;0.015871286409530037;0.036646406864497674;0.03544776119402985
1114.5;0.018470790378006873;0.016745540589734254;0.01834061135371179
1116.0;0.025573192239858905;0.03966822935448972;0.025395599049989982
1117.5;0.015731292517006803;0.04154589371980676;0.018876611418047883
1119.0;0.017623877982923447;0.023642732049036778;0.025390740194632853
1120.5;0.03746174588351344;0.015095605501509561;0.019731800766283527
1122.0;0.026060070671378093;0.016745540589734254;0.023921460176991153
1123.5;0.015871286409530037;0.0367279087083759;0.024333474396953023
1125.0;0.03183910937543675;0.016863406408094434;0.016600318465446975
1126.5;0.018010291595197254;0.016676298192025096;0.01834862385321101
1128.0;0.017094017094017096;0.016863406408094434;0.03287716955941255
1129.5;0.016745540589734254;0.015001087035292413;0.018532478954642544
1131.0;0.015280135823429542;0.03212468193384224;0.02475049900199601
1132.5;0.017754480892796753;0.017623877982923447;0.02351567711807872
1134.0;0.016638225255972697;0.02703900709219858;0.02531276455648575
1135.5;0.016638225255972697;0.031746031746031744;0.03361344537815126
1137.0;0.016745540589734254;0.036646406864497674;0.02414486921529175
1138.5;0.03212468193384224;0.029017857142857144;0.03398641745297194
1140.0;0.040968342644320296;0.030993042378241617;0.024093511450381678
1141.5;0.018683274021352312;0.027798718431963815;0.04374966075014927
1143.0;0.01612259159428971;0.03530661003451022;0.04229122055674518
1144.5;0.03357531760435572;0.01874107841782935;0.026710266791238453
1146.0;0.019013666072489603;0.015414729630535846;0.018423991591118117
1147.5;0.028580208973570994;0.01861305152546421;0.03681100943872037
1149.0;0.015280135823429542;0.017567282711368357;0.017825311942959002
1150.5;0.032697066101095795;0.03259549858363548;0.03133759902498476
1152.0;0.035650623885918005;0.0503048780487805;0.05451505016722408
1153.5;0.018683274021352312;0.041327971250106954;0.019414844922919186
1155.0;0.01783664661861255;0.0230722525804493;0.03515625
1156.5;0.0185554688027144;0.018026004728132386;0.0342268752876208
1158.0;0.035886636735919804;0.03004578405188859;0.042575603126061845
1159.5;0.018387370467510947;0.01874107841782935;0.0383888532991672
1161.0;0.017451608467677262;0.023765996343692867;0.03907355021216407
1162.5;0.018296312618706345;0.015001087035292413;0.028865979381443297
1164.0;0.02703900709219858;0.0175513698630137;0.026073619631901836
1165.5;0.01672535211267606;0.026060070671378093;0.017320518245380726
1167.0;0.01865038996269922;0.017094017094017096;0.02835932493057039
1168.5;0.01597712748065927;0.038041387799061466;0.01904761904761905
1170.0;0.038817005545286505;0.029516994633273706;0.028433476394849784
1171.5;0.03609431217943811;0.018010291595197254;0.03088450292397661
1173.0;0.03326935380678182;0.03357531760435572;0.01838106575169806
1174.5;0.02670240913521794;0.03798297314996725;0.02521508680288831
1176.0;0.022964015151515152;0.031723651744800845;0.016838000708968452
1177.5;0.027798718431963815;0.0161839863713799;0.018666279410617808
1179.0;0.030318091451292245;0.03764790247400502;0.041901692183722805
1180.5;0.02527989385649756;0.02703900709219858;0.023274161735700197
1182.0;0.015119469629254152;0.01597712748065927;0.03185654008438818
1183.5;0.04236902050113895;0.017498443680569787;0.02742683529083375
1185.0;0.018284611141753997;0.017498443680569787;0.03937762463658879
1186.5;0.01733192423380213;0.016582472972657695;0.03936481603310356
1188.0;0.02352661596958175;0.018277260861902424;0.03557483731019522
1189.5;0.01705018909044292;0.01740771421307761;0.030039399424981364
1191.0;0.018470790378006873;0.026548672566371685;0.034178250204415374
1192.5;0.016745540589734254;0.015001087035292413;0.015597920277296359
1194.0;0.0189328743545611;0.017094017094017096;0.02903803691205266
1195.5;0.027531083481349913;0.033676001417936904;0.024276859504132234
1197.0;0.016863406408094434;0.015871286409530037;0.043366414207364846
1198.5;0.02835538752362949;0.03864818325709216;0.02765841313948296
1200.0;0.02238354506957048;0.03864818325709216;0.01900256574727389
1201.5;0.015095605501509561;0.03617216117216117;0.032696390658174104
1203.0;0.018876611418047883;0.03966822935448972;0.031190019193857967
1204.5;0.01874107841782935;0.03966822935448972;0.017699115044247787
1206.0;0.033762960685086274;0.03466050479914682;0.01904761904761905
1207.5;0.033547008547008546;0.03768591312195207;0.028428880132197788
1209.0;0.01784040701566475;0.015769487034319674;0.025751146067082877
1210.5;0.016308462709056427;0.015769487034319674;0.026475958612294584
1212.0;0.02460456942003515;0.015280135823429542;0.02457757296466974
1213.5;0.01850632726208763;0.031723651744800845;0.032790626607715485
1215.0;0.025088028169014082;0.0285204991087344;0.022128060263653486
1216.5;0.029017857142857144;0.03130908265900325;0.02669539153240914
1218.0;0.015095605501509561;0.03293798595973293;0.018612132352941176
1219.5;0.018314772574802095;0.03357531760435572;0.016917819729987117
1221.0;0.024816176470588234;0.01850632726208763;0.01950286806883365
1222.5;0.039888682745825604;0.01850632726208763;0.039791008228695086
1224.0;0.02802491103202847;0.01850632726208763;0.01612259159428971
1225.5;0.03966822935448972;0.01836806645203033;0.01995528228060369
1227.0;0.035572080214829514;0.030743823668949708;0.02860082304526749
1228.5;0.03935185185185185;0.0189328743545611;0.040279602176768625
1230.0;0.0189328743545611;0.03609431217943811;0.03442928039702233
1231.5;0.014945495799148322;0.01488644788002137;0.018356643356643356
1233.0;0.023765996343692867;0.01488644788002137;0.018026004728132386
1234.5;0.01672535211267606;0.01488644788002137;0.02352661596958175
1236.0;0.01814552172099398;0.017443347491498312;0.028767523364485983
1237.5;0.015898024165091146;0.017443347491498312;0.017294947274488253
1239.0;0.019115674337013725;0.036157843689975176;0.017083111144968386
1240.5;0.02585002557388342;0.03794901389545961;0.01897923971725942
1242.0;0.02891543420553659;0.017094017094017096;0.02525050100200401
1243.5;0.01882395123700251;0.025573192239858905;0.019877675840978597
1245.0;0.017083111144968386;0.017623877982923447;0.02934537246049661
1246.5;0.024114774114774116;0.017094017094017096;0.03678108905984011
1248.0;0.024501992031872512;0.01865038996269922;0.019113579489418955
1249.5;0.025589681465117937;0.016638225255972697;0.01604055801057183
1251.0;0.03476482617586912;0.0175513698630137;0.01765330501725511
1252.5;0.0153103221203973;0.03136882129277567;0.017094017094017096
1254.0;0.016682238490947087;0.024093511450381678;0.018147448015122872
1255.5;0.03326226012793177;0.016917819729987117;0.017824497257769654
1257.0;0.035192780968006564;0.024093511450381678;0.03318419090231171
1258.5;0.03409090909090909;0.03476361919376734;0.024784482758620687
1260.0;0.017754480892796753;0.0185181325793626;0.025152855115187247
1261.5;0.03466050479914682;0.0175513698630137;0.027411272429311004
1263.0;0.01597712748065927;0.031723651744800845;0.02691045475855602
1264.5;0.035127911416571206;0.0230722525804493;0.017410714285714286
1266.0;0.023809523809523808;0.026998169615619284;0.026355907358545882
1267.5;0.018716969225741748;0.0295796789674003;0.031135531135531136
1269.0;0.03874575147653832;0.01627448166361772;0.028770882091840855
1270.5;0.03250478011472275;0.02128445581131003;0.019013666072489603
1272.0;0.016863406408094434;0.017373380447585393;0.01879117923894043
1273.5;0.017754480892796753;0.025088028169014082;0.028186274509803922
1275.0;0.015731292517006803;0.01834862385321101;0.016664843504300385
1276.5;0.015871286409530037;0.01733025239957341;0.032673267326732675
1278.0;0.018848906360245943;0.018671683262517162;0.01654091700522345
1279.5;0.03125;0.03630217519106407;0.024378585086042064
1281.0;0.029702970297029705;0.015414729630535846;0.018803728013506295
1282.5;0.0310842308310561;0.018574581463896272;0.018573647424281647
1284.0;0.016838000708968452;0.0189328743545611;0.024664750957854403
1285.5;0.023418491484184917;0.019139945314441957;0.026839699159416013
1287.0;0.0230722525804493;0.01718287488267995;0.030009920634920632
1288.5;0.017287443030017287;0.017094017094017096;0.018197573656845753
1290.0;0.03202321895891143;0.01865038996269922;0.019274809160305342
1291.5;0.02966804979253112;0.0175513698630137;0.018242207460398566
1293.0;0.0189328743545611;0.01597712748065927;0.03542094455852156
1294.5;0.015095605501509561;0.03320921042632419;0.027312228429546864
1296.0;0.024093511450381678;0.016638225255972697;0.035475013728720486
1297.5;0.015414729630535846;0.025088028169014082;0.025522755227552277
1299.0;0.03726311306693165;0.016335052812576762;0.03314777327935223
1300.5;0.03209087658277752;0.017045454545454544;0.03542094455852156
1302.0;0.016614200769499828;0.02288072018004501;0.03474178403755869
1303.5;0.015280135823429542;0.025754803699970245;0.01597712748065927
1305.0;0.01865038996269922;0.0189328743545611;0.03969754253308129
1306.5;0.01842179442537598;0.029874213836477988;0.018197573656845753
1308.0;0.020006613756613757;0.018610244807272875;0.026212181725579573
1309.5;0.01845342706502636;0.03409090909090909;0.035869565217391305
1311.0;0.037370643092354175;0.02802491103202847;0.045312500000000006
1312.5;0.017094017094017096;0.018543046357615892;0.028160644764701866
1314.0;0.017754480892796753;0.01918932786044125;0.01811029333758894
1315.5;0.018026004728132386;0.0161839863713799;0.02568279495355608
1317.0;0.015731292517006803;0.023809523809523808;0.029768828147717363
1318.5;0.015001087035292413;0.016267481785445105;0.03861618644568899
1320.0;0.015095605501509561;0.018683274021352312;0.037123264580213464
1321.5;0.030318091451292245;0.01678765880217786;0.027531083481349913
1323.0;0.017814806907942786;0.03487592219986586;0.02966804979253112
1324.5;0.015095605501509561;0.032924107142857144;0.032696390658174104
1326.0;0.025573192239858905;0.025240384615384616;0.03991056456120738
1327.5;0.016089299461123942;0.0410212740966951;0.03534333231302928
1329.0;0.025088028169014082;0.03646288209606987;0.017368069472277887
1330.5;0.025322619917214514;0.024203298031819725;0.036590471405844434
1332.0;0.04046607768814355;0.019613656428298484;0.01810699588477366
1333.5;0.039888682745825604;0.019139945314441957;0.02569922389808171
1335.0;0.03764790247400502;0.01675356994726551;0.03469827586206897
1336.5;0.025573192239858905;0.026706558249665023;0.035073966367429515
1338.0;0.02703900709219858;0.01834862385321101;0.035650623885918005
1339.5;0.03764790247400502;0.018197573656845753;0.024122807017543862
1341.0;0.017391304347826087;0.030318091451292245;0.028050275904353158
1342.5;0.018176276971839572;0.027444794952681383;0.017094017094017096
1344.0;0.028050275904353158;0.023244781783681213;0.027699718988358095
1345.5;0.023642732049036778;0.030696992726088373;0.03156312625250501
1347.0;0.03357531760435572;0.02873278781682206;0.019633588412695156
1348.5;0.01865038996269922;0.02460456942003515;0.027811860940695293
1350.0;0.015095605501509561;0.01780160609014529;0.044526901669758805
1351.5;0.03864818325709216;0.03364485981308411;0.03282632981008851
1353.0;0.0175513698630137;0.02695167286245353;0.03967377895293797
1354.5;0.02460456942003515;0.027531083481349913;0.028401997503121095
1356.0;0.032256841786066255;0.0230722525804493;0.03779069767441861
1357.5;0.016863406408094434;0.028050275904353158;0.01890359168241966
1359.0;0.017094017094017096;0.015280135823429542;0.041029272898961286
1360.5;0.017094017094017096;0.018371212121212118;0.029763808029923684
1362.0;0.016638225255972697;0.031746031746031744;0.037753222836095765
1363.5;0.016863406408094434;0.017094017094017096;0.023418491484184917
1365.0;0.03639029592108771;0.02684356680037026;0.01834061135371179
1366.5;0.02939958592132505;0.018937169700528483;0.03250478011472275
1368.0;0.025937403160830493;0.017094017094017096;0.026475958612294584
1369.5;0.044468546637744036;0.017699115044247787;0.017883272962794156
1371.0;0.030938123752495012;0.0230722525804493;0.03564899451553931
1372.5;0.017215791035915702;0.017824497257769654;0.036415289256198344
1374.0;0.03297872340425532;0.026672809258561234;0.026077596751308774
1375.5;0.017596390484003282;0.017560000238037145;0.01512779241718377
1377.0;0.017844941198196913;0.01545643555446486;0.036646406864497674
1378.5;0.018010291595197254;0.038441422594142266;0.01733025239957341
1380.0;0.014945495799148322;0.025088028169014082;0.018487434139972954
1381.5;0.02352661596958175;0.02802491103202847;0.040424121935056324
1383.0;0.0336838885409232;0.029397233201581028;0.03460837887067396
1384.5;0.02460456942003515;0.01672535211267606;0.02669539153240914
1386.0;0.016745540589734254;0.02670240913521794;0.0230722525804493
1387.5;0.03004578405188859;0.01865038996269922;0.023809523809523808
1389.0;0.01713180436584692;0.024664750957854403;0.030384240158914867
1390.5;0.024464831804281346;0.017256925767414787;0.018082813426555547
1392.0;0.03542094455852156;0.019139945314441957;0.03742802303262956
1393.5;0.02802491103202847;0.029816513761467895;0.015069294547215105
1395.0;0.02587800369685767;0.01726263871763255;0.031746031746031744
1396.5;0.03685386088066369;0.015139193690331638;0.04057719431485299
1398.0;0.02516881522406384;0.02891543420553659;0.01771809624494277
1399.5;0.016979552792060267;0.0175513698630137;0.038817005545286505
1401.0;0.017373380447585393;0.02848722986247544;0.03293798595973293
1402.5;0.01834862385321101;0.017134997433140575;0.01597712748065927
1404.0;0.01837805412422468;0.02860082304526749;0.038100208768267224
1405.5;0.026107226107226107;0.028050275904353158;0.015992751525289242
1407.0;0.019050942079553383;0.03923444976076555;0.025573192239858905
1408.5;0.016348533050547898;0.04067796610169492;0.03412017167381975
1410.0;0.03357531760435572;0.01537736404878336;0.03401334844478025
1411.5;0.024093511450381678;0.03085485307212823;0.040080752375793983
1413.0;0.018543046357615892;0.02351778656126482;0.0285204991087344
1414.5;0.016315061386823447;0.030338777979431342;0.038041387799061466
1416.0;0.018543046357615892;0.022041062801932364;0.030245746691871456
1417.5;0.016054605772676308;0.03469827586206897;0.03618273721927187
1419.0;0.03481624758220503;0.03403878334481741;0.03997064167198084
1420.5;0.0161839863713799;0.03411405295315682;0.015731292517006803
1422.0;0.027531083481349913;0.024093511450381678;0.026548672566371685
1423.5;0.019139945314441957;0.02673066095387193;0.017623877982923447
1425.0;0.026518218623481783;0.03185654008438818;0.017623877982923447
1426.5;0.03215077605321508;0.04460242232754081;0.03326935380678182
1428.0;0.024114774114774116;0.028147847278635257;0.016638225255972697
1429.5;0.026639507947919163;0.017373380447585393;0.03411405295315682
1431.0;0.017368069472277887;0.03383297644539615;0.01847256430674642
1432.5;0.018026004728132386;0.030993042378241617;0.01645021645021645
1434.0;0.025088028169014082;0.028433476394849784;0.018532729644693425
1435.5;0.01723920181864107;0.028353715314420512;0.02909270216962525
1437.0;0.034408602150537634;0.038100208768267224;0.026548672566371685
1438.5;0.024114774114774116;0.02966804979253112;0.03609431217943811
1440.0;0.026457750968564567;0.025875300675804666;0.02909270216962525
1441.5;0.015230236508150008;0.030036165300706123;0.02729044834307992
1443.0;0.022405660377358493;0.01645021645021645;0.031746031746031744
1444.5;0.027262006700016522;0.018413173652694608;0.015095605501509561
1446.0;0.01675356994726551;0.015257390944800497;0.024203298031819725
1447.5;0.0257196566567555;0.03383297644539615;0.02656529983820741
1449.0;0.040968342644320296;0.035751028806584366;0.036721805475411935
1450.5;0.017094017094017096;0.015654541329501625;0.024664750957854403
1452.0;0.017623877982923447;0.03406095427616894;0.015154962909024714
1453.5;0.014945495799148322;0.017094017094017096;0.017094017094017096
1455.0;0.030245746691871456;0.018086080586080584;0.028018950014502563
1456.5;0.01597712748065927;0.02352661596958175;0.03445715150322229
1458.0;0.01597712748065927;0.024895701686439183;0.018060368245709352
1459.5;0.035774141714325206;0.025;0.017373380447585393
1461.0;0.016863406408094434;0.019408502772643253;0.03316662279547249
1462.5;0.03183910937543675;0.015861825872400422;0.025237170799604407
1464.0;0.01830736743700201;0.017596390484003282;0.01834061135371179
1465.5;0.017754480892796753;0.026201242409193477;0.02939958592132505
1467.0;0.017498443680569787;0.026388938468753197;0.035073966367429515
1468.5;0.0189328743545611;0.042924211938296444;0.017094017094017096
1470.0;0.017094017094017096;0.017015706806282723;0.01726263871763255
1471.5;0.015731292517006803;0.023244781783681213;0.0170487948265726
1473.0;0.018876611418047883;0.0188212927756654;0.031003039513677815
1474.5;0.02516881522406384;0.018086080586080584;0.018902169101372285
1476.0;0.016863406408094434;0.018612132352941176;0.025529865125240848
1477.5;0.01842179442537598;0.022405660377358493;0.02516881522406384
1479.0;0.016863406408094434;0.03204623062779091;0.03774334525228447
1480.5;0.015095605501509561;0.02654302042479993;0.02304360381172394
1482.0;0.017094017094017096;0.018354055654233276;0.024858199512431053
1483.5;0.018026004728132386;0.02966804979253112;0.016286135467056467
1485.0;0.026998169615619284;0.034026465028355386;0.02706185567010309
1486.5;0.017094017094017096;0.018612132352941176;0.026534783485717344
1488.0;0.016863406408094434;0.024664750957854403;0.0306254493170381
1489.5;0.01597712748065927;0.01783664661861255;0.025573192239858905
1491.0;0.035650623885918005;0.039603960396039604;0.01983411467724486
1492.5;0.015095605501509561;0.018323203432248837;0.03136882129277567
1494.0;0.03768591312195207;0.02729650577898996;0.017824497257769654
1495.5;0.0175513698630137;0.03136882129277567;0.023762376237623763
1497.0;0.015095605501509561;0.039888682745825604;0.01834061135371179
1498.5;0.01850632726208763;0.024574669187145556;0.024176667596985765
1500.0;0.029504080351537978;0.02587800369685767;0.018244730733008474
1501.5;0.025956284153005466;0.035650623885918005;0.017356740642596888
1503.0;0.018848906360245943;0.024093511450381678;0.027482269503546097
1504.5;0.0170487948265726;0.04055812138164314;0.031857813547954396
1506.0;0.015001087035292413;0.0230722525804493;0.02542372881355932
1507.5;0.01865038996269922;0.01647485416995113;0.015622050434406266
1509.0;0.023642732049036778;0.017094017094017096;0.027055702917771884
1510.5;0.03966822935448972;0.030993042378241617;0.03316662279547249
1512.0;0.01597712748065927;0.01897923971725942;0.029445894981143025
1513.5;0.016863406408094434;0.0285204991087344;0.028398425673630035
1515.0;0.03183910937543675;0.018147448015122872;0.038908809973081264
1516.5;0.03669724770642202;0.0177109440267335;0.017432449259120908
1518.0;0.016863406408094434;0.0189328743545611;0.016530797101449276
1519.5;0.03326935380678182;0.029216407862848938;0.025015450306196976
1521.0;0.02670240913521794;0.01811216999012306;0.03219315895372234
1522.5;0.01726263871763255;0.04126794258373206;0.027966019116461596
1524.0;0.019408502772643253;0.019139945314441957;0.029549481397948066
1525.5;0.03061615001913509;0.037990196078431376;0.029445894981143025
1527.0;0.022185354577068325;0.030627490039840638;0.024637681159420288
1528.5;0.02604280889512698;0.04016913319238901;0.026514314137283078
1530.0;0.017725538407935167;0.03156312625250501;0.024259440829545117
1531.5;0.015001087035292413;0.018429899149693493;0.02525050100200401
1533.0;0.018876611418047883;0.01882395123700251;0.02657231717030833
1534.5;0.01822145094387539;0.024816176470588234;0.03325705741084779
1536.0;0.01762652864772052;0.0170487948265726;0.01900256574727389
1537.5;0.015095605501509561;0.025863077823288467;0.028926736955934035
1539.0;0.02352661596958175;0.017849964223471185;0.03820906227585993
1540.5;0.02891543420553659;0.01882395123700251;0.035582822085889566
1542.0;0.02760404051916967;0.02352661596958175;0.033814763869784506
1543.5;0.016638225255972697;0.024816176470588234;0.023613963039014373
1545.0;0.01597712748065927;0.02980239714933592;0.01904761904761905
1546.5;0.015871286409530037;0.036795086432812256;0.03409090909090909
1548.0;0.01654091700522345;0.01779008371437058;0.03038573508005822
1549.5;0.036646406864497674;0.02400793650793651;0.017460979111666896
1551.0;0.01597712748065927;0.027643983368325718;0.021042084168336674
1552.5;0.03293798595973293;0.01950286806883365;0.02587096792953745
1554.0;0.018543046357615892;0.046143877966603734;0.0188212927756654
1555.5;0.017302798982188294;0.026293028887735687;0.02673283502838705
1557.0;0.01767793611602543;0.024176667596985765;0.02755830642765728
1558.5;0.015786644290442596;0.034408602150537634;0.02964569775849602
1560.0;0.016591454621909647;0.028073770491803277;0.019276956137024393
1561.5;0.016562368492498265;0.032634704392629464;0.016888663867433602
1563.0;0.016562368492498265;0.03878686700055648;0.025152855115187247
1564.5;0.01740435554244549;0.03445570447858777;0.02705016264338298
1566.0;0.01740435554244549;0.022405660377358493;0.025930873083334253
1567.5;0.0161839863713799;0.03476482617586912;0.04056558899361637
1569.0;0.018010291595197254;0.01834061135371179;0.018650281503095598
1570.5;0.03864818325709216;0.03282828282828283;0.028938906752411574
1572.0;0.030813820600779404;0.027718550106609806;0.03940367562010024
1573.5;0.030813820600779404;0.016357261371818553;0.024378585086042064
1575.0;0.024114774114774116;0.03791773778920309;0.0196525928743502
1576.5;0.03638309256286784;0.03981898394505846;0.02396214896214896
1578.0;0.03289285823417288;0.02909270216962525;0.027313709891275528
1579.5;0.036646406864497674;0.029702970297029705;0.025055483785484785
1581.0;0.03669724770642202;0.030753138075313803;0.025402627745616184
1582.5;0.01597712748065927;0.03584229390681004;0.03095095693779904
1584.0;0.03966822935448972;0.0350922131147541;0.05139257294429708
1585.5;0.03669724770642202;0.03266518188567186;0.029573367808661925
1587.0;0.025088028169014082;0.03681253696037847;0.023163377192982455
1588.5;0.02587800369685767;0.02772277227722772;0.02860505420487229
1590.0;0.03828413284132841;0.03004578405188859;0.0452802354948794
1591.5;0.03617216117216117;0.043456032719836404;0.03155690352397458
1593.0;0.01850632726208763;0.025989604158336663;0.023762376237623763
1594.5;0.015809071886378992;0.03496019025953882;0.03469827586206897
1596.0;0.015743018124095107;0.03835669781931465;0.03511762700306853
1597.5;0.017094017094017096;0.018016244154565594;0.033303411131059245
1599.0;0.01865038996269922;0.02833675564681725;0.035707905801363744
1600.5;0.023642732049036778;0.022309197651663407;0.028359704175137748
1602.0;0.01597712748065927;0.018325444682184614;0.03240740740740741
1603.5;0.015280135823429542;0.039504716981132074;0.039127163280662146
1605.0;0.024378585086042064;0.025074665870230717;0.033547008547008546
1606.5;0.01929824561403509;0.017971946230274694;0.029822732012513033
1608.0;0.03357531760435572;0.03013979272113762;0.029848276550217857
1609.5;0.03357531760435572;0.03397147147147147;0.024182880137134877
1611.0;0.016638225255972697;0.018696834582424188;0.031673793524740375
1612.5;0.024122807017543862;0.030245746691871456;0.03020833333333333
1614.0;0.035650623885918005;0.017015706806282723;0.04977179093626303
1615.5;0.015280135823429542;0.016252279131443725;0.03543123719864465
1617.0;0.018470790378006873;0.025513091556287674;0.024510585753607903
1618.5;0.017623877982923447;0.040343486714193126;0.025490088708794215
1620.0;0.0161839863713799;0.017094017094017096;0.03127972569406039
1621.5;0.0189328743545611;0.0161839863713799;0.02003052270125906
1623.0;0.015871286409530037;0.017373380447585393;0.052156369890197105
1624.5;0.032886334610472544;0.017094017094017096;0.03852920478536242
1626.0;0.032886334610472544;0.038817005545286505;0.02795584045584046
1627.5;0.0340398201669878;0.022727272727272728;0.023834019204389576
1629.0;0.018010291595197254;0.02495201535508637;0.030318091451292245
1630.5;0.015095605501509561;0.01897923971725942;0.019395134779750165
1632.0;0.03609431217943811;0.02810051241061361;0.030991255427138754
1633.5;0.0161839863713799;0.01834862385321101;0.030435566777887994
1635.0;0.038655160014383315;0.017065665405680087;0.034110097939885176
1636.5;0.02729044834307992;0.018354055654233276;0.018866351764378994
1638.0;0.016937514305333027;0.03618273721927187;0.031135531135531136
1639.5;0.02703900709219858;0.015225395561747438;0.01749044044752868
1641.0;0.02703900709219858;0.02966804979253112;0.028347143480156996
1642.5;0.035650623885918005;0.029397233201581028;0.034866898148148154
1644.0;0.015001087035292413;0.01810895810084204;0.03540374606538473
1645.5;0.015809071886378992;0.0161839863713799;0.033862764343713755
1647.0;0.024122807017543862;0.03004578405188859;0.03614457831325302
1648.5;0.015871286409530037;0.018026004728132386;0.025690021231422507
1650.0;0.015769487034319674;0.03156312625250501;0.03837209302325581
1651.5;0.037312715311890364;0.03326935380678182;0.025490088708794215
1653.0;0.032573955124637066;0.0170487948265726;0.032812245562611954
1654.5;0.018289844042285466;0.0170487948265726;0.02939958592132505
1656.0;0.02703900709219858;0.035298681148176886;0.01764234161988773
1657.5;0.0285204991087344;0.03784874028643084;0.02867383512544803
1659.0;0.0285204991087344;0.038041387799061466;0.04029605263157895
1660.5;0.03416622228993677;0.015095605501509561;0.025077268895757236
1662.0;0.03416622228993677;0.01822145094387539;0.03740409207161126
1663.5;0.03416622228993677;0.03103133296011253;0.04158234143998903
1665.0;0.03416622228993677;0.01654574372603444;0.03965139474802969
1666.5;0.032000890578704894;0.02802491103202847;0.037037037037037035
1668.0;0.032000890578704894;0.03768591312195207;0.049227799227799234
1669.5;0.03637335441877961;0.03575047040092633;0.03072792362768496
1671.0;0.017427438387099873;0.018467296424989527;0.04336043360433604
1672.5;0.03617216117216117;0.016619030091182988;0.034688346883468835
1674.0;0.02703900709219858;0.019675925925925927;0.03882769472856018
1675.5;0.02703900709219858;0.03442920010354647;0.03797501201008497
1677.0;0.033879208022981784;0.033676001417936904;0.025529865125240848
1678.5;0.015280135823429542;0.0189328743545611;0.023743091988322366
1680.0;0.029017857142857144;0.01612259159428971;0.04207140434475588
1681.5;0.03764790247400502;0.024122807017543862;0.03140629596940276
1683.0;0.03764790247400502;0.01730418943533698;0.02320130118637581
1684.5;0.015871286409530037;0.024761522688775964;0.019408502772643253
1686.0;0.0161839863713799;0.0340398201669878;0.01726263871763255
1687.5;0.033676001417936904;0.028580208973570994;0.01904761904761905
1689.0;0.01842179442537598;0.024723374827109266;0.02540904716073147
1690.5;0.02703900709219858;0.023244781783681213;0.03736041315099655
1692.0;0.03764790247400502;0.018532729644693425;0.06005674653215636
1693.5;0.017547197908565945;0.01733025239957341;0.02591627498639918
1695.0;0.015743018124095107;0.017773776536674248;0.025529865125240848
1696.5;0.017443347491498312;0.02703900709219858;0.02537988815776473
1698.0;0.01485852872552252;0.014945495799148322;0.03412017167381975
1699.5;0.014839767744728968;0.01834061135371179;0.02819414703783012
1701.0;0.03149447818769957;0.016281110168747993;0.03498920086393088
1702.5;0.03149447818769957;0.016863406408094434;0.03324363485820741
1704.0;0.015680987109796585;0.03512773722627738;0.020639200083760863
1705.5;0.015680987109796585;0.017754480892796753;0.024780849629130138
1707.0;0.017388172610590263;0.0189328743545611;0.0279090113735783
1708.5;0.017388172610590263;0.015095605501509561;0.018356643356643356
1710.0;0.017388172610590263;0.0175513698630137;0.035763278709224265
1711.5;0.017388172610590263;0.017045454545454544;0.04782359679266895
1713.0;0.017388172610590263;0.016043635035830027;0.028104980367844597
1714.5;0.026548672566371685;0.024093511450381678;0.029802929708083042
1716.0;0.026548672566371685;0.02536988685813751;0.030818131564400223
1717.5;0.038655160014383315;0.01686511603347678;0.0174594690896134
1719.0;0.03768591312195207;0.01672535211267606;0.030753138075313803
1720.5;0.03768591312195207;0.03706545928938685;0.03463203463203463
1722.0;0.033697931493502586;0.025522755227552277;0.05169387396875549
1723.5;0.033697931493502586;0.017883272962794156;0.023793921652845686
1725.0;0.017465858520325457;0.040013227513227514;0.026797822557539874
1726.5;0.017465858520325457;0.026548672566371685;0.04574428196475439
1728.0;0.037137807788150325;0.03416622228993677;0.03370465581262496
1729.5;0.03334073832066439;0.03669724770642202;0.034611469290804206
1731.0;0.016638225255972697;0.015731292517006803;0.016945805024490442
1732.5;0.033879208022981784;0.026113457095052188;0.03425345785553848
1734.0;0.03828413284132841;0.03831678999370036;0.02833675564681725
1735.5;0.01597712748065927;0.014979405721810725;0.02491909385113269
1737.0;0.037753222836095765;0.023642732049036778;0.03094965917269995
1738.5;0.024122807017543862;0.03316662279547249;0.01874025924658836
1740.0;0.03966822935448972;0.015907416444202047;0.030084831860205215
1741.5;0.03902213310711807;0.015831002263857863;0.015635365217424417
1743.0;0.01842179442537598;0.017373380447585393;0.019492203118752497
1744.5;0.0285204991087344;0.03414239072663309;0.036665513663092356
1746.0;0.016745540589734254;0.028580208973570994;0.02819414703783012
1747.5;0.038655160014383315;0.018010291595197254;0.01979416200869488
1749.0;0.03320921042632419;0.038655160014383315;0.034110097939885176
1750.5;0.032000890578704894;0.023642732049036778;0.031249969546214236
1752.0;0.027531083481349913;0.02802491103202847;0.02646945301529401
1753.5;0.027531083481349913;0.017754480892796753;0.024510793676096414
1755.0;0.026060070671378093;0.016838000708968452;0.04116372640049521
1756.5;0.026060070671378093;0.01783664661861255;0.028767523364485983
1758.0;0.01850632726208763;0.030993042378241617;0.02913279132791328
1759.5;0.014945495799148322;0.01589496047739557;0.03288796458251387
1761.0;0.025573192239858905;0.0175513698630137;0.04588394062078272
1762.5;0.017754480892796753;0.01834061135371179;0.06314046183656961
1764.0;0.017754480892796753;0.023274161735700197;0.03565365295497078
1765.5;0.0367279087083759;0.025843642177901204;0.03529378498572943
1767.0;0.01836806645203033;0.018676045941075577;0.05128205128205128
1768.5;0.018332165356039182;0.0175513698630137;0.03954154727793697
1770.0;0.0189328743545611;0.026060070671378093;0.03854967165013274
1771.5;0.015095605501509561;0.019139945314441957;0.02326945793226857
1773.0;0.016745540589734254;0.015861825872400422;0.03997819371252044
1774.5;0.0161839863713799;0.016638225255972697;0.02872168284789644
1776.0;0.01576182136602452;0.03416622228993677;0.03761297182349813
1777.5;0.023418491484184917;0.016403046280023436;0.025224446299329305
1779.0;0.04229122055674518;0.026060070671378093;0.030756437460572345
1780.5;0.03061615001913509;0.015001087035292413;0.03664340101522842
1782.0;0.029853167842946376;0.018470790378006873;0.027551020408163263
1783.5;0.017971946230274694;0.02891543420553659;0.03370786516853933
1785.0;0.027215631542219124;0.03276256866659899;0.04138301683984236
1786.5;0.039888682745825604;0.037753222836095765;0.03654582964927793
1788.0;0.03383297644539615;0.015095605501509561;0.029242469430360865
1789.5;0.03940367562010024;0.017623877982923447;0.027559055118110236
1791.0;0.02848722986247544;0.017094017094017096;0.04083665338645418
1792.5;0.04151478331308222;0.017623877982923447;0.04300781960356429
1794.0;0.01726263871763255;0.018010291595197254;0.039450670467059655
1795.5;0.028050275904353158;0.016745540589734254;0.039713541666666664
1797.0;0.03409090909090909;0.019345238095238096;0.032233991463552825
1798.5;0.037753222836095765;0.019345238095238096;0.03185386473429951
1800.0;0.03466050479914682;0.015095605501509561;0.029265192990947497
1801.5;0.01836806645203033;0.017623877982923447;0.021505376344086023
1803.0;0.0391281512605042;0.017547197908565945;0.020600092615292418
1804.5;0.016937514305333027;0.017443347491498312;0.02424731781799398
1806.0;0.030970111690877346;0.016568094782873223;0.022358943577430974
1807.5;0.03162412960961591;0.025088028169014082;0.0392156862745098
1809.0;0.01827151917897185;0.03357531760435572;0.031235801908223535
1810.5;0.03331667535346587;0.03357531760435572;0.03069178304644365
1812.0;0.03250478011472275;0.016863406408094434;0.024166411746711535
1813.5;0.03669724770642202;0.03966822935448972;0.06470782436447671
1815.0;0.0189328743545611;0.03841245791927793;0.02648140580302411
1816.5;0.01850632726208763;0.024093511450381678;0.03209858470977803
1818.0;0.03276661638370833;0.024574669187145556;0.04591540200193737
1819.5;0.018010291595197254;0.024574669187145556;0.023394808743169397
1821.0;0.035127911416571206;0.018716969225741748;0.02964569775849602
1822.5;0.019082371238858645;0.032367478784020215;0.024637681159420288
1824.0;0.034290370024975876;0.027531083481349913;0.018834546053780626
1825.5;0.025522755227552277;0.027531083481349913;0.03646288209606987
1827.0;0.01612259159428971;0.03072625698324023;0.019744058500914076
1828.5;0.018010291595197254;0.03072625698324023;0.01908736289183428
1830.0;0.035774141714325206;0.03072625698324023;0.03318419090231171
1831.5;0.01865038996269922;0.017934291168491913;0.01632213216768358
1833.0;0.01749271137026239;0.018610244807272875;0.042045454545454546
1834.5;0.030245746691871456;0.031027742835050626;0.023556231003039513
1836.0;0.02911275415896488;0.01490398320124353;0.018558172733761598
1837.5;0.015225395561747438;0.01490398320124353;0.028767523364485983
1839.0;0.025088028169014082;0.015721433426428948;0.03417136871175869
1840.5;0.039754363283775046;0.025573192239858905;0.03037167091174361
1842.0;0.016830578931359627;0.03365384615384615;0.025627615062761504
1843.5;0.016638225255972697;0.028580208973570994;0.0410356798527789
1845.0;0.026060070671378093;0.03535245814226298;0.024664750957854403
1846.5;0.02569922389808171;0.03535245814226298;0.026807082576071114
1848.0;0.017656852955616538;0.03892124243888933;0.0175513698630137
1849.5;0.027531083481349913;0.01865038996269922;0.02592592592592593
1851.0;0.03416622228993677;0.016745540589734254;0.02400793650793651
1852.5;0.03091538715963386;0.0161839863713799;0.039821029082774045
1854.0;0.038100208768267224;0.033205619412515965;0.024254473161033796
1855.5;0.028861105927722834;0.019082371238858645;0.019276956137024393
1857.0;0.016025963289428118;0.016775307882501863;0.029746281714785654
1858.5;0.0175513698630137;0.017511500713744025;0.034408602150537634
1860.0;0.017754480892796753;0.017511500713744025;0.025627615062761504
1861.5;0.025573192239858905;0.0189328743545611;0.030009920634920632
1863.0;0.017679771605305417;0.025522755227552277;0.023833646933950885
1864.5;0.017373380447585393;0.01865038996269922;0.019944341372912802
1866.0;0.018010291595197254;0.01865038996269922;0.026008064516129033
1867.5;0.0189328743545611;0.017623877982923447;0.03511762700306853
1869.0;0.015001087035292413;0.01660281557997176;0.01819015084480156
1870.5;0.035650623885918005;0.017443347491498312;0.02352661596958175
1872.0;0.015871286409530037;0.017443347491498312;0.01815193274574063
1873.5;0.031723651744800845;0.0285204991087344;0.02486058115644262
1875.0;0.017623877982923447;0.02802491103202847;0.019524316648917288
1876.5;0.015731292517006803;0.036646406864497674;0.03919631093544137
1878.0;0.024093511450381678;0.01842179442537598;0.019525198770481787
1879.5;0.018052243358660087;0.024114774114774116;0.022727272727272728
1881.0;0.025148597325954054;0.032697066101095795;0.029647930821494754
1882.5;0.025148597325954054;0.03416622228993677;0.018010291595197254
1884.0;0.03807869716824014;0.035774141714325206;0.016335052812576762
1885.5;0.03669724770642202;0.035774141714325206;0.019731800766283527
1887.0;0.0170487948265726;0.01836806645203033;0.0170487948265726
1888.5;0.017883272962794156;0.03828413284132841;0.03085485307212823
1890.0;0.016863406408094434;0.01850632726208763;0.02620145817064538
1891.5;0.027531083481349913;0.01850632726208763;0.029095300834431265
1893.0;0.01597712748065927;0.03106789479980177;0.015396865041285533
1894.5;0.016676298192025096;0.03091538715963386;0.022535211267605635
1896.0;0.01654091700522345;0.014870091759449306;0.01929824561403509
1897.5;0.03460837887067396;0.01485852872552252;0.018470790378006873
1899.0;0.023418491484184917;0.027531083481349913;0.03423209093312186
1900.5;0.023750573131591016;0.02703900709219858;0.03969754253308129
1902.0;0.01726263871763255;0.02703900709219858;0.031183368869936036
1903.5;0.022727272727272728;0.01597712748065927;0.040757692179200215
1905.0;0.01702553830746119;0.018010291595197254;0.03153955808980755
1906.5;0.038441422594142266;0.040424121935056324;0.018429491903108476
1908.0;0.016217853406024562;0.040968342644320296;0.02915766738660907
1909.5;0.024464831804281346;0.015001087035292413;0.03760041018629294
1911.0;0.01749271137026239;0.01836806645203033;0.019408502772643253
1912.5;0.023418491484184917;0.035437678433415665;0.029401154401154404
1914.0;0.029516994633273706;0.03160480961955194;0.030318091451292245
1915.5;0.025439127801332527;0.033363061427410384;0.02966804979253112
1917.0;0.020099838011173925;0.017754480892796753;0.025937403160830493
1918.5;0.038441422594142266;0.026060070671378093;0.0345679012345679
1920.0;0.044168842471714535;0.017623877982923447;0.019142066420664204
1921.5;0.029937629937629936;0.016676298192025096;0.03238269533831528
1923.0;0.04186698717948718;0.014910112661872163;0.01726263871763255
1924.5;0.02433379845488888;0.037137807788150325;0.01958413926499033
1926.0;0.04563583371682774;0.0182681206624895;0.027976966536288565
1927.5;0.030993042378241617;0.01865038996269922;0.031820110309715745
1929.0;0.015280135823429542;0.035774141714325206;0.028261835827494423
1930.5;0.024464831804281346;0.016638225255972697;0.024114774114774116
1932.0;0.016348533050547898;0.017754480892796753;0.03326935380678182
1933.5;0.03555772701980104;0.017373380447585393;0.038100208768267224
1935.0;0.0170487948265726;0.023765996343692867;0.026077596751308774
1936.5;0.027394900068917986;0.01942319011183049;0.02909270216962525
1938.0;0.018876611418047883;0.0161839863713799;0.027145026575550492
1939.5;0.023765996343692867;0.016863406408094434;0.028433476394849784
1941.0;0.0161839863713799;0.01865038996269922;0.019729288517465433
1942.5;0.032696390658174104;0.0230722525804493;0.030245746691871456
1944.0;0.016187271319071658;0.038655160014383315;0.024464831804281346
1945.5;0.018683274021352312;0.03130908265900325;0.028104980367844597
1947.0;0.017971946230274694;0.023809523809523808;0.029081448041766465
1948.5;0.03476482617586912;0.025605214152700187;0.035818992945641226
1950.0;0.0230722525804493;0.04113010574176276;0.02966804979253112
1951.5;0.03530661003451022;0.039888682745825604;0.022363984857414396
1953.0;0.026475958612294584;0.02833675564681725;0.03204623062779091
1954.5;0.01726263871763255;0.042388201712654616;0.03742802303262956
1956.0;0.02911275415896488;0.01733025239957341;0.029773156899810964
1957.5;0.032886334610472544;0.03498920086393088;0.04157782515991471
1959.0;0.017094017094017096;0.03125;0.02802491103202847
1960.5;0.017094017094017096;0.037720111214087124;0.035017335314512135
1962.0;0.03130908265900325;0.03382541162571162;0.041445641108074804
1963.5;0.01865038996269922;0.031723651744800845;0.022964015151515152
1965.0;0.03966822935448972;0.030993042378241617;0.025522755227552277
1966.5;0.025088028169014082;0.017771545130035694;0.03572354435630217
1968.0;0.035148828372387586;0.016705796196178947;0.019142066420664204
1969.5;0.024114774114774116;0.037720111214087124;0.02525050100200401
1971.0;0.01597712748065927;0.027535606387570136;0.027798718431963815
1972.5;0.040357478833490126;0.018794949067375954;0.024203298031819725
1974.0;0.02724597412685608;0.037050893430854936;0.036569222283508
1975.5;0.026548672566371685;0.016863406408094434;0.026173020527859234
1977.0;0.017094017094017096;0.026060070671378093;0.02999766917877399
1978.5;0.023465703971119134;0.029478889311525296;0.02126119010005266
1980.0;0.027202796688403155;0.018041485106324483;0.018457650866945414
1981.5;0.018010291595197254;0.01834061135371179;0.019139945314441957
1983.0;0.031003039513677815;0.028248983597364368;0.025240384615384616
1984.5;0.035611583386147096;0.017699115044247787;0.03487592219986586
1986.0;0.01835078161749423;0.02703900709219858;0.017699115044247787
1987.5;0.01715933414707495;0.017089125102207687;0.02802491103202847
1989.0;0.016672144974967933;0.016838000708968452;0.016745540589734254
1990.5;0.02703900709219858;0.03916827852998066;0.021673387096774195
1992.0;0.030009920634920632;0.018026004728132386;0.01917044266294876
1993.5;0.02891543420553659;0.028769144302374594;0.024631418403660392
1995.0;0.017122114923635367;0.023765996343692867;0.01834862385321101
1996.5;0.03365384615384615;0.030245746691871456;0.01766843911960692
1998.0;0.019408502772643253;0.01597712748065927;0.02623456790123457
1999.5;0.019139945314441957;0.03460837887067396;0.01589496047739557
2001.0;0.015033359741139864;0.01834862385321101;0.016638225255972697
2002.5;0.035650623885918005;0.01871657754010695;0.01756386861313869
2004.0;0.024122807017543862;0.01798210492332897;0.03699819520998976
2005.5;0.01865038996269922;0.02734495764545848;0.026548672566371685
2007.0;0.01663225731761437;0.036579646709395036;0.018470790378006873
2008.5;0.018314772574802095;0.033205619412515965;0.024203298031819725
2010.0;0.016357261371818553;0.015230236508150008;0.0191371160811115
2011.5;0.01514502933989791;0.017754480892796753;0.016863406408094434
2013.0;0.0170487948265726;0.03466050479914682;0.0189328743545611
2014.5;0.015414729630535846;0.02587800369685767;0.017754480892796753
2016.0;0.028770882091840855;0.04083665338645418;0.03696682464454976
2017.5;0.03460837887067396;0.023809523809523808;0.01584493527338707
2019.0;0.018470790378006873;0.03717152212240786;0.018354055654233276
2020.5;0.03320921042632419;0.01702553830746119;0.034522108226862615
2022.0;0.03902213310711807;0.02460456942003515;0.016664722618075594
2023.5;0.024816176470588234;0.02460456942003515;0.018202378957949406
2025.0;0.024464831804281346;0.01850632726208763;0.02587800369685767
2026.5;0.016638225255972697;0.01549874155517287;0.03764790247400502
2028.0;0.037422037422037424;0.019013666072489603;0.017094017094017096
2029.5;0.017563955708285603;0.025956284153005466;0.03481624758220503
2031.0;0.016383308191854164;0.01879117923894043;0.018683274021352312
2032.5;0.037753222836095765;0.02623456790123457;0.0175513698630137
2034.0;0.03617216117216117;0.03591105863833136;0.03442728442728442
2035.5;0.015809071886378992;0.016043635035830027;0.041250831669993354
2037.0;0.015095605501509561;0.016863406408094434;0.015280135823429542
2038.5;0.027531083481349913;0.030318091451292245;0.03282828282828283
2040.0;0.032256841786066255;0.018197573656845753;0.01772899957788096
2041.5;0.034633078205669056;0.016775307882501863;0.03181789599446645
2043.0;0.0175513698630137;0.02703900709219858;0.023244781783681213
2044.5;0.01904761904761905;0.028580208973570994;0.0425033467202142
2046.0;0.03940367562010024;0.02494777243356168;0.018010291595197254
2047.5;0.01903411557047368;0.03326935380678182;0.033879208022981784
2049.0;0.017699115044247787;0.03966822935448972;0.01663225731761437
2050.5;0.01702553830746119;0.03878406708595388;0.0325497287522604
2052.0;0.015095605501509561;0.018027686896003935;0.03609431217943811
2053.5;0.03768591312195207;0.024574669187145556;0.03276661638370833
2055.0;0.01865038996269922;0.03674948240165632;0.03435603223272361
2056.5;0.01726263871763255;0.046592015579357354;0.026548672566371685
2058.0;0.015024970979036621;0.04055812138164314;0.03609431217943811
2059.5;0.01608187134502924;0.018487434139972954;0.023244781783681213
2061.0;0.038655160014383315;0.03476482617586912;0.016128420893033128
2062.5;0.02460456942003515;0.018371242245904248;0.03608233374990753
2064.0;0.037753222836095765;0.02619047619047619;0.015837095542905518
2065.5;0.028580208973570994;0.02268431001890359;0.03409090909090909
2067.0;0.017934291168491913;0.02891543420553659;0.026548672566371685
2068.5;0.018683274021352312;0.025529865125240848;0.017699115044247787
2070.0;0.029291649063512178;0.03219827271192292;0.030993042378241617
2071.5;0.027531083481349913;0.024203298031819725;0.01597712748065927
2073.0;0.017094017094017096;0.02499924106736286;0.025522755227552277
2074.5;0.017094017094017096;0.04172335600907029;0.0350922131147541
2076.0;0.017699115044247787;0.025522755227552277;0.026077596751308774
2077.5;0.015731292517006803;0.03443877551020408;0.031746031746031744
2079.0;0.015095605501509561;0.03498920086393088;0.018010291595197254
2080.5;0.01897923971725942;0.029702970297029705;0.01654091700522345
2082.0;0.031746031746031744;0.02767652220872148;0.01654091700522345
2083.5;0.026548672566371685;0.05747694334650857;0.017373380447585393
2085.0;0.017754480892796753;0.041745042945564234;0.023418491484184917
2086.5;0.01654091700522345;0.03646288209606987;0.01865038996269922
2088.0;0.015225395561747438;0.018549642079053845;0.016863406408094434
2089.5;0.017373380447585393;0.03540100250626566;0.0367279087083759
2091.0;0.01749271137026239;0.02638661905050138;0.024122807017543862
2092.5;0.027021031147395506;0.025562026954784614;0.025522755227552277
2094.0;0.038677692018763435;0.03266518188567186;0.02587800369685767
2095.5;0.0170487948265726;0.03524630461145161;0.03326935380678182
2097.0;0.015225395561747438;0.026262626262626262;0.029017857142857144
2098.5;0.017699115044247787;0.017824497257769654;0.036646406864497674
2100.0;0.018314772574802095;0.017923649906890132;0.03609431217943811
2101.5;0.018354055654233276;0.019411291754116676;0.033676001417936904
2103.0;0.017094017094017096;0.0411860619602633;0.036415289256198344
2104.5;0.01654091700522345;0.01672535211267606;0.042820886656946916
2106.0;0.039888682745825604;0.03004578405188859;0.024664750957854403
2107.5;0.025522755227552277;0.01726263871763255;0.018010291595197254
2109.0;0.017754480892796753;0.032873488972962994;0.017094017094017096
2110.5;0.017547197908565945;0.02729044834307992;0.019013666072489603
2112.0;0.016403046280023436;0.03197423804452559;0.017699115044247787
2113.5;0.03617373582983059;0.019263204616067467;0.030245746691871456
2115.0;0.03618273721927187;0.024093511450381678;0.037753222836095765
2116.5;0.034290370024975876;0.03277439024390244;0.036143201726545636
2118.0;0.016745540589734254;0.017045454545454544;0.018010291595197254
2119.5;0.01834862385321101;0.02268431001890359;0.04477151090983944
2121.0;0.017563955708285603;0.023812996469847858;0.0189328743545611
2122.5;0.041223404255319146;0.018026004728132386;0.015414729630535846
2124.0;0.022405660377358493;0.015517241379310345;0.035650623885918005
2125.5;0.026592455163883737;0.02878937007874016;0.028489903424056193
2127.0;0.015225395561747438;0.016293098349991132;0.015227325150085095
2128.5;0.024122807017543862;0.02542372881355932;0.04208416833667335
2130.0;0.03466050479914682;0.02475049900199601;0.04212932723709994
2131.5;0.038441422594142266;0.0325497287522604;0.03460837887067396
2133.0;0.024816176470588234;0.01865038996269922;0.01612259159428971
2134.5;0.01606832657788072;0.03923444976076555;0.017391304347826087
2136.0;0.037753222836095765;0.03822876179900055;0.026507713884992984
2137.5;0.015809071886378992;0.019408502772643253;0.01873131091784793
2139.0;0.036514961411379304;0.01705018909044292;0.02848722986247544
2140.5;0.0161839863713799;0.018371212121212118;0.03442367601246106
2142.0;0.024501992031872512;0.026401230348598766;0.02247284957348465
2143.5;0.017089125102207687;0.025101419878296144;0.04160206718346253
2145.0;0.037221159974506056;0.029504080351537978;0.03346569600705934
2146.5;0.017565910191897745;0.016979552792060267;0.03528138528138528
2148.0;0.03764790247400502;0.035650623885918005;0.04111405835543767
2149.5;0.0189328743545611;0.03072625698324023;0.01625885267853946
2151.0;0.024378585086042064;0.03297682709447416;0.023418491484184917
2152.5;0.030993042378241617;0.01882395123700251;0.016638225255972697
2154.0;0.01865038996269922;0.02352661596958175;0.02569922389808171
2155.5;0.039888682745825604;0.01845400161997053;0.046488524627177376
2157.0;0.016937514305333027;0.037483266398929044;0.029007238883143743
2158.5;0.03061868686868687;0.024114774114774116;0.031295357509251304
2160.0;0.037753222836095765;0.018683274021352312;0.026195660511354465
2161.5;0.03542094455852156;0.029937629937629936;0.0277955426219899
2163.0;0.02506936187078874;0.03350016683350017;0.01783664661861255
2164.5;0.018624934405591875;0.015984751726972033;0.018354055654233276
2166.0;0.03935185185185185;0.019643114117139156;0.026439698932259757
2167.5;0.01749271137026239;0.03969754253308129;0.024752475247524754
2169.0;0.034522108226862615;0.023418491484184917;0.029702970297029705
2170.5;0.016863406408094434;0.02352661596958175;0.019071369196057474
2172.0;0.017754480892796753;0.018683274021352312;0.04370023782442354
2173.5;0.015731292517006803;0.02549198831138255;0.028536485935589072
2175.0;0.015871286409530037;0.01694282497904985;0.024941894247530506
2176.5;0.035572080214829514;0.024054982817869414;0.027032520325203254
2178.0;0.035572080214829514;0.017094017094017096;0.03542094455852156
2179.5;0.017754480892796753;0.018010291595197254;0.037483266398929044
2181.0;0.033879208022981784;0.017679771605305417;0.03411405295315682
2182.5;0.026060070671378093;0.041293250141803746;0.04111405835543767
2184.0;0.039888682745825604;0.022727272727272728;0.032135306553911204
2185.5;0.03764790247400502;0.017570604905697253;0.03220180694445902
2187.0;0.0441017316017316;0.023833646933950885;0.029132231404958676
2188.5;0.01897923971725942;0.022964015151515152;0.01793488957997087
2190.0;0.03178530857393515;0.017019391672408703;0.03624112594665975
2191.5;0.030185758513931894;0.03474178403755869;0.030318091451292245
2193.0;0.01929824561403509;0.02891522988505747;0.025806525446035178
2194.5;0.025573192239858905;0.01917044266294876;0.029423229046052258
2196.0;0.016638225255972697;0.02623456790123457;0.01668787716571941
2197.5;0.017754480892796753;0.01645021645021645;0.02531293463143254
2199.0;0.015809071886378992;0.017094017094017096;0.018083400160384924
2200.5;0.01749271137026239;0.028050275904353158;0.029937629937629936
2202.0;0.02911275415896488;0.03306159420289855;0.029419771992513187
2203.5;0.018354055654233276;0.018470790378006873;0.035017335314512135
2205.0;0.018470790378006873;0.029516994633273706;0.016773119624000122
2206.5;0.016429426632965278;0.0279090113735783;0.03464918599625414
2208.0;0.016925107458198935;0.01583436633020483;0.017699115044247787
2209.5;0.017094017094017096;0.017596390484003282;0.03676148796498906
2211.0;0.01597712748065927;0.024093511450381678;0.02813238770685579
2212.5;0.015809071886378992;0.02676362545917985;0.027811860940695293
2214.0;0.015280135823429542;0.024378585086042064;0.02966804979253112
2215.5;0.017623877982923447;0.018052243358660087;0.01709768189736031
2217.0;0.017824497257769654;0.01756784719931273;0.028892455858747997
2218.5;0.015861825872400422;0.01851127040677133;0.032267693204218906
2220.0;0.018052243358660087;0.0189328743545611;0.018008619562299818
2221.5;0.03178530857393515;0.03460837887067396;0.034884737244619254
2223.0;0.017094017094017096;0.035869565217391305;0.04067796610169492
2224.5;0.017623877982923447;0.015907941325240264;0.019139945314441957
2226.0;0.015809071886378992;0.025820463320463317;0.02506936187078874
2227.5;0.03825578292372061;0.017460979111666896;0.04269406392694064
2229.0;0.017754480892796753;0.019139945314441957;0.03988673139158575
2230.5;0.016676298192025096;0.022405660377358493;0.026496921220122246
2232.0;0.015769487034319674;0.0161446953143967;0.022309197651663407
2233.5;0.018010291595197254;0.01733025239957341;0.050556983718937444
2235.0;0.017094017094017096;0.024761522688775964;0.030263586072242114
2236.5;0.014945495799148322;0.02703900709219858;0.027811860940695293
2238.0;0.01830736743700201;0.023418491484184917;0.03330561997695415
2239.5;0.018354055654233276;0.03731413073973628;0.04483695652173913
2241.0;0.017754480892796753;0.027751754637708407;0.032924107142857144
2242.5;0.016676298192025096;0.022964015151515152;0.026638034358769474
2244.0;0.01850632726208763;0.03004578405188859;0.03370453919121413
2245.5;0.02460456942003515;0.02891522988505747;0.03614457831325302
2247.0;0.016676298192025096;0.03528138528138528;0.02673283502838705
2248.5;0.035437678433415665;0.029291649063512178;0.03962331201137172
2250.0;0.02587800369685767;0.03403342569610337;0.031475541299117886
2251.5;0.037753222836095765;0.0161839863713799;0.0230722525804493
2253.0;0.017094017094017096;0.03764790247400502;0.02712078208766951
2254.5;0.017754480892796753;0.031456657730116175;0.033445440956651716
2256.0;0.03966822935448972;0.024816176470588234;0.03813587134886774
2257.5;0.029017857142857144;0.028580208973570994;0.03719880963809158
2259.0;0.017094017094017096;0.02891543420553659;0.01672535211267606
2260.5;0.017094017094017096;0.018354055654233276;0.030318091451292245
2262.0;0.030627490039840638;0.03125;0.03962331201137172
2263.5;0.030627490039840638;0.017645059094131093;0.025101419878296144
2265.0;0.01874107841782935;0.03742802303262956;0.0320670952698764
2266.5;0.03617216117216117;0.016285076905013504;0.02500644496004125
2268.0;0.0285204991087344;0.023765996343692867;0.03850855745721271
2269.5;0.03722426470588235;0.024254473161033796;0.01899551705797432
2271.0;0.03512773722627738;0.01929824561403509;0.04314115308151094
2272.5;0.016863406408094434;0.016863406408094434;0.0419451871657754
2274.0;0.029516994633273706;0.018245504929487295;0.03567844969932416
2275.5;0.029516994633273706;0.01822145094387539;0.021273181578525088
2277.0;0.0161839863713799;0.017825311942959002;0.05504372795859764
2278.5;0.03864818325709216;0.017094017094017096;0.0409705648369133
2280.0;0.03173139329252938;0.022959183673469385;0.040581278503517046
2281.5;0.033494196742055664;0.02516881522406384;0.040739411342426424
2283.0;0.016557768507871926;0.030993042378241617;0.035457861839812255
2284.5;0.0182681206624895;0.025439127801332527;0.0403997990752549
2286.0;0.027531083481349913;0.015731292517006803;0.035718796375232856
2287.5;0.038041387799061466;0.03722426470588235;0.026514314137283078
2289.0;0.01836806645203033;0.015095605501509561;0.058093200788557516
2290.5;0.018332165356039182;0.016676298192025096;0.0503114153948557
2292.0;0.037137807788150325;0.016335052812576762;0.029619169966768943
2293.5;0.037137807788150325;0.026267153524983915;0.030211363195656392
2295.0;0.017094017094017096;0.024203298031819725;0.03689064558629775
2296.5;0.03564899451553931;0.018052243358660087;0.03791490560197505
2298.0;0.03564899451553931;0.018197573656845753;0.04126857749469215
2299.5;0.035650623885918005;0.018470790378006873;0.027272321162666032
2301.0;0.035774141714325206;0.031723651744800845;0.03054289806014842
2302.5;0.01488644788002137;0.022405660377358493;0.02953367875647668
2304.0;0.040968342644320296;0.03878406708595388;0.03361344537815126
2305.5;0.017623877982923447;0.01834061135371179;0.027976966536288565
2307.0;0.017623877982923447;0.03409090909090909;0.04637002341920375
2308.5;0.015743018124095107;0.01850632726208763;0.040588684366782604
2310.0;0.025573192239858905;0.02802491103202847;0.02934537246049661
2311.5;0.03442728442728442;0.041674831798288584;0.06087094723458358
2313.0;0.016429426632965278;0.018716969225741748;0.03778375149342891
2314.5;0.015926980240613186;0.016694437748184725;0.019926933414001327
2316.0;0.018010291595197254;0.0175513698630137;0.036681960879014736
2317.5;0.016745540589734254;0.016089299461123942;0.034611469290804206
2319.0;0.01597712748065927;0.03004578405188859;0.02932086674153586
2320.5;0.016745540589734254;0.015008842899186362;0.032180226350629934
2322.0;0.030245746691871456;0.017502742449495224;0.04116309291747888
2323.5;0.017094017094017096;0.0161839863713799;0.03376806128791212
2325.0;0.025088028169014082;0.018354055654233276;0.024054982817869414
2326.5;0.017754480892796753;0.015731292517006803;0.03418935643564356
2328.0;0.015731292517006803;0.029017857142857144;0.019801980198019802
2329.5;0.035127911416571206;0.0285204991087344;0.028347143480156996
2331.0;0.03061868686868687;0.02752293577981652;0.039115646258503396
2332.5;0.03535245814226298;0.0189328743545611;0.024664750957854403
2334.0;0.035504224147150036;0.03969754253308129;0.035000896539358076
2335.5;0.0170487948265726;0.03669724770642202;0.03766025641025641
2337.0;0.027531083481349913;0.017094017094017096;0.04155844155844156
2338.5;0.01865038996269922;0.019142066420664204;0.0419558118175324
2340.0;0.038041387799061466;0.038767367363572613;0.028010397181015355
2341.5;0.03423209093312186;0.037753222836095765;0.026970264716547804
2343.0;0.01675356994726551;0.018470790378006873;0.03658715101077536
2344.5;0.039603960396039604;0.017094017094017096;0.03919821826280624
2346.0;0.038274336283185835;0.017373380447585393;0.02819414703783012
2347.5;0.038274336283185835;0.02611218568665377;0.0403469704036954
2349.0;0.03364485981308411;0.018786847740005278;0.027186615819904048
2350.5;0.038817005545286505;0.029221646653704008;0.027713625866050806
2352.0;0.017754480892796753;0.018618455473952415;0.02500719968708226
2353.5;0.03072625698324023;0.016638225255972697;0.023834019204389576
2355.0;0.016830578931359627;0.015095605501509561;0.022735822627766442
2356.5;0.016830578931359627;0.015809071886378992;0.03347034644744569
2358.0;0.018010291595197254;0.02475049900199601;0.015597920277296359
2359.5;0.018010291595197254;0.025;0.02934537246049661
2361.0;0.018010291595197254;0.017389905304771535;0.03599834626136945
2362.5;0.02802491103202847;0.022727272727272728;0.017206370360056622
2364.0;0.03764790247400502;0.0175513698630137;0.030263586072242114
2365.5;0.03764790247400502;0.0175513698630137;0.0485781990521327
2367.0;0.03764790247400502;0.01842179442537598;0.018354055654233276
2368.5;0.03764790247400502;0.017824497257769654;0.026534296028880865
2370.0;0.015871286409530037;0.01871657754010695;0.026820012520290072
2371.5;0.033879208022981784;0.037669275196625336;0.02516881522406384
2373.0;0.02460456942003515;0.036646406864497674;0.03236563358179679
2374.5;0.03466050479914682;0.029702970297029705;0.02540904716073147
2376.0;0.03466050479914682;0.020052693208430915;0.03361344537815126
2377.5;0.03902213310711807;0.01881607358178402;0.02382429079926653
2379.0;0.03902213310711807;0.031723651744800845;0.030495759947814744
2380.5;0.03669724770642202;0.0189328743545611;0.016760086135917413
2382.0;0.03966822935448972;0.015280135823429542;0.02574779061862678
2383.5;0.017623877982923447;0.01672535211267606;0.03287716955941255
2385.0;0.017623877982923447;0.01576182136602452;0.018323900614171256
2386.5;0.017623877982923447;0.015001087035292413;0.01862097440132122
2388.0;0.017623877982923447;0.0175513698630137;0.023540748898678413
2389.5;0.036514961411379304;0.02800632911392405;0.03512836568566061
2391.0;0.033435588205396154;0.019358501277320465;0.030843579030864765
2392.5;0.034255896066409615;0.0175513698630137;0.019165378670788255
2394.0;0.0351424443992876;0.027312228429546864;0.03013979272113762
2395.5;0.035132390418972995;0.01942319011183049;0.03640441683919944
2397.0;0.035132390418972995;0.01942319011183049;0.025152855115187247
2398.5;0.014830971492820427;0.022964015151515152;0.018741633199464522
2400.0;0.018246600758721136;0.022964015151515152;0.034611469290804206
2401.5;0.016530987295071384;0.022964015151515152;0.02939958592132505
2403.0;0.0189328743545611;0.03187751004016064;0.03326226012793177
2404.5;0.03357531760435572;0.017773776536674248;0.029132231404958676
2406.0;0.033676001417936904;0.02238354506957048;0.018086080586080584
2407.5;0.015001087035292413;0.0189328743545611;0.023833646933950885
2409.0;0.025573192239858905;0.015871286409530037;0.019395134779750165
2410.5;0.027531083481349913;0.018010291595197254;0.023244781783681213
2412.0;0.027531083481349913;0.017094017094017096;0.03215077605321508
2413.5;0.027531083481349913;0.02516881522406384;0.02758531093019227
2415.0;0.017754480892796753;0.03948705750059468;0.03636363636363636
2416.5;0.015809071886378992;0.018052243358660087;0.028720157802092822
2418.0;0.018470790378006873;0.03919631093544137;0.02928870292887029
2419.5;0.031723651744800845;0.01929824561403509;0.02682763246143528
2421.0;0.014945495799148322;0.029504080351537978;0.021059349074664967
2422.5;0.01836806645203033;0.017094017094017096;0.019274809160305342
2424.0;0.025573192239858905;0.016863406408094434;0.019395134779750165
2425.5;0.038655160014383315;0.02909270216962525;0.023153753026634385
2427.0;0.03512773722627738;0.03598346705567712;0.019474717389832804
2428.5;0.029516994633273706;0.03966822935448972;0.028419252002177126
2430.0;0.03617216117216117;0.027531083481349913;0.035148828372387586
2431.5;0.01865038996269922;0.015225395561747438;0.02335456475583864
2433.0;0.016638225255972697;0.03948705750059468;0.02836873993404402
2434.5;0.017623877982923447;0.01597712748065927;0.02663975782038345
2436.0;0.018010291595197254;0.01597712748065927;0.02795584045584046
2437.5;0.01597712748065927;0.03409090909090909;0.0241042117762101
2439.0;0.01597712748065927;0.035127911416571206;0.02080873671782763
2440.5;0.01597712748065927;0.024464831804281346;0.02452128975150024
2442.0;0.016863406408094434;0.03669724770642202;0.029967159277504103
2443.5;0.019013666072489603;0.03166189562427255;0.027245866883190115
2445.0;0.017754480892796753;0.03789054991201999;0.027246992215145083
2446.5;0.015001087035292413;0.03974018017914857;0.02795584045584046
2448.0;0.016638225255972697;0.018026004728132386;0.034208171786459886
2449.5;0.016429426632965278;0.03564899451553931;0.023394808743169397
2451.0;0.035946137053964614;0.027531083481349913;0.018026101666570187
2452.5;0.02670240913521794;0.03466050479914682;0.024069028156221615
2454.0;0.02789325202549253;0.019139945314441957;0.033366867873910126
2455.5;0.018536817607942537;0.019139945314441957;0.024888143176733782
2457.0;0.0161839863713799;0.016917819729987117;0.03937762463658879
2458.5;0.017623877982923447;0.03300882657643626;0.03979511426319937
2460.0;0.015095605501509561;0.014874579685201417;0.016084484159220147
2461.5;0.01597712748065927;0.02703900709219858;0.027092889908256878
2463.0;0.03106789479980177;0.029017857142857144;0.026219370633798356
2464.5;0.0161839863713799;0.017754480892796753;0.032924107142857144
2466.0;0.0161839863713799;0.015871286409530037;0.0306858237080584
2467.5;0.02802491103202847;0.03482458408757866;0.026157389715333892
2469.0;0.017547197908565945;0.0161839863713799;0.01899713737456353
2470.5;0.018010291595197254;0.017623877982923447;0.018185821224130337
2472.0;0.0175513698630137;0.015095605501509561;0.03648954149382148
2473.5;0.017094017094017096;0.038041387799061466;0.04307432432432432
2475.0;0.0175513698630137;0.0285204991087344;0.02000056775226877
2476.5;0.024122807017543862;0.03130908265900325;0.018152473523864794
2478.0;0.02351778656126482;0.03966822935448972;0.03753019001522838
2479.5;0.035073966367429515;0.03460837887067396;0.020598494584174773
2481.0;0.017754480892796753;0.03320921042632419;0.02966804979253112
2482.5;0.01756386861313869;0.01865038996269922;0.03442928039702233
2484.0;0.03362011573718442;0.016745540589734254;0.029541288484082183
2485.5;0.01835078161749423;0.016335052812576762;0.028055057695620077
2487.0;0.01715933414707495;0.015280135823429542;0.01882395123700251
2488.5;0.024664750957854403;0.03966822935448972;0.04393505253104107
2490.0;0.017563955708285603;0.024114774114774116;0.02010058920324858
2491.5;0.019801980198019802;0.016863406408094434;0.024948024948024946
2493.0;0.0325497287522604;0.016863406408094434;0.02574779061862678
2494.5;0.023244781783681213;0.03185654008438818;0.04443908711025393
2496.0;0.017825311942959002;0.034874831890144634;0.02611218568665377
2497.5;0.0170487948265726;0.036646406864497674;0.03476946334089191
2499.0;0.017094017094017096;0.032886334610472544;0.0178225513206175
2500.5;0.03416622228993677;0.017015706806282723;0.017373380447585393
2502.0;0.018470790378006873;0.04157782515991471;0.02351778656126482
2503.5;0.02516881522406384;0.042820886656946916;0.029159344959466045
2505.0;0.023418491484184917;0.025259623005335446;0.016123807437552155
2506.5;0.016863406408094434;0.030245746691871456;0.031746031746031744
2508.0;0.03520671834625324;0.026148673888681355;0.02915766738660907
2509.5;0.027018175863762896;0.015879968453896016;0.028383523710626513
2511.0;0.024114774114774116;0.03451708443249006;0.0256854917871867
2512.5;0.02516881522406384;0.032256841786066255;0.021330517423442448
2514.0;0.01612259159428971;0.037312715311890364;0.02606718263783611
2515.5;0.01929824561403509;0.016557768507871926;0.018141773693945314
2517.0;0.015931023572219587;0.019801980198019802;0.018141311266709103
2518.5;0.0170487948265726;0.019801980198019802;0.017752112073575018
2520.0;0.024816176470588234;0.03004578405188859;0.0537280701754386
2521.5;0.01845342706502636;0.035813733041056936;0.03323543808125306
2523.0;0.018582093618876354;0.018671683262517162;0.023418491484184917
2524.5;0.014899481909284166;0.03296116812279666;0.025101419878296144
2526.0;0.0170487948265726;0.018010291595197254;0.025659623802981354
2527.5;0.03571428571428571;0.016863406408094434;0.030338777979431342
2529.0;0.016830578931359627;0.015809071886378992;0.03436018957345971
2530.5;0.01597712748065927;0.02460456942003515;0.02750807835818069
2532.0;0.0367279087083759;0.01597712748065927;0.015144085261331432
2533.5;0.018332165356039182;0.01597712748065927;0.028248983597364368
2535.0;0.025522755227552277;0.01850632726208763;0.02516881522406384
2536.5;0.03033312268664801;0.025573192239858905;0.025280898876404494
2538.0;0.017758040360418174;0.01597712748065927;0.019573729711469066
2539.5;0.024664750957854403;0.017623877982923447;0.024484770219127965
2541.0;0.019142066420664204;0.03276661638370833;0.03646288209606987
2542.5;0.02802491103202847;0.03276661638370833;0.018544683857294242
2544.0;0.03564899451553931;0.03825578292372061;0.026479957525882662
2545.5;0.016745540589734254;0.03825578292372061;0.03298485940879596
2547.0;0.040013227513227514;0.03825578292372061;0.04269406392694064
2548.5;0.025522755227552277;0.03534512971343672;0.040365682137834036
2550.0;0.03404835945928794;0.038017461422104666;0.038028169014084505
2551.5;0.018197573656845753;0.033676001417936904;0.02860082304526749
2553.0;0.015280135823429542;0.033676001417936904;0.018026004728132386
2554.5;0.01845342706502636;0.026548672566371685;0.033547008547008546
2556.0;0.01783664661861255;0.025573192239858905;0.0182414188058108
2557.5;0.02835538752362949;0.018470790378006873;0.02288651214053556
2559.0;0.018666279410617808;0.03564899451553931;0.018195147960543855
2560.5;0.026475958612294584;0.03966822935448972;0.018230530572311977
2562.0;0.040449438202247195;0.02802491103202847;0.01862097440132122
2563.5;0.0230722525804493;0.04157782515991471;0.029874213836477988
2565.0;0.03268701306308945;0.03975390440132513;0.023762376237623763
2566.5;0.03268701306308945;0.03515685268441807;0.025
2568.0;0.017634583975364486;0.027544472323925682;0.017893106119287374
2569.5;0.03828413284132841;0.03467067097319377;0.01885062968276742
2571.0;0.03966822935448972;0.01754811586549669;0.026073619631901836
2572.5;0.022727272727272728;0.0183326168163807;0.027811860940695293
2574.0;0.016745540589734254;0.0285204991087344;0.02742683529083375
2575.5;0.04093567251461988;0.03564899451553931;0.026839699159416013
2577.0;0.017015706806282723;0.015871286409530037;0.03774334525228447
2578.5;0.03948705750059468;0.030938123752495012;0.018836565096952907
2580.0;0.03313611109826108;0.01874107841782935;0.016814276581479114
2581.5;0.016624630520743856;0.0185554688027144;0.029573367808661925
2583.0;0.01612259159428971;0.03470177038806309;0.03104059913283406
2584.5;0.01645021645021645;0.035127911416571206;0.01726263871763255
2586.0;0.039596335148054704;0.01597712748065927;0.023418491484184917
2587.5;0.018010291595197254;0.03409090909090909;0.04016913319238901
2589.0;0.017373380447585393;0.03416622228993677;0.017825311942959002
2590.5;0.0285204991087344;0.014945495799148322;0.0230722525804493
2592.0;0.03409090909090909;0.03357729479429107;0.01848875972305325
2593.5;0.03674948240165632;0.015711796950363736;0.030009920634920632
2595.0;0.027798718431963815;0.018010291595197254;0.031449994508731115
2596.5;0.03421019573991104;0.029516994633273706;0.019848771266540645
2598.0;0.04083665338645418;0.02460456942003515;0.01702553830746119
2599.5;0.024254473161033796;0.0212516733601071;0.016937514305333027
2601.0;0.033676975945017174;0.01537736404878336;0.022309197651663407
2602.5;0.015040234653904788;0.04482886904761905;0.024494644439075463
2604.0;0.02802491103202847;0.020330932247625014;0.03639812541843338
2605.5;0.023244781783681213;0.029871084181312575;0.030318091451292245
2607.0;0.015139193690331638;0.028697610390876097;0.027912116484659386
2608.5;0.0161839863713799;0.018010291595197254;0.018072085522331298
2610.0;0.030318091451292245;0.022964015151515152;0.030627490039840638
2611.5;0.036495849626123344;0.015806516463475927;0.0189328743545611
2613.0;0.0230722525804493;0.015597920277296359;0.03403665485907901
2614.5;0.03432976821080334;0.025522755227552277;0.024145751991794934
2616.0;0.024816176470588234;0.028073770491803277;0.024114774114774116
2617.5;0.04057719431485299;0.03566493707536622;0.028580208973570994
2619.0;0.026548672566371685;0.031746031746031744;0.037753222836095765
2620.5;0.03250478011472275;0.02495201535508637;0.018143754361479414
2622.0;0.03669724770642202;0.018842956560976034;0.03593425257134607
2623.5;0.031723651744800845;0.017373380447585393;0.030318091451292245
2625.0;0.015414729630535846;0.01672535211267606;0.016025963289428118
2626.5;0.01874107841782935;0.017368069472277887;0.01834061135371179
2628.0;0.03365384615384615;0.026060070671378093;0.03250478011472275
2629.5;0.030938123752495012;0.027565124933545983;0.02848722986247544
2631.0;0.0359383485963631;0.018010291595197254;0.04269406392694064
2632.5;0.031972428687297966;0.01850632726208763;0.019235574891907196
2634.0;0.017094017094017096;0.036646406864497674;0.02498749223916044
2635.5;0.017623877982923447;0.03460837887067396;0.019050942079553383
2637.0;0.025088028169014082;0.015001087035292413;0.034178250204415374
2638.5;0.030993042378241617;0.018683274021352312;0.015095605501509561
2640.0;0.01865038996269922;0.03968662645284684;0.03726309026662384
2641.5;0.026060070671378093;0.018595825426944972;0.023418491484184917
2643.0;0.015095605501509561;0.019050942079553383;0.015154962909024714
2644.5;0.015871286409530037;0.024093511450381678;0.03828413284132841
2646.0;0.02878937007874016;0.019114380899500277;0.024114774114774116
2647.5;0.015139193690331638;0.028296616422472855;0.02670240913521794
2649.0;0.016638225255972697;0.016229255869437163;0.027587890625
2650.5;0.01749271137026239;0.022405660377358493;0.03896219553827201
2652.0;0.018010291595197254;0.017792037334111128;0.03061868686868687
2653.5;0.017754480892796753;0.0230722525804493;0.031746031746031744
2655.0;0.0175513698630137;0.032697066101095795;0.016863406408094434
2656.5;0.02238354506957048;0.017792037334111128;0.035813733041056936
2658.0;0.03238269533831528;0.03163935335960028;0.02939958592132505
2659.5;0.01612801998311728;0.03048016701461378;0.02891522988505747
2661.0;0.021851503759398497;0.037221159974506056;0.016335052812576762
2662.5;0.017215791035915702;0.031746031746031744;0.03326935380678182
2664.0;0.028264541327984796;0.020213754646840148;0.017083111144968386
2665.5;0.024704692886882148;0.030693069306930696;0.029074889867841413
2667.0;0.015108830574201829;0.017460979111666896;0.016335052812576762
2668.5;0.022727272727272728;0.02506498329001114;0.04151478331308222
2670.0;0.01865038996269922;0.018026004728132386;0.023418491484184917
2671.5;0.02729044834307992;0.01780160609014529;0.025522755227552277
2673.0;0.029853167842946376;0.01537736404878336;0.040316960483184054
2674.5;0.015280135823429542;0.02860082304526749;0.015280135823429542
2676.0;0.026107226107226107;0.016252279131443725;0.030993042378241617
2677.5;0.016891597736177624;0.015280135823429542;0.0413265306122449
2679.0;0.02460456942003515;0.023765996343692867;0.02935262383521334
2680.5;0.0386416861826698;0.026839699159416013;0.018876611418047883
2682.0;0.01784040701566475;0.040903516753036114;0.03379065040650407
2683.5;0.031723651744800845;0.016897746967071057;0.040080752375793983
2685.0;0.037483266398929044;0.02811244979919679;0.026998169615619284
2686.5;0.037753222836095765;0.018848906360245943;0.030245746691871456
2688.0;0.026548672566371685;0.024378585086042064;0.02495201535508637
2689.5;0.02802491103202847;0.023465703971119134;0.024464831804281346
2691.0;0.032886334610472544;0.026076091373555575;0.01775534628830588
2692.5;0.029063046996268042;0.03212468193384224;0.017934291168491913
2694.0;0.01762942769560961;0.02516881522406384;0.019408502772643253
2695.5;0.03424359544245806;0.02966804979253112;0.03919631093544137
2697.0;0.018354055654233276;0.015346012374896637;0.026457750968564567
2698.5;0.01597712748065927;0.015280135823429542;0.016917819729987117
2700.0;0.03764790247400502;0.025554582603619376;0.02802491103202847
2701.5;0.01749271137026239;0.023809523809523808;0.01648282717157388
2703.0;0.017825311942959002;0.038984406237504994;0.0152400907758678
2704.5;0.02835538752362949;0.02659921383370644;0.029874213836477988
2706.0;0.01897923971725942;0.015414729630535846;0.025956284153005466
2707.5;0.024378585086042064;0.025502008032128515;0.01549874155517287
2709.0;0.018197573656845753;0.017373380447585393;0.029017857142857144
2710.5;0.038817005545286505;0.027551020408163263;0.026077132126171788
2712.0;0.03961091054953871;0.01862923806051768;0.03530661003451022
2713.5;0.024054982817869414;0.023765996343692867;0.031578947368421054
2715.0;0.023765996343692867;0.04055812138164314;0.015370218739033806
2716.5;0.02860082304526749;0.018848906360245943;0.02569922389808171
2718.0;0.04157782515991471;0.036646406864497674;0.03326935380678182
2719.5;0.04037311307319852;0.015280135823429542;0.03800513149454778
2721.0;0.02495201535508637;0.027168254985184596;0.02460456942003515
2722.5;0.019142066420664204;0.019142066420664204;0.024114774114774116
2724.0;0.018076978710534278;0.028186274509803922;0.03061868686868687
2725.5;0.025250398947463636;0.01814552172099398;0.025088028169014082
2727.0;0.023809523809523808;0.015898024165091146;0.023642732049036778
2728.5;0.016937514305333027;0.0175513698630137;0.018197573656845753
2730.0;0.030009920634920632;0.027551020408163263;0.01766843911960692
2731.5;0.018487434139972954;0.018197573656845753;0.023765996343692867
2733.0;0.019142066420664204;0.026507713884992984;0.03669724770642202
2734.5;0.01678765880217786;0.024093511450381678;0.041250831669993354
2736.0;0.019082371238858645;0.01730418943533698;0.02268431001890359
2737.5;0.0161839863713799;0.02935435435435435;0.018532729644693425
2739.0;0.015001087035292413;0.029135338345864664;0.030938123752495012
2740.5;0.03212468193384224;0.03696682464454976;0.02499924106736286
2742.0;0.03991056456120738;0.018323203432248837;0.039888682745825604
2743.5;0.03243839721395453;0.018876611418047883;0.017094017094017096
2745.0;0.0230722525804493;0.0170487948265726;0.03466050479914682
2746.5;0.021851503759398497;0.03696682464454976;0.038655160014383315
2748.0;0.01814552172099398;0.019082371238858645;0.03130908265900325
2749.5;0.016638225255972697;0.03201163502755664;0.03669724770642202
2751.0;0.017094017094017096;0.025162230168189643;0.01865038996269922
2752.5;0.03320921042632419;0.018543046357615892;0.03423209093312186
2754.0;0.018354055654233276;0.03483727699671404;0.024122807017543862
2755.5;0.036282622533418206;0.03074394741061408;0.025956284153005466
2757.0;0.02623456790123457;0.02967821490757896;0.01702553830746119
2758.5;0.02619146866750035;0.024093511450381678;0.027531083481349913
2760.0;0.03742165865034251;0.03726309026662384;0.03564899451553931
2761.5;0.015280135823429542;0.018323203432248837;0.015871286409530037
2763.0;0.030245746691871456;0.017094017094017096;0.026548672566371685
2764.5;0.03460837887067396;0.0170487948265726;0.035650623885918005
2766.0;0.017045454545454544;0.017971946230274694;0.040427509293680296
2767.5;0.031578947368421054;0.02714964302983759;0.025956284153005466
2769.0;0.024254473161033796;0.0399002493765586;0.017094017094017096
2770.5;0.02873282834766979;0.03822762814943527;0.027798718431963815
2772.0;0.015280135823429542;0.0340398201669878;0.038100208768267224
2773.5;0.016638225255972697;0.03530751708428246;0.02623456790123457
2775.0;0.018612132352941176;0.026662428262139593;0.03138766519823788
2776.5;0.01995528228060369;0.03520671834625324;0.04417356217241939
2778.0;0.024054982817869414;0.023031496062992124;0.016371008616320324
2779.5;0.02433379845488888;0.030938123752495012;0.023031496062992124
2781.0;0.03450226244343891;0.024464831804281346;0.018010291595197254
2782.5;0.01822145094387539;0.01654091700522345;0.03696682464454976
2784.0;0.03256844546946143;0.03361344537815126;0.02516881522406384
2785.5;0.0285204991087344;0.02848722986247544;0.02848722986247544
2787.0;0.01882395123700251;0.027699718988358095;0.03143898599950294
2788.5;0.017824497257769654;0.024203298031819725;0.03564899451553931
2790.0;0.016043635035830027;0.03890714372642083;0.043010752688172046
2791.5;0.03722426470588235;0.017699115044247787;0.01703197690454738
2793.0;0.016863406408094434;0.015001087035292413;0.027886497064579255
2794.5;0.0175513698630137;0.022964015151515152;0.018086080586080584
2796.0;0.018010291595197254;0.033170912304587206;0.023418491484184917
2797.5;0.018010291595197254;0.03608247422680412;0.016267481785445105
2799.0;0.016638225255972697;0.024114774114774116;0.015280135823429542
2800.5;0.018354055654233276;0.018792559974975337;0.017596390484003282
2802.0;0.0161839863713799;0.0161839863713799;0.01672535211267606
2803.5;0.022405660377358493;0.017934291168491913;0.024816176470588234
2805.0;0.022964015151515152;0.018354055654233276;0.02623456790123457
2806.5;0.016025963289428118;0.01865038996269922;0.03156776445591137
2808.0;0.023031496062992124;0.026077596751308774;0.019274809160305342
2809.5;0.04034074864296697;0.015414729630535846;0.019617301817012378
2811.0;0.02587800369685767;0.0188212927756654;0.022405660377358493
2812.5;0.027526172426241342;0.024499654934437544;0.026077596751308774
2814.0;0.0189328743545611;0.02692817234030298;0.018612132352941176
2815.5;0.0161839863713799;0.01778750122150477;0.03880070546737213
2817.0;0.016863406408094434;0.0170487948265726;0.026044915782907054
2818.5;0.0189328743545611;0.024664750957854403;0.02400793650793651
2820.0;0.01862097440132122;0.01730418943533698;0.0174812030075188
2821.5;0.016187271319071658;0.018323203432248837;0.02317655078391275
2823.0;0.04024144869215292;0.018351361912818685;0.01871401151631478
2824.5;0.016664843504300385;0.015731292517006803;0.024799196787148595
2826.0;0.02659921383370644;0.01942319011183049;0.027481529071635077
2827.5;0.018512930125758983;0.017094017094017096;0.025247524752475246
2829.0;0.0175513698630137;0.03835236436358944;0.019016819905162463
2830.5;0.02460456942003515;0.028767979987492184;0.019156343032747526
2832.0;0.01615855126908443;0.03966822935448972;0.017238488532434572
2833.5;0.025031809728883237;0.0162748643761302;0.03538251366120218
2835.0;0.025522755227552277;0.017825311942959002;0.026575380746122677
2836.5;0.0170487948265726;0.017768879853890487;0.01834862385321101
2838.0;0.027215631542219124;0.017094017094017096;0.040198728720683856
2839.5;0.027018175863762896;0.032392026578073094;0.02729044834307992
2841.0;0.0339671611510147;0.031055625764118435;0.015245106155354892
2842.5;0.03427029136506642;0.01578991776434058;0.023765996343692867
2844.0;0.023765996343692867;0.024093511450381678;0.02833675564681725
2845.5;0.024816176470588234;0.019139945314441957;0.019327580007191657
2847.0;0.015225395561747438;0.03136882129277567;0.04017857142857143
2848.5;0.0189328743545611;0.0161839863713799;0.04245562130177514
2850.0;0.01865038996269922;0.027291242362525458;0.017866022976823534
2851.5;0.03416622228993677;0.03106608779546551;0.029827450058712564
2853.0;0.041250831669993354;0.017015706806282723;0.026994163424124515
2854.5;0.017754480892796753;0.031746031746031744;0.01812240047534165
2856.0;0.017094017094017096;0.029664014146772767;0.02352661596958175
2857.5;0.035127911416571206;0.025937403160830493;0.024093511450381678
2859.0;0.027531083481349913;0.018876611418047883;0.02317655078391275
2860.5;0.0189328743545611;0.02584670231729055;0.018991486574983625
2862.0;0.017699115044247787;0.03323543808125306;0.0178225513206175
2863.5;0.027731151209959438;0.01873131091784793;0.02866752081998719
2865.0;0.03638365090848527;0.018385396509874214;0.02710790966350002
2866.5;0.03638365090848527;0.036415289256198344;0.028186274509803922
2868.0;0.030993042378241617;0.024895701686439183;0.026994163424124515
2869.5;0.018848906360245943;0.03827018752391887;0.03476946334089191
2871.0;0.038655160014383315;0.025522755227552277;0.03418935643564356
2872.5;0.0175513698630137;0.0383888532991672;0.019222047793476364
2874.0;0.02238354506957048;0.025873664520585687;0.017824497257769654
2875.5;0.018010291595197254;0.015370218739033806;0.032392026578073094
2877.0;0.0161839863713799;0.02772277227722772;0.025856044723969258
2878.5;0.018010291595197254;0.024816176470588234;0.03937328389469867
2880.0;0.026060070671378093;0.016217853406024562;0.025562026954784614
2881.5;0.016745540589734254;0.019524316648917288;0.030137981118373278
2883.0;0.018010291595197254;0.022549019607843137;0.02380692025306569
2884.5;0.02516881522406384;0.0269997558792416;0.025955479490114577
2886.0;0.018470790378006873;0.024114774114774116;0.028024950306987092
2887.5;0.015095605501509561;0.01606832657788072;0.02624602332979851
2889.0;0.01850632726208763;0.02452743199631166;0.03825903825903826
2890.5;0.014945495799148322;0.029074889867841413;0.025972517902070832
2892.0;0.017465858520325457;0.03942422689219204;0.040496653169159576
2893.5;0.0188212927756654;0.029401154401154404;0.03755344859639338
2895.0;0.04271844660194175;0.018086080586080584;0.01689500109718433
2896.5;0.034999084751967786;0.02913279132791328;0.024378585086042064
2898.0;0.015095605501509561;0.03437787761252337;0.02469956910763214
2899.5;0.0175513698630137;0.036932320197914835;0.03416112410051529
2901.0;0.03966822935448972;0.02935435435435435;0.021966404322800424
2902.5;0.031723651744800845;0.034408602150537634;0.01881660051839499
2904.0;0.02802491103202847;0.033547008547008546;0.031238990017615965
2905.5;0.01865038996269922;0.02252710027100271;0.024054982817869414
2907.0;0.03768591312195207;0.03823975720789074;0.023031496062992124
2908.5;0.01830736743700201;0.016141129649471914;0.032542579075425786
2910.0;0.0175513698630137;0.028433476394849784;0.03406293862771822
2911.5;0.01597712748065927;0.026848867036421982;0.019457488421029664
2913.0;0.0189328743545611;0.024378585086042064;0.0409705648369133
2914.5;0.0161839863713799;0.02459736456808199;0.01766921457848676
2916.0;0.017754480892796753;0.01530335105405387;0.033212406922666395
2917.5;0.017623877982923447;0.01845342706502636;0.030065165876777253
2919.0;0.026548672566371685;0.03557483731019522;0.02080873671782763
2920.5;0.031723651744800845;0.03251266680939128;0.025714320189198316
2922.0;0.016745540589734254;0.03153858193770543;0.01730418943533698
2923.5;0.016745540589734254;0.030548300765537224;0.03287716955941255
2925.0;0.03864818325709216;0.025502008032128515;0.024651185967709786
2926.5;0.0161839863713799;0.02516881522406384;0.042600896860986545
2928.0;0.017623877982923447;0.026060070671378093;0.024493230263259
2929.5;0.03512773722627738;0.03528138528138528;0.035924265072247136
2931.0;0.0161839863713799;0.026494567424033263;0.02767652220872148
2932.5;0.025088028169014082;0.018271109468236783;0.02429933643791686
2934.0;0.017094017094017096;0.03359766277128547;0.03699657045737352
2935.5;0.015095605501509561;0.020212060967528162;0.04334677419354839
2937.0;0.015001087035292413;0.027839710756251884;0.030009920634920632
2938.5;0.015809071886378992;0.032676717655258425;0.02284162378502001
2940.0;0.03466050479914682;0.024289266751797833;0.030938123752495012
2941.5;0.018470790378006873;0.019839679358717437;0.03261213474781314
2943.0;0.017373380447585393;0.01749271137026239;0.03259930026754476
2944.5;0.016745540589734254;0.03266518188567186;0.03582875457875458
2946.0;0.030813820600779404;0.023809523809523808;0.03612385321100917
2947.5;0.01830736743700201;0.03538066324147594;0.023476744973258412
2949.0;0.01850632726208763;0.01645021645021645;0.027922453703703703
2950.5;0.016863406408094434;0.016863406408094434;0.028522738611015303
2952.0;0.015809071886378992;0.03564899451553931;0.024941894247530506
2953.5;0.02802491103202847;0.016638225255972697;0.017802032671395563
2955.0;0.03416622228993677;0.034712807706029254;0.03542094455852156
2956.5;0.015001087035292413;0.0350922131147541;0.03312144529943125
2958.0;0.01488644788002137;0.01756386861313869;0.0278852495053858
2959.5;0.032573955124637066;0.016556291390728478;0.027922453703703703
2961.0;0.017094017094017096;0.027544311344508774;0.018386817350193478
2962.5;0.015095605501509561;0.017699115044247787;0.032542579075425786
2964.0;0.036646406864497674;0.031746031746031744;0.04062788550323176
2965.5;0.036646406864497674;0.030245746691871456;0.03287716955941255
2967.0;0.016745540589734254;0.016897746967071057;0.04104443184963556
2968.5;0.014945495799148322;0.023418491484184917;0.02906345836282142
2970.0;0.025088028169014082;0.024464831804281346;0.0400262467191601
2971.5;0.017623877982923447;0.03669724770642202;0.07108680792891318
2973.0;0.032000890578704894;0.031723651744800845;0.03004145657925118
2974.5;0.015743018124095107;0.019013666072489603;0.024054982817869414
2976.0;0.015743018124095107;0.018354055654233276;0.03347034644744569
2977.5;0.015743018124095107;0.03966822935448972;0.04029605263157895
2979.0;0.015743018124095107;0.01549874155517287;0.02335456475583864
2980.5;0.016403046280023436;0.01672535211267606;0.018163597644995613
2982.0;0.015001087035292413;0.016863406408094434;0.022309197651663407
2983.5;0.0367279087083759;0.01845342706502636;0.04530818767249311
2985.0;0.037753222836095765;0.017045454545454544;0.019267976463548418
2986.5;0.024093511450381678;0.026077596751308774;0.03370465581262496
2988.0;0.03969754253308129;0.018197573656845753;0.04631064489212063
2989.5;0.015154962909024714;0.016863406408094434;0.03397147147147147
2991.0;0.02587800369685767;0.017215791035915702;0.04863823971950362
2992.5;0.02587800369685767;0.015024970979036621;0.019641043007111413
2994.0;0.015095605501509561;0.025573192239858905;0.03260963852928748
2995.5;0.03130908265900325;0.0170487948265726;0.02939958592132505
2997.0;0.0367279087083759;0.01702553830746119;0.024780849629130138
2998.5;0.03746174588351344;0.025573192239858905;0.04765625
3000.0;0.03746174588351344;0.023809523809523808;0.026732150034992925
3001.5;0.032573955124637066;0.02352661596958175;0.023765996343692867
3003.0;0.026548672566371685;0.017814806907942786;0.020811443308816506
3004.5;0.01865038996269922;0.018470790378006873;0.020538655617933867
3006.0;0.01865038996269922;0.031746031746031744;0.02911234921836967
3007.5;0.01865038996269922;0.026322874598736667;0.04329287937420512
3009.0;0.01865038996269922;0.01709493099876366;0.03369565217391304
3010.5;0.03416622228993677;0.024816176470588234;0.033445440956651716
3012.0;0.03482458408757866;0.015597920277296359;0.031175059952038366
3013.5;0.03482458408757866;0.018010291595197254;0.03979885057471264
3015.0;0.03482458408757866;0.0285204991087344;0.03153683419309082
3016.5;0.015743018124095107;0.015731292517006803;0.027277829152402795
3018.0;0.015743018124095107;0.025502008032128515;0.03981898394505846
3019.5;0.03828413284132841;0.024114774114774116;0.032542579075425786
3021.0;0.015871286409530037;0.03919631093544137;0.026743725344955296
3022.5;0.0161839863713799;0.01865038996269922;0.017737506864360243
3024.0;0.03512773722627738;0.01845342706502636;0.03010752688172043
3025.5;0.03512773722627738;0.016863406408094434;0.028588307818760914
3027.0;0.03512773722627738;0.024816176470588234;0.02031765860622825
3028.5;0.029516994633273706;0.017934291168491913;0.024462069706279902
3030.0;0.02802491103202847;0.026548672566371685;0.020383204239706482
3031.5;0.015871286409530037;0.015280135823429542;0.03465772910888723
3033.0;0.017547197908565945;0.018010291595197254;0.01944529068294805
3034.5;0.017498443680569787;0.017754480892796753;0.03949086161879895
3036.0;0.016638225255972697;0.016863406408094434;0.022128060263653486
3037.5;0.016745540589734254;0.025088028169014082;0.024254473161033796
3039.0;0.034633078205669056;0.03858520900321543;0.026779422128259334
3040.5;0.03828413284132841;0.03160767554530645;0.03585049580472921
3042.0;0.035650623885918005;0.03160767554530645;0.0340398201669878
3043.5;0.017623877982923447;0.017368069472277887;0.03939724830749071
3045.0;0.03173139329252938;0.017657853344318776;0.02755773736472163
3046.5;0.03173139329252938;0.016691539567284898;0.02819414703783012
3048.0;0.03173139329252938;0.016691539567284898;0.02475859539056565
3049.5;0.015711796950363736;0.023465703971119134;0.031128568529939855
3051.0;0.015711796950363736;0.01846773858490174;0.033934707903780066
3052.5;0.015711796950363736;0.040259548739124025;0.03329094608341811
3054.0;0.015711796950363736;0.018937169700528483;0.031125913770645313
3055.5;0.031567255350648166;0.026475958612294584;0.026881720430107524
3057.0;0.031567255350648166;0.0170487948265726;0.03916139240506329
3058.5;0.031567255350648166;0.035650623885918005;0.02587587587587588
3060.0;0.0285204991087344;0.01842179442537598;0.051611796982167356
3061.5;0.032256841786066255;0.0161839863713799;0.031175059952038366
3063.0;0.03482458408757866;0.01756386861313869;0.03880070546737213
3064.5;0.03482458408757866;0.035111196074682986;0.033713054187192115
3066.0;0.01660281557997176;0.040819094114456195;0.03984278668310728
3067.5;0.03534512971343672;0.017094017094017096;0.029029358897543437
3069.0;0.018010291595197254;0.01865038996269922;0.024784482758620687
3070.5;0.03466050479914682;0.017623877982923447;0.03880070546737213
3072.0;0.015001087035292413;0.03669724770642202;0.02867383512544803
3073.5;0.03746174588351344;0.01726263871763255;0.04793728056176189
3075.0;0.014870091759449306;0.017754480892796753;0.04799641148325359
3076.5;0.03512773722627738;0.03212468193384224;0.02627840909090909
3078.0;0.03902213310711807;0.03685386088066369;0.029849216543661856
3079.5;0.034633078205669056;0.02854859440398115;0.019877181641887523
3081.0;0.016582472972657695;0.033993230468663524;0.026888241953744143
3082.5;0.015711796950363736;0.018317621244013545;0.039313904068002434
3084.0;0.03431165971848048;0.039821029082774045;0.023859749144811856
3085.5;0.03431165971848048;0.03940367562010024;0.026143790849673203
3087.0;0.02802491103202847;0.017565910191897745;0.03210576015108594
3088.5;0.025573192239858905;0.023765996343692867;0.029206387758819598
3090.0;0.014945495799148322;0.016863406408094434;0.05313531353135315
3091.5;0.026548672566371685;0.024816176470588234;0.037942468577976535
3093.0;0.015095605501509561;0.0189328743545611;0.025059177407454725
3094.5;0.03416622228993677;0.03617216117216117;0.07101124774782656
3096.0;0.016676298192025096;0.038655160014383315;0.03347578347578348
3097.5;0.017465858520325457;0.017373380447585393;0.04730243161094225
3099.0;0.017465858520325457;0.03846568257730848;0.038175424694170665
3100.5;0.016638225255972697;0.018937169700528483;0.025690021231422507
3102.0;0.0175513698630137;0.024033467974610503;0.033851581335980714
3103.5;0.016863406408094434;0.028386164887758265;0.03859601936525013
3105.0;0.015001087035292413;0.017391304347826087;0.025773872180898445
3106.5;0.016638225255972697;0.02516881522406384;0.0525078369905956
3108.0;0.016638225255972697;0.0161839863713799;0.04037847697218422
3109.5;0.0161839863713799;0.032886334610472544;0.022766884531590415
3111.0;0.016745540589734254;0.026475958612294584;0.018279885579620164
3112.5;0.035572080214829514;0.01882395123700251;0.025708807808505693
3114.0;0.01660281557997176;0.015008842899186362;0.03869818652849741
3115.5;0.019013666072489603;0.0161839863713799;0.029612486985146014
3117.0;0.017094017094017096;0.016863406408094434;0.02015017710992354
3118.5;0.038817005545286505;0.015769487034319674;0.039285714285714285
3120.0;0.015280135823429542;0.017699115044247787;0.039702051213918906
3121.5;0.032697066101095795;0.016830578931359627;0.03683199373240604
3123.0;0.03609431217943811;0.025573192239858905;0.04629989706050556
3124.5;0.03091538715963386;0.016676298192025096;0.01870646346097015
3126.0;0.014870091759449306;0.030245746691871456;0.023031496062992124
3127.5;0.018848906360245943;0.016357261371818553;0.02690217391304348
3129.0;0.02703900709219858;0.017094017094017096;0.04017857142857143
3130.5;0.036646406864497674;0.016638225255972697;0.018846829579939307
3132.0;0.02460456942003515;0.018354055654233276;0.05240054869684498
3133.5;0.03466050479914682;0.015001087035292413;0.0714552936775159
3135.0;0.032697066101095795;0.0161839863713799;0.03896103896103897
3136.5;0.03061868686868687;0.01842179442537598;0.02188552188552189
3138.0;0.026592455163883737;0.035650623885918005;0.023373512594653072
3139.5;0.026548672566371685;0.017623877982923447;0.026249704966983745
3141.0;0.03476482617586912;0.015095605501509561;0.046752559791438386
3142.5;0.029310623836880004;0.0285204991087344;0.032657926102502975
3144.0;0.03654825512873206;0.038655160014383315;0.017830478700043915
3145.5;0.01865038996269922;0.03722426470588235;0.022122793934874475
3147.0;0.02460456942003515;0.02516881522406384;0.025478603603603604
3148.5;0.024122807017543862;0.038817005545286505;0.016489746787966542
3150.0;0.03326935380678182;0.015095605501509561;0.03263403263403263
3151.5;0.01784040701566475;0.02703900709219858;0.01878943757213283
3153.0;0.035946137053964614;0.015809071886378992;0.026762251625097967
3154.5;0.015414729630535846;0.03722426470588235;0.033934707903780066
3156.0;0.015831002263857863;0.031723651744800845;0.01841406643653784
3157.5;0.03250478011472275;0.031723651744800845;0.031673793524740375
3159.0;0.036282622533418206;0.03106789479980177;0.05183686176836863
3160.5;0.026512304323670712;0.037312715311890364;0.05052296009742817
3162.0;0.017971946230274694;0.014870091759449306;0.03054614733276884
3163.5;0.0175513698630137;0.02460456942003515;0.030137981118373278
3165.0;0.029874213836477988;0.033676001417936904;0.02667070037443331
3166.5;0.036646406864497674;0.025573192239858905;0.024816176470588234
3168.0;0.026475958612294584;0.015871286409530037;0.033547008547008546
3169.5;0.038153883046144366;0.015871286409530037;0.03503787878787879
3171.0;0.015163102542134104;0.015871286409530037;0.04122180275186421
3172.5;0.015095605501509561;0.02460456942003515;0.030093267269017784
3174.0;0.021851503759398497;0.02460456942003515;0.04212932723709994
3175.5;0.030993042378241617;0.02460456942003515;0.017460979111666896
3177.0;0.031746031746031744;0.016863406408094434;0.027551020408163263
3178.5;0.015069294547215105;0.03293798595973293;0.02055279943302622
3180.0;0.015069294547215105;0.035437678433415665;0.0347853600759381
3181.5;0.025573192239858905;0.033676001417936904;0.02723723885845847
3183.0;0.017754480892796753;0.017547197908565945;0.019961612284069098
3184.5;0.017971946230274694;0.01749271137026239;0.03878406708595388
3186.0;0.01612259159428971;0.01702553830746119;0.028580208973570994
3187.5;0.03061868686868687;0.01771809624494277;0.015095605501509561
3189.0;0.0366370998843039;0.03460002553964906;0.026060070671378093
3190.5;0.03745069150705765;0.03619462611478018;0.017520415738678546
3192.0;0.023642732049036778;0.017413917505226417;0.019659185369908565
3193.5;0.016676298192025096;0.029647930821494754;0.024329857246884575
3195.0;0.015743018124095107;0.01702553830746119;0.01826215022091311
3196.5;0.035148828372387586;0.03504613167863534;0.017825311942959002
3198.0;0.018010291595197254;0.03504613167863534;0.038385826771653545
3199.5;0.018010291595197254;0.03383146621499615;0.032703723691311394
3201.0;0.018010291595197254;0.03634832097410502;0.01820465721330388
3202.5;0.038817005545286505;0.015721433426428948;0.024664750957854403
3204.0;0.017094017094017096;0.029516994633273706;0.015414729630535846
3205.5;0.0189328743545611;0.0161839863713799;0.04087605974969721
3207.0;0.01850632726208763;0.031723651744800845;0.022964015151515152
3208.5;0.01836806645203033;0.014945495799148322;0.025322619917214514
3210.0;0.01865038996269922;0.014910112661872163;0.025522755227552277
3211.5;0.01865038996269922;0.032697066101095795;0.027811860940695293
3213.0;0.01865038996269922;0.014945495799148322;0.01623931623931624
3214.5;0.016863406408094434;0.037753222836095765;0.016335052812576762
3216.0;0.016863406408094434;0.014945495799148322;0.019408502772643253
3217.5;0.017623877982923447;0.037312715311890364;0.032444193029023974
3219.0;0.017971946230274694;0.01485852872552252;0.028453854053704673
3220.5;0.018848906360245943;0.01570251018973342;0.036165577342047936
3222.0;0.027531083481349913;0.01570251018973342;0.033450971875339346
3223.5;0.015871286409530037;0.01570251018973342;0.024924471299093656
3225.0;0.023765996343692867;0.01570251018973342;0.01771809624494277
3226.5;0.015001087035292413;0.01654477169890474;0.022953790395650864
3228.0;0.032697066101095795;0.03422569546639526;0.017416748873543605
3229.5;0.015280135823429542;0.027531083481349913;0.02891522988505747
3231.0;0.015095605501509561;0.03061868686868687;0.02475049900199601
3232.5;0.03362011573718442;0.02911275415896488;0.02368836783902885
3234.0;0.03464614412681092;0.04057719431485299;0.02640503875968992
3235.5;0.031317449148417914;0.03442728442728442;0.018944170972160067
3237.0;0.03004578405188859;0.03442728442728442;0.018683274021352312
3238.5;0.036707804682866475;0.02619146866750035;0.03530630065019882
3240.0;0.0285204991087344;0.015188609731168737;0.038293216630196934
3241.5;0.01597712748065927;0.037370643092354175;0.015265781164374626
3243.0;0.03669724770642202;0.015791096363576857;0.033814763869784506
3244.5;0.016638225255972697;0.01657609394073348;0.03385107736510142
3246.0;0.027798718431963815;0.038655160014383315;0.03528138528138528
3247.5;0.037483266398929044;0.035127911416571206;0.02237159743611088
3249.0;0.03638309256286784;0.035127911416571206;0.025410598078710874
3250.5;0.0390124048660634;0.024378585086042064;0.04114581212590089
3252.0;0.025832555244319953;0.02352661596958175;0.01497095511171903
3253.5;0.03443769762431094;0.02352661596958175;0.019408502772643253
3255.0;0.024574669187145556;0.015654541329501625;0.024464831804281346
3256.5;0.019114380899500277;0.015654541329501625;0.028580208973570994
3258.0;0.0409705648369133;0.015919554687718374;0.015163102542134104
3259.5;0.03303074148217153;0.01786090540478038;0.019114380899500277
3261.0;0.035598705501618116;0.03564899451553931;0.03813975671892389
3262.5;0.038817005545286505;0.03564899451553931;0.02268431001890359
3264.0;0.016745540589734254;0.01597712748065927;0.03726309026662384
3265.5;0.03911639512696316;0.015001087035292413;0.03491744363318559
3267.0;0.015360780147363582;0.017094017094017096;0.04067920246593266
3268.5;0.028580208973570994;0.016863406408094434;0.030963302752293576
3270.0;0.015280135823429542;0.018197573656845753;0.026518218623481783
3271.5;0.03365384615384615;0.017094017094017096;0.015489719503383037
3273.0;0.015095605501509561;0.018010291595197254;0.02878937007874016
3274.5;0.018696455568620863;0.025522755227552277;0.03088450292397661
3276.0;0.028544333807491704;0.026998169615619284;0.024986434294104503
3277.5;0.017785732995721646;0.018610244807272875;0.03318419090231171
3279.0;0.046281540504648076;0.0189328743545611;0.0271137765013937
3280.5;0.017669156301380974;0.016285076905013504;0.015280135823429542
3282.0;0.03372140883165756;0.023244781783681213;0.025522755227552277
3283.5;0.024642730899358683;0.02352661596958175;0.031003039513677815
3285.0;0.023765996343692867;0.017814806907942786;0.016346604941861593
3286.5;0.024033467974610503;0.017511500713744025;0.024664750957854403
3288.0;0.02439400068793496;0.03966822935448972;0.018052243358660087
3289.5;0.024378585086042064;0.016863406408094434;0.024464831804281346
3291.0;0.02866284793699096;0.01597712748065927;0.0153103221203973
3292.5;0.018052243358660087;0.017094017094017096;0.036415289256198344
3294.0;0.04384216819449979;0.031723651744800845;0.027886497064579255
3295.5;0.04024144869215292;0.03183910937543675;0.0437625754527163
3297.0;0.026060070671378093;0.040343486714193126;0.029169645881157568
3298.5;0.02516881522406384;0.03888888888888889;0.03879026955950033
3300.0;0.026548672566371685;0.023274161735700197;0.017462905276233176
3301.5;0.029516994633273706;0.029074889867841413;0.01726263871763255
3303.0;0.034026465028355386;0.015663069961712496;0.016775307882501863
3304.5;0.03846568257730848;0.03722426470588235;0.026060070671378093
3306.0;0.01771809624494277;0.035650623885918005;0.016335052812576762
3307.5;0.018010291595197254;0.026060070671378093;0.018010291595197254
3309.0;0.043456032719836404;0.01865038996269922;0.032886334610472544
3310.5;0.030245746691871456;0.026060070671378093;0.015280135823429542
3312.0;0.032696390658174104;0.01850632726208763;0.0170487948265726
3313.5;0.032696390658174104;0.029702970297029705;0.024672187715665976
3315.0;0.025226290137150446;0.018671683262517162;0.016807551075732556
3316.5;0.03442728442728442;0.023418491484184917;0.0175513698630137
3318.0;0.029516994633273706;0.03326935380678182;0.032924107142857144
3319.5;0.018197573656845753;0.016745540589734254;0.03535245814226298
3321.0;0.03584015103838892;0.03825578292372061;0.024371551195585532
3322.5;0.03412017167381975;0.024501992031872512;0.024816176470588234
3324.0;0.026672809258561234;0.023244781783681213;0.027291242362525458
3325.5;0.03516096964135505;0.02516881522406384;0.02604331748547279
3327.0;0.037760416666666664;0.026107226107226107;0.02860082304526749
3328.5;0.040424121935056324;0.01605832636760472;0.033038955941517026
3330.0;0.028050275904353158;0.04076576576576577;0.03442728442728442
3331.5;0.016897746967071057;0.032673267326732675;0.029074889867841413
3333.0;0.03858520900321543;0.017499542375983893;0.02352661596958175
3334.5;0.019139945314441957;0.030245746691871456;0.028186274509803922
3336.0;0.017391304347826087;0.03674948240165632;0.0230722525804493
3337.5;0.019675925925925927;0.022549019607843137;0.03072625698324023
3339.0;0.01749271137026239;0.028076718167288225;0.027531083481349913
3340.5;0.02569922389808171;0.03608247422680412;0.024723374827109266
3342.0;0.016335052812576762;0.03268701306308945;0.017825311942959002
3343.5;0.016335052812576762;0.017825311942959002;0.016939604011490892
3345.0;0.016937514305333027;0.017961645808949312;0.0425033467202142
3346.5;0.027531083481349913;0.018876611418047883;0.019139945314441957
3348.0;0.017015706806282723;0.015033359741139864;0.025088028169014082
3349.5;0.02550688319718814;0.019269640210214257;0.025088028169014082
3351.0;0.016052757544824884;0.03460837887067396;0.025088028169014082
3352.5;0.018455454986527415;0.01842179442537598;0.015280135823429542
3354.0;0.01834061135371179;0.04038461538461538;0.029874213836477988
3355.5;0.01865038996269922;0.018086080586080584;0.034522108226862615
3357.0;0.017373380447585393;0.01749271137026239;0.03798392987582177
3358.5;0.01594765689784196;0.024816176470588234;0.0285204991087344
3360.0;0.017094017094017096;0.03331214913674399;0.017094017094017096
3361.5;0.0161839863713799;0.01967799642218247;0.024093511450381678
3363.0;0.016863406408094434;0.025088028169014082;0.01766318140290326
3364.5;0.016638225255972697;0.03916827852998066;0.03900600984306973
3366.0;0.023418491484184917;0.017094017094017096;0.015095605501509561
3367.5;0.01756386861313869;0.02703900709219858;0.03902213310711807
3369.0;0.019139945314441957;0.04083665338645418;0.0161839863713799
3370.5;0.025772579946528054;0.015225395561747438;0.01879117923894043
3372.0;0.017373380447585393;0.01597712748065927;0.0175513698630137
3373.5;0.017094017094017096;0.01597712748065927;0.031723651744800845
3375.0;0.04013452914798206;0.015280135823429542;0.03416622228993677
3376.5;0.0413265306122449;0.02457757296466974;0.015769487034319674
3378.0;0.029516994633273706;0.018371242245904248;0.015731292517006803
3379.5;0.02460456942003515;0.0170487948265726;0.023642732049036778
3381.0;0.0161839863713799;0.0175513698630137;0.03828413284132841
3382.5;0.02568279495355608;0.038385826771653545;0.0161839863713799
3384.0;0.03460837887067396;0.03320921042632419;0.036646406864497674
3385.5;0.016863406408094434;0.01663225731761437;0.023642732049036778
3387.0;0.015809071886378992;0.028073770491803277;0.031221185804653155
3388.5;0.024114774114774116;0.03924497640551267;0.03712921656100806
3390.0;0.017623877982923447;0.029504080351537978;0.03679650370020546
3391.5;0.018332165356039182;0.024501992031872512;0.038655160014383315
3393.0;0.01741601350785099;0.03639029592108771;0.022727272727272728
3394.5;0.016550266845809666;0.04076576576576577;0.03357531760435572
3396.0;0.03241323970006249;0.018803418803418803;0.03935185185185185
3397.5;0.016533838797490336;0.033547008547008546;0.031746031746031744
3399.0;0.0189328743545611;0.030938123752495012;0.040968342644320296
3400.5;0.015095605501509561;0.03389369971765095;0.03638309256286784
3402.0;0.015095605501509561;0.017015706806282723;0.036007976406237624
3403.5;0.0161839863713799;0.016863406408094434;0.02703900709219858
3405.0;0.01597712748065927;0.02724539646749342;0.031723651744800845
3406.5;0.038817005545286505;0.042157659488013005;0.017754480892796753
3408.0;0.017094017094017096;0.038385826771653545;0.016937514305333027
3409.5;0.017094017094017096;0.030009920634920632;0.014965094221118901
3411.0;0.017094017094017096;0.03476482617586912;0.02623456790123457
3412.5;0.03416622228993677;0.030318091451292245;0.023765996343692867
3414.0;0.03106789479980177;0.03639846743295019;0.018470790378006873
3415.5;0.015731292517006803;0.03385394646306383;0.029478889311525296
3417.0;0.024378585086042064;0.04277643260694108;0.03476361919376734
3418.5;0.015414729630535846;0.03639029592108771;0.023765996343692867
3420.0;0.025088028169014082;0.03968662645284684;0.025522755227552277
3421.5;0.017754480892796753;0.0350922131147541;0.025573192239858905
3423.0;0.024816176470588234;0.0494269340974212;0.016638225255972697
3424.5;0.029816513761467895;0.02729044834307992;0.02623456790123457
3426.0;0.016081348496769426;0.022789783889980354;0.018937169700528483
3427.5;0.015842570532438566;0.027551020408163263;0.01769786396640252
3429.0;0.01865038996269922;0.04473844018391603;0.039205386155217216
3430.5;0.015731292517006803;0.03312144529943125;0.014920801291612057
3432.0;0.03609431217943811;0.024440452356037833;0.026475958612294584
3433.5;0.016638225255972697;0.031746031746031744;0.03879026955950033
3435.0;0.018612132352941176;0.03869818652849741;0.032886334610472544
3436.5;0.0161839863713799;0.016473090135776216;0.024114774114774116
3438.0;0.03326935380678182;0.03133759902498476;0.018010291595197254
3439.5;0.019071369196057474;0.01641928887129758;0.018010291595197254
3441.0;0.0175513698630137;0.015731292517006803;0.0285204991087344
3442.5;0.015871286409530037;0.030894498987065602;0.024816176470588234
3444.0;0.016335052812576762;0.01749044044752868;0.03919631093544137
3445.5;0.015033359741139864;0.03865979381443299;0.03535245814226298
3447.0;0.016638225255972697;0.030318091451292245;0.037945498551091014
3448.5;0.015280135823429542;0.019082371238858645;0.028186274509803922
3450.0;0.017094017094017096;0.03503787878787879;0.017792037334111128
3451.5;0.029516994633273706;0.024332476049234393;0.018197573656845753
3453.0;0.025439127801332527;0.02867383512544803;0.01784040701566475
3454.5;0.018610244807272875;0.01845342706502636;0.03048016701461378
3456.0;0.018610244807272875;0.025529865125240848;0.01849148418491484
3457.5;0.01749000201260901;0.0370850622406639;0.01845342706502636
3459.0;0.03164382558957227;0.026252804786836198;0.03357531760435572
3460.5;0.01967799642218247;0.017676913501825434;0.03598346705567712
3462.0;0.027886497064579255;0.024592846936588596;0.03404835945928794
3463.5;0.023765996343692867;0.0249922863313792;0.027551020408163263
3465.0;0.0285204991087344;0.01712993887276667;0.01729264475743349
3466.5;0.01850632726208763;0.03061868686868687;0.01645021645021645
3468.0;0.018902169101372285;0.017215791035915702;0.02400793650793651
3469.5;0.015257390944800497;0.03445525191703979;0.03959633514805471
3471.0;0.026060070671378093;0.024172397833659473;0.026507713884992984
3472.5;0.017547197908565945;0.039603960396039604;0.025989604158336663
3474.0;0.015724726735506497;0.03383297644539615;0.015359694541667872
3475.5;0.017427438387099873;0.03487592219986586;0.02848722986247544
3477.0;0.027531083481349913;0.04827044025157233;0.018323203432248837
3478.5;0.018683274021352312;0.032483538315019815;0.03033312268664801
3480.0;0.017373380447585393;0.017596390484003282;0.024093511450381678
3481.5;0.01771809624494277;0.03581811296571412;0.028489903424056193
3483.0;0.02460456942003515;0.035869565217391305;0.01866458752950859
3484.5;0.015095605501509561;0.019335279586795418;0.01757469244288225
3486.0;0.016638225255972697;0.03288592570454982;0.026173020527859234
3487.5;0.016638225255972697;0.028310591930892314;0.023031496062992124
3489.0;0.016863406408094434;0.026765213476401286;0.02423490488006617
3490.5;0.024114774114774116;0.023244781783681213;0.01645021645021645
3492.0;0.02703900709219858;0.01733025239957341;0.03685386088066369
3493.5;0.03357531760435572;0.040968342644320296;0.019179429534916397
3495.0;0.023418491484184917;0.018197573656845753;0.036165577342047936
3496.5;0.0325497287522604;0.0189328743545611;0.0380952380952381
3498.0;0.017094017094017096;0.039504716981132074;0.03798392987582177
3499.5;0.015001087035292413;0.015434504692713043;0.019013666072489603
3501.0;0.03466050479914682;0.023833646933950885;0.02494777243356168
3502.5;0.03320921042632419;0.03176742395071236;0.034110097939885176
3504.0;0.01597712748065927;0.0161839863713799;0.017621365816694903
3505.5;0.01597712748065927;0.03106608779546551;0.03423626787057938
3507.0;0.041666666666666664;0.017916549196504088;0.034993087405911914
3508.5;0.03331214913674399;0.016429426632965278;0.02844359220198146
3510.0;0.017094017094017096;0.026295516287651786;0.019274809160305342
3511.5;0.026060070671378093;0.032793150894358664;0.01790674218325704
3513.0;0.025573192239858905;0.019082371238858645;0.026839699159416013
3514.5;0.01597712748065927;0.017094017094017096;0.03822876179900055
3516.0;0.01850632726208763;0.01842179442537598;0.03926096997690531
3517.5;0.025573192239858905;0.019139945314441957;0.018532478954642544
3519.0;0.03130908265900325;0.024501992031872512;0.028186274509803922
3520.5;0.0367279087083759;0.024986390854654327;0.02860082304526749
3522.0;0.030813820600779404;0.026559914803335628;0.024093511450381678
3523.5;0.016335052812576762;0.030627490039840638;0.02540904716073147
3525.0;0.03699819520998976;0.023244781783681213;0.03250478011472275
3526.5;0.03303332717441392;0.016785765670711238;0.030993042378241617
3528.0;0.03455197368140851;0.01726263871763255;0.01835078161749423
3529.5;0.03455197368140851;0.027531083481349913;0.0188212927756654
3531.0;0.03455197368140851;0.038041387799061466;0.03950892857142857
3532.5;0.03455197368140851;0.019013666072489603;0.03010793410338951
3534.0;0.01658993849415681;0.02584670231729055;0.03156312625250501
3535.5;0.02460456942003515;0.026514314137283078;0.01814552172099398
3537.0;0.035774141714325206;0.023229531955155404;0.02878937007874016
3538.5;0.017015706806282723;0.018026004728132386;0.03196234908942091
3540.0;0.026592455163883737;0.01865038996269922;0.016962900268020876
3541.5;0.017934291168491913;0.018558172733761598;0.017824497257769654
3543.0;0.018612132352941176;0.0170487948265726;0.032062780269058296
3544.5;0.019527766042341455;0.03617216117216117;0.02915766738660907
3546.0;0.028580208973570994;0.01597712748065927;0.024378585086042064
3547.5;0.01771809624494277;0.015095605501509561;0.017069499407906828
3549.0;0.01840766984546031;0.015731292517006803;0.024166411746711535
3550.5;0.0188212927756654;0.015414729630535846;0.022549019607843137
3552.0;0.0172434729811779;0.024378585086042064;0.024054982817869414
3553.5;0.02703900709219858;0.03913843540624705;0.03201163502755664
3555.0;0.015095605501509561;0.024464831804281346;0.025172165690204543
3556.5;0.015871286409530037;0.01834061135371179;0.024113082039911308
3558.0;0.035650623885918005;0.01834862385321101;0.024114774114774116
3559.5;0.016335052812576762;0.03442728442728442;0.0334685598377282
3561.0;0.018010291595197254;0.022128060263653486;0.023031496062992124
3562.5;0.02802491103202847;0.01837805412422468;0.033205619412515965
3564.0;0.017623877982923447;0.025125036775522212;0.0252025622251655
3565.5;0.017465858520325457;0.015456115359823011;0.018852025917446596
3567.0;0.037137807788150325;0.01606832657788072;0.024464831804281346
3568.5;0.037137807788150325;0.018026004728132386;0.017596390484003282
3570.0;0.01570251018973342;0.031456657730116175;0.0343386881706775
3571.5;0.03794901389545961;0.025820463320463317;0.029623049590607138
3573.0;0.0379119539632164;0.024254473161033796;0.017903819861929647
3574.5;0.025088028169014082;0.016187271319071658;0.03287716955941255
3576.0;0.017754480892796753;0.018612132352941176;0.025720774714529052
3577.5;0.017754480892796753;0.01713180436584692;0.027032520325203254
3579.0;0.015280135823429542;0.030993042378241617;0.034611469290804206
3580.5;0.017094017094017096;0.01862097440132122;0.047397324755815325
3582.0;0.017094017094017096;0.02909270216962525;0.017719252988613942
3583.5;0.01597712748065927;0.01766318140290326;0.038033542643669024
3585.0;0.01597712748065927;0.029722271675271496;0.029478889311525296
3586.5;0.01842179442537598;0.03197423804452559;0.029702970297029705
3588.0;0.025573192239858905;0.026113457095052188;0.055218855218855195
3589.5;0.015731292517006803;0.019274809160305342;0.026069060141779097
3591.0;0.019408502772643253;0.026173020527859234;0.04019927847448892
3592.5;0.017825311942959002;0.01874976438826494;0.03632932295352678
3594.0;0.018052243358660087;0.02400793650793651;0.035751028806584366
3595.5;0.030245746691871456;0.04218838127467569;0.026198386331276694
3597.0;0.029132231404958676;0.031456657730116175;0.03585164835164835
3598.5;0.0170487948265726;0.024093511450381678;0.04219815610002526
