#auto generated file!
6.0;0.036197166850693456;0.036197166850693456;0.036197166850693456
7.5;0.036197166850693456;0.036197166850693456;0.036197166850693456
9.0;0.036197166850693456;0.036197166850693456;0.036197166850693456
10.5;0.036197166850693456;0.0173841059602649;0.036197166850693456
12.0;0.08193668528864059;0.0173841059602649;0.036197166850693456
13.5;0.015731292517006803;0.01824212271973466;0.014827018121911038
15.0;0.01567656765676568;0.01567656765676568;0.01824212271973466
16.5;0.01567656765676568;0.01652892561983471;0.01824212271973466
18.0;0.01824212271973466;0.01567656765676568;0.018470790378006873
19.5;0.018683274021352312;0.03608247422680412;0.051059730250481696
21.0;0.014827018121911038;0.032696390658174104;0.01567656765676568
22.5;0.014827018121911038;0.05048076923076923;0.018086080586080584
24.0;0.01567656765676568;0.055844907407407406;0.01567656765676568
25.5;0.01834862385321101;0.01652892561983471;0.015731292517006803
27.0;0.01824212271973466;0.014827018121911038;0.014827018121911038
28.5;0.018010291595197254;0.018147448015122872;0.04083665338645418
30.0;0.020006613756613757;0.0161839863713799;0.014827018121911038
31.5;0.017094017094017096;0.01567656765676568;0.0170487948265726
33.0;0.0650994575045208;0.01567656765676568;0.07656826568265682
34.5;0.048187022900763356;0.056249999999999994;0.0350922131147541
36.0;0.01824212271973466;0.01652892561983471;0.03718199608610568
37.5;0.018010291595197254;0.01950286806883365;0.046489563567362426
39.0;0.045928030303030304;0.015731292517006803;0.0175513698630137
40.5;0.018612132352941176;0.06101190476190476;0.047619047619047616
42.0;0.044811320754716985;0.05048076923076923;0.03919631093544137
43.5;0.018371212121212118;0.018683274021352312;0.03758169934640523
45.0;0.08103813559322035;0.01824212271973466;0.017094017094017096
46.5;0.06953892668178382;0.01567656765676568;0.017094017094017096
48.0;0.0175513698630137;0.08085501858736059;0.018026004728132386
49.5;0.0161839863713799;0.018354055654233276;0.035598705501618116
51.0;0.016403046280023436;0.018470790378006873;0.05222437137330754
52.5;0.07977736549165121;0.0175513698630137;0.01824212271973466
54.0;0.016638225255972697;0.01567656765676568;0.017699115044247787
55.5;0.0170487948265726;0.01756386861313869;0.05222437137330754
57.0;0.01567656765676568;0.01824212271973466;0.07339449541284404
58.5;0.018010291595197254;0.017699115044247787;0.01824212271973466
60.0;0.044811320754716985;0.017094017094017096;0.047619047619047616
61.5;0.018354055654233276;0.03287716955941255;0.01824212271973466
63.0;0.0175513698630137;0.033713054187192115;0.040424121935056324
64.5;0.016638225255972697;0.018147448015122872;0.01824212271973466
66.0;0.043703007518796994;0.03411405295315682;0.014827018121911038
67.5;0.016403046280023436;0.016403046280023436;0.014827018121911038
69.0;0.01567656765676568;0.055086848635235726;0.016638225255972697
70.5;0.01567656765676568;0.01652892561983471;0.016638225255972697
72.0;0.01756386861313869;0.0161839863713799;0.044811320754716985
73.5;0.017094017094017096;0.02335858585858586;0.051059730250481696
75.0;0.01567656765676568;0.03879026955950033;0.014827018121911038
76.5;0.017373380447585393;0.014827018121911038;0.014827018121911038
78.0;0.0175513698630137;0.038441422594142266;0.05048076923076923
79.5;0.01730418943533698;0.019865614957639496;0.01567656765676568
81.0;0.07656826568265682;0.05501152073732719;0.051331719128329296
82.5;0.09340659340659341;0.03676148796498906;0.016638225255972697
84.0;0.017094017094017096;0.04260299625468165;0.017094017094017096
85.5;0.041666666666666664;0.040424121935056324;0.017094017094017096
87.0;0.01652892561983471;0.019731800766283527;0.017373380447585393
88.5;0.0173841059602649;0.021776787923781245;0.019142066420664204
90.0;0.06636838180462341;0.019408502772643253;0.014827018121911038
91.5;0.017373380447585393;0.01678765880217786;0.036783854166666664
93.0;0.017824497257769654;0.017373380447585393;0.018010291595197254
94.5;0.01756386861313869;0.03312144529943125;0.0173841059602649
96.0;0.0161839863713799;0.017094017094017096;0.018470790378006873
97.5;0.021433850702143382;0.03608247422680412;0.0170487948265726
99.0;0.01824212271973466;0.017094017094017096;0.01652892561983471
100.5;0.017699115044247787;0.03919631093544137;0.016403046280023436
102.0;0.0161839863713799;0.05743073047858943;0.017094017094017096
103.5;0.03379065040650407;0.035751028806584366;0.06953892668178382
105.0;0.018876611418047883;0.018086080586080584;0.031578947368421054
106.5;0.017699115044247787;0.01567656765676568;0.01652892561983471
108.0;0.09568584070796461;0.020429159318048208;0.0175513698630137
109.5;0.03411405295315682;0.016403046280023436;0.0170487948265726
111.0;0.01652892561983471;0.044811320754716985;0.017699115044247787
112.5;0.017094017094017096;0.01904761904761905;0.0175513698630137
114.0;0.018612132352941176;0.014827018121911038;0.0528117359413203
115.5;0.0175513698630137;0.0161839863713799;0.017824497257769654
117.0;0.045928030303030304;0.017094017094017096;0.01834862385321101
118.5;0.018010291595197254;0.017824497257769654;0.01567656765676568
120.0;0.03185654008438818;0.0161839863713799;0.039603960396039604
121.5;0.018612132352941176;0.038441422594142266;0.01824212271973466
123.0;0.0173841059602649;0.016638225255972697;0.03383297644539615
124.5;0.014827018121911038;0.03411405295315682;0.01652892561983471
126.0;0.01652892561983471;0.019408502772643253;0.016638225255972697
127.5;0.01834862385321101;0.018086080586080584;0.03312144529943125
129.0;0.03798297314996725;0.041250831669993354;0.01730418943533698
130.5;0.01824212271973466;0.03542094455852156;0.0334685598377282
132.0;0.01567656765676568;0.036415289256198344;0.046489563567362426
133.5;0.0161839863713799;0.018470790378006873;0.018371212121212118
135.0;0.0470532319391635;0.019865614957639496;0.017094017094017096
136.5;0.018010291595197254;0.019142066420664204;0.019395134779750165
138.0;0.0161839863713799;0.01824212271973466;0.03423626787057938
139.5;0.017699115044247787;0.018371212121212118;0.018086080586080584
141.0;0.01567656765676568;0.04815864022662889;0.032696390658174104
142.5;0.017699115044247787;0.017699115044247787;0.0173841059602649
144.0;0.01672535211267606;0.01652892561983471;0.017824497257769654
145.5;0.0170487948265726;0.03088450292397661;0.021042084168336674
147.0;0.03297872340425532;0.05048076923076923;0.02132510729613734
148.5;0.018612132352941176;0.03879026955950033;0.060130331753554506
150.0;0.015731292517006803;0.019142066420664204;0.017045454545454544
151.5;0.019675925925925927;0.01756386861313869;0.019408502772643253
153.0;0.017094017094017096;0.016638225255972697;0.0170487948265726
154.5;0.017094017094017096;0.017373380447585393;0.015731292517006803
156.0;0.016638225255972697;0.014827018121911038;0.016638225255972697
157.5;0.0173841059602649;0.0425033467202142;0.07224770642201835
159.0;0.0175513698630137;0.018010291595197254;0.0161839863713799
160.5;0.01652892561983471;0.01672535211267606;0.037969094922737305
162.0;0.01652892561983471;0.03300733496332518;0.019731800766283527
163.5;0.01652892561983471;0.03476482617586912;0.06370772946859903
165.0;0.017824497257769654;0.019142066420664204;0.05839201877934272
166.5;0.06715063520871144;0.014827018121911038;0.017373380447585393
168.0;0.0170487948265726;0.018147448015122872;0.03585164835164835
169.5;0.0175513698630137;0.06533036377134371;0.06280048076923077
171.0;0.0170487948265726;0.03397147147147147;0.07700892857142856
172.5;0.0175513698630137;0.018086080586080584;0.04775413711583924
174.0;0.0175513698630137;0.07763401109057301;0.01950286806883365
175.5;0.01652892561983471;0.05703517587939698;0.03314777327935223
177.0;0.01652892561983471;0.01652892561983471;0.0175513698630137
178.5;0.01652892561983471;0.033445440956651716;0.019801980198019802
180.0;0.018470790378006873;0.018026004728132386;0.03798297314996725
181.5;0.05294802172226532;0.05501152073732719;0.03185386473429951
183.0;0.016863406408094434;0.018022181146025877;0.04232518302506271
184.5;0.017754480892796753;0.018242207460398566;0.019192913385826772
186.0;0.017971946230274694;0.03557838660578387;0.03383297644539615
187.5;0.01676981545879932;0.018879124267653407;0.03436018957345971
189.0;0.019139945314441957;0.035869565217391305;0.018876611418047883
190.5;0.018470790378006873;0.01549874155517287;0.03370465581262496
192.0;0.016638225255972697;0.019527766042341455;0.04611959287531806
193.5;0.016638225255972697;0.041250831669993354;0.08452698201199202
195.0;0.07425742574257424;0.01950286806883365;0.033926095893685164
196.5;0.016638225255972697;0.01904720190384419;0.018237744767777838
198.0;0.018010291595197254;0.018147448015122872;0.019313448878140533
199.5;0.05720906282183316;0.018636586562040217;0.036415289256198344
201.0;0.017499542375983893;0.0161839863713799;0.050794146515570626
202.5;0.04425612052730697;0.017570604905697253;0.017830478700043915
204.0;0.017623877982923447;0.018867295576519217;0.03511762700306853
205.5;0.01836806645203033;0.018881216624123797;0.03326226012793177
207.0;0.051059730250481696;0.05320033250207814;0.016735914907761343
208.5;0.0161839863713799;0.05282465150403521;0.01890359168241966
210.0;0.016863406408094434;0.01756386861313869;0.019390261522901315
211.5;0.017373380447585393;0.020240539747726608;0.019274809160305342
213.0;0.017094017094017096;0.015247999065256762;0.017522464698331193
214.5;0.017094017094017096;0.01800172265288544;0.03379065040650407
216.0;0.01749271137026239;0.01730418943533698;0.11246867167919798
217.5;0.017824497257769654;0.017824497257769654;0.051746582772835746
219.0;0.016638225255972697;0.019020693899530733;0.018991486574983625
220.5;0.020212060967528162;0.05128205128205128;0.05319188849494438
222.0;0.01897923971725942;0.019317158158366248;0.051331719128329296
223.5;0.019673731176798662;0.01992774510934317;0.016862556968097867
225.0;0.015334767893556102;0.041250831669993354;0.019744058500914076
226.5;0.01588674092125794;0.017015706806282723;0.01883828189732695
228.0;0.014915639175358578;0.018026004728132386;0.036141838294156174
229.5;0.018612132352941176;0.036415289256198344;0.020304139678963676
231.0;0.03529512649009505;0.019185895773917553;0.021253206302674972
232.5;0.018014583128898747;0.018846829579939307;0.03558139469577598
234.0;0.0161839863713799;0.01723523181308137;0.015800135043889264
235.5;0.017623877982923447;0.0188212927756654;0.05329153605015674
237.0;0.017547197908565945;0.015280135823429542;0.018344659997183252
238.5;0.07663693439238436;0.016638225255972697;0.020338983050847456
240.0;0.015095605501509561;0.03411405295315682;0.017995570321151715
241.5;0.016676298192025096;0.03841351530351888;0.018991486574983625
243.0;0.01830736743700201;0.019276956137024393;0.01949374454466104
244.5;0.06571130694959344;0.035885989010989015;0.03503787878787879
246.0;0.08048289738430583;0.019098466389565718;0.03167271527548663
247.5;0.0189328743545611;0.017099686789447406;0.044388178976935554
249.0;0.015731292517006803;0.030963302752293576;0.08137175324675323
250.5;0.016348533050547898;0.01877479918707055;0.033564958294834774
252.0;0.016217853406024562;0.019673731176798662;0.03498920086393088
253.5;0.01939343350027824;0.050806451612903224;0.01913318835603373
255.0;0.017373380447585393;0.05925525623508779;0.03399378399378399
256.5;0.018323203432248837;0.01950286806883365;0.03342273991659294
258.0;0.017094017094017096;0.06246664690186778;0.045283018867924525
259.5;0.015517241379310345;0.018163597644995613;0.021710984961657204
261.0;0.015040234653904788;0.032311893203883495;0.018235968257238406
262.5;0.015280135823429542;0.0203587481387679;0.03639240506329114
264.0;0.01780160609014529;0.022418478260869564;0.03416594889463106
265.5;0.01834862385321101;0.018633979161534336;0.02132510729613734
267.0;0.05345699070313205;0.018696455568620863;0.06607588782568341
268.5;0.018470790378006873;0.01995528228060369;0.04443654078289361
270.0;0.015597920277296359;0.033445440956651716;0.020699191202639435
271.5;0.04208416833667335;0.020171743357096563;0.022347145638528788
273.0;0.09716200236499803;0.01834862385321101;0.02161016949152542
274.5;0.017015706806282723;0.019292604501607715;0.020212060967528162
276.0;0.018610244807272875;0.019209659714599342;0.048892405063291136
277.5;0.01848360454802751;0.019274809160305342;0.08866627381653894
279.0;0.015414729630535846;0.05143083866488122;0.06831585845347314
280.5;0.07375287776381668;0.01868846481098821;0.023132221261570645
282.0;0.016638225255972697;0.01834862385321101;0.03314653297208458
283.5;0.04562798092209857;0.03241525423728814;0.023702830188679247
285.0;0.03718199608610568;0.018354055654233276;0.04511070931025285
286.5;0.040091455309193384;0.04120621839295749;0.05352228113490104
288.0;0.05048076923076923;0.03423626787057938;0.024999468774569177
289.5;0.05048076923076923;0.019865614957639496;0.07879924953095685
291.0;0.08386958386958387;0.01834862385321101;0.01932768254904344
292.5;0.014945495799148322;0.016335052812576762;0.03512377580975405
294.0;0.017754480892796753;0.04719101123595506;0.020788912579957356
295.5;0.017547197908565945;0.01749271137026239;0.04397573752412461
297.0;0.015743018124095107;0.018185821224130337;0.02217125356128139
298.5;0.018277260861902424;0.01929824561403509;0.03416594889463106
300.0;0.0161839863713799;0.016403046280023436;0.03415421037972333
301.5;0.017094017094017096;0.041250831669993354;0.03877040670655833
303.0;0.01865038996269922;0.019082371238858645;0.027696065649933398
304.5;0.01850632726208763;0.0153103221203973;0.036595314404734035
306.0;0.01842179442537598;0.017373380447585393;0.036148039657503385
307.5;0.017465858520325457;0.019098466389565714;0.060730661085727076
309.0;0.017465858520325457;0.0171214291650981;0.0266497461928934
310.5;0.01749271137026239;0.019013666072489603;0.024691358024691357
312.0;0.018610244807272875;0.019139945314441957;0.043186477391405256
313.5;0.014936197678611653;0.018284611141753997;0.018810525102589463
315.0;0.05222437137330754;0.016227133325692297;0.022674418604651164
316.5;0.06280048076923077;0.017134997433140575;0.03578940933849386
318.0;0.015033359741139864;0.015106013411607612;0.03861547886461099
319.5;0.014965094221118901;0.015195702225633155;0.02154320269798814
321.0;0.014965094221118901;0.01834862385321101;0.03653653653653653
322.5;0.07548669050456894;0.016638225255972697;0.03860490554924481
324.0;0.08099593301892197;0.016863406408094434;0.037130021141649046
325.5;0.015769487034319674;0.03718199608610568;0.03920807453416149
327.0;0.015743018124095107;0.017699115044247787;0.040010820001545724
328.5;0.016582472972657695;0.0170487948265726;0.04011109275625671
330.0;0.0182681206624895;0.07354885230140609;0.02273332889214576
331.5;0.017401635028469288;0.0175513698630137;0.021811649926199946
333.0;0.015684481542853023;0.0175513698630137;0.02183129785483769
334.5;0.08244680851063829;0.017754480892796753;0.023179642227261273
336.0;0.015001087035292413;0.0161839863713799;0.025691711569897684
337.5;0.016676298192025096;0.017094017094017096;0.021604938271604937
339.0;0.016676298192025096;0.015095605501509561;0.04051318072886538
340.5;0.045928030303030304;0.015280135823429542;0.021924786732635673
342.0;0.07894736842105263;0.017824497257769654;0.02248038143377473
343.5;0.05048076923076923;0.016638225255972697;0.022824178580386253
345.0;0.01850632726208763;0.03879026955950033;0.035616438356164376
346.5;0.016676298192025096;0.049329501915708805;0.11150023252697709
348.0;0.07547665433531073;0.046489563567362426;0.08356110894181958
349.5;0.07338145632027426;0.017596390484003282;0.022865326038490556
351.0;0.018289844042285466;0.01779592331824472;0.02158671586715867
352.5;0.08954302181967888;0.0350922131147541;0.02341367986618532
354.0;0.015871286409530037;0.01723920181864107;0.0353763987792472
355.5;0.04260299625468165;0.038385826771653545;0.021540560540190545
357.0;0.07182211727666273;0.017045454545454544;0.01951948534711001
358.5;0.08755082619603771;0.01726263871763255;0.023185011709601876
360.0;0.0741235580813308;0.01845157937014199;0.022085276482345102
361.5;0.014910112661872163;0.018832655731576244;0.035616438356164376
363.0;0.07378150182183574;0.016242522094412855;0.04725013432808168
364.5;0.01485852872552252;0.017121863302370723;0.017251025736665426
366.0;0.049329501915708805;0.018197573656845753;0.04366245013773535
367.5;0.08265594250021391;0.017373380447585393;0.03725743120863657
369.0;0.01842179442537598;0.038385826771653545;0.03549068693874739
370.5;0.05222437137330754;0.017094017094017096;0.07081911262798635
372.0;0.05222437137330754;0.018086080586080584;0.01899359194664741
373.5;0.07434304424481572;0.01815193274574063;0.055759055759055765
375.0;0.017547197908565945;0.017563955708285603;0.07350427350427352
376.5;0.01660281557997176;0.01919319521643928;0.04553132114268929
378.0;0.016557768507871926;0.018359400709839848;0.06053098711121401
379.5;0.07425742574257424;0.015280135823429542;0.04512338425381903
381.0;0.015001087035292413;0.01850632726208763;0.01702705674311212
382.5;0.018026004728132386;0.019179429534916397;0.023179642227261273
384.0;0.018010291595197254;0.018371212121212118;0.02297737925412676
385.5;0.015095605501509561;0.020847168626043255;0.0443300049794271
387.0;0.014910112661872163;0.017859876473843454;0.019739447586359173
388.5;0.017754480892796753;0.01645021645021645;0.09326424870466322
390.0;0.015001087035292413;0.018010291595197254;0.03859601936525013
391.5;0.016863406408094434;0.035751028806584366;0.049663299663299666
393.0;0.015001087035292413;0.018559977888336097;0.022174840085287847
394.5;0.018354055654233276;0.015924975301469167;0.03894728881494366
396.0;0.0161839863713799;0.017824497257769654;0.020791914585337464
397.5;0.01865038996269922;0.016939604011490892;0.03463203463203463
399.0;0.0189328743545611;0.03326226012793177;0.02387706855791962
400.5;0.017094017094017096;0.018095838587641865;0.03440841739271059
402.0;0.0175513698630137;0.01868846481098821;0.032311893203883495
403.5;0.0161839863713799;0.019675925925925927;0.01810699588477366
405.0;0.018010291595197254;0.015280135823429542;0.020364870598218072
406.5;0.016638225255972697;0.049329501915708805;0.045199459093982416
408.0;0.015871286409530037;0.017373380447585393;0.07242244292003681
409.5;0.04334677419354839;0.01865038996269922;0.020090160721285766
411.0;0.01865038996269922;0.017373380447585393;0.1478831246273106
412.5;0.01865038996269922;0.021191464137522226;0.02023222618062303
414.0;0.019142066420664204;0.020423892100192676;0.03277439024390244
415.5;0.018503600886795833;0.017165078982274207;0.032934558989665956
417.0;0.0161839863713799;0.018086080586080584;0.03680586193006348
418.5;0.015095605501509561;0.01675356994726551;0.03418935643564356
420.0;0.015871286409530037;0.017830478700043915;0.0358827348793904
421.5;0.017824497257769654;0.019801980198019802;0.0411036036036036
423.0;0.015033359741139864;0.019292604501607715;0.05105377906976744
424.5;0.015280135823429542;0.039473684210526314;0.02177154786758127
426.0;0.05377574370709383;0.020656370656370653;0.022122793934874475
427.5;0.018052243358660087;0.01788842784693407;0.020383204239706482
429.0;0.015755085912057668;0.017924528301886795;0.06393494897959184
430.5;0.0161839863713799;0.051407224720731184;0.020432735456968096
432.0;0.01749271137026239;0.01770244821092279;0.05295138888888887
433.5;0.015280135823429542;0.018283166109253065;0.04179724324186604
435.0;0.0175513698630137;0.01810699588477366;0.021776787923781245
436.5;0.0175513698630137;0.0177109440267335;0.03125
438.0;0.0175513698630137;0.03476482617586912;0.023001095290251915
439.5;0.01702553830746119;0.015287493145371624;0.07651821862348178
441.0;0.0161839863713799;0.05276851914835726;0.08367768595041325
442.5;0.04425612052730697;0.017094017094017096;0.04829337697415707
444.0;0.016745540589734254;0.019269640210214257;0.020950846091861403
445.5;0.019013666072489603;0.017305765552418254;0.05673642903858731
447.0;0.018086080586080584;0.039473684210526314;0.037856571580911755
448.5;0.08405756796217757;0.018197573656845753;0.037948176225688184
450.0;0.016664843504300385;0.018876611418047883;0.04348304913639618
451.5;0.01749271137026239;0.018876611418047883;0.018876611418047883
453.0;0.047619047619047616;0.01703197690454738;0.03784246575342465
454.5;0.08893709327548807;0.016085057734422405;0.037037037037037035
456.0;0.018470790378006873;0.0161839863713799;0.019709517383326373
457.5;0.017754480892796753;0.016863406408094434;0.021505376344086023
459.0;0.018010291595197254;0.016863406408094434;0.037594867006631706
460.5;0.04260299625468165;0.019139945314441957;0.05886016817190907
462.0;0.015001087035292413;0.01583436633020483;0.04084328968518815
463.5;0.01834862385321101;0.018574581463896272;0.031175059952038366
465.0;0.017373380447585393;0.018876611418047883;0.019839679358717437
466.5;0.04918972634153799;0.018086080586080584;0.033445440956651716
468.0;0.07678894156095364;0.01897923971725942;0.04063360881542699
469.5;0.017094017094017096;0.016638225255972697;0.10253384236227076
471.0;0.03674948240165632;0.016937514305333027;0.01994130822175356
472.5;0.01537736404878336;0.04735164668386705;0.03534031413612565
474.0;0.018716969225741748;0.015225395561747438;0.05119729690024975
475.5;0.01496006376714652;0.01730418943533698;0.03863576324565421
477.0;0.017511500713744025;0.017122114923635367;0.041800213675213665
478.5;0.01756386861313869;0.01755211988168078;0.022185577285127593
480.0;0.018086080586080584;0.0189328743545611;0.04057165190777107
481.5;0.016263612953345514;0.051059730250481696;0.05761543161386055
483.0;0.01676764541378836;0.01865038996269922;0.021776787923781245
484.5;0.045646863822734016;0.016937514305333027;0.06195580474934036
486.0;0.08765650724687298;0.049329501915708805;0.03585164835164835
487.5;0.016638225255972697;0.017094017094017096;0.02096508024127006
489.0;0.0170487948265726;0.01845342706502636;0.06207948299812768
490.5;0.018086080586080584;0.017934291168491913;0.022975143723197654
492.0;0.0170487948265726;0.055844907407407406;0.020618556701030927
493.5;0.016403046280023436;0.040424121935056324;0.019805455274769356
495.0;0.05970809376382132;0.09041394335511982;0.019822328294881994
496.5;0.017094017094017096;0.016638225255972697;0.019865614957639496
498.0;0.03879026955950033;0.051059730250481696;0.040593142490123
499.5;0.01834862385321101;0.016745540589734254;0.019176536943034405
501.0;0.018323203432248837;0.016745540589734254;0.040266060999351067
502.5;0.016000445289352447;0.051640926640926635;0.021245580298988896
504.0;0.01856943086314991;0.08175211949939443;0.05867878099564643
505.5;0.015731292517006803;0.016745540589734254;0.01871684410452703
507.0;0.0175513698630137;0.08560945780676722;0.020178739416745063
508.5;0.01842179442537598;0.0863169700629799;0.017225523792998743
510.0;0.03879026955950033;0.051059730250481696;0.01890359168241966
511.5;0.017699115044247787;0.018683274021352312;0.02238157322903086
513.0;0.0189328743545611;0.017015706806282723;0.018595825426944972
514.5;0.015095605501509561;0.040013227513227514;0.022251992502182096
516.0;0.017094017094017096;0.01865038996269922;0.03528138528138528
517.5;0.016638225255972697;0.07753473472714523;0.024228028503562943
519.0;0.038441422594142266;0.07753473472714523;0.019390706924606763
520.5;0.018010291595197254;0.05048076923076923;0.0196557326276062
522.0;0.06900452488687782;0.05048076923076923;0.03584015103838892
523.5;0.01672535211267606;0.017754480892796753;0.021384021384021387
525.0;0.01654091700522345;0.08386752136752137;0.04852320675105485
526.5;0.07007575757575758;0.07425742574257424;0.07653958944281525
528.0;0.019082371238858645;0.08144892908951275;0.03465751211792425
529.5;0.04016913319238901;0.08175211949939443;0.033713054187192115
531.0;0.05155773789366746;0.015095605501509561;0.02149602229030347
532.5;0.018086080586080584;0.01850632726208763;0.03189528023598819
534.0;0.01733902966659057;0.015769487034319674;0.02114561027837259
535.5;0.0425033467202142;0.018332165356039182;0.04364419165469027
537.0;0.016348533050547898;0.017094017094017096;0.04546630448842324
538.5;0.01641928887129758;0.016745540589734254;0.019180948585093664
540.0;0.018323203432248837;0.08530042918454936;0.01929373871138961
541.5;0.016209169954000083;0.05222437137330754;0.022357723577235773
543.0;0.018876611418047883;0.015001087035292413;0.04722289654144881
544.5;0.017122114923635367;0.08216097234185091;0.022418478260869564
546.0;0.039603960396039604;0.01663225731761437;0.01959687914876363
547.5;0.018371212121212118;0.015724726735506497;0.03361344537815126
549.0;0.018185480622028842;0.0829083213135849;0.021191464137522226
550.5;0.016403046280023436;0.018010291595197254;0.018532478954642544
552.0;0.01771809624494277;0.04990403071017274;0.03469827586206897
553.5;0.01840766984546031;0.017754480892796753;0.019635662988264142
555.0;0.0188212927756654;0.01850632726208763;0.04003966778232305
556.5;0.016913946587537095;0.017971946230274694;0.019801980198019802
558.0;0.017785732995721646;0.01769257756716558;0.01654091700522345
559.5;0.015731292517006803;0.07143743600881139;0.01827578336430924
561.0;0.01672535211267606;0.01862097440132122;0.018779928396070348
562.5;0.0189328743545611;0.01608187134502924;0.018953440461475072
564.0;0.015001087035292413;0.017934291168491913;0.022296960637767812
565.5;0.017596390484003282;0.016830578931359627;0.01906151014735893
567.0;0.046776031527467836;0.016624630520743856;0.05515832482124618
568.5;0.044811320754716985;0.09867330016583749;0.03397147147147147
570.0;0.0175513698630137;0.018026004728132386;0.03871514694800301
571.5;0.01597712748065927;0.015663069961712496;0.019729288517465433
573.0;0.015095605501509561;0.019179429534916397;0.021384021384021387
574.5;0.01865038996269922;0.01606832657788072;0.03326226012793177
576.0;0.016638225255972697;0.015854570888502284;0.020086500873326123
577.5;0.015414729630535846;0.03528138528138528;0.06799474246282756
579.0;0.04990403071017274;0.015346012374896637;0.03511762700306853
580.5;0.07756813417190776;0.01495561232540024;0.062332545311268715
582.0;0.01850632726208763;0.015597920277296359;0.03527187197343541
583.5;0.019082371238858645;0.0370850622406639;0.051617709663686666
585.0;0.04393649957183321;0.0188212927756654;0.07031543372136687
586.5;0.01668394949817443;0.018242207460398566;0.055038445973290155
588.0;0.01874107841782935;0.04460242232754081;0.020429159318048208
589.5;0.01654091700522345;0.018026004728132386;0.0205230944915806
591.0;0.017094017094017096;0.04616540024739353;0.022843822843822848
592.5;0.016745540589734254;0.017934291168491913;0.053006952906601686
594.0;0.018026004728132386;0.016348533050547898;0.019492203118752497
595.5;0.017015706806282723;0.01756386861313869;0.018595825426944972
597.0;0.01775534628830588;0.017887070857162603;0.020052693208430915
598.5;0.018612132352941176;0.03542094455852156;0.036555267842693
600.0;0.04336751462564912;0.016293098349991132;0.09445224719101125
601.5;0.03266518188567186;0.015095605501509561;0.04335352459562005
603.0;0.03964465658976399;0.016348533050547898;0.0372911436486987
604.5;0.016095642571496944;0.016664843504300385;0.018991486574983625
606.0;0.03379065040650407;0.01665806179880234;0.03476946334089191
607.5;0.0185554688027144;0.06533036377134371;0.017373380447585393
609.0;0.09115720524017466;0.018323203432248837;0.019142066420664204
610.5;0.033476658476658476;0.0175513698630137;0.0177109440267335
612.0;0.01889821691242421;0.01842179442537598;0.050482315112540185
613.5;0.11586757990867581;0.017094017094017096;0.04161045531197302
615.0;0.057962529274004686;0.05687334004945507;0.03463203463203463
616.5;0.01611348299132351;0.018470790378006873;0.01992774510934317
618.0;0.0175586353585768;0.0882232252769799;0.019944341372912802
619.5;0.018371212121212118;0.018612132352941176;0.015517241379310345
621.0;0.05969267139479905;0.01713180436584692;0.0189328743545611
622.5;0.018323203432248837;0.017699115044247787;0.017391304347826087
624.0;0.018097324617982736;0.018026004728132386;0.019142066420664204
625.5;0.038385826771653545;0.01882395123700251;0.06558500914076783
627.0;0.015414729630535846;0.018323203432248837;0.049554781262098335
628.5;0.019082371238858645;0.018871433747959736;0.018779928396070348
630.0;0.05168287787555967;0.01822145094387539;0.01756386861313869
631.5;0.017094017094017096;0.018595825426944972;0.04426844996994603
633.0;0.015871286409530037;0.08574610244988864;0.01654091700522345
634.5;0.01749271137026239;0.018790849673202614;0.018532478954642544
636.0;0.016863406408094434;0.01549874155517287;0.019408502772643253
637.5;0.018086080586080584;0.019944341372912802;0.0188212927756654
639.0;0.03920012696397398;0.017215791035915702;0.04785894206549119
640.5;0.018010291595197254;0.08442702858352155;0.01834862385321101
642.0;0.020006613756613757;0.0161839863713799;0.04552251651354433
643.5;0.018120923157925527;0.052328064929517304;0.018197573656845753
645.0;0.08436578171091445;0.0664828431372549;0.01749271137026239
646.5;0.018937370139507272;0.015109552273918112;0.03241525423728814
648.0;0.01672535211267606;0.015280135823429542;0.019589314919135018
649.5;0.0161839863713799;0.019529006318207927;0.01997802607519525
651.0;0.0161839863713799;0.05121664050235479;0.01770244821092279
652.5;0.017368069472277887;0.039603960396039604;0.039603960396039604
654.0;0.01897923971725942;0.015861825872400422;0.017792037334111128
655.5;0.01654091700522345;0.016429426632965278;0.017094017094017096
657.0;0.019114380899500277;0.01769257756716558;0.019731800766283527
658.5;0.01834061135371179;0.05304329189884269;0.017771545130035694
660.0;0.01783664661861255;0.016664843504300385;0.016912071700949147
661.5;0.04054054054054054;0.020006613756613757;0.036165577342047936
663.0;0.015414729630535846;0.01639225298737321;0.0532795156407669
664.5;0.018487434139972954;0.01654091700522345;0.019527766042341455
666.0;0.015414729630535846;0.017825311942959002;0.01834061135371179
667.5;0.015033359741139864;0.017373380447585393;0.02041832669322709
669.0;0.0161839863713799;0.03476482617586912;0.01856510364258402
670.5;0.017623877982923447;0.016638225255972697;0.018323203432248837
672.0;0.014910112661872163;0.019731800766283527;0.0363872644574399
673.5;0.06430155210643015;0.03422426393819169;0.050211416490486264
675.0;0.017699115044247787;0.036415289256198344;0.041334743661785606
676.5;0.01702553830746119;0.10273189326556546;0.0175513698630137
678.0;0.05376344086021505;0.018323203432248837;0.043461829176114894
679.5;0.017094017094017096;0.0185181325793626;0.017197177899011443
681.0;0.05222437137330754;0.020618556701030927;0.0161839863713799
682.5;0.017094017094017096;0.058748728382502544;0.01812240047534165
684.0;0.03297872340425532;0.01815261570735545;0.045636553123800126
685.5;0.0438943894389439;0.0171321709761986;0.01612801998311728
687.0;0.01756386861313869;0.01834061135371179;0.05048076923076923
688.5;0.0161839863713799;0.015414729630535846;0.04536862003780718
690.0;0.016838000708968452;0.016348533050547898;0.04892400806993947
691.5;0.03982067510548524;0.0533675799086758;0.017260787992495308
693.0;0.01812240047534165;0.033366867873910126;0.04208416833667335
694.5;0.016335052812576762;0.017830478700043915;0.017971946230274694
696.0;0.018699545475974563;0.05336832895888013;0.018086080586080584
697.5;0.017824497257769654;0.05561797752808989;0.05969267139479905
699.0;0.017465753424657532;0.018026004728132386;0.06636838180462341
700.5;0.01814479438785993;0.017222129645059158;0.01594765689784196
702.0;0.03287716955941255;0.018851123112434306;0.01675356994726551
703.5;0.05230034722222222;0.01654091700522345;0.0334685598377282
705.0;0.03423626787057938;0.0726983133763759;0.015414729630535846
706.5;0.020006613756613757;0.017623877982923447;0.017094017094017096
708.0;0.0350922131147541;0.09925052754129374;0.017934291168491913
709.5;0.016838000708968452;0.017971946230274694;0.01702553830746119
711.0;0.05380434782608696;0.0334685598377282;0.016638225255972697
712.5;0.016891597736177624;0.10120481927710843;0.0425033467202142
714.0;0.018630440809537012;0.04374966075014927;0.041666666666666664
715.5;0.0180998016667689;0.01703197690454738;0.016043635035830027
717.0;0.016403046280023436;0.018991486574983625;0.016293098349991132
718.5;0.0175513698630137;0.03959639885712232;0.017094017094017096
720.0;0.01615855126908443;0.01667605114425137;0.014945495799148322
721.5;0.04107868489102327;0.043908400013391816;0.05925707547169811
723.0;0.018354055654233276;0.01886572605391963;0.016335052812576762
724.5;0.018010291595197254;0.019114380899500277;0.1512685914260717
726.0;0.07672379434037466;0.04208416833667335;0.016361807781758754
727.5;0.019114380899500277;0.01675203627508607;0.0838235294117647
729.0;0.017121863302370723;0.0170487948265726;0.10180412371134019
730.5;0.017578898314289815;0.05595393307257713;0.019082371238858645
732.0;0.017121863302370723;0.017699115044247787;0.09109884470826457
733.5;0.03167271527548663;0.01845342706502636;0.017094017094017096
735.0;0.03585049580472921;0.017847922818538867;0.018683274021352312
736.5;0.049669499527856466;0.016863406408094434;0.03599221789883269
738.0;0.018876611418047883;0.017754480892796753;0.0189328743545611
739.5;0.01834061135371179;0.017596390484003282;0.041445641108074804
741.0;0.01810699588477366;0.016348533050547898;0.01643908509274351
742.5;0.018851863779592196;0.05135440180586908;0.07756813417190776
744.0;0.019961612284069098;0.016838000708968452;0.01865038996269922
745.5;0.04360576310085427;0.017015706806282723;0.0482573726541555
747.0;0.01993917231644533;0.04813729593972374;0.01658516707416463
748.5;0.018540025550307152;0.016576012358144234;0.10076979050974684
750.0;0.016913946587537095;0.05618208382796091;0.0826771653543307
751.5;0.016948301533986635;0.018086080586080584;0.01702553830746119
753.0;0.016863406408094434;0.018185821224130337;0.01845342706502636
754.5;0.017004588798125428;0.019659185369908565;0.04892400806993947
756.0;0.018026004728132386;0.019731800766283527;0.015225395561747438
757.5;0.017699115044247787;0.0554726368159204;0.015414729630535846
759.0;0.05327214684756584;0.01810699588477366;0.019139945314441957
760.5;0.019473568644672562;0.018836565096952907;0.040424121935056324
762.0;0.019944341372912802;0.08011527377521614;0.05362144857943176
763.5;0.019192913385826772;0.10972396486825593;0.049521531100478466
765.0;0.01904761904761905;0.02041832669322709;0.018876611418047883
766.5;0.015399445716351367;0.018026101666570187;0.03674948240165632
768.0;0.01608187134502924;0.04122095296061034;0.019675925925925927
769.5;0.018696834582424188;0.05394088669950739;0.018832655731576244
771.0;0.018354055654233276;0.03443877551020408;0.045831643521161695
772.5;0.018354055654233276;0.01739488140436253;0.037137006701414746
774.0;0.03530751708428246;0.018470790378006873;0.037760416666666664
775.5;0.03977975973789589;0.018532729644693425;0.019139945314441957
777.0;0.01606832657788072;0.03185386473429951;0.01726263871763255
778.5;0.018937169700528483;0.0359114132409842;0.01983411467724486
780.0;0.030753138075313803;0.015597920277296359;0.031027253668763105
781.5;0.015329448677722997;0.01606832657788072;0.017971946230274694
783.0;0.015329448677722997;0.021949404761904764;0.01676981545879932
784.5;0.015112409009898865;0.01933984292839089;0.01726263871763255
786.0;0.0882232252769799;0.1628008605620546;0.019124891335844683
787.5;0.017623877982923447;0.020120810422323117;0.016298900949565986
789.0;0.018010291595197254;0.062143611404435056;0.03379065040650407
790.5;0.01879117923894043;0.018612132352941176;0.019673731176798662
792.0;0.018876611418047883;0.019877675840978597;0.017000589010237988
793.5;0.016838000708968452;0.03875291375291376;0.018010456796917998
795.0;0.015629124352259625;0.039603960396039604;0.018873812936149693
796.5;0.015629124352259625;0.01678424862821045;0.018836565096952907
798.0;0.03443877551020408;0.04959848842701937;0.03913393432066967
799.5;0.018683274021352312;0.01840000895820298;0.01939343350027824
801.0;0.01865038996269922;0.03674948240165632;0.017830478700043915
802.5;0.014945495799148322;0.019327580007191657;0.015911783468513623
804.0;0.038385826771653545;0.020625415834996677;0.058823529411764705
805.5;0.0175513698630137;0.020429159318048208;0.018026004728132386
807.0;0.018470790378006873;0.051527005657393675;0.01780160609014529
808.5;0.01865038996269922;0.015731292517006803;0.037285441830896375
810.0;0.017699115044247787;0.037422037422037424;0.018086080586080584
811.5;0.03718199608610568;0.01678424862821045;0.033445440956651716
813.0;0.019013666072489603;0.01845342706502636;0.044065898912348044
814.5;0.061692258477287265;0.019269640210214257;0.019066810239033064
816.0;0.01599998917950924;0.016638225255972697;0.018876611418047883
817.5;0.0488240235195296;0.018010456796917998;0.03189528023598819
819.0;0.04377104377104378;0.017729823897281782;0.017287443030017287
820.5;0.04857404300747293;0.03443877551020408;0.01654091700522345
822.0;0.019327580007191657;0.017773776536674248;0.017824497257769654
823.5;0.019327580007191657;0.07756813417190776;0.01814552172099398
825.0;0.01773141070098048;0.018683274021352312;0.0488240235195296
826.5;0.01597712748065927;0.01967799642218247;0.02335858585858586
828.0;0.017971946230274694;0.0161839863713799;0.034272042241900884
829.5;0.015731292517006803;0.03919631093544137;0.017951004358165597
831.0;0.018010291595197254;0.04301112257768605;0.03534031413612565
832.5;0.017699115044247787;0.03992582439732323;0.06302464121310587
834.0;0.09492273730684328;0.017391304347826087;0.05243902439024391
835.5;0.01749271137026239;0.03443877551020408;0.017959282598158023
837.0;0.017094017094017096;0.047242420852444345;0.032924107142857144
838.5;0.017094017094017096;0.01726263871763255;0.018216250338172965
840.0;0.04640718562874251;0.019675925925925927;0.047874824848201776
841.5;0.017847922818538867;0.019098466389565714;0.0678296067848882
843.0;0.015280135823429542;0.03920012696397398;0.020148812232638574
844.5;0.04425612052730697;0.01834862385321101;0.03639240506329114
846.0;0.015280135823429542;0.03189528023598819;0.01958628902515129
847.5;0.018354055654233276;0.01765330501725511;0.033366867873910126
849.0;0.017368069472277887;0.03736263736263736;0.01904761904761905
850.5;0.0188212927756654;0.0188212927756654;0.05004405503490515
852.0;0.017854807063440156;0.018287838955635814;0.02080873671782763
853.5;0.019345238095238096;0.01834862385321101;0.08741518081264472
855.0;0.01865038996269922;0.03878406708595388;0.03626604451518549
856.5;0.018371212121212118;0.033547008547008546;0.019142251771754222
858.0;0.017596390484003282;0.019679300291545188;0.01913885517853914
859.5;0.01690078896005718;0.033366867873910126;0.016022693925462194
861.0;0.017094017094017096;0.01834061135371179;0.01731640784414803
862.5;0.01654091700522345;0.020999704229517892;0.01995238481724968
864.0;0.04083665338645418;0.018415920540431393;0.03840445269016698
865.5;0.01771809624494277;0.017699115044247787;0.03565506522976676
867.0;0.015854570888502284;0.0188212927756654;0.02335858585858586
868.5;0.015414729630535846;0.05362144857943176;0.021569455812848203
870.0;0.08364534374253166;0.019602915305353106;0.03855918233613296
871.5;0.015831002263857863;0.04836043897924105;0.0525078369905956
873.0;0.017083111144968386;0.06319247616593661;0.053978268489309485
874.5;0.018010291595197254;0.01890359168241966;0.05558879667159922
876.0;0.017699115044247787;0.03530751708428246;0.02033270204811603
877.5;0.018354055654233276;0.018991486574983625;0.0188212927756654
879.0;0.01597712748065927;0.01681122782548054;0.01765330501725511
880.5;0.0161839863713799;0.017699115044247787;0.03370786516853933
882.0;0.07061592781482934;0.020382509968236803;0.018091368609635936
883.5;0.017754480892796753;0.019865614957639496;0.0330003714863582
885.0;0.018937169700528483;0.018741633199464522;0.035333536399634484
886.5;0.019731800766283527;0.03528138528138528;0.020170703238984535
888.0;0.017959282598158023;0.0203714476547519;0.044529343778091694
889.5;0.041666666666666664;0.018834264955509186;0.017995570321151715
891.0;0.018683274021352312;0.018195147960543855;0.05121664050235479
892.5;0.0170487948265726;0.03555126968820316;0.05966277561608301
894.0;0.0189328743545611;0.017824497257769654;0.19735819735819726
895.5;0.05280246069719753;0.03383297644539615;0.01939484377898056
897.0;0.01549874155517287;0.07039473684210525;0.02114561027837259
898.5;0.01756386861313869;0.03423626787057938;0.020540075895758642
900.0;0.019511066553559036;0.05408970976253298;0.034246580380617064
901.5;0.0188212927756654;0.041901692183722805;0.021577380952380952
903.0;0.01709768189736031;0.04468816500245539;0.038325037870590786
904.5;0.016838000708968452;0.01904761904761905;0.05490086600822223
906.0;0.10213719683022492;0.03612385321100917;0.03510298810559907
907.5;0.016348533050547898;0.038618036546570984;0.018976071229827488
909.0;0.017634583975364486;0.01935873176398844;0.03689064558629775
910.5;0.01783664661861255;0.020212060967528162;0.051141719912014244
912.0;0.015280135823429542;0.018729678541185898;0.03287716955941255
913.5;0.0175513698630137;0.03846660085554459;0.022234273318872018
915.0;0.05281007751937984;0.04890257989988449;0.0959199754485207
916.5;0.032151143520053035;0.019153974145654677;0.05015723270440251
918.0;0.020441762121771977;0.019276956137024393;0.019738440359543283
919.5;0.05394088669950739;0.03878406708595388;0.03766519823788547
921.0;0.018231341928454693;0.033366867873910126;0.049663299663299666
922.5;0.019263204616067467;0.01982772353838101;0.15603566529492455
924.0;0.015517241379310345;0.02000645369474024;0.033950617283950615
925.5;0.016740894840165256;0.03585049580472921;0.10572562358276642
927.0;0.018026004728132386;0.019421852221284435;0.02177154786758127
928.5;0.017596390484003282;0.034110097939885176;0.036786773154337205
930.0;0.01779592331824472;0.01929409926362873;0.018522725163695734
931.5;0.017910447761194027;0.019877181641887523;0.02080873671782763
933.0;0.019961612284069098;0.03297872340425532;0.05555555555555555
934.5;0.01730418943533698;0.018147448015122872;0.04212733090588106
936.0;0.015414729630535846;0.018620022569724327;0.05257936507936508
937.5;0.016217853406024562;0.018325444682184614;0.018026730413995436
939.0;0.01834862385321101;0.020006613756613757;0.07304526748971192
940.5;0.01896734857158622;0.03476482617586912;0.019641043007111413
942.0;0.05703517587939698;0.01705018909044292;0.07935314752708067
943.5;0.02231237322515213;0.019139945314441957;0.018846829579939307
945.0;0.019269640210214257;0.08933406990418931;0.021966527196652718
946.5;0.01537736404878336;0.01822250639386189;0.019731800766283527
948.0;0.01702553830746119;0.017824497257769654;0.020382509968236803
949.5;0.017699115044247787;0.017910447761194027;0.021505376344086023
951.0;0.018470790378006873;0.06533036377134371;0.018560882150815305
952.5;0.017699115044247787;0.01834061135371179;0.03450226244343891
954.0;0.015280135823429542;0.017971946230274694;0.018866351764378994
955.5;0.016638225255972697;0.017462905276233176;0.08006386861313869
957.0;0.016638225255972697;0.01772804601347754;0.08455577082756713
958.5;0.01865038996269922;0.0188212927756654;0.050482315112540185
960.0;0.017699115044247787;0.05061362674566229;0.023529411764705882
961.5;0.0161839863713799;0.018283166109253065;0.05884955752212391
963.0;0.017094017094017096;0.017824497257769654;0.06748120300751878
964.5;0.0161839863713799;0.08436558876033959;0.041476458208363404
966.0;0.016863406408094434;0.015095605501509561;0.03741762662772929
967.5;0.016745540589734254;0.0562645011600928;0.044053947627485726
969.0;0.016745540589734254;0.047732687227525404;0.050954328561690514
970.5;0.016745540589734254;0.07593253648204126;0.04878917378917379
972.0;0.018937169700528483;0.01865038996269922;0.020162723985374033
973.5;0.01594765689784196;0.04946808510638298;0.04315697963238948
975.0;0.01594765689784196;0.019139945314441957;0.019740020601453037
976.5;0.015854570888502284;0.052068126520681254;0.052043546874642646
978.0;0.015001087035292413;0.017373380447585393;0.03564698492462312
979.5;0.015809071886378992;0.0334685598377282;0.03645799528640666
981.0;0.015809071886378992;0.01710322537202882;0.03624436000949894
982.5;0.07771195869669424;0.019013666072489603;0.021254580241306532
984.0;0.015724726735506497;0.04334677419354839;0.02145533156331658
985.5;0.015724726735506497;0.018848906360245943;0.018505733308876674
987.0;0.015095605501509561;0.017094017094017096;0.018612132352941176
988.5;0.015809071886378992;0.038441422594142266;0.02118005062745732
990.0;0.018332165356039182;0.08481797056545312;0.02080873671782763
991.5;0.07554733113661864;0.057535046728971966;0.020949280688858554
993.0;0.016638225255972697;0.01783664661861255;0.0799373040752351
994.5;0.016638225255972697;0.015001087035292413;0.01890359168241966
996.0;0.016638225255972697;0.036415289256198344;0.017596390484003282
997.5;0.017754480892796753;0.017215791035915702;0.04283216783216783
999.0;0.017094017094017096;0.01608187134502924;0.04267689262741217
1000.5;0.017094017094017096;0.0391281512605042;0.021686422413793104
1002.0;0.01865038996269922;0.01678765880217786;0.021245580298988896
1003.5;0.015871286409530037;0.0170487948265726;0.09854437392968671
1005.0;0.08216097234185091;0.01597712748065927;0.056451612903225805
1006.5;0.08216097234185091;0.0175513698630137;0.042130672674605726
1008.0;0.08215271463641584;0.015731292517006803;0.018627542878485958
1009.5;0.01865038996269922;0.08747300215982722;0.021069236753392687
1011.0;0.0175513698630137;0.04875717017208413;0.03589420654911838
1012.5;0.014945495799148322;0.05292479108635098;0.05515813253012048
1014.0;0.016863406408094434;0.018846829579939307;0.040012845215157355
1015.5;0.016863406408094434;0.03871546153229184;0.03450226244343891
1017.0;0.06973170529113713;0.03614267676767677;0.032135306553911204
1018.5;0.01663225731761437;0.018452175157071496;0.02268931926243767
1020.0;0.0175513698630137;0.018086080586080584;0.02075739165654111
1021.5;0.01865038996269922;0.017509906921021105;0.06206549416711079
1023.0;0.01865038996269922;0.03411405295315682;0.018571496800076418
1024.5;0.016863406408094434;0.018197573656845753;0.01704171558598348
1026.0;0.08508990794115118;0.018696455568620863;0.040266060999351067
1027.5;0.016676298192025096;0.01811216999012306;0.03423180592991914
1029.0;0.036415289256198344;0.018876611418047883;0.05008873385214767
1030.5;0.015414729630535846;0.01675356994726551;0.020566189527799306
1032.0;0.018542690508967015;0.017824497257769654;0.03277439024390244
1033.5;0.015780090522922573;0.01783664661861255;0.04000929187780564
1035.0;0.01575021052093929;0.018544683857294242;0.05302031126351887
1036.5;0.01845342706502636;0.047602639602389;0.040021036024191436
1038.0;0.05231388329979879;0.018470790378006873;0.028109456973495945
1039.5;0.016807551075732556;0.0161839863713799;0.02267979020406842
1041.0;0.016807551075732556;0.01966695763110186;0.018620022569724327
1042.5;0.016807551075732556;0.01917307336593347;0.03375776578314857
1044.0;0.016713577195494413;0.01702444869652382;0.036325966850828735
1045.5;0.016619030091182988;0.03798297314996725;0.034688346883468835
1047.0;0.018321105561060706;0.0189328743545611;0.020961555100510485
1048.5;0.018321105561060706;0.03297872340425532;0.03692537951678426
1050.0;0.018321105561060706;0.018216756341275942;0.021330517423442448
1051.5;0.014864961955959745;0.019142066420664204;0.04146070928743709
1053.0;0.014864961955959745;0.015139193690331638;0.025624461670973295
1054.5;0.0161839863713799;0.031578947368421054;0.032840076569911565
1056.0;0.0161839863713799;0.017191380277176958;0.03491847826086956
1057.5;0.016863406408094434;0.03476482617586912;0.020094753485985245
1059.0;0.015809071886378992;0.017019391672408703;0.01941684776984373
1060.5;0.04334677419354839;0.03241525423728814;0.020178739416745063
1062.0;0.04334677419354839;0.016779784268573506;0.06844565219567975
1063.5;0.0161839863713799;0.018026004728132386;0.044402985074626866
1065.0;0.0161839863713799;0.017094017094017096;0.09125683060109288
1066.5;0.0161839863713799;0.04536862003780718;0.03993780541981341
1068.0;0.016745540589734254;0.017121863302370723;0.0191073083273124
1069.5;0.016745540589734254;0.0188212927756654;0.02434666071029707
1071.0;0.0189328743545611;0.04135002235136344;0.08234126984126988
1072.5;0.0189328743545611;0.019521001722538754;0.04048370136698213
1074.0;0.0425033467202142;0.03476946334089191;0.03873936809342536
1075.5;0.0425033467202142;0.015414729630535846;0.05735107731305449
1077.0;0.0161839863713799;0.017260787992495308;0.04062000639181846
1078.5;0.016745540589734254;0.019263204616067467;0.04850889389653354
1080.0;0.04990403071017274;0.018086080586080584;0.02835299057533289
1081.5;0.04990403071017274;0.03612385321100917;0.07217197921318357
1083.0;0.01850632726208763;0.018685699955876794;0.03737079247283329
1084.5;0.01850632726208763;0.01781380572794012;0.022162324049116503
1086.0;0.043703007518796994;0.018876611418047883;0.03961496918482749
1087.5;0.018470790378006873;0.01952546389809054;0.02597774377231608
1089.0;0.016638225255972697;0.01672411523332045;0.03985803985803986
1090.5;0.01606832657788072;0.017410714285714286;0.05228028385688054
1092.0;0.017015706806282723;0.01958413926499033;0.06974961616004614
1093.5;0.016830578931359627;0.019274809160305342;0.022990232907588278
1095.0;0.017699115044247787;0.019332161687170474;0.03664340101522842
1096.5;0.017754480892796753;0.019598155467720684;0.021686422413793104
1098.0;0.0161839863713799;0.060247292710522066;0.0500720461095101
1099.5;0.018026004728132386;0.0370850622406639;0.05586766541822721
1101.0;0.01942319011183049;0.018086080586080584;0.05016552075375604
1102.5;0.0161839863713799;0.018391927083333332;0.053639846743295014
1104.0;0.0189328743545611;0.01770244821092279;0.03442928039702233
1105.5;0.015095605501509561;0.019071369196057474;0.021505376344086023
1107.0;0.01822145094387539;0.01904761904761905;0.039635316698656435
1108.5;0.0153103221203973;0.02036845857821142;0.035616438356164376
1110.0;0.018010291595197254;0.016335052812576762;0.07646810308407267
1111.5;0.01865038996269922;0.016700702455922763;0.033445440956651716
1113.0;0.04208416833667335;0.04455445544554455;0.022781561292945722
1114.5;0.01749271137026239;0.01702553830746119;0.05062861026163779
1116.0;0.017699115044247787;0.015414729630535846;0.022126120459191694
1117.5;0.01597712748065927;0.01672535211267606;0.049748743718592975
1119.0;0.01865038996269922;0.07692307692307693;0.027943051423714404
1120.5;0.01597712748065927;0.01783664661861255;0.02046330701625862
1122.0;0.05969267139479905;0.01672535211267606;0.03072899640405361
1123.5;0.01726263871763255;0.01749271137026239;0.04235032395725582
1125.0;0.015033359741139864;0.07362507392075694;0.10379464285714288
1126.5;0.015783713313901306;0.017094017094017096;0.05886016817190907
1128.0;0.015752650514276798;0.018010291595197254;0.03630239520958083
1129.5;0.015871286409530037;0.01749271137026239;0.04027768931915165
1131.0;0.01597712748065927;0.018010291595197254;0.03442928039702233
1132.5;0.01597712748065927;0.07303592577970786;0.054403757988143404
1134.0;0.01749271137026239;0.016745540589734254;0.056006493506493504
1135.5;0.0370850622406639;0.015809071886378992;0.15692368103665882
1137.0;0.05339805825242719;0.03758169934640523;0.020897640588965764
1138.5;0.016676298192025096;0.016863406408094434;0.04570637119113574
1140.0;0.017934291168491913;0.06859415127164278;0.0356286399451867
1141.5;0.036783854166666664;0.06859415127164278;0.01973080180059723
1143.0;0.01850632726208763;0.0170487948265726;0.09730470534490634
1144.5;0.01597712748065927;0.08293195010497714;0.0158024113309142
1146.0;0.01836806645203033;0.015069294547215105;0.055900621118012424
1147.5;0.01865038996269922;0.017534382187836362;0.019731800766283527
1149.0;0.014945495799148322;0.01865038996269922;0.017522464698331193
1150.5;0.07061503416856492;0.04425612052730697;0.047619047619047616
1152.0;0.08019850508516115;0.0175513698630137;0.03185386473429951
1153.5;0.01597712748065927;0.017094017094017096;0.03642142052638349
1155.0;0.047619047619047616;0.015871286409530037;0.057534898477157356
1156.5;0.047619047619047616;0.07425742574257424;0.11586757990867581
1158.0;0.016676298192025096;0.06973170529113713;0.052052785923753675
1159.5;0.015769487034319674;0.016676298192025096;0.04047853162897411
1161.0;0.015711796950363736;0.018470790378006873;0.056249999999999994
1162.5;0.051640926640926635;0.07905457014342697;0.032924107142857144
1164.0;0.018010291595197254;0.045928030303030304;0.03911045730267698
1165.5;0.016863406408094434;0.08144892908951275;0.017911547364569135
1167.0;0.015280135823429542;0.018010291595197254;0.04562798092209857
1168.5;0.01612259159428971;0.08302956662616444;0.016420118343195265
1170.0;0.017699115044247787;0.08386752136752137;0.08011298509906663
1171.5;0.043703007518796994;0.016676298192025096;0.03496019025953882
1173.0;0.018354055654233276;0.01830736743700201;0.017974094018337945
1174.5;0.016335052812576762;0.0815499194163898;0.05502476999292288
1176.0;0.01654091700522345;0.0815499194163898;0.04815864022662889
1177.5;0.04334677419354839;0.04208416833667335;0.019408502772643253
1179.0;0.035598705501618116;0.05478980013783597;0.016217853406024562
1180.5;0.018026004728132386;0.01597712748065927;0.03476946334089191
1182.0;0.016838000708968452;0.017754480892796753;0.03750637780132659
1183.5;0.017773776536674248;0.017094017094017096;0.0365806864208058
1185.0;0.0161839863713799;0.016638225255972697;0.019098466389565714
1186.5;0.018185821224130337;0.07786711807024968;0.040424121935056324
1188.0;0.0339469409853817;0.0363872644574399;0.020776495278069258
1189.5;0.016677272208523396;0.0189328743545611;0.01733025239957341
1191.0;0.01842968400124991;0.0175513698630137;0.021078829744006503
1192.5;0.01834862385321101;0.01597712748065927;0.05408970976253298
1194.0;0.018683274021352312;0.016745540589734254;0.017327636984513985
1195.5;0.017934291168491913;0.01756386861313869;0.09340208325157003
1197.0;0.01654091700522345;0.01756386861313869;0.019767938730565694
1198.5;0.01775534628830588;0.016293098349991132;0.03423626787057938
1200.0;0.017699115044247787;0.01512779241718377;0.02010460797277834
1201.5;0.017094017094017096;0.045928030303030304;0.03379065040650407
1203.0;0.015414729630535846;0.017094017094017096;0.07351576994434136
1204.5;0.015154962909024714;0.017094017094017096;0.020592317484155895
1206.0;0.015831002263857863;0.015225395561747438;0.05432098765432099
1207.5;0.017094017094017096;0.01771809624494277;0.032696390658174104
1209.0;0.04640718562874251;0.01848360454802751;0.01749271137026239
1210.5;0.018683274021352312;0.01490398320124353;0.018086080586080584
1212.0;0.017825311942959002;0.015095605501509561;0.019138359569179784
1213.5;0.03542094455852156;0.015095605501509561;0.019274809160305342
1215.0;0.01874107841782935;0.015095605501509561;0.019598155467720684
1216.5;0.018387370467510947;0.014945495799148322;0.01896516313623841
1218.0;0.018387370467510947;0.01663225731761437;0.018026004728132386
1219.5;0.015731292517006803;0.07818003821984446;0.01672535211267606
1221.0;0.01672535211267606;0.014870091759449306;0.03674948240165632
1222.5;0.017094017094017096;0.017427438387099873;0.01675356994726551
1224.0;0.017094017094017096;0.018277260861902424;0.0494269340974212
1225.5;0.016638225255972697;0.015095605501509561;0.060172384497752515
1227.0;0.016863406408094434;0.016676298192025096;0.04175913964247464
1228.5;0.01654091700522345;0.016676298192025096;0.034408602150537634
1230.0;0.015861825872400422;0.017754480892796753;0.032924107142857144
1231.5;0.08747300215982722;0.019675925925925927;0.01835586382617312
1233.0;0.035751028806584366;0.016293098349991132;0.018595825426944972
1234.5;0.050912176495545185;0.01810895810084204;0.043640897755610975
1236.0;0.017580992631420062;0.01676764541378836;0.018588891714122598
1237.5;0.03383297644539615;0.016608795492017596;0.03189528023598819
1239.0;0.018197573656845753;0.018279876776162617;0.02041832669322709
1240.5;0.01672535211267606;0.06753031896876757;0.05630026809651474
1242.0;0.017824497257769654;0.017754480892796753;0.01974910703721824
1243.5;0.01950286806883365;0.018026004728132386;0.018595825426944972
1245.0;0.017015706806282723;0.018354055654233276;0.019263204616067467
1246.5;0.01950286806883365;0.01597712748065927;0.018832655731576244
1248.0;0.019598155467720684;0.017547197908565945;0.0383480825958702
1249.5;0.018595825426944972;0.017825311942959002;0.019740346273098328
1251.0;0.03367017635361998;0.015245106155354892;0.020212060967528162
1252.5;0.0370850622406639;0.01733025239957341;0.05592483472262144
1254.0;0.016043635035830027;0.01899906881283138;0.04155567394778903
1255.5;0.01749271137026239;0.04208416833667335;0.021868250539956804
1257.0;0.019408502772643253;0.07905457014342697;0.022296960637767812
1258.5;0.017439620117133743;0.017699115044247787;0.01945305237062287
1260.0;0.02044837483515631;0.016638225255972697;0.0162748643761302
1261.5;0.04517528622215697;0.017824497257769654;0.0500720461095101
1263.0;0.04115502686108979;0.0161839863713799;0.019634378244688916
1264.5;0.019114380899500277;0.016638225255972697;0.035977859778597784
1266.0;0.0470532319391635;0.01845342706502636;0.02034425929316975
1267.5;0.017206835592221567;0.019626168224299065;0.05416666666666667
1269.0;0.04691624670026398;0.04052162053080595;0.01734483243091355
1270.5;0.035751028806584366;0.01882395123700251;0.03318419090231171
1272.0;0.03476482617586912;0.01687639577956378;0.018866351764378994
1273.5;0.01756386861313869;0.03718199608610568;0.032151143520053035
1275.0;0.019274809160305342;0.05214723926380367;0.0196078431372549
1276.5;0.04152376907513257;0.037422037422037424;0.019525198770481787
1278.0;0.018876611418047883;0.0175513698630137;0.024052132701421803
1279.5;0.018143754361479414;0.07756813417190776;0.02132510729613734
1281.0;0.04360576310085427;0.0170487948265726;0.0220508658008658
1282.5;0.015307820136900158;0.08954302181967888;0.020177062639230466
1284.0;0.015813977881664547;0.0170487948265726;0.021891604675876728
1285.5;0.015280135823429542;0.01702553830746119;0.018595825426944972
1287.0;0.01874107841782935;0.018354055654233276;0.041703674878281353
1288.5;0.019944341372912802;0.0189328743545611;0.01963902485106848
1290.0;0.0532795156407669;0.017215791035915702;0.020618556701030927
1291.5;0.017987706243934;0.01845342706502636;0.020181722872619257
1293.0;0.0161839863713799;0.09207534913933095;0.04160136249803515
1294.5;0.016335052812576762;0.018595825426944972;0.018846829579939307
1296.0;0.016650623542749578;0.016403046280023436;0.02041578667586167
1297.5;0.03383297644539615;0.018683274021352312;0.018163597644995613
1299.0;0.01834061135371179;0.01654091700522345;0.01950286806883365
1300.5;0.016638225255972697;0.0425033467202142;0.019731800766283527
1302.0;0.01576182136602452;0.08248587570621468;0.023179642227261273
1303.5;0.03736263736263736;0.036415289256198344;0.03494828825839279
1305.0;0.01813557316928901;0.018020513790726903;0.019079345850999394
1306.5;0.0350922131147541;0.01597712748065927;0.02247191011235955
1308.0;0.01979461722827992;0.017134997433140575;0.020024461330280005
1309.5;0.01814422404842926;0.016197995277149012;0.018395573997233752
1311.0;0.017824497257769654;0.08893709327548807;0.019598155467720684
1312.5;0.016604605213162094;0.05280246069719753;0.020470744240013265
1314.0;0.018047156089719053;0.01819154628143392;0.018630440809537012
1315.5;0.01756386861313869;0.03878406708595388;0.03191646630372945
1317.0;0.0506402217675401;0.042185338865836794;0.020625415834996677
1318.5;0.018012117242508598;0.017206835592221567;0.022054956952105995
1320.0;0.0161839863713799;0.017015706806282723;0.021065579705121632
1321.5;0.016403046280023436;0.01612259159428971;0.019138359569179784
1323.0;0.03608247422680412;0.0161839863713799;0.03542094455852156
1324.5;0.01645021645021645;0.017094017094017096;0.015302583076023234
1326.0;0.019408502772643253;0.015871286409530037;0.019395134779750165
1327.5;0.018041485106324483;0.043703007518796994;0.0201261083047794
1329.0;0.033547008547008546;0.044811320754716985;0.03795229988076011
1330.5;0.01790674218325704;0.08887817422050787;0.018558172733761598
1332.0;0.035751028806584366;0.017015706806282723;0.0370850622406639
1333.5;0.03718199608610568;0.017847922818538867;0.0527171621865778
1335.0;0.01904761904761905;0.018470790378006873;0.019961612284069098
1336.5;0.01672535211267606;0.01645021645021645;0.01929824561403509
1338.0;0.017094017094017096;0.0175513698630137;0.016285076905013504
1339.5;0.019026175063326767;0.045928030303030304;0.033547008547008546
1341.0;0.02390033053648614;0.018185821224130337;0.015446744068652195
1342.5;0.015639890128370425;0.01950286806883365;0.01749271137026239
1344.0;0.05988805970149254;0.01717650438029585;0.017699115044247787
1345.5;0.018354055654233276;0.07620041753653445;0.03130252100840336
1347.0;0.017699115044247787;0.017356740642596888;0.07620041753653445
1348.5;0.01810699588477366;0.016403046280023436;0.017094017094017096
1350.0;0.018026004728132386;0.017391304347826087;0.017094017094017096
1351.5;0.05819060166886253;0.06176900584795322;0.07007575757575758
1353.0;0.017699115044247787;0.016897746967071057;0.016863406408094434
1354.5;0.017373380447585393;0.018026004728132386;0.048187022900763356
1356.0;0.018026004728132386;0.01749271137026239;0.01865038996269922
1357.5;0.01967799642218247;0.03297872340425532;0.017121863302370723
1359.0;0.01810699588477366;0.0664828431372549;0.015898024165091146
1360.5;0.017154737992035804;0.0170487948265726;0.017754480892796753
1362.0;0.015752310727535135;0.018010291595197254;0.031578947368421054
1363.5;0.015095605501509561;0.0161839863713799;0.04595434023886523
1365.0;0.037422037422037424;0.015154962909024714;0.017094017094017096
1366.5;0.01897923971725942;0.016863406408094434;0.015809071886378992
1368.0;0.050726598129396304;0.01810699588477366;0.06533036377134371
1369.5;0.06689088191330343;0.017094017094017096;0.01713180436584692
1371.0;0.020833333333333332;0.015001087035292413;0.051059730250481696
1372.5;0.01594765689784196;0.0175513698630137;0.01865038996269922
1374.0;0.015280135823429542;0.015225395561747438;0.016745540589734254
1375.5;0.01645021645021645;0.03758169934640523;0.07548669050456894
1377.0;0.017754480892796753;0.01845342706502636;0.015871286409530037
1378.5;0.01672535211267606;0.03443877551020408;0.0175513698630137
1380.0;0.018354055654233276;0.03557483731019522;0.015414729630535846
1381.5;0.01871401151631478;0.01761006289308176;0.016638225255972697
1383.0;0.0425033467202142;0.01983411467724486;0.09940119760479041
1384.5;0.016335052812576762;0.016468992979866464;0.01865038996269922
1386.0;0.041250831669993354;0.0175513698630137;0.040424121935056324
1387.5;0.018683274021352312;0.07551140668406431;0.0161839863713799
1389.0;0.019801980198019802;0.01663225731761437;0.015095605501509561
1390.5;0.016671538220042654;0.055731346330509336;0.02019230769230769
1392.0;0.036783854166666664;0.018086080586080584;0.019071369196057474
1393.5;0.04208416833667335;0.018185821224130337;0.07115677321156774
1395.0;0.01995528228060369;0.017094017094017096;0.019139945314441957
1396.5;0.016287925022952697;0.018010291595197254;0.018612132352941176
1398.0;0.019276956137024393;0.016638225255972697;0.01780160609014529
1399.5;0.01904761904761905;0.018612132352941176;0.07828213441776118
1401.0;0.04160206718346253;0.015517241379310345;0.07120282015437913
1402.5;0.04049971767363072;0.017830478700043915;0.017754480892796753
1404.0;0.0188212927756654;0.017460979111666896;0.016863406408094434
1405.5;0.018773763176467912;0.07526054508991684;0.018010291595197254
1407.0;0.03758169934640523;0.019348712985669377;0.09087154068566708
1408.5;0.03443877551020408;0.01890359168241966;0.017094017094017096
1410.0;0.01834061135371179;0.03871514694800301;0.015095605501509561
1411.5;0.0189328743545611;0.035869565217391305;0.0161839863713799
1413.0;0.019944341372912802;0.018790849673202614;0.015280135823429542
1414.5;0.03878406708595388;0.0170487948265726;0.05358531653445326
1416.0;0.01836395435418795;0.018612132352941176;0.016638225255972697
1417.5;0.05346127484578478;0.04845605700712589;0.017623877982923447
1419.0;0.01775534628830588;0.019209659714599342;0.016638225255972697
1420.5;0.019345238095238096;0.020322526173590004;0.015001087035292413
1422.0;0.017971946230274694;0.06416464891041163;0.015095605501509561
1423.5;0.0552187093980078;0.03515625;0.03476482617586912
1425.0;0.03503787878787879;0.02041832669322709;0.017121863302370723
1426.5;0.01702553830746119;0.10636411983690834;0.018413173652694608
1428.0;0.018470790378006873;0.03263403263403263;0.020213754646840148
1429.5;0.016638225255972697;0.02018776437242203;0.01834862385321101
1431.0;0.08730412535976975;0.019990521406842723;0.018354055654233276
1432.5;0.016835957338750634;0.032392026578073094;0.017699115044247787
1434.0;0.033366867873910126;0.040748898678414094;0.015280135823429542
1435.5;0.019244563331555206;0.03529854447808165;0.018010291595197254
1437.0;0.017373380447585393;0.020618556701030927;0.050211416490486264
1438.5;0.019395134779750165;0.01870102035840401;0.03608247422680412
1440.0;0.018664807115414978;0.019589314919135018;0.018612132352941176
1441.5;0.050902061855670096;0.06420863309352517;0.0532795156407669
1443.0;0.037760416666666664;0.017206835592221567;0.018013340229591664
1444.5;0.017373380447585393;0.018026004728132386;0.05445326278659612
1446.0;0.01654091700522345;0.019524316648917288;0.03683013965573238
1447.5;0.01810699588477366;0.0188212927756654;0.10350308919680883
1449.0;0.03469827586206897;0.05380434782608696;0.05060240963855422
1450.5;0.017267454473693152;0.01861305152546421;0.017824497257769654
1452.0;0.017015706806282723;0.016420118343195265;0.016217853406024562
1453.5;0.01834061135371179;0.019598155467720684;0.017971946230274694
1455.0;0.017824497257769654;0.018599688194852658;0.0562645011600928
1456.5;0.019192913385826772;0.03412017167381975;0.05129619415333701
1458.0;0.018558172733761598;0.07797276238227523;0.0482897384305835
1459.5;0.01730418943533698;0.01799061392669888;0.018325444682184614
1461.0;0.038003142098705235;0.05592691622103387;0.1214511041009464
1462.5;0.019731800766283527;0.017977213298468436;0.01897923971725942
1464.0;0.16148955495004544;0.03326226012793177;0.015861825872400422
1465.5;0.017854807063440156;0.036992708992242905;0.018354055654233276
1467.0;0.016335052812576762;0.019961612284069098;0.019274809160305342
1468.5;0.01834862385321101;0.0188212927756654;0.05230034722222222
1470.0;0.015446744068652195;0.019961612284069098;0.017824497257769654
1471.5;0.03423626787057938;0.019142066420664204;0.03736263736263736
1473.0;0.08185214371187578;0.0162748643761302;0.03503787878787879
1474.5;0.015791096363576857;0.01949374454466104;0.018371212121212118
1476.0;0.016638225255972697;0.04438245831303255;0.020192168761739633
1477.5;0.08144892908951275;0.018902169101372285;0.01819154628143392
1479.0;0.01834061135371179;0.017410714285714286;0.018816236238296122
1480.5;0.016863406408094434;0.04998311381290104;0.035869565217391305
1482.0;0.038441422594142266;0.058550924763578545;0.036665513663092356
1483.5;0.01874107841782935;0.040742157612853866;0.03164091243561443
1485.0;0.022603485838779955;0.020639200083760863;0.04545120472334849
1486.5;0.017373380447585393;0.018612132352941176;0.017543859649122806
1488.0;0.0161839863713799;0.03038573508005822;0.03412017167381975
1489.5;0.017699115044247787;0.03811355769631762;0.02047341459106165
1491.0;0.0170487948265726;0.01838318685239858;0.04801983168724536
1492.5;0.016897746967071057;0.048886088429842156;0.04958973441374198
1494.0;0.017824497257769654;0.05405268490374873;0.08787465940054497
1495.5;0.0170487948265726;0.01730418943533698;0.021589793915603533
1497.0;0.018010291595197254;0.03412017167381975;0.019114380899500277
1498.5;0.09087154068566708;0.0170487948265726;0.01862097440132122
1500.0;0.019139945314441957;0.03476946334089191;0.0173841059602649
1501.5;0.04691200982542328;0.01884580703336339;0.018189176666019376
1503.0;0.018624934405591875;0.016822429906542057;0.045888946772773824
1504.5;0.0161839863713799;0.019292604501607715;0.04111405835543767
1506.0;0.018354055654233276;0.03412017167381975;0.03972420481957673
1507.5;0.017754480892796753;0.04840290235347666;0.041797611565053426
1509.0;0.017754480892796753;0.01834862385321101;0.1311623558741041
1510.5;0.017754480892796753;0.019961612284069098;0.034408602150537634
1512.0;0.017094017094017096;0.01911835170100623;0.06713389893028401
1513.5;0.017094017094017096;0.038658252978971734;0.04611450255733378
1515.0;0.015001087035292413;0.01958413926499033;0.04103065883887801
1516.5;0.047619047619047616;0.01811791143327217;0.03509265775275627
1518.0;0.04875717017208413;0.01675356994726551;0.034562751898022305
1519.5;0.0175513698630137;0.032135306553911204;0.05072463768115942
1521.0;0.01597712748065927;0.018595825426944972;0.02149602229030347
1522.5;0.018143754361479414;0.022603485838779955;0.019839679358717437
1524.0;0.0554726368159204;0.017824497257769654;0.03939724830749071
1525.5;0.015370218739033806;0.035751028806584366;0.037285441830896375
1527.0;0.016913979694298784;0.01756386861313869;0.08292623351245726
1528.5;0.017373380447585393;0.01810699588477366;0.034499650104968506
1530.0;0.015280135823429542;0.04752931323283083;0.019805455274769356
1531.5;0.016745540589734254;0.018086080586080584;0.03515625
1533.0;0.01834862385321101;0.03699352974433067;0.0185263104283831
1534.5;0.019082371238858645;0.018991486574983625;0.036740662966851655
1536.0;0.018686830269800576;0.03164091243561443;0.03511762700306853
1537.5;0.017094017094017096;0.020999704229517892;0.06695331695331695
1539.0;0.06227106227106227;0.05072463768115942;0.04085783771832855
1540.5;0.015963095712199653;0.020734115460564525;0.018650281503095598
1542.0;0.015280135823429542;0.01950286806883365;0.018076978710534278
1543.5;0.015414729630535846;0.01995528228060369;0.036165577342047936
1545.0;0.01658516707416463;0.01929824561403509;0.018612132352941176
1546.5;0.01589617555803519;0.019738440359543283;0.01765330501725511
1548.0;0.017699115044247787;0.01661320482782578;0.0180062630480167
1549.5;0.035751028806584366;0.019274809160305342;0.057808198244113505
1551.0;0.01810895810084204;0.020827211284161037;0.018595825426944972
1552.5;0.018527158679798934;0.019686146577422802;0.037760416666666664
1554.0;0.04668710627081449;0.017824497257769654;0.037432915921288015
1555.5;0.038100208768267224;0.019598155467720684;0.05060240963855422
1557.0;0.01537736404878336;0.019961612284069098;0.06209456819069948
1558.5;0.05084745762711864;0.01841406643653784;0.03792134831460674
1560.0;0.016429426632965278;0.01929824561403509;0.05223585278986942
1561.5;0.01783664661861255;0.038877433585882804;0.018939240677051723
1563.0;0.017825311942959002;0.05969267139479905;0.015861825872400422
1564.5;0.04334677419354839;0.01845342706502636;0.036415289256198344
1566.0;0.01702553830746119;0.019269640210214257;0.06370772946859903
1567.5;0.015069294547215105;0.016448125143777317;0.039786241621104015
1569.0;0.018612132352941176;0.01756386861313869;0.020833333333333332
1570.5;0.015414729630535846;0.01903942166816;0.03072899640405361
1572.0;0.0189328743545611;0.01834862385321101;0.0203714476547519
1573.5;0.01612259159428971;0.018822613968713944;0.020084566596194505
1575.0;0.017373380447585393;0.01904761904761905;0.020364870598218072
1576.5;0.017373380447585393;0.01810188254965837;0.057297109021246954
1578.0;0.016863406408094434;0.03476482617586912;0.049521531100478466
1579.5;0.01874107841782935;0.01835078161749423;0.03737038573206139
1581.0;0.016700702455922763;0.017121863302370723;0.018100105350458386
1582.5;0.07953640379737194;0.016267481785445105;0.06311930241775665
1584.0;0.08010650131684438;0.07484407484407485;0.033861185983827494
1585.5;0.016553056202420053;0.017754480892796753;0.02103686068467285
1587.0;0.01730418943533698;0.033445440956651716;0.01904761904761905
1588.5;0.0161839863713799;0.018612132352941176;0.05295138888888887
1590.0;0.015871286409530037;0.018052243358660087;0.043558659010622565
1591.5;0.017754480892796753;0.023014018691588783;0.020897640588965764
1593.0;0.01834862385321101;0.0176831714950646;0.03540100250626566
1594.5;0.018671683262517162;0.01810699588477366;0.03689064558629775
1596.0;0.036783854166666664;0.01942319011183049;0.02148066768103868
1597.5;0.017045454545454544;0.03450226244343891;0.03622709238617042
1599.0;0.017773776536674248;0.049323066415501715;0.019883373452670505
1600.5;0.01672535211267606;0.01780160609014529;0.01890359168241966
1602.0;0.08893709327548807;0.03423626787057938;0.03567858515955402
1603.5;0.038441422594142266;0.01923278321476292;0.038461538461538464
1605.0;0.01869087161947359;0.03436018957345971;0.03400537634408602
1606.5;0.018595825426944972;0.01704659524374441;0.05227743271221532
1608.0;0.0527363184079602;0.018371212121212118;0.033934707903780066
1609.5;0.04667422524565381;0.0167163622810287;0.03370465581262496
1611.0;0.015382532618076592;0.04707801183170232;0.052014138163414075
1612.5;0.07756813417190776;0.01834862385321101;0.034670398009950254
1614.0;0.015001087035292413;0.03088450292397661;0.03340263936245198
1615.5;0.01850632726208763;0.03266518188567186;0.020618556701030927
1617.0;0.01845342706502636;0.020240539747726608;0.023111494342975096
1618.5;0.01967799642218247;0.01930354368202095;0.021868250539956804
1620.0;0.0170487948265726;0.020212060967528162;0.022883483557640864
1621.5;0.018010291595197254;0.038441422594142266;0.039096320346320344
1623.0;0.016745540589734254;0.04468816500245539;0.0440675614309501
1624.5;0.0170487948265726;0.017004588798125428;0.03960261295590636
1626.0;0.017934291168491913;0.018643237617094226;0.02196845008919553
1627.5;0.015095605501509561;0.018371212121212118;0.020926037282020447
1629.0;0.01842179442537598;0.03443877551020408;0.02132510729613734
1630.5;0.0804076327636537;0.01675356994726551;0.023833467417538213
1632.0;0.06804328160965284;0.019540415891253337;0.287784679089027
1633.5;0.017094017094017096;0.019402753051929518;0.04638386684681181
1635.0;0.08954302181967888;0.04399939311181914;0.04009552538964304
1636.5;0.01834862385321101;0.0170487948265726;0.039713541666666664
1638.0;0.0826771653543307;0.033547008547008546;0.044014994829369186
1639.5;0.017679771605305417;0.017045454545454544;0.0371336301245591
1641.0;0.017679771605305417;0.019139945314441957;0.03827683615819209
1642.5;0.041901692183722805;0.052328064929517304;0.023111494342975096
1644.0;0.05219945766797228;0.0170487948265726;0.022054956952105995
1645.5;0.01904761904761905;0.016128420893033128;0.020343672120139975
1647.0;0.015731292517006803;0.036665513663092356;0.023541501237797188
1648.5;0.017094017094017096;0.017566819770694582;0.03541013067973188
1650.0;0.017094017094017096;0.03530751708428246;0.028716216216216218
1651.5;0.01865038996269922;0.01767622907113149;0.0389576883384933
1653.0;0.0161839863713799;0.019527766042341455;0.06141037039298211
1654.5;0.016863406408094434;0.01715933414707495;0.0497485632183908
1656.0;0.07741769547325102;0.015963095712199653;0.04025020678246484
1657.5;0.017368069472277887;0.018532478954642544;0.051461038961038964
1659.0;0.016638225255972697;0.018164580390260854;0.021397790277759135
1660.5;0.017754480892796753;0.017570604905697253;0.0482573726541555
1662.0;0.015871286409530037;0.017824497257769654;0.036772088353413654
1663.5;0.014910112661872163;0.01869087161947359;0.026327241079199305
1665.0;0.017443347491498312;0.018197573656845753;0.02140319298019738
1666.5;0.016557768507871926;0.016785765670711238;0.05062861026163779
1668.0;0.03476482617586912;0.017373380447585393;0.04521677899607686
1669.5;0.016937514305333027;0.01672535211267606;0.020999704229517892
1671.0;0.04990403071017274;0.01771809624494277;0.03583829365079365
1672.5;0.017754480892796753;0.03542094455852156;0.04045118630882925
1674.0;0.018010291595197254;0.08118077005759025;0.04048370136698213
1675.5;0.018010291595197254;0.01749271137026239;0.023179642227261273
1677.0;0.0161839863713799;0.016638225255972697;0.024175579322638144
1678.5;0.017094017094017096;0.08219938905859484;0.0386323078021272
1680.0;0.01597712748065927;0.018010291595197254;0.0377080221890335
1681.5;0.014945495799148322;0.0189328743545611;0.04138047789494051
1683.0;0.015769487034319674;0.017971946230274694;0.021356201183242926
1684.5;0.017465858520325457;0.015731292517006803;0.023835920177383594
1686.0;0.051059730250481696;0.018026004728132386;0.03608815426997245
1687.5;0.08560945780676722;0.018612132352941176;0.03442928039702233
1689.0;0.07905457014342697;0.015654541329501625;0.05416666666666667
1690.5;0.07905457014342697;0.01608187134502924;0.0342842641740859
1692.0;0.07771195869669424;0.03326226012793177;0.03418935643564356
1693.5;0.0726934956385968;0.01826215022091311;0.03370465581262496
1695.0;0.07993273782747468;0.019065929190452247;0.03769972939753946
1696.5;0.0829083213135849;0.042094829424975846;0.02156485479729118
1698.0;0.07611210733696298;0.019013032926225155;0.03551062609430659
1699.5;0.07611210733696298;0.03599221789883269;0.04113601630157922
1701.0;0.0182681206624895;0.019961612284069098;0.022558500669960447
1702.5;0.0170487948265726;0.018302175503958486;0.03704735376044569
1704.0;0.0170487948265726;0.04875717017208413;0.019865614957639496
1705.5;0.015280135823429542;0.04536862003780718;0.05039739884393064
1707.0;0.017754480892796753;0.019139945314441957;0.018398770161782287
1708.5;0.017754480892796753;0.03871131405377981;0.040096589397646334
1710.0;0.017094017094017096;0.017155756207674944;0.06712062256809337
1711.5;0.016863406408094434;0.018086080586080584;0.020280853688984055
1713.0;0.04083665338645418;0.018086080586080584;0.022609909281228194
1714.5;0.0189328743545611;0.015033359741139864;0.06463195691202873
1716.0;0.0189328743545611;0.018902169101372285;0.020435244161358813
1717.5;0.017623877982923447;0.019142066420664204;0.02080873671782763
1719.0;0.014910112661872163;0.017545514574096786;0.021505376344086023
1720.5;0.015711796950363736;0.018876611418047883;0.034912718204488775
1722.0;0.06867528889794264;0.018683274021352312;0.05325568341285434
1723.5;0.06867528889794264;0.07548669050456894;0.035568981183018614
1725.0;0.05222437137330754;0.019142066420664204;0.064666919000757
1726.5;0.016638225255972697;0.015245106155354892;0.019679300291545188
1728.0;0.1103723404255319;0.03542094455852156;0.03287716955941255
1729.5;0.0161839863713799;0.01835078161749423;0.050110537951363304
1731.0;0.017754480892796753;0.018876611418047883;0.03908629441624366
1732.5;0.016676298192025096;0.03878406708595388;0.020854040125161052
1734.0;0.017498443680569787;0.016786733722984913;0.03333333333333333
1735.5;0.0175513698630137;0.01756386861313869;0.02306777174128564
1737.0;0.015095605501509561;0.018612132352941176;0.041944990176817284
1738.5;0.015001087035292413;0.018876611418047883;0.026327241079199305
1740.0;0.01836806645203033;0.018991486574983625;0.048491600959890295
1741.5;0.01488644788002137;0.018876611418047883;0.05313531353135315
1743.0;0.08215271463641584;0.016939604011490892;0.021824257608393918
1744.5;0.015711796950363736;0.018354055654233276;0.032542579075425786
1746.0;0.078274430155538;0.03412017167381975;0.02080873671782763
1747.5;0.017094017094017096;0.019142066420664204;0.03672184378463163
1749.0;0.0161839863713799;0.018020513790726903;0.038409300066028274
1750.5;0.018026004728132386;0.019675925925925927;0.05758793731138853
1752.0;0.01942319011183049;0.0161839863713799;0.020182120243244936
1753.5;0.047961357066788377;0.06057007125890736;0.03436018957345971
1755.0;0.018582093618876354;0.017462905276233176;0.03881536333876022
1756.5;0.01834862385321101;0.046236630571979;0.06493506493506494
1758.0;0.043284066915705695;0.017699115044247787;0.022675807624389737
1759.5;0.016025963289428118;0.049515381373788456;0.018848111042958724
1761.0;0.0189328743545611;0.018354055654233276;0.032924107142857144
1762.5;0.015095605501509561;0.03555884217198395;0.05362144857943176
1764.0;0.016745540589734254;0.019274809160305342;0.05638801261829652
1765.5;0.0175513698630137;0.018612132352941176;0.038313537253621605
1767.0;0.0175513698630137;0.018052243358660087;0.018185821224130337
1768.5;0.017893106119287374;0.016937514305333027;0.05035233102204182
1770.0;0.0161839863713799;0.018683274021352312;0.03208232445520581
1771.5;0.0161839863713799;0.018010291595197254;0.10419122462344464
1773.0;0.017215791035915702;0.018612132352941176;0.035042486745587915
1774.5;0.017567282711368357;0.03902153124807206;0.07814722617354196
1776.0;0.01838245406174913;0.017563955708285603;0.022304046661124777
1777.5;0.07724606293080212;0.015202013639811085;0.042060726729716266
1779.0;0.018314170436861156;0.03706140350877192;0.04847301136363637
1780.5;0.01485252840939509;0.015830315571650284;0.050660338829402574
1782.0;0.018470790378006873;0.018612132352941176;0.040043004262703234
1783.5;0.017623877982923447;0.017961645808949312;0.037143543823627174
1785.0;0.08048289738430583;0.01726263871763255;0.0500720461095101
1786.5;0.01845342706502636;0.01597712748065927;0.051611796982167356
1788.0;0.016897746967071057;0.0161839863713799;0.019492203118752497
1789.5;0.016638225255972697;0.019408502772643253;0.01676849966055669
1791.0;0.01597712748065927;0.01726263871763255;0.03748733535967579
1792.5;0.06888939767675939;0.015414729630535846;0.04414038015958534
1794.0;0.01830736743700201;0.019142066420664204;0.0547413878883162
1795.5;0.01741601350785099;0.018041485106324483;0.037780898876404484
1797.0;0.015690820879123473;0.07448566821844452;0.02114561027837259
1798.5;0.01834061135371179;0.016638225255972697;0.06040861238327485
1800.0;0.017754480892796753;0.04315196998123827;0.04126857749469215
1801.5;0.015095605501509561;0.015731292517006803;0.02197623528625678
1803.0;0.018010291595197254;0.017824497257769654;0.05772585623331893
1804.5;0.0161839863713799;0.017215791035915702;0.022392777665385392
1806.0;0.016745540589734254;0.017094017094017096;0.051611796982167356
1807.5;0.018010291595197254;0.04990403071017274;0.04832407978614025
1809.0;0.07061592781482934;0.017623877982923447;0.03639586440816493
1810.5;0.016676298192025096;0.017094017094017096;0.020915221010530876
1812.0;0.0175513698630137;0.017094017094017096;0.03574542355423141
1813.5;0.0161839863713799;0.018010291595197254;0.08716627826158059
1815.0;0.061303890641430075;0.014945495799148322;0.09469956919873705
1816.5;0.08182484426529865;0.0188212927756654;0.020722820554037402
1818.0;0.01597712748065927;0.017910447761194027;0.019300488387805244
1819.5;0.08967391304347826;0.015885286320745973;0.022927920840544742
1821.0;0.08174097664543525;0.017094017094017096;0.01913318835603373
1822.5;0.017754480892796753;0.05048076923076923;0.042068595927116835
1824.0;0.01834061135371179;0.015095605501509561;0.02633215840763011
1825.5;0.014977544128398844;0.051059730250481696;0.03442928039702233
1827.0;0.01597712748065927;0.01597712748065927;0.021100294317410007
1828.5;0.07893369699331128;0.018470790378006873;0.021805494984736155
1830.0;0.049329501915708805;0.0175513698630137;0.023485753108786957
1831.5;0.015095605501509561;0.08450826136298063;0.022959369947321753
1833.0;0.018323203432248837;0.04875717017208413;0.021313016852713553
1834.5;0.017901857742831786;0.07777777777777778;0.024936061381074168
1836.0;0.04918972634153799;0.0334685598377282;0.019289961300904688
1837.5;0.015095605501509561;0.018052243358660087;0.021253206302674972
1839.0;0.017824497257769654;0.03879026955950033;0.06829419035846726
1840.5;0.04536862003780718;0.07756813417190776;0.020364870598218072
1842.0;0.018470790378006873;0.015731292517006803;0.04631728045325779
1843.5;0.0175513698630137;0.0175513698630137;0.0188212927756654
1845.0;0.016403046280023436;0.09041394335511982;0.03215077605321508
1846.5;0.017754480892796753;0.08174097664543525;0.019918961230315866
1848.0;0.018876611418047883;0.07182211727666273;0.020547558566186848
1849.5;0.01741229204378933;0.018026004728132386;0.020966880341880344
1851.0;0.04883659205520658;0.015095605501509561;0.01819363222871995
1852.5;0.019013666072489603;0.016863406408094434;0.01904761904761905
1854.0;0.015280135823429542;0.0913978494623656;0.021078829744006503
1855.5;0.017094017094017096;0.016745540589734254;0.03571428571428572
1857.0;0.016745540589734254;0.014945495799148322;0.01822250639386189
1858.5;0.018371212121212118;0.014910112661872163;0.017373380447585393
1860.0;0.017824497257769654;0.045928030303030304;0.10163934426229511
1861.5;0.019139945314441957;0.017094017094017096;0.019675925925925927
1863.0;0.0162748643761302;0.04260299625468165;0.035024465619366466
1864.5;0.018086080586080584;0.01865038996269922;0.03325199836454821
1866.0;0.017699115044247787;0.09087154068566708;0.03164091243561443
1867.5;0.019598155467720684;0.07303592577970786;0.022234273318872018
1869.0;0.017985361523614574;0.017623877982923447;0.034942276944769673
1870.5;0.017373380447585393;0.015095605501509561;0.020567784372156696
1872.0;0.017460979111666896;0.015001087035292413;0.03383297644539615
1873.5;0.016988416988416986;0.0175513698630137;0.019679300291545188
1875.0;0.01749271137026239;0.046489563567362426;0.020974197181975407
1876.5;0.01694768198513463;0.07688284518828453;0.020383204239706482
1878.0;0.017373380447585393;0.07688284518828453;0.04988354037267081
1879.5;0.017824497257769654;0.07318094281168887;0.03437073230350662
1881.0;0.01733025239957341;0.04536862003780718;0.031578947368421054
1882.5;0.01904761904761905;0.017754480892796753;0.019408502772643253
1884.0;0.016252279131443725;0.051059730250481696;0.0188212927756654
1885.5;0.015096975458092843;0.08386958386958387;0.020093195147425077
1887.0;0.018010291595197254;0.07106563743420853;0.032696390658174104
1888.5;0.015861825872400422;0.017465858520325457;0.019617301817012378
1890.0;0.018612132352941176;0.04536862003780718;0.020456069751844396
1891.5;0.042924211938296444;0.016863406408094434;0.020318021201413426
1893.0;0.08691206543967281;0.08099593301892197;0.020625415834996677
1894.5;0.017824497257769654;0.014910112661872163;0.019524316648917288
1896.0;0.017215791035915702;0.014910112661872163;0.03876043673731535
1897.5;0.016694437748184725;0.06698855167485213;0.07651821862348178
1899.0;0.016638225255972697;0.01740771421307761;0.020788912579957356
1900.5;0.015095605501509561;0.08712574850299402;0.018852185170491323
1902.0;0.015731292517006803;0.01834061135371179;0.03530751708428246
1903.5;0.0170487948265726;0.041250831669993354;0.044065898912348044
1905.0;0.04990403071017274;0.07756813417190776;0.020086500873326123
1906.5;0.015809071886378992;0.01702553830746119;0.018263175339741467
1908.0;0.01730418943533698;0.01845342706502636;0.06306412833550117
1909.5;0.018354055654233276;0.018610244807272875;0.01949374454466104
1911.0;0.0482897384305835;0.018610244807272875;0.021686422413793104
1912.5;0.015434504692713043;0.0175513698630137;0.01952527513523596
1914.0;0.016604605213162094;0.04315196998123827;0.06706996317727512
1915.5;0.03326226012793177;0.015597920277296359;0.01730418943533698
1917.0;0.03842750854614921;0.050364491686716695;0.016263612953345514
1918.5;0.018683274021352312;0.0187060153052703;0.020006613756613757
1920.0;0.015280135823429542;0.047619047619047616;0.0350922131147541
1921.5;0.06047492232578785;0.016676298192025096;0.05255534864473413
1923.0;0.016139070681667353;0.017094017094017096;0.040842926888071854
1924.5;0.017094017094017096;0.0175513698630137;0.039473684210526314
1926.0;0.03674948240165632;0.01861305152546421;0.016468992979866464
1927.5;0.01619224007193569;0.017699115044247787;0.021462105969148222
1929.0;0.03528138528138528;0.015001087035292413;0.01904761904761905
1930.5;0.018683274021352312;0.01865038996269922;0.01890359168241966
1932.0;0.01865038996269922;0.020212060967528162;0.03423626787057938
1933.5;0.04315196998123827;0.01787760715104286;0.020673151150223872
1935.0;0.018354055654233276;0.01867989252627264;0.0188212927756654
1936.5;0.018052243358660087;0.015011803199901806;0.047578923716436364
1938.0;0.015292623068664208;0.015731292517006803;0.019341334077588614
1939.5;0.04674489023467071;0.01850632726208763;0.02041832669322709
1941.0;0.017094017094017096;0.0175513698630137;0.037178265014299335
1942.5;0.017094017094017096;0.0170487948265726;0.03540100250626566
1944.0;0.04118192804912289;0.017368069472277887;0.03486394557823129
1945.5;0.04468816500245539;0.017754480892796753;0.021505376344086023
1947.0;0.018547076045235124;0.048187022900763356;0.022824178580386253
1948.5;0.04276883121577268;0.0370850622406639;0.020045727654596692
1950.0;0.018470790378006873;0.018143754361479414;0.018118380503701605
1951.5;0.0767133956386293;0.016263612953345514;0.018335410371480957
1953.0;0.06190191387559808;0.018063880198607787;0.01950286806883365
1954.5;0.018086080586080584;0.07756813417190776;0.015716780441339895
1956.0;0.033547008547008546;0.062143611404435056;0.01949374454466104
1957.5;0.018761128291631523;0.01678765880217786;0.01968902142258114
1959.0;0.018197573656845753;0.015139193690331638;0.01812267657992565
1960.5;0.016335052812576762;0.03758169934640523;0.020060087343458016
1962.0;0.08048289738430583;0.020006613756613757;0.016767360395838125
1963.5;0.06689088191330343;0.017391304347826087;0.02080873671782763
1965.0;0.01784040701566475;0.018026004728132386;0.018323900614171256
1966.5;0.09799554565701558;0.017373380447585393;0.042924211938296444
1968.0;0.01882395123700251;0.01733902966659057;0.04334677419354839
1969.5;0.018354055654233276;0.01814552172099398;0.021505376344086023
1971.0;0.058823529411764705;0.04258970358814352;0.01991183264164053
1972.5;0.01766843911960692;0.036415289256198344;0.018683274021352312
1974.0;0.018595825426944972;0.019524316648917288;0.018612132352941176
1975.5;0.017570604905697253;0.018197573656845753;0.056434974825003065
1977.0;0.0161839863713799;0.018848906360245943;0.01761006289308176
1978.5;0.03397147147147147;0.018683274021352312;0.018284611141753997
1980.0;0.01983411467724486;0.016530797101449276;0.035869565217391305
1981.5;0.017786040107414757;0.01688081285952368;0.019476132626151884
1983.0;0.02019230769230769;0.018848906360245943;0.019918961230315866
1984.5;0.02019230769230769;0.0170487948265726;0.050546448087431695
1986.0;0.018876611418047883;0.03706140350877192;0.047619047619047616
1987.5;0.01619224007193569;0.04527201193867861;0.016436771720531866
1989.0;0.01500252617223685;0.016912071700949147;0.01654091700522345
1990.5;0.017094017094017096;0.015280135823429542;0.019520322368166143
1992.0;0.0363872644574399;0.01834862385321101;0.020221643634421527
1993.5;0.015001087035292413;0.04374966075014927;0.019179429534916397
1995.0;0.051059730250481696;0.018047156089719053;0.0391281512605042
1996.5;0.0175513698630137;0.01885062968276742;0.017710309930423784
1998.0;0.01942319011183049;0.10207844451894067;0.01756386861313869
1999.5;0.018010291595197254;0.01597712748065927;0.016838000708968452
2001.0;0.017623877982923447;0.0482897384305835;0.07828213441776118
2002.5;0.07425742574257424;0.04611450255733378;0.017923649906890132
2004.0;0.017623877982923447;0.017509906921021105;0.017915333245656334
2005.5;0.046489563567362426;0.031578947368421054;0.06379056047197638
2007.0;0.041250831669993354;0.018325444682184614;0.017699115044247787
2008.5;0.041250831669993354;0.0532795156407669;0.017971946230274694
2010.0;0.0170487948265726;0.037628404998428934;0.016293098349991132
2011.5;0.018683274021352312;0.018026004728132386;0.015597920277296359
2013.0;0.03476482617586912;0.018086080586080584;0.020854040125161052
2014.5;0.017961645808949312;0.04747774480712166;0.015194681211441007
2016.0;0.015280135823429542;0.033547008547008546;0.017590974113115092
2017.5;0.017699115044247787;0.02023809523809524;0.017368069472277887
2019.0;0.0175513698630137;0.017870017215632937;0.01726263871763255
2020.5;0.04083665338645418;0.01853870977848795;0.015831002263857863
2022.0;0.05435050529948237;0.016219423135581744;0.043043193208209714
2023.5;0.01884522917814952;0.017134997433140575;0.15302491103202848
2025.0;0.017015706806282723;0.017824497257769654;0.07843218581501452
2026.5;0.016081348496769426;0.018323203432248837;0.018550316138650408
2028.0;0.017623877982923447;0.015414729630535846;0.0189328743545611
2029.5;0.01836806645203033;0.01874107841782935;0.0554726368159204
2031.0;0.017373380447585393;0.015280135823429542;0.01756386861313869
2032.5;0.05096618357487923;0.019566956695669567;0.041666666666666664
2034.0;0.018095838587641865;0.01810699588477366;0.03674948240165632
2035.5;0.08560945780676722;0.017699115044247787;0.018143754361479414
2037.0;0.015731292517006803;0.018876611418047883;0.01874107841782935
2038.5;0.017094017094017096;0.017924528301886795;0.03706140350877192
2040.0;0.018487434139972954;0.016317890407644853;0.016317890407644853
2041.5;0.017825311942959002;0.03674948240165632;0.03674948240165632
2043.0;0.017924528301886795;0.017427675148135237;0.03297872340425532
2044.5;0.019327580007191657;0.01606832657788072;0.041250831669993354
2046.0;0.02041832669322709;0.0574398249452954;0.06847253574115876
2047.5;0.019263204616067467;0.01672535211267606;0.015731292517006803
2049.0;0.01839502684374117;0.019269640210214257;0.016745540589734254
2050.5;0.03498920086393088;0.01733025239957341;0.040424121935056324
2052.0;0.018242207460398566;0.017961645808949312;0.0189328743545611
2053.5;0.017934291168491913;0.08413719185423367;0.015095605501509561
2055.0;0.018010291595197254;0.015280135823429542;0.01814552172099398
2056.5;0.019390261522901315;0.018197573656845753;0.018010291595197254
2058.0;0.0544885627967199;0.019142066420664204;0.018026004728132386
2059.5;0.018729678541185898;0.037969094922737305;0.015414729630535846
2061.0;0.018185821224130337;0.03890714372642083;0.018086080586080584
2062.5;0.019139945314441957;0.019138359569179784;0.04334677419354839
2064.0;0.019005143564034117;0.0170487948265726;0.039603960396039604
2065.5;0.033476658476658476;0.016081348496769426;0.016745540589734254
2067.0;0.017945956530252594;0.017570604905697253;0.01865038996269922
2068.5;0.015597920277296359;0.015370218739033806;0.09799554565701558
2070.0;0.018143754361479414;0.01589617555803519;0.038385826771653545
2071.5;0.03282828282828283;0.019944341372912802;0.05592691622103387
2073.0;0.015247999065256762;0.03798297314996725;0.040424121935056324
2074.5;0.019138359569179784;0.017368069472277887;0.08019850508516115
2076.0;0.036783854166666664;0.049515381373788456;0.04103065883887801
2077.5;0.01678765880217786;0.04083665338645418;0.01909706358765627
2079.0;0.035869565217391305;0.015446744068652195;0.016696071365211666
2080.5;0.10487804878048781;0.03528138528138528;0.016335052812576762
2082.0;0.0189328743545611;0.043101768546158666;0.01675356994726551
2083.5;0.018197573656845753;0.01733025239957341;0.016252279131443725
2085.0;0.06636838180462341;0.01904761904761905;0.016547024742192912
2086.5;0.01929824561403509;0.019141127055425266;0.018242207460398566
2088.0;0.07703984819734344;0.017596390484003282;0.03542094455852156
2089.5;0.01917668766304002;0.05125066220694097;0.01741229204378933
2091.0;0.019263204616067467;0.08221574344023323;0.0170487948265726
2092.5;0.019961612284069098;0.018710829325171256;0.05862944162436549
2094.0;0.020212060967528162;0.019179429534916397;0.05593220338983052
2095.5;0.05572365103378719;0.02080873671782763;0.016965127238454288
2097.0;0.05601125609482108;0.05048076923076923;0.0188212927756654
2098.5;0.016638225255972697;0.017596390484003282;0.03758169934640523
2100.0;0.06101190476190476;0.01907246061493122;0.01756386861313869
2101.5;0.03240740740740741;0.017824497257769654;0.019801980198019802
2103.0;0.01838334347146186;0.05189423835832675;0.016348533050547898
2104.5;0.018086080586080584;0.01835673375718387;0.05145413870246085
2106.0;0.04523943991119594;0.018086080586080584;0.017825311942959002
2107.5;0.03476482617586912;0.017065665405680087;0.09526176790430324
2109.0;0.034110097939885176;0.10036678892964322;0.03982067510548524
2110.5;0.03542094455852156;0.018242207460398566;0.01814552172099398
2112.0;0.019020693899530733;0.049554781262098335;0.01995528228060369
2113.5;0.018143754361479414;0.03476946334089191;0.017824497257769654
2115.0;0.01756386861313869;0.040072261455082935;0.03674948240165632
2116.5;0.01887912456608984;0.018991964937910884;0.05013428827215756
2118.0;0.014991665723917283;0.044996133522361134;0.017971946230274694
2119.5;0.03859078991100115;0.058823529411764705;0.01780160609014529
2121.0;0.015332305325385591;0.018086080586080584;0.01834862385321101
2122.5;0.018010291595197254;0.03831705484598046;0.04466926424681567
2124.0;0.015095605501509561;0.01834061135371179;0.018408140953422174
2125.5;0.017094017094017096;0.033476658476658476;0.01918932786044125
2127.0;0.016638225255972697;0.018338970632087448;0.018010456796917998
2128.5;0.01645021645021645;0.018876611418047883;0.01855482316596315
2130.0;0.017302798982188294;0.015225395561747438;0.03919631093544137
2131.5;0.0188212927756654;0.0212516733601071;0.018612132352941176
2133.0;0.016835957338750634;0.034408602150537634;0.07557391481004944
2134.5;0.01834862385321101;0.019408502772643253;0.0161839863713799
2136.0;0.01783664661861255;0.019263204616067467;0.041666666666666664
2137.5;0.03411405295315682;0.036415289256198344;0.033445440956651716
2139.0;0.04078456212154433;0.05034473160182429;0.04190157324405084
2140.5;0.056451612903225805;0.060471204188481675;0.02126119010005266
2142.0;0.0425033467202142;0.018022181146025877;0.016559362161222106
2143.5;0.03542094455852156;0.01754421397747393;0.06470588235294118
2145.0;0.017825311942959002;0.019598155467720684;0.023014018691588783
2146.5;0.015302583076023234;0.020625415834996677;0.044948948383757584
2148.0;0.01675203627508607;0.03655913978494623;0.019038093053790922
2149.5;0.018944170972160067;0.019731800766283527;0.03608247422680412
2151.0;0.016217853406024562;0.019179429534916397;0.045147480460311855
2152.5;0.015106013411607612;0.01902784562774792;0.03528138528138528
2154.0;0.01702553830746119;0.019274809160305342;0.01639707906283901
2155.5;0.01834061135371179;0.03412017167381975;0.018876611418047883
2157.0;0.01612259159428971;0.03240740740740741;0.03498920086393088
2158.5;0.03798297314996725;0.016637824798762423;0.019274809160305342
2160.0;0.0175513698630137;0.018876611418047883;0.019731800766283527
2161.5;0.0189328743545611;0.016403046280023436;0.01904761904761905
2163.0;0.048187022900763356;0.017824497257769654;0.018595825426944972
2164.5;0.015001087035292413;0.03982067510548524;0.01814479438785993
2166.0;0.05478980013783597;0.018595825426944972;0.017465375658781715
2167.5;0.01594765689784196;0.01616729088639201;0.03189528023598819
2169.0;0.0470532319391635;0.017971946230274694;0.04854999022065753
2170.5;0.01865038996269922;0.016084484159220147;0.017235168365478875
2172.0;0.01865038996269922;0.01528233017970999;0.08223104056437387
2173.5;0.016863406408094434;0.04208416833667335;0.018790849673202614
2175.0;0.018010291595197254;0.02019230769230769;0.0363872644574399
2176.5;0.03476482617586912;0.01717650438029585;0.016604605213162094
2178.0;0.01874107841782935;0.019071369196057474;0.020240539747726608
2179.5;0.0161839863713799;0.018185821224130337;0.0377840180004894
2181.0;0.046489563567362426;0.01918275876513216;0.018543046357615892
2182.5;0.0161839863713799;0.077578716698751;0.019274809160305342
2184.0;0.057109557109557105;0.017373380447585393;0.07456140350877194
2185.5;0.016838000708968452;0.040091455309193384;0.01900256574727389
2187.0;0.03411405295315682;0.016217853406024562;0.0196525928743502
2188.5;0.015302583076023234;0.05518617021276595;0.018803418803418803
2190.0;0.017699115044247787;0.04409448818897638;0.019292604501607715
2191.5;0.01702553830746119;0.01730418943533698;0.01815373492392126
2193.0;0.0846116507388057;0.01578551741418191;0.019527766042341455
2194.5;0.035751028806584366;0.01792418702827621;0.020854040125161052
2196.0;0.01897923971725942;0.04902945113788488;0.036306066088943906
2197.5;0.031198686371100164;0.018323203432248837;0.033849518307644516
2199.0;0.019524316648917288;0.05362144857943176;0.032542579075425786
2200.5;0.016638225255972697;0.018026004728132386;0.020183172743161077
2202.0;0.016863406408094434;0.01810699588477366;0.033934707903780066
2203.5;0.01865038996269922;0.019050942079553383;0.018790849673202614
2205.0;0.017094017094017096;0.03585049580472921;0.04420226678291193
2206.5;0.018026004728132386;0.035869565217391305;0.03397147147147147
2208.0;0.017094017094017096;0.02019230769230769;0.03450226244343891
2209.5;0.01865038996269922;0.018086080586080584;0.018790849673202614
2211.0;0.0470532319391635;0.017545514574096786;0.017596390484003282
2212.5;0.08048289738430583;0.059226594301221167;0.015663069961712496
2214.0;0.03542094455852156;0.020167303885680193;0.019102388803989383
2215.5;0.09281042304040511;0.018876611418047883;0.023014018691588783
2217.0;0.0189328743545611;0.03548336472065286;0.022469277941682058
2218.5;0.015095605501509561;0.05337165598054388;0.03486394557823129
2220.0;0.017498443680569787;0.0350826196677269;0.03312144529943125
2221.5;0.07224770642201835;0.018320154147598414;0.019805455274769356
2223.0;0.01850632726208763;0.01995238481724968;0.041481810115350494
2224.5;0.014910112661872163;0.020429159318048208;0.09425103800702649
2226.0;0.01874107841782935;0.021628640326470043;0.022178655918689217
2227.5;0.01645021645021645;0.021382796281252822;0.018923245093927902
2229.0;0.01845342706502636;0.019510888490075803;0.0615657266142703
2230.5;0.018354055654233276;0.03241525423728814;0.018532478954642544
2232.0;0.017094017094017096;0.01780160609014529;0.022418478260869564
2233.5;0.02019230769230769;0.017134997433140575;0.09044635865309321
2235.0;0.01672535211267606;0.019263204616067467;0.042113786765364515
2236.5;0.05432098765432099;0.018195147960543855;0.03594686116176087
2238.0;0.04258970358814352;0.020171743357096563;0.058699453118522225
2239.5;0.015446744068652195;0.05819060166886253;0.021505376344086023
2241.0;0.016794337244254824;0.019731800766283527;0.05592691622103387
2242.5;0.0670406560635078;0.04857910906298003;0.07553003533568904
2244.0;0.019408502772643253;0.019598155467720684;0.01866719816165264
2245.5;0.0930657977476705;0.01654091700522345;0.020854040125161052
2247.0;0.020240539747726608;0.018436940626801374;0.052068126520681254
2248.5;0.01911887677146222;0.037969094922737305;0.033713054187192115
2250.0;0.0857089505788622;0.04005852056275369;0.020216940531153173
2251.5;0.018470790378006873;0.015597920277296359;0.04988009592326139
2253.0;0.0175513698630137;0.02111421114211142;0.019789257260344383
2254.5;0.016863406408094434;0.016767730240467137;0.019313448878140533
2256.0;0.016838000708968452;0.03801916932907348;0.03297872340425532
2257.5;0.07144607513530152;0.018953440461475072;0.038175424694170665
2259.0;0.018010291595197254;0.01868846481098821;0.021330517423442448
2260.5;0.018803418803418803;0.019801980198019802;0.04161938266000908
2262.0;0.05545957152729785;0.019603155839265852;0.05099352561544604
2263.5;0.03476946334089191;0.01856510364258402;0.07850707850707848
2265.0;0.017227173994457345;0.018070128870192857;0.03951045581574635
2266.5;0.017824497257769654;0.0350922131147541;0.11983695652173913
2268.0;0.04107868489102327;0.019805455274769356;0.018198899476580325
2269.5;0.016257905732192428;0.01878110576175528;0.0188212927756654
2271.0;0.016403046280023436;0.018832655731576244;0.04847301136363637
2272.5;0.019050942079553383;0.019408502772643253;0.04723926380368098
2274.0;0.04030547305897328;0.04481279201517525;0.019598155467720684
2275.5;0.05088896696016587;0.019589314919135018;0.020999704229517892
2277.0;0.01672535211267606;0.018092792698039612;0.03467195890730796
2278.5;0.016403046280023436;0.019142066420664204;0.08309321459172095
2280.0;0.018876611418047883;0.06601466992665037;0.05732827391998042
2281.5;0.015139193690331638;0.01910331384015595;0.019598155467720684
2283.0;0.016863406408094434;0.019217083746151473;0.07352333746385792
2284.5;0.017699115044247787;0.08310908714551853;0.039334563453709406
2286.0;0.03411405295315682;0.05720906282183316;0.0350922131147541
2287.5;0.01705018909044292;0.017499542375983893;0.07266435986159168
2289.0;0.01761087565350941;0.019192913385826772;0.039103286792125574
2290.5;0.016638225255972697;0.05230034722222222;0.033934707903780066
2292.0;0.017094017094017096;0.036921369689283445;0.03450226244343891
2293.5;0.0189328743545611;0.018991486574983625;0.021773470318916282
2295.0;0.016863406408094434;0.04440622038122652;0.04953231292517008
2296.5;0.018683274021352312;0.017699115044247787;0.04878917378917379
2298.0;0.019142066420664204;0.04027923118699748;0.03668456642800318
2299.5;0.018197573656845753;0.017824497257769654;0.04815864022662889
2301.0;0.016775307882501863;0.018041485106324483;0.052124183006535936
2302.5;0.016863406408094434;0.01576182136602452;0.05561159680191286
2304.0;0.01597712748065927;0.0161839863713799;0.022647647647647647
2305.5;0.015001087035292413;0.049515381373788456;0.01856964905236933
2307.0;0.04536862003780718;0.03920012696397398;0.05306952662721893
2308.5;0.014945495799148322;0.01718287488267995;0.07015613538719483
2310.0;0.014910112661872163;0.019263204616067467;0.036073572051339244
2311.5;0.015743018124095107;0.06623376623376621;0.050546448087431695
2313.0;0.014870091759449306;0.10063370765574763;0.02031765860622825
2314.5;0.017427438387099873;0.015291896629250295;0.019613366510394664
2316.0;0.014844188506303903;0.05664160401002506;0.025225919739603416
2317.5;0.07054265059643242;0.015354517600011507;0.07952495778994498
2319.0;0.015687178238012765;0.01810699588477366;0.02003052270125906
2320.5;0.015682478532320222;0.017372366712736106;0.047057164347499056
2322.0;0.015682478532320222;0.04900946428058602;0.08121758121758123
2323.5;0.017388172610590263;0.0161839863713799;0.02040447333645509
2325.0;0.017387150648592545;0.08602150537634409;0.14738598442714126
2326.5;0.017094017094017096;0.018487434139972954;0.019988300578531026
2328.0;0.015871286409530037;0.019633588412695156;0.04989486439288642
2329.5;0.016676298192025096;0.019138359569179784;0.042598509052183174
2331.0;0.016676298192025096;0.018319551117579266;0.02141208749076952
2332.5;0.015743018124095107;0.017460979111666896;0.01927578861526407
2334.0;0.016582472972657695;0.0334685598377282;0.019230769230769232
2335.5;0.01570251018973342;0.01861305152546421;0.02081797581019466
2337.0;0.015687178238012765;0.018686830269800576;0.034866898148148154
2338.5;0.018470790378006873;0.018314772574802095;0.024760765550239233
2340.0;0.015095605501509561;0.04953231292517008;0.01997052014704265
2341.5;0.015001087035292413;0.06101190476190476;0.021868250539956804
2343.0;0.047619047619047616;0.08891716143624541;0.02027027027027027
2344.5;0.015095605501509561;0.09190371991247265;0.019496781631740217
2346.0;0.016335052812576762;0.019179429534916397;0.01950286806883365
2347.5;0.017574219762933944;0.0383888532991672;0.020653190417955547
2349.0;0.0161839863713799;0.017747389514222646;0.03511762700306853
2350.5;0.01865038996269922;0.018937169700528483;0.021505376344086023
2352.0;0.015769487034319674;0.017094017094017096;0.05327214684756584
2353.5;0.01660281557997176;0.0175513698630137;0.02177154786758127
2355.0;0.0882232252769799;0.017971946230274694;0.019395134779750165
2356.5;0.07434304424481572;0.015731292517006803;0.035885989010989015
2358.0;0.044811320754716985;0.016403046280023436;0.055178716490657996
2359.5;0.049329501915708805;0.020052693208430915;0.01992264544609641
2361.0;0.08954302181967888;0.05658488312310826;0.0805175923233498
2362.5;0.015001087035292413;0.017699115044247787;0.0325678988528042
2364.0;0.0175513698630137;0.019659185369908565;0.03072899640405361
2365.5;0.01865038996269922;0.051165001555640056;0.04549966271562109
2367.0;0.01842179442537598;0.01672535211267606;0.037493384143114226
2368.5;0.018612132352941176;0.017754480892796753;0.03189528023598819
2370.0;0.018612132352941176;0.0170487948265726;0.01904761904761905
2371.5;0.015992751525289242;0.01810699588477366;0.019787332408691634
2373.0;0.015992751525289242;0.018138661064199427;0.05108225108225108
2374.5;0.017553774980973956;0.049329501915708805;0.05039739884393064
2376.0;0.0826771653543307;0.016128420893033128;0.03585164835164835
2377.5;0.016700702455922763;0.042924211938296444;0.04998311381290104
2379.0;0.017623877982923447;0.016429426632965278;0.020045727654596692
2380.5;0.015280135823429542;0.017094017094017096;0.01913391492040651
2382.0;0.015280135823429542;0.04536862003780718;0.021042084168336674
2383.5;0.08302956662616444;0.03528138528138528;0.04439410178452578
2385.0;0.08302956662616444;0.01885464693035671;0.021661325355712364
2386.5;0.0170487948265726;0.019276956137024393;0.11633663366336636
2388.0;0.09645232815964523;0.01834862385321101;0.040593881721457975
2389.5;0.015095605501509561;0.01678765880217786;0.03545149517306334
2391.0;0.015095605501509561;0.019961612284069098;0.018635889400895916
2392.5;0.015001087035292413;0.019801980198019802;0.01913318835603373
2394.0;0.017547197908565945;0.019142066420664204;0.07303149606299213
2395.5;0.017547197908565945;0.017045454545454544;0.02223291626564004
2397.0;0.017547197908565945;0.050211416490486264;0.04027768931915165
2398.5;0.07216102560980384;0.017316539102834528;0.0196969696969697
2400.0;0.018332165356039182;0.017460979111666896;0.02143713771736958
2401.5;0.018332165356039182;0.05304329189884269;0.052389705882352935
2403.0;0.014870091759449306;0.04083665338645418;0.04991589762240305
2404.5;0.01597712748065927;0.018010291595197254;0.07078313253012047
2406.0;0.01597712748065927;0.019139945314441957;0.040873318101040876
2407.5;0.017547197908565945;0.01865038996269922;0.03577882828391557
2409.0;0.014910112661872163;0.01733025239957341;0.03664721601134318
2410.5;0.01660281557997176;0.01900256574727389;0.023433400764289253
2412.0;0.08326962055585943;0.017818979155680148;0.0427007299270073
2413.5;0.017427438387099873;0.02000645369474024;0.025798791018998273
2415.0;0.014844188506303903;0.03706140350877192;0.02166457504281572
2416.5;0.015690820879123473;0.016614200769499828;0.0378533331667895
2418.0;0.018256492034823147;0.05362144857943176;0.03726605614652483
2419.5;0.015682478532320222;0.035751028806584366;0.023492752608360753
2421.0;0.07989195025100958;0.019179429534916397;0.020866165595829798
2422.5;0.01567987457984609;0.10008203445447086;0.03439838802533104
2424.0;0.0161839863713799;0.04047456151262595;0.021505376344086023
2425.5;0.0175513698630137;0.01731133021869357;0.022647647647647647
2427.0;0.015001087035292413;0.02041832669322709;0.0528468071720667
2428.5;0.019944341372912802;0.017617152611524214;0.03423180592991914
2430.0;0.09207534913933095;0.1072248759875069;0.03996448215815804
2431.5;0.01783664661861255;0.016935102087413993;0.053079463819938444
2433.0;0.0161839863713799;0.017222129645059158;0.10020242914979757
2434.5;0.018010291595197254;0.016420118343195265;0.02336222164994508
2436.0;0.015280135823429542;0.01812240047534165;0.0807531380753138
2437.5;0.01865038996269922;0.09030397159973376;0.02572595281306715
2439.0;0.035598705501618116;0.017699115044247787;0.02700468448608432
2440.5;0.017699115044247787;0.04516111384649051;0.06264108975824319
2442.0;0.017754480892796753;0.017260787992495308;0.036025277310614494
2443.5;0.03251008064516129;0.01979416200869488;0.042204439855446564
2445.0;0.01783664661861255;0.017658223457079708;0.021141941850063677
2446.5;0.015095605501509561;0.018991486574983625;0.020495964940409384
2448.0;0.0161839863713799;0.019617301817012378;0.05007333844683973
2449.5;0.08099593301892197;0.01950286806883365;0.050912484314187614
2451.0;0.0161839863713799;0.019877181641887523;0.03421437523234851
2452.5;0.0574398249452954;0.018991486574983625;0.1423228977454856
2454.0;0.015302583076023234;0.01975889285328144;0.03540100250626566
2455.5;0.01756784719931273;0.017699115044247787;0.024691358024691357
2457.0;0.016749587747684248;0.019408502772643253;0.02628968253968254
2458.5;0.09340659340659341;0.01810895810084204;0.024780175859312557
2460.0;0.015095605501509561;0.018533328860806126;0.021529324424647365
2461.5;0.07551140668406431;0.019142066420664204;0.02171867350614722
2463.0;0.015731292517006803;0.019675925925925927;0.03654582964927793
2464.5;0.017094017094017096;0.017825311942959002;0.051791530944625415
2466.0;0.01865038996269922;0.019731800766283527;0.03651166944510598
2467.5;0.09190371991247265;0.06581485053037608;0.03585049580472921
2469.0;0.09190371991247265;0.018619677256575023;0.049010670257950896
2470.5;0.018010291595197254;0.015414729630535846;0.042873171135759516
2472.0;0.018197573656845753;0.0470532319391635;0.05719773480315244
2473.5;0.018197573656845753;0.016638225255972697;0.26252512202124595
2475.0;0.04657515453767814;0.016745540589734254;0.06817268795604896
2476.5;0.018010291595197254;0.017547197908565945;0.021390237669307432
2478.0;0.01597712748065927;0.016638225255972697;0.020342615078241783
2479.5;0.016403046280023436;0.016638225255972697;0.07616892911010559
2481.0;0.08033826638477802;0.01850632726208763;0.02075969745624035
2482.5;0.018010291595197254;0.043703007518796994;0.020181722872619257
2484.0;0.019675925925925927;0.048187022900763356;0.05128205128205128
2485.5;0.01675356994726551;0.0863169700629799;0.04111405835543767
2487.0;0.055844907407407406;0.01836806645203033;0.024120044460911448
2488.5;0.038100208768267224;0.016568094782873223;0.021949404761904764
2490.0;0.01733902966659057;0.01597712748065927;0.020240539747726608
2491.5;0.018533328860806126;0.016676298192025096;0.03212682379349045
2493.0;0.016638225255972697;0.015871286409530037;0.02012072434607646
2494.5;0.01865038996269922;0.047619047619047616;0.05265448215839861
2496.0;0.017623877982923447;0.07076132648295189;0.04236902050113895
2497.5;0.018876611418047883;0.01663225731761437;0.016675433232268375
2499.0;0.046149862995965386;0.015414729630535846;0.03791773778920309
2500.5;0.018351361912818685;0.015154962909024714;0.02080873671782763
2502.0;0.018470790378006873;0.015907416444202047;0.01828157307511209
2503.5;0.015731292517006803;0.014922830014276238;0.19246031746031736
2505.0;0.016638225255972697;0.014922830014276238;0.05227743271221532
2506.5;0.0175513698630137;0.014862797581572475;0.10099652630420775
2508.0;0.04536862003780718;0.014846432385212723;0.0446533490011751
2509.5;0.03798297314996725;0.015095605501509561;0.033950617283950615
2511.0;0.046489563567362426;0.017547197908565945;0.017699115044247787
2512.5;0.08048289738430583;0.017465858520325457;0.02210884353741497
2514.0;0.018803418803418803;0.015724726735506497;0.0350922131147541
2515.5;0.01702553830746119;0.048187022900763356;0.01733025239957341
2517.0;0.06847253574115876;0.04536862003780718;0.05021367521367521
2518.5;0.08602150537634409;0.016745540589734254;0.018879124267653407
2520.0;0.016863406408094434;0.016745540589734254;0.018778526407302758
2521.5;0.0741235580813308;0.015809071886378992;0.03828715365239294
2523.0;0.05376344086021505;0.016638225255972697;0.037795002313743636
2524.5;0.016664843504300385;0.016638225255972697;0.018666942722414
2526.0;0.01726263871763255;0.0161839863713799;0.03240740740740741
2527.5;0.09167283704505326;0.01608187134502924;0.021384021384021387
2529.0;0.01865038996269922;0.049329501915708805;0.03912250339117825
2530.5;0.01850632726208763;0.049329501915708805;0.016632115773746674
2532.0;0.016429426632965278;0.0161839863713799;0.05973025048169557
2533.5;0.017302798982188294;0.048187022900763356;0.019327580007191657
2535.0;0.04999595164646538;0.015731292517006803;0.018086080586080584
2536.5;0.04083665338645418;0.07551140668406431;0.03699941781967274
2538.0;0.01654091700522345;0.014945495799148322;0.03537252221462748
2539.5;0.018683274021352312;0.0161839863713799;0.03398920977467471
2541.0;0.017015706806282723;0.0170487948265726;0.04038780765745152
2542.5;0.03379065040650407;0.015095605501509561;0.018741633199464522
2544.0;0.019020693899530733;0.08893709327548807;0.03982067510548524
2545.5;0.018010291595197254;0.03608247422680412;0.01859099804305284
2547.0;0.019142066420664204;0.01897923971725942;0.018687378743987033
2548.5;0.017373380447585393;0.016664843504300385;0.05969267139479905
2550.0;0.01850632726208763;0.018010291595197254;0.03167271527548663
2551.5;0.09087154068566708;0.05304329189884269;0.018532478954642544
2553.0;0.01850632726208763;0.0153103221203973;0.01834862385321101
2554.5;0.0425033467202142;0.01672535211267606;0.05251256281407036
2556.0;0.017094017094017096;0.017368069472277887;0.025746183640920482
2557.5;0.049329501915708805;0.08544854220099643;0.020134796565125374
2559.0;0.0175513698630137;0.08544854220099643;0.017060054570982017
2560.5;0.015095605501509561;0.015842570532438566;0.032542579075425786
2562.0;0.017754480892796753;0.014929429479221547;0.03979473550532627
2563.5;0.01842179442537598;0.015734861085035873;0.0188212927756654
2565.0;0.015280135823429542;0.0182842818306487;0.018610372994783977
2566.5;0.016638225255972697;0.015693588808928575;0.01904761904761905
2568.0;0.051059730250481696;0.015731292517006803;0.017924528301886795
2569.5;0.016897746967071057;0.015731292517006803;0.034408602150537634
2571.0;0.03919631093544137;0.015280135823429542;0.04817613718936202
2572.5;0.07894736842105263;0.016745540589734254;0.02161016949152542
2574.0;0.01865038996269922;0.015743018124095107;0.01731421817211271
2575.5;0.017094017094017096;0.045928030303030304;0.0637630919014604
2577.0;0.041250831669993354;0.045928030303030304;0.039115646258503396
2578.5;0.01865038996269922;0.015731292517006803;0.03510298810559907
2580.0;0.018470790378006873;0.041666666666666664;0.036165577342047936
2581.5;0.03988673139158575;0.0189328743545611;0.03920807453416149
2583.0;0.017227748740141255;0.04990403071017274;0.017986394140900315
2584.5;0.06888182729864874;0.0189328743545611;0.019230769230769232
2586.0;0.01575084893123288;0.01654091700522345;0.020435244161358813
2587.5;0.017094017094017096;0.0189328743545611;0.019988709842964178
2589.0;0.09492273730684328;0.015095605501509561;0.03747959516813581
2590.5;0.045424870983492904;0.015871286409530037;0.027943051423714404
2592.0;0.01880211355937601;0.041666666666666664;0.03324142156862745
2593.5;0.018550268352090525;0.017623877982923447;0.021158950162194042
2595.0;0.018052243358660087;0.01606832657788072;0.020383204239706482
2596.5;0.03423626787057938;0.01967799642218247;0.03400537634408602
2598.0;0.03787333376966207;0.018010291595197254;0.036879108421177746
2599.5;0.018836565096952907;0.017623877982923447;0.01900256574727389
2601.0;0.018350729940098284;0.017754480892796753;0.01950286806883365
2602.5;0.018832655731576244;0.018470790378006873;0.03671792971403866
2604.0;0.022647647647647647;0.03557483731019522;0.037626654833222396
2605.5;0.017676913501825434;0.016187271319071658;0.017928185249413447
2607.0;0.01643951102992834;0.01756386861313869;0.034670398009950254
2608.5;0.01923284128865424;0.01583436633020483;0.01991033755274262
2610.0;0.019527766042341455;0.0189328743545611;0.016674644965693316
2611.5;0.0425033467202142;0.017094017094017096;0.02038295734045648
2613.0;0.01612259159428971;0.018470790378006873;0.020167303885680193
2614.5;0.018086080586080584;0.0161839863713799;0.02031765860622825
2616.0;0.017645059094131093;0.03297872340425532;0.020581655480984343
2617.5;0.04516876240900066;0.01793488957997087;0.02300150829562594
2619.0;0.05561797752808989;0.016638225255972697;0.03525309917355371
2620.5;0.018032885671938247;0.016285076905013504;0.02486498649864986
2622.0;0.018876611418047883;0.018612132352941176;0.02044063459534391
2623.5;0.018047156089719053;0.017215791035915702;0.03792134831460674
2625.0;0.017316539102834528;0.015225395561747438;0.03635265700483092
2626.5;0.03879026955950033;0.016348533050547898;0.03724747474747475
2628.0;0.049515381373788456;0.038385826771653545;0.052204295550303155
2629.5;0.017699115044247787;0.01606832657788072;0.016718268096138803
2631.0;0.015095605501509561;0.01584887731663337;0.017824497257769654
2632.5;0.018224866440019426;0.014961939656692416;0.019292604501607715
2634.0;0.01834862385321101;0.017222129645059158;0.03913331128018524
2635.5;0.018957323977650316;0.018612132352941176;0.018281413737258268
2637.0;0.016312862064772598;0.04208416833667335;0.021191464137522226
2638.5;0.01890359168241966;0.015716780441339895;0.020052693208430915
2640.0;0.018890750464520517;0.017699115044247787;0.017880329295227898
2641.5;0.018029274044029733;0.015731292517006803;0.03469827586206897
2643.0;0.06900452488687782;0.018323203432248837;0.020410766679423396
2644.5;0.01537736404878336;0.06047492232578785;0.03832986917716103
2646.0;0.017602258411202307;0.052161813615692665;0.03440545461035948
2647.5;0.017699115044247787;0.01749271137026239;0.018846829579939307
2649.0;0.018026004728132386;0.017373380447585393;0.0196525928743502
2650.5;0.01869087161947359;0.016403046280023436;0.021191464137522226
2652.0;0.01854108030998188;0.016335052812576762;0.01554091064283416
2653.5;0.018086080586080584;0.0425033467202142;0.041250831669993354
2655.0;0.05970809376382132;0.01606832657788072;0.020788912579957356
2656.5;0.038385826771653545;0.07224770642201835;0.018086080586080584
2658.0;0.044197031039136296;0.01865038996269922;0.017825311942959002
2659.5;0.01658516707416463;0.046489563567362426;0.02080873671782763
2661.0;0.0162748643761302;0.017302798982188294;0.017949415284199077
2662.5;0.01834862385321101;0.017699115044247787;0.020625415834996677
2664.0;0.04420654596449053;0.018610244807272875;0.0212516733601071
2665.5;0.018487434139972954;0.019139945314441957;0.05782828282828282
2667.0;0.018856326264191356;0.018683274021352312;0.019142066420664204
2668.5;0.018876611418047883;0.047619047619047616;0.020129774369562013
2670.0;0.01537736404878336;0.06680240449873957;0.03781160296117238
2671.5;0.019527766042341455;0.015169024857862827;0.018254546625813804
2673.0;0.0159809754693413;0.018918918918918916;0.016425485674909226
2674.5;0.018010291595197254;0.018676045941075577;0.01756386861313869
2676.0;0.041666666666666664;0.03548336472065286;0.03469827586206897
2677.5;0.048187022900763356;0.03640873546973314;0.019179429534916397
2679.0;0.017094017094017096;0.01764014501404396;0.04358974358974358
2680.5;0.01871657754010695;0.015746613139169294;0.015414729630535846
2682.0;0.01865563356469833;0.01675203627508607;0.01834862385321101
2683.5;0.03758169934640523;0.019032919097788068;0.017824497257769654
2685.0;0.018076978710534278;0.03608247422680412;0.015302583076023234
2686.5;0.045086351826379344;0.0527171621865778;0.07703984819734344
2688.0;0.01862097440132122;0.016089299461123942;0.018060985144644253
2689.5;0.018185821224130337;0.018010291595197254;0.01672535211267606
2691.0;0.016089299461123942;0.04260299625468165;0.053598503992722125
2692.5;0.018470790378006873;0.01882395123700251;0.0161839863713799
2694.0;0.015414729630535846;0.0161839863713799;0.0189328743545611
2695.5;0.01904761904761905;0.020484171322160148;0.016403046280023436
2697.0;0.03164091243561443;0.017961645808949312;0.07964135021097048
2698.5;0.03608247422680412;0.01950286806883365;0.018470790378006873
2700.0;0.04516111384649051;0.01878720371767693;0.017547197908565945
2701.5;0.020656370656370653;0.01939343350027824;0.07216102560980384
2703.0;0.01738191370786101;0.018371212121212118;0.05048076923076923
2704.5;0.018941664002870003;0.018790849673202614;0.017094017094017096
2706.0;0.015597920277296359;0.03511762700306853;0.045928030303030304
2707.5;0.015391049145315102;0.0425033467202142;0.04703135423615744
2709.0;0.017015706806282723;0.018696834582424188;0.04640718562874251
2710.5;0.0857089505788622;0.01757469244288225;0.016838000708968452
2712.0;0.0161839863713799;0.01834862385321101;0.018027686896003935
2713.5;0.0370850622406639;0.016209169954000083;0.017971946230274694
2715.0;0.018052243358660087;0.016680743654481255;0.0175513698630137
2716.5;0.04083665338645418;0.01572597247694135;0.016745540589734254
2718.0;0.01834862385321101;0.0189328743545611;0.017373380447585393
2719.5;0.018086080586080584;0.019139945314441957;0.018487434139972954
2721.0;0.0549588490842011;0.02018348623853211;0.08837705708187014
2722.5;0.018026004728132386;0.05376344086021505;0.04425612052730697
2724.0;0.03612385321100917;0.017792037334111128;0.0161839863713799
2725.5;0.03919631093544137;0.017114956021708434;0.0175513698630137
2727.0;0.02003052270125906;0.04901960784313726;0.08386958386958387
2728.5;0.015993468133134816;0.016429426632965278;0.017971946230274694
2730.0;0.01808662541646835;0.018010291595197254;0.0970464135021097
2731.5;0.018796415559245522;0.016897746967071057;0.016335052812576762
2733.0;0.01654091700522345;0.01814552172099398;0.019013032926225155
2734.5;0.041250831669993354;0.07279693486590039;0.0170487948265726
2736.0;0.018195147960543855;0.018595825426944972;0.01850632726208763
2737.5;0.017915333245656334;0.018197573656845753;0.07620041753653445
2739.0;0.018612132352941176;0.01879117923894043;0.015414729630535846
2740.5;0.016420118343195265;0.017847922818538867;0.045427147793940366
2742.0;0.018022181146025877;0.015001087035292413;0.01882395123700251
2743.5;0.015646127100637435;0.06790123456790123;0.018047156089719053
2745.0;0.05358531653445326;0.05417575046117726;0.01859246451687189
2746.5;0.019013666072489603;0.01834862385321101;0.08302956662616444
2748.0;0.018314772574802095;0.018028727092620107;0.05819060166886253
2749.5;0.037422037422037424;0.05320033250207814;0.04460242232754081
2751.0;0.018354055654233276;0.017373380447585393;0.017785732995721646
2752.5;0.015188609731168737;0.017924528301886795;0.0175513698630137
2754.0;0.03528138528138528;0.01904761904761905;0.01597712748065927
2755.5;0.016988416988416986;0.01941684776984373;0.01597712748065927
2757.0;0.016716209127469836;0.021868250539956804;0.017094017094017096
2758.5;0.015280135823429542;0.018147448015122872;0.015280135823429542
2760.0;0.0562645011600928;0.01862097440132122;0.015001087035292413
2761.5;0.01882395123700251;0.01670998886000743;0.017699115044247787
2763.0;0.017699115044247787;0.01905837418975743;0.017015706806282723
2764.5;0.05405268490374873;0.034912718204488775;0.017934291168491913
2766.0;0.017654572722154673;0.034670398009950254;0.017094017094017096
2767.5;0.037422037422037424;0.1107871720116618;0.042185338865836794
2769.0;0.017391304347826087;0.03450226244343891;0.019142066420664204
2770.5;0.03450226244343891;0.02080873671782763;0.017645059094131093
2772.0;0.017699115044247787;0.01950087802344315;0.01834862385321101
2773.5;0.04878444084278768;0.03324808184143222;0.015654541329501625
2775.0;0.016519477970758513;0.018466584603151544;0.03557483731019522
2776.5;0.0189328743545611;0.021776787923781245;0.017155756207674944
2778.0;0.01733025239957341;0.0796020863996695;0.09624697336561742
2779.5;0.018487434139972954;0.021209753919982144;0.017971946230274694
2781.0;0.01904761904761905;0.034096389004390326;0.034408602150537634
2782.5;0.01950286806883365;0.016237202183172292;0.016285076905013504
2784.0;0.018584070796460177;0.0332403287836513;0.017015706806282723
2785.5;0.01726507605590302;0.020618556701030927;0.10120481927710843
2787.0;0.01645021645021645;0.0188212927756654;0.03476482617586912
2788.5;0.017596390484003282;0.04719101123595506;0.018076978710534278
2790.0;0.0857142857142857;0.01834862385321101;0.017747149112575897
2791.5;0.01730418943533698;0.019719785978266867;0.04048931011681728
2793.0;0.01749271137026239;0.04666666666666666;0.03503787878787879
2794.5;0.018848906360245943;0.01678765880217786;0.018876611418047883
2796.0;0.01733025239957341;0.019185895773917553;0.017792037334111128
2797.5;0.0196525928743502;0.016724294903780995;0.018371212121212118
2799.0;0.01772583585828775;0.01754649070185963;0.01623931623931624
2800.5;0.016638225255972697;0.01730418943533698;0.01597712748065927
2802.0;0.017164417047507707;0.019673731176798662;0.0363872644574399
2803.5;0.017373380447585393;0.03498920086393088;0.018047156089719053
2805.0;0.015861825872400422;0.04396402628848149;0.01730418943533698
2806.5;0.01842800035618964;0.039258582556015005;0.01678424862821045
2808.0;0.01776252720300414;0.019246009283369184;0.042820886656946916
2809.5;0.017373380447585393;0.018371212121212118;0.018017942087714626
2811.0;0.017754480892796753;0.01949754232659749;0.03439838802533104
2812.5;0.08224351322206593;0.017811139594990814;0.04876847290640394
2814.0;0.01834862385321101;0.01929824561403509;0.018790849673202614
2815.5;0.01675203627508607;0.03674948240165632;0.031820110309715745
2817.0;0.016335052812576762;0.03436018957345971;0.04611450255733378
2818.5;0.016403046280023436;0.02118989405052975;0.018610372994783977
2820.0;0.0350922131147541;0.07372280766623529;0.03297872340425532
2821.5;0.056249999999999994;0.017830478700043915;0.03646288209606987
2823.0;0.018284611141753997;0.03370786516853933;0.017019391672408703
2824.5;0.03423626787057938;0.018549642079053845;0.06196903907872381
2826.0;0.016429426632965278;0.019114380899500277;0.06024700887688151
2827.5;0.017094017094017096;0.018022181146025877;0.041973370859493396
2829.0;0.01749271137026239;0.019492203118752497;0.01900670824997058
2830.5;0.017094017094017096;0.018612132352941176;0.035870859165301694
2832.0;0.05595393307257713;0.03450226244343891;0.019274809160305342
2833.5;0.03801916932907348;0.018006976246838197;0.020329437179338813
2835.0;0.019801980198019802;0.0336815447926559;0.04953231292517008
2836.5;0.01831083154341823;0.019580591815910767;0.015485263812109516
2838.0;0.01810699588477366;0.044948948383757584;0.020024461330280005
2839.5;0.017465753424657532;0.017481694502549227;0.04785894206549119
2841.0;0.016350508084219045;0.018022181146025877;0.019524316648917288
2842.5;0.061303890641430075;0.01942319011183049;0.08458244111349036
2844.0;0.07705615012461516;0.04012304987914744;0.0188212927756654
2845.5;0.04083665338645418;0.01861667447220768;0.018413173652694608
2847.0;0.08265594250021391;0.017824497257769654;0.056686046511627904
2848.5;0.04083665338645418;0.02012072434607646;0.02038295243977764
2850.0;0.019142066420664204;0.020212060967528162;0.07851985559566788
2851.5;0.015154962909024714;0.017293114339861023;0.03412017167381975
2853.0;0.015731292517006803;0.03423626787057938;0.018683274021352312
2854.5;0.043703007518796994;0.015531530302513558;0.03164091243561443
2856.0;0.017754480892796753;0.01846545686087233;0.06325301204819277
2857.5;0.0470532319391635;0.017427675148135237;0.03584015103838892
2859.0;0.015095605501509561;0.017699115044247787;0.022603485838779955
2860.5;0.015095605501509561;0.01756386861313869;0.03855023132056476
2862.0;0.015095605501509561;0.05304329189884269;0.044055977854287366
2863.5;0.07087532272840844;0.03370786516853933;0.019944341372912802
2865.0;0.047619047619047616;0.05928538479280387;0.03876043673731535
2866.5;0.01865038996269922;0.01834862385321101;0.019408502772643253
2868.0;0.014910112661872163;0.018595825426944972;0.02000645369474024
2869.5;0.0161839863713799;0.05099700897308076;0.0158504140592798
2871.0;0.01865038996269922;0.01834862385321101;0.017222129645059158
2872.5;0.03599221789883269;0.03383297644539615;0.021384021384021387
2874.0;0.016863406408094434;0.017971946230274694;0.02000191314329443
2875.5;0.015095605501509561;0.018902169101372285;0.018879124267653407
2877.0;0.01597712748065927;0.03476482617586912;0.017839559803069796
2878.5;0.018354055654233276;0.01672535211267606;0.032135306553911204
2880.0;0.018026004728132386;0.02080873671782763;0.020882299764961126
2881.5;0.015095605501509561;0.01756386861313869;0.04411764705882352
2883.0;0.016863406408094434;0.017391304347826087;0.018191825454242635
2884.5;0.0334685598377282;0.060130331753554506;0.057109557109557105
2886.0;0.02019230769230769;0.053692006098889127;0.05096618357487923
2887.5;0.018696455568620863;0.07787864309603439;0.038441422594142266
2889.0;0.018013340229591664;0.0351499959569823;0.03859601936525013
2890.5;0.017624472899133038;0.018303033548421645;0.04135637670843784
2892.0;0.01754756482088002;0.01903585446208736;0.04267689262741217
2893.5;0.016638225255972697;0.03557838660578387;0.03215077605321508
2895.0;0.018937169700528483;0.0189328743545611;0.03266518188567186
2896.5;0.01672535211267606;0.017699115044247787;0.0993532941578833
2898.0;0.04536862003780718;0.016604605213162094;0.024691358024691357
2899.5;0.018197573656845753;0.017083111144968386;0.019598155467720684
2901.0;0.0175513698630137;0.017699115044247787;0.053978268489309485
2902.5;0.04516876240900066;0.01929282065071256;0.020240539747726608
2904.0;0.01694768198513463;0.04047456151262595;0.017661507160658167
2905.5;0.03411405295315682;0.04351204351204352;0.033445440956651716
2907.0;0.02041832669322709;0.017761087477605905;0.0186715913584241
2908.5;0.015414729630535846;0.036297416162726776;0.018197573656845753
2910.0;0.017656852955616538;0.060256410256410264;0.03706140350877192
2911.5;0.016644053242789555;0.019138359569179784;0.01765061454765263
2913.0;0.018197573656845753;0.12439024390243902;0.0350922131147541
2914.5;0.02022916961380676;0.07641668000640306;0.0188212927756654
2916.0;0.016335052812576762;0.019656388443681904;0.03423626787057938
2917.5;0.01512779241718377;0.03646275575453588;0.0562645011600928
2919.0;0.018876611418047883;0.041327014213942664;0.01958413926499033
2920.5;0.017373380447585393;0.019731800766283527;0.019292604501607715
2922.0;0.0189328743545611;0.03964833112891932;0.035751028806584366
2923.5;0.0189328743545611;0.01950286806883365;0.01856510364258402
2925.0;0.016403046280023436;0.01871226912632689;0.034408602150537634
2926.5;0.018610244807272875;0.06470588235294118;0.05408970976253298
2928.0;0.016638225255972697;0.05882658359293873;0.03412017167381975
2929.5;0.018010291595197254;0.03297872340425532;0.05124892334194659
2931.0;0.017015706806282723;0.019675925925925927;0.041728031418753066
2932.5;0.016830578931359627;0.017089125102207687;0.03612385321100917
2934.0;0.01749271137026239;0.015096975458092843;0.036665513663092356
2935.5;0.017971946230274694;0.018284611141753997;0.020429159318048208
2937.0;0.017934291168491913;0.020212060967528162;0.02034425929316975
2938.5;0.017754480892796753;0.020547558566186848;0.020160724038386514
2940.0;0.08386752136752137;0.03208232445520581;0.01999553962525459
2941.5;0.017094017094017096;0.03412017167381975;0.0268640350877193
2943.0;0.03469827586206897;0.01702417972964397;0.022296960637767812
2944.5;0.017971946230274694;0.049554781262098335;0.020634552068634984
2946.0;0.015731292517006803;0.017415643607730548;0.020611702127659573
2947.5;0.0161839863713799;0.01797459420966801;0.021194100856327308
2949.0;0.019142066420664204;0.017825311942959002;0.019598155467720684
2950.5;0.017773776536674248;0.017824497257769654;0.02503947665237988
2952.0;0.0699707547756829;0.018143754361479414;0.024103274995667993
2953.5;0.019731800766283527;0.034408602150537634;0.02503947665237988
2955.0;0.015195702225633155;0.01929824561403509;0.023020120781934227
2956.5;0.017697567180791858;0.01904761904761905;0.03584402776400563
2958.0;0.01865038996269922;0.03510298810559907;0.021058114714089013
2959.5;0.0189328743545611;0.048809943765433385;0.020714479760934528
2961.0;0.019527766042341455;0.016908479154174365;0.018991486574983625
2962.5;0.017094017094017096;0.04460242232754081;0.03400537634408602
2964.0;0.01597712748065927;0.017579028527370855;0.021253206302674972
2965.5;0.01597712748065927;0.03612385321100917;0.17263851973011654
2967.0;0.015414729630535846;0.016293098349991132;0.02126615778524397
2968.5;0.018010291595197254;0.019263204616067467;0.036652653704676824
2970.0;0.019345238095238096;0.02046783625730994;0.04316167571155273
2971.5;0.018010291595197254;0.017974233584704832;0.04488683989941324
2973.0;0.018010291595197254;0.01876706516392677;0.03446906807189778
2974.5;0.01865038996269922;0.03695150115473441;0.02233258836189057
2976.0;0.01865038996269922;0.03557483731019522;0.034670398009950254
2977.5;0.01850632726208763;0.01890359168241966;0.0657501494321578
2979.0;0.0161839863713799;0.02005516505027138;0.02692083325492558
2980.5;0.0161839863713799;0.0562645011600928;0.11891891891891891
2982.0;0.01850632726208763;0.03674948240165632;0.04236172930293765
2983.5;0.0175513698630137;0.01812240047534165;0.042014136567019
2985.0;0.016863406408094434;0.018937169700528483;0.03570294369121778
2986.5;0.017547197908565945;0.01741884402216944;0.046422446512412494
2988.0;0.015769487034319674;0.016638685693728266;0.038427784332273576
2989.5;0.017094017094017096;0.019626168224299065;0.0482573726541555
2991.0;0.0189328743545611;0.017045454545454544;0.023276240667545016
2992.5;0.016745540589734254;0.016674644965693316;0.03655959425190194
2994.0;0.0350922131147541;0.019527766042341455;0.020429159318048208
2995.5;0.015414729630535846;0.03241525423728814;0.03463203463203463
2997.0;0.0185554688027144;0.01654091700522345;0.021686422413793104
2998.5;0.015731292517006803;0.018323203432248837;0.035913856972436736
3000.0;0.017754480892796753;0.01678765880217786;0.06789364118092353
3001.5;0.05048076923076923;0.05630026809651474;0.01925225748084394
3003.0;0.017623877982923447;0.040424121935056324;0.037290502793296085
3004.5;0.015809071886378992;0.03266518188567186;0.024691358024691357
3006.0;0.01836806645203033;0.0857142857142857;0.03208232445520581
3007.5;0.018289844042285466;0.016043635035830027;0.027593085106382975
3009.0;0.018289844042285466;0.016745540589734254;0.024518584863412452
3010.5;0.09340659340659341;0.018991486574983625;0.020981777308974905
3012.0;0.018470790378006873;0.01756386861313869;0.04538615284421388
3013.5;0.017094017094017096;0.01834862385321101;0.050576241134751766
3015.0;0.01845342706502636;0.01925569586423465;0.021604938271604937
3016.5;0.01929824561403509;0.015160642282550445;0.04097960776661139
3018.0;0.015280135823429542;0.016671538220042654;0.05550373134328358
3019.5;0.015280135823429542;0.01672535211267606;0.04686987872828581
3021.0;0.015871286409530037;0.020435244161358813;0.022883483557640864
3022.5;0.075255126101145;0.01608187134502924;0.036116600790513834
3024.0;0.048187022900763356;0.018848906360245943;0.03480406268222651
3025.5;0.015001087035292413;0.015414729630535846;0.058109833971902926
3027.0;0.015731292517006803;0.01601318781639348;0.02247191011235955
3028.5;0.08602150537634409;0.017094017094017096;0.035016658120007677
3030.0;0.08691206543967281;0.0189328743545611;0.028152309612983775
3031.5;0.056686046511627904;0.01597712748065927;0.09044021232790055
3033.0;0.018197573656845753;0.0161839863713799;0.022153531890222206
3034.5;0.08891716143624541;0.015871286409530037;0.11892797319932999
3036.0;0.07395544879280241;0.017094017094017096;0.01927775329009508
3037.5;0.07395544879280241;0.040013227513227514;0.033950617283950615
3039.0;0.08602150537634409;0.015731292517006803;0.06122758053698535
3040.5;0.0175513698630137;0.016863406408094434;0.047962382445141075
3042.0;0.0175513698630137;0.018354055654233276;0.020014956076648542
3043.5;0.01842179442537598;0.017824497257769654;0.04111042348156662
3045.0;0.017498443680569787;0.01899906881283138;0.05965284715284714
3046.5;0.01597712748065927;0.016839556624530412;0.0215071962829756
3048.0;0.016745540589734254;0.018803418803418803;0.023356807511737087
3049.5;0.04875717017208413;0.016657965543552467;0.02091529316878872
3051.0;0.017094017094017096;0.017094017094017096;0.019434392172631012
3052.5;0.015001087035292413;0.016335052812576762;0.07651821862348178
3054.0;0.017547197908565945;0.018595825426944972;0.03597850885280516
3055.5;0.017547197908565945;0.01797915672819346;0.06748661041557445
3057.0;0.017547197908565945;0.019341334077588614;0.18749999999999992
3058.5;0.018026004728132386;0.018790849673202614;0.035762005816238306
3060.0;0.0189328743545611;0.01654091700522345;0.04175149439353094
3061.5;0.015095605501509561;0.019731800766283527;0.032311893203883495
3063.0;0.0863169700629799;0.07286108555657773;0.022234273318872018
3064.5;0.0161839863713799;0.017121863302370723;0.017924528301886795
3066.0;0.08302956662616444;0.019032396269320767;0.019395134779750165
3067.5;0.016745540589734254;0.019961612284069098;0.07383991209534273
3069.0;0.016676298192025096;0.03297872340425532;0.01913318835603373
3070.5;0.015769487034319674;0.04946808510638298;0.020966880341880344
3072.0;0.017094017094017096;0.018937169700528483;0.020776495278069258
3073.5;0.0189328743545611;0.017028829463738043;0.03680555555555556
3075.0;0.08144892908951275;0.08227397266954337;0.02264708295724953
3076.5;0.09190371991247265;0.018470790378006873;0.021849302039210105
3078.0;0.08024848949025615;0.017391304347826087;0.024940047961630695
3079.5;0.04875717017208413;0.018612132352941176;0.02330978809283552
3081.0;0.01842179442537598;0.019013666072489603;0.04815864022662889
3082.5;0.017094017094017096;0.016429426632965278;0.02250453720508167
3084.0;0.015001087035292413;0.019082371238858645;0.03737079247283329
3085.5;0.08569059601627427;0.017825311942959002;0.01883376011544697
3087.0;0.018332165356039182;0.017422563586744363;0.05062861026163779
3088.5;0.07993273782747468;0.017824497257769654;0.05209380234505862
3090.0;0.07993273782747468;0.018612132352941176;0.04024197790636508
3091.5;0.0161839863713799;0.0196525928743502;0.06613611416026344
3093.0;0.018010291595197254;0.0510332532096923;0.02118005062745732
3094.5;0.015001087035292413;0.01834862385321101;0.02104823902520447
3096.0;0.015280135823429542;0.01645021645021645;0.07750865051903114
3097.5;0.017754480892796753;0.015731292517006803;0.08173076923076923
3099.0;0.017094017094017096;0.01645021645021645;0.020328081491329437
3100.5;0.017094017094017096;0.01608187134502924;0.021061269146608316
3102.0;0.01850632726208763;0.017971946230274694;0.020966880341880344
3103.5;0.017824497257769654;0.015050831498364467;0.05557432432432431
3105.0;0.020833333333333332;0.03240740740740741;0.020445681847727177
3106.5;0.01746599856836077;0.03574771040844976;0.033713054187192115
3108.0;0.04425612052730697;0.01566049922115421;0.01984536082474227
3109.5;0.017754480892796753;0.016790563992411366;0.03442928039702233
3111.0;0.0470532319391635;0.01851851851851852;0.05680374747119967
3112.5;0.0470532319391635;0.053562653562653564;0.019816079387552633
3114.0;0.01865038996269922;0.01834061135371179;0.0395729850985419
3115.5;0.07318094281168887;0.03185654008438818;0.023419547767693196
3117.0;0.01597712748065927;0.018595825426944972;0.019285657338754685
3118.5;0.01597712748065927;0.01846102916835252;0.05933363760839799
3120.0;0.05669428696031399;0.018991486574983625;0.03538251366120218
3121.5;0.07676194962733651;0.018086080586080584;0.04110885733603786
3123.0;0.0161839863713799;0.0363872644574399;0.05194358445132439
3124.5;0.017699115044247787;0.03191137566137566;0.059848871822873545
3126.0;0.017699115044247787;0.01789398508173306;0.0356286399451867
3127.5;0.01597712748065927;0.018026004728132386;0.03755692338487715
3129.0;0.017498443680569787;0.01654091700522345;0.05406017460291327
3130.5;0.01749271137026239;0.018610244807272875;0.023835920177383594
3132.0;0.016830578931359627;0.018836565096952907;0.03564698492462312
3133.5;0.01597712748065927;0.01578920442717981;0.02615017361111111
3135.0;0.01597712748065927;0.017094017094017096;0.038333581607825615
3136.5;0.018354055654233276;0.016863406408094434;0.05062861026163779
3138.0;0.01865038996269922;0.014945495799148322;0.03614267676767677
3139.5;0.014945495799148322;0.014870091759449306;0.03407395898073338
3141.0;0.0161839863713799;0.017699115044247787;0.020776495278069258
3142.5;0.016745540589734254;0.01654091700522345;0.02018995674252398
3144.0;0.046489563567362426;0.016308462709056427;0.10485810485810483
3145.5;0.018010291595197254;0.017804883221787336;0.05432475737937222
3147.0;0.018010291595197254;0.016745540589734254;0.044620578815655884
3148.5;0.015095605501509561;0.07318094281168887;0.042674993494665615
3150.0;0.016293098349991132;0.036783854166666664;0.09109311740890688
3151.5;0.01672535211267606;0.015280135823429542;0.03651340054093926
3153.0;0.015095605501509561;0.017754480892796753;0.11242603550295861
3154.5;0.015095605501509561;0.018470790378006873;0.03325158823642999
3156.0;0.01612259159428971;0.018010291595197254;0.036048470630299694
3157.5;0.018197573656845753;0.03599221789883269;0.019630546372742825
3159.0;0.016937514305333027;0.017699115044247787;0.05024176898837336
3160.5;0.014965094221118901;0.016745540589734254;0.04315389116442365
3162.0;0.050556983718937444;0.018026004728132386;0.07317073170731708
3163.5;0.017945286304307154;0.016863406408094434;0.02133201750220567
3165.0;0.018316511999465577;0.01842179442537598;0.04183496826312753
3166.5;0.031135531135531136;0.016638225255972697;0.03560830860534124
3168.0;0.07485824586801786;0.015001087035292413;0.021658409332365593
3169.5;0.016638225255972697;0.01702553830746119;0.06005859375000001
3171.0;0.014945495799148322;0.0161839863713799;0.037493384143114226
3172.5;0.017373380447585393;0.019013666072489603;0.01867824259662563
3174.0;0.1074561403508772;0.015871286409530037;0.025624461670973295
3175.5;0.016821418488660245;0.016937514305333027;0.03418860577959087
3177.0;0.016052757544824884;0.015831002263857863;0.02628558310376492
3178.5;0.01780160609014529;0.017515962224757837;0.03514986376021799
3180.0;0.017699115044247787;0.014876094763841663;0.02332418020315602
3181.5;0.050794146515570626;0.017433311232636223;0.0588103320225352
3183.0;0.019408502772643253;0.048187022900763356;0.052973981492164764
3184.5;0.01675356994726551;0.017094017094017096;0.06891300628192906
3186.0;0.017368069472277887;0.06859415127164278;0.021357720414344118
3187.5;0.036415289256198344;0.017547197908565945;0.037492410443230116
3189.0;0.016293098349991132;0.017547197908565945;0.01973775017253278
3190.5;0.01783664661861255;0.04875717017208413;0.01890359168241966
3192.0;0.0161839863713799;0.04875717017208413;0.020999704229517892
3193.5;0.048187022900763356;0.08508990794115118;0.020639200083760863
3195.0;0.01672535211267606;0.017094017094017096;0.02114561027837259
3196.5;0.017094017094017096;0.015731292517006803;0.031135531135531136
3198.0;0.018010291595197254;0.015731292517006803;0.03752800597460791
3199.5;0.0161839863713799;0.07868285545991754;0.03397147147147147
3201.0;0.016403046280023436;0.048187022900763356;0.01835078161749423
3202.5;0.017015706806282723;0.06508515815085157;0.01654091700522345
3204.0;0.016838000708968452;0.017679771605305417;0.02051122826582856
3205.5;0.04439674437646246;0.017679771605305417;0.04319038642789821
3207.0;0.016863406408094434;0.08985066835697907;0.018602803923904843
3208.5;0.01942319011183049;0.04526298210110616;0.042398319075491527
3210.0;0.01769786396640252;0.08675601797563326;0.018559977888336097
3211.5;0.01672535211267606;0.07118594800088668;0.01765330501725511
3213.0;0.016638225255972697;0.07277933836536933;0.016458996710912933
3214.5;0.017373380447585393;0.015731292517006803;0.04820740227876551
3216.0;0.018010291595197254;0.017623877982923447;0.01562557718591851
3217.5;0.01608187134502924;0.06277533039647576;0.04409448818897638
3219.0;0.017699115044247787;0.017094017094017096;0.019165378670788255
3220.5;0.01775534628830588;0.016863406408094434;0.018595825426944972
3222.0;0.018143754361479414;0.01597712748065927;0.019521149865250168
3223.5;0.039603960396039604;0.016676298192025096;0.017283802732544623
3225.0;0.016638225255972697;0.016638225255972697;0.018876611418047883
3226.5;0.016429426632965278;0.016638225255972697;0.03557838660578387
3228.0;0.015037639142305628;0.08508990794115118;0.035869565217391305
3229.5;0.0170487948265726;0.016638225255972697;0.0590100949224047
3231.0;0.01597712748065927;0.015095605501509561;0.034110097939885176
3232.5;0.047619047619047616;0.069651277654558;0.020006613756613757
3234.0;0.018026004728132386;0.08954302181967888;0.018902169101372285
3235.5;0.015871286409530037;0.016745540589734254;0.031435154707044104
3237.0;0.04536862003780718;0.016745540589734254;0.03215077605321508
3238.5;0.10036678892964322;0.018010291595197254;0.020290639251758523
3240.0;0.0161839863713799;0.07425742574257424;0.019395134779750165
3241.5;0.018323203432248837;0.0161839863713799;0.018395573997233752
3243.0;0.018026004728132386;0.04083665338645418;0.0390376660134988
3244.5;0.018610244807272875;0.017754480892796753;0.01952527513523596
3246.0;0.01597712748065927;0.03919631093544137;0.03257191201353638
3247.5;0.015095605501509561;0.015001087035292413;0.019395134779750165
3249.0;0.018470790378006873;0.0161839863713799;0.021686422413793104
3250.5;0.03879026955950033;0.07548669050456894;0.033950617283950615
3252.0;0.05478980013783597;0.08386958386958387;0.04640095181439619
3253.5;0.04536862003780718;0.014910112661872163;0.019719771665801765
3255.0;0.017373380447585393;0.01597712748065927;0.019731800766283527
3256.5;0.017971946230274694;0.017754480892796753;0.04172622319956021
3258.0;0.015280135823429542;0.017547197908565945;0.03653662726257082
3259.5;0.015731292517006803;0.018010291595197254;0.018969902126199548
3261.0;0.017373380447585393;0.016638225255972697;0.03185386473429951
3262.5;0.018010291595197254;0.01967799642218247;0.020329437179338813
3264.0;0.03443877551020408;0.017094017094017096;0.07456140350877194
3265.5;0.01950286806883365;0.015095605501509561;0.04236913869247291
3267.0;0.038441422594142266;0.015095605501509561;0.0212516733601071
3268.5;0.01834862385321101;0.016863406408094434;0.019464489175845045
3270.0;0.017824497257769654;0.015095605501509561;0.020192168761739633
3271.5;0.01835078161749423;0.01726263871763255;0.0220508658008658
3273.0;0.018284611141753997;0.016785765670711238;0.020625415834996677
3274.5;0.017373380447585393;0.06814677767499229;0.0186715913584241
3276.0;0.01606832657788072;0.0451196497320148;0.02204899777282851
3277.5;0.01733025239957341;0.01654091700522345;0.033445440956651716
3279.0;0.04607949801859386;0.017824497257769654;0.020240539747726608
3280.5;0.018816236238296122;0.043375515247724795;0.019098466389565714
3282.0;0.018026004728132386;0.03919631093544137;0.03612385321100917
3283.5;0.016745540589734254;0.016403046280023436;0.01950286806883365
3285.0;0.019731800766283527;0.018354055654233276;0.01654091700522345
3286.5;0.016317890407644853;0.03411405295315682;0.0180083059603224
3288.0;0.016429426632965278;0.01904761904761905;0.018391927083333332
3289.5;0.017699115044247787;0.01592920353982301;0.03215077605321508
3291.0;0.04892400806993947;0.044811320754716985;0.01946677951756242
3292.5;0.01814552172099398;0.018010291595197254;0.05664160401002506
3294.0;0.036783854166666664;0.016638225255972697;0.020052693208430915
3295.5;0.017121863302370723;0.017754480892796753;0.019473568644672562
3297.0;0.018354055654233276;0.07548669050456894;0.021966527196652718
3298.5;0.040013227513227514;0.015871286409530037;0.019148871793708062
3300.0;0.018876611418047883;0.017465858520325457;0.019731800766283527
3301.5;0.017045454545454544;0.016638225255972697;0.051883510585428894
3303.0;0.04892153180047844;0.014945495799148322;0.01910331384015595
3304.5;0.048187022900763356;0.01850632726208763;0.019092388356535886
3306.0;0.016638225255972697;0.04425612052730697;0.019422611810436988
3307.5;0.037422037422037424;0.01597712748065927;0.01910331384015595
3309.0;0.01772899957788096;0.01672535211267606;0.020502092050209208
3310.5;0.09096486258911589;0.017699115044247787;0.05563323944600923
3312.0;0.01723920181864107;0.01589496047739557;0.01672535211267606
3313.5;0.018832655731576244;0.017825311942959002;0.01845342706502636
3315.0;0.01535109722361575;0.0900359906661569;0.018620022569724327
3316.5;0.017971946230274694;0.01780160609014529;0.018487434139972954
3318.0;0.016838000708968452;0.05649765971524493;0.018086080586080584
3319.5;0.015202013639811085;0.019214401225636224;0.017799352750809058
3321.0;0.01597712748065927;0.015731292517006803;0.017684556857906642
3322.5;0.01845342706502636;0.016638225255972697;0.022162324049116503
3324.0;0.0161839863713799;0.015731292517006803;0.018462066892791208
3325.5;0.01537736404878336;0.04425612052730697;0.033445440956651716
3327.0;0.017824497257769654;0.015095605501509561;0.049554781262098335
3328.5;0.01654091700522345;0.0482897384305835;0.017856128616246088
3330.0;0.05501576966120663;0.018086080586080584;0.01654091700522345
3331.5;0.0189328743545611;0.01772899957788096;0.01882395123700251
3333.0;0.0161839863713799;0.08315565031982942;0.031578947368421054
3334.5;0.0425033467202142;0.040013227513227514;0.017824497257769654
3336.0;0.01983411467724486;0.0175513698630137;0.017824497257769654
3337.5;0.01687639577956378;0.015597920277296359;0.01733025239957341
3339.0;0.036783854166666664;0.019013666072489603;0.018543046357615892
3340.5;0.016293098349991132;0.0528117359413203;0.020259476820352448
3342.0;0.01715933414707495;0.01712538226299694;0.018783540468856583
3343.5;0.017637474686341362;0.018876611418047883;0.01950286806883365
3345.0;0.01495154821521179;0.01845400161997053;0.022296960637767812
3346.5;0.0170487948265726;0.018429899149693493;0.017340094879764435
3348.0;0.017699115044247787;0.016215995691835704;0.018999377069604275
3349.5;0.0161839863713799;0.018612132352941176;0.018595825426944972
3351.0;0.0161839863713799;0.020484171322160148;0.01747700394218134
3352.5;0.0170487948265726;0.04460242232754081;0.018147448015122872
3354.0;0.017699115044247787;0.020656370656370653;0.018832655731576244
3355.5;0.0189328743545611;0.018429899149693493;0.03964465658976399
3357.0;0.01672535211267606;0.017825311942959002;0.02041832669322709
3358.5;0.047619047619047616;0.06508515815085157;0.03443877551020408
3360.0;0.01726263871763255;0.033547008547008546;0.10864197530864197
3361.5;0.01672239597595953;0.049258397386174;0.03443877551020408
3363.0;0.01715933414707495;0.01756386861313869;0.0170487948265726
3364.5;0.019142066420664204;0.04141595814257684;0.019142066420664204
3366.0;0.06057007125890736;0.019142066420664204;0.015733317258424258
3367.5;0.04740142771365667;0.020288597157426494;0.040424121935056324
3369.0;0.07672379434037466;0.01834862385321101;0.040013227513227514
3370.5;0.017699115044247787;0.016917819729987117;0.015597920277296359
3372.0;0.01730418943533698;0.04083147735708983;0.0391281512605042
3373.5;0.054185779816513756;0.019523388798900507;0.01705018909044292
3375.0;0.017825311942959002;0.01834862385321101;0.03879026955950033
3376.5;0.015517241379310345;0.05295945097529821;0.018848906360245943
3378.0;0.017302798982188294;0.04883659205520658;0.018937169700528483
3379.5;0.035751028806584366;0.018354055654233276;0.08787465940054497
3381.0;0.01733025239957341;0.01845342706502636;0.0532795156407669
3382.5;0.04208416833667335;0.019115674337013725;0.06875115976990165
3384.0;0.01845400161997053;0.017880669049188988;0.016217853406024562
3385.5;0.01918932786044125;0.019659185369908565;0.01756784719931273
3387.0;0.017283016437782753;0.01733025239957341;0.09657768651608487
3388.5;0.019111890257096406;0.046131427962683956;0.0470532319391635
3390.0;0.019598155467720684;0.04160206718346253;0.04455445544554455
3391.5;0.018882279706736754;0.01726263871763255;0.0470532319391635
3393.0;0.056855500821018055;0.017215791035915702;0.06227106227106227
3394.5;0.03737309042603663;0.018010291595197254;0.018354055654233276
3396.0;0.020833333333333332;0.059157509157509156;0.017699115044247787
3397.5;0.018741633199464522;0.036415289256198344;0.03674948240165632
3399.0;0.03674948240165632;0.057535046728971966;0.06227106227106227
3400.5;0.05304329189884269;0.01897923971725942;0.05280246069719753
3402.0;0.017122114923635367;0.01834862385321101;0.017373380447585393
3403.5;0.017824497257769654;0.01834862385321101;0.08167989417989419
3405.0;0.018595825426944972;0.019274809160305342;0.05169902912621359
3406.5;0.019416057228627086;0.017015706806282723;0.04308815858111633
3408.0;0.04511610297829379;0.019327580007191657;0.046039603960396046
3409.5;0.019240607118251093;0.01608187134502924;0.01675356994726551
3411.0;0.03266518188567186;0.015731292517006803;0.016863406408094434
3412.5;0.05600347308360208;0.040424121935056324;0.04208416833667335
3414.0;0.016775599128540302;0.01726263871763255;0.06900452488687782
3415.5;0.03530751708428246;0.017971946230274694;0.08033826638477802
3417.0;0.01780160609014529;0.03979948903607018;0.04892400806993947
3418.5;0.018991486574983625;0.06370772946859903;0.016638225255972697
3420.0;0.032924107142857144;0.08501344086021506;0.015871286409530037
3421.5;0.03750637780132659;0.015109552273918112;0.016863406408094434
3423.0;0.018988864580398307;0.09771190533687514;0.09799554565701558
3424.5;0.02019230769230769;0.04819277108433735;0.01834862385321101
3426.0;0.020394841585734756;0.017782497220073287;0.01733025239957341
3427.5;0.01904761904761905;0.018140173781062995;0.035751028806584366
3429.0;0.01726263871763255;0.018197573656845753;0.015446744068652195
3430.5;0.038441422594142266;0.01834061135371179;0.019345238095238096
3432.0;0.0391281512605042;0.019327580007191657;0.01771809624494277
3433.5;0.03476482617586912;0.042185338865836794;0.04160206718346253
3435.0;0.07564422277639235;0.03476482617586912;0.044906808327090285
3436.5;0.018832655731576244;0.06150782624803187;0.017222129645059158
3438.0;0.015285642307294463;0.08587432124124456;0.01702217027648928
3439.5;0.017824497257769654;0.019274809160305342;0.018228309021936593
3441.0;0.03988673139158575;0.017019391672408703;0.038100208768267224
3442.5;0.01810952265086924;0.03530751708428246;0.017824497257769654
3444.0;0.016448125143777317;0.01805416248746239;0.08088438762521445
3445.5;0.040091455309193384;0.019731800766283527;0.0482897384305835
3447.0;0.02023809523809524;0.01834862385321101;0.08656716417910447
3448.5;0.017373380447585393;0.017094017094017096;0.060130331753554506
3450.0;0.020170703238984535;0.01726263871763255;0.018595825426944972
3451.5;0.01672535211267606;0.019142066420664204;0.020019870839542972
3453.0;0.019675925925925927;0.018696455568620863;0.015798451600037035
3454.5;0.01756386861313869;0.019139945314441957;0.018612132352941176
3456.0;0.0188212927756654;0.01749271137026239;0.017019391672408703
3457.5;0.017222129645059158;0.031578947368421054;0.03758169934640523
3459.0;0.07489675059668788;0.08115942028985507;0.015414729630535846
3460.5;0.018026004728132386;0.044166173313479606;0.019731800766283527
3462.0;0.036783854166666664;0.015280135823429542;0.03612385321100917
3463.5;0.017391304347826087;0.018010291595197254;0.01929824561403509
3465.0;0.07484407484407485;0.01999107541276216;0.0188212927756654
3466.5;0.016745540589734254;0.017710309930423784;0.016089182797180315
3468.0;0.017373380447585393;0.06109725685785535;0.01862097440132122
3469.5;0.016638225255972697;0.01756386861313869;0.053562653562653564
3471.0;0.03919631093544137;0.05021367521367521;0.019274809160305342
3472.5;0.015095605501509561;0.07692307692307693;0.05089285714285715
3474.0;0.043703007518796994;0.05345699070313205;0.018202378957949406
3475.5;0.017623877982923447;0.018413173652694608;0.01645021645021645
3477.0;0.017498443680569787;0.040013227513227514;0.019527766042341455
3478.5;0.0188212927756654;0.017094017094017096;0.0356286399451867
3480.0;0.08730412535976975;0.04374966075014927;0.018026004728132386
3481.5;0.017574219762933944;0.01958413926499033;0.0187217594860907
3483.0;0.0350922131147541;0.016589648977818127;0.03557838660578387
3484.5;0.0751424779451948;0.017824497257769654;0.02080873671782763
3486.0;0.01834061135371179;0.036325966850828735;0.01810699588477366
3487.5;0.01847050971300102;0.018185821224130337;0.018487434139972954
3489.0;0.04083665338645418;0.01882395123700251;0.018431001890359167
3490.5;0.01865038996269922;0.017824497257769654;0.01623624349678639
3492.0;0.04919423240033926;0.01712538226299694;0.037422037422037424
3493.5;0.019013666072489603;0.019192913385826772;0.01756386861313869
3495.0;0.019961612284069098;0.03608247422680412;0.019214401225636224
3496.5;0.016812053925455987;0.04054071803277827;0.019765354813290725
3498.0;0.0161839863713799;0.03411405295315682;0.019263204616067467
3499.5;0.017754480892796753;0.01904761904761905;0.04640095181439619
3501.0;0.015731292517006803;0.017771545130035694;0.015517241379310345
3502.5;0.01929824561403509;0.01845342706502636;0.03476946334089191
3504.0;0.015148575167527809;0.03585049580472921;0.015434504692713043
3505.5;0.018197573656845753;0.016343506531544726;0.034408602150537634
3507.0;0.0185554688027144;0.019524316648917288;0.05970809376382132
3508.5;0.015783713313901306;0.018769938422731655;0.01834862385321101
3510.0;0.017094017094017096;0.047619047619047616;0.031198686371100164
3511.5;0.019013666072489603;0.01749271137026239;0.016373664253705622
3513.0;0.03758169934640523;0.01648275383440905;0.03138766519823788
3514.5;0.06227106227106227;0.0189328743545611;0.01845342706502636
3516.0;0.017754480892796753;0.018086080586080584;0.01730418943533698
3517.5;0.01672535211267606;0.02027906069082157;0.01973775017253278
3519.0;0.015280135823429542;0.01730418943533698;0.019274809160305342
3520.5;0.0175513698630137;0.07815008195197784;0.01765330501725511
3522.0;0.016638225255972697;0.037760416666666664;0.019141127055425266
3523.5;0.015871286409530037;0.01756386861313869;0.01658516707416463
3525.0;0.03557838660578387;0.017645059094131093;0.016335052812576762
3526.5;0.019139945314441957;0.018197573656845753;0.020167303885680193
3528.0;0.017373380447585393;0.018026004728132386;0.03614457831325302
3529.5;0.017754480892796753;0.018991486574983625;0.05913665937707991
3531.0;0.017754480892796753;0.018334679143114995;0.03185654008438818
3532.5;0.016638225255972697;0.04308815858111633;0.017507501903246923
3534.0;0.015871286409530037;0.01780160609014529;0.018532478954642544
3535.5;0.0161839863713799;0.01814552172099398;0.0395185746777862
3537.0;0.01904761904761905;0.10111396743787489;0.019865614957639496
3538.5;0.0370850622406639;0.01845342706502636;0.020484171322160148
3540.0;0.01874107841782935;0.048800161322847355;0.03960778258184064
3541.5;0.016785765670711238;0.053412462908011875;0.019230769230769232
3543.0;0.017094017094017096;0.01726874975800519;0.03933251433251433
3544.5;0.018086080586080584;0.01675356994726551;0.018820661810700013
3546.0;0.049561699258260275;0.019274809160305342;0.03189528023598819
3547.5;0.09190371991247265;0.03498920086393088;0.04152763538074378
3549.0;0.03758169934640523;0.017987706243934;0.01889781075758795
3550.5;0.03758169934640523;0.019141127055425266;0.03522630230572161
3552.0;0.0161839863713799;0.01941684776984373;0.019395134779750165
3553.5;0.05304329189884269;0.033445440956651716;0.021804752729608218
3555.0;0.018354055654233276;0.017803419586135783;0.03423180592991914
3556.5;0.01865038996269922;0.035869565217391305;0.03050595238095238
3558.0;0.015001087035292413;0.02300150829562594;0.03585049580472921
3559.5;0.018026004728132386;0.06574551220340902;0.03590038494038119
3561.0;0.01672535211267606;0.019092388356535886;0.020329437179338813
3562.5;0.037422037422037424;0.020162810476436033;0.021115494192417268
3564.0;0.016917819729987117;0.038100208768267224;0.04143617467102506
3565.5;0.0170487948265726;0.018143754361479414;0.01719680791277959
3567.0;0.017094017094017096;0.02041832669322709;0.019805455274769356
3568.5;0.018010291595197254;0.038977322285215873;0.03618077324973877
3570.0;0.017754480892796753;0.037574722459436376;0.020966880341880344
3571.5;0.014945495799148322;0.04033180778032036;0.01957563759872983
3573.0;0.01865038996269922;0.0192392135359898;0.0418484435355601
3574.5;0.018010291595197254;0.02046783625730994;0.03240740740740741
3576.0;0.01641928887129758;0.01913318835603373;0.020005891416659115
3577.5;0.01878720371767693;0.054804804804804805;0.019643114117139156
3579.0;0.018354055654233276;0.03557483731019522;0.019801980198019802
3580.5;0.017934291168491913;0.019335279586795418;0.03189528023598819
3582.0;0.03608247422680412;0.020061815116605788;0.08185654008438817
3583.5;0.015414729630535846;0.04546630448842324;0.01811435107884468
3585.0;0.016937514305333027;0.02003052270125906;0.05149894265455903
3586.5;0.016335052812576762;0.018876611418047883;0.04130214394066722
3588.0;0.015095605501509561;0.02214655482656479;0.03463203463203463
3589.5;0.03443877551020408;0.018657010443332667;0.019179447034124473
3591.0;0.019139945314441957;0.043686473807662225;0.05263007473670674
3592.5;0.018937169700528483;0.02005516505027138;0.03605408353757181
3594.0;0.017373380447585393;0.03361344537815126;0.02539106778508275
3595.5;0.017094017094017096;0.036059806508355316;0.01891379085352263
3597.0;0.04990403071017274;0.03540100250626566;0.04021432600112803
3598.5;0.01865038996269922;0.01904761904761905;0.03302154195011338
