#auto generated file!
6.0;0.021672403164491934;0.021672403164491934;0.021672403164491934
7.5;0.021672403164491934;0.021672403164491934;0.021672403164491934
9.0;0.021672403164491934;0.021672403164491934;0.021672403164491934
10.5;0.021672403164491934;0.021672403164491934;0.021672403164491934
12.0;0.021672403164491934;0.021672403164491934;0.021672403164491934
13.5;0.021672403164491934;0.021672403164491934;0.021672403164491934
15.0;0.01652892561983471;0.021672403164491934;0.021672403164491934
16.5;0.01652892561983471;0.021672403164491934;0.021672403164491934
18.0;0.01652892561983471;0.021672403164491934;0.021672403164491934
19.5;0.01652892561983471;0.021672403164491934;0.03602058319039451
21.0;0.01652892561983471;0.021672403164491934;0.033276450511945395
22.5;0.03602058319039451;0.0173841059602649;0.036941580756013746
24.0;0.03602058319039451;0.01824212271973466;0.036941580756013746
25.5;0.037753222836095765;0.017094017094017096;0.01652892561983471
27.0;0.037753222836095765;0.01824212271973466;0.0173841059602649
28.5;0.030560271646859084;0.0173841059602649;0.0173841059602649
30.0;0.03602058319039451;0.01652892561983471;0.0173841059602649
31.5;0.01567656765676568;0.014827018121911038;0.0173841059602649
33.0;0.01567656765676568;0.01652892561983471;0.0378657487091222
34.5;0.01567656765676568;0.01652892561983471;0.01824212271973466
36.0;0.01567656765676568;0.01652892561983471;0.01567656765676568
37.5;0.01567656765676568;0.01567656765676568;0.01824212271973466
39.0;0.01567656765676568;0.01652892561983471;0.01824212271973466
40.5;0.01567656765676568;0.03418803418803419;0.01824212271973466
42.0;0.01567656765676568;0.0173841059602649;0.01567656765676568
43.5;0.03418803418803419;0.0378657487091222;0.01567656765676568
45.0;0.036941580756013746;0.0378657487091222;0.01567656765676568
46.5;0.033276450511945395;0.0378657487091222;0.01567656765676568
48.0;0.033276450511945395;0.0285204991087344;0.01567656765676568
49.5;0.033276450511945395;0.0285204991087344;0.015731292517006803
51.0;0.033276450511945395;0.0285204991087344;0.015731292517006803
52.5;0.033276450511945395;0.025573192239858905;0.01824212271973466
54.0;0.033276450511945395;0.025573192239858905;0.01824212271973466
55.5;0.033276450511945395;0.025573192239858905;0.01824212271973466
57.0;0.033276450511945395;0.031462585034013606;0.01824212271973466
58.5;0.033276450511945395;0.031462585034013606;0.0161839863713799
60.0;0.014827018121911038;0.031462585034013606;0.0161839863713799
61.5;0.036941580756013746;0.031462585034013606;0.0173841059602649
63.0;0.036941580756013746;0.031462585034013606;0.0173841059602649
64.5;0.036941580756013746;0.03602058319039451;0.0173841059602649
66.0;0.033276450511945395;0.03602058319039451;0.0173841059602649
67.5;0.016403046280023436;0.0351027397260274;0.0173841059602649
69.0;0.018010291595197254;0.03602058319039451;0.0173841059602649
70.5;0.01567656765676568;0.03602058319039451;0.01824212271973466
72.0;0.016638225255972697;0.03602058319039451;0.01824212271973466
73.5;0.01824212271973466;0.03602058319039451;0.01824212271973466
75.0;0.0173841059602649;0.036941580756013746;0.0173841059602649
76.5;0.01824212271973466;0.030560271646859084;0.01652892561983471
78.0;0.0173841059602649;0.0323679727427598;0.031462585034013606
79.5;0.015280135823429542;0.03669724770642202;0.031462585034013606
81.0;0.01652892561983471;0.0351027397260274;0.014827018121911038
82.5;0.024122807017543862;0.01567656765676568;0.01652892561983471
84.0;0.01652892561983471;0.01824212271973466;0.0378657487091222
85.5;0.014827018121911038;0.01567656765676568;0.030560271646859084
87.0;0.01824212271973466;0.01567656765676568;0.03418803418803419
88.5;0.0173841059602649;0.01567656765676568;0.03418803418803419
90.0;0.029017857142857144;0.0351027397260274;0.036941580756013746
91.5;0.01824212271973466;0.0351027397260274;0.036941580756013746
93.0;0.0378657487091222;0.0378657487091222;0.036941580756013746
94.5;0.0173841059602649;0.01824212271973466;0.036941580756013746
96.0;0.01824212271973466;0.01652892561983471;0.036941580756013746
97.5;0.015731292517006803;0.01567656765676568;0.036941580756013746
99.0;0.029017857142857144;0.01567656765676568;0.03602058319039451
100.5;0.0351027397260274;0.030560271646859084;0.03602058319039451
102.0;0.0173841059602649;0.030560271646859084;0.03602058319039451
103.5;0.0173841059602649;0.030560271646859084;0.03602058319039451
105.0;0.0173841059602649;0.014827018121911038;0.014827018121911038
106.5;0.0173841059602649;0.03418803418803419;0.014827018121911038
108.0;0.036941580756013746;0.0173841059602649;0.014827018121911038
109.5;0.036941580756013746;0.0173841059602649;0.014827018121911038
111.0;0.033276450511945395;0.016638225255972697;0.014827018121911038
112.5;0.030560271646859084;0.016638225255972697;0.014827018121911038
114.0;0.03602058319039451;0.016638225255972697;0.014827018121911038
115.5;0.03602058319039451;0.018026004728132386;0.0173841059602649
117.0;0.03602058319039451;0.018026004728132386;0.0323679727427598
118.5;0.01824212271973466;0.018026004728132386;0.0323679727427598
120.0;0.01824212271973466;0.01652892561983471;0.0323679727427598
121.5;0.01567656765676568;0.01652892561983471;0.0323679727427598
123.0;0.01567656765676568;0.025088028169014082;0.0175513698630137
124.5;0.01824212271973466;0.03418803418803419;0.036941580756013746
126.0;0.01824212271973466;0.0173841059602649;0.0173841059602649
127.5;0.01567656765676568;0.0173841059602649;0.01652892561983471
129.0;0.01567656765676568;0.01824212271973466;0.01652892561983471
130.5;0.014827018121911038;0.036941580756013746;0.03418803418803419
132.0;0.014827018121911038;0.0378657487091222;0.03418803418803419
133.5;0.016638225255972697;0.0378657487091222;0.02703900709219858
135.0;0.016638225255972697;0.0378657487091222;0.02703900709219858
136.5;0.01824212271973466;0.0378657487091222;0.02703900709219858
138.0;0.01824212271973466;0.0378657487091222;0.02703900709219858
139.5;0.01824212271973466;0.01652892561983471;0.018010291595197254
141.0;0.01824212271973466;0.01824212271973466;0.03602058319039451
142.5;0.01824212271973466;0.01824212271973466;0.036941580756013746
144.0;0.01824212271973466;0.01824212271973466;0.036941580756013746
145.5;0.014827018121911038;0.01824212271973466;0.0378657487091222
147.0;0.014827018121911038;0.0173841059602649;0.0378657487091222
148.5;0.014827018121911038;0.0173841059602649;0.0378657487091222
150.0;0.0175513698630137;0.0173841059602649;0.01824212271973466
151.5;0.0175513698630137;0.036941580756013746;0.017094017094017096
153.0;0.017094017094017096;0.036941580756013746;0.017094017094017096
154.5;0.01652892561983471;0.031462585034013606;0.017094017094017096
156.0;0.0173841059602649;0.01567656765676568;0.017094017094017096
157.5;0.01824212271973466;0.01567656765676568;0.014827018121911038
159.0;0.01824212271973466;0.0323679727427598;0.014827018121911038
160.5;0.0173841059602649;0.0323679727427598;0.0173841059602649
162.0;0.0173841059602649;0.033276450511945395;0.0173841059602649
163.5;0.0173841059602649;0.033276450511945395;0.01824212271973466
165.0;0.01824212271973466;0.015731292517006803;0.036941580756013746
166.5;0.022727272727272728;0.014827018121911038;0.024122807017543862
168.0;0.036941580756013746;0.0189328743545611;0.01567656765676568
169.5;0.036941580756013746;0.031462585034013606;0.01824212271973466
171.0;0.036941580756013746;0.027531083481349913;0.01567656765676568
172.5;0.0378657487091222;0.0323679727427598;0.030560271646859084
174.0;0.0378657487091222;0.0323679727427598;0.01824212271973466
175.5;0.0378657487091222;0.0173841059602649;0.0323679727427598
177.0;0.0323679727427598;0.03418803418803419;0.015731292517006803
178.5;0.0323679727427598;0.01652892561983471;0.018470790378006873
180.0;0.0323679727427598;0.03602058319039451;0.01652892561983471
181.5;0.0323679727427598;0.0173841059602649;0.01652892561983471
183.0;0.0323679727427598;0.01652892561983471;0.02587800369685767
184.5;0.0323679727427598;0.01652892561983471;0.017934291168491913
186.0;0.0323679727427598;0.01652892561983471;0.018610244807272875
187.5;0.0323679727427598;0.0351027397260274;0.016664722618075594
189.0;0.0323679727427598;0.0351027397260274;0.01749000201260901
190.5;0.0323679727427598;0.02703900709219858;0.01832580429276873
192.0;0.0323679727427598;0.03512773722627738;0.03712466016397264
193.5;0.0378657487091222;0.0161839863713799;0.016543753554588047
195.0;0.0378657487091222;0.03609431217943811;0.016537165274566903
196.5;0.0378657487091222;0.015809071886378992;0.03696458313651209
198.0;0.0378657487091222;0.015809071886378992;0.03696458313651209
199.5;0.0378657487091222;0.015809071886378992;0.016532370697504056
201.0;0.0378657487091222;0.015809071886378992;0.016532370697504056
202.5;0.0378657487091222;0.03265254436585322;0.017094017094017096
204.0;0.0378657487091222;0.03265254436585322;0.017754480892796753
205.5;0.0378657487091222;0.03265254436585322;0.014945495799148322
207.0;0.03418803418803419;0.03265254436585322;0.02703900709219858
208.5;0.01824212271973466;0.036275860696139695;0.016863406408094434
210.0;0.01824212271973466;0.032478764464558434;0.01850632726208763
211.5;0.01824212271973466;0.03706545928938685;0.027531083481349913
213.0;0.0323679727427598;0.03706545928938685;0.016863406408094434
214.5;0.03418803418803419;0.038817005545286505;0.0285204991087344
216.0;0.03418803418803419;0.01597712748065927;0.0285204991087344
217.5;0.03418803418803419;0.027886497064579255;0.0285204991087344
219.0;0.03418803418803419;0.027886497064579255;0.032697066101095795
220.5;0.0173841059602649;0.040819094114456195;0.0175513698630137
222.0;0.0173841059602649;0.038655160014383315;0.033676001417936904
223.5;0.01824212271973466;0.032256841786066255;0.036646406864497674
225.0;0.01824212271973466;0.034633078205669056;0.024816176470588234
226.5;0.01824212271973466;0.034633078205669056;0.0325497287522604
228.0;0.01824212271973466;0.018010291595197254;0.016676298192025096
229.5;0.01824212271973466;0.031723651744800845;0.016676298192025096
231.0;0.01824212271973466;0.017547197908565945;0.017498443680569787
232.5;0.01824212271973466;0.01865038996269922;0.017498443680569787
234.0;0.01824212271973466;0.01865038996269922;0.015743018124095107
235.5;0.01824212271973466;0.015001087035292413;0.015095605501509561
237.0;0.01824212271973466;0.02695167286245353;0.016745540589734254
238.5;0.01824212271973466;0.029017857142857144;0.018332165356039182
240.0;0.01824212271973466;0.03609431217943811;0.018354055654233276
241.5;0.01824212271973466;0.024114774114774116;0.017971946230274694
243.0;0.01824212271973466;0.024114774114774116;0.017934291168491913
244.5;0.01824212271973466;0.015095605501509561;0.016863406408094434
246.0;0.01824212271973466;0.015095605501509561;0.016863406408094434
247.5;0.01824212271973466;0.01597712748065927;0.015871286409530037
249.0;0.01824212271973466;0.01865038996269922;0.034633078205669056
250.5;0.01824212271973466;0.018010291595197254;0.015095605501509561
252.0;0.01824212271973466;0.03136882129277567;0.017623877982923447
253.5;0.01824212271973466;0.01675356994726551;0.01836806645203033
255.0;0.01824212271973466;0.02460456942003515;0.03669724770642202
256.5;0.01824212271973466;0.02802491103202847;0.015095605501509561
258.0;0.01824212271973466;0.015095605501509561;0.015095605501509561
259.5;0.01824212271973466;0.016745540589734254;0.03130908265900325
261.0;0.036941580756013746;0.017754480892796753;0.026060070671378093
262.5;0.036941580756013746;0.016638225255972697;0.035774141714325206
264.0;0.036941580756013746;0.015871286409530037;0.037753222836095765
265.5;0.03418803418803419;0.026548672566371685;0.03466050479914682
267.0;0.03418803418803419;0.03966822935448972;0.029017857142857144
268.5;0.03602058319039451;0.014945495799148322;0.035127911416571206
270.0;0.03602058319039451;0.01663225731761437;0.015809071886378992
271.5;0.031462585034013606;0.03637335441877961;0.017498443680569787
273.0;0.036646406864497674;0.03534512971343672;0.03764790247400502
274.5;0.036646406864497674;0.03534512971343672;0.03764790247400502
276.0;0.03609431217943811;0.03534512971343672;0.03764790247400502
277.5;0.0367279087083759;0.017094017094017096;0.017547197908565945
279.0;0.0367279087083759;0.017094017094017096;0.017465858520325457
280.5;0.0367279087083759;0.03617216117216117;0.0161839863713799
282.0;0.03091538715963386;0.017754480892796753;0.03864818325709216
283.5;0.03450566571561023;0.015871286409530037;0.03674948240165632
285.0;0.030743823668949708;0.015871286409530037;0.031190019193857967
286.5;0.030743823668949708;0.015871286409530037;0.0161446953143967
288.0;0.030743823668949708;0.016676298192025096;0.026060070671378093
289.5;0.030743823668949708;0.01663225731761437;0.017623877982923447
291.0;0.030743823668949708;0.017465858520325457;0.024816176470588234
292.5;0.030743823668949708;0.017465858520325457;0.01597712748065927
294.0;0.03807194397841974;0.016582472972657695;0.035650623885918005
295.5;0.03807194397841974;0.016582472972657695;0.025088028169014082
297.0;0.03807194397841974;0.016557768507871926;0.014945495799148322
298.5;0.03431165971848048;0.016557768507871926;0.014945495799148322
300.0;0.03431165971848048;0.014844188506303903;0.015095605501509561
301.5;0.03431165971848048;0.014844188506303903;0.035127911416571206
303.0;0.03431165971848048;0.014844188506303903;0.017094017094017096
304.5;0.03431165971848048;0.01826142579350741;0.01597712748065927
306.0;0.03431165971848048;0.016537723722061845;0.01874107841782935
307.5;0.03154000016129497;0.01825012709422827;0.018010291595197254
309.0;0.030614484288885975;0.015680987109796585;0.025573192239858905
310.5;0.030614484288885975;0.017387150648592545;0.025088028169014082
312.0;0.030614484288885975;0.017387150648592545;0.024816176470588234
313.5;0.030614484288885975;0.017387150648592545;0.01865038996269922
315.0;0.030614484288885975;0.018244633954786142;0.026475958612294584
316.5;0.030614484288885975;0.017385814700674008;0.016937514305333027
318.0;0.033324296038916436;0.014827949697411927;0.015831002263857863
319.5;0.033324296038916436;0.014827716422686422;0.015280135823429542
321.0;0.033324296038916436;0.014827716422686422;0.015414729630535846
322.5;0.030590360834056505;0.01865038996269922;0.015831002263857863
324.0;0.030590360834056505;0.016676298192025096;0.03085074416588266
325.5;0.030590360834056505;0.016676298192025096;0.035650623885918005
327.0;0.03148640294042308;0.015769487034319674;0.03416622228993677
328.5;0.03512490638976303;0.015769487034319674;0.03935185185185185
330.0;0.03512490638976303;0.03825578292372061;0.026548672566371685
331.5;0.03512490638976303;0.037210128013628566;0.01865038996269922
333.0;0.03512490638976303;0.037210128013628566;0.015001087035292413
334.5;0.03512490638976303;0.018289844042285466;0.03800513149454778
336.0;0.03512490638976303;0.018289844042285466;0.01726263871763255
337.5;0.03512490638976303;0.016557768507871926;0.01861305152546421
339.0;0.03512490638976303;0.016557768507871926;0.034290370024975876
340.5;0.03512490638976303;0.016557768507871926;0.032256841786066255
342.0;0.03512490638976303;0.014844188506303903;0.03293798595973293
343.5;0.03512490638976303;0.014844188506303903;0.03276661638370833
345.0;0.03512490638976303;0.03517428528980739;0.016582472972657695
346.5;0.03512490638976303;0.03515598531696909;0.017699115044247787
348.0;0.03512490638976303;0.03515598531696909;0.03466050479914682
349.5;0.03512490638976303;0.03148640294042308;0.03706545928938685
351.0;0.03512490638976303;0.03420376599409057;0.017547197908565945
352.5;0.03512490638976303;0.03420376599409057;0.014910112661872163
354.0;0.03512490638976303;0.036955332401031944;0.036275860696139695
355.5;0.03512490638976303;0.036955332401031944;0.018289844042285466
357.0;0.03512490638976303;0.03603037575326198;0.018010291595197254
358.5;0.03512490638976303;0.030565552670919486;0.01597712748065927
360.0;0.03512490638976303;0.03419174705899605;0.01597712748065927
361.5;0.03512490638976303;0.03419174705899605;0.03706545928938685
363.0;0.03512490638976303;0.03419174705899605;0.03825578292372061
364.5;0.03512490638976303;0.03419174705899605;0.036157843689975176
366.0;0.03512490638976303;0.03419174705899605;0.030633304926385805
367.5;0.03512490638976303;0.03419174705899605;0.014839767744728968
369.0;0.03512490638976303;0.03564899451553931;0.01825283975007182
370.5;0.03512490638976303;0.03966822935448972;0.01739137492247878
372.0;0.03512490638976303;0.03966822935448972;0.02802491103202847
373.5;0.03512490638976303;0.03966822935448972;0.016863406408094434
375.0;0.03512490638976303;0.03617216117216117;0.033697931493502586
376.5;0.03512490638976303;0.036646406864497674;0.016745540589734254
378.0;0.03512490638976303;0.036646406864497674;0.035774141714325206
379.5;0.03512490638976303;0.036646406864497674;0.01836806645203033
381.0;0.03512490638976303;0.036646406864497674;0.01660281557997176
382.5;0.03512490638976303;0.036646406864497674;0.01741601350785099
384.0;0.03512490638976303;0.036646406864497674;0.014844188506303903
385.5;0.03512490638976303;0.036646406864497674;0.014836509492270044
387.0;0.03512490638976303;0.036646406864497674;0.028767979987492184
388.5;0.03512490638976303;0.036646406864497674;0.03722426470588235
390.0;0.03512490638976303;0.036646406864497674;0.017547197908565945
391.5;0.03512490638976303;0.017623877982923447;0.026060070671378093
393.0;0.03512490638976303;0.017623877982923447;0.02802491103202847
394.5;0.03512490638976303;0.017623877982923447;0.017623877982923447
396.0;0.03512490638976303;0.017623877982923447;0.017094017094017096
397.5;0.03512490638976303;0.017623877982923447;0.016745540589734254
399.0;0.03512490638976303;0.017623877982923447;0.015809071886378992
400.5;0.03512490638976303;0.014945495799148322;0.043010752688172046
402.0;0.03512490638976303;0.014945495799148322;0.03316662279547249
403.5;0.03512490638976303;0.014945495799148322;0.0175513698630137
405.0;0.03512490638976303;0.014910112661872163;0.017623877982923447
406.5;0.03512490638976303;0.014910112661872163;0.03768591312195207
408.0;0.03512490638976303;0.014910112661872163;0.01836806645203033
409.5;0.03512490638976303;0.014910112661872163;0.017443347491498312
411.0;0.03512490638976303;0.014910112661872163;0.0170487948265726
412.5;0.03512490638976303;0.014910112661872163;0.015597920277296359
414.0;0.03512490638976303;0.014910112661872163;0.018010291595197254
415.5;0.03512490638976303;0.014910112661872163;0.014945495799148322
417.0;0.03512490638976303;0.014910112661872163;0.01660281557997176
418.5;0.03512490638976303;0.014910112661872163;0.024464831804281346
420.0;0.03512490638976303;0.014910112661872163;0.03136882129277567
421.5;0.03512490638976303;0.014910112661872163;0.019139945314441957
423.0;0.03512490638976303;0.03450566571561023;0.018010291595197254
424.5;0.03512490638976303;0.03534512971343672;0.0161839863713799
426.0;0.03512490638976303;0.03534512971343672;0.03520671834625324
427.5;0.03512490638976303;0.03534512971343672;0.0189328743545611
429.0;0.03512490638976303;0.03534512971343672;0.02695167286245353
430.5;0.03512490638976303;0.03534512971343672;0.040968342644320296
432.0;0.03512490638976303;0.033435588205396154;0.03764790247400502
433.5;0.03512490638976303;0.033435588205396154;0.01597712748065927
435.0;0.03512490638976303;0.033435588205396154;0.02516881522406384
436.5;0.03512490638976303;0.033435588205396154;0.017971946230274694
438.0;0.03512490638976303;0.033435588205396154;0.018026004728132386
439.5;0.03512490638976303;0.038017461422104666;0.017824497257769654
441.0;0.036038047141896255;0.038017461422104666;0.018197573656845753
442.5;0.036038047141896255;0.033363061427410384;0.01845342706502636
444.0;0.036038047141896255;0.03242879502693342;0.02802491103202847
445.5;0.036038047141896255;0.038385826771653545;0.018026004728132386
447.0;0.01824547540373295;0.038385826771653545;0.015280135823429542
448.5;0.01824547540373295;0.038385826771653545;0.01597712748065927
450.0;0.01824547540373295;0.038385826771653545;0.03902213310711807
451.5;0.017386386504641093;0.03764790247400502;0.03183910937543675
453.0;0.018243532876687153;0.032000890578704894;0.024464831804281346
454.5;0.014827716422686422;0.032000890578704894;0.018354055654233276
456.0;0.02703900709219858;0.03841245791927793;0.029647930821494754
457.5;0.02703900709219858;0.03160480961955194;0.015731292517006803
459.0;0.038655160014383315;0.03708596418846531;0.015809071886378992
460.5;0.01850632726208763;0.03708596418846531;0.036646406864497674
462.0;0.01850632726208763;0.03797793703236822;0.015280135823429542
463.5;0.01850632726208763;0.03797793703236822;0.018470790378006873
465.0;0.01850632726208763;0.03512773722627738;0.02494777243356168
466.5;0.01850632726208763;0.032697066101095795;0.02495201535508637
468.0;0.017547197908565945;0.03564899451553931;0.019013666072489603
469.5;0.014910112661872163;0.03320921042632419;0.016863406408094434
471.0;0.015743018124095107;0.03864818325709216;0.015095605501509561
472.5;0.015743018124095107;0.03864818325709216;0.024114774114774116
474.0;0.015743018124095107;0.03183910937543675;0.018612132352941176
475.5;0.015743018124095107;0.03183910937543675;0.017580992631420062
477.0;0.015743018124095107;0.035437678433415665;0.01845342706502636
478.5;0.017443347491498312;0.035437678433415665;0.015854570888502284
480.0;0.017443347491498312;0.030743823668949708;0.0175513698630137
481.5;0.017443347491498312;0.03160480961955194;0.0230722525804493
483.0;0.017443347491498312;0.03160480961955194;0.024378585086042064
484.5;0.017443347491498312;0.036157843689975176;0.01713180436584692
486.0;0.017443347491498312;0.036157843689975176;0.01675276604420502
487.5;0.017443347491498312;0.036157843689975176;0.015001087035292413
489.0;0.017443347491498312;0.03797793703236822;0.015001087035292413
490.5;0.016568094782873223;0.03797793703236822;0.03106789479980177
492.0;0.016568094782873223;0.03609592313694582;0.03841245791927793
493.5;0.016568094782873223;0.03609592313694582;0.03637335441877961
495.0;0.016568094782873223;0.03609592313694582;0.033494196742055664
496.5;0.016568094782873223;0.03609592313694582;0.016638225255972697
498.0;0.016568094782873223;0.03609592313694582;0.0175513698630137
499.5;0.016568094782873223;0.03609592313694582;0.01865038996269922
501.0;0.016568094782873223;0.03609592313694582;0.017094017094017096
502.5;0.01741601350785099;0.03609592313694582;0.016745540589734254
504.0;0.01741601350785099;0.03609592313694582;0.015731292517006803
505.5;0.01741601350785099;0.03609592313694582;0.016638225255972697
507.0;0.01741601350785099;0.03609592313694582;0.031723651744800845
508.5;0.01741601350785099;0.03609592313694582;0.017547197908565945
510.0;0.01741601350785099;0.03609592313694582;0.01830736743700201
511.5;0.01741601350785099;0.03609592313694582;0.015280135823429542
513.0;0.01741601350785099;0.03609592313694582;0.015280135823429542
514.5;0.01741601350785099;0.03609592313694582;0.015280135823429542
516.0;0.01741601350785099;0.03609592313694582;0.015280135823429542
517.5;0.01741601350785099;0.03609592313694582;0.017754480892796753
519.0;0.01741601350785099;0.03609592313694582;0.038655160014383315
520.5;0.01741601350785099;0.03609592313694582;0.01865038996269922
522.0;0.01741601350785099;0.03609592313694582;0.015001087035292413
523.5;0.01741601350785099;0.03609592313694582;0.017094017094017096
525.0;0.01741601350785099;0.03609592313694582;0.017754480892796753
526.5;0.01741601350785099;0.03609592313694582;0.016863406408094434
528.0;0.01741601350785099;0.03609592313694582;0.033879208022981784
529.5;0.01741601350785099;0.03609592313694582;0.027531083481349913
531.0;0.01741601350785099;0.03609592313694582;0.040427509293680296
532.5;0.01741601350785099;0.03609592313694582;0.032256841786066255
534.0;0.01741601350785099;0.03609592313694582;0.034633078205669056
535.5;0.01741601350785099;0.03609592313694582;0.03807194397841974
537.0;0.01741601350785099;0.03609592313694582;0.03807194397841974
538.5;0.01741601350785099;0.03609592313694582;0.016638225255972697
540.0;0.01741601350785099;0.03609592313694582;0.015095605501509561
541.5;0.01741601350785099;0.03609592313694582;0.015871286409530037
543.0;0.01741601350785099;0.03609592313694582;0.031723651744800845
544.5;0.03794901389545961;0.03609592313694582;0.03293798595973293
546.0;0.03794901389545961;0.03609592313694582;0.03357729479429107
547.5;0.03794901389545961;0.03609592313694582;0.01830736743700201
549.0;0.018256492034823147;0.03609592313694582;0.038017461422104666
550.5;0.03466050479914682;0.03609592313694582;0.014844188506303903
552.0;0.03466050479914682;0.03609592313694582;0.014844188506303903
553.5;0.015731292517006803;0.03609592313694582;0.034255896066409615
555.0;0.015731292517006803;0.03609592313694582;0.017393838281482624
556.5;0.01865038996269922;0.03609592313694582;0.02460456942003515
558.0;0.015001087035292413;0.03609592313694582;0.036646406864497674
559.5;0.015001087035292413;0.03609592313694582;0.036646406864497674
561.0;0.01597712748065927;0.03609592313694582;0.015871286409530037
562.5;0.015001087035292413;0.03609592313694582;0.030813820600779404
564.0;0.025088028169014082;0.03609592313694582;0.030813820600779404
565.5;0.016863406408094434;0.03609592313694582;0.030813820600779404
567.0;0.016676298192025096;0.03609592313694582;0.030743823668949708
568.5;0.01830736743700201;0.03609592313694582;0.030743823668949708
570.0;0.01830736743700201;0.03609592313694582;0.030743823668949708
571.5;0.01830736743700201;0.03609592313694582;0.03251852018092068
573.0;0.01830736743700201;0.03609592313694582;0.03251852018092068
574.5;0.01830736743700201;0.03609592313694582;0.032449913274663476
576.0;0.01830736743700201;0.03609592313694582;0.03722426470588235
577.5;0.01830736743700201;0.03609592313694582;0.03966822935448972
579.0;0.037137807788150325;0.03609592313694582;0.03966822935448972
580.5;0.037137807788150325;0.03609592313694582;0.03966822935448972
582.0;0.037048351952038205;0.03609592313694582;0.03966822935448972
583.5;0.031520049278972326;0.037927713726492604;0.03966822935448972
585.0;0.031520049278972326;0.036062392589235694;0.03320921042632419
586.5;0.031520049278972326;0.033303095021156505;0.03106789479980177
588.0;0.031520049278972326;0.033303095021156505;0.03183910937543675
589.5;0.031520049278972326;0.033303095021156505;0.03183910937543675
591.0;0.031520049278972326;0.033303095021156505;0.03183910937543675
592.5;0.031520049278972326;0.033303095021156505;0.03183910937543675
594.0;0.031520049278972326;0.03329636999336548;0.03183910937543675
595.5;0.031520049278972326;0.03329636999336548;0.03183910937543675
597.0;0.031520049278972326;0.03329636999336548;0.017465858520325457
598.5;0.018256492034823147;0.03329636999336548;0.030743823668949708
600.0;0.018256492034823147;0.03329636999336548;0.03807194397841974
601.5;0.018256492034823147;0.03329636999336548;0.032478764464558434
603.0;0.018256492034823147;0.03329636999336548;0.032478764464558434
604.5;0.018256492034823147;0.03057284130713342;0.025573192239858905
606.0;0.018256492034823147;0.01567842217100666;0.025573192239858905
607.5;0.017393838281482624;0.01567842217100666;0.025573192239858905
609.0;0.017393838281482624;0.03237241264802522;0.025573192239858905
610.5;0.01653549687010534;0.02802491103202847;0.025573192239858905
612.0;0.015680987109796585;0.031723651744800845;0.025573192239858905
613.5;0.014829976303317897;0.0161839863713799;0.025573192239858905
615.0;0.03564899451553931;0.015095605501509561;0.025573192239858905
616.5;0.016745540589734254;0.015095605501509561;0.03764790247400502
618.0;0.017754480892796753;0.017498443680569787;0.03764790247400502
619.5;0.03764790247400502;0.015743018124095107;0.015871286409530037
621.0;0.03130908265900325;0.01830736743700201;0.015871286409530037
622.5;0.0367279087083759;0.015095605501509561;0.03091538715963386
624.0;0.03183910937543675;0.016745540589734254;0.017465858520325457
625.5;0.03183910937543675;0.023642732049036778;0.017465858520325457
627.0;0.017443347491498312;0.017623877982923447;0.017465858520325457
628.5;0.017443347491498312;0.01842179442537598;0.017465858520325457
630.0;0.017443347491498312;0.014910112661872163;0.0381479518588489
631.5;0.031567255350648166;0.014910112661872163;0.03807194397841974
633.0;0.031567255350648166;0.03534512971343672;0.03807194397841974
634.5;0.031567255350648166;0.0306944381170478;0.0352330815985435
636.0;0.03154000016129497;0.016550266845809666;0.0352330815985435
637.5;0.03154000016129497;0.014836509492270044;0.037048351952038205
639.0;0.03794901389545961;0.01653549687010534;0.037048351952038205
640.5;0.03794901389545961;0.031480391538412276;0.037048351952038205
642.0;0.03241323970006249;0.031480391538412276;0.03794901389545961
643.5;0.03241323970006249;0.031480391538412276;0.03794901389545961
645.0;0.03241323970006249;0.014829976303317897;0.036062392589235694
646.5;0.03241323970006249;0.014829976303317897;0.03148640294042308
648.0;0.014834097312229661;0.01824547540373295;0.03564899451553931
649.5;0.01739137492247878;0.014828677071017829;0.03828413284132841
651.0;0.017389540773412943;0.014828677071017829;0.03828413284132841
652.5;0.017389540773412943;0.017385814700674008;0.03357531760435572
654.0;0.017389540773412943;0.017385814700674008;0.03617216117216117
655.5;0.01567987457984609;0.01653008333788549;0.031723651744800845
657.0;0.014829232922191612;0.01653008333788549;0.032256841786066255
658.5;0.014829232922191612;0.01653008333788549;0.032256841786066255
660.0;0.014829232922191612;0.01653008333788549;0.03357531760435572
661.5;0.014828677071017829;0.01567734827379584;0.03357531760435572
663.0;0.014828677071017829;0.01567734827379584;0.03764790247400502
664.5;0.014828677071017829;0.01567734827379584;0.041250831669993354
666.0;0.017385814700674008;0.01567734827379584;0.041530944625407164
667.5;0.017385814700674008;0.01567734827379584;0.03160767554530645
669.0;0.016638225255972697;0.01567734827379584;0.03160767554530645
670.5;0.03764790247400502;0.01567734827379584;0.03160767554530645
672.0;0.03669724770642202;0.01567734827379584;0.03160767554530645
673.5;0.03669724770642202;0.01567734827379584;0.03160767554530645
675.0;0.03669724770642202;0.01567734827379584;0.0321878706485571
676.5;0.03669724770642202;0.01567734827379584;0.03858606712690403
678.0;0.03669724770642202;0.01567734827379584;0.040424121935056324
679.5;0.03669724770642202;0.01567734827379584;0.03357531760435572
681.0;0.036646406864497674;0.01567734827379584;0.036646406864497674
682.5;0.036646406864497674;0.01567734827379584;0.036646406864497674
684.0;0.036646406864497674;0.01567734827379584;0.03130908265900325
685.5;0.036646406864497674;0.01567734827379584;0.03768591312195207
687.0;0.03902213310711807;0.01567734827379584;0.03768591312195207
688.5;0.035650623885918005;0.01567734827379584;0.03768591312195207
690.0;0.035650623885918005;0.01567734827379584;0.033697931493502586
691.5;0.037753222836095765;0.01567734827379584;0.037312715311890364
693.0;0.03512773722627738;0.01567734827379584;0.037312715311890364
694.5;0.03512773722627738;0.01567734827379584;0.037312715311890364
696.0;0.032697066101095795;0.01567734827379584;0.037312715311890364
697.5;0.032697066101095795;0.01567734827379584;0.037312715311890364
699.0;0.032697066101095795;0.01567734827379584;0.037312715311890364
700.5;0.03609431217943811;0.03146494238715598;0.03534512971343672
702.0;0.03609431217943811;0.03602289986334025;0.03708596418846531
703.5;0.0367279087083759;0.03602289986334025;0.03708596418846531
705.0;0.03091538715963386;0.015676896668012225;0.03708596418846531
706.5;0.03265254436585322;0.018242456797028576;0.03708596418846531
708.0;0.03265254436585322;0.018242456797028576;0.03708596418846531
709.5;0.03265254436585322;0.018242456797028576;0.03708596418846531
711.0;0.03165717058169511;0.03510343540048772;0.03708596418846531
712.5;0.03251852018092068;0.03250478011472275;0.03519913210701956
714.0;0.03251852018092068;0.015095605501509561;0.03519913210701956
715.5;0.03251852018092068;0.038041387799061466;0.03609592313694582
717.0;0.03251852018092068;0.03106789479980177;0.03609592313694582
718.5;0.01741601350785099;0.02802491103202847;0.03609592313694582
720.0;0.01741601350785099;0.03130908265900325;0.03609592313694582
721.5;0.01741601350785099;0.03864818325709216;0.03609592313694582
723.0;0.01741601350785099;0.017465858520325457;0.03609592313694582
724.5;0.01741601350785099;0.023642732049036778;0.03609592313694582
726.0;0.014844188506303903;0.023642732049036778;0.03609592313694582
727.5;0.014844188506303903;0.023642732049036778;0.03609592313694582
729.0;0.014844188506303903;0.027531083481349913;0.03609592313694582
730.5;0.018256492034823147;0.01865038996269922;0.03609592313694582
732.0;0.015684481542853023;0.01850632726208763;0.03609592313694582
733.5;0.015684481542853023;0.03106789479980177;0.03609592313694582
735.0;0.01825012709422827;0.0325497287522604;0.03609592313694582
736.5;0.016638225255972697;0.017623877982923447;0.03609592313694582
738.0;0.016638225255972697;0.014910112661872163;0.03609592313694582
739.5;0.016638225255972697;0.03637335441877961;0.03609592313694582
741.0;0.016638225255972697;0.03637335441877961;0.03609592313694582
742.5;0.016638225255972697;0.03527987093940073;0.03609592313694582
744.0;0.016638225255972697;0.032478764464558434;0.03609592313694582
745.5;0.016638225255972697;0.03427946190269746;0.03609592313694582
747.0;0.016638225255972697;0.01826142579350741;0.03609592313694582
748.5;0.016638225255972697;0.01826142579350741;0.03609592313694582
750.0;0.016638225255972697;0.01826142579350741;0.03609592313694582
751.5;0.016638225255972697;0.01826142579350741;0.03609592313694582
753.0;0.016638225255972697;0.01826142579350741;0.03609592313694582
754.5;0.016638225255972697;0.01826142579350741;0.03609592313694582
756.0;0.016638225255972697;0.017393838281482624;0.03609592313694582
757.5;0.016638225255972697;0.01739137492247878;0.03609592313694582
759.0;0.016638225255972697;0.01739137492247878;0.03609592313694582
760.5;0.016638225255972697;0.01739137492247878;0.03607665186997895
762.0;0.016638225255972697;0.016533838797490336;0.035132390418972995
763.5;0.016638225255972697;0.016533838797490336;0.03329636999336548
765.0;0.016638225255972697;0.03365384615384615;0.03329636999336548
766.5;0.016638225255972697;0.03365384615384615;0.03329636999336548
768.0;0.016638225255972697;0.03365384615384615;0.03329636999336548
769.5;0.016638225255972697;0.03460837887067396;0.03329636999336548
771.0;0.016638225255972697;0.015001087035292413;0.03329636999336548
772.5;0.016638225255972697;0.015001087035292413;0.03420376599409057
774.0;0.016638225255972697;0.015001087035292413;0.03420376599409057
775.5;0.016638225255972697;0.01842179442537598;0.03420376599409057
777.0;0.016638225255972697;0.017465858520325457;0.03420376599409057
778.5;0.016638225255972697;0.017443347491498312;0.03420376599409057
780.0;0.016638225255972697;0.017427438387099873;0.03420376599409057
781.5;0.016638225255972697;0.017971946230274694;0.03328760839110723
783.0;0.016638225255972697;0.04057719431485299;0.03328760839110723
784.5;0.016638225255972697;0.01594765689784196;0.03328760839110723
786.0;0.01865038996269922;0.023765996343692867;0.036027920192014194
787.5;0.01865038996269922;0.023765996343692867;0.036027920192014194
789.0;0.01865038996269922;0.03966822935448972;0.018243532876687153
790.5;0.01865038996269922;0.026548672566371685;0.018243532876687153
792.0;0.01865038996269922;0.0175513698630137;0.018243532876687153
793.5;0.01865038996269922;0.017754480892796753;0.03419174705899605
795.0;0.01865038996269922;0.017754480892796753;0.018242716875351634
796.5;0.01865038996269922;0.017754480892796753;0.014827312439301472
798.0;0.01865038996269922;0.03482458408757866;0.025573192239858905
799.5;0.01865038996269922;0.03482458408757866;0.03609431217943811
801.0;0.01850632726208763;0.03482458408757866;0.03609431217943811
802.5;0.014945495799148322;0.0175513698630137;0.03669724770642202
804.0;0.01663225731761437;0.017094017094017096;0.03764790247400502
805.5;0.01663225731761437;0.016863406408094434;0.0175513698630137
807.0;0.016582472972657695;0.018354055654233276;0.031723651744800845
808.5;0.016582472972657695;0.018354055654233276;0.03864818325709216
810.0;0.017427438387099873;0.01865038996269922;0.03091538715963386
811.5;0.017427438387099873;0.01850632726208763;0.030813820600779404
813.0;0.017427438387099873;0.0161839863713799;0.017754480892796753
814.5;0.01741601350785099;0.0161839863713799;0.01850632726208763
816.0;0.033363061427410384;0.0161839863713799;0.01850632726208763
817.5;0.01654477169890474;0.018683274021352312;0.014945495799148322
819.0;0.016863406408094434;0.018010291595197254;0.034633078205669056
820.5;0.015001087035292413;0.018026004728132386;0.035437678433415665
822.0;0.015001087035292413;0.018026004728132386;0.037137807788150325
823.5;0.015001087035292413;0.015280135823429542;0.037137807788150325
825.0;0.015001087035292413;0.015280135823429542;0.038817005545286505
826.5;0.03293798595973293;0.017623877982923447;0.015871286409530037
828.0;0.03183910937543675;0.017623877982923447;0.014910112661872163
829.5;0.03357729479429107;0.033879208022981784;0.03825578292372061
831.0;0.0381479518588489;0.033879208022981784;0.015724726735506497
832.5;0.033435588205396154;0.017465858520325457;0.0161839863713799
834.0;0.038017461422104666;0.017465858520325457;0.017623877982923447
835.5;0.038017461422104666;0.032573955124637066;0.017623877982923447
837.0;0.038017461422104666;0.02802491103202847;0.017547197908565945
838.5;0.0285204991087344;0.016638225255972697;0.03450566571561023
840.0;0.016863406408094434;0.016638225255972697;0.015711796950363736
841.5;0.0367279087083759;0.033676001417936904;0.016550266845809666
843.0;0.03450566571561023;0.033676001417936904;0.015687178238012765
844.5;0.018289844042285466;0.033676001417936904;0.015687178238012765
846.0;0.017094017094017096;0.033676001417936904;0.01825283975007182
847.5;0.035650623885918005;0.033676001417936904;0.014830971492820427
849.0;0.035650623885918005;0.014945495799148322;0.016638225255972697
850.5;0.035650623885918005;0.03841245791927793;0.01850632726208763
852.0;0.035650623885918005;0.017465858520325457;0.03481624758220503
853.5;0.03320921042632419;0.036275860696139695;0.018010291595197254
855.0;0.03320921042632419;0.03764790247400502;0.038655160014383315
856.5;0.03320921042632419;0.03864818325709216;0.017547197908565945
858.0;0.03320921042632419;0.03183910937543675;0.017547197908565945
859.5;0.03320921042632419;0.03265254436585322;0.01836806645203033
861.0;0.03320921042632419;0.0381479518588489;0.01836806645203033
862.5;0.03320921042632419;0.03435603223272361;0.01836806645203033
864.0;0.03320921042632419;0.03797793703236822;0.01836806645203033
865.5;0.03320921042632419;0.03797793703236822;0.01660281557997176
867.0;0.03320921042632419;0.03797793703236822;0.01660281557997176
868.5;0.03320921042632419;0.03797793703236822;0.01660281557997176
870.0;0.03320921042632419;0.03797793703236822;0.014870091759449306
871.5;0.03320921042632419;0.017397154861764727;0.014870091759449306
873.0;0.03320921042632419;0.01825012709422827;0.014870091759449306
874.5;0.03320921042632419;0.037880197145298;0.014870091759449306
876.0;0.017547197908565945;0.037880197145298;0.014870091759449306
877.5;0.017547197908565945;0.03237389707170169;0.014870091759449306
879.0;0.01660281557997176;0.014827949697411927;0.014870091759449306
880.5;0.01660281557997176;0.018243179757112683;0.014870091759449306
882.0;0.01660281557997176;0.014827410635276744;0.03527987093940073
883.5;0.017443347491498312;0.014827410635276744;0.01740771421307761
885.0;0.017443347491498312;0.014827410635276744;0.03517428528980739
886.5;0.017443347491498312;0.01652919989388306;0.032886334610472544
888.0;0.017443347491498312;0.01652919989388306;0.018010291595197254
889.5;0.017427438387099873;0.01652919989388306;0.018010291595197254
891.0;0.031567255350648166;0.01652913129870731;0.018010291595197254
892.5;0.015695763321720377;0.01652913129870731;0.015871286409530037
894.0;0.015695763321720377;0.01652913129870731;0.015871286409530037
895.5;0.015695763321720377;0.01652913129870731;0.035774141714325206
897.0;0.01654477169890474;0.016529079863994253;0.035774141714325206
898.5;0.01654477169890474;0.016529079863994253;0.03409090909090909
900.0;0.01654477169890474;0.01824226361621402;0.016676298192025096
901.5;0.01654477169890474;0.014827087928111741;0.025573192239858905
903.0;0.03700055563850478;0.014827087928111741;0.02460456942003515
904.5;0.03700055563850478;0.014827087928111741;0.02460456942003515
906.0;0.03700055563850478;0.014827087928111741;0.02460456942003515
907.5;0.03422569546639526;0.014827087928111741;0.032256841786066255
909.0;0.015682478532320222;0.014827087928111741;0.03746174588351344
910.5;0.015682478532320222;0.014827087928111741;0.018332165356039182
912.0;0.01567987457984609;0.014827087928111741;0.036275860696139695
913.5;0.01567987457984609;0.014827087928111741;0.03527987093940073
915.0;0.01567987457984609;0.014827087928111741;0.03527987093940073
916.5;0.01567987457984609;0.014827087928111741;0.03527987093940073
918.0;0.01567987457984609;0.014827087928111741;0.01741601350785099
919.5;0.01567987457984609;0.014827087928111741;0.01741601350785099
921.0;0.01567987457984609;0.014827087928111741;0.016550266845809666
922.5;0.01567987457984609;0.014827087928111741;0.016550266845809666
924.0;0.01567987457984609;0.014827087928111741;0.03334073832066439
925.5;0.015679043553987165;0.014827087928111741;0.03334073832066439
927.0;0.015679043553987165;0.014827087928111741;0.027531083481349913
928.5;0.015679043553987165;0.014827087928111741;0.027531083481349913
930.0;0.015679043553987165;0.014827087928111741;0.038655160014383315
931.5;0.015679043553987165;0.014827087928111741;0.015001087035292413
933.0;0.015679043553987165;0.014827087928111741;0.017547197908565945
934.5;0.015679043553987165;0.014827087928111741;0.015724726735506497
936.0;0.015679043553987165;0.014827087928111741;0.0161839863713799
937.5;0.015679043553987165;0.014827087928111741;0.025088028169014082
939.0;0.014828261126484797;0.014827087928111741;0.033676001417936904
940.5;0.014828261126484797;0.014827087928111741;0.017623877982923447
942.0;0.01567760904807164;0.014827087928111741;0.03768591312195207
943.5;0.016529793433502835;0.014827087928111741;0.0170487948265726
945.0;0.0161839863713799;0.014827087928111741;0.017754480892796753
946.5;0.015095605501509561;0.014827087928111741;0.015001087035292413
948.0;0.015095605501509561;0.01738417792750781;0.014910112661872163
949.5;0.015871286409530037;0.017384159934034568;0.016863406408094434
951.0;0.017547197908565945;0.014827047568619004;0.017547197908565945
952.5;0.017547197908565945;0.014827047568619004;0.0175513698630137
954.0;0.018332165356039182;0.01824215614953509;0.016863406408094434
955.5;0.018332165356039182;0.01824215614953509;0.015001087035292413
957.0;0.018332165356039182;0.01824215614953509;0.015001087035292413
958.5;0.01830736743700201;0.017384128729232635;0.025573192239858905
960.0;0.01830736743700201;0.017384128729232635;0.014945495799148322
961.5;0.01830736743700201;0.017384128729232635;0.014945495799148322
963.0;0.01830736743700201;0.017384128729232635;0.038655160014383315
964.5;0.01830736743700201;0.0161839863713799;0.017547197908565945
966.0;0.01830736743700201;0.01865038996269922;0.03450566571561023
967.5;0.01830736743700201;0.01865038996269922;0.03450566571561023
969.0;0.01830736743700201;0.01850632726208763;0.03431165971848048
970.5;0.01830736743700201;0.01850632726208763;0.03431165971848048
972.0;0.03251852018092068;0.01850632726208763;0.036122089571306734
973.5;0.03431165971848048;0.01842179442537598;0.015690820879123473
975.0;0.030614484288885975;0.01660281557997176;0.03607665186997895
976.5;0.033324296038916436;0.015724726735506497;0.018248107350266503
978.0;0.033324296038916436;0.015724726735506497;0.031475908069914404
979.5;0.03331212913068683;0.037137807788150325;0.026060070671378093
981.0;0.03331212913068683;0.037137807788150325;0.033676001417936904
982.5;0.030582742510880303;0.014850222990092551;0.017623877982923447
984.0;0.030582742510880303;0.014850222990092551;0.024464831804281346
985.5;0.030577071180984263;0.014850222990092551;0.01597712748065927
987.0;0.03238207376784275;0.016550266845809666;0.032000890578704894
988.5;0.03237852960092877;0.014834097312229661;0.014870091759449306
990.0;0.03357531760435572;0.014834097312229661;0.014870091759449306
991.5;0.03357531760435572;0.01653549687010534;0.015731292517006803
993.0;0.036646406864497674;0.036966131441484265;0.015731292517006803
994.5;0.01842179442537598;0.025573192239858905;0.017547197908565945
996.0;0.01842179442537598;0.024122807017543862;0.018010291595197254
997.5;0.01842179442537598;0.016676298192025096;0.017094017094017096
999.0;0.01663225731761437;0.016582472972657695;0.017623877982923447
1000.5;0.01663225731761437;0.03435603223272361;0.017094017094017096
1002.0;0.01663225731761437;0.01570251018973342;0.038655160014383315
1003.5;0.01663225731761437;0.03250478011472275;0.01842179442537598
1005.0;0.01663225731761437;0.018848906360245943;0.01842179442537598
1006.5;0.01663225731761437;0.015854570888502284;0.01865038996269922
1008.0;0.01663225731761437;0.014936197678611653;0.035650623885918005
1009.5;0.01663225731761437;0.01749000201260901;0.017094017094017096
1011.0;0.01663225731761437;0.0165975978705743;0.017754480892796753
1012.5;0.01663225731761437;0.038655160014383315;0.03512773722627738
1014.0;0.01663225731761437;0.017498443680569787;0.035650623885918005
1015.5;0.01663225731761437;0.01608187134502924;0.015001087035292413
1017.0;0.01663225731761437;0.018010291595197254;0.034633078205669056
1018.5;0.01663225731761437;0.01597712748065927;0.034633078205669056
1020.0;0.01663225731761437;0.01597712748065927;0.01488644788002137
1021.5;0.01663225731761437;0.01608187134502924;0.01830736743700201
1023.0;0.01663225731761437;0.017094017094017096;0.031567255350648166
1024.5;0.01663225731761437;0.017094017094017096;0.03519913210701956
1026.0;0.01663225731761437;0.017094017094017096;0.030590360834056505
1027.5;0.015743018124095107;0.017094017094017096;0.030582742510880303
1029.0;0.015743018124095107;0.01597712748065927;0.02703900709219858
1030.5;0.015743018124095107;0.015001087035292413;0.031723651744800845
1032.0;0.01830736743700201;0.01842179442537598;0.03669724770642202
1033.5;0.01570251018973342;0.01842179442537598;0.017623877982923447
1035.0;0.01740771421307761;0.01842179442537598;0.017623877982923447
1036.5;0.01740771421307761;0.01842179442537598;0.02460456942003515
1038.0;0.017401635028469288;0.017498443680569787;0.01749271137026239
1039.5;0.017401635028469288;0.017498443680569787;0.03354534045223458
1041.0;0.017401635028469288;0.017498443680569787;0.03383146621499615
1042.5;0.017401635028469288;0.014870091759449306;0.023765996343692867
1044.0;0.016540721828503288;0.014870091759449306;0.037753222836095765
1045.5;0.016540721828503288;0.014870091759449306;0.017754480892796753
1047.0;0.016540721828503288;0.01485852872552252;0.017754480892796753
1048.5;0.016540721828503288;0.0175513698630137;0.015809071886378992
1050.0;0.016540721828503288;0.0175513698630137;0.026548672566371685
1051.5;0.016540721828503288;0.0175513698630137;0.026548672566371685
1053.0;0.016540721828503288;0.03130908265900325;0.015095605501509561
1054.5;0.016540721828503288;0.03130908265900325;0.024464831804281346
1056.0;0.016540721828503288;0.03130908265900325;0.0161839863713799
1057.5;0.016540721828503288;0.014945495799148322;0.026548672566371685
1059.0;0.016540721828503288;0.016863406408094434;0.016863406408094434
1060.5;0.016540721828503288;0.016863406408094434;0.016863406408094434
1062.0;0.016540721828503288;0.016863406408094434;0.025573192239858905
1063.5;0.016540721828503288;0.03460837887067396;0.038655160014383315
1065.0;0.016540721828503288;0.01865038996269922;0.01842179442537598
1066.5;0.016540721828503288;0.015001087035292413;0.017754480892796753
1068.0;0.016540721828503288;0.014945495799148322;0.038817005545286505
1069.5;0.016540721828503288;0.014945495799148322;0.032697066101095795
1071.0;0.016540721828503288;0.014945495799148322;0.025522755227552277
1072.5;0.016540721828503288;0.01663225731761437;0.03951778570656288
1074.0;0.016540721828503288;0.01663225731761437;0.03966822935448972
1075.5;0.016540721828503288;0.037312715311890364;0.03864818325709216
1077.0;0.016540721828503288;0.037312715311890364;0.02802491103202847
1078.5;0.016540721828503288;0.037312715311890364;0.026060070671378093
1080.0;0.016540721828503288;0.030743823668949708;0.026060070671378093
1081.5;0.016540721828503288;0.030743823668949708;0.03106789479980177
1083.0;0.016540721828503288;0.016557768507871926;0.04483695652173913
1084.5;0.016540721828503288;0.014844188506303903;0.03530661003451022
1086.0;0.016540721828503288;0.014844188506303903;0.033972841057362396
1087.5;0.036062392589235694;0.014844188506303903;0.0185554688027144
1089.0;0.036062392589235694;0.014844188506303903;0.03470177038806309
1090.5;0.03239318172081418;0.014844188506303903;0.03818748472993609
1092.0;0.03239318172081418;0.014844188506303903;0.031581172159373824
1093.5;0.03239318172081418;0.01826142579350741;0.01826392058688452
1095.0;0.03239318172081418;0.014836509492270044;0.025573192239858905
1096.5;0.03604392459334977;0.014836509492270044;0.036646406864497674
1098.0;0.03604392459334977;0.014836509492270044;0.01850632726208763
1099.5;0.03057284130713342;0.017393838281482624;0.01850632726208763
1101.0;0.0341998118724038;0.017393838281482624;0.015809071886378992
1102.5;0.0341998118724038;0.01825012709422827;0.015809071886378992
1104.0;0.03056732006096618;0.01825012709422827;0.015809071886378992
1105.5;0.03056732006096618;0.016638225255972697;0.014910112661872163
1107.0;0.03056732006096618;0.016638225255972697;0.015743018124095107
1108.5;0.03056732006096618;0.016638225255972697;0.01485852872552252
1110.0;0.03056732006096618;0.016638225255972697;0.01740771421307761
1111.5;0.03056732006096618;0.01597712748065927;0.01740771421307761
1113.0;0.03056732006096618;0.01597712748065927;0.018256492034823147
1114.5;0.03056732006096618;0.01597712748065927;0.018256492034823147
1116.0;0.016530470370958342;0.01597712748065927;0.017393838281482624
1117.5;0.01653008333788549;0.01850632726208763;0.014829976303317897
1119.0;0.01653008333788549;0.01842179442537598;0.016531678096401558
1120.5;0.01653008333788549;0.017465858520325457;0.016531678096401558
1122.0;0.018243179757112683;0.017443347491498312;0.018244004306380245
1123.5;0.018243179757112683;0.017443347491498312;0.018244004306380245
1125.0;0.014827541633468562;0.017443347491498312;0.018244004306380245
1126.5;0.014827541633468562;0.017443347491498312;0.018244004306380245
1128.0;0.014827541633468562;0.017443347491498312;0.018244004306380245
1129.5;0.015677006439402855;0.017443347491498312;0.014827949697411927
1131.0;0.01738451054966002;0.037137807788150325;0.014827949697411927
1132.5;0.018242456797028576;0.017094017094017096;0.014827949697411927
1134.0;0.018242456797028576;0.017094017094017096;0.014827949697411927
1135.5;0.018242456797028576;0.037753222836095765;0.014827949697411927
1137.0;0.017384276578092637;0.037753222836095765;0.014827541633468562
1138.5;0.017384276578092637;0.035650623885918005;0.014827541633468562
1140.0;0.017384276578092637;0.035650623885918005;0.014827541633468562
1141.5;0.017384276578092637;0.035650623885918005;0.015677006439402855
1143.0;0.018242228386297764;0.035650623885918005;0.015677006439402855
1144.5;0.01738417792750781;0.035650623885918005;0.01738451054966002
1146.0;0.01738417792750781;0.035650623885918005;0.017384409349774463
1147.5;0.01738417792750781;0.035650623885918005;0.01824237324511988
1149.0;0.014827047568619004;0.035650623885918005;0.01824237324511988
1150.5;0.014827047568619004;0.035650623885918005;0.01824237324511988
1152.0;0.01824215614953509;0.035650623885918005;0.018026004728132386
1153.5;0.01824215614953509;0.015001087035292413;0.018026004728132386
1155.0;0.01824215614953509;0.015001087035292413;0.02802491103202847
1156.5;0.01824215614953509;0.015001087035292413;0.01865038996269922
1158.0;0.01824215614953509;0.03106789479980177;0.023642732049036778
1159.5;0.01824215614953509;0.015769487034319674;0.03966822935448972
1161.0;0.01824215614953509;0.015769487034319674;0.03966822935448972
1162.5;0.01824215614953509;0.016582472972657695;0.03966822935448972
1164.0;0.01652894620374325;0.016582472972657695;0.03966822935448972
1165.5;0.025573192239858905;0.016582472972657695;0.016745540589734254
1167.0;0.038655160014383315;0.015711796950363736;0.016745540589734254
1168.5;0.032256841786066255;0.014850222990092551;0.02587800369685767
1170.0;0.032256841786066255;0.014850222990092551;0.02587800369685767
1171.5;0.01842179442537598;0.014850222990092551;0.015095605501509561
1173.0;0.01842179442537598;0.014850222990092551;0.016745540589734254
1174.5;0.03722426470588235;0.014850222990092551;0.02516881522406384
1176.0;0.032256841786066255;0.014850222990092551;0.03919631093544137
1177.5;0.033879208022981784;0.014850222990092551;0.03919631093544137
1179.0;0.033697931493502586;0.014850222990092551;0.017754480892796753
1180.5;0.0325497287522604;0.014850222990092551;0.017754480892796753
1182.0;0.031723651744800845;0.014850222990092551;0.018010291595197254
1183.5;0.031723651744800845;0.014850222990092551;0.018010291595197254
1185.0;0.01850632726208763;0.016550266845809666;0.017547197908565945
1186.5;0.01842179442537598;0.016550266845809666;0.03442728442728442
1188.0;0.01842179442537598;0.016550266845809666;0.01597712748065927
1189.5;0.01663225731761437;0.016550266845809666;0.017754480892796753
1191.0;0.01663225731761437;0.01826142579350741;0.03722426470588235
1192.5;0.01488644788002137;0.018256492034823147;0.03864818325709216
1194.0;0.01488644788002137;0.01825283975007182;0.01836806645203033
1195.5;0.01488644788002137;0.01825012709422827;0.017094017094017096
1197.0;0.01488644788002137;0.01825012709422827;0.017754480892796753
1198.5;0.01488644788002137;0.014830971492820427;0.0175513698630137
1200.0;0.01830736743700201;0.014830971492820427;0.01597712748065927
1201.5;0.01830736743700201;0.014830971492820427;0.01597712748065927
1203.0;0.017427438387099873;0.014830971492820427;0.014945495799148322
1204.5;0.017427438387099873;0.014830971492820427;0.015731292517006803
1206.0;0.016557768507871926;0.014830971492820427;0.016745540589734254
1207.5;0.016557768507871926;0.014830971492820427;0.01660281557997176
1209.0;0.01654477169890474;0.01567987457984609;0.03160480961955194
1210.5;0.01654477169890474;0.018470790378006873;0.015095605501509561
1212.0;0.01654477169890474;0.01597712748065927;0.018010291595197254
1213.5;0.017397154861764727;0.01597712748065927;0.01865038996269922
1215.0;0.01653549687010534;0.01597712748065927;0.016745540589734254
1216.5;0.01653549687010534;0.01597712748065927;0.035774141714325206
1218.0;0.01653549687010534;0.01850632726208763;0.015769487034319674
1219.5;0.01653549687010534;0.01850632726208763;0.0161839863713799
1221.0;0.01653549687010534;0.01850632726208763;0.016863406408094434
1222.5;0.01653549687010534;0.01850632726208763;0.015095605501509561
1224.0;0.01653549687010534;0.01850632726208763;0.015001087035292413
1225.5;0.01653549687010534;0.01850632726208763;0.0175513698630137
1227.0;0.01653549687010534;0.01850632726208763;0.031723651744800845
1228.5;0.01653549687010534;0.01850632726208763;0.03416622228993677
1230.0;0.01653549687010534;0.01850632726208763;0.035572080214829514
1231.5;0.031480391538412276;0.01850632726208763;0.018470790378006873
1233.0;0.038817005545286505;0.01850632726208763;0.018470790378006873
1234.5;0.03416622228993677;0.017547197908565945;0.026548672566371685
1236.0;0.03482458408757866;0.017547197908565945;0.01597712748065927
1237.5;0.03482458408757866;0.017547197908565945;0.01597712748065927
1239.0;0.03482458408757866;0.017547197908565945;0.016745540589734254
1240.5;0.03764790247400502;0.017547197908565945;0.016676298192025096
1242.0;0.035774141714325206;0.017547197908565945;0.016676298192025096
1243.5;0.035774141714325206;0.03746174588351344;0.016676298192025096
1245.0;0.03460837887067396;0.03173139329252938;0.016676298192025096
1246.5;0.03460837887067396;0.036275860696139695;0.03746174588351344
1248.0;0.03460837887067396;0.036275860696139695;0.037312715311890364
1249.5;0.03460837887067396;0.036275860696139695;0.037312715311890364
1251.0;0.03130908265900325;0.015711796950363736;0.016582472972657695
1252.5;0.0367279087083759;0.015711796950363736;0.017427438387099873
1254.0;0.0367279087083759;0.015711796950363736;0.014850222990092551
1255.5;0.0367279087083759;0.015711796950363736;0.014850222990092551
1257.0;0.0367279087083759;0.015711796950363736;0.0182681206624895
1258.5;0.0367279087083759;0.015711796950363736;0.01826142579350741
1260.0;0.0367279087083759;0.015711796950363736;0.018256492034823147
1261.5;0.0367279087083759;0.015711796950363736;0.018256492034823147
1263.0;0.01663225731761437;0.015711796950363736;0.017393838281482624
1264.5;0.017465858520325457;0.015711796950363736;0.017393838281482624
1266.0;0.017465858520325457;0.015711796950363736;0.01825012709422827
1267.5;0.036275860696139695;0.038017461422104666;0.016533838797490336
1269.0;0.01485852872552252;0.038017461422104666;0.01653260196570383
1270.5;0.025573192239858905;0.038017461422104666;0.01653260196570383
1272.0;0.015001087035292413;0.038017461422104666;0.01653260196570383
1273.5;0.01660281557997176;0.038017461422104666;0.017387150648592545
1275.0;0.01660281557997176;0.038017461422104666;0.017387150648592545
1276.5;0.017427438387099873;0.038017461422104666;0.014828677071017829
1278.0;0.017427438387099873;0.038017461422104666;0.014828677071017829
1279.5;0.03154000016129497;0.038017461422104666;0.017385814700674008
1281.0;0.03154000016129497;0.038017461422104666;0.03694736414058953
1282.5;0.03154000016129497;0.038017461422104666;0.0175513698630137
1284.0;0.031520049278972326;0.038017461422104666;0.031723651744800845
1285.5;0.018256492034823147;0.038017461422104666;0.031723651744800845
1287.0;0.018256492034823147;0.038017461422104666;0.031723651744800845
1288.5;0.018256492034823147;0.014844188506303903;0.031723651744800845
1290.0;0.027531083481349913;0.014844188506303903;0.031723651744800845
1291.5;0.016745540589734254;0.01826142579350741;0.014910112661872163
1293.0;0.015743018124095107;0.014836509492270044;0.017465858520325457
1294.5;0.025573192239858905;0.014836509492270044;0.03435603223272361
1296.0;0.016863406408094434;0.014836509492270044;0.029017857142857144
1297.5;0.016863406408094434;0.014836509492270044;0.031723651744800845
1299.0;0.02703900709219858;0.014836509492270044;0.017094017094017096
1300.5;0.036646406864497674;0.014836509492270044;0.017754480892796753
1302.0;0.026548672566371685;0.01825283975007182;0.01842179442537598
1303.5;0.015871286409530037;0.01825283975007182;0.017754480892796753
1305.0;0.01663225731761437;0.015682478532320222;0.01850632726208763
1306.5;0.016582472972657695;0.015682478532320222;0.016745540589734254
1308.0;0.03065901496568101;0.017389540773412943;0.016403046280023436
1309.5;0.03065901496568101;0.017389540773412943;0.015095605501509561
1311.0;0.03065901496568101;0.017388172610590263;0.016745540589734254
1312.5;0.036122089571306734;0.017387150648592545;0.017498443680569787
1314.0;0.036122089571306734;0.018244633954786142;0.02703900709219858
1315.5;0.036122089571306734;0.016530470370958342;0.035650623885918005
1317.0;0.036122089571306734;0.016530470370958342;0.035650623885918005
1318.5;0.036122089571306734;0.03694736414058953;0.015731292517006803
1320.0;0.036122089571306734;0.01865038996269922;0.015731292517006803
1321.5;0.036122089571306734;0.015731292517006803;0.017754480892796753
1323.0;0.036122089571306734;0.01597712748065927;0.015871286409530037
1324.5;0.036122089571306734;0.017623877982923447;0.01702553830746119
1326.0;0.036122089571306734;0.016676298192025096;0.016638225255972697
1327.5;0.036122089571306734;0.017465858520325457;0.016638225255972697
1329.0;0.036122089571306734;0.037753222836095765;0.017623877982923447
1330.5;0.036122089571306734;0.01865038996269922;0.01865038996269922
1332.0;0.036122089571306734;0.03106789479980177;0.015809071886378992
1333.5;0.036122089571306734;0.03512773722627738;0.017498443680569787
1335.0;0.03794901389545961;0.03512773722627738;0.032697066101095795
1336.5;0.014836509492270044;0.03466050479914682;0.01850632726208763
1338.0;0.01825012709422827;0.03306159420289855;0.014910112661872163
1339.5;0.01825012709422827;0.01865038996269922;0.014910112661872163
1341.0;0.016638225255972697;0.017547197908565945;0.01488644788002137
1342.5;0.01597712748065927;0.035572080214829514;0.015095605501509561
1344.0;0.015871286409530037;0.015724726735506497;0.016745540589734254
1345.5;0.015871286409530037;0.018289844042285466;0.03293798595973293
1347.0;0.033879208022981784;0.018289844042285466;0.03293798595973293
1348.5;0.03512773722627738;0.018289844042285466;0.01663225731761437
1350.0;0.03357531760435572;0.018277260861902424;0.01663225731761437
1351.5;0.025088028169014082;0.03794901389545961;0.018332165356039182
1353.0;0.025088028169014082;0.03794901389545961;0.018332165356039182
1354.5;0.025088028169014082;0.03794901389545961;0.03527987093940073
1356.0;0.03250478011472275;0.03794901389545961;0.03527987093940073
1357.5;0.017094017094017096;0.017397154861764727;0.03527987093940073
1359.0;0.017094017094017096;0.016537723722061845;0.03527987093940073
1360.5;0.017094017094017096;0.016537723722061845;0.01570251018973342
1362.0;0.016638225255972697;0.01739137492247878;0.01740771421307761
1363.5;0.03966822935448972;0.01739137492247878;0.015731292517006803
1365.0;0.03706545928938685;0.018246600758721136;0.0170487948265726
1366.5;0.032000890578704894;0.018246600758721136;0.01865038996269922
1368.0;0.032000890578704894;0.017387150648592545;0.01865038996269922
1369.5;0.032000890578704894;0.018244633954786142;0.01865038996269922
1371.0;0.032000890578704894;0.018244633954786142;0.01865038996269922
1372.5;0.032000890578704894;0.018244633954786142;0.01865038996269922
1374.0;0.01836806645203033;0.018244633954786142;0.017623877982923447
1375.5;0.01836806645203033;0.014828261126484797;0.017623877982923447
1377.0;0.03357729479429107;0.014828261126484797;0.016676298192025096
1378.5;0.03357729479429107;0.014828261126484797;0.016676298192025096
1380.0;0.032573955124637066;0.01738538657899296;0.016676298192025096
1381.5;0.032573955124637066;0.016529793433502835;0.01836806645203033
1383.0;0.032573955124637066;0.03510567414170811;0.01836806645203033
1384.5;0.03357531760435572;0.03510567414170811;0.01836806645203033
1386.0;0.03466050479914682;0.03694401741588875;0.01836806645203033
1387.5;0.03466050479914682;0.018242568233389038;0.01660281557997176
1389.0;0.03902213310711807;0.01567675266971058;0.01865038996269922
1390.5;0.033697931493502586;0.026060070671378093;0.01850632726208763
1392.0;0.033697931493502586;0.015095605501509561;0.01842179442537598
1393.5;0.03534512971343672;0.027531083481349913;0.017498443680569787
1395.0;0.016568094782873223;0.03466050479914682;0.017498443680569787
1396.5;0.016568094782873223;0.03466050479914682;0.017094017094017096
1398.0;0.016568094782873223;0.03466050479914682;0.01865038996269922
1399.5;0.016568094782873223;0.03466050479914682;0.01865038996269922
1401.0;0.01570251018973342;0.03466050479914682;0.015001087035292413
1402.5;0.037048351952038205;0.03466050479914682;0.015809071886378992
1404.0;0.01654477169890474;0.03466050479914682;0.01660281557997176
1405.5;0.038655160014383315;0.03306159420289855;0.01660281557997176
1407.0;0.03460837887067396;0.03306159420289855;0.014870091759449306
1408.5;0.038655160014383315;0.03306159420289855;0.014870091759449306
1410.0;0.03706545928938685;0.038655160014383315;0.01570251018973342
1411.5;0.03706545928938685;0.035127911416571206;0.01570251018973342
1413.0;0.015769487034319674;0.035127911416571206;0.01570251018973342
1414.5;0.015769487034319674;0.038655160014383315;0.014844188506303903
1416.0;0.03165717058169511;0.035127911416571206;0.014844188506303903
1417.5;0.03165717058169511;0.035127911416571206;0.014844188506303903
1419.0;0.016568094782873223;0.035127911416571206;0.015687178238012765
1420.5;0.017094017094017096;0.03442728442728442;0.015687178238012765
1422.0;0.01850632726208763;0.03966822935448972;0.015687178238012765
1423.5;0.01850632726208763;0.016745540589734254;0.014834097312229661
1425.0;0.01850632726208763;0.032000890578704894;0.014834097312229661
1426.5;0.016403046280023436;0.032000890578704894;0.015682478532320222
1428.0;0.015280135823429542;0.032000890578704894;0.015682478532320222
1429.5;0.01850632726208763;0.01663225731761437;0.018246600758721136
1431.0;0.0161839863713799;0.01663225731761437;0.01567842217100666
1432.5;0.01597712748065927;0.015743018124095107;0.036949297788835295
1434.0;0.025573192239858905;0.016568094782873223;0.03602608177493532
1435.5;0.01865038996269922;0.018470790378006873;0.03602608177493532
1437.0;0.01836806645203033;0.026060070671378093;0.03602608177493532
1438.5;0.017443347491498312;0.026060070671378093;0.03419174705899605
1440.0;0.016863406408094434;0.01842179442537598;0.015677152879889675
1441.5;0.024664750957854403;0.03265254436585322;0.03510493983687938
1443.0;0.02569922389808171;0.039888682745825604;0.01652929138178772
1444.5;0.03589469305283176;0.015871286409530037;0.01652929138178772
1446.0;0.03332648875716516;0.016745540589734254;0.01652929138178772
1447.5;0.03332648875716516;0.01842179442537598;0.03146357881522546
1449.0;0.035626080870085744;0.03966822935448972;0.03146357881522546
1450.5;0.035626080870085744;0.01865038996269922;0.03146357881522546
1452.0;0.03829828162573974;0.03416622228993677;0.03327728415454418
1453.5;0.03829828162573974;0.017547197908565945;0.017384276578092637
1455.0;0.03829828162573974;0.03326935380678182;0.017384276578092637
1456.5;0.03829828162573974;0.015280135823429542;0.017384276578092637
1458.0;0.03829828162573974;0.040427509293680296;0.017384276578092637
1459.5;0.03829828162573974;0.033676001417936904;0.017384276578092637
1461.0;0.01658805423012067;0.01842179442537598;0.017384276578092637
1462.5;0.014861722933122578;0.01597712748065927;0.015676645691587714
1464.0;0.014861722933122578;0.0161839863713799;0.016528974413923803
1465.5;0.016560634634278676;0.027531083481349913;0.017384146439657036
1467.0;0.016560634634278676;0.036646406864497674;0.03510286351039476
1468.5;0.016552356215462534;0.015871286409530037;0.018242147791758662
1470.0;0.016546306084557413;0.026548672566371685;0.03146261649712174
1471.5;0.018257872199290114;0.016863406408094434;0.03418806205056328
1473.0;0.018257872199290114;0.0161839863713799;0.03418806205056328
1474.5;0.016538563573853065;0.015871286409530037;0.029017857142857144
1476.0;0.0156814056396179;0.016676298192025096;0.015001087035292413
1477.5;0.015680186958367995;0.016676298192025096;0.03293798595973293
1479.0;0.01482883325859691;0.016676298192025096;0.03293798595973293
1480.5;0.01824366539651252;0.016676298192025096;0.03746174588351344
1482.0;0.01824366539651252;0.016676298192025096;0.03746174588351344
1483.5;0.01824366539651252;0.016676298192025096;0.023642732049036778
1485.0;0.01824366539651252;0.016676298192025096;0.017754480892796753
1486.5;0.01824366539651252;0.016676298192025096;0.017754480892796753
1488.0;0.015871286409530037;0.016676298192025096;0.032256841786066255
1489.5;0.016676298192025096;0.014910112661872163;0.017547197908565945
1491.0;0.01663225731761437;0.014910112661872163;0.01836806645203033
1492.5;0.01663225731761437;0.014910112661872163;0.01836806645203033
1494.0;0.01660281557997176;0.014910112661872163;0.018010291595197254
1495.5;0.01660281557997176;0.03825578292372061;0.01865038996269922
1497.0;0.014870091759449306;0.03825578292372061;0.017094017094017096
1498.5;0.017094017094017096;0.03825578292372061;0.017094017094017096
1500.0;0.0175513698630137;0.037137807788150325;0.017094017094017096
1501.5;0.017754480892796753;0.037137807788150325;0.016745540589734254
1503.0;0.017623877982923447;0.0352330815985435;0.01842179442537598
1504.5;0.017623877982923447;0.03794901389545961;0.015724726735506497
1506.0;0.017623877982923447;0.03794901389545961;0.03435603223272361
1507.5;0.016676298192025096;0.017393838281482624;0.014850222990092551
1509.0;0.016676298192025096;0.01653549687010534;0.014850222990092551
1510.5;0.016676298192025096;0.017388172610590263;0.014850222990092551
1512.0;0.035572080214829514;0.016531678096401558;0.016863406408094434
1513.5;0.035572080214829514;0.036027920192014194;0.0175513698630137
1515.0;0.035572080214829514;0.036027920192014194;0.032697066101095795
1516.5;0.035572080214829514;0.036027920192014194;0.02703900709219858
1518.0;0.035572080214829514;0.036027920192014194;0.033676001417936904
1519.5;0.035572080214829514;0.037870303409020686;0.016676298192025096
1521.0;0.035572080214829514;0.037753222836095765;0.034633078205669056
1522.5;0.03637335441877961;0.035127911416571206;0.036275860696139695
1524.0;0.03637335441877961;0.026548672566371685;0.016568094782873223
1525.5;0.03165717058169511;0.035650623885918005;0.0182681206624895
1527.0;0.03165717058169511;0.01842179442537598;0.018470790378006873
1528.5;0.03165717058169511;0.01842179442537598;0.04057719431485299
1530.0;0.0306944381170478;0.029017857142857144;0.015069294547215105
1531.5;0.0306944381170478;0.0367279087083759;0.01672693391308206
1533.0;0.0306944381170478;0.03173139329252938;0.0319582924595652
1534.5;0.0306944381170478;0.03173139329252938;0.01832580429276873
1536.0;0.03065901496568101;0.03165717058169511;0.017094017094017096
1537.5;0.03065901496568101;0.016638225255972697;0.015871286409530037
1539.0;0.03065901496568101;0.017754480892796753;0.01660281557997176
1540.5;0.03065901496568101;0.017754480892796753;0.017443347491498312
1542.0;0.03519913210701956;0.017623877982923447;0.017443347491498312
1543.5;0.03517428528980739;0.03864818325709216;0.017094017094017096
1545.0;0.03517428528980739;0.03864818325709216;0.017754480892796753
1546.5;0.03517428528980739;0.03183910937543675;0.019345238095238096
1548.0;0.03517428528980739;0.0381479518588489;0.01942319011183049
1549.5;0.037927713726492604;0.0381479518588489;0.016979552792060267
1551.0;0.03331212913068683;0.03620712313994087;0.016979552792060267
1552.5;0.03331212913068683;0.03620712313994087;0.017754480892796753
1554.0;0.03331212913068683;0.03620712313994087;0.015001087035292413
1555.5;0.01825012709422827;0.015695763321720377;0.015280135823429542
1557.0;0.015680987109796585;0.015695763321720377;0.017623877982923447
1558.5;0.01653260196570383;0.017401635028469288;0.017094017094017096
1560.0;0.01653260196570383;0.017401635028469288;0.016745540589734254
1561.5;0.017387150648592545;0.03698555681259341;0.016745540589734254
1563.0;0.017387150648592545;0.01653549687010534;0.0161839863713799
1564.5;0.017387150648592545;0.01653549687010534;0.03512773722627738
1566.0;0.017386386504641093;0.018470790378006873;0.015871286409530037
1567.5;0.017386386504641093;0.03106789479980177;0.038655160014383315
1569.0;0.017386386504641093;0.015769487034319674;0.026060070671378093
1570.5;0.016530470370958342;0.037312715311890364;0.03669724770642202
1572.0;0.016530470370958342;0.016582472972657695;0.017754480892796753
1573.5;0.01738538657899296;0.03435603223272361;0.01865038996269922
1575.0;0.01738538657899296;0.03435603223272361;0.01865038996269922
1576.5;0.01738538657899296;0.01597712748065927;0.015001087035292413
1578.0;0.01738538657899296;0.026060070671378093;0.016676298192025096
1579.5;0.01738538657899296;0.015280135823429542;0.03746174588351344
1581.0;0.01738538657899296;0.016638225255972697;0.016403046280023436
1582.5;0.01738538657899296;0.017094017094017096;0.038817005545286505
1584.0;0.01738538657899296;0.016638225255972697;0.017623877982923447
1585.5;0.01738538657899296;0.016745540589734254;0.01663225731761437
1587.0;0.01738538657899296;0.018143754361479414;0.01663225731761437
1588.5;0.01738538657899296;0.01535109722361575;0.01663225731761437
1590.0;0.01738538657899296;0.022727272727272728;0.03828413284132841
1591.5;0.01738538657899296;0.01775534628830588;0.0175513698630137
1593.0;0.01738538657899296;0.018470790378006873;0.035650623885918005
1594.5;0.01738538657899296;0.01842179442537598;0.035650623885918005
1596.0;0.01738538657899296;0.015743018124095107;0.015001087035292413
1597.5;0.01738538657899296;0.0175513698630137;0.017547197908565945
1599.0;0.01738538657899296;0.015871286409530037;0.01488644788002137
1600.5;0.01738538657899296;0.024816176470588234;0.026548672566371685
1602.0;0.01738538657899296;0.015963095712199653;0.016745540589734254
1603.5;0.01738538657899296;0.015280135823429542;0.023765996343692867
1605.0;0.01738538657899296;0.024501992031872512;0.039888682745825604
1606.5;0.03510567414170811;0.015446744068652195;0.017754480892796753
1608.0;0.03510567414170811;0.016794337244254824;0.03106789479980177
1609.5;0.03510567414170811;0.029017857142857144;0.015743018124095107
1611.0;0.03510567414170811;0.016863406408094434;0.038655160014383315
1612.5;0.03419012112862037;0.03416622228993677;0.03828413284132841
1614.0;0.03419012112862037;0.03768591312195207;0.01865038996269922
1615.5;0.03419012112862037;0.03265254436585322;0.027531083481349913
1617.0;0.03419012112862037;0.03265254436585322;0.03966822935448972
1618.5;0.03418959902034071;0.03265254436585322;0.039603960396039604
1620.0;0.03418959902034071;0.016638225255972697;0.03354534045223458
1621.5;0.03418959902034071;0.032697066101095795;0.03966822935448972
1623.0;0.03418959902034071;0.032697066101095795;0.035774141714325206
1624.5;0.035103976771294954;0.015871286409530037;0.03637335441877961
1626.0;0.035103976771294954;0.015871286409530037;0.024114774114774116
1627.5;0.035103976771294954;0.016676298192025096;0.016638225255972697
1629.0;0.035103976771294954;0.016676298192025096;0.03466050479914682
1630.5;0.035103976771294954;0.016676298192025096;0.018010291595197254
1632.0;0.035103976771294954;0.016676298192025096;0.01842179442537598
1633.5;0.035103976771294954;0.016676298192025096;0.03460837887067396
1635.0;0.036942608152454794;0.01663225731761437;0.03460837887067396
1636.5;0.036942608152454794;0.01830736743700201;0.03460837887067396
1638.0;0.036942608152454794;0.01830736743700201;0.02516881522406384
1639.5;0.036942608152454794;0.017427438387099873;0.025439127801332527
1641.0;0.036021132546738804;0.017427438387099873;0.026060070671378093
1642.5;0.036021132546738804;0.017427438387099873;0.01850632726208763
1644.0;0.03722426470588235;0.014850222990092551;0.035774141714325206
1645.5;0.03722426470588235;0.015695763321720377;0.014910112661872163
1647.0;0.03722426470588235;0.015695763321720377;0.03764790247400502
1648.5;0.03722426470588235;0.018256492034823147;0.024122807017543862
1650.0;0.03722426470588235;0.01825283975007182;0.03768591312195207
1651.5;0.03722426470588235;0.015682478532320222;0.03768591312195207
1653.0;0.03722426470588235;0.015682478532320222;0.035437678433415665
1654.5;0.03722426470588235;0.014830971492820427;0.0381479518588489
1656.0;0.03722426470588235;0.0175513698630137;0.031723651744800845
1657.5;0.03466050479914682;0.015280135823429542;0.032256841786066255
1659.0;0.03466050479914682;0.015280135823429542;0.015809071886378992
1660.5;0.03617216117216117;0.015280135823429542;0.0161839863713799
1662.0;0.03617216117216117;0.015280135823429542;0.024816176470588234
1663.5;0.03617216117216117;0.014945495799148322;0.027526172426241342
1665.0;0.03617216117216117;0.017754480892796753;0.015280135823429542
1666.5;0.035650623885918005;0.017754480892796753;0.03966822935448972
1668.0;0.035127911416571206;0.026548672566371685;0.017623877982923447
1669.5;0.035127911416571206;0.01672535211267606;0.032697066101095795
1671.0;0.03768591312195207;0.01749271137026239;0.02703900709219858
1672.5;0.03768591312195207;0.01594765689784196;0.0175513698630137
1674.0;0.03768591312195207;0.017603269400950756;0.03136882129277567
1675.5;0.03768591312195207;0.03383146621499615;0.038153883046144366
1677.0;0.03768591312195207;0.018358765104113217;0.017847922818538867
1678.5;0.03768591312195207;0.018358765104113217;0.016638225255972697
1680.0;0.03768591312195207;0.0165975978705743;0.02703900709219858
1681.5;0.03768591312195207;0.030731237453197724;0.029017857142857144
1683.0;0.03768591312195207;0.030731237453197724;0.01842179442537598
1684.5;0.03768591312195207;0.030731237453197724;0.016582472972657695
1686.0;0.03768591312195207;0.030731237453197724;0.037753222836095765
1687.5;0.03768591312195207;0.03068545637031176;0.0161839863713799
1689.0;0.03768591312195207;0.03068545637031176;0.019013666072489603
1690.5;0.03768591312195207;0.03068545637031176;0.01654091700522345
1692.0;0.03768591312195207;0.03338585500008914;0.015069294547215105
1693.5;0.03768591312195207;0.03338585500008914;0.02802491103202847
1695.0;0.03768591312195207;0.03338585500008914;0.0161839863713799
1696.5;0.03768591312195207;0.03338585500008914;0.024464831804281346
1698.0;0.03768591312195207;0.03338585500008914;0.017094017094017096
1699.5;0.03768591312195207;0.03338585500008914;0.017094017094017096
1701.0;0.03768591312195207;0.03338585500008914;0.017094017094017096
1702.5;0.03768591312195207;0.03150262286867372;0.01749271137026239
1704.0;0.03768591312195207;0.03150262286867372;0.01749271137026239
1705.5;0.03768591312195207;0.035139922786970194;0.01612259159428971
1707.0;0.03768591312195207;0.03330140972242246;0.03313611109826108
1708.5;0.03768591312195207;0.03511828124718604;0.037753222836095765
1710.0;0.03768591312195207;0.03511828124718604;0.037753222836095765
1711.5;0.03768591312195207;0.03511828124718604;0.0175513698630137
1713.0;0.03768591312195207;0.03328690751171883;0.01597712748065927
1714.5;0.03768591312195207;0.03328690751171883;0.016745540589734254
1716.0;0.03768591312195207;0.03328690751171883;0.015280135823429542
1717.5;0.03768591312195207;0.03602746032658748;0.015095605501509561
1719.0;0.03768591312195207;0.03602573738163685;0.017547197908565945
1720.5;0.03768591312195207;0.03602573738163685;0.035437678433415665
1722.0;0.03768591312195207;0.03602573738163685;0.033494196742055664
1723.5;0.03768591312195207;0.03602573738163685;0.03251852018092068
1725.0;0.03768591312195207;0.017385005809612896;0.01740771421307761
1726.5;0.03768591312195207;0.018242865586099284;0.03698555681259341
1728.0;0.03768591312195207;0.014827386082052169;0.017388172610590263
1729.5;0.03768591312195207;0.014827386082052169;0.026060070671378093
1731.0;0.03768591312195207;0.014827386082052169;0.033676001417936904
1732.5;0.03768591312195207;0.014827386082052169;0.01663225731761437
1734.0;0.03768591312195207;0.015676876091500803;0.03450566571561023
1735.5;0.03768591312195207;0.015676876091500803;0.01865038996269922
1737.0;0.03768591312195207;0.018242435907013833;0.014945495799148322
1738.5;0.03768591312195207;0.018242435907013833;0.038817005545286505
1740.0;0.03768591312195207;0.018242435907013833;0.01850632726208763
1741.5;0.03768591312195207;0.018242435907013833;0.016638225255972697
1743.0;0.03768591312195207;0.018242435907013833;0.016638225255972697
1744.5;0.03768591312195207;0.018242435907013833;0.0161839863713799
1746.0;0.03768591312195207;0.018242435907013833;0.01597712748065927
1747.5;0.03768591312195207;0.018242435907013833;0.03758169934640523
1749.0;0.03768591312195207;0.018242435907013833;0.017623877982923447
1750.5;0.03768591312195207;0.018242435907013833;0.035650623885918005
1752.0;0.03768591312195207;0.018242435907013833;0.0161839863713799
1753.5;0.03768591312195207;0.018242435907013833;0.03764790247400502
1755.0;0.03768591312195207;0.018242435907013833;0.016676298192025096
1756.5;0.03768591312195207;0.018242435907013833;0.03966822935448972
1758.0;0.03768591312195207;0.018242435907013833;0.03935185185185185
1759.5;0.03768591312195207;0.018242435907013833;0.023642732049036778
1761.0;0.03768591312195207;0.018242435907013833;0.02669539153240914
1762.5;0.03768591312195207;0.0378667606631674;0.018671683262517162
1764.0;0.03768591312195207;0.0378667606631674;0.02703900709219858
1765.5;0.03768591312195207;0.0378667606631674;0.0161839863713799
1767.0;0.036514961411379304;0.0378667606631674;0.0161839863713799
1768.5;0.036514961411379304;0.0378667606631674;0.035127911416571206
1770.0;0.036514961411379304;0.0378667606631674;0.016638225255972697
1771.5;0.03357729479429107;0.0378667606631674;0.016745540589734254
1773.0;0.03357729479429107;0.0378667606631674;0.016863406408094434
1774.5;0.03357729479429107;0.0378667606631674;0.03282828282828283
1776.0;0.03357729479429107;0.03327703659704345;0.016335052812576762
1777.5;0.03357729479429107;0.03786631783875107;0.015033359741139864
1779.0;0.03357729479429107;0.03786631783875107;0.026060070671378093
1780.5;0.03357729479429107;0.03786631783875107;0.017754480892796753
1782.0;0.03357729479429107;0.03694188542687695;0.01842179442537598
1783.5;0.033494196742055664;0.03694188542687695;0.025088028169014082
1785.0;0.033494196742055664;0.03327663591716014;0.018010291595197254
1786.5;0.033494196742055664;0.03327663591716014;0.017825311942959002
1788.0;0.033494196742055664;0.031462709338908046;0.015109552273918112
1789.5;0.033494196742055664;0.032368071412612165;0.03617216117216117
1791.0;0.01485852872552252;0.032368071412612165;0.03130908265900325
1792.5;0.01485852872552252;0.031462654953475236;0.03130908265900325
1794.0;0.03708596418846531;0.031462654953475236;0.018332165356039182
1795.5;0.017094017094017096;0.031462654953475236;0.017094017094017096
1797.0;0.016638225255972697;0.031462654953475236;0.017094017094017096
1798.5;0.03966822935448972;0.034188096105729184;0.01865038996269922
1800.0;0.03966822935448972;0.034188096105729184;0.019675925925925927
1801.5;0.01842179442537598;0.034188096105729184;0.018671683262517162
1803.0;0.015095605501509561;0.034188096105729184;0.025573192239858905
1804.5;0.015095605501509561;0.030560308752425915;0.017094017094017096
1806.0;0.015095605501509561;0.030560308752425915;0.03864818325709216
1807.5;0.015095605501509561;0.03056029947588755;0.023642732049036778
1809.0;0.01850632726208763;0.03056029947588755;0.01597712748065927
1810.5;0.01850632726208763;0.03056029947588755;0.03609431217943811
1812.0;0.01850632726208763;0.034188060309134426;0.017547197908565945
1813.5;0.015095605501509561;0.034188053778800895;0.016863406408094434
1815.0;0.015095605501509561;0.03418804888107633;0.018848906360245943
1816.5;0.015095605501509561;0.036646406864497674;0.031190019193857967
1818.0;0.017094017094017096;0.036646406864497674;0.030897849630813257
1819.5;0.017094017094017096;0.03416622228993677;0.018041485106324483
1821.0;0.015280135823429542;0.03768591312195207;0.018041485106324483
1822.5;0.015280135823429542;0.03768591312195207;0.01587777695652498
1824.0;0.015280135823429542;0.03768591312195207;0.01834862385321101
1825.5;0.015280135823429542;0.03768591312195207;0.026148673888681355
1827.0;0.01865038996269922;0.03091538715963386;0.029853167842946376
1828.5;0.01865038996269922;0.035437678433415665;0.017373380447585393
1830.0;0.01865038996269922;0.035437678433415665;0.02495201535508637
1831.5;0.01865038996269922;0.0381479518588489;0.018197573656845753
1833.0;0.01865038996269922;0.03527987093940073;0.01783664661861255
1834.5;0.01865038996269922;0.03527987093940073;0.01783664661861255
1836.0;0.01865038996269922;0.03527987093940073;0.018354055654233276
1837.5;0.016745540589734254;0.03527987093940073;0.018354055654233276
1839.0;0.016745540589734254;0.03527987093940073;0.018354055654233276
1840.5;0.016745540589734254;0.03527987093940073;0.015280135823429542
1842.0;0.016745540589734254;0.03527987093940073;0.017623877982923447
1843.5;0.016745540589734254;0.03527987093940073;0.017547197908565945
1845.0;0.014945495799148322;0.03527987093940073;0.01488644788002137
1846.5;0.014945495799148322;0.03527987093940073;0.017427438387099873
1848.0;0.014945495799148322;0.03527987093940073;0.017754480892796753
1849.5;0.01663225731761437;0.03527987093940073;0.01850632726208763
1851.0;0.01663225731761437;0.03527987093940073;0.01842179442537598
1852.5;0.01663225731761437;0.03527987093940073;0.01842179442537598
1854.0;0.01663225731761437;0.03527987093940073;0.01834862385321101
1855.5;0.01663225731761437;0.03527987093940073;0.01874107841782935
1857.0;0.01663225731761437;0.03527987093940073;0.01597712748065927
1858.5;0.01663225731761437;0.03527987093940073;0.015731292517006803
1860.0;0.01663225731761437;0.03527987093940073;0.0285204991087344
1861.5;0.01663225731761437;0.03527987093940073;0.0285204991087344
1863.0;0.01663225731761437;0.03527987093940073;0.017754480892796753
1864.5;0.01663225731761437;0.03527987093940073;0.015871286409530037
1866.0;0.01663225731761437;0.03527987093940073;0.015871286409530037
1867.5;0.01663225731761437;0.03527987093940073;0.01730418943533698
1869.0;0.01663225731761437;0.03527987093940073;0.03913843540624705
1870.5;0.01663225731761437;0.03527987093940073;0.018944170972160067
1872.0;0.01663225731761437;0.03527987093940073;0.017556810401820555
1873.5;0.01663225731761437;0.03527987093940073;0.02703900709219858
1875.0;0.01663225731761437;0.03527987093940073;0.016863406408094434
1876.5;0.01663225731761437;0.03527987093940073;0.01850632726208763
1878.0;0.01663225731761437;0.03527987093940073;0.017498443680569787
1879.5;0.01663225731761437;0.03527987093940073;0.015743018124095107
1881.0;0.01663225731761437;0.03527987093940073;0.03512773722627738
1882.5;0.01663225731761437;0.03527987093940073;0.016745540589734254
1884.0;0.01663225731761437;0.03527987093940073;0.01663225731761437
1885.5;0.01663225731761437;0.03527987093940073;0.01488644788002137
1887.0;0.01663225731761437;0.03527987093940073;0.015724726735506497
1888.5;0.03825578292372061;0.03527987093940073;0.033435588205396154
1890.0;0.03825578292372061;0.03527987093940073;0.03431165971848048
1891.5;0.03825578292372061;0.03527987093940073;0.01654477169890474
1893.0;0.03825578292372061;0.03527987093940073;0.035650623885918005
1894.5;0.03825578292372061;0.03527987093940073;0.035127911416571206
1896.0;0.03825578292372061;0.03527987093940073;0.035127911416571206
1897.5;0.03825578292372061;0.03527987093940073;0.035127911416571206
1899.0;0.03825578292372061;0.03527987093940073;0.03746174588351344
1900.5;0.03441791502515164;0.03527987093940073;0.03746174588351344
1902.0;0.03441791502515164;0.03527987093940073;0.03746174588351344
1903.5;0.03441791502515164;0.03527987093940073;0.03746174588351344
1905.0;0.03441791502515164;0.03527987093940073;0.03669724770642202
1906.5;0.017094017094017096;0.03527987093940073;0.03669724770642202
1908.0;0.02460456942003515;0.03527987093940073;0.036646406864497674
1909.5;0.02460456942003515;0.03527987093940073;0.032256841786066255
1911.0;0.03902213310711807;0.03527987093940073;0.014910112661872163
1912.5;0.03864818325709216;0.03527987093940073;0.01660281557997176
1914.0;0.034633078205669056;0.03527987093940073;0.01660281557997176
1915.5;0.034633078205669056;0.03527987093940073;0.03441791502515164
1917.0;0.034633078205669056;0.03527987093940073;0.03435603223272361
1918.5;0.03825578292372061;0.03527987093940073;0.03435603223272361
1920.0;0.03825578292372061;0.03527987093940073;0.03435603223272361
1921.5;0.03825578292372061;0.03527987093940073;0.032478764464558434
1923.0;0.037210128013628566;0.03527987093940073;0.032478764464558434
1924.5;0.037210128013628566;0.03065901496568101;0.03154000016129497
1926.0;0.037210128013628566;0.03065901496568101;0.03617216117216117
1927.5;0.037210128013628566;0.03065901496568101;0.03617216117216117
1929.0;0.037210128013628566;0.03065901496568101;0.032697066101095795
1930.5;0.037210128013628566;0.03065901496568101;0.032697066101095795
1932.0;0.037210128013628566;0.03065901496568101;0.01842179442537598
1933.5;0.037210128013628566;0.03065901496568101;0.036514961411379304
1935.0;0.037210128013628566;0.03065901496568101;0.036275860696139695
1936.5;0.016568094782873223;0.03065901496568101;0.03160480961955194
1938.0;0.016568094782873223;0.03065901496568101;0.03065901496568101
1939.5;0.01570251018973342;0.03065901496568101;0.036122089571306734
1941.0;0.01570251018973342;0.03065901496568101;0.031520049278972326
1942.5;0.01570251018973342;0.03797793703236822;0.031520049278972326
1944.0;0.015695763321720377;0.03797793703236822;0.03828413284132841
1945.5;0.01826142579350741;0.03794901389545961;0.03828413284132841
1947.0;0.017397154861764727;0.03794901389545961;0.015095605501509561
1948.5;0.014832305600435561;0.024122807017543862;0.015095605501509561
1950.0;0.015680987109796585;0.033676001417936904;0.015095605501509561
1951.5;0.015680987109796585;0.035127911416571206;0.015095605501509561
1953.0;0.014829976303317897;0.025573192239858905;0.015095605501509561
1954.5;0.014829976303317897;0.01597712748065927;0.015095605501509561
1956.0;0.03419685558043023;0.01597712748065927;0.015095605501509561
1957.5;0.01567760904807164;0.01850632726208763;0.015095605501509561
1959.0;0.016529576213227;0.026060070671378093;0.03320921042632419
1960.5;0.016529576213227;0.015001087035292413;0.03320921042632419
1962.0;0.016529576213227;0.015001087035292413;0.03293798595973293
1963.5;0.016529576213227;0.014910112661872163;0.03293798595973293
1965.0;0.016529576213227;0.014910112661872163;0.03293798595973293
1966.5;0.037867668326972664;0.014910112661872163;0.03091538715963386
1968.0;0.017094017094017096;0.014910112661872163;0.03091538715963386
1969.5;0.016863406408094434;0.03637335441877961;0.03441791502515164
1971.0;0.016863406408094434;0.017443347491498312;0.03441791502515164
1972.5;0.0367279087083759;0.016568094782873223;0.03435603223272361
1974.0;0.0367279087083759;0.016568094782873223;0.031567255350648166
1975.5;0.0367279087083759;0.03306159420289855;0.03519913210701956
1977.0;0.0367279087083759;0.03306159420289855;0.03519913210701956
1978.5;0.0367279087083759;0.03306159420289855;0.03519913210701956
1980.0;0.017094017094017096;0.027531083481349913;0.03519913210701956
1981.5;0.01597712748065927;0.017015706806282723;0.03794901389545961
1983.0;0.017623877982923447;0.017015706806282723;0.03331212913068683
1984.5;0.017623877982923447;0.01594765689784196;0.030582742510880303
1986.0;0.017623877982923447;0.01594765689784196;0.030582742510880303
1987.5;0.03722426470588235;0.01594765689784196;0.03420906032156432
1989.0;0.01597712748065927;0.01594765689784196;0.036038047141896255
1990.5;0.01597712748065927;0.01848360454802751;0.03603365757185634
1992.0;0.01850632726208763;0.01848360454802751;0.03603365757185634
1993.5;0.01850632726208763;0.01848360454802751;0.037876570372820405
1995.0;0.01836806645203033;0.015798668573620674;0.037876570372820405
1996.5;0.01836806645203033;0.015798668573620674;0.036949297788835295
1998.0;0.016638225255972697;0.015762630806304054;0.03419298748439634
1999.5;0.015095605501509561;0.015762630806304054;0.03419298748439634
2001.0;0.01850632726208763;0.015762630806304054;0.03419298748439634
2002.5;0.01850632726208763;0.015721433426428948;0.03694591582832383
2004.0;0.014910112661872163;0.015721433426428948;0.03510493983687938
2005.5;0.014870091759449306;0.01742454262104108;0.034189207602464244
2007.0;0.015711796950363736;0.01742454262104108;0.034189207602464244
2008.5;0.016638225255972697;0.01742454262104108;0.03722426470588235
2010.0;0.016638225255972697;0.018266434271447484;0.036646406864497674
2011.5;0.01597712748065927;0.018266434271447484;0.03416622228993677
2013.0;0.015871286409530037;0.018266434271447484;0.0367279087083759
2014.5;0.026060070671378093;0.018266434271447484;0.03091538715963386
2016.0;0.026060070671378093;0.018266434271447484;0.03637335441877961
2017.5;0.03902213310711807;0.018266434271447484;0.03637335441877961
2019.0;0.03902213310711807;0.018266434271447484;0.036275860696139695
2020.5;0.03902213310711807;0.018266434271447484;0.036275860696139695
2022.0;0.03902213310711807;0.018266434271447484;0.036275860696139695
2023.5;0.03902213310711807;0.018266434271447484;0.0306944381170478
2025.0;0.03902213310711807;0.018266434271447484;0.040427509293680296
2026.5;0.03293798595973293;0.018266434271447484;0.040427509293680296
2028.0;0.03293798595973293;0.018266434271447484;0.040427509293680296
2029.5;0.03293798595973293;0.018266434271447484;0.040427509293680296
2031.0;0.03293798595973293;0.018266434271447484;0.03768591312195207
2032.5;0.036514961411379304;0.018266434271447484;0.036514961411379304
2034.0;0.03637335441877961;0.018266434271447484;0.03265254436585322
2035.5;0.03935185185185185;0.018266434271447484;0.03265254436585322
2037.0;0.03935185185185185;0.018266434271447484;0.03265254436585322
2038.5;0.033676001417936904;0.018266434271447484;0.03265254436585322
2040.0;0.038041387799061466;0.018266434271447484;0.03265254436585322
2041.5;0.03183910937543675;0.018266434271447484;0.032573955124637066
2043.0;0.03183910937543675;0.018266434271447484;0.032573955124637066
2044.5;0.03183910937543675;0.03151635408390424;0.032573955124637066
2046.0;0.03825578292372061;0.014835903937508495;0.032573955124637066
2047.5;0.037210128013628566;0.014835903937508495;0.032573955124637066
2049.0;0.037137807788150325;0.017393220519783096;0.032573955124637066
2050.5;0.037137807788150325;0.035123508478002295;0.03807194397841974
2052.0;0.037137807788150325;0.033290416622743416;0.03807194397841974
2053.5;0.038017461422104666;0.033290416622743416;0.03807194397841974
2055.0;0.015731292517006803;0.033290416622743416;0.0352330815985435
2056.5;0.015731292517006803;0.01738624344902579;0.030633304926385805
2058.0;0.015731292517006803;0.01738624344902579;0.03794901389545961
2059.5;0.015731292517006803;0.03237213456710791;0.03794901389545961
2061.0;0.01597712748065927;0.03237213456710791;0.03794901389545961
2062.5;0.017547197908565945;0.03237213456710791;0.030600620463832856
2064.0;0.015769487034319674;0.0378700182843396;0.030600620463832856
2065.5;0.018332165356039182;0.016529382901330648;0.030600620463832856
2067.0;0.018332165356039182;0.016529382901330648;0.030600620463832856
2068.5;0.015724726735506497;0.03510428624031097;0.030600620463832856
2070.0;0.015724726735506497;0.03510428624031097;0.030600620463832856
2071.5;0.015724726735506497;0.0378667606631674;0.030600620463832856
2073.0;0.015724726735506497;0.03327703659704345;0.030600620463832856
2074.5;0.015724726735506497;0.03327703659704345;0.030600620463832856
2076.0;0.01570251018973342;0.03327703659704345;0.030600620463832856
2077.5;0.0182681206624895;0.03327689004475404;0.030600620463832856
2079.0;0.0182681206624895;0.03694198700006413;0.030600620463832856
2080.5;0.0182681206624895;0.03694198700006413;0.030600620463832856
2082.0;0.017401635028469288;0.03694198700006413;0.030600620463832856
2083.5;0.017401635028469288;0.03327669772625627;0.030600620463832856
2085.0;0.017401635028469288;0.03327669772625627;0.030600620463832856
2086.5;0.017401635028469288;0.03418822989049193;0.030600620463832856
2088.0;0.017401635028469288;0.03418818096159556;0.030600620463832856
2089.5;0.017401635028469288;0.0323680467442215;0.030600620463832856
2091.0;0.017401635028469288;0.0323680467442215;0.030600620463832856
2092.5;0.017401635028469288;0.03236802824333433;0.030600620463832856
2094.0;0.017401635028469288;0.03236802824333433;0.030600620463832856
2095.5;0.017401635028469288;0.03236802824333433;0.030600620463832856
2097.0;0.017401635028469288;0.03236802824333433;0.030600620463832856
2098.5;0.017401635028469288;0.03236802824333433;0.030600620463832856
2100.0;0.017401635028469288;0.03236802824333433;0.030600620463832856
2101.5;0.017401635028469288;0.03236802824333433;0.030600620463832856
2103.0;0.017401635028469288;0.03236802824333433;0.030600620463832856
2104.5;0.017401635028469288;0.018242135941065815;0.030600620463832856
2106.0;0.017401635028469288;0.01652893376073984;0.030600620463832856
2107.5;0.017401635028469288;0.015731292517006803;0.030600620463832856
2109.0;0.017401635028469288;0.016863406408094434;0.03149447818769957
2110.5;0.017401635028469288;0.016863406408094434;0.03149447818769957
2112.0;0.017401635028469288;0.01850632726208763;0.03149447818769957
2113.5;0.017401635028469288;0.014945495799148322;0.03605180541844278
2115.0;0.017401635028469288;0.014945495799148322;0.03329636999336548
2116.5;0.017401635028469288;0.014945495799148322;0.03329636999336548
2118.0;0.017401635028469288;0.017498443680569787;0.03329636999336548
2119.5;0.017401635028469288;0.017498443680569787;0.03329636999336548
2121.0;0.017401635028469288;0.017498443680569787;0.03329636999336548
2122.5;0.017401635028469288;0.01830736743700201;0.03329636999336548
2124.0;0.017401635028469288;0.01830736743700201;0.03329636999336548
2125.5;0.017401635028469288;0.01570251018973342;0.03329636999336548
2127.0;0.017401635028469288;0.0182681206624895;0.03329636999336548
2128.5;0.017401635028469288;0.03794901389545961;0.03329636999336548
2130.0;0.017397154861764727;0.03794901389545961;0.029017857142857144
2131.5;0.017397154861764727;0.03794901389545961;0.033676001417936904
2133.0;0.017393838281482624;0.014836509492270044;0.03416622228993677
2134.5;0.017393838281482624;0.035650623885918005;0.016676298192025096
2136.0;0.017393838281482624;0.035650623885918005;0.029017857142857144
2137.5;0.017393838281482624;0.016745540589734254;0.029017857142857144
2139.0;0.01653549687010534;0.0367279087083759;0.029017857142857144
2140.5;0.01653549687010534;0.0367279087083759;0.029017857142857144
2142.0;0.016533838797490336;0.0367279087083759;0.029017857142857144
2143.5;0.01567987457984609;0.0367279087083759;0.029017857142857144
2145.0;0.01567987457984609;0.015769487034319674;0.029017857142857144
2146.5;0.01567987457984609;0.015769487034319674;0.029017857142857144
2148.0;0.01567987457984609;0.037312715311890364;0.01865038996269922
2149.5;0.01567987457984609;0.018010291595197254;0.037753222836095765
2151.0;0.015679043553987165;0.01597712748065927;0.03466050479914682
2152.5;0.015679043553987165;0.01597712748065927;0.032000890578704894
2154.0;0.015679043553987165;0.03706545928938685;0.01836806645203033
2155.5;0.017386386504641093;0.03706545928938685;0.01660281557997176
2157.0;0.017385814700674008;0.03706545928938685;0.017443347491498312
2158.5;0.0175513698630137;0.016745540589734254;0.014850222990092551
2160.0;0.0170487948265726;0.016745540589734254;0.015690820879123473
2161.5;0.015280135823429542;0.016676298192025096;0.03515598531696909
2163.0;0.015280135823429542;0.015743018124095107;0.017754480892796753
2164.5;0.01865038996269922;0.01830736743700201;0.017754480892796753
2166.0;0.017547197908565945;0.01740771421307761;0.015871286409530037
2167.5;0.02703900709219858;0.01826142579350741;0.015871286409530037
2169.0;0.02703900709219858;0.01826142579350741;0.015871286409530037
2170.5;0.036646406864497674;0.01826142579350741;0.026548672566371685
2172.0;0.036646406864497674;0.01825283975007182;0.017754480892796753
2173.5;0.015001087035292413;0.018010291595197254;0.016638225255972697
2175.0;0.037753222836095765;0.01597712748065927;0.016638225255972697
2176.5;0.037753222836095765;0.035127911416571206;0.015095605501509561
2178.0;0.037753222836095765;0.016676298192025096;0.015001087035292413
2179.5;0.025573192239858905;0.017498443680569787;0.01597712748065927
2181.0;0.027531083481349913;0.017498443680569787;0.026548672566371685
2182.5;0.027531083481349913;0.030813820600779404;0.015731292517006803
2184.0;0.017623877982923447;0.014870091759449306;0.015731292517006803
2185.5;0.015280135823429542;0.03160480961955194;0.032697066101095795
2187.0;0.017754480892796753;0.0352330815985435;0.017547197908565945
2188.5;0.03706545928938685;0.014844188506303903;0.01663225731761437
2190.0;0.03482458408757866;0.014844188506303903;0.01663225731761437
2191.5;0.015769487034319674;0.01654477169890474;0.01663225731761437
2193.0;0.01488644788002137;0.030600620463832856;0.017094017094017096
2194.5;0.01488644788002137;0.030590360834056505;0.015095605501509561
2196.0;0.01488644788002137;0.03148640294042308;0.015871286409530037
2197.5;0.016582472972657695;0.036038047141896255;0.03293798595973293
2199.0;0.016582472972657695;0.03511515618286419;0.014910112661872163
2200.5;0.01741601350785099;0.017386386504641093;0.014870091759449306
2202.0;0.01741601350785099;0.032697066101095795;0.014870091759449306
2203.5;0.015695763321720377;0.016863406408094434;0.014870091759449306
2205.0;0.01826142579350741;0.035774141714325206;0.014850222990092551
2206.5;0.01826142579350741;0.035774141714325206;0.014850222990092551
2208.0;0.01826142579350741;0.03173139329252938;0.014850222990092551
2209.5;0.01826142579350741;0.03173139329252938;0.014850222990092551
2211.0;0.01826142579350741;0.016582472972657695;0.014850222990092551
2212.5;0.01826142579350741;0.016582472972657695;0.014850222990092551
2214.0;0.01826142579350741;0.033435588205396154;0.014850222990092551
2215.5;0.01826142579350741;0.033435588205396154;0.014850222990092551
2217.0;0.01826142579350741;0.03431165971848048;0.016550266845809666
2218.5;0.01826142579350741;0.02460456942003515;0.016550266845809666
2220.0;0.01826142579350741;0.03706545928938685;0.017401635028469288
2221.5;0.01826142579350741;0.015809071886378992;0.015687178238012765
2223.0;0.01826142579350741;0.017465858520325457;0.015684481542853023
2224.5;0.01826142579350741;0.016582472972657695;0.015682478532320222
2226.0;0.01826142579350741;0.016582472972657695;0.017389540773412943
2227.5;0.01826142579350741;0.016582472972657695;0.03420376599409057
2229.0;0.017397154861764727;0.016582472972657695;0.03420376599409057
2230.5;0.017397154861764727;0.016582472972657695;0.025088028169014082
2232.0;0.014834097312229661;0.016582472972657695;0.03764790247400502
2233.5;0.014832305600435561;0.016582472972657695;0.03764790247400502
2235.0;0.014832305600435561;0.018289844042285466;0.0161839863713799
2236.5;0.015680987109796585;0.018289844042285466;0.01850632726208763
2238.0;0.03238207376784275;0.018289844042285466;0.017498443680569787
2239.5;0.03238207376784275;0.014850222990092551;0.017498443680569787
2241.0;0.03238207376784275;0.014850222990092551;0.017498443680569787
2242.5;0.037876570372820405;0.014844188506303903;0.017498443680569787
2244.0;0.037876570372820405;0.014844188506303903;0.014870091759449306
2245.5;0.037876570372820405;0.014844188506303903;0.014870091759449306
2247.0;0.037876570372820405;0.014844188506303903;0.014870091759449306
2248.5;0.037876570372820405;0.014839767744728968;0.016568094782873223
2250.0;0.037876570372820405;0.014839767744728968;0.036157843689975176
2251.5;0.037876570372820405;0.014839767744728968;0.030633304926385805
2253.0;0.037876570372820405;0.014839767744728968;0.03609592313694582
2254.5;0.037876570372820405;0.014839767744728968;0.014836509492270044
2256.0;0.037876570372820405;0.014839767744728968;0.014836509492270044
2257.5;0.031468182542311304;0.014839767744728968;0.0161839863713799
2259.0;0.031468182542311304;0.014839767744728968;0.0161839863713799
2260.5;0.031468182542311304;0.014839767744728968;0.01865038996269922
2262.0;0.031468182542311304;0.014839767744728968;0.01865038996269922
2263.5;0.031468182542311304;0.014839767744728968;0.017754480892796753
2265.0;0.031468182542311304;0.014839767744728968;0.015871286409530037
2266.5;0.031468182542311304;0.014839767744728968;0.017094017094017096
2268.0;0.031468182542311304;0.014839767744728968;0.038817005545286505
2269.5;0.031468182542311304;0.014839767744728968;0.03966822935448972
2271.0;0.01567760904807164;0.014839767744728968;0.015809071886378992
2272.5;0.01567760904807164;0.014839767744728968;0.03265254436585322
2274.0;0.01567760904807164;0.014839767744728968;0.03669724770642202
2275.5;0.01567760904807164;0.014839767744728968;0.03669724770642202
2277.0;0.01567760904807164;0.014839767744728968;0.038655160014383315
2278.5;0.016529793433502835;0.014839767744728968;0.038655160014383315
2280.0;0.016529576213227;0.014839767744728968;0.0175513698630137
2281.5;0.017384645537373677;0.014839767744728968;0.0175513698630137
2283.0;0.01738451054966002;0.014839767744728968;0.03706545928938685
2284.5;0.017384409349774463;0.014839767744728968;0.01663225731761437
2286.0;0.01567675266971058;0.014839767744728968;0.016335052812576762
2287.5;0.017384276578092637;0.014839767744728968;0.03628171805944639
2289.0;0.014827087928111741;0.014839767744728968;0.016745540589734254
2290.5;0.014827087928111741;0.014839767744728968;0.033879208022981784
2292.0;0.01824218215289756;0.014839767744728968;0.02802491103202847
2293.5;0.014827047568619004;0.014839767744728968;0.040968342644320296
2295.0;0.014827034685184563;0.014839767744728968;0.015001087035292413
2296.5;0.014827034685184563;0.014839767744728968;0.01488644788002137
2298.0;0.014827034685184563;0.014839767744728968;0.01488644788002137
2299.5;0.014827034685184563;0.014839767744728968;0.015724726735506497
2301.0;0.014827034685184563;0.014836509492270044;0.03435603223272361
2302.5;0.018026004728132386;0.014836509492270044;0.034255896066409615
2304.0;0.018026004728132386;0.015731292517006803;0.0161839863713799
2305.5;0.018026004728132386;0.015731292517006803;0.017754480892796753
2307.0;0.015280135823429542;0.01597712748065927;0.017094017094017096
2308.5;0.01865038996269922;0.01850632726208763;0.039888682745825604
2310.0;0.01865038996269922;0.016676298192025096;0.017754480892796753
2311.5;0.01865038996269922;0.016676298192025096;0.032000890578704894
2313.0;0.01865038996269922;0.016676298192025096;0.032000890578704894
2314.5;0.01865038996269922;0.016676298192025096;0.01597712748065927
2316.0;0.01865038996269922;0.018332165356039182;0.01597712748065927
2317.5;0.038041387799061466;0.015724726735506497;0.01850632726208763
2319.0;0.038041387799061466;0.016568094782873223;0.016676298192025096
2320.5;0.038041387799061466;0.01570251018973342;0.017498443680569787
2322.0;0.038041387799061466;0.01570251018973342;0.03165717058169511
2323.5;0.03106789479980177;0.01570251018973342;0.017427438387099873
2325.0;0.03106789479980177;0.0182681206624895;0.01850632726208763
2326.5;0.03106789479980177;0.015687178238012765;0.014945495799148322
2328.0;0.03106789479980177;0.017393838281482624;0.017498443680569787
2329.5;0.03106789479980177;0.01865038996269922;0.02703900709219858
2331.0;0.03276661638370833;0.015871286409530037;0.017094017094017096
2332.5;0.03276661638370833;0.03935185185185185;0.017754480892796753
2334.0;0.03276661638370833;0.015001087035292413;0.015871286409530037
2335.5;0.03276661638370833;0.01836806645203033;0.025573192239858905
2337.0;0.03276661638370833;0.01488644788002137;0.038655160014383315
2338.5;0.03276661638370833;0.02703900709219858;0.019345238095238096
2340.0;0.03276661638370833;0.016863406408094434;0.015280135823429542
2341.5;0.03276661638370833;0.017623877982923447;0.01850632726208763
2343.0;0.03276661638370833;0.017623877982923447;0.025573192239858905
2344.5;0.03276661638370833;0.017623877982923447;0.01865038996269922
2346.0;0.03276661638370833;0.03482458408757866;0.0189328743545611
2347.5;0.03276661638370833;0.03482458408757866;0.029017857142857144
2349.0;0.03276661638370833;0.033697931493502586;0.01842179442537598
2350.5;0.03276661638370833;0.02802491103202847;0.015769487034319674
2352.0;0.03276661638370833;0.036646406864497674;0.015743018124095107
2353.5;0.03276661638370833;0.017547197908565945;0.017754480892796753
2355.0;0.03276661638370833;0.017465858520325457;0.016676298192025096
2356.5;0.03276661638370833;0.017465858520325457;0.016676298192025096
2358.0;0.03276661638370833;0.03534512971343672;0.03669724770642202
2359.5;0.03276661638370833;0.01741601350785099;0.017754480892796753
2361.0;0.03276661638370833;0.037020826875429826;0.016676298192025096
2362.5;0.03276661638370833;0.018010291595197254;0.025573192239858905
2364.0;0.03276661638370833;0.018010291595197254;0.016745540589734254
2365.5;0.03276661638370833;0.036646406864497674;0.017498443680569787
2367.0;0.03276661638370833;0.01850632726208763;0.03173139329252938
2368.5;0.03276661638370833;0.01850632726208763;0.02802491103202847
2370.0;0.03276661638370833;0.01850632726208763;0.01850632726208763
2371.5;0.03276661638370833;0.01842179442537598;0.03764790247400502
2373.0;0.03276661638370833;0.01842179442537598;0.014945495799148322
2374.5;0.03276661638370833;0.015743018124095107;0.01660281557997176
2376.0;0.03276661638370833;0.015743018124095107;0.016582472972657695
2377.5;0.03276661638370833;0.017443347491498312;0.03620712313994087
2379.0;0.01488644788002137;0.017443347491498312;0.0161839863713799
2380.5;0.015724726735506497;0.017443347491498312;0.025573192239858905
2382.0;0.015711796950363736;0.015711796950363736;0.01842179442537598
2383.5;0.015711796950363736;0.015711796950363736;0.015724726735506497
2385.0;0.015711796950363736;0.015711796950363736;0.037137807788150325
2386.5;0.018010291595197254;0.014844188506303903;0.014850222990092551
2388.0;0.018010291595197254;0.014844188506303903;0.033363061427410384
2389.5;0.018010291595197254;0.015690820879123473;0.036062392589235694
2391.0;0.016638225255972697;0.015690820879123473;0.03695994941159246
2392.5;0.016638225255972697;0.018256492034823147;0.016638225255972697
2394.0;0.016638225255972697;0.01653549687010534;0.018010291595197254
2395.5;0.016638225255972697;0.01653549687010534;0.038655160014383315
2397.0;0.016638225255972697;0.01653549687010534;0.017094017094017096
2398.5;0.016638225255972697;0.03057284130713342;0.016638225255972697
2400.0;0.016638225255972697;0.03057284130713342;0.02495201535508637
2401.5;0.016638225255972697;0.030569682092653955;0.024203298031819725
2403.0;0.016638225255972697;0.030569682092653955;0.03497455411697372
2404.5;0.016638225255972697;0.03419685558043023;0.01715933414707495
2406.0;0.016638225255972697;0.03419685558043023;0.03669724770642202
2407.5;0.016638225255972697;0.014828261126484797;0.03935185185185185
2409.0;0.016638225255972697;0.014828261126484797;0.03935185185185185
2410.5;0.016638225255972697;0.014828261126484797;0.03935185185185185
2412.0;0.016638225255972697;0.014828261126484797;0.038817005545286505
2413.5;0.016638225255972697;0.014828261126484797;0.038817005545286505
2415.0;0.016638225255972697;0.014828261126484797;0.03722426470588235
2416.5;0.016638225255972697;0.014828261126484797;0.017754480892796753
2418.0;0.016638225255972697;0.014828261126484797;0.017754480892796753
2419.5;0.016638225255972697;0.014828261126484797;0.032256841786066255
2421.0;0.016638225255972697;0.03602608177493532;0.01842179442537598
2422.5;0.016638225255972697;0.037870303409020686;0.03450566571561023
2424.0;0.016638225255972697;0.037870303409020686;0.018289844042285466
2425.5;0.016638225255972697;0.037870303409020686;0.018289844042285466
2427.0;0.017754480892796753;0.037870303409020686;0.02802491103202847
2428.5;0.017754480892796753;0.014827541633468562;0.03416622228993677
2430.0;0.017754480892796753;0.017384645537373677;0.03828413284132841
2431.5;0.017754480892796753;0.017384645537373677;0.017623877982923447
2433.0;0.017754480892796753;0.017384645537373677;0.01842179442537598
2434.5;0.017754480892796753;0.0161839863713799;0.03357729479429107
2436.0;0.017754480892796753;0.0161839863713799;0.015724726735506497
2437.5;0.017754480892796753;0.01850632726208763;0.03251852018092068
2439.0;0.03706545928938685;0.01842179442537598;0.03519913210701956
2440.5;0.03864818325709216;0.015769487034319674;0.03519913210701956
2442.0;0.03864818325709216;0.015769487034319674;0.034255896066409615
2443.5;0.03864818325709216;0.015743018124095107;0.034255896066409615
2445.0;0.03864818325709216;0.015724726735506497;0.016540721828503288
2446.5;0.03276661638370833;0.015724726735506497;0.016540721828503288
2448.0;0.03276661638370833;0.016638225255972697;0.01825012709422827
2449.5;0.03276661638370833;0.016638225255972697;0.01825012709422827
2451.0;0.03276661638370833;0.017754480892796753;0.01825012709422827
2452.5;0.03450566571561023;0.017754480892796753;0.01825012709422827
2454.0;0.03450566571561023;0.01836806645203033;0.01825012709422827
2455.5;0.03450566571561023;0.01836806645203033;0.01825012709422827
2457.0;0.03450566571561023;0.01836806645203033;0.018248107350266503
2458.5;0.03450566571561023;0.018332165356039182;0.018248107350266503
2460.0;0.03450566571561023;0.017094017094017096;0.018248107350266503
2461.5;0.03450566571561023;0.0175513698630137;0.0175513698630137
2463.0;0.03450566571561023;0.0161839863713799;0.0175513698630137
2464.5;0.03450566571561023;0.01865038996269922;0.01597712748065927
2466.0;0.03450566571561023;0.01865038996269922;0.01597712748065927
2467.5;0.03450566571561023;0.01865038996269922;0.01597712748065927
2469.0;0.03450566571561023;0.01865038996269922;0.01597712748065927
2470.5;0.03450566571561023;0.015001087035292413;0.01597712748065927
2472.0;0.015724726735506497;0.015001087035292413;0.01597712748065927
2473.5;0.017427438387099873;0.015001087035292413;0.01597712748065927
2475.0;0.017427438387099873;0.01842179442537598;0.01597712748065927
2476.5;0.017427438387099873;0.01842179442537598;0.01597712748065927
2478.0;0.01741601350785099;0.01842179442537598;0.01597712748065927
2479.5;0.01741601350785099;0.01842179442537598;0.01597712748065927
2481.0;0.01741601350785099;0.01842179442537598;0.01597712748065927
2482.5;0.0161839863713799;0.01842179442537598;0.015001087035292413
2484.0;0.0161839863713799;0.01842179442537598;0.015001087035292413
2485.5;0.01865038996269922;0.036514961411379304;0.017547197908565945
2487.0;0.0161839863713799;0.015743018124095107;0.017547197908565945
2488.5;0.0161839863713799;0.015743018124095107;0.01836806645203033
2490.0;0.0161839863713799;0.017443347491498312;0.015743018124095107
2491.5;0.0161839863713799;0.017443347491498312;0.015743018124095107
2493.0;0.01865038996269922;0.017443347491498312;0.015743018124095107
2494.5;0.015871286409530037;0.017443347491498312;0.01830736743700201
2496.0;0.015871286409530037;0.017443347491498312;0.01830736743700201
2497.5;0.015871286409530037;0.026060070671378093;0.014850222990092551
2499.0;0.0189328743545611;0.026060070671378093;0.014839767744728968
2500.5;0.0189328743545611;0.026060070671378093;0.0379119539632164
2502.0;0.0189328743545611;0.026060070671378093;0.01653549687010534
2503.5;0.0189328743545611;0.026060070671378093;0.018248107350266503
2505.0;0.016745540589734254;0.026060070671378093;0.018248107350266503
2506.5;0.014945495799148322;0.026060070671378093;0.018248107350266503
2508.0;0.01660281557997176;0.026060070671378093;0.01653260196570383
2509.5;0.01830736743700201;0.026060070671378093;0.018244633954786142
2511.0;0.01485852872552252;0.026060070671378093;0.0175513698630137
2512.5;0.017754480892796753;0.026060070671378093;0.03764790247400502
2514.0;0.016745540589734254;0.017754480892796753;0.015809071886378992
2515.5;0.016745540589734254;0.017623877982923447;0.015724726735506497
2517.0;0.016745540589734254;0.017623877982923447;0.01485852872552252
2518.5;0.03293798595973293;0.017623877982923447;0.038017461422104666
2520.0;0.03306159420289855;0.017623877982923447;0.038017461422104666
2521.5;0.015095605501509561;0.017623877982923447;0.017754480892796753
2523.0;0.03416622228993677;0.017623877982923447;0.01842179442537598
2524.5;0.023765996343692867;0.017623877982923447;0.02587800369685767
2526.0;0.023765996343692867;0.017623877982923447;0.01865038996269922
2527.5;0.026998169615619284;0.01842179442537598;0.017094017094017096
2529.0;0.026998169615619284;0.01842179442537598;0.01865038996269922
2530.5;0.01771809624494277;0.015769487034319674;0.01865038996269922
2532.0;0.01771809624494277;0.018332165356039182;0.02703900709219858
2533.5;0.014986153377295074;0.018332165356039182;0.01850632726208763
2535.0;0.014986153377295074;0.018332165356039182;0.017547197908565945
2536.5;0.018358765104113217;0.0189328743545611;0.025088028169014082
2538.0;0.018358765104113217;0.015095605501509561;0.01865038996269922
2539.5;0.018358765104113217;0.0170487948265726;0.01842179442537598
2541.0;0.018358765104113217;0.0170487948265726;0.036514961411379304
2542.5;0.018358765104113217;0.0170487948265726;0.015724726735506497
2544.0;0.0165975978705743;0.0161839863713799;0.0306944381170478
2545.5;0.0165975978705743;0.0161839863713799;0.038817005545286505
2547.0;0.0165975978705743;0.0175513698630137;0.01597712748065927
2548.5;0.0165975978705743;0.01865038996269922;0.03706545928938685
2550.0;0.0165975978705743;0.01865038996269922;0.017498443680569787
2551.5;0.0165975978705743;0.015871286409530037;0.017498443680569787
2553.0;0.0165975978705743;0.015871286409530037;0.01830736743700201
2554.5;0.0165975978705743;0.01842179442537598;0.01830736743700201
2556.0;0.0165975978705743;0.018332165356039182;0.018289844042285466
2557.5;0.015721433426428948;0.018332165356039182;0.03919631093544137
2559.0;0.015721433426428948;0.018332165356039182;0.03669724770642202
2560.5;0.014856423693944118;0.01830736743700201;0.016638225255972697
2562.0;0.018274952446558405;0.016568094782873223;0.016638225255972697
2563.5;0.015689905121605452;0.016568094782873223;0.02352661596958175
2565.0;0.015689905121605452;0.016568094782873223;0.015139193690331638
2566.5;0.014835903937508495;0.016568094782873223;0.0368160111898508
2568.0;0.015683979232679734;0.016568094782873223;0.017094017094017096
2569.5;0.03604983045107421;0.016568094782873223;0.0161839863713799
2571.0;0.03604983045107421;0.016568094782873223;0.01597712748065927
2572.5;0.03604983045107421;0.016568094782873223;0.03706545928938685
2574.0;0.03788991676379189;0.016568094782873223;0.016676298192025096
2575.5;0.03788991676379189;0.016568094782873223;0.017094017094017096
2577.0;0.03788991676379189;0.016568094782873223;0.016745540589734254
2578.5;0.03788991676379189;0.016568094782873223;0.015769487034319674
2580.0;0.03238118653626318;0.016568094782873223;0.016568094782873223
2581.5;0.03419907205373755;0.016568094782873223;0.016568094782873223
2583.0;0.03419907205373755;0.014850222990092551;0.03828413284132841
2584.5;0.03237538373139431;0.014850222990092551;0.036646406864497674
2586.0;0.035109270821918434;0.014850222990092551;0.01850632726208763
2587.5;0.037871444516960506;0.031520049278972326;0.01850632726208763
2589.0;0.037871444516960506;0.03607665186997895;0.01850632726208763
2590.5;0.037871444516960506;0.03607665186997895;0.01850632726208763
2592.0;0.037871444516960506;0.03607665186997895;0.015809071886378992
2593.5;0.036024446777125116;0.03698555681259341;0.015809071886378992
2595.0;0.0360234797246248;0.03698555681259341;0.015809071886378992
2596.5;0.0360234797246248;0.03698555681259341;0.015809071886378992
2598.0;0.0360234797246248;0.03698555681259341;0.026548672566371685
2599.5;0.0360234797246248;0.03148640294042308;0.026548672566371685
2601.0;0.0360234797246248;0.03148640294042308;0.026548672566371685
2602.5;0.0360234797246248;0.036966131441484265;0.016638225255972697
2604.0;0.0360234797246248;0.03788504815855055;0.032256841786066255
2605.5;0.0360234797246248;0.03788504815855055;0.03183910937543675
2607.0;0.0360234797246248;0.03788504815855055;0.017443347491498312
2608.5;0.0360234797246248;0.037880197145298;0.017443347491498312
2610.0;0.014827386082052169;0.018244633954786142;0.017443347491498312
2611.5;0.014827386082052169;0.018244633954786142;0.017443347491498312
2613.0;0.015676741102193092;0.018244633954786142;0.017427438387099873
2614.5;0.03694230305745489;0.015677957190639216;0.017427438387099873
2616.0;0.03694230305745489;0.015677957190639216;0.016550266845809666
2617.5;0.01567666520428641;0.03602608177493532;0.016550266845809666
2619.0;0.01597712748065927;0.03694591582832383;0.0161839863713799
2620.5;0.016745540589734254;0.03694591582832383;0.017623877982923447
2622.0;0.016745540589734254;0.03694591582832383;0.017547197908565945
2623.5;0.016745540589734254;0.03694591582832383;0.017094017094017096
2625.0;0.032000890578704894;0.03694591582832383;0.017094017094017096
2626.5;0.035650623885918005;0.03694591582832383;0.01597712748065927
2628.0;0.032256841786066255;0.03694591582832383;0.017547197908565945
2629.5;0.015809071886378992;0.03694591582832383;0.01488644788002137
2631.0;0.01488644788002137;0.018010291595197254;0.0381479518588489
2632.5;0.026060070671378093;0.018010291595197254;0.015711796950363736
2634.0;0.016863406408094434;0.018010291595197254;0.018010291595197254
2635.5;0.016676298192025096;0.018010291595197254;0.01865038996269922
2637.0;0.017094017094017096;0.015001087035292413;0.033879208022981784
2638.5;0.01865038996269922;0.015809071886378992;0.017498443680569787
2640.0;0.03460837887067396;0.01836806645203033;0.015743018124095107
2641.5;0.035650623885918005;0.01836806645203033;0.016582472972657695
2643.0;0.017547197908565945;0.017754480892796753;0.016582472972657695
2644.5;0.015769487034319674;0.017754480892796753;0.016582472972657695
2646.0;0.03265254436585322;0.017754480892796753;0.016582472972657695
2647.5;0.014870091759449306;0.014910112661872163;0.016582472972657695
2649.0;0.016550266845809666;0.014910112661872163;0.016582472972657695
2650.5;0.03331212913068683;0.014910112661872163;0.0175513698630137
2652.0;0.03331212913068683;0.014910112661872163;0.0230722525804493
2653.5;0.03331212913068683;0.014910112661872163;0.0230722525804493
2655.0;0.03331212913068683;0.015743018124095107;0.0230722525804493
2656.5;0.03331212913068683;0.015743018124095107;0.016638225255972697
2658.0;0.03331212913068683;0.01597712748065927;0.036646406864497674
2659.5;0.03331212913068683;0.016638225255972697;0.03864818325709216
2661.0;0.03331212913068683;0.016863406408094434;0.03265254436585322
2662.5;0.03331212913068683;0.03416622228993677;0.015724726735506497
2664.0;0.03331212913068683;0.03416622228993677;0.01485852872552252
2665.5;0.03331212913068683;0.015809071886378992;0.025088028169014082
2667.0;0.03331212913068683;0.017465858520325457;0.016863406408094434
2668.5;0.03331212913068683;0.03160480961955194;0.016863406408094434
2670.0;0.014832305600435561;0.02703900709219858;0.014945495799148322
2671.5;0.014832305600435561;0.01865038996269922;0.01663225731761437
2673.0;0.014832305600435561;0.01865038996269922;0.0175513698630137
2674.5;0.014832305600435561;0.01865038996269922;0.02460456942003515
2676.0;0.014832305600435561;0.032256841786066255;0.03130908265900325
2677.5;0.014832305600435561;0.015809071886378992;0.017547197908565945
2679.0;0.014832305600435561;0.03935185185185185;0.017498443680569787
2680.5;0.031480391538412276;0.03935185185185185;0.017498443680569787
2682.0;0.031480391538412276;0.03466050479914682;0.01660281557997176
2683.5;0.031480391538412276;0.027531083481349913;0.017427438387099873
2685.0;0.018246600758721136;0.027531083481349913;0.03797793703236822
2686.5;0.018246600758721136;0.016863406408094434;0.034255896066409615
2688.0;0.017387150648592545;0.016863406408094434;0.034255896066409615
2689.5;0.029017857142857144;0.015871286409530037;0.034255896066409615
2691.0;0.035650623885918005;0.014910112661872163;0.017397154861764727
2692.5;0.035127911416571206;0.02703900709219858;0.017397154861764727
2694.0;0.035127911416571206;0.017754480892796753;0.03149447818769957
2695.5;0.03841245791927793;0.017623877982923447;0.03149447818769957
2697.0;0.03357729479429107;0.015809071886378992;0.03420906032156432
2698.5;0.03357729479429107;0.03764790247400502;0.03420906032156432
2700.0;0.0175513698630137;0.03764790247400502;0.018246600758721136
2701.5;0.03966822935448972;0.01850632726208763;0.036955332401031944
2703.0;0.03416622228993677;0.01850632726208763;0.036955332401031944
2704.5;0.03416622228993677;0.014945495799148322;0.036955332401031944
2706.0;0.016638225255972697;0.01663225731761437;0.018244633954786142
2707.5;0.016638225255972697;0.01660281557997176;0.030565552670919486
2709.0;0.0161839863713799;0.017443347491498312;0.030565552670919486
2710.5;0.016863406408094434;0.017443347491498312;0.014827716422686422
2712.0;0.016863406408094434;0.017443347491498312;0.015677152879889675
2713.5;0.016863406408094434;0.017443347491498312;0.014827410635276744
2715.0;0.016863406408094434;0.01485852872552252;0.017384333472854088
2716.5;0.0161839863713799;0.014850222990092551;0.018242310595448556
2718.0;0.016863406408094434;0.014850222990092551;0.01865038996269922
2719.5;0.016863406408094434;0.0182681206624895;0.01865038996269922
2721.0;0.016745540589734254;0.0182681206624895;0.016676298192025096
2722.5;0.016745540589734254;0.0182681206624895;0.016676298192025096
2724.0;0.016745540589734254;0.0182681206624895;0.015743018124095107
2725.5;0.035774141714325206;0.0182681206624895;0.015743018124095107
2727.0;0.033697931493502586;0.03515598531696909;0.015743018124095107
2728.5;0.033697931493502586;0.03515598531696909;0.015724726735506497
2730.0;0.032573955124637066;0.03515598531696909;0.015724726735506497
2731.5;0.037137807788150325;0.03149447818769957;0.018289844042285466
2733.0;0.037137807788150325;0.03149447818769957;0.014850222990092551
2734.5;0.037048351952038205;0.03149447818769957;0.014850222990092551
2736.0;0.037048351952038205;0.03149447818769957;0.018470790378006873
2737.5;0.03241323970006249;0.031480391538412276;0.017623877982923447
2739.0;0.03241323970006249;0.016638225255972697;0.017623877982923447
2740.5;0.03466050479914682;0.031723651744800845;0.017623877982923447
2742.0;0.038655160014383315;0.03609431217943811;0.014945495799148322
2743.5;0.03130908265900325;0.03609431217943811;0.017498443680569787
2745.0;0.03130908265900325;0.03768591312195207;0.017498443680569787
2746.5;0.033879208022981784;0.033697931493502586;0.017498443680569787
2748.0;0.01663225731761437;0.033697931493502586;0.015743018124095107
2749.5;0.01663225731761437;0.033697931493502586;0.015743018124095107
2751.0;0.01663225731761437;0.035437678433415665;0.015743018124095107
2752.5;0.01663225731761437;0.035437678433415665;0.016638225255972697
2754.0;0.016638225255972697;0.035437678433415665;0.016638225255972697
2755.5;0.016638225255972697;0.0306944381170478;0.016863406408094434
2757.0;0.017754480892796753;0.035650623885918005;0.016745540589734254
2758.5;0.017754480892796753;0.035650623885918005;0.016745540589734254
2760.0;0.01865038996269922;0.035650623885918005;0.01663225731761437
2761.5;0.018010291595197254;0.035650623885918005;0.01663225731761437
2763.0;0.018010291595197254;0.035127911416571206;0.0161839863713799
2764.5;0.018010291595197254;0.01842179442537598;0.015095605501509561
2766.0;0.018470790378006873;0.03091538715963386;0.015095605501509561
2767.5;0.01942319011183049;0.037312715311890364;0.015095605501509561
2769.0;0.025573192239858905;0.017443347491498312;0.015001087035292413
2770.5;0.030245746691871456;0.017699115044247787;0.03864818325709216
2772.0;0.0161839863713799;0.024924471299093656;0.035437678433415665
2773.5;0.017373380447585393;0.015225395561747438;0.018289844042285466
2775.0;0.01702553830746119;0.016830578931359627;0.015695763321720377
2776.5;0.029516994633273706;0.016830578931359627;0.015687178238012765
2778.0;0.016863406408094434;0.016830578931359627;0.015687178238012765
2779.5;0.0170487948265726;0.016830578931359627;0.015687178238012765
2781.0;0.026994163424124515;0.014936197678611653;0.033303095021156505
2782.5;0.02684356680037026;0.035537211848776805;0.033303095021156505
2784.0;0.032367478784020215;0.026548672566371685;0.033303095021156505
2785.5;0.016638225255972697;0.016863406408094434;0.033303095021156505
2787.0;0.01865038996269922;0.016745540589734254;0.033303095021156505
2788.5;0.01836806645203033;0.01488644788002137;0.01597712748065927
2790.0;0.035437678433415665;0.026475958612294584;0.01597712748065927
2791.5;0.0381479518588489;0.01594765689784196;0.017623877982923447
2793.0;0.03431165971848048;0.017623877982923447;0.017623877982923447
2794.5;0.03797793703236822;0.03828413284132841;0.017623877982923447
2796.0;0.03797793703236822;0.031723651744800845;0.033879208022981784
2797.5;0.03797793703236822;0.03416622228993677;0.033879208022981784
2799.0;0.03517428528980739;0.015095605501509561;0.015769487034319674
2800.5;0.03517428528980739;0.015001087035292413;0.015769487034319674
2802.0;0.03517428528980739;0.015809071886378992;0.032573955124637066
2803.5;0.03517428528980739;0.01836806645203033;0.016568094782873223
2805.0;0.017397154861764727;0.02460456942003515;0.016568094782873223
2806.5;0.01597712748065927;0.038655160014383315;0.016568094782873223
2808.0;0.01597712748065927;0.038655160014383315;0.016557768507871926
2809.5;0.01597712748065927;0.016745540589734254;0.03669724770642202
2811.0;0.01597712748065927;0.03482458408757866;0.03669724770642202
2812.5;0.01597712748065927;0.03482458408757866;0.01865038996269922
2814.0;0.01597712748065927;0.017498443680569787;0.017623877982923447
2815.5;0.01597712748065927;0.026548672566371685;0.017465858520325457
2817.0;0.015871286409530037;0.016745540589734254;0.015724726735506497
2818.5;0.014910112661872163;0.01842179442537598;0.014844188506303903
2820.0;0.014910112661872163;0.015769487034319674;0.017401635028469288
2821.5;0.018332165356039182;0.017465858520325457;0.018256492034823147
2823.0;0.01830736743700201;0.017465858520325457;0.018256492034823147
2824.5;0.017427438387099873;0.017465858520325457;0.018256492034823147
2826.0;0.017427438387099873;0.017465858520325457;0.017393838281482624
2827.5;0.018277260861902424;0.017465858520325457;0.034216159122532064
2829.0;0.018277260861902424;0.017465858520325457;0.034216159122532064
2830.5;0.016550266845809666;0.017465858520325457;0.016638225255972697
2832.0;0.016550266845809666;0.017465858520325457;0.01865038996269922
2833.5;0.016550266845809666;0.017465858520325457;0.01865038996269922
2835.0;0.017401635028469288;0.017465858520325457;0.017623877982923447
2836.5;0.017393838281482624;0.017465858520325457;0.03091538715963386
2838.0;0.017094017094017096;0.03165717058169511;0.015743018124095107
2839.5;0.017754480892796753;0.03160480961955194;0.01830736743700201
2841.0;0.017754480892796753;0.03160480961955194;0.018289844042285466
2842.5;0.018010291595197254;0.03160480961955194;0.02802491103202847
2844.0;0.017094017094017096;0.03160480961955194;0.017699115044247787
2845.5;0.01597712748065927;0.03160480961955194;0.017754480892796753
2847.0;0.01597712748065927;0.031567255350648166;0.03864818325709216
2848.5;0.01850632726208763;0.030633304926385805;0.03864818325709216
2850.0;0.0161839863713799;0.01654477169890474;0.03841245791927793
2851.5;0.0161839863713799;0.01654477169890474;0.03265254436585322
2853.0;0.0161839863713799;0.016537723722061845;0.033494196742055664
2854.5;0.015001087035292413;0.018248107350266503;0.033494196742055664
2856.0;0.03864818325709216;0.018246600758721136;0.03435603223272361
2857.5;0.03746174588351344;0.03511203953243091;0.03435603223272361
2859.0;0.03746174588351344;0.03602608177493532;0.016550266845809666
2860.5;0.03746174588351344;0.040013227513227514;0.01865038996269922
2862.0;0.03746174588351344;0.038817005545286505;0.0161839863713799
2863.5;0.03746174588351344;0.017754480892796753;0.02695167286245353
2865.0;0.03637335441877961;0.032697066101095795;0.01549874155517287
2866.5;0.03637335441877961;0.016745540589734254;0.016638225255972697
2868.0;0.032573955124637066;0.01597712748065927;0.016863406408094434
2869.5;0.032573955124637066;0.01597712748065927;0.015280135823429542
2871.0;0.032573955124637066;0.014945495799148322;0.015280135823429542
2872.5;0.032573955124637066;0.01663225731761437;0.01845342706502636
2874.0;0.032573955124637066;0.0161839863713799;0.03742080962095995
2875.5;0.03935185185185185;0.015001087035292413;0.025088028169014082
2877.0;0.03935185185185185;0.015001087035292413;0.01597712748065927
2878.5;0.03935185185185185;0.03293798595973293;0.015001087035292413
2880.0;0.032697066101095795;0.03306159420289855;0.018470790378006873
2881.5;0.032697066101095795;0.031746031746031744;0.017754480892796753
2883.0;0.03293798595973293;0.03685386088066369;0.01597712748065927
2884.5;0.03276661638370833;0.02670240913521794;0.016863406408094434
2886.0;0.03173139329252938;0.02670240913521794;0.015731292517006803
2887.5;0.03173139329252938;0.040316960483184054;0.015871286409530037
2889.0;0.03173139329252938;0.033453985924438094;0.01663225731761437
2890.5;0.03173139329252938;0.033453985924438094;0.015414729630535846
2892.0;0.03173139329252938;0.033453985924438094;0.029135338345864664
2893.5;0.03173139329252938;0.031197531296329125;0.038655160014383315
2895.0;0.036275860696139695;0.016656297685317897;0.016676298192025096
2896.5;0.036275860696139695;0.03072190423726438;0.016676298192025096
2898.0;0.036275860696139695;0.03072190423726438;0.0161839863713799
2899.5;0.036275860696139695;0.03341700433863398;0.015280135823429542
2901.0;0.036275860696139695;0.03706937818993959;0.016863406408094434
2902.5;0.01570251018973342;0.026060070671378093;0.017623877982923447
2904.0;0.01570251018973342;0.03320921042632419;0.017547197908565945
2905.5;0.01570251018973342;0.034633078205669056;0.03357729479429107
2907.0;0.01570251018973342;0.034633078205669056;0.018010291595197254
2908.5;0.01570251018973342;0.01488644788002137;0.01842179442537598
2910.0;0.016550266845809666;0.01488644788002137;0.03825578292372061
2911.5;0.016550266845809666;0.03441791502515164;0.01830736743700201
2913.0;0.016550266845809666;0.018277260861902424;0.01485852872552252
2914.5;0.01654477169890474;0.015695763321720377;0.032478764464558434
2916.0;0.01654477169890474;0.03242879502693342;0.03797793703236822
2917.5;0.01654477169890474;0.014834097312229661;0.03797793703236822
2919.0;0.01654477169890474;0.025573192239858905;0.01654477169890474
2920.5;0.01654477169890474;0.025573192239858905;0.017397154861764727
2922.0;0.01654477169890474;0.017094017094017096;0.017393838281482624
2923.5;0.01654477169890474;0.03466050479914682;0.037900253133938556
2925.0;0.01654477169890474;0.016043635035830027;0.03512773722627738
2926.5;0.01654477169890474;0.0161839863713799;0.03512773722627738
2928.0;0.01654477169890474;0.015095605501509561;0.03306159420289855
2929.5;0.01654477169890474;0.018010291595197254;0.016745540589734254
2931.0;0.01654477169890474;0.0161839863713799;0.014945495799148322
2932.5;0.01654477169890474;0.01850632726208763;0.02703900709219858
2934.0;0.01654477169890474;0.016863406408094434;0.017623877982923447
2935.5;0.01654477169890474;0.017754480892796753;0.014945495799148322
2937.0;0.01654477169890474;0.018026004728132386;0.014910112661872163
2938.5;0.01654477169890474;0.017094017094017096;0.01597712748065927
2940.0;0.01654477169890474;0.038655160014383315;0.014910112661872163
2941.5;0.01654477169890474;0.026548672566371685;0.035437678433415665
2943.0;0.01654477169890474;0.015001087035292413;0.035437678433415665
2944.5;0.01654477169890474;0.036514961411379304;0.033494196742055664
2946.0;0.01654477169890474;0.015280135823429542;0.018277260861902424
2947.5;0.01654477169890474;0.016745540589734254;0.03966822935448972
2949.0;0.01654477169890474;0.015743018124095107;0.03482458408757866
2950.5;0.03607665186997895;0.0230722525804493;0.015743018124095107
2952.0;0.03607665186997895;0.0230722525804493;0.03065901496568101
2953.5;0.03607665186997895;0.0230722525804493;0.03706545928938685
2955.0;0.03607665186997895;0.01845342706502636;0.017465858520325457
2956.5;0.0351424443992876;0.015225395561747438;0.0381479518588489
2958.0;0.0351424443992876;0.01594765689784196;0.0381479518588489
2959.5;0.0351424443992876;0.02460456942003515;0.018277260861902424
2961.0;0.03239318172081418;0.03466050479914682;0.03442728442728442
2962.5;0.036966131441484265;0.01597712748065927;0.018010291595197254
2964.0;0.036966131441484265;0.017623877982923447;0.015001087035292413
2965.5;0.036966131441484265;0.015809071886378992;0.017498443680569787
2967.0;0.036966131441484265;0.017498443680569787;0.026548672566371685
2968.5;0.036966131441484265;0.014870091759449306;0.03409090909090909
2970.0;0.036966131441484265;0.015711796950363736;0.029516994633273706
2971.5;0.03238207376784275;0.015711796950363736;0.016638225255972697
2973.0;0.03328760839110723;0.015711796950363736;0.037760416666666664
2974.5;0.03328760839110723;0.015711796950363736;0.019139945314441957
2976.0;0.032375879782391086;0.015711796950363736;0.01718287488267995
2977.5;0.035109707545799736;0.01741601350785099;0.027656501865477023
2979.0;0.035109707545799736;0.01740771421307761;0.034755460377357626
2980.5;0.035109707545799736;0.01740771421307761;0.016207860072353492
2982.0;0.035109707545799736;0.014839767744728968;0.017572303568702465
2983.5;0.03419298748439634;0.014839767744728968;0.017764687358766
2985.0;0.03510665394291672;0.014839767744728968;0.018470790378006873
2986.5;0.03510665394291672;0.014836509492270044;0.01865038996269922
2988.0;0.03510665394291672;0.014836509492270044;0.027531083481349913
2989.5;0.03510665394291672;0.017393838281482624;0.015095605501509561
2991.0;0.03327908752153252;0.017393838281482624;0.017547197908565945
2992.5;0.03327908752153252;0.017094017094017096;0.015769487034319674
2994.0;0.03327908752153252;0.017094017094017096;0.037137807788150325
2995.5;0.03327908752153252;0.017094017094017096;0.030993042378241617
2997.0;0.03327908752153252;0.017094017094017096;0.036646406864497674
2998.5;0.03327908752153252;0.015095605501509561;0.015001087035292413
3000.0;0.03327908752153252;0.015095605501509561;0.014945495799148322
3001.5;0.03327908752153252;0.016745540589734254;0.040343486714193126
3003.0;0.03327908752153252;0.014945495799148322;0.03535245814226298
3004.5;0.031464352489631885;0.01836806645203033;0.025573192239858905
3006.0;0.031464352489631885;0.015743018124095107;0.01850632726208763
3007.5;0.031464352489631885;0.015743018124095107;0.0189328743545611
3009.0;0.031464352489631885;0.015743018124095107;0.033676001417936904
3010.5;0.031464352489631885;0.016863406408094434;0.03293798595973293
3012.0;0.031464352489631885;0.015001087035292413;0.03091538715963386
3013.5;0.031464352489631885;0.015769487034319674;0.03416622228993677
3015.0;0.03056152199760018;0.017465858520325457;0.03746174588351344
3016.5;0.036021885773510065;0.016582472972657695;0.018612132352941176
3018.0;0.03146333027051737;0.015711796950363736;0.02669539153240914
3019.5;0.03146333027051737;0.015711796950363736;0.0285204991087344
3021.0;0.03146333027051737;0.015711796950363736;0.032697066101095795
3022.5;0.03146333027051737;0.036157843689975176;0.03482458408757866
3024.0;0.03146333027051737;0.03519913210701956;0.016863406408094434
3025.5;0.03146333027051737;0.03517428528980739;0.016863406408094434
3027.0;0.03146333027051737;0.03241323970006249;0.033676001417936904
3028.5;0.03146333027051737;0.03241323970006249;0.01842179442537598
3030.0;0.03146333027051737;0.036062392589235694;0.039603960396039604
3031.5;0.03146333027051737;0.037900253133938556;0.039603960396039604
3033.0;0.03146333027051737;0.03604392459334977;0.017094017094017096
3034.5;0.03146333027051737;0.031475908069914404;0.015001087035292413
3036.0;0.03146333027051737;0.03511515618286419;0.015095605501509561
3037.5;0.03146333027051737;0.03511515618286419;0.024122807017543862
3039.0;0.03146333027051737;0.03511515618286419;0.035774141714325206
3040.5;0.03146333027051737;0.03056732006096618;0.035437678433415665
3042.0;0.03146333027051737;0.038385826771653545;0.017094017094017096
3043.5;0.03146333027051737;0.040968342644320296;0.017094017094017096
3045.0;0.03146333027051737;0.038655160014383315;0.030009920634920632
3046.5;0.03146333027051737;0.03130908265900325;0.016335052812576762
3048.0;0.03146333027051737;0.03130908265900325;0.017574219762933944
3049.5;0.03146333027051737;0.03130908265900325;0.03642481481667006
3051.0;0.03146333027051737;0.03130908265900325;0.03642481481667006
3052.5;0.03146333027051737;0.03130908265900325;0.03460837887067396
3054.0;0.03146333027051737;0.03130908265900325;0.038655160014383315
3055.5;0.03146333027051737;0.035774141714325206;0.014910112661872163
3057.0;0.03146333027051737;0.03841245791927793;0.015743018124095107
3058.5;0.03146333027051737;0.03450566571561023;0.015743018124095107
3060.0;0.03146333027051737;0.03450566571561023;0.03165717058169511
3061.5;0.03146333027051737;0.017443347491498312;0.016863406408094434
3063.0;0.03146333027051737;0.026060070671378093;0.03746174588351344
3064.5;0.03146333027051737;0.026060070671378093;0.016582472972657695
3066.0;0.03146333027051737;0.01865038996269922;0.02752293577981652
3067.5;0.03146333027051737;0.01850632726208763;0.03638309256286784
3069.0;0.03146333027051737;0.01850632726208763;0.03848310366392789
3070.5;0.03146333027051737;0.01850632726208763;0.031027742835050626
3072.0;0.03146333027051737;0.01850632726208763;0.026060070671378093
3073.5;0.03146333027051737;0.01850632726208763;0.032697066101095795
3075.0;0.03146333027051737;0.01842179442537598;0.03768591312195207
3076.5;0.03146333027051737;0.01842179442537598;0.03091538715963386
3078.0;0.03146333027051737;0.01842179442537598;0.037312715311890364
3079.5;0.03146333027051737;0.01842179442537598;0.01597712748065927
3081.0;0.03146333027051737;0.01842179442537598;0.029017857142857144
3082.5;0.03146333027051737;0.01836806645203033;0.03935185185185185
3084.0;0.03146333027051737;0.01488644788002137;0.017623877982923447
3085.5;0.03146333027051737;0.016582472972657695;0.03476361919376734
3087.0;0.03146333027051737;0.016582472972657695;0.03471542352844918
3088.5;0.03146333027051737;0.016582472972657695;0.01865038996269922
3090.0;0.03146333027051737;0.016582472972657695;0.026060070671378093
3091.5;0.03146333027051737;0.016582472972657695;0.03466050479914682
3093.0;0.03146333027051737;0.016582472972657695;0.015871286409530037
3094.5;0.03146333027051737;0.016582472972657695;0.03106789479980177
3096.0;0.03146333027051737;0.016582472972657695;0.036514961411379304
3097.5;0.03146333027051737;0.016582472972657695;0.036514961411379304
3099.0;0.03146333027051737;0.016582472972657695;0.037210128013628566
3100.5;0.03146333027051737;0.016582472972657695;0.022727272727272728
3102.0;0.03146333027051737;0.016582472972657695;0.015095605501509561
3103.5;0.03146333027051737;0.016582472972657695;0.018010291595197254
3105.0;0.03146333027051737;0.016582472972657695;0.01726263871763255
3106.5;0.03146333027051737;0.016582472972657695;0.024203298031819725
3108.0;0.03146333027051737;0.03807194397841974;0.024874967096604368
3109.5;0.03146333027051737;0.03807194397841974;0.01643908509274351
3111.0;0.03146333027051737;0.03807194397841974;0.017198464681999846
3112.5;0.03146333027051737;0.03807194397841974;0.03423209093312186
3114.0;0.03146333027051737;0.03807194397841974;0.02966804979253112
3115.5;0.03146333027051737;0.03807194397841974;0.03765727710135761
3117.0;0.037866558210898814;0.03807194397841974;0.017094017094017096
3118.5;0.037866558210898814;0.03807194397841974;0.016863406408094434
3120.0;0.037866558210898814;0.03807194397841974;0.01834061135371179
3121.5;0.037866558210898814;0.03431165971848048;0.018010291595197254
3123.0;0.037866558210898814;0.03431165971848048;0.016638225255972697
3124.5;0.037866558210898814;0.03431165971848048;0.015095605501509561
3126.0;0.036942158564324756;0.03519913210701956;0.016937514305333027
3127.5;0.034188405327632995;0.03519913210701956;0.015907416444202047
3129.0;0.015676626180486486;0.03519913210701956;0.02516881522406384
3130.5;0.03694182448686088;0.03609592313694582;0.01771809624494277
3132.0;0.03236811307618725;0.03609592313694582;0.01597712748065927
3133.5;0.03236811307618725;0.03609592313694582;0.029017857142857144
3135.0;0.03236811307618725;0.03515598531696909;0.02623456790123457
3136.5;0.03669724770642202;0.03515598531696909;0.018937169700528483
3138.0;0.03669724770642202;0.03422569546639526;0.0170487948265726
3139.5;0.033676001417936904;0.0323868191225715;0.017015706806282723
3141.0;0.017547197908565945;0.03420376599409057;0.017094017094017096
3142.5;0.018332165356039182;0.03420376599409057;0.03487592219986586
3144.0;0.018332165356039182;0.03420376599409057;0.027202796688403155
3145.5;0.015724726735506497;0.03420376599409057;0.03578401123031897
3147.0;0.016568094782873223;0.037880197145298;0.016686383347589675
3148.5;0.014844188506303903;0.03935185185185185;0.015731292517006803
3150.0;0.014844188506303903;0.03935185185185185;0.018470790378006873
3151.5;0.015690820879123473;0.03935185185185185;0.0161839863713799
3153.0;0.03423853899517871;0.035127911416571206;0.0161839863713799
3154.5;0.03423853899517871;0.035127911416571206;0.017623877982923447
3156.0;0.015684481542853023;0.03617216117216117;0.026994163424124515
3157.5;0.016533838797490336;0.038655160014383315;0.023809523809523808
3159.0;0.018246600758721136;0.03106789479980177;0.01756386861313869
3160.5;0.018244633954786142;0.03106789479980177;0.016209169954000083
3162.0;0.018244633954786142;0.03106789479980177;0.017631881476637332
3163.5;0.018244633954786142;0.03183910937543675;0.017468049962181636
3165.0;0.015677957190639216;0.037312715311890364;0.018010291595197254
3166.5;0.015677957190639216;0.0381479518588489;0.018010291595197254
3168.0;0.015677957190639216;0.03065901496568101;0.018010291595197254
3169.5;0.01567760904807164;0.036122089571306734;0.0161839863713799
3171.0;0.01567760904807164;0.034255896066409615;0.01865038996269922
3172.5;0.01567760904807164;0.03700055563850478;0.03864818325709216
3174.0;0.01567760904807164;0.03700055563850478;0.016638225255972697
3175.5;0.01567760904807164;0.03700055563850478;0.031723651744800845
3177.0;0.01567760904807164;0.036062392589235694;0.031723651744800845
3178.5;0.01567760904807164;0.037900253133938556;0.015001087035292413
3180.0;0.01567760904807164;0.037900253133938556;0.017498443680569787
3181.5;0.01567760904807164;0.037900253133938556;0.017498443680569787
3183.0;0.01567760904807164;0.037900253133938556;0.01488644788002137
3184.5;0.017385065898158785;0.037900253133938556;0.017824497257769654
3186.0;0.017385065898158785;0.037900253133938556;0.017824497257769654
3187.5;0.017385065898158785;0.036038047141896255;0.015414729630535846
3189.0;0.017385065898158785;0.038817005545286505;0.018354055654233276
3190.5;0.017385065898158785;0.038817005545286505;0.0285204991087344
3192.0;0.017385065898158785;0.038817005545286505;0.01865038996269922
3193.5;0.017385065898158785;0.038817005545286505;0.015280135823429542
3195.0;0.017385065898158785;0.038817005545286505;0.01597712748065927
3196.5;0.017385065898158785;0.038817005545286505;0.017623877982923447
3198.0;0.017385065898158785;0.038817005545286505;0.025088028169014082
3199.5;0.017385065898158785;0.038817005545286505;0.015001087035292413
3201.0;0.017385065898158785;0.038817005545286505;0.017547197908565945
3202.5;0.017385065898158785;0.038817005545286505;0.015769487034319674
3204.0;0.017385065898158785;0.038817005545286505;0.015769487034319674
3205.5;0.017385065898158785;0.038817005545286505;0.015711796950363736
3207.0;0.017385065898158785;0.038817005545286505;0.02911275415896488
3208.5;0.017385065898158785;0.038817005545286505;0.01702553830746119
3210.0;0.017385065898158785;0.038817005545286505;0.01702553830746119
3211.5;0.017385065898158785;0.038817005545286505;0.018610244807272875
3213.0;0.017385065898158785;0.038817005545286505;0.0319582924595652
3214.5;0.017385065898158785;0.038817005545286505;0.01490398320124353
3216.0;0.017385065898158785;0.038817005545286505;0.017460084355449466
3217.5;0.017385065898158785;0.038817005545286505;0.014867146669811973
3219.0;0.017385065898158785;0.038817005545286505;0.014867146669811973
3220.5;0.017385065898158785;0.038817005545286505;0.018470790378006873
3222.0;0.017385065898158785;0.038817005545286505;0.01865038996269922
3223.5;0.017385065898158785;0.038817005545286505;0.016745540589734254
3225.0;0.017385065898158785;0.038817005545286505;0.02911275415896488
3226.5;0.017385065898158785;0.038817005545286505;0.03760041018629294
3228.0;0.017385065898158785;0.038817005545286505;0.018753527560063075
3229.5;0.017385065898158785;0.038817005545286505;0.033993230468663524
3231.0;0.017385065898158785;0.038817005545286505;0.033993230468663524
3232.5;0.017385065898158785;0.038817005545286505;0.040427509293680296
3234.0;0.03694483067443245;0.038817005545286505;0.025088028169014082
3235.5;0.03694483067443245;0.038817005545286505;0.025088028169014082
3237.0;0.015677006439402855;0.038817005545286505;0.031723651744800845
3238.5;0.015677006439402855;0.038817005545286505;0.01842179442537598
3240.0;0.01652929138178772;0.038817005545286505;0.01842179442537598
3241.5;0.018242456797028576;0.038817005545286505;0.034633078205669056
3243.0;0.03418891413088124;0.038817005545286505;0.03706545928938685
3244.5;0.03418891413088124;0.038817005545286505;0.03706545928938685
3246.0;0.03418891413088124;0.038817005545286505;0.01836806645203033
3247.5;0.036021132546738804;0.038817005545286505;0.03442728442728442
3249.0;0.036021132546738804;0.038817005545286505;0.0189328743545611
3250.5;0.036021132546738804;0.038817005545286505;0.03722426470588235
3252.0;0.015676645691587714;0.038817005545286505;0.01597712748065927
3253.5;0.015676645691587714;0.038817005545286505;0.03320921042632419
3255.0;0.03418831253093;0.038817005545286505;0.0367279087083759
3256.5;0.016528974413923803;0.038817005545286505;0.0367279087083759
3258.0;0.014827047568619004;0.038817005545286505;0.03617216117216117
3259.5;0.014827047568619004;0.038817005545286505;0.03617216117216117
3261.0;0.037865892747091845;0.038817005545286505;0.03764790247400502
3262.5;0.030560324419690487;0.038817005545286505;0.035127911416571206
3264.0;0.030560324419690487;0.038817005545286505;0.035127911416571206
3265.5;0.030560324419690487;0.038817005545286505;0.033879208022981784
3267.0;0.03236801714296899;0.038817005545286505;0.033879208022981784
3268.5;0.03236801714296899;0.038817005545286505;0.01836806645203033
3270.0;0.03236801714296899;0.038041387799061466;0.03637335441877961
3271.5;0.03236801714296899;0.038041387799061466;0.016568094782873223
3273.0;0.034188071338230666;0.03864818325709216;0.01741601350785099
3274.5;0.034188071338230666;0.03746174588351344;0.01741601350785099
3276.0;0.034188071338230666;0.03746174588351344;0.036122089571306734
3277.5;0.034188071338230666;0.037312715311890364;0.036122089571306734
3279.0;0.01824213065246802;0.033435588205396154;0.034255896066409615
3280.5;0.01824213065246802;0.033435588205396154;0.034255896066409615
3282.0;0.01824213065246802;0.03065901496568101;0.018256492034823147
3283.5;0.01824213065246802;0.03065901496568101;0.01825283975007182
3285.0;0.01824213065246802;0.03065901496568101;0.01825283975007182
3286.5;0.01824213065246802;0.03065901496568101;0.01825283975007182
3288.0;0.01824213065246802;0.03065901496568101;0.025088028169014082
3289.5;0.01824213065246802;0.03065901496568101;0.025088028169014082
3291.0;0.01824213065246802;0.03357531760435572;0.03130908265900325
3292.5;0.01824213065246802;0.016863406408094434;0.03130908265900325
3294.0;0.01824213065246802;0.01850632726208763;0.03130908265900325
3295.5;0.01824213065246802;0.034633078205669056;0.03130908265900325
3297.0;0.03418804986061949;0.01660281557997176;0.03130908265900325
3298.5;0.03418804986061949;0.01660281557997176;0.03130908265900325
3300.0;0.03418804986061949;0.026548672566371685;0.017547197908565945
3301.5;0.03418804986061949;0.025573192239858905;0.017547197908565945
3303.0;0.027531083481349913;0.017754480892796753;0.03276661638370833
3304.5;0.016863406408094434;0.017754480892796753;0.03276661638370833
3306.0;0.015001087035292413;0.017623877982923447;0.03276661638370833
3307.5;0.015001087035292413;0.017623877982923447;0.015743018124095107
3309.0;0.016676298192025096;0.01842179442537598;0.015743018124095107
3310.5;0.016676298192025096;0.03746174588351344;0.016582472972657695
3312.0;0.017754480892796753;0.015731292517006803;0.0306944381170478
3313.5;0.017754480892796753;0.016863406408094434;0.03564899451553931
3315.0;0.033879208022981784;0.03416622228993677;0.03564899451553931
3316.5;0.033879208022981784;0.03416622228993677;0.035650623885918005
3318.0;0.033879208022981784;0.01842179442537598;0.035650623885918005
3319.5;0.014910112661872163;0.035437678433415665;0.035650623885918005
3321.0;0.014910112661872163;0.032573955124637066;0.038041387799061466
3322.5;0.03825578292372061;0.032573955124637066;0.033879208022981784
3324.0;0.03825578292372061;0.016557768507871926;0.031723651744800845
3325.5;0.03825578292372061;0.0182681206624895;0.03416622228993677
3327.0;0.03251852018092068;0.0182681206624895;0.03746174588351344
3328.5;0.03251852018092068;0.01597712748065927;0.03265254436585322
3330.0;0.03251852018092068;0.01597712748065927;0.0381479518588489
3331.5;0.016557768507871926;0.01597712748065927;0.0381479518588489
3333.0;0.016557768507871926;0.01597712748065927;0.033435588205396154
3334.5;0.016557768507871926;0.017547197908565945;0.038017461422104666
3336.0;0.014844188506303903;0.014870091759449306;0.03427946190269746
3337.5;0.014844188506303903;0.015711796950363736;0.03427946190269746
3339.0;0.015690820879123473;0.015711796950363736;0.03427946190269746
3340.5;0.015690820879123473;0.015711796950363736;0.03758169934640523
3342.0;0.017397154861764727;0.015711796950363736;0.0325497287522604
3343.5;0.017397154861764727;0.015711796950363736;0.03320921042632419
3345.0;0.017397154861764727;0.015711796950363736;0.03564899451553931
3346.5;0.017397154861764727;0.01570251018973342;0.03966822935448972
3348.0;0.016537723722061845;0.01570251018973342;0.03966822935448972
3349.5;0.016537723722061845;0.01570251018973342;0.040427509293680296
3351.0;0.016537723722061845;0.01570251018973342;0.03130908265900325
3352.5;0.014830971492820427;0.01570251018973342;0.034633078205669056
3354.0;0.014829976303317897;0.01570251018973342;0.034633078205669056
3355.5;0.014829976303317897;0.01570251018973342;0.03637335441877961
3357.0;0.014829976303317897;0.01570251018973342;0.03460837887067396
3358.5;0.014829976303317897;0.014844188506303903;0.03460837887067396
3360.0;0.015679043553987165;0.014844188506303903;0.03460837887067396
3361.5;0.03695188055758042;0.014844188506303903;0.03460837887067396
3363.0;0.014828261126484797;0.014844188506303903;0.038655160014383315
3364.5;0.03694736414058953;0.014844188506303903;0.032697066101095795
3366.0;0.03694736414058953;0.014844188506303903;0.032697066101095795
3367.5;0.01567734827379584;0.014844188506303903;0.03902213310711807
3369.0;0.030562495721352615;0.014844188506303903;0.03902213310711807
3370.5;0.030562495721352615;0.014844188506303903;0.03902213310711807
3372.0;0.014827410635276744;0.014844188506303903;0.033697931493502586
3373.5;0.014827410635276744;0.014844188506303903;0.03825578292372061
3375.0;0.03056152199760018;0.014844188506303903;0.0381479518588489
3376.5;0.03694295080254216;0.014844188506303903;0.03512773722627738
3378.0;0.03694295080254216;0.014844188506303903;0.03966822935448972
3379.5;0.03694295080254216;0.014844188506303903;0.040427509293680296
3381.0;0.03146314390548909;0.014844188506303903;0.036646406864497674
3382.5;0.03146314390548909;0.014844188506303903;0.036646406864497674
3384.0;0.03146314390548909;0.014844188506303903;0.036646406864497674
3385.5;0.03146300415618066;0.014844188506303903;0.036646406864497674
3387.0;0.03327680212330683;0.014844188506303903;0.036646406864497674
3388.5;0.039888682745825604;0.014844188506303903;0.036646406864497674
3390.0;0.03617216117216117;0.014839767744728968;0.036646406864497674
3391.5;0.03466050479914682;0.03607665186997895;0.036646406864497674
3393.0;0.03706545928938685;0.025573192239858905;0.03416622228993677
3394.5;0.035774141714325206;0.025573192239858905;0.03293798595973293
3396.0;0.03357729479429107;0.025573192239858905;0.03293798595973293
3397.5;0.03441791502515164;0.01865038996269922;0.03293798595973293
3399.0;0.03441791502515164;0.01865038996269922;0.03293798595973293
3400.5;0.03441791502515164;0.03609431217943811;0.03293798595973293
3402.0;0.03441791502515164;0.03609431217943811;0.036514961411379304
3403.5;0.03527987093940073;0.03864818325709216;0.03265254436585322
3405.0;0.01741601350785099;0.014910112661872163;0.03265254436585322
3406.5;0.016550266845809666;0.014910112661872163;0.03265254436585322
3408.0;0.014839767744728968;0.014910112661872163;0.03265254436585322
3409.5;0.018256492034823147;0.014910112661872163;0.03265254436585322
3411.0;0.018256492034823147;0.014910112661872163;0.03265254436585322
3412.5;0.018256492034823147;0.014910112661872163;0.03265254436585322
3414.0;0.018256492034823147;0.03966822935448972;0.03265254436585322
3415.5;0.018256492034823147;0.015871286409530037;0.03265254436585322
3417.0;0.017393838281482624;0.016863406408094434;0.03265254436585322
3418.5;0.017393838281482624;0.016863406408094434;0.03265254436585322
3420.0;0.017393838281482624;0.03512773722627738;0.03265254436585322
3421.5;0.017393838281482624;0.03722426470588235;0.03265254436585322
3423.0;0.017393838281482624;0.03722426470588235;0.03265254436585322
3424.5;0.015682478532320222;0.03722426470588235;0.03265254436585322
3426.0;0.016533838797490336;0.03966822935448972;0.03265254436585322
3427.5;0.016533838797490336;0.015871286409530037;0.03265254436585322
3429.0;0.016533838797490336;0.015871286409530037;0.03265254436585322
3430.5;0.016533838797490336;0.035774141714325206;0.03265254436585322
3432.0;0.016533838797490336;0.015769487034319674;0.03265254436585322
3433.5;0.016533838797490336;0.015769487034319674;0.03265254436585322
3435.0;0.016533838797490336;0.015769487034319674;0.03265254436585322
3436.5;0.016533838797490336;0.015769487034319674;0.03265254436585322
3438.0;0.016533838797490336;0.03265254436585322;0.03265254436585322
3439.5;0.016533838797490336;0.03265254436585322;0.03265254436585322
3441.0;0.016533838797490336;0.0381479518588489;0.03265254436585322
3442.5;0.016533838797490336;0.0381479518588489;0.03265254436585322
3444.0;0.016533838797490336;0.0381479518588489;0.03265254436585322
3445.5;0.016533838797490336;0.0381479518588489;0.03265254436585322
3447.0;0.016533838797490336;0.0381479518588489;0.03265254436585322
3448.5;0.016533838797490336;0.016568094782873223;0.03265254436585322
3450.0;0.016533838797490336;0.01741601350785099;0.03265254436585322
3451.5;0.016533838797490336;0.0182681206624895;0.036275860696139695
3453.0;0.016533838797490336;0.0182681206624895;0.036275860696139695
3454.5;0.016533838797490336;0.015690820879123473;0.03160480961955194
3456.0;0.016533838797490336;0.018470790378006873;0.03160480961955194
3457.5;0.016533838797490336;0.032697066101095795;0.0352330815985435
3459.0;0.016533838797490336;0.016863406408094434;0.0352330815985435
3460.5;0.016533838797490336;0.016863406408094434;0.03519913210701956
3462.0;0.016533838797490336;0.032256841786066255;0.03519913210701956
3463.5;0.016533838797490336;0.032256841786066255;0.034255896066409615
3465.0;0.016533838797490336;0.032256841786066255;0.034255896066409615
3466.5;0.016533838797490336;0.032256841786066255;0.034255896066409615
3468.0;0.016533838797490336;0.017498443680569787;0.034255896066409615
3469.5;0.016533838797490336;0.017498443680569787;0.034255896066409615
3471.0;0.016533838797490336;0.017498443680569787;0.034255896066409615
3472.5;0.016533838797490336;0.03534512971343672;0.018256492034823147
3474.0;0.018246600758721136;0.03534512971343672;0.03698555681259341
3475.5;0.018246600758721136;0.01485852872552252;0.01653549687010534
3477.0;0.015679043553987165;0.031567255350648166;0.01653549687010534
3478.5;0.015679043553987165;0.03519913210701956;0.018470790378006873
3480.0;0.015679043553987165;0.014839767744728968;0.016676298192025096
3481.5;0.015679043553987165;0.03148640294042308;0.016676298192025096
3483.0;0.015679043553987165;0.015680987109796585;0.01836806645203033
3484.5;0.015679043553987165;0.015680987109796585;0.01488644788002137
3486.0;0.018244633954786142;0.015680987109796585;0.036646406864497674
3487.5;0.018244633954786142;0.018246600758721136;0.01850632726208763
3489.0;0.018244633954786142;0.018246600758721136;0.03293798595973293
3490.5;0.017094017094017096;0.018246600758721136;0.018332165356039182
3492.0;0.017094017094017096;0.02802491103202847;0.037210128013628566
3493.5;0.017094017094017096;0.02802491103202847;0.037210128013628566
3495.0;0.017094017094017096;0.0175513698630137;0.015711796950363736
3496.5;0.016745540589734254;0.015871286409530037;0.015711796950363736
3498.0;0.016745540589734254;0.0367279087083759;0.014844188506303903
3499.5;0.016745540589734254;0.0175513698630137;0.015690820879123473
3501.0;0.01842179442537598;0.017754480892796753;0.03150535334704598
3502.5;0.01836806645203033;0.014945495799148322;0.025573192239858905
3504.0;0.015743018124095107;0.015769487034319674;0.03966822935448972
3505.5;0.0285204991087344;0.015769487034319674;0.0230722525804493
3507.0;0.038655160014383315;0.015769487034319674;0.0230722525804493
3508.5;0.01836806645203033;0.0175513698630137;0.03357531760435572
3510.0;0.01836806645203033;0.01597712748065927;0.015095605501509561
3511.5;0.01836806645203033;0.01597712748065927;0.017094017094017096
3513.0;0.01836806645203033;0.0175513698630137;0.035650623885918005
3514.5;0.01836806645203033;0.0175513698630137;0.015809071886378992
3516.0;0.01836806645203033;0.015095605501509561;0.015809071886378992
3517.5;0.01836806645203033;0.015095605501509561;0.015809071886378992
3519.0;0.01836806645203033;0.015871286409530037;0.033697931493502586
3520.5;0.03825578292372061;0.017094017094017096;0.01597712748065927
3522.0;0.03825578292372061;0.017094017094017096;0.01597712748065927
3523.5;0.03825578292372061;0.017094017094017096;0.032256841786066255
3525.0;0.033494196742055664;0.017094017094017096;0.015809071886378992
3526.5;0.033494196742055664;0.017094017094017096;0.018010291595197254
3528.0;0.033494196742055664;0.017094017094017096;0.018010291595197254
3529.5;0.018289844042285466;0.03764790247400502;0.018010291595197254
3531.0;0.014850222990092551;0.017547197908565945;0.027531083481349913
3532.5;0.01740771421307761;0.03357729479429107;0.01865038996269922
3534.0;0.01740771421307761;0.03357729479429107;0.01865038996269922
3535.5;0.01826142579350741;0.03357729479429107;0.015001087035292413
3537.0;0.01826142579350741;0.03409090909090909;0.015001087035292413
3538.5;0.01826142579350741;0.03409090909090909;0.015001087035292413
3540.0;0.01826142579350741;0.040013227513227514;0.017094017094017096
3541.5;0.01826142579350741;0.040013227513227514;0.01865038996269922
3543.0;0.01826142579350741;0.031723651744800845;0.025088028169014082
3544.5;0.017397154861764727;0.031723651744800845;0.025088028169014082
3546.0;0.017397154861764727;0.031723651744800845;0.025088028169014082
3547.5;0.017397154861764727;0.03768591312195207;0.025088028169014082
3549.0;0.01825283975007182;0.033697931493502586;0.025088028169014082
3550.5;0.01825283975007182;0.041666666666666664;0.01865038996269922
3552.0;0.01825283975007182;0.039888682745825604;0.01865038996269922
3553.5;0.01825283975007182;0.01850632726208763;0.01865038996269922
3555.0;0.01825283975007182;0.01850632726208763;0.01865038996269922
3556.5;0.01825283975007182;0.033697931493502586;0.01865038996269922
3558.0;0.01825283975007182;0.033697931493502586;0.01865038996269922
3559.5;0.01825283975007182;0.033697931493502586;0.01865038996269922
3561.0;0.01825283975007182;0.03825578292372061;0.016676298192025096
3562.5;0.01825012709422827;0.033435588205396154;0.014910112661872163
3564.0;0.014830971492820427;0.0182681206624895;0.017443347491498312
3565.5;0.014830971492820427;0.0182681206624895;0.017443347491498312
3567.0;0.014830971492820427;0.03607665186997895;0.015711796950363736
3568.5;0.016863406408094434;0.026548672566371685;0.03708596418846531
3570.0;0.018010291595197254;0.026548672566371685;0.03708596418846531
3571.5;0.018010291595197254;0.026548672566371685;0.015690820879123473
3573.0;0.018010291595197254;0.026548672566371685;0.015690820879123473
3574.5;0.018010291595197254;0.026548672566371685;0.015690820879123473
3576.0;0.018010291595197254;0.017754480892796753;0.015687178238012765
3577.5;0.016863406408094434;0.017754480892796753;0.015687178238012765
3579.0;0.015871286409530037;0.017754480892796753;0.03149447818769957
3580.5;0.015871286409530037;0.017623877982923447;0.01739137492247878
3582.0;0.01842179442537598;0.01842179442537598;0.015680987109796585
3583.5;0.01842179442537598;0.01842179442537598;0.015680987109796585
3585.0;0.01842179442537598;0.01842179442537598;0.017387150648592545
3586.5;0.01842179442537598;0.01842179442537598;0.017387150648592545
3588.0;0.03276661638370833;0.014910112661872163;0.037876570372820405
3589.5;0.03276661638370833;0.014910112661872163;0.037876570372820405
3591.0;0.03276661638370833;0.015743018124095107;0.037876570372820405
3592.5;0.03450566571561023;0.015743018124095107;0.027531083481349913
3594.0;0.03450566571561023;0.015743018124095107;0.025573192239858905
3595.5;0.033494196742055664;0.015743018124095107;0.032697066101095795
3597.0;0.033494196742055664;0.015743018124095107;0.025088028169014082
3598.5;0.033494196742055664;0.015743018124095107;0.025088028169014082
