#auto generated file!
6.0;0.035995645404848585;0.035995645404848585;0.035995645404848585
7.5;0.035995645404848585;0.035995645404848585;0.035995645404848585
9.0;0.035995645404848585;0.035995645404848585;0.035995645404848585
10.5;0.035995645404848585;0.035995645404848585;0.035995645404848585
12.0;0.035995645404848585;0.035995645404848585;0.035995645404848585
13.5;0.035995645404848585;0.0661231884057971;0.018026004728132386
15.0;0.035995645404848585;0.0661231884057971;0.0173841059602649
16.5;0.014827018121911038;0.01652892561983471;0.0173841059602649
18.0;0.018470790378006873;0.01824212271973466;0.049329501915708805
19.5;0.01567656765676568;0.015280135823429542;0.014827018121911038
21.0;0.014827018121911038;0.0173841059602649;0.016638225255972697
22.5;0.018612132352941176;0.01824212271973466;0.01652892561983471
24.0;0.014827018121911038;0.041666666666666664;0.01824212271973466
25.5;0.018683274021352312;0.016403046280023436;0.01567656765676568
27.0;0.0650994575045208;0.014827018121911038;0.017094017094017096
28.5;0.018147448015122872;0.01567656765676568;0.01567656765676568
30.0;0.01824212271973466;0.018354055654233276;0.017094017094017096
31.5;0.035598705501618116;0.0173841059602649;0.01824212271973466
33.0;0.03608247422680412;0.07339449541284404;0.0173841059602649
34.5;0.016403046280023436;0.0370850622406639;0.018010291595197254
36.0;0.017699115044247787;0.01824212271973466;0.0173841059602649
37.5;0.018026004728132386;0.014827018121911038;0.019013666072489603
39.0;0.019944341372912802;0.019345238095238096;0.017373380447585393
40.5;0.08193668528864059;0.020006613756613757;0.015280135823429542
42.0;0.018470790378006873;0.01567656765676568;0.0425033467202142
43.5;0.04425612052730697;0.03318419090231171;0.051640926640926635
45.0;0.0173841059602649;0.01567656765676568;0.015731292517006803
46.5;0.01652892561983471;0.031135531135531136;0.05377574370709383
48.0;0.0173841059602649;0.018612132352941176;0.01608187134502924
49.5;0.051640926640926635;0.03443877551020408;0.015731292517006803
51.0;0.018683274021352312;0.01904761904761905;0.017094017094017096
52.5;0.018612132352941176;0.05432098765432099;0.017373380447585393
54.0;0.04536862003780718;0.05088062622309198;0.0161839863713799
55.5;0.01967799642218247;0.018026004728132386;0.03557483731019522
57.0;0.06818181818181818;0.018612132352941176;0.015731292517006803
58.5;0.0175513698630137;0.014827018121911038;0.018612132352941176
60.0;0.01652892561983471;0.038385826771653545;0.08193668528864059
61.5;0.016638225255972697;0.017699115044247787;0.0161839863713799
63.0;0.016638225255972697;0.04315196998123827;0.09190371991247265
64.5;0.01652892561983471;0.0173841059602649;0.017824497257769654
66.0;0.04990403071017274;0.0188212927756654;0.01904761904761905
67.5;0.016638225255972697;0.016638225255972697;0.0161839863713799
69.0;0.016638225255972697;0.04377104377104378;0.016638225255972697
70.5;0.0661231884057971;0.015731292517006803;0.017094017094017096
72.0;0.03919631093544137;0.018147448015122872;0.01824212271973466
73.5;0.016638225255972697;0.01756386861313869;0.017699115044247787
75.0;0.017373380447585393;0.01567656765676568;0.017824497257769654
76.5;0.037422037422037424;0.019408502772643253;0.018026004728132386
78.0;0.01834862385321101;0.01756386861313869;0.017094017094017096
79.5;0.019944341372912802;0.0170487948265726;0.01567656765676568
81.0;0.034408602150537634;0.019408502772643253;0.0175513698630137
82.5;0.0175513698630137;0.018595825426944972;0.014827018121911038
84.0;0.016638225255972697;0.017373380447585393;0.018010291595197254
85.5;0.018470790378006873;0.016638225255972697;0.01770244821092279
87.0;0.03397147147147147;0.03654582964927793;0.03557838660578387
88.5;0.01652892561983471;0.019961612284069098;0.05124892334194659
90.0;0.01824212271973466;0.018010291595197254;0.018470790378006873
91.5;0.018026004728132386;0.01904761904761905;0.020618556701030927
93.0;0.018876611418047883;0.017699115044247787;0.03919631093544137
94.5;0.016638225255972697;0.017824497257769654;0.04208416833667335
96.0;0.01904761904761905;0.01756386861313869;0.03439838802533104
97.5;0.03878406708595388;0.018354055654233276;0.0188212927756654
99.0;0.0173841059602649;0.018026004728132386;0.07129798903107862
100.5;0.01824212271973466;0.037760416666666664;0.05222437137330754
102.0;0.017699115044247787;0.02019230769230769;0.04315196998123827
103.5;0.01824212271973466;0.0425033467202142;0.0173841059602649
105.0;0.01672535211267606;0.02019230769230769;0.02080873671782763
106.5;0.0175513698630137;0.022824178580386253;0.07025547445255476
108.0;0.01567656765676568;0.01576182136602452;0.03646288209606987
109.5;0.0782563025210084;0.01672535211267606;0.0173841059602649
111.0;0.0744485294117647;0.018371212121212118;0.017699115044247787
112.5;0.043703007518796994;0.0175513698630137;0.018371212121212118
114.0;0.0173841059602649;0.019395134779750165;0.055844907407407406
115.5;0.01652892561983471;0.020423892100192676;0.017094017094017096
117.0;0.014827018121911038;0.03758169934640523;0.018354055654233276
118.5;0.0173841059602649;0.018086080586080584;0.03241525423728814
120.0;0.057109557109557105;0.036783854166666664;0.01567656765676568
121.5;0.016638225255972697;0.03982067510548524;0.017699115044247787
123.0;0.018086080586080584;0.05743073047858943;0.057962529274004686
124.5;0.0661231884057971;0.016638225255972697;0.019731800766283527
126.0;0.03599221789883269;0.041666666666666664;0.04208416833667335
127.5;0.05318627450980391;0.05281007751937984;0.017045454545454544
129.0;0.04425612052730697;0.041250831669993354;0.01567656765676568
130.5;0.01567656765676568;0.017045454545454544;0.0882034632034632
132.0;0.014827018121911038;0.017373380447585393;0.017373380447585393
133.5;0.05394088669950739;0.017094017094017096;0.016403046280023436
135.0;0.020006613756613757;0.03919631093544137;0.017824497257769654
136.5;0.018683274021352312;0.016638225255972697;0.037422037422037424
138.0;0.0173841059602649;0.01567656765676568;0.021673387096774195
139.5;0.0170487948265726;0.017094017094017096;0.014827018121911038
141.0;0.04425612052730697;0.0161839863713799;0.017373380447585393
142.5;0.016638225255972697;0.0188212927756654;0.019274809160305342
144.0;0.019395134779750165;0.020833333333333332;0.018010291595197254
145.5;0.08244680851063829;0.03599221789883269;0.038385826771653545
147.0;0.040013227513227514;0.04377104377104378;0.01652892561983471
148.5;0.014827018121911038;0.018790849673202614;0.0425033467202142
150.0;0.01567656765676568;0.0173841059602649;0.017373380447585393
151.5;0.018010291595197254;0.01652892561983471;0.018354055654233276
153.0;0.01652892561983471;0.01672535211267606;0.018354055654233276
154.5;0.017373380447585393;0.08315565031982942;0.05703517587939698
156.0;0.01824212271973466;0.018790849673202614;0.018683274021352312
157.5;0.0175513698630137;0.018354055654233276;0.03674948240165632
159.0;0.018470790378006873;0.018876611418047883;0.017094017094017096
160.5;0.01824212271973466;0.016403046280023436;0.038385826771653545
162.0;0.04334677419354839;0.017045454545454544;0.03241525423728814
163.5;0.08193668528864059;0.01678765880217786;0.03215077605321508
165.0;0.03599221789883269;0.05432595573440643;0.03676148796498906
166.5;0.01652892561983471;0.0188212927756654;0.016638225255972697
168.0;0.01652892561983471;0.016638225255972697;0.034611469290804206
169.5;0.0161839863713799;0.017699115044247787;0.04998311381290104
171.0;0.018470790378006873;0.016638225255972697;0.033366867873910126
172.5;0.0173841059602649;0.01824212271973466;0.032696390658174104
174.0;0.01652892561983471;0.0175513698630137;0.015280135823429542
175.5;0.03383297644539615;0.046489563567362426;0.03639846743295019
177.0;0.01824212271973466;0.0175513698630137;0.019142066420664204
178.5;0.01652892561983471;0.018086080586080584;0.036415289256198344
180.0;0.014827018121911038;0.019408502772643253;0.01834862385321101
181.5;0.0175513698630137;0.016403046280023436;0.056249999999999994
183.0;0.0470532319391635;0.018918918918918916;0.032542579075425786
184.5;0.017754480892796753;0.018876611418047883;0.0412762520193861
186.0;0.01842179442537598;0.02019230769230769;0.019292604501607715
187.5;0.0175513698630137;0.04056072197535389;0.05542725173210161
189.0;0.015095605501509561;0.015308666489215568;0.0196078431372549
190.5;0.017094017094017096;0.018047156089719053;0.0703611800385994
192.0;0.015871286409530037;0.0161839863713799;0.12692307692307692
193.5;0.018332165356039182;0.01749271137026239;0.06875115976990165
195.0;0.015711796950363736;0.01645021645021645;0.01715933414707495
196.5;0.07290013070096953;0.055038445973290155;0.1006049447659127
198.0;0.0161839863713799;0.01950286806883365;0.020581655480984343
199.5;0.0170487948265726;0.018991486574983625;0.05839201877934272
201.0;0.015280135823429542;0.0482573726541555;0.04294834590829948
202.5;0.016745540589734254;0.04934541792547834;0.032924107142857144
204.0;0.01597712748065927;0.08333333333333333;0.019523388798900507
205.5;0.017094017094017096;0.016913946587537095;0.03397147147147147
207.0;0.08436578171091445;0.0188212927756654;0.01927657697397442
208.5;0.016835957338750634;0.04408035888433782;0.03542094455852156
210.0;0.016779784268573506;0.03530751708428246;0.018170805572380377
211.5;0.018130653858620383;0.019292604501607715;0.019364171351546836
213.0;0.016988416988416986;0.01654091700522345;0.04308815858111633
214.5;0.01733025239957341;0.01754649070185963;0.034408602150537634
216.0;0.01887912456608984;0.055086848635235726;0.034611469290804206
217.5;0.05230034722222222;0.019071369196057474;0.021577380952380952
219.0;0.017227173994457345;0.033445440956651716;0.01938164236322413
220.5;0.0189328743545611;0.018197573656845753;0.031578947368421054
222.0;0.03443877551020408;0.03383297644539615;0.018026004728132386
223.5;0.017563955708285603;0.018197573656845753;0.018595825426944972
225.0;0.04536862003780718;0.017830478700043915;0.03792134831460674
226.5;0.01850632726208763;0.01723643498603879;0.034912718204488775
228.0;0.015414729630535846;0.041666666666666664;0.08954055117004243
229.5;0.018683274021352312;0.04179903952715183;0.05982945978266522
231.0;0.018026004728132386;0.038100208768267224;0.04651815799326096
232.5;0.0457863304578633;0.019142066420664204;0.021686422413793104
234.0;0.09190371991247265;0.018147448015122872;0.018284611141753997
235.5;0.017623877982923447;0.019274809160305342;0.03534031413612565
237.0;0.05048076923076923;0.016285076905013504;0.07545731707317073
238.5;0.017094017094017096;0.019524316648917288;0.053562653562653564
240.0;0.015809071886378992;0.017391304347826087;0.03534031413612565
241.5;0.015731292517006803;0.0161839863713799;0.019430485762144054
243.0;0.019961612284069098;0.019580419580419582;0.01950286806883365
244.5;0.0167163622810287;0.03240740740740741;0.01939343350027824
246.0;0.018010291595197254;0.03878406708595388;0.03266518188567186
247.5;0.016863406408094434;0.017830478700043915;0.018378465357914577
249.0;0.057109557109557105;0.02103686068467285;0.0721763085399449
250.5;0.01726263871763255;0.018844200557085196;0.04753521126760563
252.0;0.015414729630535846;0.016203895440159398;0.053412462908011875
253.5;0.04260299625468165;0.01834061135371179;0.03436018957345971
255.0;0.03585049580472921;0.016335052812576762;0.032392026578073094
256.5;0.019139945314441957;0.018284611141753997;0.0356286399451867
258.0;0.015907416444202047;0.018595825426944972;0.019877181641887523
259.5;0.018387370467510947;0.02055375026129259;0.017222025396707006
261.0;0.01865038996269922;0.018013049221910642;0.03557838660578387
262.5;0.016335052812576762;0.03412017167381975;0.020854040125161052
264.0;0.017814806907942786;0.04516820426800857;0.02183210815812471
265.5;0.017094017094017096;0.019511066553559036;0.032311893203883495
267.0;0.018010291595197254;0.019179429534916397;0.0204048829228029
268.5;0.017547197908565945;0.01846773858490174;0.021686422413793104
270.0;0.01488644788002137;0.018147448015122872;0.05208527493010251
271.5;0.01942319011183049;0.017878422428924522;0.0210451996764597
273.0;0.016638225255972697;0.037760416666666664;0.02114561027837259
274.5;0.017623877982923447;0.019598155467720684;0.018538999961328746
276.0;0.018010291595197254;0.01639251147362203;0.019011142061281336
277.5;0.016745540589734254;0.020329437179338813;0.023094688221709007
279.0;0.016863406408094434;0.042404201491796176;0.021265189421015008
280.5;0.015095605501509561;0.018089507348266386;0.02387706855791962
282.0;0.01597712748065927;0.02006566946369938;0.02178854897125684
283.5;0.015095605501509561;0.03674948240165632;0.018242574964293143
285.0;0.018010291595197254;0.017134997433140575;0.03987270685136653
286.5;0.04536862003780718;0.01834204985759394;0.03797145769622833
288.0;0.015001087035292413;0.018114390839413047;0.02020741330630566
289.5;0.014945495799148322;0.017403167501838752;0.0403530895334174
291.0;0.01663225731761437;0.01942319011183049;0.022647647647647647
292.5;0.015095605501509561;0.021686422413793104;0.036461251167133515
294.0;0.014945495799148322;0.03476946334089191;0.02048952158637739
295.5;0.014910112661872163;0.017596390484003282;0.02238157322903086
297.0;0.018332165356039182;0.021577380952380952;0.020429159318048208
298.5;0.018470790378006873;0.04933600081433862;0.018371212121212118
300.0;0.017623877982923447;0.016612090555530357;0.03859601936525013
301.5;0.0175513698630137;0.019092388356535886;0.02068621552297413
303.0;0.015280135823429542;0.03189528023598819;0.03252147276112679
304.5;0.01597712748065927;0.04135350119002882;0.021215753116410743
306.0;0.01756386861313869;0.018369370775553433;0.018090920271235066
307.5;0.016604605213162094;0.01777350198071214;0.041790674603174614
309.0;0.015958442650909548;0.01949946200135496;0.02387706855791962
310.5;0.016863406408094434;0.048445069542115964;0.02112383705845287
312.0;0.017094017094017096;0.04115502686108979;0.03606965174129354
313.5;0.017623877982923447;0.015517241379310345;0.05993171925653972
315.0;0.01865038996269922;0.01871479774705581;0.02434666071029707
316.5;0.04205607476635514;0.042924211938296444;0.03725980784627702
318.0;0.017373380447585393;0.018610372994783977;0.07749357857489267
319.5;0.015280135823429542;0.022824178580386253;0.04198220076570015
321.0;0.015280135823429542;0.018026004728132386;0.039713541666666664
322.5;0.015095605501509561;0.0175513698630137;0.0208377272535538
324.0;0.015095605501509561;0.03608247422680412;0.08356110894181958
325.5;0.0470532319391635;0.016939604011490892;0.04487056567593481
327.0;0.017699115044247787;0.036783854166666664;0.0215525648527404
328.5;0.017623877982923447;0.016043635035830027;0.02012072434607646
330.0;0.017498443680569787;0.01834862385321101;0.01995238481724968
331.5;0.017465858520325457;0.018197573656845753;0.0220508658008658
333.0;0.016582472972657695;0.0552187093980078;0.020052693208430915
334.5;0.043703007518796994;0.017094017094017096;0.0273972602739726
336.0;0.07303592577970786;0.016863406408094434;0.020797150691667547
337.5;0.015001087035292413;0.0175513698630137;0.032924107142857144
339.0;0.07753473472714523;0.0175513698630137;0.05227743271221532
340.5;0.018354055654233276;0.01756386861313869;0.03408779149519891
342.0;0.0161839863713799;0.016293098349991132;0.019839679358717437
343.5;0.014945495799148322;0.017754480892796753;0.02177154786758127
345.0;0.015743018124095107;0.017825311942959002;0.06261138729950287
346.5;0.018010291595197254;0.0885799073490668;0.02029704821191558
348.0;0.016638225255972697;0.017699115044247787;0.03514986376021799
349.5;0.047619047619047616;0.03919631093544137;0.051611796982167356
351.0;0.016638225255972697;0.018197573656845753;0.040083690946675285
352.5;0.01865038996269922;0.03798297314996725;0.019968626003506507
354.0;0.017094017094017096;0.016838000708968452;0.019598155467720684
355.5;0.015095605501509561;0.0161839863713799;0.018741633199464522
357.0;0.016638225255972697;0.018010291595197254;0.03258887876025524
358.5;0.017373380447585393;0.017754480892796753;0.020847168626043255
360.0;0.05412371134020618;0.01842179442537598;0.033861185983827494
361.5;0.05412371134020618;0.0391281512605042;0.024940047961630695
363.0;0.05043017360577662;0.015907416444202047;0.022480021202905515
364.5;0.05043017360577662;0.09492273730684328;0.051786208806424816
366.0;0.016979552792060267;0.017737506864360243;0.02266114592658908
367.5;0.018467296424989527;0.03476482617586912;0.03534031413612565
369.0;0.015791096363576857;0.018612132352941176;0.07280942576069548
370.5;0.0175513698630137;0.01576182136602452;0.023356807511737087
372.0;0.017623877982923447;0.03878406708595388;0.05736461791137997
373.5;0.016676298192025096;0.03913331128018524;0.048979213066072745
375.0;0.015095605501509561;0.019266620823646267;0.019322989023210252
376.5;0.015871286409530037;0.01904761904761905;0.04847301136363637
378.0;0.017094017094017096;0.016371008616320324;0.02406565447229644
379.5;0.015095605501509561;0.016317890407644853;0.04759131815775544
381.0;0.016676298192025096;0.01874107841782935;0.023185011709601876
382.5;0.01830736743700201;0.01672535211267606;0.053820598006644516
384.0;0.018010291595197254;0.01597712748065927;0.04647671512741468
385.5;0.0175513698630137;0.016638225255972697;0.09087633323724416
387.0;0.01865038996269922;0.038385826771653545;0.03263403263403263
388.5;0.017547197908565945;0.0425033467202142;0.020240539747726608
390.0;0.017547197908565945;0.038441422594142266;0.01945239417367904
391.5;0.017547197908565945;0.019675925925925927;0.03589420654911838
393.0;0.017547197908565945;0.016335052812576762;0.03680555555555556
394.5;0.07771195869669424;0.018163597644995613;0.021540560540190545
396.0;0.07303592577970786;0.06636838180462341;0.02118005062745732
397.5;0.0175513698630137;0.01879117923894043;0.023356807511737087
399.0;0.016745540589734254;0.015861825872400422;0.1367009132420091
400.5;0.01842179442537598;0.05013791262567844;0.04328358208955224
402.0;0.01842179442537598;0.018010291595197254;0.024582338902147973
403.5;0.01842179442537598;0.018010291595197254;0.034375579884950824
405.0;0.01660281557997176;0.041334743661785606;0.02160703054021944
406.5;0.017094017094017096;0.0350922131147541;0.02126119010005266
408.0;0.017623877982923447;0.01834862385321101;0.036325966850828735
409.5;0.018010291595197254;0.019408502772643253;0.036085784735363266
411.0;0.0189328743545611;0.016217853406024562;0.05630026809651474
412.5;0.018010291595197254;0.0370850622406639;0.021610538725716333
414.0;0.017754480892796753;0.018612132352941176;0.039891859701196256
415.5;0.017623877982923447;0.018143754361479414;0.08940261865793779
417.0;0.0161839863713799;0.03902153124807206;0.018340384694376714
418.5;0.016745540589734254;0.08221574344023323;0.046052631578947366
420.0;0.015731292517006803;0.047491202089205244;0.03680555555555556
421.5;0.017754480892796753;0.01676489396313485;0.03476946334089191
423.0;0.0161839863713799;0.019408502772643253;0.022253567098759676
424.5;0.017373380447585393;0.017563955708285603;0.06670341786108049
426.0;0.0161839863713799;0.08089334812599489;0.036865417080004875
427.5;0.015280135823429542;0.06689088191330343;0.020618556701030927
429.0;0.015871286409530037;0.015188609731168737;0.018650281503095598
430.5;0.06780848193311179;0.0363872644574399;0.03608815426997245
432.0;0.017094017094017096;0.016808306987266874;0.023805524057508437
433.5;0.017623877982923447;0.035751028806584366;0.02300150829562594
435.0;0.015280135823429542;0.01783664661861255;0.05279605263157896
436.5;0.018470790378006873;0.09087154068566708;0.03948314906087652
438.0;0.01850632726208763;0.016403046280023436;0.03630217519106407
439.5;0.01488644788002137;0.042924211938296444;0.019412770548915975
441.0;0.046489563567362426;0.017373380447585393;0.01678424862821045
442.5;0.018010291595197254;0.04875717017208413;0.05138483965014577
444.0;0.05339805825242719;0.01597712748065927;0.05491506544138122
445.5;0.01850632726208763;0.04536862003780718;0.03710575139146568
447.0;0.016676298192025096;0.052328064929517304;0.021115862349826917
448.5;0.08420386198163977;0.0495642198303075;0.018645363381727214
450.0;0.08420386198163977;0.01665806179880234;0.035977859778597784
451.5;0.01749271137026239;0.05048076923076923;0.03300733496332518
453.0;0.017094017094017096;0.01606832657788072;0.03426852416281341
454.5;0.017094017094017096;0.018010291595197254;0.01759439470611133
456.0;0.01749271137026239;0.018010291595197254;0.021949404761904764
457.5;0.018610244807272875;0.015280135823429542;0.033476658476658476
459.0;0.017603269400950756;0.0161839863713799;0.04730243161094225
460.5;0.017623877982923447;0.017094017094017096;0.01941684776984373
462.0;0.017094017094017096;0.049329501915708805;0.0390376660134988
463.5;0.015871286409530037;0.0161839863713799;0.019521149865250168
465.0;0.016638225255972697;0.015731292517006803;0.021949404761904764
466.5;0.016676298192025096;0.015095605501509561;0.021704028844646495
468.0;0.04425612052730697;0.017623877982923447;0.01933273560823432
469.5;0.01865038996269922;0.015769487034319674;0.03257191201353638
471.0;0.01850632726208763;0.014870091759449306;0.019050104384133612
472.5;0.0161839863713799;0.0175513698630137;0.0698019801980198
474.0;0.015095605501509561;0.01702553830746119;0.0678251980577562
475.5;0.018147448015122872;0.015861825872400422;0.033556149732620326
477.0;0.046489563567362426;0.016202753976515587;0.021058114714089013
478.5;0.015001087035292413;0.01834862385321101;0.03511762700306853
480.0;0.018876611418047883;0.018020513790726903;0.021505376344086023
481.5;0.01672535211267606;0.01581039777838237;0.019735204707471865
483.0;0.01865038996269922;0.017094017094017096;0.02041832669322709
484.5;0.017094017094017096;0.015001087035292413;0.0352356524527092
486.0;0.017094017094017096;0.03758169934640523;0.019311983029879486
487.5;0.0175513698630137;0.0189328743545611;0.021537726838586436
489.0;0.018683274021352312;0.08431531897602601;0.020497803806734993
490.5;0.018848906360245943;0.017498443680569787;0.03582242798738029
492.0;0.0161839863713799;0.0770733678473717;0.01863154513331192
493.5;0.041666666666666664;0.01597712748065927;0.03191137566137566
495.0;0.03875784919001636;0.01597712748065927;0.020420447371352884
496.5;0.018944170972160067;0.018354055654233276;0.033445440956651716
498.0;0.018026004728132386;0.015280135823429542;0.0169809266000809
499.5;0.0189328743545611;0.04536862003780718;0.01913318835603373
501.0;0.017094017094017096;0.051059730250481696;0.03748733535967579
502.5;0.018470790378006873;0.05084745762711864;0.042184180725580486
504.0;0.01835078161749423;0.01702553830746119;0.018764803930169317
505.5;0.01512779241718377;0.0189328743545611;0.03208232445520581
507.0;0.018470790378006873;0.015871286409530037;0.01995238481724968
508.5;0.016638225255972697;0.016863406408094434;0.019981052061716145
510.0;0.0161839863713799;0.0470532319391635;0.01834862385321101
511.5;0.015154962909024714;0.01850632726208763;0.03266518188567186
513.0;0.018876611418047883;0.0175513698630137;0.020212060967528162
514.5;0.017083111144968386;0.016745540589734254;0.020304139678963676
516.0;0.03528138528138528;0.0161839863713799;0.03412017167381975
517.5;0.01871226912632689;0.015871286409530037;0.02245989304812834
519.0;0.01865038996269922;0.01597712748065927;0.017574414186193793
520.5;0.017547197908565945;0.016676298192025096;0.0425033467202142
522.0;0.017094017094017096;0.07436650111170809;0.05313531353135315
523.5;0.018010291595197254;0.01597712748065927;0.03415950777803575
525.0;0.0161839863713799;0.07434304424481572;0.019597090877682573
526.5;0.0189328743545611;0.014945495799148322;0.018790849673202614
528.0;0.017134997433140575;0.016863406408094434;0.0198289048779106
529.5;0.07975986277873069;0.018470790378006873;0.019731800766283527
531.0;0.01842904360817203;0.01749271137026239;0.040768782760629
532.5;0.01597712748065927;0.018010291595197254;0.019051973590904568
534.0;0.014910112661872163;0.018010291595197254;0.03300733496332518
535.5;0.015724726735506497;0.017754480892796753;0.019586081922652748
537.0;0.07850573814074081;0.018010291595197254;0.022813990461049285
538.5;0.01784040701566475;0.019961612284069098;0.03312144529943125
540.0;0.018052243358660087;0.015054442165062335;0.01730418943533698
541.5;0.05720906282183316;0.018399425774035628;0.034408602150537634
543.0;0.015328635705238998;0.016638225255972697;0.017184987686483626
544.5;0.015107933277383025;0.017754480892796753;0.019626168224299065
546.0;0.02023809523809524;0.03469827586206897;0.03383297644539615
547.5;0.018354055654233276;0.01645021645021645;0.017089125102207687
549.0;0.018610244807272875;0.01858759764068229;0.03758169934640523
550.5;0.01810699588477366;0.017754480892796753;0.05194805194805195
552.0;0.015125554237353003;0.017971946230274694;0.03208232445520581
553.5;0.01764668659556791;0.018848906360245943;0.017652695818832904
555.0;0.01845342706502636;0.07974060285817221;0.0174812030075188
556.5;0.019859629496450783;0.015597920277296359;0.05964546402502607
558.0;0.015318592248298107;0.018848906360245943;0.02081797581019466
559.5;0.015731292517006803;0.051640926640926635;0.01979416200869488
561.0;0.017373380447585393;0.017754480892796753;0.021325159455970546
562.5;0.0776056792513714;0.015809071886378992;0.0370850622406639
564.0;0.01944439275812664;0.01663225731761437;0.01942319011183049
565.5;0.017851138585296654;0.016582472972657695;0.01869087161947359
567.0;0.0188212927756654;0.08265038510424652;0.019274809160305342
568.5;0.01858759764068229;0.017401635028469288;0.06339634941329858
570.0;0.07786711807024968;0.016638225255972697;0.03661514600271421
571.5;0.018612132352941176;0.01865038996269922;0.020897640588965764
573.0;0.018010291595197254;0.015871286409530037;0.02118005062745732
574.5;0.04208416833667335;0.015280135823429542;0.05230034722222222
576.0;0.016403046280023436;0.03608247422680412;0.035449112640347696
577.5;0.03383297644539615;0.015139193690331638;0.05432098765432099
579.0;0.017227259432582628;0.016863406408094434;0.019848374643316735
580.5;0.018323203432248837;0.04315196998123827;0.04988354037267081
582.0;0.046489563567362426;0.01597712748065927;0.01756386861313869
583.5;0.01865038996269922;0.016676298192025096;0.019141127055425266
585.0;0.018026004728132386;0.09075805579166989;0.05968773995392884
586.5;0.015154962909024714;0.0391281512605042;0.018371212121212118
588.0;0.018010291595197254;0.01713180436584692;0.017924528301886795
589.5;0.015517241379310345;0.037422037422037424;0.018089085345120708
591.0;0.0363872644574399;0.015033359741139864;0.019961612284069098
592.5;0.018683274021352312;0.017934291168491913;0.0212516733601071
594.0;0.018902169101372285;0.019013666072489603;0.03208232445520581
595.5;0.0161839863713799;0.018848906360245943;0.03304305163743408
597.0;0.017825311942959002;0.017094017094017096;0.019576982095269077
598.5;0.018147448015122872;0.01672535211267606;0.020024461330280005
600.0;0.019274809160305342;0.07617778854305439;0.0708961485131901
601.5;0.01904761904761905;0.017094017094017096;0.06142463867859601
603.0;0.016645807259073844;0.016863406408094434;0.02080873671782763
604.5;0.037760416666666664;0.017623877982923447;0.020409547057228097
606.0;0.01713180436584692;0.017754480892796753;0.020598494584174773
607.5;0.049515381373788456;0.06430155210643015;0.019719771665801765
609.0;0.018047156089719053;0.0161839863713799;0.018595825426944972
610.5;0.015414729630535846;0.01865038996269922;0.017089125102207687
612.0;0.034408602150537634;0.01834061135371179;0.017608087549688373
613.5;0.01727990000781189;0.017854807063440156;0.01834862385321101
615.0;0.05925707547169811;0.015786644290442596;0.02000645369474024
616.5;0.01535109722361575;0.017699115044247787;0.019310639165275888
618.0;0.051331719128329296;0.015280135823429542;0.09173947577442415
619.5;0.05969267139479905;0.018010291595197254;0.019598155467720684
621.0;0.018784610708007875;0.016403046280023436;0.05889101338432121
622.5;0.015996957490428156;0.018848906360245943;0.01749271137026239
624.0;0.08315565031982942;0.016745540589734254;0.0189328743545611
625.5;0.017754480892796753;0.03241525423728814;0.037422037422037424
627.0;0.05790640140191732;0.03913393432066967;0.016217853406024562
628.5;0.01726263871763255;0.05169902912621359;0.0425033467202142
630.0;0.019731800766283527;0.015830315571650284;0.01608187134502924
631.5;0.01866458752950859;0.017864534256744252;0.05278552785527855
633.0;0.018612132352941176;0.015054385440325332;0.01665905464305248
634.5;0.01675356994726551;0.01847045932227632;0.018354055654233276
636.0;0.01756386861313869;0.017824497257769654;0.021110906071230853
637.5;0.03718749662814661;0.016025963289428118;0.017699115044247787
639.0;0.017391304347826087;0.020410766679423396;0.017373380447585393
640.5;0.019408502772643253;0.01698283068612951;0.018010291595197254
642.0;0.03608462018826759;0.037879981099385736;0.019214401225636224
643.5;0.018683274021352312;0.07731435086644084;0.05362144857943176
645.0;0.015731292517006803;0.016638225255972697;0.01749271137026239
646.5;0.015001087035292413;0.015095605501509561;0.017094017094017096
648.0;0.015871286409530037;0.01897923971725942;0.13708966732760516
649.5;0.03919631093544137;0.03919631093544137;0.018682693844305945
651.0;0.05555555555555555;0.015280135823429542;0.043355996110566467
652.5;0.09445224719101125;0.018612132352941176;0.015543066883693866
654.0;0.016917819729987117;0.019276956137024393;0.03964465658976399
655.5;0.01865038996269922;0.015892654286967574;0.017460979111666896
657.0;0.06124721603563474;0.018354055654233276;0.06047492232578785
658.5;0.0170487948265726;0.017699115044247787;0.01810699588477366
660.0;0.01702553830746119;0.01775534628830588;0.01785021926935311
661.5;0.09340659340659341;0.019071369196057474;0.038073038073038065
663.0;0.016252279131443725;0.03608247422680412;0.03528138528138528
664.5;0.019274809160305342;0.016025963289428118;0.01810188254965837
666.0;0.017410714285714286;0.017368069472277887;0.015517241379310345
667.5;0.04160206718346253;0.08954302181967888;0.01767793611602543
669.0;0.019138359569179784;0.08450826136298063;0.015835579225178063
670.5;0.016022517410942752;0.018354055654233276;0.017699115044247787
672.0;0.018683274021352312;0.019395134779750165;0.05910780669144982
673.5;0.09046849757673667;0.017952180475017874;0.041666666666666664
675.0;0.016897746967071057;0.01672535211267606;0.016979552792060267
676.5;0.018792559974975337;0.017462905276233176;0.04878444084278768
678.0;0.02111421114211142;0.020061815116605788;0.01696603985405557
679.5;0.015513433355496778;0.045382026331817996;0.01865038996269922
681.0;0.017019391672408703;0.017699115044247787;0.01675203627508607
682.5;0.017924528301886795;0.01822513964717392;0.018197573656845753
684.0;0.017155756207674944;0.017825311942959002;0.017824497257769654
685.5;0.017699115044247787;0.018999377069604275;0.016335052812576762
687.0;0.040091455309193384;0.019944341372912802;0.019139945314441957
688.5;0.017699115044247787;0.018876611418047883;0.017083111144968386
690.0;0.018470790378006873;0.039535096426736395;0.018595825426944972
691.5;0.018197573656845753;0.01810699588477366;0.019274809160305342
693.0;0.07818802358051505;0.018612132352941176;0.017697567180791858
694.5;0.03412017167381975;0.019276956137024393;0.017934291168491913
696.0;0.01765061454765263;0.019865614957639496;0.019138359569179784
697.5;0.01939343350027824;0.04578999334114028;0.04516111384649051
699.0;0.021577380952380952;0.017185779496378704;0.018612132352941176
700.5;0.017294709986227452;0.0170487948265726;0.01859099804305284
702.0;0.018026004728132386;0.016429426632965278;0.016335052812576762
703.5;0.019098466389565714;0.018371212121212118;0.017699115044247787
705.0;0.016448125143777317;0.1014119192250862;0.017824497257769654
706.5;0.01756386861313869;0.018683274021352312;0.017094017094017096
708.0;0.017824497257769654;0.018426930440331845;0.0161839863713799
709.5;0.017227259432582628;0.019274589200542928;0.03798297314996725
711.0;0.018323203432248837;0.05162879824801533;0.017094017094017096
712.5;0.019540415891253337;0.019013666072489603;0.017699115044247787
714.0;0.018696455568620863;0.019643114117139156;0.017287443030017287
715.5;0.016640175376791293;0.01896650704511057;0.01749271137026239
717.0;0.020618556701030927;0.0189328743545611;0.017699115044247787
718.5;0.018493289660569873;0.017083111144968386;0.01756386861313869
720.0;0.01910331384015595;0.016733801551333694;0.09171779141104293
721.5;0.0547029702970297;0.03498920086393088;0.018519415516267058
723.0;0.04144174397291133;0.05306859205776173;0.01622490850615504
724.5;0.03542094455852156;0.040626605033384694;0.019731800766283527
726.0;0.017825311942959002;0.03809367116376001;0.017356740642596888
727.5;0.01896734857158622;0.017094017094017096;0.015160642282550445
729.0;0.0175513698630137;0.02018348623853211;0.017754480892796753
730.5;0.01702553830746119;0.03300733496332518;0.07922182109907742
732.0;0.0189328743545611;0.017824497257769654;0.017373380447585393
733.5;0.0189328743545611;0.03411405295315682;0.018848906360245943
735.0;0.019274809160305342;0.0532795156407669;0.01672693391308206
736.5;0.01929824561403509;0.06205328955676222;0.017094017094017096
738.0;0.01834862385321101;0.017824497257769654;0.017924528301886795
739.5;0.04771873322597961;0.020212060967528162;0.01862923806051768
741.0;0.01873131091784793;0.01728348180144829;0.019274809160305342
742.5;0.018143754361479414;0.01730418943533698;0.01858759764068229
744.0;0.017851796249362173;0.0153103221203973;0.018683274021352312
745.5;0.01608187134502924;0.018610372994783977;0.060130331753554506
747.0;0.018902169101372285;0.020192168761739633;0.018026004728132386
748.5;0.017373380447585393;0.01834862385321101;0.016863406408094434
750.0;0.015280135823429542;0.038441422594142266;0.019139945314441957
751.5;0.015963095712199653;0.018595825426944972;0.0189328743545611
753.0;0.017373380447585393;0.06325301204819277;0.017623877982923447
754.5;0.0170487948265726;0.018143754361479414;0.017373380447585393
756.0;0.01845342706502636;0.018413173652694608;0.017368069472277887
757.5;0.01834862385321101;0.0358161545442759;0.018086080586080584
759.0;0.016917819729987117;0.019598155467720684;0.016808306987266874
760.5;0.01672535211267606;0.017699115044247787;0.019274809160305342
762.0;0.0726983133763759;0.01756386861313869;0.054625450854584666
763.5;0.01749271137026239;0.01845342706502636;0.018143754361479414
765.0;0.05545957152729785;0.01859099804305284;0.01726263871763255
766.5;0.0161839863713799;0.10256581733877261;0.03282828282828283
768.0;0.01882395123700251;0.017824497257769654;0.016263612953345514
769.5;0.017824497257769654;0.01842800035618964;0.018143754361479414
771.0;0.09699769053117782;0.02019230769230769;0.017799021627615652
772.5;0.04640718562874251;0.018143754361479414;0.01733025239957341
774.0;0.015069294547215105;0.03185654008438818;0.019274809160305342
775.5;0.03528138528138528;0.03966309341500766;0.015195702225633155
777.0;0.018612132352941176;0.04054054054054054;0.01756386861313869
778.5;0.01834862385321101;0.01730418943533698;0.017825311942959002
780.0;0.01713180436584692;0.03792134831460674;0.019408502772643253
781.5;0.015879968453896016;0.01716967998714951;0.045094124358243004
783.0;0.017373380447585393;0.03318419090231171;0.019142066420664204
784.5;0.017215791035915702;0.017674869549113806;0.018832655731576244
786.0;0.04014336917562724;0.019944341372912802;0.018941328903879267
787.5;0.03443877551020408;0.02081562072195403;0.03498920086393088
789.0;0.01726263871763255;0.018061547310900202;0.016547024742192912
790.5;0.019345238095238096;0.016429426632965278;0.03469827586206897
792.0;0.01654091700522345;0.0170487948265726;0.018160893671870206
793.5;0.01810699588477366;0.017915564697815654;0.019142066420664204
795.0;0.018459122096387535;0.019274809160305342;0.042820886656946916
796.5;0.017699115044247787;0.036783854166666664;0.02079334612923865
798.0;0.019142066420664204;0.0388256030290172;0.018284611141753997
799.5;0.018197573656845753;0.019961612284069098;0.039094011790257524
801.0;0.017699115044247787;0.03805266855633888;0.018202660754741154
802.5;0.016371008616320324;0.01897923971725942;0.0175513698630137
804.0;0.018314772574802095;0.017083111144968386;0.03503787878787879
805.5;0.01694768198513463;0.01749271137026239;0.019016635363563187
807.0;0.01702553830746119;0.01713180436584692;0.01845342706502636
808.5;0.01597712748065927;0.017356740642596888;0.0170487948265726
810.0;0.017754480892796753;0.01826215022091311;0.018323203432248837
811.5;0.016638225255972697;0.020240539747726608;0.03379065040650407
813.0;0.017596390484003282;0.052392699364741536;0.036964738810850405
814.5;0.03895222631539128;0.03436018957345971;0.03612385321100917
816.0;0.017006200857103925;0.01937237482760735;0.06985294117647059
817.5;0.01865038996269922;0.02018348623853211;0.018197573656845753
819.0;0.041666666666666664;0.07384742832444893;0.019139945314441957
820.5;0.016979552792060267;0.01904761904761905;0.018371212121212118
822.0;0.03383297644539615;0.1062286689419795;0.01902784562774792
823.5;0.019008640291041382;0.019408502772643253;0.05839201877934272
825.0;0.04903391350047918;0.05598176562152547;0.018770331246283536
826.5;0.018516938226380317;0.018147448015122872;0.01677503841314192
828.0;0.01660519339209613;0.06790123456790123;0.01848189015376498
829.5;0.017754480892796753;0.018832655731576244;0.01813557316928901
831.0;0.018026004728132386;0.018185821224130337;0.018202378957949406
832.5;0.0161839863713799;0.03240740740740741;0.03488762864944339
834.0;0.0161839863713799;0.01905516897149065;0.019731800766283527
835.5;0.015095605501509561;0.016403046280023436;0.09786428764530954
837.0;0.015095605501509561;0.041250831669993354;0.018024947783258867
838.5;0.017623877982923447;0.06601466992665037;0.053978268489309485
840.0;0.0175513698630137;0.019408502772643253;0.015716780441339895
841.5;0.0175513698630137;0.019944341372912802;0.019274809160305342
843.0;0.018010291595197254;0.046729342695069225;0.033476658476658476
844.5;0.015731292517006803;0.01767622907113149;0.07031828275351591
846.0;0.01672535211267606;0.03585049580472921;0.019274809160305342
847.5;0.0161839863713799;0.017825311942959002;0.02300150829562594
849.0;0.018010291595197254;0.018086080586080584;0.054804804804804805
850.5;0.018558172733761598;0.017432449259120908;0.03108141010033702
852.0;0.017416748873543605;0.03469827586206897;0.043195045425973876
853.5;0.018511461381490853;0.018371212121212118;0.020373072113380578
855.0;0.017563955708285603;0.019675925925925927;0.01859099804305284
856.5;0.04374966075014927;0.019395134779750165;0.021410443328473458
858.0;0.05545957152729785;0.01733025239957341;0.03469827586206897
859.5;0.016863406408094434;0.01780160609014529;0.021042084168336674
861.0;0.016863406408094434;0.019857296715131936;0.018360902737705968
862.5;0.01597712748065927;0.01949374454466104;0.04793735676088616
864.0;0.015731292517006803;0.01871004641962201;0.04492981159955672
865.5;0.01726263871763255;0.017596390484003282;0.04952229299363058
867.0;0.015139193690331638;0.020847168626043255;0.017568011523736115
868.5;0.0161839863713799;0.022234273318872018;0.020966880341880344
870.0;0.01597712748065927;0.019801980198019802;0.043717914478174434
871.5;0.01597712748065927;0.018287838955635814;0.03612385321100917
873.0;0.07703984819734344;0.022580556923245256;0.03712988169115845
874.5;0.038385826771653545;0.018628480443009836;0.020410766679423396
876.0;0.05412371134020618;0.01884973658089639;0.038685208596713025
877.5;0.018612132352941176;0.017796927688272762;0.021686422413793104
879.0;0.016335052812576762;0.05088062622309198;0.034790300885813655
880.5;0.03744435716156062;0.03312144529943125;0.01822408497785621
882.0;0.01726263871763255;0.018048281994168303;0.03503787878787879
883.5;0.016335052812576762;0.019592176674123846;0.018362529346508085
885.0;0.035751028806584366;0.018832655731576244;0.018991964937910884
886.5;0.016209169954000083;0.039014438563470304;0.048642843194688534
888.0;0.015006885229596255;0.021924648206990464;0.04085783771832855
889.5;0.01726263871763255;0.018354055654233276;0.018010456796917998
891.0;0.01672535211267606;0.06420863309352517;0.0220508658008658
892.5;0.016979552792060267;0.04746136865342164;0.021191464137522226
894.0;0.016979552792060267;0.017824497257769654;0.039556957528738085
895.5;0.016713577195494413;0.01819154628143392;0.03406533397854858
897.0;0.016863406408094434;0.020398251578436135;0.03557483731019522
898.5;0.015095605501509561;0.015597920277296359;0.03753501400560224
900.0;0.016676298192025096;0.018391927083333332;0.018101858706039115
901.5;0.03879026955950033;0.016335052812576762;0.019265587577359987
903.0;0.019013666072489603;0.01678424862821045;0.11736980373976201
904.5;0.015597920277296359;0.018197573656845753;0.022234273318872018
906.0;0.018610244807272875;0.03326226012793177;0.03660205608071549
907.5;0.03718199608610568;0.042094349403836176;0.05257936507936508
909.0;0.051617709663686666;0.019801980198019802;0.018741633199464522
910.5;0.01741229204378933;0.01904761904761905;0.03412017167381975
912.0;0.051059730250481696;0.019235574891907196;0.018350187478695604
913.5;0.08103813559322035;0.01953617192666663;0.01782110389009239
915.0;0.01702553830746119;0.018086080586080584;0.021037709101219167
916.5;0.015069294547215105;0.020129774369562013;0.02048342369935019
918.0;0.07922182109907742;0.019598155467720684;0.033713054187192115
919.5;0.04703135423615744;0.049554781262098335;0.032151143520053035
921.0;0.015069294547215105;0.01756386861313869;0.031400240384615384
922.5;0.017754480892796753;0.020357941834451904;0.020618556701030927
924.0;0.04260299625468165;0.018876611418047883;0.04176833401111562
925.5;0.08997632202052092;0.06878406314602518;0.02628558310376492
927.0;0.018026004728132386;0.03307086614173229;0.020854040125161052
928.5;0.015225395561747438;0.059372799653360786;0.03190596137699412
930.0;0.017603269400950756;0.019345238095238096;0.023601761821657106
931.5;0.016638225255972697;0.018086080586080584;0.033950617283950615
933.0;0.08175211949939443;0.03379065040650407;0.025746183640920482
934.5;0.04875717017208413;0.0365806864208058;0.02247191011235955
936.0;0.01865038996269922;0.020999704229517892;0.05859577027602528
937.5;0.0175513698630137;0.016405539303267692;0.039258582556015005
939.0;0.03476482617586912;0.018612132352941176;0.02232667450058755
940.5;0.05150665732305536;0.019731800766283527;0.022623848888357556
942.0;0.01710322537202882;0.037879981099385736;0.025214834916327453
943.5;0.01775923275653774;0.018918918918918916;0.020833333333333332
945.0;0.048187022900763356;0.01622490850615504;0.019719771665801765
946.5;0.0175513698630137;0.0567517112632234;0.03423626787057938
948.0;0.0863169700629799;0.01727927541041207;0.023718924403855913
949.5;0.017824497257769654;0.0161839863713799;0.018812836396872142
951.0;0.015109552273918112;0.0358974358974359;0.035057849473252
952.5;0.06754426994760021;0.018945980117039525;0.0697954271961492
954.0;0.016863406408094434;0.01820235691493672;0.0212516733601071
955.5;0.0175513698630137;0.0552187093980078;0.07121661721068248
957.0;0.08560945780676722;0.02118989405052975;0.04018951105004009
958.5;0.015001087035292413;0.016121952666231686;0.08006386861313869
960.0;0.0175513698630137;0.019961612284069098;0.03960261295590636
961.5;0.016745540589734254;0.03423626787057938;0.019015956334143096
963.0;0.016745540589734254;0.01851378305119419;0.04952229299363058
964.5;0.014910112661872163;0.019163427744495188;0.04521219249240419
966.0;0.017699115044247787;0.03398920977467471;0.04815864022662889
967.5;0.015225395561747438;0.01912670880261053;0.021078829744006503
969.0;0.01771809624494277;0.018426930440331845;0.020776495278069258
970.5;0.01848360454802751;0.03312144529943125;0.015661354971160425
972.0;0.015280135823429542;0.01880211355937601;0.03416594889463106
973.5;0.016676298192025096;0.017302798982188294;0.0220508658008658
975.0;0.018332165356039182;0.018197573656845753;0.022234273318872018
976.5;0.014870091759449306;0.018010291595197254;0.022647647647647647
978.0;0.0182681206624895;0.019408502772643253;0.034611469290804206
979.5;0.014834097312229661;0.016808306987266874;0.10192760629726047
981.0;0.014834097312229661;0.03608247422680412;0.03594686116176087
982.5;0.0161839863713799;0.039473684210526314;0.020481795360329052
984.0;0.017094017094017096;0.015139193690331638;0.07668680954346983
985.5;0.0161839863713799;0.015095605501509561;0.04753521126760563
987.0;0.01850632726208763;0.018354055654233276;0.019366362880582265
988.5;0.017547197908565945;0.01756386861313869;0.03870884773662551
990.0;0.017547197908565945;0.018086080586080584;0.02300150829562594
991.5;0.017547197908565945;0.01789398508173306;0.01828552803129074
993.0;0.017547197908565945;0.056686046511627904;0.025624461670973295
994.5;0.0161839863713799;0.033547008547008546;0.04691213588551992
996.0;0.01597712748065927;0.018927038104620476;0.01903935793642449
997.5;0.015871286409530037;0.018612132352941176;0.03564698492462312
999.0;0.07996748642690851;0.0161839863713799;0.052389705882352935
1000.5;0.01830736743700201;0.017699115044247787;0.05581999134573777
1002.0;0.016557768507871926;0.017094017094017096;0.024175579322638144
1003.5;0.015695763321720377;0.017045454545454544;0.03826311263972485
1005.0;0.0175513698630137;0.050211416490486264;0.03255754099566145
1006.5;0.0175513698630137;0.01726263871763255;0.021732329295354506
1008.0;0.08954302181967888;0.01942319011183049;0.06005674653215636
1009.5;0.08954302181967888;0.03798297314996725;0.0584200129080552
1011.0;0.08954302181967888;0.03469827586206897;0.03759733422809474
1012.5;0.017623877982923447;0.01707317073170732;0.032151143520053035
1014.0;0.05048076923076923;0.018086080586080584;0.05660377358490567
1015.5;0.0161839863713799;0.037422037422037424;0.03506699576868829
1017.0;0.01865038996269922;0.015154962909024714;0.0831469052945563
1018.5;0.017623877982923447;0.039603960396039604;0.032542579075425786
1020.0;0.01663225731761437;0.01834862385321101;0.020625415834996677
1021.5;0.01663225731761437;0.015590246102438475;0.033445440956651716
1023.0;0.017465858520325457;0.017716225190636415;0.019617301817012378
1024.5;0.017465858520325457;0.018532478954642544;0.018804198995892286
1026.0;0.016582472972657695;0.016404391880884894;0.019173609203820684
1027.5;0.015095605501509561;0.017460979111666896;0.06723963599595552
1029.0;0.017094017094017096;0.03798297314996725;0.056632021194876876
1030.5;0.017754480892796753;0.01774780738044018;0.022118942207605755
1032.0;0.017623877982923447;0.01950286806883365;0.24618950072911602
1033.5;0.014945495799148322;0.018937370139507272;0.03511762700306853
1035.0;0.01672535211267606;0.06695331695331695;0.10788381742738588
1036.5;0.017094017094017096;0.01851219928339874;0.04315960912052117
1038.0;0.017754480892796753;0.018086080586080584;0.02325243725368181
1039.5;0.017754480892796753;0.0170487948265726;0.023088478731726262
1041.0;0.014945495799148322;0.01942319011183049;0.07432660269274995
1042.5;0.014945495799148322;0.019263204616067467;0.022489514916514998
1044.0;0.014945495799148322;0.018832655731576244;0.04400403224199827
1045.5;0.014945495799148322;0.01612801998311728;0.02323303437509566
1047.0;0.08967391304347826;0.018354055654233276;0.03778063265727594
1048.5;0.017754480892796753;0.0370850622406639;0.024404761904761905
1050.0;0.016745540589734254;0.07834231098941873;0.035992532041578366
1051.5;0.018010291595197254;0.0189328743545611;0.04693198166549566
1053.0;0.01597712748065927;0.047619047619047616;0.03589420654911838
1054.5;0.016745540589734254;0.017004588798125428;0.06687016687016686
1056.0;0.0175513698630137;0.03241525423728814;0.04072164948453609
1057.5;0.015871286409530037;0.016252279131443725;0.021544079290558165
1059.0;0.01663225731761437;0.07790581443060444;0.023111494342975096
1060.5;0.015743018124095107;0.017699115044247787;0.024052132701421803
1062.0;0.01749271137026239;0.01749271137026239;0.0376715462031107
1063.5;0.07974060285817221;0.017824497257769654;0.03418935643564356
1065.0;0.019139945314441957;0.01619224007193569;0.017905831976137758
1066.5;0.016335052812576762;0.035598705501618116;0.021330517423442448
1068.0;0.01535109722361575;0.03758169934640523;0.032542579075425786
1069.5;0.015731292517006803;0.05970809376382132;0.022034434892725812
1071.0;0.01865038996269922;0.019345238095238096;0.024582338902147973
1072.5;0.018470790378006873;0.049151027703306524;0.03753540581179844
1074.0;0.016745540589734254;0.016335052812576762;0.050954328561690514
1075.5;0.016863406408094434;0.01874107841782935;0.020604522256029763
1077.0;0.01842179442537598;0.018314772574802095;0.023633903888006593
1078.5;0.017094017094017096;0.01856198874464861;0.03985803985803986
1080.0;0.06973170529113713;0.08919646289888504;0.026184538653366583
1081.5;0.04315196998123827;0.041227578950940966;0.0662215137597457
1083.0;0.036783854166666664;0.01749271137026239;0.022279096220464298
1084.5;0.01654091700522345;0.01834862385321101;0.04804850466577015
1086.0;0.01702553830746119;0.01702553830746119;0.02271377672209026
1087.5;0.017094017094017096;0.01929824561403509;0.023790318383829973
1089.0;0.08431531897602601;0.018803418803418803;0.035640187728596444
1090.5;0.016676298192025096;0.0161839863713799;0.019689119170984457
1092.0;0.07115677321156774;0.015963095712199653;0.031198686371100164
1093.5;0.01702553830746119;0.08787465940054497;0.02114561027837259
1095.0;0.016638225255972697;0.01834862385321101;0.021384021384021387
1096.5;0.07786711807024968;0.07499840632370752;0.024052132701421803
1098.0;0.07216102560980384;0.0161839863713799;0.01952948876445349
1099.5;0.016582472972657695;0.016745540589734254;0.026327241079199305
1101.0;0.01654091700522345;0.018010291595197254;0.07858058573340246
1102.5;0.04990403071017274;0.018595825426944972;0.022418478260869564
1104.0;0.041666666666666664;0.019116387223106105;0.02114561027837259
1105.5;0.016638225255972697;0.057962529274004686;0.3009977827050998
1107.0;0.017824497257769654;0.09046849757673667;0.1588484934219832
1108.5;0.09046849757673667;0.016785765670711238;0.03514986376021799
1110.0;0.059033078880407125;0.015095605501509561;0.02118005062745732
1111.5;0.017206835592221567;0.016897746967071057;0.01986318580853498
1113.0;0.0170487948265726;0.017824497257769654;0.04231744800214855
1114.5;0.01865038996269922;0.018041485106324483;0.036629427145234136
1116.0;0.015280135823429542;0.07548669050456894;0.021505376344086023
1117.5;0.016863406408094434;0.015095605501509561;0.047619047619047616
1119.0;0.017699115044247787;0.01842179442537598;0.01910331384015595
1120.5;0.018470790378006873;0.018470790378006873;0.021604938271604937
1122.0;0.018010291595197254;0.07922182109907742;0.023937412424100888
1123.5;0.048187022900763356;0.017623877982923447;0.04198004425939211
1125.0;0.018086080586080584;0.01842179442537598;0.020827211284161037
1126.5;0.016335052812576762;0.07487412953639226;0.019524316648917288
1128.0;0.016937514305333027;0.038100208768267224;0.02114561027837259
1129.5;0.01597712748065927;0.017094017094017096;0.03581871345029239
1131.0;0.0161839863713799;0.016676298192025096;0.022975929978118162
1132.5;0.019345238095238096;0.015769487034319674;0.05789750779006913
1134.0;0.01772899957788096;0.07303592577970786;0.02012072434607646
1135.5;0.049372502776390756;0.015731292517006803;0.022935272791581925
1137.0;0.01850755801383209;0.018470790378006873;0.023943312425517373
1138.5;0.017368069472277887;0.016638225255972697;0.021100294317410007
1140.0;0.0189328743545611;0.04990403071017274;0.021061269146608316
1141.5;0.015871286409530037;0.051059730250481696;0.037191518943343764
1143.0;0.018332165356039182;0.01850632726208763;0.020833333333333332
1144.5;0.015724726735506497;0.017094017094017096;0.09488892600634707
1146.0;0.0161839863713799;0.017094017094017096;0.019569569569569567
1147.5;0.09809098294069861;0.017094017094017096;0.032924107142857144
1149.0;0.0882232252769799;0.017094017094017096;0.020429159318048208
1150.5;0.016676298192025096;0.015871286409530037;0.019801980198019802
1152.0;0.016676298192025096;0.015871286409530037;0.023540748898678413
1153.5;0.01834862385321101;0.09190371991247265;0.022993189022681104
1155.0;0.01537736404878336;0.016676298192025096;0.049227799227799234
1156.5;0.015139193690331638;0.0161839863713799;0.05278436648139626
1158.0;0.08093674910972082;0.0161839863713799;0.041728031418753066
1159.5;0.08142564715306794;0.01850632726208763;0.03240740740740741
1161.0;0.09041394335511982;0.0175513698630137;0.0365071170440298
1162.5;0.015871286409530037;0.01865038996269922;0.03411405295315682
1164.0;0.014910112661872163;0.01850632726208763;0.07738095238095238
1165.5;0.01660281557997176;0.015001087035292413;0.02124120281509917
1167.0;0.03318419090231171;0.015001087035292413;0.019092388356535886
1168.5;0.051059730250481696;0.06780848193311179;0.03655913978494623
1170.0;0.017699115044247787;0.018332165356039182;0.03852691218130311
1171.5;0.017094017094017096;0.018277260861902424;0.04985393082581251
1173.0;0.019142066420664204;0.018876611418047883;0.019346801948614503
1174.5;0.08477640342530923;0.016335052812576762;0.018595825426944972
1176.0;0.018010291595197254;0.01814552172099398;0.020435244161358813
1177.5;0.06057007125890736;0.018547076045235124;0.02103686068467285
1179.0;0.017563955708285603;0.0161839863713799;0.01776475330218913
1180.5;0.015280135823429542;0.017754480892796753;0.037865108868826346
1182.0;0.01597712748065927;0.01730418943533698;0.01953049123828023
1183.5;0.018010291595197254;0.01713180436584692;0.03361344537815126
1185.0;0.0189328743545611;0.017094017094017096;0.018192943096063632
1186.5;0.017754480892796753;0.016863406408094434;0.08087963227861379
1188.0;0.018010291595197254;0.016638225255972697;0.0397622906537007
1189.5;0.0863169700629799;0.017754480892796753;0.032392026578073094
1191.0;0.0882034632034632;0.017754480892796753;0.04804359048876824
1192.5;0.0170487948265726;0.07182211727666273;0.02041832669322709
1194.0;0.016863406408094434;0.017754480892796753;0.01851035204424845
1195.5;0.01850632726208763;0.015280135823429542;0.032392026578073094
1197.0;0.044811320754716985;0.015731292517006803;0.018791494443989087
1198.5;0.09207534913933095;0.05048076923076923;0.020792079207920793
1200.0;0.04990403071017274;0.01756386861313869;0.018032678441489716
1201.5;0.01865038996269922;0.017814806907942786;0.09822973816445536
1203.0;0.015095605501509561;0.016694437748184725;0.03646288209606987
1204.5;0.0350922131147541;0.08484596445969754;0.01707317073170732
1206.0;0.040091455309193384;0.017373380447585393;0.020611702127659573
1207.5;0.09663041283212649;0.0189328743545611;0.036034316087408445
1209.0;0.015868618557831483;0.01865038996269922;0.033476658476658476
1210.5;0.016631053376904556;0.01597712748065927;0.037339932559630945
1212.0;0.016838000708968452;0.016863406408094434;0.022122793934874475
1213.5;0.01756386861313869;0.016863406408094434;0.07995834695950016
1215.0;0.017083111144968386;0.01842179442537598;0.018147448015122872
1216.5;0.015533947399900884;0.01780160609014529;0.019839679358717437
1218.0;0.01859246451687189;0.01780160609014529;0.017830478700043915
1219.5;0.016659431888877585;0.017509906921021105;0.05878746071893922
1221.0;0.039603960396039604;0.018612132352941176;0.10445468509984643
1222.5;0.017883272962794156;0.01713180436584692;0.033713054187192115
1224.0;0.016656297685317897;0.01713180436584692;0.019310775966237845
1225.5;0.015734861085035873;0.01581441031817882;0.04511357633386159
1227.0;0.01597712748065927;0.05545957152729785;0.019230769230769232
1228.5;0.015809071886378992;0.017215791035915702;0.039641789605631084
1230.0;0.01654091700522345;0.018371212121212118;0.0174812030075188
1231.5;0.018683274021352312;0.016317890407644853;0.019179429534916397
1233.0;0.017462905276233176;0.04749866699196653;0.01979416200869488
1234.5;0.018871433747959736;0.06869989815419149;0.020497803806734993
1236.0;0.017971946230274694;0.01831079517882138;0.01913318835603373
1237.5;0.016081348496769426;0.016559215812317295;0.0494269340974212
1239.0;0.018467296424989527;0.0189328743545611;0.01968774479457791
1240.5;0.01865038996269922;0.018323203432248837;0.07350142721217887
1242.0;0.01842179442537598;0.015245106155354892;0.07352333746385792
1243.5;0.019013666072489603;0.015078924549103066;0.01738161420379135
1245.0;0.01814552172099398;0.016638225255972697;0.022789301310043666
1246.5;0.01589114201095965;0.08174097664543525;0.03483705721498791
1248.0;0.0457863304578633;0.017699115044247787;0.01749271137026239
1249.5;0.019341334077588614;0.015280135823429542;0.0188212927756654
1251.0;0.018282146168552508;0.017373380447585393;0.03324808184143222
1252.5;0.05128641208756959;0.015280135823429542;0.09533967837216933
1254.0;0.089969561831953;0.0334685598377282;0.019731800766283527
1255.5;0.017368069472277887;0.0185554688027144;0.03926523410422837
1257.0;0.07425742574257424;0.019269640210214257;0.020052693208430915
1258.5;0.017121863302370723;0.016052757544824884;0.031135531135531136
1260.0;0.018620022569724327;0.017518214028400533;0.1070518266779949
1261.5;0.017094017094017096;0.015280135823429542;0.10807860262008734
1263.0;0.08747300215982722;0.018354055654233276;0.02188398849472675
1264.5;0.018026004728132386;0.015597920277296359;0.02096739596739597
1266.0;0.01865038996269922;0.049515381373788456;0.053531834019638895
1267.5;0.01865038996269922;0.018041485106324483;0.017644754498703938
1269.0;0.016638225255972697;0.04495550078085311;0.04661312849162011
1270.5;0.03540100250626566;0.018876611418047883;0.034110097939885176
1272.0;0.018838224840052806;0.018041485106324483;0.020221978897073462
1273.5;0.04990403071017274;0.034408602150537634;0.018413173652694608
1275.0;0.019013666072489603;0.017206835592221567;0.060130331753554506
1276.5;0.01730418943533698;0.0363872644574399;0.033366867873910126
1278.0;0.017373380447585393;0.03411405295315682;0.05223585278986942
1279.5;0.01904761904761905;0.03608247422680412;0.06764574988874056
1281.0;0.01730418943533698;0.017825311942959002;0.034110097939885176
1282.5;0.019263204616067467;0.017563955708285603;0.017564023116055857
1284.0;0.020438029874848607;0.018813083797617845;0.019332161687170474
1285.5;0.018529157115124335;0.04334677419354839;0.09492988133764832
1287.0;0.0161839863713799;0.01904761904761905;0.05215419501133787
1288.5;0.01730418943533698;0.01727990000781189;0.0779153766769866
1290.0;0.01834862385321101;0.016897746967071057;0.017248209660216365
1291.5;0.016988416988416986;0.03608247422680412;0.05265448215839861
1293.0;0.017934291168491913;0.055844907407407406;0.037422037422037424
1294.5;0.017623877982923447;0.017065665405680087;0.06325301204819277
1296.0;0.018612132352941176;0.018902169101372285;0.0876876876876877
1297.5;0.054811620517476164;0.01857095237161513;0.03520671834625324
1299.0;0.017460979111666896;0.015280135823429542;0.03138766519823788
1300.5;0.01812240047534165;0.015280135823429542;0.04409448818897638
1302.0;0.017373380447585393;0.016937514305333027;0.12874028324992012
1303.5;0.01749271137026239;0.017373380447585393;0.07817101874329936
1305.0;0.018354055654233276;0.03241525423728814;0.03878406708595388
1306.5;0.03326226012793177;0.018784610708007875;0.051617709663686666
1308.0;0.08113456464379948;0.01862097440132122;0.019408502772643253
1309.5;0.043284066915705695;0.017977347909354985;0.07629401577833365
1311.0;0.05034473160182429;0.017830478700043915;0.03837047353760445
1312.5;0.041666666666666664;0.0189328743545611;0.04880952380952381
1314.0;0.019142066420664204;0.05586034912718204;0.044598797428986106
1315.5;0.017771545130035694;0.01749271137026239;0.03240740740740741
1317.0;0.038385826771653545;0.01772899957788096;0.015188609731168737
1318.5;0.018683274021352312;0.09046849757673667;0.05785092408736825
1320.0;0.036415289256198344;0.01715933414707495;0.0425033467202142
1321.5;0.017792037334111128;0.015280135823429542;0.019731800766283527
1323.0;0.08139060478152332;0.01730418943533698;0.018620022569724327
1324.5;0.09492273730684328;0.018026004728132386;0.036783854166666664
1326.0;0.019801980198019802;0.0175513698630137;0.015414729630535846
1327.5;0.015225395561747438;0.015001087035292413;0.017679771605305417
1329.0;0.047619047619047616;0.07544427908605446;0.017121863302370723
1330.5;0.017373380447585393;0.07951558343954103;0.019142066420664204
1332.0;0.018848906360245943;0.01549874155517287;0.018323203432248837
1333.5;0.018487434139972954;0.01749271137026239;0.03608247422680412
1335.0;0.018143754361479414;0.019013666072489603;0.035751028806584366
1336.5;0.01822145094387539;0.016863406408094434;0.01862097440132122
1338.0;0.017373380447585393;0.018010291595197254;0.018612132352941176
1339.5;0.08175211949939443;0.015195702225633155;0.017773776536674248
1341.0;0.04208416833667335;0.019675925925925927;0.039603960396039604
1342.5;0.01730418943533698;0.01672239597595953;0.08735632183908047
1344.0;0.01887912456608984;0.0350922131147541;0.01865038996269922
1345.5;0.01850632726208763;0.01619224007193569;0.018010291595197254
1347.0;0.017699115044247787;0.0189328743545611;0.018010291595197254
1348.5;0.017699115044247787;0.01597712748065927;0.01784040701566475
1350.0;0.0363872644574399;0.018010291595197254;0.016807551075732556
1351.5;0.040424121935056324;0.037422037422037424;0.0161839863713799
1353.0;0.05882658359293873;0.016025963289428118;0.08302956662616444
1354.5;0.015267904439895624;0.016530797101449276;0.01583436633020483
1356.0;0.01597712748065927;0.09828256349995479;0.019013666072489603
1357.5;0.015280135823429542;0.018026004728132386;0.04536862003780718
1359.0;0.037422037422037424;0.019408502772643253;0.0544885627967199
1360.5;0.016937514305333027;0.015280135823429542;0.019274809160305342
1362.0;0.017825311942959002;0.017094017094017096;0.017910447761194027
1363.5;0.01773141070098048;0.01967799642218247;0.05362438220757826
1365.0;0.037760416666666664;0.05720906282183316;0.0170487948265726
1366.5;0.01835078161749423;0.05839201877934272;0.016638225255972697
1368.0;0.01617315029312228;0.08436558876033959;0.04536862003780718
1369.5;0.01845342706502636;0.016403046280023436;0.017373380447585393
1371.0;0.019345238095238096;0.01726263871763255;0.018010291595197254
1372.5;0.019598155467720684;0.01834862385321101;0.0363872644574399
1374.0;0.015434504692713043;0.01756386861313869;0.015731292517006803
1375.5;0.018026004728132386;0.050076808681015175;0.016676298192025096
1377.0;0.0189328743545611;0.016335052812576762;0.09645232815964523
1378.5;0.0175513698630137;0.019142066420664204;0.018086080586080584
1380.0;0.016863406408094434;0.016335052812576762;0.015154962909024714
1381.5;0.016403046280023436;0.0189328743545611;0.017094017094017096
1383.0;0.051331719128329296;0.043284066915705695;0.015809071886378992
1384.5;0.017699115044247787;0.019142066420664204;0.017824497257769654
1386.0;0.01862097440132122;0.039457291049985424;0.0161446953143967
1387.5;0.049334789822438864;0.018026004728132386;0.0350922131147541
1389.0;0.016803998461894117;0.017373380447585393;0.01675356994726551
1390.5;0.03798297314996725;0.01950286806883365;0.0363872644574399
1392.0;0.01702553830746119;0.0212516733601071;0.0350922131147541
1393.5;0.016638225255972697;0.06325301204819277;0.018026004728132386
1395.0;0.016448125143777317;0.041445641108074804;0.051059730250481696
1396.5;0.017699115044247787;0.018944170972160067;0.04208416833667335
1398.0;0.018010291595197254;0.01834862385321101;0.018612132352941176
1399.5;0.09207814182433471;0.037422037422037424;0.018836565096952907
1401.0;0.044558456814690485;0.018371212121212118;0.017305765552418254
1402.5;0.049329501915708805;0.020212060967528162;0.018470790378006873
1404.0;0.01865038996269922;0.0395185746777862;0.0470532319391635
1405.5;0.01865038996269922;0.017412414247132846;0.017094017094017096
1407.0;0.05894667254297046;0.019521001722538754;0.017094017094017096
1408.5;0.01929824561403509;0.052904343716772335;0.019408502772643253
1410.0;0.04208416833667335;0.020006613756613757;0.017462905276233176
1411.5;0.015280135823429542;0.018876611418047883;0.017109646505052045
1413.0;0.041250831669993354;0.01810895810084204;0.018371212121212118
1414.5;0.01865038996269922;0.017368069472277887;0.016682035039890953
1416.0;0.0161839863713799;0.05501152073732719;0.016863406408094434
1417.5;0.018470790378006873;0.018323203432248837;0.01772899957788096
1419.0;0.015414729630535846;0.016256134013203114;0.018233089604000163
1420.5;0.015414729630535846;0.03608247422680412;0.03469827586206897
1422.0;0.01749271137026239;0.019801980198019802;0.01574004887210453
1423.5;0.03326226012793177;0.0188212927756654;0.02088974854932302
1425.0;0.017373380447585393;0.018683274021352312;0.018010291595197254
1426.5;0.01749271137026239;0.019098466389565714;0.056686046511627904
1428.0;0.018753527560063075;0.018185821224130337;0.01741229204378933
1429.5;0.018026004728132386;0.0429400036251586;0.017699115044247787
1431.0;0.018197573656845753;0.020429159318048208;0.03315138619052024
1432.5;0.01780160609014529;0.018991486574983625;0.07756813417190776
1434.0;0.019179429534916397;0.019529006318207927;0.015414729630535846
1435.5;0.015731292517006803;0.01756386861313869;0.019961612284069098
1437.0;0.01850632726208763;0.01678424862821045;0.08893709327548807
1438.5;0.0170487948265726;0.02027906069082157;0.018876611418047883
1440.0;0.039603960396039604;0.017524787797076436;0.02034425929316975
1441.5;0.07974060285817221;0.01654091700522345;0.01776920734340271
1443.0;0.015517241379310345;0.021686422413793104;0.017373380447585393
1444.5;0.017202407162777045;0.01608187134502924;0.018143754361479414
1446.0;0.018595825426944972;0.021922556411743586;0.018543046357615892
1447.5;0.020966880341880344;0.01989826635197084;0.01924500859447309
1449.0;0.01752750326309901;0.018741633199464522;0.017699115044247787
1450.5;0.0470532319391635;0.03695150115473441;0.01995528228060369
1452.0;0.017825311942959002;0.018174508267700302;0.07360607768918956
1453.5;0.07676194962733651;0.020052693208430915;0.19323637390567636
1455.0;0.050211416490486264;0.022647647647647647;0.03557483731019522
1456.5;0.038385826771653545;0.02011786222312538;0.020212060967528162
1458.0;0.01612259159428971;0.017834779147764806;0.03660205608071549
1459.5;0.01834862385321101;0.01929760156632403;0.019535475384868335
1461.0;0.07571623465211459;0.08006386861313869;0.04730882581045447
1462.5;0.019179429534916397;0.08528498493958389;0.018957359351356232
1464.0;0.015898024165091146;0.01859099804305284;0.019408502772643253
1465.5;0.0175513698630137;0.017617152611524214;0.03674948240165632
1467.0;0.018470790378006873;0.035618500273672686;0.03370786516853933
1468.5;0.01749271137026239;0.10981912144702843;0.09316780380295889
1470.0;0.017094017094017096;0.03318419090231171;0.01756386861313869
1471.5;0.037422037422037424;0.0170487948265726;0.018097324617982736
1473.0;0.04083665338645418;0.018612132352941176;0.01904761904761905
1474.5;0.018026004728132386;0.040491315844332534;0.03397147147147147
1476.0;0.018792559974975337;0.018832655731576244;0.01661993041491406
1477.5;0.018354055654233276;0.02019230769230769;0.057297109021246954
1479.0;0.05703517587939698;0.036740662966851655;0.04329354733401009
1480.5;0.017824497257769654;0.042820886656946916;0.01733025239957341
1482.0;0.016263612953345514;0.0827051012555758;0.01574902430686015
1483.5;0.01778750122150477;0.019877675840978597;0.01612259159428971
1485.0;0.01749271137026239;0.04240898528272656;0.02041832669322709
1486.5;0.05964546402502607;0.019274809160305342;0.018157673695772675
1488.0;0.018138661064199427;0.0182414188058108;0.0537280701754386
1489.5;0.0189328743545611;0.01810699588477366;0.055733618233618235
1491.0;0.07756813417190776;0.01770797136701647;0.019395134779750165
1492.5;0.019269640210214257;0.018612132352941176;0.03676148796498906
1494.0;0.07644677304120027;0.017961645808949312;0.032311893203883495
1495.5;0.015154962909024714;0.01834862385321101;0.05021367521367521
1497.0;0.017971946230274694;0.018086080586080584;0.018143754361479414
1498.5;0.018876611418047883;0.03706140350877192;0.018543046357615892
1500.0;0.0161839863713799;0.03469827586206897;0.036740662966851655
1501.5;0.0170487948265726;0.03706140350877192;0.03423626787057938
1503.0;0.015095605501509561;0.020966880341880344;0.09237103084341733
1504.5;0.0170487948265726;0.017137603137926366;0.032924107142857144
1506.0;0.01702553830746119;0.017410714285714286;0.017089125102207687
1507.5;0.01771809624494277;0.020006613756613757;0.01929824561403509
1509.0;0.018354055654233276;0.04308640539597628;0.05343381912557396
1510.5;0.01850632726208763;0.019877675840978597;0.034611469290804206
1512.0;0.017094017094017096;0.049024731907397284;0.07826086956521738
1513.5;0.019274809160305342;0.017015706806282723;0.017970718614595007
1515.0;0.01849148418491484;0.03397147147147147;0.03370786516853933
1516.5;0.018125162771760062;0.019395134779750165;0.136279926335175
1518.0;0.018537518489503784;0.01824586612906685;0.06093030013699198
1519.5;0.01874107841782935;0.057432432432432436;0.07482517482517481
1521.0;0.051059730250481696;0.01905516897149065;0.020625415834996677
1522.5;0.016745540589734254;0.01929760156632403;0.04730243161094225
1524.0;0.0189328743545611;0.046488524627177376;0.049554781262098335
1525.5;0.018876611418047883;0.04172622319956021;0.09239605186229669
1527.0;0.04883659205520658;0.038132536909726136;0.03715402149137089
1528.5;0.015095605501509561;0.018747261643293794;0.019527766042341455
1530.0;0.01983411467724486;0.035685033507073714;0.03846660085554459
1531.5;0.015106013411607612;0.01871401151631478;0.03382231594388925
1533.0;0.018354055654233276;0.016198521789923998;0.019274809160305342
1534.5;0.019944341372912802;0.034408602150537634;0.021042084168336674
1536.0;0.06900452488687782;0.020423892100192676;0.05257936507936508
1537.5;0.016937514305333027;0.018876611418047883;0.01661320482782578
1539.0;0.01865038996269922;0.04157043879907621;0.03674948240165632
1540.5;0.08386958386958387;0.01890359168241966;0.01958413926499033
1542.0;0.08450826136298063;0.057109557109557105;0.018685699955876794
1543.5;0.015095605501509561;0.041961744983050005;0.03469827586206897
1545.0;0.0718766971927262;0.03530751708428246;0.01998285259354523
1546.5;0.0175513698630137;0.05483214649033571;0.036325966850828735
1548.0;0.017094017094017096;0.01810699588477366;0.05325568341285434
1549.5;0.01654091700522345;0.01958413926499033;0.019801980198019802
1551.0;0.01784040701566475;0.018823250513939824;0.047543275953517525
1552.5;0.04536862003780718;0.036297416162726776;0.11227887617065554
1554.0;0.0161839863713799;0.017368069472277887;0.021369102682701202
1555.5;0.018470790378006873;0.018467296424989527;0.037191518943343764
1557.0;0.017094017094017096;0.019598155467720684;0.01852425885261881
1558.5;0.03469827586206897;0.03718199608610568;0.019395134779750165
1560.0;0.01918932786044125;0.017302798982188294;0.019263204616067467
1561.5;0.015040234653904788;0.04918972634153799;0.017089125102207687
1563.0;0.0188212927756654;0.03312144529943125;0.017635540636761267
1564.5;0.016089299461123942;0.018363470897796066;0.016410289090540233
1566.0;0.08302956662616444;0.0175513698630137;0.018876611418047883
1567.5;0.03758169934640523;0.01834061135371179;0.019263204616067467
1569.0;0.018086080586080584;0.05301047120418849;0.04308815858111633
1570.5;0.04083665338645418;0.01578551741418191;0.05445359281437126
1572.0;0.018010291595197254;0.018197573656845753;0.021410443328473458
1573.5;0.018010291595197254;0.09533967837216933;0.02132510729613734
1575.0;0.016863406408094434;0.03241525423728814;0.018658229901841485
1576.5;0.048187022900763356;0.017824497257769654;0.021642033457852847
1578.0;0.01678765880217786;0.07406769100237304;0.018086080586080584
1579.5;0.03383297644539615;0.01749271137026239;0.03412017167381975
1581.0;0.018176276971839572;0.038100208768267224;0.020213754646840148
1582.5;0.016281110168747993;0.017368069472277887;0.016084484159220147
1584.0;0.0161839863713799;0.01765330501725511;0.019523326572008115
1585.5;0.03476482617586912;0.051906942558454114;0.019115674337013725
1587.0;0.019139945314441957;0.017368069472277887;0.07021517553793886
1588.5;0.07532424343199201;0.016733886746299408;0.02121731675953708
1590.0;0.018612132352941176;0.018543046357615892;0.020495964940409384
1591.5;0.01814552172099398;0.0188212927756654;0.01672535211267606
1593.0;0.017373380447585393;0.015414729630535846;0.017825311942959002
1594.5;0.01576182136602452;0.018086080586080584;0.03555884217198395
1596.0;0.015095605501509561;0.04374966075014927;0.020410766679423396
1597.5;0.018010291595197254;0.017563955708285603;0.020611702127659573
1599.0;0.0175513698630137;0.017825311942959002;0.03189528023598819
1600.5;0.01597712748065927;0.02019230769230769;0.020734115460564525
1602.0;0.01663225731761437;0.12017167381974246;0.04614566719829879
1603.5;0.01663225731761437;0.01881607358178402;0.021384021384021387
1605.0;0.017045454545454544;0.01834862385321101;0.018683274021352312
1606.5;0.01537736404878336;0.018612132352941176;0.020625415834996677
1608.0;0.018699545475974563;0.03469827586206897;0.019635662988264142
1609.5;0.018438286940629205;0.0483418313598247;0.01863154513331192
1611.0;0.01865038996269922;0.01726263871763255;0.03689567430025445
1612.5;0.01780160609014529;0.018683274021352312;0.027943051423714404
1614.0;0.017814806907942786;0.037422037422037424;0.052599486521181
1615.5;0.015780090522922573;0.044507683551508255;0.024760765550239233
1617.0;0.016638225255972697;0.01890359168241966;0.022049537359210288
1618.5;0.01882395123700251;0.01834061135371179;0.022521587512454335
1620.0;0.01897923971725942;0.017373380447585393;0.03639240506329114
1621.5;0.015109552273918112;0.0189328743545611;0.02247191011235955
1623.0;0.015095605501509561;0.03601165036249089;0.03992249987580107
1624.5;0.0189328743545611;0.04437895526907973;0.023371902518943274
1626.0;0.016863406408094434;0.017083741183166978;0.06087094723458358
1627.5;0.01850632726208763;0.018354055654233276;0.022614477010956084
1629.0;0.017094017094017096;0.01904761904761905;0.022342823491186745
1630.5;0.017754480892796753;0.016988416988416986;0.02031765860622825
1632.0;0.017754480892796753;0.018197573656845753;0.044148936170212774
1633.5;0.016676298192025096;0.03277439024390244;0.019888139496627735
1635.0;0.0161839863713799;0.05738389655778667;0.04704968944099378
1636.5;0.017754480892796753;0.01950286806883365;0.053820598006644516
1638.0;0.07445987654320987;0.03568428371953668;0.034797123780174626
1639.5;0.018010291595197254;0.022647647647647647;0.02067841328576167
1641.0;0.015225395561747438;0.018239334491386316;0.03908629441624366
1642.5;0.01594765689784196;0.018354055654233276;0.02161016949152542
1644.0;0.07166215004815049;0.03871514694800301;0.0226777147841256
1645.5;0.018470790378006873;0.017824497257769654;0.022107885615251302
1647.0;0.017754480892796753;0.019381871048891646;0.03548303548303548
1648.5;0.016676298192025096;0.03674948240165632;0.024582338902147973
1650.0;0.015095605501509561;0.016838000708968452;0.0393727481336116
1651.5;0.016745540589734254;0.018497117972856802;0.05194358445132439
1653.0;0.0161839863713799;0.019626168224299065;0.035616438356164376
1654.5;0.04990403071017274;0.015148575167527809;0.023057891525818646
1656.0;0.017094017094017096;0.0161839863713799;0.02316154309825196
1657.5;0.019013666072489603;0.015280135823429542;0.02036129944432797
1659.0;0.017971946230274694;0.018010291595197254;0.045541575492341356
1660.5;0.08995842257780017;0.017391304347826087;0.04902945113788488
1662.0;0.017373380447585393;0.0370850622406639;0.037092276224705074
1663.5;0.017373380447585393;0.01723920181864107;0.02114561027837259
1665.0;0.018086080586080584;0.017699115044247787;0.019464489175845045
1666.5;0.01874107841782935;0.01871657754010695;0.02114561027837259
1668.0;0.017094017094017096;0.05346127484578478;0.018871672626142234
1669.5;0.015809071886378992;0.019013666072489603;0.044899117826884445
1671.0;0.01836806645203033;0.018354055654233276;0.034571062740076826
1672.5;0.07922182109907742;0.01678765880217786;0.04107408509372212
1674.0;0.04315196998123827;0.08475226660769801;0.021872100562281324
1675.5;0.01865038996269922;0.015280135823429542;0.021191464137522226
1677.0;0.017623877982923447;0.0175513698630137;0.021868250539956804
1678.5;0.01836806645203033;0.01845342706502636;0.0381246780010304
1680.0;0.017443347491498312;0.018323203432248837;0.03324808184143222
1681.5;0.017427438387099873;0.01702553830746119;0.020760464473693077
1683.0;0.0189328743545611;0.01733025239957341;0.024691358024691357
1684.5;0.018010291595197254;0.039603960396039604;0.03876131270169887
1686.0;0.018010291595197254;0.03528138528138528;0.07193839218632607
1687.5;0.017094017094017096;0.019008640291041382;0.021545814113647387
1689.0;0.0161839863713799;0.017578898314289815;0.02118005062745732
1690.5;0.018470790378006873;0.01534429948892995;0.051611796982167356
1692.0;0.016745540589734254;0.049554781262098335;0.035959765900234385
1693.5;0.015769487034319674;0.041666666666666664;0.03257191201353638
1695.0;0.08244680851063829;0.01834862385321101;0.03582242798738029
1696.5;0.016863406408094434;0.017122114923635367;0.035616438356164376
1698.0;0.019139945314441957;0.016335052812576762;0.07024959742351046
1699.5;0.017215791035915702;0.019659185369908565;0.019192913385826772
1701.0;0.018542690508967015;0.015966725757991896;0.10977675134719012
1702.5;0.0161839863713799;0.015225395561747438;0.018046927144837504
1704.0;0.049329501915708805;0.0175513698630137;0.021410443328473458
1705.5;0.015001087035292413;0.04990403071017274;0.022270443124714483
1707.0;0.01660281557997176;0.019327580007191657;0.05754614549402823
1708.5;0.0175513698630137;0.01672535211267606;0.020974514337346196
1710.0;0.017754480892796753;0.06370772946859903;0.025214834916327453
1711.5;0.014945495799148322;0.01812240047534165;0.033602846594610845
1713.0;0.014945495799148322;0.019345238095238096;0.07802709660528842
1714.5;0.014945495799148322;0.017302798982188294;0.019801980198019802
1716.0;0.014945495799148322;0.04014336917562724;0.023185011709601876
1717.5;0.01488644788002137;0.0189328743545611;0.05125699857284007
1719.0;0.015711796950363736;0.08954302181967888;0.019577173909372456
1720.5;0.01741601350785099;0.01814552172099398;0.03234880450070324
1722.0;0.015095605501509561;0.015018823802332298;0.041420816615529855
1723.5;0.015001087035292413;0.017825311942959002;0.10212048346840395
1725.0;0.017094017094017096;0.017215791035915702;0.05397271268057786
1726.5;0.01865038996269922;0.019274809160305342;0.06323858192270841
1728.0;0.016745540589734254;0.018026004728132386;0.022647647647647647
1729.5;0.01842179442537598;0.020484171322160148;0.021686422413793104
1731.0;0.0770733678473717;0.03528138528138528;0.038338658146964855
1732.5;0.018289844042285466;0.018026004728132386;0.019671080097811176
1734.0;0.018289844042285466;0.018937169700528483;0.021540560540190545
1735.5;0.017094017094017096;0.03240740740740741;0.036761363656275976
1737.0;0.015001087035292413;0.018595825426944972;0.05867878099564643
1738.5;0.015743018124095107;0.015136118568480843;0.05128205128205128
1740.0;0.014870091759449306;0.0334685598377282;0.03509265775275627
1741.5;0.015280135823429542;0.018610372994783977;0.04524477650332643
1743.0;0.017094017094017096;0.08203754898879433;0.020949280688858554
1744.5;0.018010291595197254;0.015871286409530037;0.018741633199464522
1746.0;0.01865038996269922;0.0562645011600928;0.0525078369905956
1747.5;0.01865038996269922;0.01904761904761905;0.03756790639364815
1749.0;0.01597712748065927;0.03674948240165632;0.016916255477726787
1750.5;0.016745540589734254;0.04285323587180827;0.050353356890459354
1752.0;0.016863406408094434;0.10036678892964322;0.05241317095173658
1753.5;0.01850632726208763;0.018012117242508598;0.020739435732057082
1755.0;0.015809071886378992;0.035869565217391305;0.0389576883384933
1756.5;0.015769487034319674;0.017854807063440156;0.02126146971289288
1758.0;0.014870091759449306;0.019408502772643253;0.020024461330280005
1759.5;0.0175513698630137;0.03383297644539615;0.038995600386307554
1761.0;0.017373380447585393;0.01797915672819346;0.020192168761739633
1762.5;0.015731292517006803;0.018010291595197254;0.03418935643564356
1764.0;0.049329501915708805;0.03436018957345971;0.037500000000000006
1765.5;0.049329501915708805;0.01852425885261881;0.05158850597969877
1767.0;0.038385826771653545;0.018026004728132386;0.033934707903780066
1768.5;0.015095605501509561;0.0161839863713799;0.05856156589029663
1770.0;0.015414729630535846;0.01730418943533698;0.057386219171116165
1771.5;0.07061592781482934;0.018323203432248837;0.03538251366120218
1773.0;0.01850632726208763;0.017699115044247787;0.023014018691588783
1774.5;0.0161839863713799;0.018197573656845753;0.017513968497836607
1776.0;0.0363872644574399;0.01845157937014199;0.02615017361111111
1777.5;0.01672535211267606;0.01747771530769917;0.037322844102810476
1779.0;0.05043017360577662;0.019013666072489603;0.019524082323668486
1780.5;0.018876611418047883;0.017391304347826087;0.05329636226512771
1782.0;0.01726263871763255;0.017697567180791858;0.04576320083676777
1783.5;0.017094017094017096;0.017623877982923447;0.0353685663879727
1785.0;0.015517241379310345;0.040424121935056324;0.03259702408344838
1786.5;0.015195702225633155;0.017094017094017096;0.019617301817012378
1788.0;0.018470790378006873;0.015001087035292413;0.033547008547008546
1789.5;0.01842179442537598;0.07182211727666273;0.020618556701030927
1791.0;0.01836806645203033;0.04208416833667335;0.03538251366120218
1792.5;0.018683274021352312;0.017623877982923447;0.021746944644140908
1794.0;0.018848906360245943;0.01749271137026239;0.019308943089430895
1795.5;0.015069294547215105;0.040424121935056324;0.0416133266647046
1797.0;0.017603269400950756;0.0161839863713799;0.03443877551020408
1798.5;0.0161839863713799;0.015809071886378992;0.022296960637767812
1800.0;0.01865038996269922;0.0175513698630137;0.04313062285727434
1801.5;0.015095605501509561;0.03718199608610568;0.08666833416708355
1803.0;0.015001087035292413;0.0175513698630137;0.11547022815804117
1804.5;0.015001087035292413;0.015280135823429542;0.019598155467720684
1806.0;0.08954302181967888;0.040013227513227514;0.04172622319956021
1807.5;0.05222437137330754;0.018086080586080584;0.017775770350296094
1809.0;0.0161839863713799;0.018532729644693425;0.023072833599149394
1810.5;0.0161839863713799;0.01733025239957341;0.019577325405458455
1812.0;0.01865038996269922;0.018047156089719053;0.021715066129959746
1813.5;0.018683274021352312;0.03520671834625324;0.09087633323724416
1815.0;0.018803418803418803;0.015963095712199653;0.021311458140974678
1816.5;0.01756386861313869;0.015963095712199653;0.015646127100637435
1818.0;0.01713180436584692;0.017847922818538867;0.13764337851929098
1819.5;0.016735914907761343;0.01749271137026239;0.08293460925039868
1821.0;0.01672535211267606;0.016638225255972697;0.018906092152931018
1822.5;0.04735164668386705;0.016863406408094434;0.020827211284161037
1824.0;0.03879026955950033;0.015871286409530037;0.03814700788916683
1825.5;0.017754480892796753;0.0161839863713799;0.020611702127659573
1827.0;0.014910112661872163;0.0153103221203973;0.03699007480350953
1828.5;0.014910112661872163;0.01608187134502924;0.08024612840652527
1830.0;0.014870091759449306;0.09041394335511982;0.02009132420091324
1831.5;0.016348533050547898;0.015809071886378992;0.019525198770481787
1833.0;0.017373380447585393;0.01830736743700201;0.020429159318048208
1834.5;0.018470790378006873;0.017373380447585393;0.03370465581262496
1836.0;0.018197573656845753;0.08293195010497714;0.01890359168241966
1837.5;0.017699115044247787;0.01672535211267606;0.02147766323024055
1839.0;0.01702553830746119;0.049329501915708805;0.020805428942476636
1840.5;0.01814552172099398;0.017971946230274694;0.06087687734668334
1842.0;0.015225395561747438;0.0170487948265726;0.019895336920816888
1843.5;0.015280135823429542;0.050364491686716695;0.043580992386453146
1845.0;0.017373380447585393;0.017094017094017096;0.02080873671782763
1846.5;0.015280135823429542;0.04990403071017274;0.03512371756185879
1848.0;0.016043635035830027;0.07786711807024968;0.03383297644539615
1849.5;0.018683274021352312;0.01865038996269922;0.021604938271604937
1851.0;0.019139945314441957;0.0161839863713799;0.023014018691588783
1852.5;0.01942319011183049;0.06533036377134371;0.019707493641166113
1854.0;0.015854570888502284;0.0170487948265726;0.032924107142857144
1855.5;0.017094017094017096;0.015001087035292413;0.0607255520504732
1857.0;0.018086080586080584;0.015001087035292413;0.018991486574983625
1858.5;0.016217853406024562;0.016638225255972697;0.04183496826312753
1860.0;0.018876611418047883;0.018010291595197254;0.021384021384021387
1861.5;0.043284066915705695;0.015095605501509561;0.020429159318048208
1863.0;0.01810895810084204;0.035598705501618116;0.018876611418047883
1864.5;0.01834862385321101;0.08174097664543525;0.01866183586785958
1866.0;0.015280135823429542;0.015731292517006803;0.03475490551010064
1867.5;0.01606832657788072;0.015731292517006803;0.03277439024390244
1869.0;0.017094017094017096;0.037422037422037424;0.03450226244343891
1870.5;0.018683274021352312;0.01897923971725942;0.021686422413793104
1872.0;0.017015706806282723;0.017773776536674248;0.01899392037654442
1873.5;0.0170487948265726;0.017634583975364486;0.05493093478959204
1875.0;0.015001087035292413;0.017468783651818188;0.021941907772460523
1876.5;0.015280135823429542;0.01865038996269922;0.0200327194577026
1878.0;0.018354055654233276;0.01865038996269922;0.017924528301886795
1879.5;0.016638225255972697;0.018010291595197254;0.024052132701421803
1881.0;0.018010291595197254;0.01850632726208763;0.01743119266055046
1882.5;0.0161839863713799;0.017754480892796753;0.018610372994783977
1884.0;0.01842179442537598;0.01850632726208763;0.018371212121212118
1885.5;0.015095605501509561;0.018470790378006873;0.020192168761739633
1887.0;0.019675925925925927;0.018470790378006873;0.018095559392015396
1888.5;0.017699115044247787;0.015731292517006803;0.02041832669322709
1890.0;0.017015706806282723;0.014945495799148322;0.03503787878787879
1891.5;0.01672535211267606;0.01488644788002137;0.04428649535265172
1893.0;0.05175175175175176;0.017830478700043915;0.03240740740740741
1894.5;0.018612132352941176;0.017410714285714286;0.03823813656266025
1896.0;0.018052243358660087;0.019961612284069098;0.031198686371100164
1897.5;0.017580992631420062;0.017302798982188294;0.01756386861313869
1899.0;0.043703007518796994;0.01695388914764788;0.01858576106120393
1900.5;0.015280135823429542;0.015835579225178063;0.039469320066334995
1902.0;0.0175513698630137;0.0175513698630137;0.021642033457852847
1903.5;0.01865038996269922;0.07061592781482934;0.01779994985680941
1905.0;0.017094017094017096;0.01597712748065927;0.018876611418047883
1906.5;0.016676298192025096;0.016638225255972697;0.057535046728971966
1908.0;0.015280135823429542;0.018010291595197254;0.019731800766283527
1909.5;0.0488240235195296;0.018010291595197254;0.017824497257769654
1911.0;0.018624934405591875;0.0175513698630137;0.018224866440019426
1912.5;0.017924528301886795;0.01865038996269922;0.12460063897763578
1914.0;0.08458244111349036;0.015871286409530037;0.0554726368159204
1915.5;0.016863406408094434;0.015809071886378992;0.019719771665801765
1917.0;0.0363872644574399;0.014910112661872163;0.015597920277296359
1918.5;0.018010291595197254;0.0188212927756654;0.03277439024390244
1920.0;0.018612132352941176;0.020618556701030927;0.01850263557580631
1921.5;0.019327580007191657;0.017305765552418254;0.01722764738584999
1923.0;0.016664843504300385;0.016335052812576762;0.02075739165654111
1924.5;0.07007575757575758;0.015139193690331638;0.017371794140592728
1926.0;0.018086080586080584;0.015280135823429542;0.019961612284069098
1927.5;0.03297872340425532;0.015731292517006803;0.020061815116605788
1929.0;0.019327580007191657;0.035751028806584366;0.018710829325171256
1930.5;0.019276956137024393;0.0164222112493538;0.037014320311677375
1932.0;0.018354055654233276;0.05280246069719753;0.02285349744821375
1933.5;0.057109557109557105;0.018937169700528483;0.054821783969603764
1935.0;0.019274809160305342;0.0175513698630137;0.01621822987279764
1936.5;0.018391927083333332;0.016335052812576762;0.017825311942959002
1938.0;0.01576182136602452;0.01718287488267995;0.019032396269320767
1939.5;0.0370850622406639;0.017824497257769654;0.03383297644539615
1941.0;0.03831780620032634;0.07533715101572078;0.018502356432187117
1942.5;0.018542690508967015;0.017094017094017096;0.018423991591118117
1944.0;0.0175513698630137;0.015001087035292413;0.03266518188567186
1945.5;0.03528138528138528;0.018683274021352312;0.04047456151262595
1947.0;0.03585049580472921;0.03646288209606987;0.01887267979513104
1948.5;0.018696834582424188;0.042192636423405656;0.0350922131147541
1950.0;0.017373380447585393;0.01767166615651464;0.01837805412422468
1951.5;0.05478980013783597;0.03758169934640523;0.019464489175845045
1953.0;0.017094017094017096;0.016863406408094434;0.020429159318048208
1954.5;0.015871286409530037;0.0170487948265726;0.03486394557823129
1956.0;0.015871286409530037;0.08302956662616444;0.015597920277296359
1957.5;0.016676298192025096;0.0189328743545611;0.01882395123700251
1959.0;0.017465858520325457;0.051617709663686666;0.04195068585374064
1960.5;0.017121863302370723;0.015992751525289242;0.07506850737853839
1962.0;0.01819154628143392;0.0865743921902504;0.01950286806883365
1963.5;0.04565793834935366;0.0175513698630137;0.03450226244343891
1965.0;0.09265350877192982;0.017971946230274694;0.018635072106363587
1966.5;0.019801980198019802;0.06430155210643015;0.01899610840658644
1968.0;0.04399259381878154;0.017924528301886795;0.03266518188567186
1969.5;0.016232287250660168;0.017373380447585393;0.017699115044247787
1971.0;0.047961357066788377;0.01612259159428971;0.0552187093980078
1972.5;0.018354055654233276;0.017094017094017096;0.07594291539245666
1974.0;0.03411405295315682;0.040013227513227514;0.01730418943533698
1975.5;0.019731800766283527;0.015414729630535846;0.017121863302370723
1977.0;0.016735914907761343;0.018532729644693425;0.01726263871763255
1978.5;0.03411405295315682;0.01834061135371179;0.042880601256828875
1980.0;0.04562798092209857;0.05281007751937984;0.03241525423728814
1981.5;0.05230034722222222;0.04455445544554455;0.019812077460753984
1983.0;0.0170487948265726;0.03530751708428246;0.017356740642596888
1984.5;0.01645021645021645;0.018423701999137062;0.018836565096952907
1986.0;0.0363872644574399;0.04875717017208413;0.0745839320436627
1987.5;0.018323203432248837;0.01772899957788096;0.017460979111666896
1989.0;0.04627507163323783;0.05943877551020409;0.018487434139972954
1990.5;0.01810699588477366;0.01889435117336054;0.01927657697397442
1992.0;0.016733260517911214;0.01575722580848908;0.01826079572679467
1993.5;0.07888660179998358;0.01845342706502636;0.01939343350027824
1995.0;0.01726263871763255;0.01597712748065927;0.018026004728132386
1996.5;0.05468119451170299;0.039473684210526314;0.017094017094017096
1998.0;0.017613460510396445;0.015280135823429542;0.018612132352941176
1999.5;0.03718199608610568;0.03758169934640523;0.04020393656396304
2001.0;0.018086080586080584;0.035751028806584366;0.018093752767418748
2002.5;0.06900452488687782;0.01869087161947359;0.04661312849162011
2004.0;0.04892400806993947;0.01834862385321101;0.01691643353802222
2005.5;0.01726263871763255;0.019327580007191657;0.01969053067451237
2007.0;0.05358531653445326;0.020833333333333332;0.018197573656845753
2008.5;0.020423892100192676;0.0186670525488899;0.01904761904761905
2010.0;0.01950286806883365;0.018354055654233276;0.040424121935056324
2011.5;0.03942422689219204;0.018612132352941176;0.018010291595197254
2013.0;0.040610860038158225;0.018876611418047883;0.040013227513227514
2014.5;0.02046783625730994;0.017122114923635367;0.015731292517006803
2016.0;0.018952769902114315;0.03608247422680412;0.016638225255972697
2017.5;0.03443877551020408;0.01535109722361575;0.036783854166666664
2019.0;0.016462080801300592;0.049049604105561195;0.01865038996269922
2020.5;0.018323203432248837;0.01834061135371179;0.037760416666666664
2022.0;0.019138359569179784;0.039603960396039604;0.01944439275812664
2023.5;0.03798297314996725;0.01865038996269922;0.017694909523226363
2025.0;0.02079272254710851;0.03919631093544137;0.01672535211267606
2026.5;0.017998005379110588;0.037422037422037424;0.0189328743545611
2028.0;0.03542094455852156;0.01672535211267606;0.03412017167381975
2029.5;0.01836395435418795;0.01606832657788072;0.016735914907761343
2031.0;0.019139945314441957;0.019142066420664204;0.020792079207920793
2032.5;0.041666666666666664;0.019179429534916397;0.019524316648917288
2034.0;0.018470790378006873;0.018595825426944972;0.018197573656845753
2035.5;0.018147448015122872;0.015428491715361845;0.016988416988416986
2037.0;0.015354517600011507;0.032696390658174104;0.016403046280023436
2038.5;0.01899485757858529;0.019142066420664204;0.03608247422680412
2040.0;0.018010291595197254;0.01882395123700251;0.017215791035915702
2041.5;0.01834862385321101;0.015302583076023234;0.01600386259123877
2043.0;0.018086080586080584;0.017015706806282723;0.03758169934640523
2044.5;0.03263403263403263;0.018848906360245943;0.017373380447585393
2046.0;0.018026004728132386;0.01672693391308206;0.018323203432248837
2047.5;0.03718199608610568;0.037760416666666664;0.038441422594142266
2049.0;0.0161839863713799;0.01654091700522345;0.01756386861313869
2050.5;0.019527766042341455;0.017094017094017096;0.018027686896003935
2052.0;0.017004588798125428;0.019408502772643253;0.018027686896003935
2053.5;0.03988673139158575;0.038441422594142266;0.016321766377538214
2055.0;0.01902784562774792;0.01730418943533698;0.03878406708595388
2056.5;0.020032700093428835;0.01849214973582643;0.0557896665445218
2058.0;0.018423701999137062;0.03879026955950033;0.01594434898280259
2059.5;0.019731800766283527;0.015414729630535846;0.018010291595197254
2061.0;0.01778552746294682;0.01897923971725942;0.0170487948265726
2062.5;0.03503787878787879;0.017699115044247787;0.03676148796498906
2064.0;0.02173852534305675;0.01838106575169806;0.01717650438029585
2065.5;0.016380724519857247;0.0537280701754386;0.017971946230274694
2067.0;0.019274809160305342;0.02019230769230769;0.018937169700528483
2068.5;0.01927732874958856;0.018612132352941176;0.017699115044247787
2070.0;0.018094448112121637;0.016604605213162094;0.039603960396039604
2071.5;0.01879117923894043;0.019142066420664204;0.017287443030017287
2073.0;0.017215791035915702;0.01678424862821045;0.018470790378006873
2074.5;0.043284066915705695;0.043640897755610975;0.017623877982923447
2076.0;0.039603960396039604;0.019731800766283527;0.018026004728132386
2077.5;0.015517241379310345;0.034408602150537634;0.017623877982923447
2079.0;0.01756386861313869;0.019138359569179784;0.035869565217391305
2080.5;0.018354055654233276;0.018683274021352312;0.04590183047685672
2082.0;0.017699115044247787;0.01865038996269922;0.017398727963460963
2083.5;0.017934291168491913;0.01749271137026239;0.01726263871763255
2085.0;0.07672379434037466;0.017373380447585393;0.01904761904761905
2086.5;0.01834862385321101;0.037865108868826346;0.018470790378006873
2088.0;0.018197573656845753;0.018991985423936816;0.018010291595197254
2089.5;0.018547076045235124;0.018086080586080584;0.018683274021352312
2091.0;0.018010456796917998;0.019408502772643253;0.015861825872400422
2092.5;0.017015706806282723;0.017825311942959002;0.017971946230274694
2094.0;0.018741633199464522;0.01845342706502636;0.015434504692713043
2095.5;0.018261164993569157;0.01904761904761905;0.01780160609014529
2097.0;0.0170487948265726;0.05483214649033571;0.04377104377104378
2098.5;0.01612259159428971;0.017705748642223806;0.0161839863713799
2100.0;0.01771809624494277;0.032151143520053035;0.015154962909024714
2101.5;0.016128420893033128;0.018048281994168303;0.015280135823429542
2103.0;0.01733025239957341;0.018328827287222047;0.019375364664178694
2104.5;0.03314777327935223;0.018902169101372285;0.05090404057830993
2106.0;0.01710322537202882;0.019801980198019802;0.01882395123700251
2107.5;0.016638225255972697;0.015476460854612115;0.015731292517006803
2109.0;0.01583436633020483;0.0161839863713799;0.018683274021352312
2110.5;0.016348533050547898;0.01757469244288225;0.05925707547169811
2112.0;0.09657243757941812;0.01730418943533698;0.017083111144968386
2113.5;0.01580252790020322;0.019292604501607715;0.01672535211267606
2115.0;0.016863406408094434;0.020322675372683147;0.018010291595197254
2116.5;0.015095605501509561;0.019395134779750165;0.01942319011183049
2118.0;0.019230769230769232;0.049554781262098335;0.018683274021352312
2119.5;0.015539161827028724;0.03758169934640523;0.018470790378006873
2121.0;0.0153103221203973;0.01733025239957341;0.05020283975659229
2122.5;0.0175513698630137;0.018487434139972954;0.018314772574802095
2124.0;0.018047156089719053;0.018325444682184614;0.019408502772643253
2125.5;0.018848906360245943;0.018612132352941176;0.015639890128370425
2127.0;0.01848360454802751;0.0891869208502475;0.017679771605305417
2128.5;0.0425033467202142;0.07039473684210525;0.020410766679423396
2130.0;0.020212060967528162;0.017622312246805858;0.05304329189884269
2131.5;0.019838862120701392;0.017771545130035694;0.016638225255972697
2133.0;0.017257188001244882;0.05084745762711864;0.06235011990407673
2134.5;0.03383297644539615;0.0170487948265726;0.017792037334111128
2136.0;0.017499542375983893;0.060130331753554506;0.017114956021708434
2137.5;0.016348533050547898;0.03646288209606987;0.01865038996269922
2139.0;0.07453392166209089;0.019961612284069098;0.018371212121212118
2140.5;0.042741429059720365;0.05135440180586908;0.017522464698331193
2142.0;0.017940396769755743;0.03780687397708675;0.05529197080291971
2143.5;0.04219178083514375;0.021686422413793104;0.03312144529943125
2145.0;0.053073066574196526;0.05362144857943176;0.018415920540431393
2146.5;0.01726263871763255;0.04546630448842324;0.04099192988081877
2148.0;0.015154962909024714;0.03398920977467471;0.07007575757575758
2149.5;0.016217853406024562;0.0334685598377282;0.017373380447585393
2151.0;0.018902169101372285;0.037422037422037424;0.05301047120418849
2152.5;0.0189328743545611;0.021330517423442448;0.040831377807576265
2154.0;0.01845342706502636;0.08755236385397966;0.019801980198019802
2155.5;0.04208416833667335;0.043703007518796994;0.020625415834996677
2157.0;0.017368069472277887;0.04208416833667335;0.03400537634408602
2158.5;0.017232945780185874;0.0170487948265726;0.017570604905697253
2160.0;0.01597712748065927;0.07432457821365498;0.019395134779750165
2161.5;0.018612132352941176;0.019327580007191657;0.06754124966188801
2163.0;0.017580992631420062;0.03297872340425532;0.01777653856282045
2164.5;0.0161839863713799;0.04392390687109597;0.06306306306306306
2166.0;0.016863406408094434;0.03608247422680412;0.015337450398314557
2167.5;0.0161839863713799;0.018086080586080584;0.0391281512605042
2169.0;0.017094017094017096;0.01692561443364739;0.01838106575169806
2170.5;0.018470790378006873;0.018242207460398566;0.03798297314996725
2172.0;0.016745540589734254;0.01654091700522345;0.0188212927756654
2173.5;0.06794294294294294;0.015280135823429542;0.02007651363938789
2175.0;0.0189328743545611;0.02112403100775194;0.018957359351356232
2176.5;0.018010291595197254;0.019502200821964445;0.05295138888888887
2178.0;0.016638225255972697;0.054804804804804805;0.04458988237743312
2179.5;0.015871286409530037;0.01804702953828878;0.053562653562653564
2181.0;0.018197573656845753;0.017221367074866066;0.020486967394917954
2182.5;0.015414729630535846;0.03608247422680412;0.03370786516853933
2184.0;0.017215791035915702;0.03831780620032634;0.020006613756613757
2185.5;0.018026004728132386;0.051726155646576934;0.017045454545454544
2187.0;0.01822513964717392;0.05255978173647889;0.020734115460564525
2188.5;0.018026004728132386;0.018120923157925527;0.018594278683482006
2190.0;0.019327580007191657;0.019598155467720684;0.039810690423162584
2191.5;0.0170487948265726;0.10929335437489043;0.06949400409476456
2193.0;0.017373380447585393;0.036306029529839946;0.032696390658174104
2194.5;0.016638225255972697;0.04073002824715415;0.05062861026163779
2196.0;0.0189328743545611;0.018413053839945796;0.020062178179345188
2197.5;0.016838000708968452;0.07016464071395598;0.13601190476190478
2199.0;0.015008842899186362;0.04785894206549119;0.03370786516853933
2200.5;0.017825311942959002;0.01812240047534165;0.0494269340974212
2202.0;0.018052243358660087;0.020061815116605788;0.015604716818417018
2203.5;0.0885799073490668;0.01869002701417807;0.05555555555555555
2205.0;0.0882232252769799;0.04606107367617739;0.05076947485324449
2206.5;0.01606832657788072;0.020833333333333332;0.07115677321156774
2208.0;0.018610244807272875;0.020754957326652796;0.01672535211267606
2209.5;0.016863406408094434;0.020192168761739633;0.036956385171986454
2211.0;0.015225395561747438;0.019192913385826772;0.01776475330218913
2212.5;0.017534382187836362;0.019274809160305342;0.13870220162224797
2214.0;0.018848906360245943;0.032151143520053035;0.020084566596194505
2215.5;0.016664722618075594;0.019492203118752497;0.01991033755274262
2217.0;0.08691206543967281;0.020625415834996677;0.01941684776984373
2218.5;0.018487434139972954;0.05738458708846791;0.019192913385826772
2220.0;0.01601318781639348;0.017432449259120908;0.04443348874200132
2221.5;0.01664106318905668;0.047590481903619274;0.018991486574983625
2223.0;0.042924211938296444;0.04666666666666666;0.020792079207920793
2224.5;0.07242412093483952;0.019865614957639496;0.021505376344086023
2226.0;0.015762630806304054;0.01665905464305248;0.03308153488683413
2227.5;0.017373380447585393;0.019536126938006493;0.021658409332365593
2229.0;0.03608247422680412;0.03913331128018524;0.04155251141552511
2230.5;0.01874107841782935;0.01949374454466104;0.03699924678329878
2232.0;0.017754480892796753;0.018412447367813556;0.03608815426997245
2233.5;0.038385826771653545;0.019408502772643253;0.019314809819260856
2235.0;0.018026004728132386;0.020357941834451904;0.020618556701030927
2236.5;0.018010291595197254;0.019227274081577928;0.01884973658089639
2238.0;0.0189328743545611;0.018197573656845753;0.020625415834996677
2239.5;0.016863406408094434;0.037760416666666664;0.06190716776948401
2241.0;0.016638225255972697;0.055086848635235726;0.01995238481724968
2242.5;0.015095605501509561;0.020429159318048208;0.01865284974093264
2244.0;0.015001087035292413;0.019598155467720684;0.019679300291545188
2245.5;0.01756386861313869;0.015188609731168737;0.05776752429261139
2247.0;0.03919631093544137;0.03542094455852156;0.016838000708968452
2248.5;0.015963095712199653;0.019944341372912802;0.0487012987012987
2250.0;0.01645021645021645;0.089969561831953;0.023179642227261273
2251.5;0.01871479774705581;0.09284897751809985;0.019547197822590623
2253.0;0.01870993387865249;0.019395134779750165;0.017336485421591802
2254.5;0.015414729630535846;0.018091368609635936;0.018871672626142234
2256.0;0.036783854166666664;0.03463203463203463;0.1187050856473549
2257.5;0.0161839863713799;0.039932293587649506;0.01859099804305284
2259.0;0.0161839863713799;0.0189819187169912;0.03215077605321508
2260.5;0.01865038996269922;0.017799352750809058;0.032350078610466425
2262.0;0.04703135423615744;0.03878406708595388;0.043520518358531324
2263.5;0.018610244807272875;0.018163597644995613;0.06799474246282756
2265.0;0.046489563567362426;0.05568519304200254;0.033240934511940066
2266.5;0.06462378640776699;0.018197573656845753;0.019529006318207927
2268.0;0.016403046280023436;0.020006613756613757;0.037856571580911755
2269.5;0.016638225255972697;0.01578551741418191;0.023185011709601876
2271.0;0.04875717017208413;0.01672535211267606;0.018510149690821563
2272.5;0.08560945780676722;0.05336114133720227;0.04988354037267081
2274.0;0.01730418943533698;0.05618208382796091;0.020383204239706482
2275.5;0.018026004728132386;0.03540100250626566;0.02075739165654111
2277.0;0.016937514305333027;0.0358974358974359;0.020024461330280005
2278.5;0.018086080586080584;0.04953231292517008;0.02114561027837259
2280.0;0.01675356994726551;0.046634507602990184;0.03556485355648536
2281.5;0.017045454545454544;0.01756386861313869;0.017924528301886795
2283.0;0.016209169954000083;0.019961612284069098;0.1217570754716981
2284.5;0.015517241379310345;0.01950286806883365;0.019092388356535886
2286.0;0.018683274021352312;0.04563583371682774;0.020598494584174773
2287.5;0.03798297314996725;0.03614267676767677;0.019738440359543283
2289.0;0.051640926640926635;0.0175513698630137;0.020966880341880344
2290.5;0.0175513698630137;0.032135306553911204;0.04233266733266734
2292.0;0.07786711807024968;0.035885989010989015;0.019438728160432555
2293.5;0.018332165356039182;0.058559094854403984;0.03463203463203463
2295.0;0.01597712748065927;0.032151143520053035;0.03847391108537605
2296.5;0.03798297314996725;0.018175953858121312;0.019359294243450363
2298.0;0.01606832657788072;0.052161813615692665;0.019450033534540574
2299.5;0.017934291168491913;0.01904761904761905;0.02380048507856163
2301.0;0.016863406408094434;0.03530751708428246;0.021862591212369886
2302.5;0.015871286409530037;0.01799173352783856;0.019032280332602083
2304.0;0.07753473472714523;0.06636838180462341;0.051691279234550754
2305.5;0.07106563743420853;0.019801980198019802;0.04562118126272912
2307.0;0.07929144968115026;0.05432098765432099;0.052389705882352935
2308.5;0.05048076923076923;0.01788152228049102;0.03645799528640666
2310.0;0.05048076923076923;0.04752931323283083;0.019451131439576313
2311.5;0.05048076923076923;0.01917044266294876;0.03719880963809158
2313.0;0.016745540589734254;0.016335052812576762;0.03168620882188721
2314.5;0.07659179563235237;0.041666666666666664;0.03505654281098546
2316.0;0.018332165356039182;0.01810699588477366;0.11510617760617756
2317.5;0.0470532319391635;0.021384021384021387;0.03212682379349045
2319.0;0.07796881247500999;0.015539161827028724;0.07914673046251994
2320.5;0.0170487948265726;0.11833558863328825;0.045888569574487816
2322.0;0.01612259159428971;0.017810548929218788;0.020821960072459372
2323.5;0.0175513698630137;0.017373380447585393;0.07850707850707848
2325.0;0.0175513698630137;0.018918918918918916;0.033950617283950615
2326.5;0.01850632726208763;0.015446744068652195;0.031175059952038366
2328.0;0.08338930129741895;0.01845342706502636;0.03442928039702233
2329.5;0.015731292517006803;0.017094017094017096;0.039344080498231446
2331.0;0.015731292517006803;0.018010291595197254;0.03342353754030401
2332.5;0.015871286409530037;0.044811320754716985;0.024404761904761905
2334.0;0.015871286409530037;0.01812240047534165;0.0347405524377269
2335.5;0.015871286409530037;0.041666666666666664;0.020652095025360907
2337.0;0.014945495799148322;0.03585049580472921;0.020344456404736276
2338.5;0.015769487034319674;0.09925052754129374;0.03560430439884376
2340.0;0.01660281557997176;0.036165577342047936;0.10709117221418238
2341.5;0.01660281557997176;0.018176276971839572;0.019927004621817915
2343.0;0.01660281557997176;0.01654091700522345;0.020212060967528162
2344.5;0.07663693439238436;0.031578947368421054;0.039599817372095135
2346.0;0.016568094782873223;0.03655913978494623;0.019838309717104784
2347.5;0.0161839863713799;0.018701837169686004;0.025124209575429088
2349.0;0.0161839863713799;0.02018348623853211;0.05003925303263131
2350.5;0.0161839863713799;0.016604605213162094;0.04193465397478776
2352.0;0.01597712748065927;0.03411405295315682;0.03442928039702233
2353.5;0.01597712748065927;0.038385826771653545;0.01764234161988773
2355.0;0.015871286409530037;0.018026004728132386;0.04330193615907901
2356.5;0.014945495799148322;0.016863406408094434;0.022656335185097166
2358.0;0.014945495799148322;0.05529197080291971;0.02373247033441208
2359.5;0.017498443680569787;0.01898890258939581;0.04024475011724922
2361.0;0.01488644788002137;0.019643114117139156;0.019857296715131936
2362.5;0.017094017094017096;0.01613481534600215;0.0443572521114584
2364.0;0.018470790378006873;0.039473684210526314;0.06307601404380134
2365.5;0.01726263871763255;0.018848906360245943;0.020652479025232102
2367.0;0.015907416444202047;0.020135504924126024;0.06071659433003971
2368.5;0.014965094221118901;0.01919813621285223;0.03138766519823788
2370.0;0.018345227946508485;0.020006613756613757;0.024175579322638144
2371.5;0.017451608467677262;0.018525011110562442;0.08940261865793779
2373.0;0.0161839863713799;0.01834862385321101;0.03463203463203463
2374.5;0.015871286409530037;0.01834862385321101;0.020581655480984343
2376.0;0.017094017094017096;0.019848771266540645;0.021505376344086023
2377.5;0.017094017094017096;0.016221148351297364;0.04412869303955934
2379.0;0.015001087035292413;0.01834862385321101;0.035635251236657124
2380.5;0.016676298192025096;0.0153103221203973;0.022270443124714483
2382.0;0.016638225255972697;0.03476482617586912;0.041790674603174614
2383.5;0.016638225255972697;0.019142066420664204;0.021148194794290514
2385.0;0.07905457014342697;0.01950286806883365;0.024518584863412452
2386.5;0.014945495799148322;0.018683274021352312;0.05586766541822721
2388.0;0.018010291595197254;0.016638225255972697;0.022022417134836988
2389.5;0.018010291595197254;0.01992774510934317;0.026507276507276512
2391.0;0.015731292517006803;0.017596390484003282;0.03763381102376346
2392.5;0.0470532319391635;0.0554726368159204;0.022824178580386253
2394.0;0.017094017094017096;0.04990403071017274;0.031400240384615384
2395.5;0.0161839863713799;0.015414729630535846;0.02210884353741497
2397.0;0.016863406408094434;0.01747700394218134;0.02317073170731707
2398.5;0.016863406408094434;0.017639822644395595;0.08413848631239938
2400.0;0.016676298192025096;0.018558172733761598;0.021271689608974374
2401.5;0.015743018124095107;0.01766715427335911;0.023718924403855913
2403.0;0.017094017094017096;0.019408502772643253;0.021641163611905167
2404.5;0.017094017094017096;0.018185821224130337;0.052593240093240096
2406.0;0.018086080586080584;0.01788842784693407;0.035100688458708944
2407.5;0.01608187134502924;0.050256959398460976;0.09033793082212384
2409.0;0.016830578931359627;0.01672535211267606;0.021409301040354756
2410.5;0.01490398320124353;0.015188609731168737;0.031400240384615384
2412.0;0.0189328743545611;0.014975431187270396;0.07814050665970229
2413.5;0.015095605501509561;0.0930657977476705;0.023100405363688202
2415.0;0.016638225255972697;0.05970809376382132;0.04698652303054485
2416.5;0.01850632726208763;0.015990884802765993;0.019679300291545188
2418.0;0.016676298192025096;0.019013666072489603;0.024052132701421803
2419.5;0.014910112661872163;0.059846547314578;0.05822826808228268
2421.0;0.05048076923076923;0.016074090231577416;0.019689119170984457
2422.5;0.043703007518796994;0.03674948240165632;0.03463203463203463
2424.0;0.016745540589734254;0.042800918333879966;0.03601884212500864
2425.5;0.015280135823429542;0.015772161730375982;0.023529411764705882
2427.0;0.01597712748065927;0.018197573656845753;0.021505376344086023
2428.5;0.017754480892796753;0.04485667998011004;0.02247191011235955
2430.0;0.036783854166666664;0.01882395123700251;0.02434666071029707
2431.5;0.1028075970272502;0.01645021645021645;0.038432684509326846
2433.0;0.016830578931359627;0.017824497257769654;0.022815812612964684
2434.5;0.018470790378006873;0.05969267139479905;0.08251433251433248
2436.0;0.0161839863713799;0.08360042735042733;0.018883005031535748
2437.5;0.017754480892796753;0.01730418943533698;0.01939290485379249
2439.0;0.017754480892796753;0.01899906881283138;0.03257761437908497
2440.5;0.015001087035292413;0.04099192988081877;0.021923287699537303
2442.0;0.047619047619047616;0.04819144243493604;0.05272861356932153
2443.5;0.017094017094017096;0.036783854166666664;0.0914438765883791
2445.0;0.01597712748065927;0.03379065040650407;0.022253567098759676
2446.5;0.016863406408094434;0.01834862385321101;0.07733202950933309
2448.0;0.0470532319391635;0.017215791035915702;0.0735483019617305
2449.5;0.017924528301886795;0.015139193690331638;0.03581871345029239
2451.0;0.016371008616320324;0.018470790378006873;0.05561159680191286
2452.5;0.01845342706502636;0.019408502772643253;0.023609136813185425
2454.0;0.017373380447585393;0.0930657977476705;0.0425312811427306
2455.5;0.01749271137026239;0.038100208768267224;0.09256872852233676
2457.0;0.07884779689979252;0.018026004728132386;0.04266365688487585
2458.5;0.016664722618075594;0.015095605501509561;0.05700688516241598
2460.0;0.015095605501509561;0.03528138528138528;0.05059751989019335
2461.5;0.047619047619047616;0.016913979694298784;0.019873626501266062
2463.0;0.015095605501509561;0.018026004728132386;0.03801782905086523
2464.5;0.0161839863713799;0.01771809624494277;0.056383487408351925
2466.0;0.016863406408094434;0.016664722618075594;0.033713054187192115
2467.5;0.019013666072489603;0.07223555163084758;0.06005859375000001
2469.0;0.018610244807272875;0.018266434271447484;0.02015273652948664
2470.5;0.01865038996269922;0.018266434271447484;0.016945980258106716
2472.0;0.01672535211267606;0.036783854166666664;0.0
2473.5;0.03314777327935223;0.08954302181967888;0.05612590028251961
2475.0;0.0170487948265726;0.08755082619603771;0.03992395437262357
2476.5;0.018848906360245943;0.0161839863713799;0.04344936500625122
2478.0;0.03758169934640523;0.015280135823429542;0.051461038961038964
2479.5;0.017373380447585393;0.07894736842105263;0.0181637630111217
2481.0;0.05839201877934272;0.01597712748065927;0.037574722459436376
2482.5;0.01810895810084204;0.018010291595197254;0.020052770448548814
2484.0;0.01600386259123877;0.08024848949025615;0.047590481903619274
2485.5;0.017642107201553132;0.018470790378006873;0.019801980198019802
2487.0;0.017094017094017096;0.05613305613305613;0.03326226012793177
2488.5;0.018848906360245943;0.017934291168491913;0.02300150829562594
2490.0;0.016863406408094434;0.07501996918214783;0.019098751010872494
2491.5;0.01850632726208763;0.017094017094017096;0.018405120221414984
2493.0;0.0718766971927262;0.01850632726208763;0.032924107142857144
2494.5;0.04536862003780718;0.01850632726208763;0.04858241470143944
2496.0;0.04536862003780718;0.017547197908565945;0.11670012776054027
2497.5;0.04536862003780718;0.017547197908565945;0.03609226594301221
2499.0;0.015001087035292413;0.01488644788002137;0.047655847501288
2500.5;0.015001087035292413;0.015724726735506497;0.017857142857142856
2502.0;0.018470790378006873;0.01850632726208763;0.03463203463203463
2503.5;0.01842179442537598;0.016638225255972697;0.021686422413793104
2505.0;0.018323203432248837;0.01865038996269922;0.05778594395957739
2506.5;0.08557951482479784;0.015001087035292413;0.08551092328839235
2508.0;0.017814806907942786;0.0161839863713799;0.09461984852955645
2509.5;0.015280135823429542;0.04425612052730697;0.06536104449773515
2511.0;0.015095605501509561;0.017623877982923447;0.07750896057347671
2512.5;0.017825311942959002;0.01488644788002137;0.1272341492583377
2514.0;0.03469827586206897;0.016582472972657695;0.02080873671782763
2515.5;0.017699115044247787;0.01741601350785099;0.01678765880217786
2517.0;0.016638225255972697;0.015280135823429542;0.016151166473134172
2518.5;0.03758169934640523;0.01597712748065927;0.01946677951756242
2520.0;0.05099700897308076;0.015731292517006803;0.05451505016722408
2521.5;0.07627329599423537;0.044811320754716985;0.03710861553640347
2523.0;0.03314777327935223;0.09799554565701558;0.053188131313131305
2524.5;0.03557483731019522;0.018937169700528483;0.021313607689323347
2526.0;0.017971946230274694;0.018792559974975337;0.04847301136363637
2527.5;0.017368069472277887;0.018792559974975337;0.019082965155706334
2529.0;0.017699115044247787;0.018010291595197254;0.017370892018779345
2530.5;0.01845342706502636;0.0175513698630137;0.03792134831460674
2532.0;0.016357261371818553;0.01865038996269922;0.08660589060308557
2533.5;0.038100208768267224;0.017623877982923447;0.02008580261359173
2535.0;0.0161839863713799;0.017623877982923447;0.018991486574983625
2536.5;0.015871286409530037;0.015809071886378992;0.019617301817012378
2538.0;0.017699115044247787;0.01836806645203033;0.018189889863793524
2539.5;0.05231388329979879;0.08174097664543525;0.019801980198019802
2541.0;0.015842570532438566;0.016863406408094434;0.03300733496332518
2542.5;0.01839739098584907;0.014945495799148322;0.020833333333333332
2544.0;0.016638225255972697;0.045928030303030304;0.038189314550764485
2545.5;0.015001087035292413;0.044811320754716985;0.03189528023598819
2547.0;0.017971946230274694;0.01597712748065927;0.06861520998864926
2548.5;0.038385826771653545;0.016745540589734254;0.018749667497411596
2550.0;0.03879026955950033;0.03919631093544137;0.018026004728132386
2551.5;0.01702553830746119;0.01597712748065927;0.017830478700043915
2553.0;0.018010291595197254;0.0170487948265726;0.021505376344086023
2554.5;0.014945495799148322;0.04703135423615744;0.02009132420091324
2556.0;0.018332165356039182;0.018582093618876354;0.05223585278986942
2557.5;0.017089125102207687;0.0161839863713799;0.03138766519823788
2559.0;0.016640827046063577;0.014945495799148322;0.01846647932557206
2560.5;0.01733025239957341;0.0161839863713799;0.017924528301886795
2562.0;0.018671683262517162;0.0161839863713799;0.019114380899500277
2563.5;0.017971946230274694;0.0189328743545611;0.021880457985639434
2565.0;0.015069294547215105;0.0175513698630137;0.021544079290558165
2566.5;0.045636553123800126;0.09492273730684328;0.019164725817343395
2568.0;0.01843011266982822;0.015001087035292413;0.019844863276035775
2569.5;0.03718199608610568;0.01836806645203033;0.019961612284069098
2571.0;0.017754480892796753;0.01967799642218247;0.03411405295315682
2572.5;0.050912176495545185;0.0425033467202142;0.01770244821092279
2574.0;0.015280135823429542;0.017699115044247787;0.018991486574983625
2575.5;0.017094017094017096;0.017094017094017096;0.018371212121212118
2577.0;0.01834061135371179;0.017623877982923447;0.03503787878787879
2578.5;0.0175513698630137;0.017094017094017096;0.019580419580419582
2580.0;0.017094017094017096;0.019013666072489603;0.03614267676767677
2581.5;0.016745540589734254;0.019013666072489603;0.01815073845432523
2583.0;0.019731800766283527;0.016745540589734254;0.019820467298048212
2584.5;0.017391304347826087;0.0161839863713799;0.032655857501712716
2586.0;0.018242207460398566;0.01597712748065927;0.10079479768786127
2587.5;0.018026004728132386;0.07076132648295189;0.04877555605481915
2589.0;0.01904761904761905;0.041250831669993354;0.018540320864425513
2590.5;0.01749271137026239;0.017094017094017096;0.01827991246448251
2592.0;0.019263204616067467;0.05048076923076923;0.019524988460408715
2593.5;0.018902169101372285;0.0370850622406639;0.01913318835603373
2595.0;0.033861185983827494;0.017462905276233176;0.057535046728971966
2596.5;0.0169486943828729;0.01842800035618964;0.0406625128988858
2598.0;0.017924528301886795;0.07699468813318001;0.0334685598377282
2599.5;0.015346012374896637;0.0185554688027144;0.018816236238296122
2601.0;0.01810699588477366;0.015731292517006803;0.040742157612853866
2602.5;0.017373380447585393;0.015280135823429542;0.017974233584704832
2604.0;0.018612132352941176;0.036415289256198344;0.019738440359543283
2605.5;0.019527766042341455;0.01814552172099398;0.03674791081338519
2607.0;0.01612801998311728;0.018683274021352312;0.03240740740740741
2608.5;0.018086080586080584;0.016835957338750634;0.01982057751611999
2610.0;0.016082834605318546;0.01726263871763255;0.03287716955941255
2611.5;0.018613877589638058;0.017699115044247787;0.01770244821092279
2613.0;0.017596390484003282;0.07620041753653445;0.04651815799326096
2614.5;0.018391927083333332;0.038441422594142266;0.04819023569023568
2616.0;0.035869565217391305;0.018026004728132386;0.018664807115414978
2617.5;0.018371212121212118;0.017287443030017287;0.019142066420664204
2619.0;0.017222129645059158;0.0170487948265726;0.016263612953345514
2620.5;0.03798297314996725;0.047948617585311167;0.06136554269417885
2622.0;0.016530797101449276;0.0161839863713799;0.07074613284804368
2623.5;0.01999107541276216;0.018876611418047883;0.0155634148540742
2625.0;0.01950286806883365;0.05720906282183316;0.01645021645021645
2626.5;0.040424121935056324;0.018013340229591664;0.04964946672425823
2628.0;0.03379065040650407;0.01865038996269922;0.021042084168336674
2629.5;0.01859550135032835;0.01904761904761905;0.019729288517465433
2631.0;0.018876611418047883;0.04562798092209857;0.0352356524527092
2632.5;0.018026004728132386;0.018612132352941176;0.018026004728132386
2634.0;0.017015706806282723;0.01862097440132122;0.05720906282183316
2635.5;0.016897746967071057;0.018026004728132386;0.08148734177215189
2637.0;0.01675356994726551;0.018683274021352312;0.018442686843281333
2638.5;0.018470790378006873;0.01654091700522345;0.016519477970758513
2640.0;0.053598503992722125;0.018753527560063075;0.019098466389565714
2641.5;0.038441422594142266;0.015280135823429542;0.0191693326864772
2643.0;0.018323203432248837;0.018010291595197254;0.03718199608610568
2644.5;0.015106013411607612;0.01865038996269922;0.09340659340659341
2646.0;0.046489563567362426;0.01672535211267606;0.035598705501618116
2647.5;0.046489563567362426;0.016638225255972697;0.034408602150537634
2649.0;0.017460979111666896;0.0161839863713799;0.05327214684756584
2650.5;0.019395134779750165;0.047619047619047616;0.039137905509861834
2652.0;0.018876611418047883;0.0175513698630137;0.03585049580472921
2653.5;0.015414729630535846;0.01672535211267606;0.01639251147362203
2655.0;0.09201388888888888;0.017373380447585393;0.0370850622406639
2656.5;0.019327580007191657;0.018010291595197254;0.017824497257769654
2658.0;0.03240740740740741;0.01834061135371179;0.017563955708285603
2659.5;0.03798297314996725;0.017015706806282723;0.015446744068652195
2661.0;0.017373380447585393;0.10380856083586112;0.09190371991247265
2662.5;0.04308815858111633;0.019082371238858645;0.017215791035915702
2664.0;0.01770896702761893;0.017799021627615652;0.06554878048780488
2665.5;0.038385826771653545;0.017015706806282723;0.019675925925925927
2667.0;0.04857404300747293;0.01784040701566475;0.018323203432248837
2668.5;0.01726263871763255;0.0175513698630137;0.10429766878667808
2670.0;0.05222437137330754;0.01874107841782935;0.018026004728132386
2671.5;0.017824497257769654;0.0175513698630137;0.0161839863713799
2673.0;0.019192913385826772;0.040424121935056324;0.01805416248746239
2674.5;0.017094017094017096;0.017824497257769654;0.018832655731576244
2676.0;0.017623877982923447;0.019139945314441957;0.0826771653543307
2677.5;0.047619047619047616;0.01612259159428971;0.014965094221118901
2679.0;0.015095605501509561;0.01594765689784196;0.017094017094017096
2680.5;0.09190371991247265;0.018538209281526382;0.01672535211267606
2682.0;0.017094017094017096;0.0363872644574399;0.01594765689784196
2683.5;0.017547197908565945;0.015907941325240264;0.018010291595197254
2685.0;0.017373380447585393;0.015225395561747438;0.016638225255972697
2686.5;0.019408502772643253;0.08117979463855007;0.04875717017208413
2688.0;0.017699115044247787;0.01845342706502636;0.0161839863713799
2689.5;0.040013227513227514;0.01672535211267606;0.018836565096952907
2691.0;0.03443877551020408;0.016081348496769426;0.04099192988081877
2692.5;0.016745278089359245;0.017094017094017096;0.018326775729964797
2694.0;0.0712702914801718;0.019345238095238096;0.017460979111666896
2695.5;0.02019230769230769;0.019408502772643253;0.018026004728132386
2697.0;0.01790674218325704;0.03718199608610568;0.041250831669993354
2698.5;0.01686537546569201;0.018010291595197254;0.01672535211267606
2700.0;0.016638225255972697;0.016638225255972697;0.0161839863713799
2701.5;0.017547197908565945;0.016897746967071057;0.01865038996269922
2703.0;0.040424121935056324;0.015280135823429542;0.038385826771653545
2704.5;0.017825311942959002;0.09173947577442415;0.04425612052730697
2706.0;0.01545769357981693;0.01584887731663337;0.03919631093544137
2707.5;0.017368069472277887;0.019139945314441957;0.040424121935056324
2709.0;0.02018348623853211;0.01882395123700251;0.017883272962794156
2710.5;0.04538797029226429;0.018612132352941176;0.014975431187270396
2712.0;0.01726263871763255;0.01537736404878336;0.01597712748065927
2713.5;0.08873239436619718;0.01845342706502636;0.04611450255733378
2715.0;0.01882395123700251;0.017596390484003282;0.018716969225741748
2716.5;0.018666279410617808;0.0188212927756654;0.017094017094017096
2718.0;0.0350922131147541;0.017810548929218788;0.0161839863713799
2719.5;0.016043635035830027;0.018010291595197254;0.017699115044247787
2721.0;0.016988416988416986;0.017356740642596888;0.07786711807024968
2722.5;0.058823529411764705;0.044811320754716985;0.017699115044247787
2724.0;0.015755085912057668;0.016638225255972697;0.016863406408094434
2725.5;0.038100208768267224;0.017121863302370723;0.017094017094017096
2727.0;0.04892153180047844;0.017679771605305417;0.01834862385321101
2728.5;0.03718199608610568;0.043703007518796994;0.015414729630535846
2730.0;0.017440853510686204;0.015731292517006803;0.016785765670711238
2731.5;0.042821336265869356;0.020423892100192676;0.017094017094017096
2733.0;0.016835957338750634;0.018086080586080584;0.01835078161749423
2734.5;0.041961744983050005;0.01757469244288225;0.01672535211267606
2736.0;0.016010680000219303;0.019527766042341455;0.039473684210526314
2737.5;0.017596390484003282;0.016348533050547898;0.01896734857158622
2739.0;0.03674948240165632;0.01733025239957341;0.04875717017208413
2740.5;0.018696455568620863;0.017004588798125428;0.043703007518796994
2742.0;0.017368069472277887;0.017373380447585393;0.039603960396039604
2743.5;0.03718199608610568;0.018026004728132386;0.03219315895372234
2745.0;0.01749271137026239;0.06190191387559808;0.0161446953143967
2746.5;0.0161839863713799;0.038100208768267224;0.016043635035830027
2748.0;0.07922182109907742;0.041250831669993354;0.017094017094017096
2749.5;0.043703007518796994;0.01822145094387539;0.016638225255972697
2751.0;0.08302956662616444;0.01904761904761905;0.05749128919860627
2752.5;0.015280135823429542;0.01654091700522345;0.036415289256198344
2754.0;0.016638225255972697;0.016897746967071057;0.019013666072489603
2755.5;0.015001087035292413;0.04014962593516211;0.043284066915705695
2757.0;0.05925707547169811;0.019801980198019802;0.0176170149769301
2758.5;0.017215791035915702;0.01890359168241966;0.018470790378006873
2760.0;0.07279693486590039;0.018284611141753997;0.08910306845003935
2761.5;0.019521001722538754;0.016699774399849283;0.03138766519823788
2763.0;0.018683274021352312;0.018991486574983625;0.018876611418047883
2764.5;0.01850632726208763;0.020006613756613757;0.018502356432187117
2766.0;0.017015706806282723;0.019139945314441957;0.03318419090231171
2767.5;0.018026004728132386;0.03608247422680412;0.01549874155517287
2769.0;0.020006613756613757;0.01995528228060369;0.017825311942959002
2770.5;0.02019230769230769;0.034866898148148154;0.017825311942959002
2772.0;0.017825311942959002;0.035913856972436736;0.016928888642404022
2773.5;0.01814552172099398;0.017922160061927466;0.01813402236077367
2775.0;0.020656370656370653;0.019731800766283527;0.01577120185154571
2776.5;0.019598155467720684;0.043284066915705695;0.038100208768267224
2778.0;0.049561699258260275;0.0220508658008658;0.04726674102027409
2779.5;0.018876611418047883;0.019731800766283527;0.01862097440132122
2781.0;0.04208416833667335;0.017796927688272762;0.017078710866774205
2782.5;0.08954302181967888;0.04988354037267081;0.019527766042341455
2784.0;0.018086080586080584;0.019369714035034024;0.04927640681267084
2785.5;0.017215791035915702;0.01882395123700251;0.03528138528138528
2787.0;0.017142284446884627;0.01834862385321101;0.018683274021352312
2788.5;0.017637474686341362;0.02000645369474024;0.018143754361479414
2790.0;0.03718199608610568;0.01865438470618187;0.03879026955950033
2791.5;0.037760416666666664;0.02023809523809524;0.018267367838361474
2793.0;0.0153103221203973;0.018558172733761598;0.033445440956651716
2794.5;0.01772899957788096;0.019626168224299065;0.018846829579939307
2796.0;0.017721389044217554;0.018559977888336097;0.03442928039702233
2797.5;0.0175513698630137;0.03418935643564356;0.019850783576412286
2799.0;0.015195702225633155;0.021577380952380952;0.02022916961380676
2800.5;0.01597712748065927;0.019343366704848385;0.020030638237232584
2802.0;0.04425612052730697;0.018009378182648778;0.018876611418047883
2803.5;0.03798297314996725;0.019274809160305342;0.018612132352941176
2805.0;0.017883272962794156;0.03234880450070324;0.017256925767414787
2806.5;0.018467296424989527;0.017879274730319028;0.017079533948003302
2808.0;0.03397147147147147;0.017592029170331515;0.05021367521367521
2809.5;0.01730418943533698;0.021868250539956804;0.017418405332871614
2811.0;0.016043635035830027;0.02177154786758127;0.03557483731019522
2812.5;0.018470790378006873;0.01533084566147088;0.02114561027837259
2814.0;0.0161839863713799;0.05819060166886253;0.04687499999999999
2815.5;0.01654091700522345;0.036165577342047936;0.018402100258984637
2817.0;0.016638225255972697;0.01807884005437245;0.03287716955941255
2818.5;0.035751028806584366;0.03646288209606987;0.020212060967528162
2820.0;0.01932409162854608;0.038274336283185835;0.018876611418047883
2821.5;0.01672535211267606;0.019961612284069098;0.03608247422680412
2823.0;0.05215419501133787;0.050902061855670096;0.01834862385321101
2824.5;0.015302583076023234;0.019274809160305342;0.05150665732305536
2826.0;0.019142066420664204;0.019274809160305342;0.033445440956651716
2827.5;0.018026004728132386;0.056249999999999994;0.09711923936566504
2829.0;0.016403046280023436;0.018086080586080584;0.019731800766283527
2830.5;0.01654091700522345;0.017410714285714286;0.03618739903069467
2832.0;0.04901960784313726;0.018683274021352312;0.019877675840978597
2833.5;0.017883272962794156;0.019179429534916397;0.02080873671782763
2835.0;0.0848576383062035;0.0153103221203973;0.09902200488997555
2836.5;0.015871286409530037;0.018612132352941176;0.19149258250075693
2838.0;0.01865038996269922;0.04666666666666666;0.020429159318048208
2839.5;0.017373380447585393;0.06847253574115876;0.02041832669322709
2841.0;0.017699115044247787;0.040266060999351067;0.01749271137026239
2842.5;0.018354055654233276;0.03520671834625324;0.034912718204488775
2844.0;0.0170487948265726;0.020429159318048208;0.018744356191143136
2845.5;0.016089299461123942;0.03503787878787879;0.054818744473916894
2847.0;0.0175513698630137;0.03398920977467471;0.01732653226459396
2848.5;0.018354055654233276;0.017205725429591198;0.08297872340425531
2850.0;0.018197573656845753;0.018846829579939307;0.035184422855260994
2851.5;0.016917819729987117;0.0196525928743502;0.048464350499597575
2853.0;0.07170099160945842;0.04857910906298003;0.016448125143777317
2854.5;0.016821418488660245;0.09764414135151891;0.018786847740005278
2856.0;0.08602150537634409;0.018804198995892286;0.01678765880217786
2857.5;0.017754480892796753;0.018371212121212118;0.03614457831325302
2859.0;0.018026004728132386;0.018595825426944972;0.03411405295315682
2860.5;0.015280135823429542;0.019839679358717437;0.12916932228595707
2862.0;0.048187022900763356;0.018801855450819815;0.017560073937153423
2863.5;0.016638225255972697;0.020423892100192676;0.018026004728132386
2865.0;0.0175513698630137;0.016913946587537095;0.020581655480984343
2866.5;0.015809071886378992;0.019525390384851838;0.01896082698585419
2868.0;0.01830736743700201;0.01672535211267606;0.08304498269896193
2869.5;0.015731292517006803;0.019341334077588614;0.033934707903780066
2871.0;0.046489563567362426;0.018941584731058416;0.04212733090588106
2872.5;0.0175513698630137;0.03548643415534008;0.016316598014264192
2874.0;0.01672535211267606;0.019276956137024393;0.0188212927756654
2875.5;0.051617709663686666;0.018314772574802095;0.03266518188567186
2877.0;0.07960745048202206;0.019013666072489603;0.017676913501825434
2878.5;0.04508169610372429;0.02000645369474024;0.036165577342047936
2880.0;0.015280135823429542;0.0814638926579225;0.02003052270125906
2881.5;0.07857142857142857;0.018354055654233276;0.019366362880582265
2883.0;0.01695388914764788;0.017830478700043915;0.07120036513007759
2884.5;0.01597712748065927;0.04570768988113162;0.01678765880217786
2886.0;0.01713180436584692;0.018086080586080584;0.03533650274847719
2887.5;0.018010291595197254;0.0350922131147541;0.03423626787057938
2889.0;0.04260299625468165;0.08481797056545312;0.018612132352941176
2890.5;0.07087532272840844;0.01838106575169806;0.018147448015122872
2892.0;0.060275962236746555;0.018197573656845753;0.05721859203550733
2893.5;0.060275962236746555;0.04819144243493604;0.04698749526335733
2895.0;0.015095605501509561;0.019263204616067467;0.02300150829562594
2896.5;0.09340659340659341;0.031435154707044104;0.03454463885150292
2898.0;0.017373380447585393;0.01544029707006141;0.06145584725536992
2899.5;0.03185654008438818;0.01741884402216944;0.020410766679423396
2901.0;0.015195702225633155;0.01606832657788072;0.06057007125890736
2902.5;0.016403046280023436;0.01749271137026239;0.019395134779750165
2904.0;0.018683274021352312;0.05703517587939698;0.01756455921638468
2905.5;0.018197573656845753;0.03876043673731535;0.057535046728971966
2907.0;0.016903583394228514;0.01892231704836133;0.17140718562874252
2908.5;0.018438286940629205;0.07755681818181819;0.015517241379310345
2910.0;0.03646288209606987;0.017810548929218788;0.023529411764705882
2911.5;0.019408502772643253;0.01929824561403509;0.03241525423728814
2913.0;0.020611702127659573;0.08315565031982942;0.01760050076870091
2914.5;0.01691834333550588;0.017094017094017096;0.02046783625730994
2916.0;0.0175912090186416;0.05412371134020618;0.03689567430025445
2917.5;0.0161839863713799;0.017373380447585393;0.03156525791950446
2919.0;0.017623877982923447;0.018141311266709103;0.05484234455331764
2920.5;0.01865038996269922;0.01719207592879376;0.036059806508355316
2922.0;0.01929824561403509;0.020639200083760863;0.020245576318835785
2923.5;0.017697567180791858;0.016403046280023436;0.03639846743295019
2925.0;0.018323203432248837;0.04308815858111633;0.037760416666666664
2926.5;0.015992751525289242;0.03503787878787879;0.0188212927756654
2928.0;0.016863406408094434;0.03683013965573238;0.019114380899500277
2929.5;0.015280135823429542;0.037969094922737305;0.019603155839265852
2931.0;0.046489563567362426;0.01826215022091311;0.03960261295590636
2932.5;0.0470532319391635;0.017233680479412965;0.019598155467720684
2934.0;0.016838000708968452;0.017094017094017096;0.04562798092209857
2935.5;0.0153103221203973;0.019848771266540645;0.03608247422680412
2937.0;0.017094017094017096;0.0365806864208058;0.03287716955941255
2938.5;0.04536862003780718;0.018158532602155712;0.038385826771653545
2940.0;0.07894736842105263;0.018832655731576244;0.040765100838347224
2941.5;0.031027253668763105;0.01718287488267995;0.018790849673202614
2943.0;0.017893106119287374;0.017094017094017096;0.04653034662282504
2944.5;0.015931023572219587;0.019679300291545188;0.019062767313954815
2946.0;0.017623877982923447;0.04519209867237646;0.03555126968820316
2947.5;0.020006613756613757;0.019877181641887523;0.020999704229517892
2949.0;0.050364491686716695;0.019598155467720684;0.05039739884393064
2950.5;0.017094017094017096;0.040424121935056324;0.04193465397478776
2952.0;0.01678765880217786;0.01950286806883365;0.01911504816669687
2953.5;0.01608187134502924;0.01806183416052856;0.022824178580386253
2955.0;0.018354055654233276;0.01622256911824838;0.023610672837558286
2956.5;0.018470790378006873;0.019142066420664204;0.020581655480984343
2958.0;0.015280135823429542;0.018832655731576244;0.0358827348793904
2959.5;0.0175513698630137;0.018487434139972954;0.021677872697116154
2961.0;0.0175513698630137;0.015611590921540344;0.05194358445132439
2962.5;0.038385826771653545;0.017762891587251473;0.037711896049585546
2964.0;0.015871286409530037;0.015517241379310345;0.019453483231838
2965.5;0.04875717017208413;0.05484227446252762;0.021399961853900435
2967.0;0.017754480892796753;0.05099700897308076;0.02066683849086963
2968.5;0.09431195000637675;0.01942319011183049;0.020598232494901426
2970.0;0.014986153377295074;0.015663069961712496;0.01920300317643662
2971.5;0.017754480892796753;0.05215419501133787;0.021194100856327308
2973.0;0.01842179442537598;0.06363807373965387;0.021675913525923095
2974.5;0.01660281557997176;0.03314777327935223;0.021402364451691806
2976.0;0.018010291595197254;0.018143754361479414;0.034893501295518124
2977.5;0.07061592781482934;0.018086080586080584;0.1321022727272727
2979.0;0.01850632726208763;0.019462337885424716;0.03596084310181639
2980.5;0.01850632726208763;0.019192913385826772;0.021052026864705087
2982.0;0.015809071886378992;0.03528138528138528;0.021191464137522226
2983.5;0.01836806645203033;0.05545986910093007;0.04014962593516211
2985.0;0.016582472972657695;0.019016635363563187;0.019589314919135018
2986.5;0.016568094782873223;0.033547008547008546;0.033711522365851385
2988.0;0.017094017094017096;0.049164677804295946;0.020444621780271552
2989.5;0.01850632726208763;0.017824497257769654;0.020618556701030927
2991.0;0.01672535211267606;0.017830478700043915;0.029936974789915968
2992.5;0.017094017094017096;0.016727979167527798;0.022122793934874475
2994.0;0.017754480892796753;0.018876611418047883;0.02488135280836751
2995.5;0.016863406408094434;0.020618556701030927;0.023702830188679247
2997.0;0.01850632726208763;0.016866572349254944;0.044329073482428115
2998.5;0.0175513698630137;0.01834862385321101;0.07019230769230769
3000.0;0.0161839863713799;0.01967799642218247;0.054226475279106866
3001.5;0.018026004728132386;0.03801916932907348;0.031033527292878914
3003.0;0.0170487948265726;0.017015706806282723;0.06574675324675323
3004.5;0.01749271137026239;0.01862097440132122;0.023249659537355468
3006.0;0.01594765689784196;0.018147448015122872;0.06396822699298448
3007.5;0.017534382187836362;0.03718199608610568;0.0356286399451867
3009.0;0.0170487948265726;0.017699115044247787;0.020240539747726608
3010.5;0.0782563025210084;0.019805455274769356;0.020644405437069527
3012.0;0.017754480892796753;0.01992591801918716;0.11378313569621913
3013.5;0.017547197908565945;0.01904761904761905;0.020634552068634984
3015.0;0.0161839863713799;0.015446744068652195;0.03277664206113004
3016.5;0.040424121935056324;0.017215791035915702;0.022843822843822848
3018.0;0.018197573656845753;0.01834776063229206;0.037290502793296085
3019.5;0.01783664661861255;0.01942319011183049;0.08137175324675323
3021.0;0.01783664661861255;0.017824497257769654;0.060644917970959826
3022.5;0.015831002263857863;0.08436558876033959;0.04625376848835562
3024.0;0.01747771530769917;0.018876611418047883;0.01970225071193746
3025.5;0.08024848949025615;0.032696390658174104;0.03463203463203463
3027.0;0.0175513698630137;0.017747389514222646;0.0468384074941452
3028.5;0.0175513698630137;0.018323203432248837;0.039713541666666664
3030.0;0.01865038996269922;0.017373380447585393;0.033934707903780066
3031.5;0.0161839863713799;0.01904761904761905;0.03446340843638828
3033.0;0.017094017094017096;0.01858759764068229;0.03637996056291565
3034.5;0.016863406408094434;0.03718199608610568;0.03266518188567186
3036.0;0.017754480892796753;0.03164091243561443;0.02024267534773602
3037.5;0.03879026955950033;0.04016913319238901;0.03450226244343891
3039.0;0.01597712748065927;0.0188212927756654;0.026327241079199305
3040.5;0.04990403071017274;0.05292479108635098;0.04467257402204453
3042.0;0.017754480892796753;0.017305765552418254;0.020847168626043255
3043.5;0.01850632726208763;0.0482897384305835;0.024052132701421803
3045.0;0.01850632726208763;0.0851134680921915;0.07750896057347671
3046.5;0.01749271137026239;0.018010291595197254;0.020611702127659573
3048.0;0.017934291168491913;0.0425033467202142;0.04623711887539592
3049.5;0.07004383600178157;0.0470532319391635;0.03952151747178156
3051.0;0.07004383600178157;0.07425742574257424;0.019845885431811573
3052.5;0.07004383600178157;0.0161839863713799;0.036059806508355316
3054.0;0.015854570888502284;0.015280135823429542;0.03786215978928885
3055.5;0.018470790378006873;0.01672535211267606;0.01980761838558726
3057.0;0.01597712748065927;0.017971946230274694;0.03673629135253162
3058.5;0.01842179442537598;0.016052757544824884;0.03884542756946319
3060.0;0.018332165356039182;0.0175513698630137;0.02103686068467285
3061.5;0.015711796950363736;0.01879117923894043;0.02104279074736898
3063.0;0.018937169700528483;0.015163102542134104;0.05194358445132439
3064.5;0.018848906360245943;0.01597712748065927;0.01836395435418795
3066.0;0.01865038996269922;0.019274809160305342;0.020383204239706482
3067.5;0.01850632726208763;0.017824497257769654;0.038130140678526096
3069.0;0.014910112661872163;0.016937514305333027;0.035913856972436736
3070.5;0.014910112661872163;0.017094017094017096;0.020052693208430915
3072.0;0.014870091759449306;0.017373380447585393;0.03866078444770918
3073.5;0.016638225255972697;0.01784040701566475;0.036957055185315044
3075.0;0.015001087035292413;0.0161839863713799;0.06927480916030532
3076.5;0.016863406408094434;0.04691200982542328;0.04300942456650037
3078.0;0.017498443680569787;0.015731292517006803;0.020006613756613757
3079.5;0.017498443680569787;0.01756386861313869;0.036665513663092356
3081.0;0.015743018124095107;0.01783664661861255;0.0497485632183908
3082.5;0.015743018124095107;0.018163597644995613;0.020052693208430915
3084.0;0.0161839863713799;0.018354055654233276;0.02188552188552189
3085.5;0.017754480892796753;0.03902153124807206;0.034670398009950254
3087.0;0.047619047619047616;0.018595825426944972;0.019635752666867443
3088.5;0.015001087035292413;0.016257905732192428;0.033861185983827494
3090.0;0.0161839863713799;0.01834862385321101;0.020435301602292927
3091.5;0.017754480892796753;0.017824497257769654;0.02387706855791962
3093.0;0.0189328743545611;0.03443877551020408;0.041195291171816584
3094.5;0.08560945780676722;0.04099192988081877;0.01866183586785958
3096.0;0.08560945780676722;0.017799021627615652;0.05333662967439476
3097.5;0.017498443680569787;0.016863406408094434;0.0234514528994292
3099.0;0.018010291595197254;0.018470790378006873;0.031775650882429646
3100.5;0.015871286409530037;0.0170487948265726;0.06704119850187265
3102.0;0.017754480892796753;0.0161839863713799;0.04655408489274304
3103.5;0.015001087035292413;0.01780160609014529;0.03510298810559907
3105.0;0.017094017094017096;0.018944170972160067;0.03884542756946319
3106.5;0.044811320754716985;0.017758040360418174;0.02114561027837259
3108.0;0.017015706806282723;0.01672535211267606;0.09257096133629249
3109.5;0.017015706806282723;0.018876611418047883;0.03871914631377509
3111.0;0.04854845037269518;0.04247496294597892;0.02219794227442411
3112.5;0.08502506130491376;0.06982554389635916;0.03300733496332518
3114.0;0.017094017094017096;0.0175513698630137;0.0204343691316962
3115.5;0.017094017094017096;0.08386752136752137;0.02129485179407176
3117.0;0.01597712748065927;0.0170487948265726;0.03460345230398096
3118.5;0.08508990794115118;0.018848906360245943;0.02103686068467285
3120.0;0.014945495799148322;0.016217853406024562;0.05664488017429195
3121.5;0.07964135021097048;0.0185181325793626;0.04297929792979298
3123.0;0.015001087035292413;0.037422037422037424;0.018698255068558642
3124.5;0.018026004728132386;0.016043635035830027;0.03639846743295019
3126.0;0.015871286409530037;0.01597712748065927;0.021141813376860597
3127.5;0.051640926640926635;0.016403046280023436;0.032542579075425786
3129.0;0.08458244111349036;0.0170487948265726;0.025214834916327453
3130.5;0.015871286409530037;0.016863406408094434;0.02087896904824566
3132.0;0.016863406408094434;0.0175513698630137;0.05149409312022238
3133.5;0.051059730250481696;0.0189328743545611;0.03300733496332518
3135.0;0.07551140668406431;0.01865038996269922;0.059523809523809534
3136.5;0.01663225731761437;0.017623877982923447;0.0607255520504732
3138.0;0.01663225731761437;0.017754480892796753;0.05016025641025641
3139.5;0.07446218085988703;0.01726263871763255;0.01831854994215195
3141.0;0.07446218085988703;0.016917819729987117;0.019258648222137492
3142.5;0.04099192988081877;0.015517241379310345;0.01982772353838101
3144.0;0.015024970979036621;0.018803418803418803;0.02259803872666873
3145.5;0.015780090522922573;0.018803418803418803;0.02019273872472211
3147.0;0.07457485272109504;0.06810464241896545;0.04555622732769045
3148.5;0.07104154088535147;0.018399425774035628;0.0590482008319516
3150.0;0.015517241379310345;0.0189328743545611;0.022162324049116503
3151.5;0.018803418803418803;0.046489563567362426;0.03859601936525013
3153.0;0.016716209127469836;0.046489563567362426;0.020365256987840915
3154.5;0.0470532319391635;0.01597712748065927;0.05194805194805195
3156.0;0.07922182109907742;0.015769487034319674;0.04817613718936202
3157.5;0.014945495799148322;0.016638225255972697;0.058233504468530144
3159.0;0.01929824561403509;0.017373380447585393;0.02114561027837259
3160.5;0.01749271137026239;0.017094017094017096;0.02114561027837259
3162.0;0.018610244807272875;0.016638225255972697;0.021868250539956804
3163.5;0.06660972032202177;0.015871286409530037;0.03479532163742691
3165.0;0.017754480892796753;0.0470532319391635;0.023421816528520965
3166.5;0.01834862385321101;0.015001087035292413;0.0166651630160468
3168.0;0.016937514305333027;0.01663225731761437;0.017205135668316034
3169.5;0.015831002263857863;0.015743018124095107;0.01929282065071256
3171.0;0.01845342706502636;0.048187022900763356;0.05306952662721893
3172.5;0.015597920277296359;0.01749271137026239;0.017963758328148
3174.0;0.016335052812576762;0.016979552792060267;0.03537252221462748
3175.5;0.018716969225741748;0.016638225255972697;0.019455321202549003
3177.0;0.017094017094017096;0.016638225255972697;0.050214091086025675
3178.5;0.0161839863713799;0.05339805825242719;0.04348661950169178
3180.0;0.016745540589734254;0.05339805825242719;0.022843822843822848
3181.5;0.015446744068652195;0.05339805825242719;0.04033236293061621
3183.0;0.016638225255972697;0.01597712748065927;0.037407876125958466
3184.5;0.016335052812576762;0.046489563567362426;0.019859015124749742
3186.0;0.017679771605305417;0.01879117923894043;0.020598494584174773
3187.5;0.016638225255972697;0.01694768198513463;0.05720111611933892
3189.0;0.016863406408094434;0.01757773554106423;0.07596801346801348
3190.5;0.017498443680569787;0.01838985191190526;0.03380704409614447
3192.0;0.01597712748065927;0.017452656030618217;0.02075739165654111
3193.5;0.018595825426944972;0.017754480892796753;0.022975929978118162
3195.0;0.018470790378006873;0.046489563567362426;0.035293677807795215
3196.5;0.015731292517006803;0.048187022900763356;0.03423180592991914
3198.0;0.018937169700528483;0.01850632726208763;0.0379249559304961
3199.5;0.016052757544824884;0.01850632726208763;0.0525078369905956
3201.0;0.09492273730684328;0.01606832657788072;0.024659646946075524
3202.5;0.01950286806883365;0.015069294547215105;0.01834776063229206
3204.0;0.06041588375297507;0.017699115044247787;0.038610871440897324
3205.5;0.018652690311596134;0.01612259159428971;0.021248321370471435
3207.0;0.015095605501509561;0.01672693391308206;0.0537614524670085
3208.5;0.018010456796917998;0.019013666072489603;0.018039487342321883
3210.0;0.01874976438826494;0.015095605501509561;0.03397147147147147
3211.5;0.015001087035292413;0.016745540589734254;0.020171743357096563
3213.0;0.015769487034319674;0.015731292517006803;0.01995238481724968
3214.5;0.0161839863713799;0.01865038996269922;0.043686473807662225
3216.0;0.017094017094017096;0.014945495799148322;0.038423652154610285
3217.5;0.0188212927756654;0.0161839863713799;0.019685344632202253
3219.0;0.019142066420664204;0.015731292517006803;0.01834862385321101
3220.5;0.015154962909024714;0.0175513698630137;0.03266518188567186
3222.0;0.03879026955950033;0.0161839863713799;0.019617224880382776
3223.5;0.04857404300747293;0.018470790378006873;0.019192913385826772
3225.0;0.0175513698630137;0.017094017094017096;0.051597582037996546
3226.5;0.017547197908565945;0.018683274021352312;0.01991033755274262
3228.0;0.017699115044247787;0.01865038996269922;0.09864488747276552
3229.5;0.017373380447585393;0.08333173436690525;0.03879026955950033
3231.0;0.017971946230274694;0.01597712748065927;0.020245657922166267
3232.5;0.018792559974975337;0.01597712748065927;0.02080873671782763
3234.0;0.018470790378006873;0.017094017094017096;0.019589314919135018
3235.5;0.017971946230274694;0.019013666072489603;0.017275274651959258
3237.0;0.021673387096774195;0.01749271137026239;0.020625415834996677
3238.5;0.047948617585311167;0.017094017094017096;0.016637824798762423
3240.0;0.017462905276233176;0.01597712748065927;0.042398319075491527
3241.5;0.016873111933413492;0.01663225731761437;0.017555598037341493
3243.0;0.015001087035292413;0.017465858520325457;0.018185821224130337
3244.5;0.0175513698630137;0.017094017094017096;0.018871672626142234
3246.0;0.01850632726208763;0.017825311942959002;0.0188212927756654
3247.5;0.038441422594142266;0.01773141070098048;0.02003052270125906
3249.0;0.018323203432248837;0.018412909295538002;0.05121664050235479
3250.5;0.04425612052730697;0.016580178593769042;0.019679300291545188
3252.0;0.018314772574802095;0.0175513698630137;0.01950286806883365
3253.5;0.017045454545454544;0.015871286409530037;0.020052693208430915
3255.0;0.0153103221203973;0.017699115044247787;0.030963302752293576
3256.5;0.041250831669993354;0.017094017094017096;0.02028025146672264
3258.0;0.04208416833667335;0.017094017094017096;0.020170703238984535
3259.5;0.01672535211267606;0.01850632726208763;0.020618556701030927
3261.0;0.03674948240165632;0.01836806645203033;0.04784604519774011
3262.5;0.01929760156632403;0.01672535211267606;0.03318419090231171
3264.0;0.01927732874958856;0.0189328743545611;0.04793735676088616
3265.5;0.018012117242508598;0.017699115044247787;0.03540100250626566
3267.0;0.018699545475974563;0.017699115044247787;0.01684940718974314
3268.5;0.019408502772643253;0.01594765689784196;0.01939343350027824
3270.0;0.017391304347826087;0.01834862385321101;0.03926392067124332
3271.5;0.019138359569179784;0.01834862385321101;0.031135531135531136
3273.0;0.018026004728132386;0.018197573656845753;0.03813587134886774
3274.5;0.019179429534916397;0.018082813426555547;0.08712574850299402
3276.0;0.018026004728132386;0.019082371238858645;0.019263204616067467
3277.5;0.018086080586080584;0.016903583394228514;0.017910447761194027
3279.0;0.060471204188481675;0.03879026955950033;0.03650793650793652
3280.5;0.01726263871763255;0.07672379434037466;0.03318419090231171
3282.0;0.018683274021352312;0.017373380447585393;0.049663299663299666
3283.5;0.01597712748065927;0.03798297314996725;0.018026004728132386
3285.0;0.016089299461123942;0.01845342706502636;0.01910331384015595
3286.5;0.017857142857142856;0.016897746967071057;0.022674418604651164
3288.0;0.01767916164903021;0.01834061135371179;0.05194358445132439
3289.5;0.01645021645021645;0.015168071117696084;0.019523326572008115
3291.0;0.016812053925455987;0.08967391304347826;0.018497069002048165
3292.5;0.01597712748065927;0.015095605501509561;0.03612385321100917
3294.0;0.015280135823429542;0.018010291595197254;0.015597920277296359
3295.5;0.015731292517006803;0.016863406408094434;0.01810699588477366
3297.0;0.01702553830746119;0.0175513698630137;0.019598155467720684
3298.5;0.018371212121212118;0.08315565031982942;0.05194358445132439
3300.0;0.019345238095238096;0.018937169700528483;0.019359294243450363
3301.5;0.05358531653445326;0.08221574344023323;0.03503787878787879
3303.0;0.017699115044247787;0.017267454473693152;0.01966000249386924
3304.5;0.09867330016583749;0.015120568319332808;0.016897746967071057
3306.0;0.018010291595197254;0.07433225485093567;0.02248005801305294
3307.5;0.017699115044247787;0.0470532319391635;0.01885925365754341
3309.0;0.016335052812576762;0.040424121935056324;0.016382772074555876
3310.5;0.016293098349991132;0.01597712748065927;0.021191464137522226
3312.0;0.018082813426555547;0.014910112661872163;0.01972858686743405
3313.5;0.03878406708595388;0.018026004728132386;0.017924528301886795
3315.0;0.01756386861313869;0.016897746967071057;0.03741983986087461
3316.5;0.015109552273918112;0.035869565217391305;0.018532478954642544
3318.0;0.017094017094017096;0.01605832636760472;0.01678765880217786
3319.5;0.019142066420664204;0.01871657754010695;0.018141311266709103
3321.0;0.044444948784288806;0.017099177746749353;0.019142066420664204
3322.5;0.05630026809651474;0.017934291168491913;0.03758169934640523
3324.0;0.05435050529948237;0.09081491712707182;0.015414729630535846
3325.5;0.019944341372912802;0.019082371238858645;0.034110097939885176
3327.0;0.038721384701284195;0.01845400161997053;0.016387125188094105
3328.5;0.03557483731019522;0.018958563905059844;0.017260787992495308
3330.0;0.018836565096952907;0.03919631093544137;0.017747440273037544
3331.5;0.03718199608610568;0.016357261371818553;0.016285076905013504
3333.0;0.04988354037267081;0.019139945314441957;0.018531478799368978
3334.5;0.020099838011173925;0.019274809160305342;0.02177154786758127
3336.0;0.01632886321795957;0.017373380447585393;0.01845342706502636
3337.5;0.01624031186464357;0.0175513698630137;0.03266518188567186
3339.0;0.01597712748065927;0.01756386861313869;0.019218522933233187
3340.5;0.07401812688821752;0.018086080586080584;0.01862097440132122
3342.0;0.03443877551020408;0.017015706806282723;0.0182414188058108
3343.5;0.051617709663686666;0.017121863302370723;0.0175513698630137
3345.0;0.017373380447585393;0.08586411912319292;0.017094017094017096
3346.5;0.015414729630535846;0.01834061135371179;0.03798297314996725
3348.0;0.03185654008438818;0.05346127484578478;0.019527766042341455
3349.5;0.01730418943533698;0.058891454965357956;0.018470790378006873
3351.0;0.018354055654233276;0.016198521789923998;0.01834862385321101
3352.5;0.018876611418047883;0.016638225255972697;0.017373380447585393
3354.0;0.05060240963855422;0.0170487948265726;0.016335052812576762
3355.5;0.09173947577442415;0.01712538226299694;0.018699545475974563
3357.0;0.03219315895372234;0.019939577039274924;0.018487434139972954
3358.5;0.016371008616320324;0.018147448015122872;0.017941008334886186
3360.0;0.01597712748065927;0.09081491712707182;0.022234273318872018
3361.5;0.017754480892796753;0.019408502772643253;0.019944341372912802
3363.0;0.017699115044247787;0.019859629496450783;0.016937514305333027
3364.5;0.019944341372912802;0.016301111141104774;0.04206865092941042
3366.0;0.019082371238858645;0.020429159318048208;0.021042084168336674
3367.5;0.017094017094017096;0.017699115044247787;0.019173609203820684
3369.0;0.017094017094017096;0.018876611418047883;0.01912183445454964
3370.5;0.016835957338750634;0.018595825426944972;0.018475996060392106
3372.0;0.018086080586080584;0.03750693750693752;0.016875140903852375
3373.5;0.01675203627508607;0.017173344791778566;0.046489563567362426
3375.0;0.017100908800752573;0.0189328743545611;0.018010291595197254
3376.5;0.0161839863713799;0.018197573656845753;0.0175513698630137
3378.0;0.01747700394218134;0.04083665338645418;0.019263204616067467
3379.5;0.017398025924604592;0.05072463768115942;0.017854807063440156
3381.0;0.03919631093544137;0.019645656294908217;0.01726263871763255
3382.5;0.05749128919860627;0.016618777846473504;0.015731292517006803
3384.0;0.019675925925925927;0.0175513698630137;0.018026004728132386
3385.5;0.01733025239957341;0.018185821224130337;0.017971946230274694
3387.0;0.020006613756613757;0.019961612284069098;0.017824497257769654
3388.5;0.018086080586080584;0.018371212121212118;0.015033359741139864
3390.0;0.03581871345029239;0.018371212121212118;0.017460979111666896
3391.5;0.05405268490374873;0.033547008547008546;0.017462905276233176
3393.0;0.01733025239957341;0.0177109440267335;0.017094017094017096
3394.5;0.018026004728132386;0.040266060999351067;0.015095605501509561
3396.0;0.018467806572268233;0.017596390484003282;0.021462105969148222
3397.5;0.036652653704676824;0.017089125102207687;0.019552253640113305
3399.0;0.018463975341410165;0.019142066420664204;0.017178962094869275
3400.5;0.01904761904761905;0.018431001890359167;0.04260299625468165
3402.0;0.017915564697815654;0.017824497257769654;0.015731292517006803
3403.5;0.03442928039702233;0.03498920086393088;0.05669428696031399
3405.0;0.04389303896845411;0.015597920277296359;0.01967799642218247
3406.5;0.020639200083760863;0.019961612284069098;0.01834061135371179
3408.0;0.016775599128540302;0.019139945314441957;0.0350922131147541
3409.5;0.016727979167527798;0.017754480892796753;0.018047156089719053
3411.0;0.02000645369474024;0.01942319011183049;0.0189328743545611
3412.5;0.01719832405153228;0.017368069472277887;0.01672535211267606
3414.0;0.018086080586080584;0.016614200769499828;0.019192913385826772
3415.5;0.017699115044247787;0.018543046357615892;0.018610244807272875
3417.0;0.0363872644574399;0.0188212927756654;0.017754480892796753
3418.5;0.017094017094017096;0.01878720371767693;0.016128420893033128
3420.0;0.015095605501509561;0.01756386861313869;0.09069767441860466
3421.5;0.03297872340425532;0.019082371238858645;0.018026004728132386
3423.0;0.01589055866298268;0.04416198546447048;0.018371212121212118
3424.5;0.018039787564579027;0.017910447761194027;0.019345238095238096
3426.0;0.018612132352941176;0.0356286399451867;0.01589496047739557
3427.5;0.016335052812576762;0.01906404099655139;0.01597712748065927
3429.0;0.04719101123595506;0.01834061135371179;0.0161839863713799
3430.5;0.01862097440132122;0.020212060967528162;0.016745540589734254
3432.0;0.019013666072489603;0.019214401225636224;0.0161839863713799
3433.5;0.018558172733761598;0.01723190238003628;0.016863406408094434
3435.0;0.018178527663545694;0.020212060967528162;0.046489563567362426
3436.5;0.01654091700522345;0.017215791035915702;0.01597712748065927
3438.0;0.015963095712199653;0.0365806864208058;0.017547197908565945
3439.5;0.018164580390260854;0.019673731176798662;0.017824497257769654
3441.0;0.047826429972192566;0.019309442708150434;0.01783664661861255
3442.5;0.015893706856354484;0.015254949754125724;0.01865038996269922
3444.0;0.01730418943533698;0.01730418943533698;0.018532729644693425
3445.5;0.015245106155354892;0.034110097939885176;0.01859246451687189
3447.0;0.016638225255972697;0.018762587420789307;0.015517241379310345
3448.5;0.01654091700522345;0.017215791035915702;0.015414729630535846
3450.0;0.015225395561747438;0.02080873671782763;0.040424121935056324
3451.5;0.018010291595197254;0.0352356524527092;0.018832655731576244
3453.0;0.07558139534883722;0.061344137273593904;0.018086080586080584
3454.5;0.01850632726208763;0.016602419594339463;0.01648282717157388
3456.0;0.01733025239957341;0.0188212927756654;0.018612132352941176
3457.5;0.018097324617982736;0.03890714372642083;0.07643149284253578
3459.0;0.015985839376975106;0.0161839863713799;0.016951159816197953
3460.5;0.015095605501509561;0.016838000708968452;0.01733902966659057
3462.0;0.03542094455852156;0.01672535211267606;0.018086080586080584
3463.5;0.01730418943533698;0.04003966778232305;0.019731800766283527
3465.0;0.01718287488267995;0.01834061135371179;0.018674317197489763
3466.5;0.09699769053117782;0.05432098765432099;0.01837401570836457
3468.0;0.05377574370709383;0.019961612284069098;0.017699115044247787
3469.5;0.01845342706502636;0.05747558226897069;0.04892400806993947
3471.0;0.033547008547008546;0.017302798982188294;0.017699115044247787
3472.5;0.05555331586373714;0.01643951102992834;0.04703135423615744
3474.0;0.01726263871763255;0.01929282065071256;0.08592343339531863
3475.5;0.018323203432248837;0.047874824848201776;0.01783664661861255
3477.0;0.01770244821092279;0.019139945314441957;0.0189328743545611
3478.5;0.01917668766304002;0.017368069472277887;0.016638225255972697
3480.0;0.019408502772643253;0.10621480090900111;0.03370786516853933
3481.5;0.018683274021352312;0.04421768707482994;0.019114380899500277
3483.0;0.018086080586080584;0.01979416200869488;0.03498920086393088
3484.5;0.03608247422680412;0.01780160609014529;0.05380434782608696
3486.0;0.016838000708968452;0.03749466040905313;0.01904761904761905
3487.5;0.016112869692258707;0.01712538226299694;0.016187271319071658
3489.0;0.04208416833667335;0.019643114117139156;0.037760416666666664
3490.5;0.019269640210214257;0.019321795921840596;0.015546189456228841
3492.0;0.020357941834451904;0.017699115044247787;0.015280135823429542
3493.5;0.017570604905697253;0.0188212927756654;0.015861825872400422
3495.0;0.01797572152102259;0.01902784562774792;0.016638225255972697
3496.5;0.018371212121212118;0.042820886656946916;0.047874824848201776
3498.0;0.01698283068612951;0.019114380899500277;0.03555884217198395
3499.5;0.01726263871763255;0.02041832669322709;0.03537252221462748
3501.0;0.01576182136602452;0.018906696408109637;0.017564023116055857
3502.5;0.01845342706502636;0.05427814167380928;0.018970180762633595
3504.0;0.017215791035915702;0.020722820554037402;0.04283216783216783
3505.5;0.015018823802332298;0.040088203446250595;0.01810699588477366
3507.0;0.017699115044247787;0.018185821224130337;0.017710309930423784
3508.5;0.01672535211267606;0.032696390658174104;0.019863544735617925
3510.0;0.01702553830746119;0.06370772946859903;0.01672535211267606
3511.5;0.01597712748065927;0.02019230769230769;0.03530751708428246
3513.0;0.017623877982923447;0.035748517585898795;0.03443877551020408
3514.5;0.018683274021352312;0.04880952380952381;0.03314777327935223
3516.0;0.01850632726208763;0.03189528023598819;0.0744949494949495
3517.5;0.01850632726208763;0.05580373972706024;0.018882279706736754
3519.0;0.051640926640926635;0.06190191387559808;0.021078829744006503
3520.5;0.01850632726208763;0.048642843194688534;0.018529157115124335
3522.0;0.017498443680569787;0.019464489175845045;0.036921369689283445
3523.5;0.015731292517006803;0.01733025239957341;0.018790849673202614
3525.0;0.017754480892796753;0.015008842899186362;0.04336043360433604
3526.5;0.016863406408094434;0.017924528301886795;0.04793735676088616
3528.0;0.019192913385826772;0.05394088669950739;0.01934022113467464
3529.5;0.017368069472277887;0.047874824848201776;0.017101595220319434
3531.0;0.018010291595197254;0.06589997325488098;0.03530751708428246
3532.5;0.07076132648295189;0.019139945314441957;0.019328632196396744
3534.0;0.015095605501509561;0.08115942028985507;0.03312144529943125
3535.5;0.017699115044247787;0.018630440809537012;0.03904291522165505
3537.0;0.017824497257769654;0.031578947368421054;0.01719518862766539
3538.5;0.054811620517476164;0.03498920086393088;0.0188212927756654
3540.0;0.018026004728132386;0.021505376344086023;0.01846545686087233
3541.5;0.020833333333333332;0.018247924813061672;0.018114059336794715
3543.0;0.0170487948265726;0.03412017167381975;0.020052693208430915
3544.5;0.01865038996269922;0.07731085018098349;0.019650093170457572
3546.0;0.037760416666666664;0.020598494584174773;0.05703517587939698
3547.5;0.0425033467202142;0.02080873671782763;0.03452088897482688
3549.0;0.018010291595197254;0.020611702127659573;0.019801980198019802
3550.5;0.0170487948265726;0.018945274956009995;0.016293098349991132
3552.0;0.017094017094017096;0.01950286806883365;0.03156312625250501
3553.5;0.017547197908565945;0.019598155467720684;0.035558932472219584
3555.0;0.01836806645203033;0.018595825426944972;0.018991486574983625
3556.5;0.018759141882008775;0.033366867873910126;0.018163597644995613
3558.0;0.01759828309433226;0.01970225071193746;0.04764270639150536
3559.5;0.03383297644539615;0.018026004728132386;0.01862097440132122
3561.0;0.08527025482801966;0.03557483731019522;0.020799260022283418
3562.5;0.017373380447585393;0.018426930440331845;0.05265448215839861
3564.0;0.01733025239957341;0.019156343032747526;0.018371212121212118
3565.5;0.01658812264133231;0.03503787878787879;0.02080873671782763
3567.0;0.052961275626423686;0.04593989354796832;0.020429159318048208
3568.5;0.01713180436584692;0.021949404761904764;0.05265448215839861
3570.0;0.01672535211267606;0.02075702075702076;0.03287716955941255
3571.5;0.01749271137026239;0.018595825426944972;0.017824497257769654
3573.0;0.01694768198513463;0.016379057874698687;0.019598155467720684
3574.5;0.017699115044247787;0.018953440461475072;0.018811881188118815
3576.0;0.015095605501509561;0.03191137566137566;0.017796927688272762
3577.5;0.0175513698630137;0.051611796982167356;0.020827211284161037
3579.0;0.07672379434037466;0.02019230769230769;0.03167271527548663
3580.5;0.015280135823429542;0.018086080586080584;0.03370786516853933
3582.0;0.017699115044247787;0.01675203627508607;0.019801980198019802
3583.5;0.017754480892796753;0.01992774510934317;0.03324142156862745
3585.0;0.01597712748065927;0.08314087759815242;0.016195591876496773
3586.5;0.017754480892796753;0.05394088669950739;0.033556149732620326
3588.0;0.08024848949025615;0.01761006289308176;0.04285323542506444
3589.5;0.017094017094017096;0.017825311942959002;0.03585164835164835
3591.0;0.03443877551020408;0.019230769230769232;0.04273927392739274
3592.5;0.0161446953143967;0.018770331246283536;0.03361344537815126
3594.0;0.0175513698630137;0.03241525423728814;0.033457671293473455
3595.5;0.01865038996269922;0.036198738170347;0.022935272791581925
3597.0;0.0161839863713799;0.020618556701030927;0.048979213066072745
3598.5;0.07699468813318001;0.020999704229517892;0.01859099804305284
