iteration,vehicles,app,baseline,metric,scope_value,baseline_value,baseline_minus_scope
1,100,ALL_APPS,EXP3_MC,failure_rate_pct,0.05278973442702834,0.05278973442702834,0.0
2,100,ALL_APPS,EXP3_MC,failure_rate_pct,0.07289775732193651,0.07289775732193651,0.0
3,100,ALL_APPS,EXP3_MC,failure_rate_pct,0.07862451601418208,0.07862451601418208,0.0
4,100,ALL_APPS,EXP3_MC,failure_rate_pct,0.08094074526572999,0.08094074526572999,0.0
5,100,ALL_APPS,EXP3_MC,failure_rate_pct,0.07067851373182553,0.07067851373182553,0.0
6,100,ALL_APPS,EXP3_MC,failure_rate_pct,0.059099035208250224,0.059099035208250224,0.0
7,100,ALL_APPS,EXP3_MC,failure_rate_pct,0.07504403093651887,0.07504403093651887,0.0
8,100,ALL_APPS,EXP3_MC,failure_rate_pct,0.06903527220768378,0.06903527220768378,0.0
9,100,ALL_APPS,EXP3_MC,failure_rate_pct,0.08107644573335204,0.08107644573335204,0.0
10,100,ALL_APPS,EXP3_MC,failure_rate_pct,0.06392207594551404,0.06392207594551404,0.0
1,100,ALL_APPS,EXP3_MC,service_time_s,0.726015303672472,0.726015303672472,0.0
2,100,ALL_APPS,EXP3_MC,service_time_s,0.7533572064978128,0.7533572064978128,0.0
3,100,ALL_APPS,EXP3_MC,service_time_s,0.7978541797708841,0.7978541797708841,0.0
4,100,ALL_APPS,EXP3_MC,service_time_s,0.7783433127265426,0.7783433127265426,0.0
5,100,ALL_APPS,EXP3_MC,service_time_s,0.7681841473161413,0.7681841473161413,0.0
6,100,ALL_APPS,EXP3_MC,service_time_s,0.8337868638150535,0.8337868638150535,0.0
7,100,ALL_APPS,EXP3_MC,service_time_s,0.8073926622973672,0.8073926622973672,0.0
8,100,ALL_APPS,EXP3_MC,service_time_s,0.8841546414248842,0.8841546414248842,0.0
9,100,ALL_APPS,EXP3_MC,service_time_s,0.8182250585434448,0.8182250585434448,0.0
10,100,ALL_APPS,EXP3_MC,service_time_s,0.8230872625435415,0.8230872625435415,0.0
1,100,ALL_APPS,RAIDER_TRAX,failure_rate_pct,0.05278973442702834,0.05414331736105471,0.0013535829340263691
2,100,ALL_APPS,RAIDER_TRAX,failure_rate_pct,0.07289775732193651,0.07432712511256272,0.0014293677906262042
3,100,ALL_APPS,RAIDER_TRAX,failure_rate_pct,0.07862451601418208,0.07862451601418208,0.0
4,100,ALL_APPS,RAIDER_TRAX,failure_rate_pct,0.08094074526572999,0.0839951130116066,0.0030543677458766127
5,100,ALL_APPS,RAIDER_TRAX,failure_rate_pct,0.07067851373182553,0.07067851373182553,0.0
6,100,ALL_APPS,RAIDER_TRAX,failure_rate_pct,0.059099035208250224,0.059099035208250224,0.0
7,100,ALL_APPS,RAIDER_TRAX,failure_rate_pct,0.07504403093651887,0.07198100926564055,-0.0030630216708783242
8,100,ALL_APPS,RAIDER_TRAX,failure_rate_pct,0.06903527220768378,0.06742980076099346,-0.0016054714466903208
9,100,ALL_APPS,RAIDER_TRAX,failure_rate_pct,0.08107644573335204,0.0841947705692502,0.003118324835898162
10,100,ALL_APPS,RAIDER_TRAX,failure_rate_pct,0.06392207594551404,0.06392207594551404,0.0
1,100,ALL_APPS,RAIDER_TRAX,service_time_s,0.726015303672472,0.7259627801143889,-5.252355808316178e-05
2,100,ALL_APPS,RAIDER_TRAX,service_time_s,0.7533572064978128,0.7532831629133712,-7.404358444162984e-05
3,100,ALL_APPS,RAIDER_TRAX,service_time_s,0.7978541797708841,0.7978014935244505,-5.268624643361974e-05
4,100,ALL_APPS,RAIDER_TRAX,service_time_s,0.7783433127265426,0.7782750450991387,-6.826762740386183e-05
5,100,ALL_APPS,RAIDER_TRAX,service_time_s,0.7681841473161413,0.7681277989715346,-5.634834460666038e-05
6,100,ALL_APPS,RAIDER_TRAX,service_time_s,0.8337868638150535,0.833730804741237,-5.605907381656117e-05
7,100,ALL_APPS,RAIDER_TRAX,service_time_s,0.8073926622973672,0.8073311406558307,-6.152164153649942e-05
8,100,ALL_APPS,RAIDER_TRAX,service_time_s,0.8841546414248842,0.8840906065954296,-6.40348294546067e-05
9,100,ALL_APPS,RAIDER_TRAX,service_time_s,0.8182250585434448,0.8181973394597672,-2.7719083677602008e-05
10,100,ALL_APPS,RAIDER_TRAX,service_time_s,0.8230872625435415,0.8230542689394522,-3.2993604089259776e-05
1,100,ALL_APPS,RANDOM,failure_rate_pct,0.05278973442702834,0.029773988361077277,-0.023015746065951064
2,100,ALL_APPS,RANDOM,failure_rate_pct,0.07289775732193651,0.044303435659978276,-0.028594321661958237
3,100,ALL_APPS,RANDOM,failure_rate_pct,0.07862451601418208,0.05636309700385642,-0.022261419010325655
4,100,ALL_APPS,RANDOM,failure_rate_pct,0.08094074526572999,0.038170269940149014,-0.042770475325580974
5,100,ALL_APPS,RANDOM,failure_rate_pct,0.07067851373182553,0.037499639426543975,-0.033178874305281554
6,100,ALL_APPS,RANDOM,failure_rate_pct,0.059099035208250224,0.05022898507903679,-0.008870050129213436
7,100,ALL_APPS,RANDOM,failure_rate_pct,0.07504403093651887,0.0658468983048252,-0.00919713263169368
8,100,ALL_APPS,RANDOM,failure_rate_pct,0.06903527220768378,0.03692050853987415,-0.03211476366780963
9,100,ALL_APPS,RANDOM,failure_rate_pct,0.08107644573335204,0.05144594278587575,-0.029630502947476295
10,100,ALL_APPS,RANDOM,failure_rate_pct,0.06392207594551404,0.03804132809884659,-0.025880747846667447
1,100,ALL_APPS,RANDOM,service_time_s,0.726015303672472,0.3255372949231559,-0.4004780087493161
2,100,ALL_APPS,RANDOM,service_time_s,0.7533572064978128,0.34215196558785166,-0.41120524090996113
3,100,ALL_APPS,RANDOM,service_time_s,0.7978541797708841,0.36189259097783755,-0.4359615887930466
4,100,ALL_APPS,RANDOM,service_time_s,0.7783433127265426,0.35186208633972954,-0.426481226386813
5,100,ALL_APPS,RANDOM,service_time_s,0.7681841473161413,0.34713770230742474,-0.4210464450087165
6,100,ALL_APPS,RANDOM,service_time_s,0.8337868638150535,0.3754968996856111,-0.4582899641294424
7,100,ALL_APPS,RANDOM,service_time_s,0.8073926622973672,0.3627432331213384,-0.4446494291760288
8,100,ALL_APPS,RANDOM,service_time_s,0.8841546414248842,0.3964813274786866,-0.4876733139461976
9,100,ALL_APPS,RANDOM,service_time_s,0.8182250585434448,0.36738818338156576,-0.4508368751618791
10,100,ALL_APPS,RANDOM,service_time_s,0.8230872625435415,0.36880493988042135,-0.45428232266312013
1,200,ALL_APPS,EXP3_MC,failure_rate_pct,0.07080860507048012,0.07080860507048012,0.0
2,200,ALL_APPS,EXP3_MC,failure_rate_pct,0.080087799958473,0.080087799958473,0.0
3,200,ALL_APPS,EXP3_MC,failure_rate_pct,0.07313468846130647,0.07313468846130647,0.0
4,200,ALL_APPS,EXP3_MC,failure_rate_pct,0.09021302403153665,0.09021302403153665,0.0
5,200,ALL_APPS,EXP3_MC,failure_rate_pct,0.06532829302308511,0.06532829302308511,0.0
6,200,ALL_APPS,EXP3_MC,failure_rate_pct,0.07521481807890718,0.07521481807890718,0.0
7,200,ALL_APPS,EXP3_MC,failure_rate_pct,0.0800261056033813,0.0800261056033813,0.0
8,200,ALL_APPS,EXP3_MC,failure_rate_pct,0.08271697143453714,0.08271697143453714,0.0
9,200,ALL_APPS,EXP3_MC,failure_rate_pct,0.060280035099767273,0.060280035099767273,0.0
10,200,ALL_APPS,EXP3_MC,failure_rate_pct,0.08377613155955474,0.08377613155955474,0.0
1,200,ALL_APPS,EXP3_MC,service_time_s,0.7871014718098465,0.7871014718098465,0.0
2,200,ALL_APPS,EXP3_MC,service_time_s,0.775551107381762,0.775551107381762,0.0
3,200,ALL_APPS,EXP3_MC,service_time_s,0.8233116135672649,0.8233116135672649,0.0
4,200,ALL_APPS,EXP3_MC,service_time_s,0.7903751790081585,0.7903751790081585,0.0
5,200,ALL_APPS,EXP3_MC,service_time_s,0.78473127267008,0.78473127267008,0.0
6,200,ALL_APPS,EXP3_MC,service_time_s,0.853268889769644,0.853268889769644,0.0
7,200,ALL_APPS,EXP3_MC,service_time_s,0.8301617187364616,0.8301617187364616,0.0
8,200,ALL_APPS,EXP3_MC,service_time_s,0.8878689380446005,0.8878689380446005,0.0
9,200,ALL_APPS,EXP3_MC,service_time_s,0.8122450243713165,0.8122450243713165,0.0
10,200,ALL_APPS,EXP3_MC,service_time_s,0.8317308097029641,0.8317308097029641,0.0
1,200,ALL_APPS,RAIDER_TRAX,failure_rate_pct,0.07080860507048012,0.07591850440546322,0.005109899334983098
2,200,ALL_APPS,RAIDER_TRAX,failure_rate_pct,0.080087799958473,0.07860469255183461,-0.001483107406638387
3,200,ALL_APPS,RAIDER_TRAX,failure_rate_pct,0.07313468846130647,0.07313523987604707,5.514147406043834e-07
4,200,ALL_APPS,RAIDER_TRAX,failure_rate_pct,0.09021302403153665,0.08717999257074846,-0.003033031460788191
5,200,ALL_APPS,RAIDER_TRAX,failure_rate_pct,0.06532829302308511,0.06312621573017213,-0.0022020772929129823
6,200,ALL_APPS,RAIDER_TRAX,failure_rate_pct,0.07521481807890718,0.07749405499038922,0.0022792369114820465
7,200,ALL_APPS,RAIDER_TRAX,failure_rate_pct,0.0800261056033813,0.07847220064020885,-0.0015539049631724533
8,200,ALL_APPS,RAIDER_TRAX,failure_rate_pct,0.08271697143453714,0.08111081664940051,-0.0016061547851366348
9,200,ALL_APPS,RAIDER_TRAX,failure_rate_pct,0.060280035099767273,0.05951699668078288,-0.0007630384189843964
10,200,ALL_APPS,RAIDER_TRAX,failure_rate_pct,0.08377613155955474,0.08144901679401156,-0.0023271147655431756
1,200,ALL_APPS,RAIDER_TRAX,service_time_s,0.7871014718098465,0.7874132139624411,0.00031174215259466287
2,200,ALL_APPS,RAIDER_TRAX,service_time_s,0.775551107381762,0.7755832580238988,3.215064213679675e-05
3,200,ALL_APPS,RAIDER_TRAX,service_time_s,0.8233116135672649,0.8232943727620569,-1.7240805208040832e-05
4,200,ALL_APPS,RAIDER_TRAX,service_time_s,0.7903751790081585,0.7904265042177903,5.132520963180287e-05
5,200,ALL_APPS,RAIDER_TRAX,service_time_s,0.78473127267008,0.7847395172726249,8.244602544893453e-06
6,200,ALL_APPS,RAIDER_TRAX,service_time_s,0.853268889769644,0.8533200642112013,5.1174441557333417e-05
7,200,ALL_APPS,RAIDER_TRAX,service_time_s,0.8301617187364616,0.8301053247741084,-5.639396235324057e-05
8,200,ALL_APPS,RAIDER_TRAX,service_time_s,0.8878689380446005,0.8882926324035538,0.000423694358953286
9,200,ALL_APPS,RAIDER_TRAX,service_time_s,0.8122450243713165,0.8123954791504387,0.00015045477912223326
10,200,ALL_APPS,RAIDER_TRAX,service_time_s,0.8317308097029641,0.8317734440524812,4.2634349517123304e-05
1,200,ALL_APPS,RANDOM,failure_rate_pct,0.07080860507048012,0.047439715069772875,-0.023368890000707243
2,200,ALL_APPS,RANDOM,failure_rate_pct,0.080087799958473,0.05041705282669138,-0.029670747131781618
3,200,ALL_APPS,RANDOM,failure_rate_pct,0.07313468846130647,0.047493403693931395,-0.025641284767375074
4,200,ALL_APPS,RANDOM,failure_rate_pct,0.09021302403153665,0.0492666843521431,-0.040946339679393554
5,200,ALL_APPS,RANDOM,failure_rate_pct,0.06532829302308511,0.0484421446658593,-0.016886148357225815
6,200,ALL_APPS,RANDOM,failure_rate_pct,0.07521481807890718,0.04406056048071591,-0.031154257598191265
7,200,ALL_APPS,RANDOM,failure_rate_pct,0.0800261056033813,0.045059042883778745,-0.03496706271960256
8,200,ALL_APPS,RANDOM,failure_rate_pct,0.08271697143453714,0.040949383350462484,-0.04176758808407466
9,200,ALL_APPS,RANDOM,failure_rate_pct,0.060280035099767273,0.041199673454440026,-0.019080361645327247
10,200,ALL_APPS,RANDOM,failure_rate_pct,0.08377613155955474,0.04575984612282253,-0.03801628543673221
1,200,ALL_APPS,RANDOM,service_time_s,0.7871014718098465,0.3532806746949923,-0.43382079711485416
2,200,ALL_APPS,RANDOM,service_time_s,0.775551107381762,0.35014529190595634,-0.4254058154758057
3,200,ALL_APPS,RANDOM,service_time_s,0.8233116135672649,0.37138061499303177,-0.45193099857423313
4,200,ALL_APPS,RANDOM,service_time_s,0.7903751790081585,0.3556671242617706,-0.43470805474638785
5,200,ALL_APPS,RANDOM,service_time_s,0.78473127267008,0.35392246823674645,-0.4308088044333336
6,200,ALL_APPS,RANDOM,service_time_s,0.853268889769644,0.384848812181535,-0.468420077588109
7,200,ALL_APPS,RANDOM,service_time_s,0.8301617187364616,0.37315176802780875,-0.45700995070865286
8,200,ALL_APPS,RANDOM,service_time_s,0.8878689380446005,0.397577622136968,-0.49029131590763253
9,200,ALL_APPS,RANDOM,service_time_s,0.8122450243713165,0.36487124003845406,-0.44737378433286246
10,200,ALL_APPS,RANDOM,service_time_s,0.8317308097029641,0.3755544204462373,-0.45617638925672677
1,300,ALL_APPS,EXP3_MC,failure_rate_pct,0.07671817744294979,0.07671817744294979,0.0
2,300,ALL_APPS,EXP3_MC,failure_rate_pct,0.07900885093017168,0.07900885093017168,0.0
3,300,ALL_APPS,EXP3_MC,failure_rate_pct,0.07765272521747678,0.07765272521747678,0.0
4,300,ALL_APPS,EXP3_MC,failure_rate_pct,0.08519519277302791,0.08519519277302791,0.0
5,300,ALL_APPS,EXP3_MC,failure_rate_pct,0.0826294094594148,0.0826294094594148,0.0
6,300,ALL_APPS,EXP3_MC,failure_rate_pct,0.0832890910773517,0.0832890910773517,0.0
7,300,ALL_APPS,EXP3_MC,failure_rate_pct,0.08859631501140935,0.08859631501140935,0.0
8,300,ALL_APPS,EXP3_MC,failure_rate_pct,0.0773256588043712,0.0773256588043712,0.0
9,300,ALL_APPS,EXP3_MC,failure_rate_pct,0.06778595357153383,0.06778595357153383,0.0
10,300,ALL_APPS,EXP3_MC,failure_rate_pct,0.08255451713395638,0.08255451713395638,0.0
1,300,ALL_APPS,EXP3_MC,service_time_s,0.7367766480638271,0.7367766480638271,0.0
2,300,ALL_APPS,EXP3_MC,service_time_s,0.7393805815646092,0.7393805815646092,0.0
3,300,ALL_APPS,EXP3_MC,service_time_s,0.7685061002471786,0.7685061002471786,0.0
4,300,ALL_APPS,EXP3_MC,service_time_s,0.7586906031652969,0.7586906031652969,0.0
5,300,ALL_APPS,EXP3_MC,service_time_s,0.7314429539333391,0.7314429539333391,0.0
6,300,ALL_APPS,EXP3_MC,service_time_s,0.7747966652720812,0.7747966652720812,0.0
7,300,ALL_APPS,EXP3_MC,service_time_s,0.7950716938572011,0.7950716938572011,0.0
8,300,ALL_APPS,EXP3_MC,service_time_s,0.7887825461190345,0.7887825461190345,0.0
9,300,ALL_APPS,EXP3_MC,service_time_s,0.753966267059147,0.753966267059147,0.0
10,300,ALL_APPS,EXP3_MC,service_time_s,0.7980611283823035,0.7980611283823035,0.0
1,300,ALL_APPS,RAIDER_TRAX,failure_rate_pct,0.07671817744294979,0.07719321652697236,0.0004750390840225771
2,300,ALL_APPS,RAIDER_TRAX,failure_rate_pct,0.07900885093017168,0.0785248953001396,-0.0004839556300320763
3,300,ALL_APPS,RAIDER_TRAX,failure_rate_pct,0.07765272521747678,0.08256786046031582,0.004915135242839042
4,300,ALL_APPS,RAIDER_TRAX,failure_rate_pct,0.08519519277302791,0.08418654124384355,-0.0010086515291843623
5,300,ALL_APPS,RAIDER_TRAX,failure_rate_pct,0.0826294094594148,0.07885094810002266,-0.003778461359392138
6,300,ALL_APPS,RAIDER_TRAX,failure_rate_pct,0.0832890910773517,0.09059603423166283,0.00730694315431113
7,300,ALL_APPS,RAIDER_TRAX,failure_rate_pct,0.08859631501140935,0.09168688413971433,0.003090569128304979
8,300,ALL_APPS,RAIDER_TRAX,failure_rate_pct,0.0773256588043712,0.07834983971568737,0.0010241809113161748
9,300,ALL_APPS,RAIDER_TRAX,failure_rate_pct,0.06778595357153383,0.0741723155516259,0.00638636198009207
10,300,ALL_APPS,RAIDER_TRAX,failure_rate_pct,0.08255451713395638,0.08359163668271002,0.0010371195487536428
1,300,ALL_APPS,RAIDER_TRAX,service_time_s,0.7367766480638271,0.7377802013563216,0.0010035532924944635
2,300,ALL_APPS,RAIDER_TRAX,service_time_s,0.7393805815646092,0.7397969201832223,0.00041633861861312127
3,300,ALL_APPS,RAIDER_TRAX,service_time_s,0.7685061002471786,0.7694239051621423,0.000917804914963738
4,300,ALL_APPS,RAIDER_TRAX,service_time_s,0.7586906031652969,0.7597679574527648,0.0010773542874679132
5,300,ALL_APPS,RAIDER_TRAX,service_time_s,0.7314429539333391,0.7325865642252265,0.0011436102918873647
6,300,ALL_APPS,RAIDER_TRAX,service_time_s,0.7747966652720812,0.7750881693933319,0.00029150412125067415
7,300,ALL_APPS,RAIDER_TRAX,service_time_s,0.7950716938572011,0.7970862703297652,0.002014576472564089
8,300,ALL_APPS,RAIDER_TRAX,service_time_s,0.7887825461190345,0.789402104867342,0.0006195587483074361
9,300,ALL_APPS,RAIDER_TRAX,service_time_s,0.753966267059147,0.7552472046801889,0.0012809376210418666
10,300,ALL_APPS,RAIDER_TRAX,service_time_s,0.7980611283823035,0.7987946578161241,0.0007335294338206566
1,300,ALL_APPS,RANDOM,failure_rate_pct,0.07671817744294979,0.040021344717182494,-0.03669683272576729
2,300,ALL_APPS,RANDOM,failure_rate_pct,0.07900885093017168,0.038773215462758324,-0.04023563546741336
3,300,ALL_APPS,RANDOM,failure_rate_pct,0.07765272521747678,0.0402964244294616,-0.037356300788015176
4,300,ALL_APPS,RANDOM,failure_rate_pct,0.08519519277302791,0.03377152304528409,-0.05142366972774382
5,300,ALL_APPS,RANDOM,failure_rate_pct,0.0826294094594148,0.05004367018388688,-0.032585739275527915
6,300,ALL_APPS,RANDOM,failure_rate_pct,0.0832890910773517,0.043831239985779195,-0.03945785109157251
7,300,ALL_APPS,RANDOM,failure_rate_pct,0.08859631501140935,0.05047331609686757,-0.03812299891454179
8,300,ALL_APPS,RANDOM,failure_rate_pct,0.0773256588043712,0.052737215065435106,-0.024588443738936094
9,300,ALL_APPS,RANDOM,failure_rate_pct,0.06778595357153383,0.03929292383557876,-0.02849302973595507
10,300,ALL_APPS,RANDOM,failure_rate_pct,0.08255451713395638,0.04983673278685972,-0.032717784347096664
1,300,ALL_APPS,RANDOM,service_time_s,0.7367766480638271,0.34678668925524414,-0.389989958808583
2,300,ALL_APPS,RANDOM,service_time_s,0.7393805815646092,0.34835088385840823,-0.39102969770620094
3,300,ALL_APPS,RANDOM,service_time_s,0.7685061002471786,0.36488655479193516,-0.4036195454552434
4,300,ALL_APPS,RANDOM,service_time_s,0.7586906031652969,0.35863100492460454,-0.40005959824069237
5,300,ALL_APPS,RANDOM,service_time_s,0.7314429539333391,0.34603621470063856,-0.3854067392327006
6,300,ALL_APPS,RANDOM,service_time_s,0.7747966652720812,0.3706217835794867,-0.4041748816925945
7,300,ALL_APPS,RANDOM,service_time_s,0.7950716938572011,0.37847886657862684,-0.4165928272785743
8,300,ALL_APPS,RANDOM,service_time_s,0.7887825461190345,0.3739131764784984,-0.4148693696405361
9,300,ALL_APPS,RANDOM,service_time_s,0.753966267059147,0.3549948729550587,-0.39897139410408833
10,300,ALL_APPS,RANDOM,service_time_s,0.7980611283823035,0.37952767535366105,-0.4185334530286424
1,400,ALL_APPS,EXP3_MC,failure_rate_pct,0.08207963884958906,0.08207963884958906,0.0
2,400,ALL_APPS,EXP3_MC,failure_rate_pct,0.09359397166387236,0.09359397166387236,0.0
3,400,ALL_APPS,EXP3_MC,failure_rate_pct,0.09068889975331126,0.09068889975331126,0.0
4,400,ALL_APPS,EXP3_MC,failure_rate_pct,0.11201817445749794,0.11201817445749794,0.0
5,400,ALL_APPS,EXP3_MC,failure_rate_pct,0.11077425373134328,0.11077425373134328,0.0
6,400,ALL_APPS,EXP3_MC,failure_rate_pct,0.09160419509824083,0.09160419509824083,0.0
7,400,ALL_APPS,EXP3_MC,failure_rate_pct,0.10060854984268139,0.10060854984268139,0.0
8,400,ALL_APPS,EXP3_MC,failure_rate_pct,0.11439458863858962,0.11439458863858962,0.0
9,400,ALL_APPS,EXP3_MC,failure_rate_pct,0.09457187462471478,0.09457187462471478,0.0
10,400,ALL_APPS,EXP3_MC,failure_rate_pct,0.10561667082013125,0.10561667082013125,0.0
1,400,ALL_APPS,EXP3_MC,service_time_s,0.6743459974886118,0.6743459974886118,0.0
2,400,ALL_APPS,EXP3_MC,service_time_s,0.6866348701010114,0.6866348701010114,0.0
3,400,ALL_APPS,EXP3_MC,service_time_s,0.7070649289151116,0.7070649289151116,0.0
4,400,ALL_APPS,EXP3_MC,service_time_s,0.7120722643599625,0.7120722643599625,0.0
5,400,ALL_APPS,EXP3_MC,service_time_s,0.6803050211250088,0.6803050211250088,0.0
6,400,ALL_APPS,EXP3_MC,service_time_s,0.7184034655360156,0.7184034655360156,0.0
7,400,ALL_APPS,EXP3_MC,service_time_s,0.7003941480627365,0.7003941480627365,0.0
8,400,ALL_APPS,EXP3_MC,service_time_s,0.7179058919733573,0.7179058919733573,0.0
9,400,ALL_APPS,EXP3_MC,service_time_s,0.6935938301303248,0.6935938301303248,0.0
10,400,ALL_APPS,EXP3_MC,service_time_s,0.7316852236779073,0.7316852236779073,0.0
1,400,ALL_APPS,RAIDER_TRAX,failure_rate_pct,0.08207963884958906,0.09539751966448873,0.013317880814899666
2,400,ALL_APPS,RAIDER_TRAX,failure_rate_pct,0.09359397166387236,0.09875051125497898,0.005156539591106624
3,400,ALL_APPS,RAIDER_TRAX,failure_rate_pct,0.09068889975331126,0.10113978189635225,0.01045088214304099
4,400,ALL_APPS,RAIDER_TRAX,failure_rate_pct,0.11201817445749794,0.12066376863999749,0.00864559418249955
5,400,ALL_APPS,RAIDER_TRAX,failure_rate_pct,0.11077425373134328,0.12462239777866042,0.013848144047317143
6,400,ALL_APPS,RAIDER_TRAX,failure_rate_pct,0.09160419509824083,0.10319222917648115,0.011588034078240314
7,400,ALL_APPS,RAIDER_TRAX,failure_rate_pct,0.10060854984268139,0.1269886727611181,0.02638012291843672
8,400,ALL_APPS,RAIDER_TRAX,failure_rate_pct,0.11439458863858962,0.11669147157510532,0.0022968829365156984
9,400,ALL_APPS,RAIDER_TRAX,failure_rate_pct,0.09457187462471478,0.1073299608208115,0.012758086196096724
10,400,ALL_APPS,RAIDER_TRAX,failure_rate_pct,0.10561667082013125,0.11708860759493671,0.011471936774805458
1,400,ALL_APPS,RAIDER_TRAX,service_time_s,0.6743459974886118,0.676651634779521,0.002305637290909157
2,400,ALL_APPS,RAIDER_TRAX,service_time_s,0.6866348701010114,0.6885518186547265,0.0019169485537150477
3,400,ALL_APPS,RAIDER_TRAX,service_time_s,0.7070649289151116,0.7069765313088635,-8.83976062481251e-05
4,400,ALL_APPS,RAIDER_TRAX,service_time_s,0.7120722643599625,0.7135187096517429,0.001446445291780396
5,400,ALL_APPS,RAIDER_TRAX,service_time_s,0.6803050211250088,0.6811326621737485,0.000827641048739669
6,400,ALL_APPS,RAIDER_TRAX,service_time_s,0.7184034655360156,0.7183318518013426,-7.161373467301502e-05
7,400,ALL_APPS,RAIDER_TRAX,service_time_s,0.7003941480627365,0.7020046187968568,0.0016104707341203506
8,400,ALL_APPS,RAIDER_TRAX,service_time_s,0.7179058919733573,0.7186453977053314,0.0007395057319741216
9,400,ALL_APPS,RAIDER_TRAX,service_time_s,0.6935938301303248,0.6964124086706701,0.0028185785403452845
10,400,ALL_APPS,RAIDER_TRAX,service_time_s,0.7316852236779073,0.7339910286750748,0.002305804997167482
1,400,ALL_APPS,RANDOM,failure_rate_pct,0.08207963884958906,0.04319561132588929,-0.03888402752369977
2,400,ALL_APPS,RANDOM,failure_rate_pct,0.09359397166387236,0.04421322564956597,-0.049380746014306386
3,400,ALL_APPS,RANDOM,failure_rate_pct,0.09068889975331126,0.04440696181747619,-0.04628193793583507
4,400,ALL_APPS,RANDOM,failure_rate_pct,0.11201817445749794,0.049518958687040183,-0.06249921577045776
5,400,ALL_APPS,RANDOM,failure_rate_pct,0.11077425373134328,0.050645087244360724,-0.060129166486982556
6,400,ALL_APPS,RANDOM,failure_rate_pct,0.09160419509824083,0.04411544788395394,-0.04748874721428689
7,400,ALL_APPS,RANDOM,failure_rate_pct,0.10060854984268139,0.04672228125306144,-0.05388626858961995
8,400,ALL_APPS,RANDOM,failure_rate_pct,0.11439458863858962,0.05623522390800376,-0.058159364730585854
9,400,ALL_APPS,RANDOM,failure_rate_pct,0.09457187462471478,0.04990918779363864,-0.04466268683107614
10,400,ALL_APPS,RANDOM,failure_rate_pct,0.10561667082013125,0.05814344422777991,-0.04747322659235134
1,400,ALL_APPS,RANDOM,service_time_s,0.6743459974886118,0.34977878685813174,-0.32456721063048005
2,400,ALL_APPS,RANDOM,service_time_s,0.6866348701010114,0.3586173869670839,-0.32801748313392753
3,400,ALL_APPS,RANDOM,service_time_s,0.7070649289151116,0.3710373539861045,-0.33602757492900714
4,400,ALL_APPS,RANDOM,service_time_s,0.7120722643599625,0.3721686702597389,-0.33990359410022364
5,400,ALL_APPS,RANDOM,service_time_s,0.6803050211250088,0.35248387290423866,-0.32782114822077013
6,400,ALL_APPS,RANDOM,service_time_s,0.7184034655360156,0.37926692263762507,-0.33913654289839057
7,400,ALL_APPS,RANDOM,service_time_s,0.7003941480627365,0.3669509733626392,-0.33344317470009727
8,400,ALL_APPS,RANDOM,service_time_s,0.7179058919733573,0.3757888272612577,-0.34211706471209963
9,400,ALL_APPS,RANDOM,service_time_s,0.6935938301303248,0.36054759067175235,-0.3330462394585725
10,400,ALL_APPS,RANDOM,service_time_s,0.7316852236779073,0.3842198302105559,-0.34746539346735145
1,500,ALL_APPS,EXP3_MC,failure_rate_pct,0.12057726364972304,0.12057726364972304,0.0
2,500,ALL_APPS,EXP3_MC,failure_rate_pct,0.12771581305486743,0.12771581305486743,0.0
3,500,ALL_APPS,EXP3_MC,failure_rate_pct,0.13667109134285393,0.13667109134285393,0.0
4,500,ALL_APPS,EXP3_MC,failure_rate_pct,0.1401734723233906,0.1401734723233906,0.0
5,500,ALL_APPS,EXP3_MC,failure_rate_pct,0.11997351079910079,0.11997351079910079,0.0
6,500,ALL_APPS,EXP3_MC,failure_rate_pct,0.1454912918287464,0.1454912918287464,0.0
7,500,ALL_APPS,EXP3_MC,failure_rate_pct,0.13298889601562913,0.13298889601562913,0.0
8,500,ALL_APPS,EXP3_MC,failure_rate_pct,0.13621966324811569,0.13621966324811569,0.0
9,500,ALL_APPS,EXP3_MC,failure_rate_pct,0.13981850655793898,0.13981850655793898,0.0
10,500,ALL_APPS,EXP3_MC,failure_rate_pct,0.14873652075280677,0.14873652075280677,0.0
1,500,ALL_APPS,EXP3_MC,service_time_s,0.6256461783886722,0.6256461783886722,0.0
2,500,ALL_APPS,EXP3_MC,service_time_s,0.6382908249157371,0.6382908249157371,0.0
3,500,ALL_APPS,EXP3_MC,service_time_s,0.6623345540518965,0.6623345540518965,0.0
4,500,ALL_APPS,EXP3_MC,service_time_s,0.6448177020672291,0.6448177020672291,0.0
5,500,ALL_APPS,EXP3_MC,service_time_s,0.6385847367316312,0.6385847367316312,0.0
6,500,ALL_APPS,EXP3_MC,service_time_s,0.6744114752246734,0.6744114752246734,0.0
7,500,ALL_APPS,EXP3_MC,service_time_s,0.6351714140699833,0.6351714140699833,0.0
8,500,ALL_APPS,EXP3_MC,service_time_s,0.655442799624147,0.655442799624147,0.0
9,500,ALL_APPS,EXP3_MC,service_time_s,0.6481682227615031,0.6481682227615031,0.0
10,500,ALL_APPS,EXP3_MC,service_time_s,0.6658563779486149,0.6658563779486149,0.0
1,500,ALL_APPS,RAIDER_TRAX,failure_rate_pct,0.12057726364972304,0.12868819198887022,0.008110928339147172
2,500,ALL_APPS,RAIDER_TRAX,failure_rate_pct,0.12771581305486743,0.12712542449223913,-0.0005903885626283023
3,500,ALL_APPS,RAIDER_TRAX,failure_rate_pct,0.13667109134285393,0.14664751681910954,0.009976425476255601
4,500,ALL_APPS,RAIDER_TRAX,failure_rate_pct,0.1401734723233906,0.14629458465192294,0.006121112328532324
5,500,ALL_APPS,RAIDER_TRAX,failure_rate_pct,0.11997351079910079,0.1383828215247649,0.018409310725664096
6,500,ALL_APPS,RAIDER_TRAX,failure_rate_pct,0.1454912918287464,0.15888427928325535,0.013392987454508953
7,500,ALL_APPS,RAIDER_TRAX,failure_rate_pct,0.13298889601562913,0.14005107745177653,0.007062181436147397
8,500,ALL_APPS,RAIDER_TRAX,failure_rate_pct,0.13621966324811569,0.15370242005967272,0.017482756811557032
9,500,ALL_APPS,RAIDER_TRAX,failure_rate_pct,0.13981850655793898,0.14823813117721524,0.008419624619276256
10,500,ALL_APPS,RAIDER_TRAX,failure_rate_pct,0.14873652075280677,0.1743613780173424,0.025624857264535617
1,500,ALL_APPS,RAIDER_TRAX,service_time_s,0.6256461783886722,0.6269898731455223,0.0013436947568501445
2,500,ALL_APPS,RAIDER_TRAX,service_time_s,0.6382908249157371,0.6392120957457699,0.0009212708300327943
3,500,ALL_APPS,RAIDER_TRAX,service_time_s,0.6623345540518965,0.6623186894210098,-1.5864630886652797e-05
4,500,ALL_APPS,RAIDER_TRAX,service_time_s,0.6448177020672291,0.6462358230143448,0.0014181209471156864
5,500,ALL_APPS,RAIDER_TRAX,service_time_s,0.6385847367316312,0.6400317992357352,0.0014470625041039797
6,500,ALL_APPS,RAIDER_TRAX,service_time_s,0.6744114752246734,0.6742699395186412,-0.0001415357060321476
7,500,ALL_APPS,RAIDER_TRAX,service_time_s,0.6351714140699833,0.6368452642554411,0.001673850185457737
8,500,ALL_APPS,RAIDER_TRAX,service_time_s,0.655442799624147,0.6563625635455447,0.0009197639213976982
9,500,ALL_APPS,RAIDER_TRAX,service_time_s,0.6481682227615031,0.6479799691575362,-0.0001882536039669036
10,500,ALL_APPS,RAIDER_TRAX,service_time_s,0.6658563779486149,0.6672099488361267,0.001353570887511868
1,500,ALL_APPS,RANDOM,failure_rate_pct,0.12057726364972304,0.04434229936558632,-0.07623496428413673
2,500,ALL_APPS,RANDOM,failure_rate_pct,0.12771581305486743,0.042074572735676864,-0.08564124031919057
3,500,ALL_APPS,RANDOM,failure_rate_pct,0.13667109134285393,0.047164106905308985,-0.08950698443754496
4,500,ALL_APPS,RANDOM,failure_rate_pct,0.1401734723233906,0.05478127276177185,-0.08539219956161875
5,500,ALL_APPS,RANDOM,failure_rate_pct,0.11997351079910079,0.04365087613544243,-0.07632263466365835
6,500,ALL_APPS,RANDOM,failure_rate_pct,0.1454912918287464,0.04717526676852466,-0.09831602506022175
7,500,ALL_APPS,RANDOM,failure_rate_pct,0.13298889601562913,0.04383474594969889,-0.08915415006593025
8,500,ALL_APPS,RANDOM,failure_rate_pct,0.13621966324811569,0.049420514334962605,-0.08679914891315307
9,500,ALL_APPS,RANDOM,failure_rate_pct,0.13981850655793898,0.049608990953124016,-0.09020951560481497
10,500,ALL_APPS,RANDOM,failure_rate_pct,0.14873652075280677,0.045304005498968944,-0.10343251525383783
1,500,ALL_APPS,RANDOM,service_time_s,0.6256461783886722,0.35224638836424765,-0.27339979002442455
2,500,ALL_APPS,RANDOM,service_time_s,0.6382908249157371,0.3613208201879093,-0.2769700047278278
3,500,ALL_APPS,RANDOM,service_time_s,0.6623345540518965,0.37743522687186215,-0.2848993271800343
4,500,ALL_APPS,RANDOM,service_time_s,0.6448177020672291,0.3662540018672849,-0.2785637001999442
5,500,ALL_APPS,RANDOM,service_time_s,0.6385847367316312,0.36224078426290957,-0.2763439524687216
6,500,ALL_APPS,RANDOM,service_time_s,0.6744114752246734,0.38631443099264456,-0.2880970442320288
7,500,ALL_APPS,RANDOM,service_time_s,0.6351714140699833,0.3589097975974638,-0.27626161647251957
8,500,ALL_APPS,RANDOM,service_time_s,0.655442799624147,0.3722767087056751,-0.2831660909184719
9,500,ALL_APPS,RANDOM,service_time_s,0.6481682227615031,0.36616501624078035,-0.28200320652072275
10,500,ALL_APPS,RANDOM,service_time_s,0.6658563779486149,0.3781094883409062,-0.28774688960770867
1,600,ALL_APPS,EXP3_MC,failure_rate_pct,0.16372651318731535,0.16372651318731535,0.0
2,600,ALL_APPS,EXP3_MC,failure_rate_pct,0.17175864091354898,0.17175864091354898,0.0
3,600,ALL_APPS,EXP3_MC,failure_rate_pct,0.17564886241089323,0.17564886241089323,0.0
4,600,ALL_APPS,EXP3_MC,failure_rate_pct,0.18690497050405935,0.18690497050405935,0.0
5,600,ALL_APPS,EXP3_MC,failure_rate_pct,0.16888110670599765,0.16888110670599765,0.0
6,600,ALL_APPS,EXP3_MC,failure_rate_pct,0.20018521572557627,0.20018521572557627,0.0
7,600,ALL_APPS,EXP3_MC,failure_rate_pct,0.16041256027867654,0.16041256027867654,0.0
8,600,ALL_APPS,EXP3_MC,failure_rate_pct,0.17652404486549067,0.17652404486549067,0.0
9,600,ALL_APPS,EXP3_MC,failure_rate_pct,0.18040875970854353,0.18040875970854353,0.0
10,600,ALL_APPS,EXP3_MC,failure_rate_pct,0.20002228227496846,0.20002228227496846,0.0
1,600,ALL_APPS,EXP3_MC,service_time_s,0.5986196601075842,0.5986196601075842,0.0
2,600,ALL_APPS,EXP3_MC,service_time_s,0.604499729635056,0.604499729635056,0.0
3,600,ALL_APPS,EXP3_MC,service_time_s,0.617522250213686,0.617522250213686,0.0
4,600,ALL_APPS,EXP3_MC,service_time_s,0.6060636517831829,0.6060636517831829,0.0
5,600,ALL_APPS,EXP3_MC,service_time_s,0.6087906815459636,0.6087906815459636,0.0
6,600,ALL_APPS,EXP3_MC,service_time_s,0.6371965469977958,0.6371965469977958,0.0
7,600,ALL_APPS,EXP3_MC,service_time_s,0.6025954612393103,0.6025954612393103,0.0
8,600,ALL_APPS,EXP3_MC,service_time_s,0.6138333903801371,0.6138333903801371,0.0
9,600,ALL_APPS,EXP3_MC,service_time_s,0.6117957565106685,0.6117957565106685,0.0
10,600,ALL_APPS,EXP3_MC,service_time_s,0.6307042140318353,0.6307042140318353,0.0
1,600,ALL_APPS,RAIDER_TRAX,failure_rate_pct,0.16372651318731535,0.1698307312984598,0.006104218111144449
2,600,ALL_APPS,RAIDER_TRAX,failure_rate_pct,0.17175864091354898,0.19073341186095683,0.01897477094740785
3,600,ALL_APPS,RAIDER_TRAX,failure_rate_pct,0.17564886241089323,0.18965646658493257,0.014007604174039345
4,600,ALL_APPS,RAIDER_TRAX,failure_rate_pct,0.18690497050405935,0.2023941938006938,0.015489223296634436
5,600,ALL_APPS,RAIDER_TRAX,failure_rate_pct,0.16888110670599765,0.19573900802355831,0.026857901317560662
6,600,ALL_APPS,RAIDER_TRAX,failure_rate_pct,0.20018521572557627,0.21439082559496625,0.014205609869389985
7,600,ALL_APPS,RAIDER_TRAX,failure_rate_pct,0.16041256027867654,0.19810130191481395,0.03768874163613742
8,600,ALL_APPS,RAIDER_TRAX,failure_rate_pct,0.17652404486549067,0.18374297892682148,0.007218934061330812
9,600,ALL_APPS,RAIDER_TRAX,failure_rate_pct,0.18040875970854353,0.2039263963328279,0.023517636624284355
10,600,ALL_APPS,RAIDER_TRAX,failure_rate_pct,0.20002228227496846,0.22177774553594562,0.02175546326097716
1,600,ALL_APPS,RAIDER_TRAX,service_time_s,0.5986196601075842,0.5980312878460374,-0.0005883722615467324
2,600,ALL_APPS,RAIDER_TRAX,service_time_s,0.604499729635056,0.6048815056728601,0.0003817760378040935
3,600,ALL_APPS,RAIDER_TRAX,service_time_s,0.617522250213686,0.6179394544532336,0.0004172042395476083
4,600,ALL_APPS,RAIDER_TRAX,service_time_s,0.6060636517831829,0.6053600980155694,-0.0007035537676134407
5,600,ALL_APPS,RAIDER_TRAX,service_time_s,0.6087906815459636,0.6088099247688434,1.9243222879827826e-05
6,600,ALL_APPS,RAIDER_TRAX,service_time_s,0.6371965469977958,0.6355220980212253,-0.0016744489765705417
7,600,ALL_APPS,RAIDER_TRAX,service_time_s,0.6025954612393103,0.6033317779757362,0.0007363167364259349
8,600,ALL_APPS,RAIDER_TRAX,service_time_s,0.6138333903801371,0.6143854952148396,0.0005521048347025825
9,600,ALL_APPS,RAIDER_TRAX,service_time_s,0.6117957565106685,0.6119921074196906,0.0001963509090220361
10,600,ALL_APPS,RAIDER_TRAX,service_time_s,0.6307042140318353,0.6311206560972833,0.0004164420654479972
1,600,ALL_APPS,RANDOM,failure_rate_pct,0.16372651318731535,0.056443060924297885,-0.10728345226301747
2,600,ALL_APPS,RANDOM,failure_rate_pct,0.17175864091354898,0.04706450547771705,-0.12469413543583192
3,600,ALL_APPS,RANDOM,failure_rate_pct,0.17564886241089323,0.0447841479127835,-0.1308647144981097
4,600,ALL_APPS,RANDOM,failure_rate_pct,0.18690497050405935,0.056879499257265466,-0.1300254712467939
5,600,ALL_APPS,RANDOM,failure_rate_pct,0.16888110670599765,0.057201266386297564,-0.11167984031970009
6,600,ALL_APPS,RANDOM,failure_rate_pct,0.20018521572557627,0.04160673014230009,-0.15857848558327617
7,600,ALL_APPS,RANDOM,failure_rate_pct,0.16041256027867654,0.04983141610472035,-0.11058114417395619
8,600,ALL_APPS,RANDOM,failure_rate_pct,0.17652404486549067,0.05377414857598088,-0.12274989628950979
9,600,ALL_APPS,RANDOM,failure_rate_pct,0.18040875970854353,0.04503602882305845,-0.13537273088548507
10,600,ALL_APPS,RANDOM,failure_rate_pct,0.20002228227496846,0.045337139925957975,-0.15468514234901048
1,600,ALL_APPS,RANDOM,service_time_s,0.5986196601075842,0.3588420890411592,-0.23977757106642494
2,600,ALL_APPS,RANDOM,service_time_s,0.604499729635056,0.3648506191705866,-0.23964911046446946
3,600,ALL_APPS,RANDOM,service_time_s,0.617522250213686,0.3761615638899089,-0.2413606863237771
4,600,ALL_APPS,RANDOM,service_time_s,0.6060636517831829,0.3666148124280602,-0.23944883935512268
5,600,ALL_APPS,RANDOM,service_time_s,0.6087906815459636,0.36776644454639584,-0.24102423699956776
6,600,ALL_APPS,RANDOM,service_time_s,0.6371965469977958,0.3891077601749699,-0.24808878682282592
7,600,ALL_APPS,RANDOM,service_time_s,0.6025954612393103,0.364763257799476,-0.2378322034398343
8,600,ALL_APPS,RANDOM,service_time_s,0.6138333903801371,0.3710881427648421,-0.24274524761529498
9,600,ALL_APPS,RANDOM,service_time_s,0.6117957565106685,0.36916825566066863,-0.2426275008499999
10,600,ALL_APPS,RANDOM,service_time_s,0.6307042140318353,0.38462456471118117,-0.24607964932065413
1,700,ALL_APPS,EXP3_MC,failure_rate_pct,0.2080030439469846,0.2080030439469846,0.0
2,700,ALL_APPS,EXP3_MC,failure_rate_pct,0.20696653158410955,0.20696653158410955,0.0
3,700,ALL_APPS,EXP3_MC,failure_rate_pct,0.248570339306138,0.248570339306138,0.0
4,700,ALL_APPS,EXP3_MC,failure_rate_pct,0.23759268635354405,0.23759268635354405,0.0
5,700,ALL_APPS,EXP3_MC,failure_rate_pct,0.23529666897987508,0.23529666897987508,0.0
6,700,ALL_APPS,EXP3_MC,failure_rate_pct,0.24959359651350302,0.24959359651350302,0.0
7,700,ALL_APPS,EXP3_MC,failure_rate_pct,0.22667710134790778,0.22667710134790778,0.0
8,700,ALL_APPS,EXP3_MC,failure_rate_pct,0.2350702291231902,0.2350702291231902,0.0
9,700,ALL_APPS,EXP3_MC,failure_rate_pct,0.2347148701064113,0.2347148701064113,0.0
10,700,ALL_APPS,EXP3_MC,failure_rate_pct,0.2544309515584726,0.2544309515584726,0.0
1,700,ALL_APPS,EXP3_MC,service_time_s,0.5752581444599278,0.5752581444599278,0.0
2,700,ALL_APPS,EXP3_MC,service_time_s,0.5776088933369018,0.5776088933369018,0.0
3,700,ALL_APPS,EXP3_MC,service_time_s,0.5948361621634005,0.5948361621634005,0.0
4,700,ALL_APPS,EXP3_MC,service_time_s,0.5839142295434828,0.5839142295434828,0.0
5,700,ALL_APPS,EXP3_MC,service_time_s,0.5902734677477203,0.5902734677477203,0.0
6,700,ALL_APPS,EXP3_MC,service_time_s,0.6025477417778592,0.6025477417778592,0.0
7,700,ALL_APPS,EXP3_MC,service_time_s,0.579548077164943,0.579548077164943,0.0
8,700,ALL_APPS,EXP3_MC,service_time_s,0.5910071479971278,0.5910071479971278,0.0
9,700,ALL_APPS,EXP3_MC,service_time_s,0.5889048129878022,0.5889048129878022,0.0
10,700,ALL_APPS,EXP3_MC,service_time_s,0.5976623806518941,0.5976623806518941,0.0
1,700,ALL_APPS,RAIDER_TRAX,failure_rate_pct,0.2080030439469846,0.24161380263767018,0.03361075869068558
2,700,ALL_APPS,RAIDER_TRAX,failure_rate_pct,0.20696653158410955,0.2336587184571322,0.02669218687302266
3,700,ALL_APPS,RAIDER_TRAX,failure_rate_pct,0.248570339306138,0.2607712467566985,0.012200907450560489
4,700,ALL_APPS,RAIDER_TRAX,failure_rate_pct,0.23759268635354405,0.27200894275976195,0.0344162564062179
5,700,ALL_APPS,RAIDER_TRAX,failure_rate_pct,0.23529666897987508,0.25763247036576004,0.02233580138588495
6,700,ALL_APPS,RAIDER_TRAX,failure_rate_pct,0.24959359651350302,0.26348573834607353,0.01389214183257051
7,700,ALL_APPS,RAIDER_TRAX,failure_rate_pct,0.22667710134790778,0.24992589654517966,0.023248795197271882
8,700,ALL_APPS,RAIDER_TRAX,failure_rate_pct,0.2350702291231902,0.26232472037439125,0.027254491251201052
9,700,ALL_APPS,RAIDER_TRAX,failure_rate_pct,0.2347148701064113,0.2801441606707884,0.04542929056437711
10,700,ALL_APPS,RAIDER_TRAX,failure_rate_pct,0.2544309515584726,0.28122356609196675,0.02679261453349413
1,700,ALL_APPS,RAIDER_TRAX,service_time_s,0.5752581444599278,0.576120620832978,0.0008624763730501472
2,700,ALL_APPS,RAIDER_TRAX,service_time_s,0.5776088933369018,0.5762363593874144,-0.0013725339494874422
3,700,ALL_APPS,RAIDER_TRAX,service_time_s,0.5948361621634005,0.5935920780037496,-0.0012440841596509378
4,700,ALL_APPS,RAIDER_TRAX,service_time_s,0.5839142295434828,0.5845572987340881,0.0006430691906053054
5,700,ALL_APPS,RAIDER_TRAX,service_time_s,0.5902734677477203,0.5894512118176242,-0.0008222559300961052
6,700,ALL_APPS,RAIDER_TRAX,service_time_s,0.6025477417778592,0.5992699498381475,-0.0032777919397116717
7,700,ALL_APPS,RAIDER_TRAX,service_time_s,0.579548077164943,0.5787765448540358,-0.0007715323109072081
8,700,ALL_APPS,RAIDER_TRAX,service_time_s,0.5910071479971278,0.5901519157966739,-0.0008552322004539148
9,700,ALL_APPS,RAIDER_TRAX,service_time_s,0.5889048129878022,0.5872917497649087,-0.0016130632228934516
10,700,ALL_APPS,RAIDER_TRAX,service_time_s,0.5976623806518941,0.5976153311940552,-4.7049457838954645e-05
1,700,ALL_APPS,RANDOM,failure_rate_pct,0.2080030439469846,0.0693298048408268,-0.1386732391061578
2,700,ALL_APPS,RANDOM,failure_rate_pct,0.20696653158410955,0.0788002033553635,-0.12816632822874605
3,700,ALL_APPS,RANDOM,failure_rate_pct,0.248570339306138,0.06056024764348748,-0.18801009166265054
4,700,ALL_APPS,RANDOM,failure_rate_pct,0.23759268635354405,0.060710998115109806,-0.17688168823843425
5,700,ALL_APPS,RANDOM,failure_rate_pct,0.23529666897987508,0.09302890401542241,-0.14226776496445268
6,700,ALL_APPS,RANDOM,failure_rate_pct,0.24959359651350302,0.06814827676013543,-0.18144531975336758
7,700,ALL_APPS,RANDOM,failure_rate_pct,0.22667710134790778,0.0703663742552892,-0.15631072709261856
8,700,ALL_APPS,RANDOM,failure_rate_pct,0.2350702291231902,0.06552130523629837,-0.16954892388689183
9,700,ALL_APPS,RANDOM,failure_rate_pct,0.2347148701064113,0.0726811783868672,-0.16203369171954407
10,700,ALL_APPS,RANDOM,failure_rate_pct,0.2544309515584726,0.07528336436926933,-0.1791475871892033
1,700,ALL_APPS,RANDOM,service_time_s,0.5752581444599278,0.364547191443448,-0.21071095301647985
2,700,ALL_APPS,RANDOM,service_time_s,0.5776088933369018,0.36794088158992555,-0.20966801174697625
3,700,ALL_APPS,RANDOM,service_time_s,0.5948361621634005,0.3831341512380923,-0.21170201092530821
4,700,ALL_APPS,RANDOM,service_time_s,0.5839142295434828,0.37447502336157756,-0.20943920618190526
5,700,ALL_APPS,RANDOM,service_time_s,0.5902734677477203,0.37927386337843594,-0.21099960436928433
6,700,ALL_APPS,RANDOM,service_time_s,0.6025477417778592,0.3884340574651244,-0.2141136843127348
7,700,ALL_APPS,RANDOM,service_time_s,0.579548077164943,0.3703739179133639,-0.20917415925157917
8,700,ALL_APPS,RANDOM,service_time_s,0.5910071479971278,0.37896427184538656,-0.21204287615174128
9,700,ALL_APPS,RANDOM,service_time_s,0.5889048129878022,0.375441538527395,-0.2134632744604072
10,700,ALL_APPS,RANDOM,service_time_s,0.5976623806518941,0.3858846093950327,-0.21177777125686142
1,800,ALL_APPS,EXP3_MC,failure_rate_pct,0.2725177468424449,0.2725177468424449,0.0
2,800,ALL_APPS,EXP3_MC,failure_rate_pct,0.27230045224276056,0.27230045224276056,0.0
3,800,ALL_APPS,EXP3_MC,failure_rate_pct,0.3138296441214115,0.3138296441214115,0.0
4,800,ALL_APPS,EXP3_MC,failure_rate_pct,0.2909497403464982,0.2909497403464982,0.0
5,800,ALL_APPS,EXP3_MC,failure_rate_pct,0.2846499188079091,0.2846499188079091,0.0
6,800,ALL_APPS,EXP3_MC,failure_rate_pct,0.30836710369487486,0.30836710369487486,0.0
7,800,ALL_APPS,EXP3_MC,failure_rate_pct,0.285370077554401,0.285370077554401,0.0
8,800,ALL_APPS,EXP3_MC,failure_rate_pct,0.28915342408536004,0.28915342408536004,0.0
9,800,ALL_APPS,EXP3_MC,failure_rate_pct,0.2878835930892836,0.2878835930892836,0.0
10,800,ALL_APPS,EXP3_MC,failure_rate_pct,0.3111532477822158,0.3111532477822158,0.0
1,800,ALL_APPS,EXP3_MC,service_time_s,0.5557409870143254,0.5557409870143254,0.0
2,800,ALL_APPS,EXP3_MC,service_time_s,0.5550132124024821,0.5550132124024821,0.0
3,800,ALL_APPS,EXP3_MC,service_time_s,0.5761299904526529,0.5761299904526529,0.0
4,800,ALL_APPS,EXP3_MC,service_time_s,0.561873870623207,0.561873870623207,0.0
5,800,ALL_APPS,EXP3_MC,service_time_s,0.5710465680191809,0.5710465680191809,0.0
6,800,ALL_APPS,EXP3_MC,service_time_s,0.5779880164189778,0.5779880164189778,0.0
7,800,ALL_APPS,EXP3_MC,service_time_s,0.5649109255583553,0.5649109255583553,0.0
8,800,ALL_APPS,EXP3_MC,service_time_s,0.5697711279513294,0.5697711279513294,0.0
9,800,ALL_APPS,EXP3_MC,service_time_s,0.5653685885811668,0.5653685885811668,0.0
10,800,ALL_APPS,EXP3_MC,service_time_s,0.572358587381419,0.572358587381419,0.0
1,800,ALL_APPS,RAIDER_TRAX,failure_rate_pct,0.2725177468424449,0.2881886889166281,0.01567094207418318
2,800,ALL_APPS,RAIDER_TRAX,failure_rate_pct,0.27230045224276056,0.2888225843470278,0.01652213210426723
3,800,ALL_APPS,RAIDER_TRAX,failure_rate_pct,0.3138296441214115,0.340740712269164,0.026911068147752515
4,800,ALL_APPS,RAIDER_TRAX,failure_rate_pct,0.2909497403464982,0.3206189572897266,0.029669216943228438
5,800,ALL_APPS,RAIDER_TRAX,failure_rate_pct,0.2846499188079091,0.3100547132901333,0.025404794482224213
6,800,ALL_APPS,RAIDER_TRAX,failure_rate_pct,0.30836710369487486,0.31942240800634647,0.011055304311471614
7,800,ALL_APPS,RAIDER_TRAX,failure_rate_pct,0.285370077554401,0.3239523313838468,0.0385822538294458
8,800,ALL_APPS,RAIDER_TRAX,failure_rate_pct,0.28915342408536004,0.31516872918652294,0.0260153051011629
9,800,ALL_APPS,RAIDER_TRAX,failure_rate_pct,0.2878835930892836,0.3107190522125047,0.022835459123221102
10,800,ALL_APPS,RAIDER_TRAX,failure_rate_pct,0.3111532477822158,0.3173113535925415,0.006158105810325665
1,800,ALL_APPS,RAIDER_TRAX,service_time_s,0.5557409870143254,0.5539985515773996,-0.00174243543692576
2,800,ALL_APPS,RAIDER_TRAX,service_time_s,0.5550132124024821,0.5538922507520069,-0.0011209616504752606
3,800,ALL_APPS,RAIDER_TRAX,service_time_s,0.5761299904526529,0.5722781606666689,-0.0038518297859839734
4,800,ALL_APPS,RAIDER_TRAX,service_time_s,0.561873870623207,0.5627075627064969,0.000833692083289872
5,800,ALL_APPS,RAIDER_TRAX,service_time_s,0.5710465680191809,0.5698458357905957,-0.0012007322285851885
6,800,ALL_APPS,RAIDER_TRAX,service_time_s,0.5779880164189778,0.5755272178892716,-0.002460798529706154
7,800,ALL_APPS,RAIDER_TRAX,service_time_s,0.5649109255583553,0.5638855295961775,-0.0010253959621777664
8,800,ALL_APPS,RAIDER_TRAX,service_time_s,0.5697711279513294,0.5681664061544119,-0.0016047217969175076
9,800,ALL_APPS,RAIDER_TRAX,service_time_s,0.5653685885811668,0.563491990955578,-0.0018765976255887828
10,800,ALL_APPS,RAIDER_TRAX,service_time_s,0.572358587381419,0.5697830212411248,-0.0025755661402941943
1,800,ALL_APPS,RANDOM,failure_rate_pct,0.2725177468424449,0.21755844117533182,-0.05495930566711307
2,800,ALL_APPS,RANDOM,failure_rate_pct,0.27230045224276056,0.21188268969835175,-0.06041776254440881
3,800,ALL_APPS,RANDOM,failure_rate_pct,0.3138296441214115,0.2634689112449915,-0.05036073287642001
4,800,ALL_APPS,RANDOM,failure_rate_pct,0.2909497403464982,0.29400167672831257,0.0030519363818143908
5,800,ALL_APPS,RANDOM,failure_rate_pct,0.2846499188079091,0.23821895512237615,-0.04643096368553293
6,800,ALL_APPS,RANDOM,failure_rate_pct,0.30836710369487486,0.17066896513585822,-0.13769813855901664
7,800,ALL_APPS,RANDOM,failure_rate_pct,0.285370077554401,0.1837062356597143,-0.10166384189468672
8,800,ALL_APPS,RANDOM,failure_rate_pct,0.28915342408536004,0.18775617136879755,-0.1013972527165625
9,800,ALL_APPS,RANDOM,failure_rate_pct,0.2878835930892836,0.2784274418086647,-0.009456151280618885
10,800,ALL_APPS,RANDOM,failure_rate_pct,0.3111532477822158,0.20979437843367632,-0.1013588693485395
1,800,ALL_APPS,RANDOM,service_time_s,0.5557409870143254,0.3718935613578883,-0.18384742565643708
2,800,ALL_APPS,RANDOM,service_time_s,0.5550132124024821,0.37068951179882564,-0.1843237006036565
3,800,ALL_APPS,RANDOM,service_time_s,0.5761299904526529,0.3932724253126942,-0.1828575651399587
4,800,ALL_APPS,RANDOM,service_time_s,0.561873870623207,0.38211593238612734,-0.1797579382370797
5,800,ALL_APPS,RANDOM,service_time_s,0.5710465680191809,0.3893506685829127,-0.18169589943626818
6,800,ALL_APPS,RANDOM,service_time_s,0.5779880164189778,0.39585340176949974,-0.18213461464947805
7,800,ALL_APPS,RANDOM,service_time_s,0.5649109255583553,0.3832419413432115,-0.18166898421514383
8,800,ALL_APPS,RANDOM,service_time_s,0.5697711279513294,0.38807127743567293,-0.1816998505156565
9,800,ALL_APPS,RANDOM,service_time_s,0.5653685885811668,0.38154894305376047,-0.18381964552740632
10,800,ALL_APPS,RANDOM,service_time_s,0.572358587381419,0.3901923780491533,-0.18216620933226568
1,900,ALL_APPS,EXP3_MC,failure_rate_pct,0.332783387665315,0.332783387665315,0.0
2,900,ALL_APPS,EXP3_MC,failure_rate_pct,0.33038713675353054,0.33038713675353054,0.0
3,900,ALL_APPS,EXP3_MC,failure_rate_pct,0.35689494624566154,0.35689494624566154,0.0
4,900,ALL_APPS,EXP3_MC,failure_rate_pct,0.3638851634249457,0.3638851634249457,0.0
5,900,ALL_APPS,EXP3_MC,failure_rate_pct,0.3501955428115748,0.3501955428115748,0.0
6,900,ALL_APPS,EXP3_MC,failure_rate_pct,0.3601324881773407,0.3601324881773407,0.0
7,900,ALL_APPS,EXP3_MC,failure_rate_pct,0.347931942835201,0.347931942835201,0.0
8,900,ALL_APPS,EXP3_MC,failure_rate_pct,0.3496550631738232,0.3496550631738232,0.0
9,900,ALL_APPS,EXP3_MC,failure_rate_pct,0.3527472877522587,0.3527472877522587,0.0
10,900,ALL_APPS,EXP3_MC,failure_rate_pct,0.3587633395577562,0.3587633395577562,0.0
1,900,ALL_APPS,EXP3_MC,service_time_s,0.5413925024917454,0.5413925024917454,0.0
2,900,ALL_APPS,EXP3_MC,service_time_s,0.5372242140812427,0.5372242140812427,0.0
3,900,ALL_APPS,EXP3_MC,service_time_s,0.5525609382602649,0.5525609382602649,0.0
4,900,ALL_APPS,EXP3_MC,service_time_s,0.5473610799101971,0.5473610799101971,0.0
5,900,ALL_APPS,EXP3_MC,service_time_s,0.5514085205995285,0.5514085205995285,0.0
6,900,ALL_APPS,EXP3_MC,service_time_s,0.5597543715405077,0.5597543715405077,0.0
7,900,ALL_APPS,EXP3_MC,service_time_s,0.5462949655598215,0.5462949655598215,0.0
8,900,ALL_APPS,EXP3_MC,service_time_s,0.5493315948002745,0.5493315948002745,0.0
9,900,ALL_APPS,EXP3_MC,service_time_s,0.5459174020550346,0.5459174020550346,0.0
10,900,ALL_APPS,EXP3_MC,service_time_s,0.5516668529696915,0.5516668529696915,0.0
1,900,ALL_APPS,RAIDER_TRAX,failure_rate_pct,0.332783387665315,0.36839245723069586,0.035609069565380846
2,900,ALL_APPS,RAIDER_TRAX,failure_rate_pct,0.33038713675353054,0.35452087498491575,0.024133738231385204
3,900,ALL_APPS,RAIDER_TRAX,failure_rate_pct,0.35689494624566154,0.39024803182934054,0.033353085583679
4,900,ALL_APPS,RAIDER_TRAX,failure_rate_pct,0.3638851634249457,0.38804943886008775,0.024164275435142046
5,900,ALL_APPS,RAIDER_TRAX,failure_rate_pct,0.3501955428115748,0.38548460436927795,0.03528906155770317
6,900,ALL_APPS,RAIDER_TRAX,failure_rate_pct,0.3601324881773407,0.4040868566945695,0.04395436851722878
7,900,ALL_APPS,RAIDER_TRAX,failure_rate_pct,0.347931942835201,0.39370276782435626,0.045770824989155245
8,900,ALL_APPS,RAIDER_TRAX,failure_rate_pct,0.3496550631738232,0.3843839997843001,0.03472893661047688
9,900,ALL_APPS,RAIDER_TRAX,failure_rate_pct,0.3527472877522587,0.3678270374667212,0.015079749714462465
10,900,ALL_APPS,RAIDER_TRAX,failure_rate_pct,0.3587633395577562,0.38055904326239814,0.021795703704641956
1,900,ALL_APPS,RAIDER_TRAX,service_time_s,0.5413925024917454,0.5391105934967168,-0.0022819089950286697
2,900,ALL_APPS,RAIDER_TRAX,service_time_s,0.5372242140812427,0.5346944494764931,-0.002529764604749518
3,900,ALL_APPS,RAIDER_TRAX,service_time_s,0.5525609382602649,0.5520543113467568,-0.0005066269135081125
4,900,ALL_APPS,RAIDER_TRAX,service_time_s,0.5473610799101971,0.5448625549054303,-0.0024985250047667718
5,900,ALL_APPS,RAIDER_TRAX,service_time_s,0.5514085205995285,0.5486823521443163,-0.00272616845521223
6,900,ALL_APPS,RAIDER_TRAX,service_time_s,0.5597543715405077,0.5569076138094882,-0.0028467577310195002
7,900,ALL_APPS,RAIDER_TRAX,service_time_s,0.5462949655598215,0.5457663161350133,-0.0005286494248082363
8,900,ALL_APPS,RAIDER_TRAX,service_time_s,0.5493315948002745,0.5483514734172479,-0.000980121383026611
9,900,ALL_APPS,RAIDER_TRAX,service_time_s,0.5459174020550346,0.5447030824554263,-0.0012143195996082712
10,900,ALL_APPS,RAIDER_TRAX,service_time_s,0.5516668529696915,0.5484124696667599,-0.003254383302931596
1,900,ALL_APPS,RANDOM,failure_rate_pct,0.332783387665315,0.9766181449555751,0.6438347572902601
2,900,ALL_APPS,RANDOM,failure_rate_pct,0.33038713675353054,1.0968366877684608,0.7664495510149303
3,900,ALL_APPS,RANDOM,failure_rate_pct,0.35689494624566154,0.9106453578925984,0.5537504116469368
4,900,ALL_APPS,RANDOM,failure_rate_pct,0.3638851634249457,0.9372691717243233,0.5733840082993776
5,900,ALL_APPS,RANDOM,failure_rate_pct,0.3501955428115748,0.9645042092083431,0.6143086663967683
6,900,ALL_APPS,RANDOM,failure_rate_pct,0.3601324881773407,1.0105347871147938,0.6504022989374532
7,900,ALL_APPS,RANDOM,failure_rate_pct,0.347931942835201,0.9732992413128222,0.6253672984776212
8,900,ALL_APPS,RANDOM,failure_rate_pct,0.3496550631738232,1.004618684694309,0.6549636215204858
9,900,ALL_APPS,RANDOM,failure_rate_pct,0.3527472877522587,1.020606597061565,0.6678593093093063
10,900,ALL_APPS,RANDOM,failure_rate_pct,0.3587633395577562,0.954720883547709,0.5959575439899528
1,900,ALL_APPS,RANDOM,service_time_s,0.5413925024917454,0.38946565958500673,-0.1519268429067387
2,900,ALL_APPS,RANDOM,service_time_s,0.5372242140812427,0.3855504222784987,-0.15167379180274398
3,900,ALL_APPS,RANDOM,service_time_s,0.5525609382602649,0.4043959530952408,-0.14816498516502408
4,900,ALL_APPS,RANDOM,service_time_s,0.5473610799101971,0.39573091873502686,-0.15163016117517025
5,900,ALL_APPS,RANDOM,service_time_s,0.5514085205995285,0.4020482798858087,-0.14936024071371978
6,900,ALL_APPS,RANDOM,service_time_s,0.5597543715405077,0.4103774906863002,-0.14937688085420747
7,900,ALL_APPS,RANDOM,service_time_s,0.5462949655598215,0.396794439311429,-0.1495005262483925
8,900,ALL_APPS,RANDOM,service_time_s,0.5493315948002745,0.400289877323306,-0.14904171747696848
9,900,ALL_APPS,RANDOM,service_time_s,0.5459174020550346,0.3955320699591543,-0.1503853320958803
10,900,ALL_APPS,RANDOM,service_time_s,0.5516668529696915,0.3983758765749105,-0.153290976394781
1,1000,ALL_APPS,EXP3_MC,failure_rate_pct,0.4182598609953398,0.4182598609953398,0.0
2,1000,ALL_APPS,EXP3_MC,failure_rate_pct,0.45816288145953826,0.45816288145953826,0.0
3,1000,ALL_APPS,EXP3_MC,failure_rate_pct,0.46000468368405206,0.46000468368405206,0.0
4,1000,ALL_APPS,EXP3_MC,failure_rate_pct,0.4548035169016894,0.4548035169016894,0.0
5,1000,ALL_APPS,EXP3_MC,failure_rate_pct,0.49339380066644983,0.49339380066644983,0.0
6,1000,ALL_APPS,EXP3_MC,failure_rate_pct,0.48231609502711786,0.48231609502711786,0.0
7,1000,ALL_APPS,EXP3_MC,failure_rate_pct,0.4798639650300086,0.4798639650300086,0.0
8,1000,ALL_APPS,EXP3_MC,failure_rate_pct,0.4707285141939134,0.4707285141939134,0.0
9,1000,ALL_APPS,EXP3_MC,failure_rate_pct,0.4648458451585569,0.4648458451585569,0.0
10,1000,ALL_APPS,EXP3_MC,failure_rate_pct,0.5028863164725111,0.5028863164725111,0.0
1,1000,ALL_APPS,EXP3_MC,service_time_s,0.5259995556703605,0.5259995556703605,0.0
2,1000,ALL_APPS,EXP3_MC,service_time_s,0.5241685527418289,0.5241685527418289,0.0
3,1000,ALL_APPS,EXP3_MC,service_time_s,0.5376621080398767,0.5376621080398767,0.0
4,1000,ALL_APPS,EXP3_MC,service_time_s,0.5357499335983691,0.5357499335983691,0.0
5,1000,ALL_APPS,EXP3_MC,service_time_s,0.5410619679571838,0.5410619679571838,0.0
6,1000,ALL_APPS,EXP3_MC,service_time_s,0.5457751016633607,0.5457751016633607,0.0
7,1000,ALL_APPS,EXP3_MC,service_time_s,0.5380911242916364,0.5380911242916364,0.0
8,1000,ALL_APPS,EXP3_MC,service_time_s,0.5370241772992895,0.5370241772992895,0.0
9,1000,ALL_APPS,EXP3_MC,service_time_s,0.531704837558234,0.531704837558234,0.0
10,1000,ALL_APPS,EXP3_MC,service_time_s,0.5367960908184359,0.5367960908184359,0.0
1,1000,ALL_APPS,RAIDER_TRAX,failure_rate_pct,0.4182598609953398,0.4701729405831924,0.05191307958785263
2,1000,ALL_APPS,RAIDER_TRAX,failure_rate_pct,0.45816288145953826,0.4336268751680653,-0.024536006291472956
3,1000,ALL_APPS,RAIDER_TRAX,failure_rate_pct,0.46000468368405206,0.5054613855785358,0.04545670189448375
4,1000,ALL_APPS,RAIDER_TRAX,failure_rate_pct,0.4548035169016894,0.5014554175751837,0.04665190067349434
5,1000,ALL_APPS,RAIDER_TRAX,failure_rate_pct,0.49339380066644983,0.5134853180325857,0.020091517366135847
6,1000,ALL_APPS,RAIDER_TRAX,failure_rate_pct,0.48231609502711786,0.5165451820436,0.03422908701648214
7,1000,ALL_APPS,RAIDER_TRAX,failure_rate_pct,0.4798639650300086,0.5108753017114855,0.03101133668147693
8,1000,ALL_APPS,RAIDER_TRAX,failure_rate_pct,0.4707285141939134,0.4748129191589288,0.004084404965015387
9,1000,ALL_APPS,RAIDER_TRAX,failure_rate_pct,0.4648458451585569,0.4867795774933556,0.021933732334798672
10,1000,ALL_APPS,RAIDER_TRAX,failure_rate_pct,0.5028863164725111,0.5269021581104367,0.024015841637925583
1,1000,ALL_APPS,RAIDER_TRAX,service_time_s,0.5259995556703605,0.5244794462465472,-0.0015201094238133095
2,1000,ALL_APPS,RAIDER_TRAX,service_time_s,0.5241685527418289,0.5204649890542209,-0.003703563687608047
3,1000,ALL_APPS,RAIDER_TRAX,service_time_s,0.5376621080398767,0.5352671556301218,-0.002394952409754847
4,1000,ALL_APPS,RAIDER_TRAX,service_time_s,0.5357499335983691,0.5329279331100978,-0.0028220004882713035
5,1000,ALL_APPS,RAIDER_TRAX,service_time_s,0.5410619679571838,0.5375741829020021,-0.003487785055181658
6,1000,ALL_APPS,RAIDER_TRAX,service_time_s,0.5457751016633607,0.543815312368619,-0.0019597892947417206
7,1000,ALL_APPS,RAIDER_TRAX,service_time_s,0.5380911242916364,0.5341964322316926,-0.0038946920599438606
8,1000,ALL_APPS,RAIDER_TRAX,service_time_s,0.5370241772992895,0.5328168000542322,-0.004207377245057375
9,1000,ALL_APPS,RAIDER_TRAX,service_time_s,0.531704837558234,0.529029926910292,-0.002674910647941897
10,1000,ALL_APPS,RAIDER_TRAX,service_time_s,0.5367960908184359,0.5366737192451634,-0.00012237157327255055
1,1000,ALL_APPS,RANDOM,failure_rate_pct,0.4182598609953398,3.7410788972538134,3.3228190362584735
2,1000,ALL_APPS,RANDOM,failure_rate_pct,0.45816288145953826,3.8082153536451866,3.350052472185648
3,1000,ALL_APPS,RANDOM,failure_rate_pct,0.46000468368405206,3.7270537571621474,3.2670490734780953
4,1000,ALL_APPS,RANDOM,failure_rate_pct,0.4548035169016894,3.448429296075465,2.9936257791737755
5,1000,ALL_APPS,RANDOM,failure_rate_pct,0.49339380066644983,3.5622074640672676,3.068813663400818
6,1000,ALL_APPS,RANDOM,failure_rate_pct,0.48231609502711786,3.814888315481838,3.33257222045472
7,1000,ALL_APPS,RANDOM,failure_rate_pct,0.4798639650300086,3.3317567043486065,2.8518927393185978
8,1000,ALL_APPS,RANDOM,failure_rate_pct,0.4707285141939134,3.813236654885245,3.3425081406913315
9,1000,ALL_APPS,RANDOM,failure_rate_pct,0.4648458451585569,3.5656820752888647,3.100836230130308
10,1000,ALL_APPS,RANDOM,failure_rate_pct,0.5028863164725111,3.6797911428532077,3.1769048263806967
1,1000,ALL_APPS,RANDOM,service_time_s,0.5259995556703605,0.41542869745424604,-0.11057085821611445
2,1000,ALL_APPS,RANDOM,service_time_s,0.5241685527418289,0.4084378154349722,-0.11573073730685673
3,1000,ALL_APPS,RANDOM,service_time_s,0.5376621080398767,0.42586285632088217,-0.11179925171899452
4,1000,ALL_APPS,RANDOM,service_time_s,0.5357499335983691,0.4224445640525535,-0.1133053695458156
5,1000,ALL_APPS,RANDOM,service_time_s,0.5410619679571838,0.4290088221582454,-0.11205314579893838
6,1000,ALL_APPS,RANDOM,service_time_s,0.5457751016633607,0.4374823668130086,-0.10829273485035212
7,1000,ALL_APPS,RANDOM,service_time_s,0.5380911242916364,0.4241606449456418,-0.1139304793459946
8,1000,ALL_APPS,RANDOM,service_time_s,0.5370241772992895,0.42654604192061324,-0.11047813537867629
9,1000,ALL_APPS,RANDOM,service_time_s,0.531704837558234,0.4190219024509395,-0.11268293510729444
10,1000,ALL_APPS,RANDOM,service_time_s,0.5367960908184359,0.4265709004101304,-0.11022519040830553
1,1100,ALL_APPS,EXP3_MC,failure_rate_pct,0.6774568440148531,0.6774568440148531,0.0
2,1100,ALL_APPS,EXP3_MC,failure_rate_pct,0.6979040137841728,0.6979040137841728,0.0
3,1100,ALL_APPS,EXP3_MC,failure_rate_pct,0.7345267499910507,0.7345267499910507,0.0
4,1100,ALL_APPS,EXP3_MC,failure_rate_pct,0.735779960355235,0.735779960355235,0.0
5,1100,ALL_APPS,EXP3_MC,failure_rate_pct,0.7233182780698385,0.7233182780698385,0.0
6,1100,ALL_APPS,EXP3_MC,failure_rate_pct,0.8216255064647818,0.8216255064647818,0.0
7,1100,ALL_APPS,EXP3_MC,failure_rate_pct,0.798224997854606,0.798224997854606,0.0
8,1100,ALL_APPS,EXP3_MC,failure_rate_pct,0.7502981408103935,0.7502981408103935,0.0
9,1100,ALL_APPS,EXP3_MC,failure_rate_pct,0.7048212059486746,0.7048212059486746,0.0
10,1100,ALL_APPS,EXP3_MC,failure_rate_pct,0.8476787731907534,0.8476787731907534,0.0
1,1100,ALL_APPS,EXP3_MC,service_time_s,0.5205524848254343,0.5205524848254343,0.0
2,1100,ALL_APPS,EXP3_MC,service_time_s,0.5174783383792778,0.5174783383792778,0.0
3,1100,ALL_APPS,EXP3_MC,service_time_s,0.5285911951498752,0.5285911951498752,0.0
4,1100,ALL_APPS,EXP3_MC,service_time_s,0.5300716881040602,0.5300716881040602,0.0
5,1100,ALL_APPS,EXP3_MC,service_time_s,0.5297027675263819,0.5297027675263819,0.0
6,1100,ALL_APPS,EXP3_MC,service_time_s,0.5402058191279405,0.5402058191279405,0.0
7,1100,ALL_APPS,EXP3_MC,service_time_s,0.5294506547069434,0.5294506547069434,0.0
8,1100,ALL_APPS,EXP3_MC,service_time_s,0.528517386398848,0.528517386398848,0.0
9,1100,ALL_APPS,EXP3_MC,service_time_s,0.5220742070943727,0.5220742070943727,0.0
10,1100,ALL_APPS,EXP3_MC,service_time_s,0.5312367798163765,0.5312367798163765,0.0
1,1100,ALL_APPS,RAIDER_TRAX,failure_rate_pct,0.6774568440148531,0.756270988780788,0.07881414476593496
2,1100,ALL_APPS,RAIDER_TRAX,failure_rate_pct,0.6979040137841728,0.7676048801369864,0.06970086635281358
3,1100,ALL_APPS,RAIDER_TRAX,failure_rate_pct,0.7345267499910507,0.7777606441273496,0.043233894136298856
4,1100,ALL_APPS,RAIDER_TRAX,failure_rate_pct,0.735779960355235,0.8288700433683397,0.09309008301310473
5,1100,ALL_APPS,RAIDER_TRAX,failure_rate_pct,0.7233182780698385,0.7992988800940743,0.07598060202423584
6,1100,ALL_APPS,RAIDER_TRAX,failure_rate_pct,0.8216255064647818,0.8514200315608996,0.029794525096117797
7,1100,ALL_APPS,RAIDER_TRAX,failure_rate_pct,0.798224997854606,0.7915910578862208,-0.0066339399683852385
8,1100,ALL_APPS,RAIDER_TRAX,failure_rate_pct,0.7502981408103935,0.8218861889596312,0.07158804814923769
9,1100,ALL_APPS,RAIDER_TRAX,failure_rate_pct,0.7048212059486746,0.7499219966673162,0.04510079071864159
10,1100,ALL_APPS,RAIDER_TRAX,failure_rate_pct,0.8476787731907534,0.8480928321581256,0.0004140589673722328
1,1100,ALL_APPS,RAIDER_TRAX,service_time_s,0.5205524848254343,0.5183556719797157,-0.0021968128457185987
2,1100,ALL_APPS,RAIDER_TRAX,service_time_s,0.5174783383792778,0.5144099389734643,-0.0030683994058134934
3,1100,ALL_APPS,RAIDER_TRAX,service_time_s,0.5285911951498752,0.5263223479651673,-0.0022688471847078784
4,1100,ALL_APPS,RAIDER_TRAX,service_time_s,0.5300716881040602,0.528858321041868,-0.0012133670621922166
5,1100,ALL_APPS,RAIDER_TRAX,service_time_s,0.5297027675263819,0.5282360013172755,-0.0014667662091063516
6,1100,ALL_APPS,RAIDER_TRAX,service_time_s,0.5402058191279405,0.5376855048216125,-0.002520314306328042
7,1100,ALL_APPS,RAIDER_TRAX,service_time_s,0.5294506547069434,0.52664495662236,-0.002805698084583419
8,1100,ALL_APPS,RAIDER_TRAX,service_time_s,0.528517386398848,0.525524823158604,-0.002992563240243995
9,1100,ALL_APPS,RAIDER_TRAX,service_time_s,0.5220742070943727,0.5192965369695102,-0.002777670124862519
10,1100,ALL_APPS,RAIDER_TRAX,service_time_s,0.5312367798163765,0.5287237836080616,-0.0025129962083149104
1,1100,ALL_APPS,RANDOM,failure_rate_pct,0.6774568440148531,9.431051447374992,8.753594603360138
2,1100,ALL_APPS,RANDOM,failure_rate_pct,0.6979040137841728,9.814206159061145,9.116302145276972
3,1100,ALL_APPS,RANDOM,failure_rate_pct,0.7345267499910507,9.382425745982008,8.647898995990957
4,1100,ALL_APPS,RANDOM,failure_rate_pct,0.735779960355235,8.366556730817688,7.630776770462453
5,1100,ALL_APPS,RANDOM,failure_rate_pct,0.7233182780698385,8.525546271156827,7.802227993086989
6,1100,ALL_APPS,RANDOM,failure_rate_pct,0.8216255064647818,9.49552912337391,8.673903616909127
7,1100,ALL_APPS,RANDOM,failure_rate_pct,0.798224997854606,9.054306740280717,8.256081742426112
8,1100,ALL_APPS,RANDOM,failure_rate_pct,0.7502981408103935,9.478648894457587,8.728350753647193
9,1100,ALL_APPS,RANDOM,failure_rate_pct,0.7048212059486746,8.99323409276078,8.288412886812106
10,1100,ALL_APPS,RANDOM,failure_rate_pct,0.8476787731907534,8.815854491347098,7.968175718156345
1,1100,ALL_APPS,RANDOM,service_time_s,0.5205524848254343,0.4514539815917633,-0.06909850323367095
2,1100,ALL_APPS,RANDOM,service_time_s,0.5174783383792778,0.44864586458453076,-0.06883247379474705
3,1100,ALL_APPS,RANDOM,service_time_s,0.5285911951498752,0.46011518954013525,-0.06847600560973993
4,1100,ALL_APPS,RANDOM,service_time_s,0.5300716881040602,0.45555726173484873,-0.07451442636921152
5,1100,ALL_APPS,RANDOM,service_time_s,0.5297027675263819,0.45611766335432374,-0.07358510417205816
6,1100,ALL_APPS,RANDOM,service_time_s,0.5402058191279405,0.4747850855376865,-0.06542073359025402
7,1100,ALL_APPS,RANDOM,service_time_s,0.5294506547069434,0.45879378151886224,-0.07065687318808117
8,1100,ALL_APPS,RANDOM,service_time_s,0.528517386398848,0.4604409117200734,-0.06807647467877465
9,1100,ALL_APPS,RANDOM,service_time_s,0.5220742070943727,0.4553623772557813,-0.06671182983859136
10,1100,ALL_APPS,RANDOM,service_time_s,0.5312367798163765,0.45965879275396443,-0.07157798706241209
1,1200,ALL_APPS,EXP3_MC,failure_rate_pct,0.4208220940879507,1.6437359480003315,1.222913853912381
2,1200,ALL_APPS,EXP3_MC,failure_rate_pct,0.3979821862586003,1.846988302733768,1.4490061164751675
3,1200,ALL_APPS,EXP3_MC,failure_rate_pct,0.4533990404106103,1.721614265958589,1.2682152255479786
4,1200,ALL_APPS,EXP3_MC,failure_rate_pct,0.6124911856810669,1.7470104633781764,1.1345192776971096
5,1200,ALL_APPS,EXP3_MC,failure_rate_pct,0.45633651671178327,1.5899413482651776,1.1336048315533944
6,1200,ALL_APPS,EXP3_MC,failure_rate_pct,0.5129025021080834,1.8646570008445238,1.3517544987364403
7,1200,ALL_APPS,EXP3_MC,failure_rate_pct,0.5675195383410085,1.7480165706162007,1.1804970322751922
8,1200,ALL_APPS,EXP3_MC,failure_rate_pct,0.4602390566992806,1.7826509011084448,1.3224118444091641
9,1200,ALL_APPS,EXP3_MC,failure_rate_pct,0.4086430534381275,1.7712584939615628,1.3626154405234352
10,1200,ALL_APPS,EXP3_MC,failure_rate_pct,0.7267556578481719,1.6799886956887038,0.9532330378405319
1,1200,ALL_APPS,EXP3_MC,service_time_s,0.5041229611958541,0.5234155779327461,0.019292616736891977
2,1200,ALL_APPS,EXP3_MC,service_time_s,0.501573022135839,0.5215634640997158,0.01999044196387678
3,1200,ALL_APPS,EXP3_MC,service_time_s,0.5134572950522202,0.5331144172057038,0.019657122153483697
4,1200,ALL_APPS,EXP3_MC,service_time_s,0.516038038798147,0.5320775595213754,0.01603952072322834
5,1200,ALL_APPS,EXP3_MC,service_time_s,0.5148066981443953,0.5344038081506212,0.019597110006225882
6,1200,ALL_APPS,EXP3_MC,service_time_s,0.5287260181847939,0.5468765974264392,0.018150579241645315
7,1200,ALL_APPS,EXP3_MC,service_time_s,0.51765950134344,0.5358799323876234,0.01822043104418347
8,1200,ALL_APPS,EXP3_MC,service_time_s,0.5140309475810344,0.5354414403883226,0.02141049280728824
9,1200,ALL_APPS,EXP3_MC,service_time_s,0.5008717786232021,0.5198116500993601,0.018939871476158054
10,1200,ALL_APPS,EXP3_MC,service_time_s,0.5194847046776296,0.5336027005184053,0.014117995840775666
1,1200,ALL_APPS,RAIDER_TRAX,failure_rate_pct,0.4208220940879507,1.762747936696487,1.3419258426085365
2,1200,ALL_APPS,RAIDER_TRAX,failure_rate_pct,0.3979821862586003,1.772252897869674,1.3742707116110737
3,1200,ALL_APPS,RAIDER_TRAX,failure_rate_pct,0.4533990404106103,1.841932766422869,1.3885337260122588
4,1200,ALL_APPS,RAIDER_TRAX,failure_rate_pct,0.6124911856810669,1.6612766785216544,1.0487854928405875
5,1200,ALL_APPS,RAIDER_TRAX,failure_rate_pct,0.45633651671178327,1.834183504808597,1.3778469880968138
6,1200,ALL_APPS,RAIDER_TRAX,failure_rate_pct,0.5129025021080834,1.8457226039451917,1.3328201018371084
7,1200,ALL_APPS,RAIDER_TRAX,failure_rate_pct,0.5675195383410085,1.747151563328034,1.1796320249870254
8,1200,ALL_APPS,RAIDER_TRAX,failure_rate_pct,0.4602390566992806,1.8040830443712028,1.3438439876719221
9,1200,ALL_APPS,RAIDER_TRAX,failure_rate_pct,0.4086430534381275,1.7304371422932703,1.3217940888551427
10,1200,ALL_APPS,RAIDER_TRAX,failure_rate_pct,0.7267556578481719,1.9411481657811056,1.2143925079329336
1,1200,ALL_APPS,RAIDER_TRAX,service_time_s,0.5041229611958541,0.5212043989463384,0.01708143775048432
2,1200,ALL_APPS,RAIDER_TRAX,service_time_s,0.501573022135839,0.5182957449823204,0.016722722846481464
3,1200,ALL_APPS,RAIDER_TRAX,service_time_s,0.5134572950522202,0.5317912351730754,0.018333940120855208
4,1200,ALL_APPS,RAIDER_TRAX,service_time_s,0.516038038798147,0.5280355571875858,0.011997518389438744
5,1200,ALL_APPS,RAIDER_TRAX,service_time_s,0.5148066981443953,0.529459573718017,0.014652875573621715
6,1200,ALL_APPS,RAIDER_TRAX,service_time_s,0.5287260181847939,0.5458336141926624,0.017107596007868486
7,1200,ALL_APPS,RAIDER_TRAX,service_time_s,0.51765950134344,0.5321718594328751,0.014512358089435184
8,1200,ALL_APPS,RAIDER_TRAX,service_time_s,0.5140309475810344,0.5308800134550716,0.016849065874037228
9,1200,ALL_APPS,RAIDER_TRAX,service_time_s,0.5008717786232021,0.5183634194564983,0.01749164083329624
10,1200,ALL_APPS,RAIDER_TRAX,service_time_s,0.5194847046776296,0.5307096642795056,0.011224959601875972
1,1200,ALL_APPS,RANDOM,failure_rate_pct,0.4208220940879507,16.17789710722328,15.75707501313533
2,1200,ALL_APPS,RANDOM,failure_rate_pct,0.3979821862586003,16.635522481940654,16.237540295682056
3,1200,ALL_APPS,RANDOM,failure_rate_pct,0.4533990404106103,15.668236521414057,15.214837481003446
4,1200,ALL_APPS,RANDOM,failure_rate_pct,0.6124911856810669,14.924584272883868,14.3120930872028
5,1200,ALL_APPS,RANDOM,failure_rate_pct,0.45633651671178327,15.16681500317864,14.710478486466856
6,1200,ALL_APPS,RANDOM,failure_rate_pct,0.5129025021080834,15.923152991352714,15.41025048924463
7,1200,ALL_APPS,RANDOM,failure_rate_pct,0.5675195383410085,15.061432729727835,14.493913191386827
8,1200,ALL_APPS,RANDOM,failure_rate_pct,0.4602390566992806,16.034279914767275,15.574040858067994
9,1200,ALL_APPS,RANDOM,failure_rate_pct,0.4086430534381275,16.108183048263495,15.699539994825367
10,1200,ALL_APPS,RANDOM,failure_rate_pct,0.7267556578481719,15.01455016688774,14.28779450903957
1,1200,ALL_APPS,RANDOM,service_time_s,0.5041229611958541,0.4789294886187495,-0.02519347257710458
2,1200,ALL_APPS,RANDOM,service_time_s,0.501573022135839,0.4826409202617426,-0.018932101874096385
3,1200,ALL_APPS,RANDOM,service_time_s,0.5134572950522202,0.4968101107677132,-0.016647184284506955
4,1200,ALL_APPS,RANDOM,service_time_s,0.516038038798147,0.48629184344828214,-0.02974619534986489
5,1200,ALL_APPS,RANDOM,service_time_s,0.5148066981443953,0.4974039556047053,-0.017402742539689986
6,1200,ALL_APPS,RANDOM,service_time_s,0.5287260181847939,0.5140149998394006,-0.014711018345393345
7,1200,ALL_APPS,RANDOM,service_time_s,0.51765950134344,0.4928878936958098,-0.024771607647630145
8,1200,ALL_APPS,RANDOM,service_time_s,0.5140309475810344,0.49820701700284786,-0.01582393057818654
9,1200,ALL_APPS,RANDOM,service_time_s,0.5008717786232021,0.47963980795375283,-0.021231970669449263
10,1200,ALL_APPS,RANDOM,service_time_s,0.5194847046776296,0.4893286289679782,-0.030156075709651453
1,1300,ALL_APPS,EXP3_MC,failure_rate_pct,0.5606074233804264,4.5925227622310345,4.031915338850608
2,1300,ALL_APPS,EXP3_MC,failure_rate_pct,0.5441041060064116,4.5893176087858985,4.045213502779487
3,1300,ALL_APPS,EXP3_MC,failure_rate_pct,0.5897518455804516,4.43571456697929,3.8459627213988385
4,1300,ALL_APPS,EXP3_MC,failure_rate_pct,0.6112092941717167,3.977422144304007,3.3662128501322908
5,1300,ALL_APPS,EXP3_MC,failure_rate_pct,0.5927477639858765,4.29566499848525,3.702917234499374
6,1300,ALL_APPS,EXP3_MC,failure_rate_pct,0.6459813879790467,4.711069908678013,4.065088520698966
7,1300,ALL_APPS,EXP3_MC,failure_rate_pct,0.5950828472749345,4.375290194835497,3.7802073475605624
8,1300,ALL_APPS,EXP3_MC,failure_rate_pct,0.595492618384888,4.252292348739936,3.6567997303550484
9,1300,ALL_APPS,EXP3_MC,failure_rate_pct,0.5433290069089844,4.738392465429517,4.195063458520533
10,1300,ALL_APPS,EXP3_MC,failure_rate_pct,0.5954333705137458,4.317515293323663,3.7220819228099176
1,1300,ALL_APPS,EXP3_MC,service_time_s,0.5005482527129558,0.5409767001197736,0.040428447406817836
2,1300,ALL_APPS,EXP3_MC,service_time_s,0.4980606057444673,0.541757256547775,0.043696650803307646
3,1300,ALL_APPS,EXP3_MC,service_time_s,0.5104485036374041,0.5512641785771626,0.04081567493975846
4,1300,ALL_APPS,EXP3_MC,service_time_s,0.5129406787443705,0.5493298986130012,0.03638921986863064
5,1300,ALL_APPS,EXP3_MC,service_time_s,0.5107457910965437,0.5483160922169281,0.0375703011203844
6,1300,ALL_APPS,EXP3_MC,service_time_s,0.520741949140573,0.5637970560141132,0.043055106873540194
7,1300,ALL_APPS,EXP3_MC,service_time_s,0.5094949304219888,0.5477770615408313,0.03828213111884249
8,1300,ALL_APPS,EXP3_MC,service_time_s,0.5085402240985176,0.5453947959040059,0.036854571805488234
9,1300,ALL_APPS,EXP3_MC,service_time_s,0.5012930569960913,0.5417932068829032,0.04050014988681194
10,1300,ALL_APPS,EXP3_MC,service_time_s,0.5104191968094786,0.5501340596549086,0.03971486284543002
1,1300,ALL_APPS,RAIDER_TRAX,failure_rate_pct,0.5606074233804264,4.424937951135096,3.8643305277546696
2,1300,ALL_APPS,RAIDER_TRAX,failure_rate_pct,0.5441041060064116,4.501101775056899,3.9569976690504873
3,1300,ALL_APPS,RAIDER_TRAX,failure_rate_pct,0.5897518455804516,4.576614514386177,3.986862668805726
4,1300,ALL_APPS,RAIDER_TRAX,failure_rate_pct,0.6112092941717167,4.260130321017077,3.6489210268453602
5,1300,ALL_APPS,RAIDER_TRAX,failure_rate_pct,0.5927477639858765,4.189177605583692,3.596429841597815
6,1300,ALL_APPS,RAIDER_TRAX,failure_rate_pct,0.6459813879790467,4.536064676258057,3.8900832882790106
7,1300,ALL_APPS,RAIDER_TRAX,failure_rate_pct,0.5950828472749345,4.37438084867737,3.7792980014024353
8,1300,ALL_APPS,RAIDER_TRAX,failure_rate_pct,0.595492618384888,4.403785591868644,3.808292973483756
9,1300,ALL_APPS,RAIDER_TRAX,failure_rate_pct,0.5433290069089844,4.53183738258758,3.9885083756785953
10,1300,ALL_APPS,RAIDER_TRAX,failure_rate_pct,0.5954333705137458,4.516769307199835,3.9213359366860896
1,1300,ALL_APPS,RAIDER_TRAX,service_time_s,0.5005482527129558,0.5380744988669692,0.037526246154013454
2,1300,ALL_APPS,RAIDER_TRAX,service_time_s,0.4980606057444673,0.5343580645893335,0.03629745884486624
3,1300,ALL_APPS,RAIDER_TRAX,service_time_s,0.5104485036374041,0.5441545142131256,0.03370601057572142
4,1300,ALL_APPS,RAIDER_TRAX,service_time_s,0.5129406787443705,0.5440400994445769,0.031099420700206326
5,1300,ALL_APPS,RAIDER_TRAX,service_time_s,0.5107457910965437,0.5460869018166539,0.03534111072011015
6,1300,ALL_APPS,RAIDER_TRAX,service_time_s,0.520741949140573,0.5566576934492218,0.035915744308648745
7,1300,ALL_APPS,RAIDER_TRAX,service_time_s,0.5094949304219888,0.5454941989424423,0.03599926852045354
8,1300,ALL_APPS,RAIDER_TRAX,service_time_s,0.5085402240985176,0.546085149680018,0.037544925581500355
9,1300,ALL_APPS,RAIDER_TRAX,service_time_s,0.5012930569960913,0.5381839202243719,0.03689086322828061
10,1300,ALL_APPS,RAIDER_TRAX,service_time_s,0.5104191968094786,0.5448485271882277,0.03442933037874918
1,1300,ALL_APPS,RANDOM,failure_rate_pct,0.5606074233804264,22.33674471982722,21.776137296446795
2,1300,ALL_APPS,RANDOM,failure_rate_pct,0.5441041060064116,22.812980725726177,22.268876619719766
3,1300,ALL_APPS,RANDOM,failure_rate_pct,0.5897518455804516,21.756260488192424,21.166508642611973
4,1300,ALL_APPS,RANDOM,failure_rate_pct,0.6112092941717167,20.264728874991118,19.653519580819403
5,1300,ALL_APPS,RANDOM,failure_rate_pct,0.5927477639858765,20.48866353213056,19.895915768144683
6,1300,ALL_APPS,RANDOM,failure_rate_pct,0.6459813879790467,21.585301973823455,20.93932058584441
7,1300,ALL_APPS,RANDOM,failure_rate_pct,0.5950828472749345,20.625143263459748,20.030060416184813
8,1300,ALL_APPS,RANDOM,failure_rate_pct,0.595492618384888,21.605215879725318,21.00972326134043
9,1300,ALL_APPS,RANDOM,failure_rate_pct,0.5433290069089844,22.196038839022712,21.65270983211373
10,1300,ALL_APPS,RANDOM,failure_rate_pct,0.5954333705137458,20.66480202758994,20.069368657076193
1,1300,ALL_APPS,RANDOM,service_time_s,0.5005482527129558,0.5010701589905163,0.0005219062775605465
2,1300,ALL_APPS,RANDOM,service_time_s,0.4980606057444673,0.49958132837300695,0.0015207226285396391
3,1300,ALL_APPS,RANDOM,service_time_s,0.5104485036374041,0.5131850920002372,0.002736588362833081
4,1300,ALL_APPS,RANDOM,service_time_s,0.5129406787443705,0.5097263769452083,-0.003214301799162267
5,1300,ALL_APPS,RANDOM,service_time_s,0.5107457910965437,0.517779322294581,0.0070335311980372905
6,1300,ALL_APPS,RANDOM,service_time_s,0.520741949140573,0.5275432622255619,0.00680131308498888
7,1300,ALL_APPS,RANDOM,service_time_s,0.5094949304219888,0.5104086611701123,0.0009137307481235091
8,1300,ALL_APPS,RANDOM,service_time_s,0.5085402240985176,0.5100132882362711,0.0014730641377534992
9,1300,ALL_APPS,RANDOM,service_time_s,0.5012930569960913,0.49806084516044646,-0.003232211835644816
10,1300,ALL_APPS,RANDOM,service_time_s,0.5104191968094786,0.512774149106077,0.0023549522965984337
1,1400,ALL_APPS,EXP3_MC,failure_rate_pct,0.9277077869074319,9.589826273493731,8.6621184865863
2,1400,ALL_APPS,EXP3_MC,failure_rate_pct,0.8868589110192643,9.345349940713092,8.458491029693828
3,1400,ALL_APPS,EXP3_MC,failure_rate_pct,0.981732362670312,9.032160298517729,8.050427935847416
4,1400,ALL_APPS,EXP3_MC,failure_rate_pct,1.0473642500113929,8.385522615355542,7.33815836534415
5,1400,ALL_APPS,EXP3_MC,failure_rate_pct,0.9981126278365448,8.648796342831059,7.650683714994514
6,1400,ALL_APPS,EXP3_MC,failure_rate_pct,0.9804295163178094,9.634916815731685,8.654487299413876
7,1400,ALL_APPS,EXP3_MC,failure_rate_pct,0.9442809279076164,9.160745941040727,8.21646501313311
8,1400,ALL_APPS,EXP3_MC,failure_rate_pct,0.9135543496435466,8.86398651927919,7.950432169635643
9,1400,ALL_APPS,EXP3_MC,failure_rate_pct,0.8625319155950152,9.159517938018476,8.29698602242346
10,1400,ALL_APPS,EXP3_MC,failure_rate_pct,0.960307783188555,9.05299259964513,8.092684816456575
1,1400,ALL_APPS,EXP3_MC,service_time_s,0.5033702256789728,0.5701497713416488,0.06677954566267597
2,1400,ALL_APPS,EXP3_MC,service_time_s,0.5025683918789353,0.5678762339643302,0.06530784208539486
3,1400,ALL_APPS,EXP3_MC,service_time_s,0.5090991781421556,0.5742139117900952,0.06511473364793963
4,1400,ALL_APPS,EXP3_MC,service_time_s,0.5181817838111806,0.5776173647257603,0.05943558091457968
5,1400,ALL_APPS,EXP3_MC,service_time_s,0.5156842598748319,0.5799914080856554,0.0643071482108235
6,1400,ALL_APPS,EXP3_MC,service_time_s,0.5162551364219088,0.5812838112091464,0.06502867478723762
7,1400,ALL_APPS,EXP3_MC,service_time_s,0.5082503350126013,0.5739526437482397,0.06570230873563843
8,1400,ALL_APPS,EXP3_MC,service_time_s,0.511416817577624,0.5739142877421248,0.0624974701645008
9,1400,ALL_APPS,EXP3_MC,service_time_s,0.5037861291903721,0.5689312319395722,0.06514510274920005
10,1400,ALL_APPS,EXP3_MC,service_time_s,0.5109341174717281,0.5723921078068902,0.06145799033516208
1,1400,ALL_APPS,RAIDER_TRAX,failure_rate_pct,0.9277077869074319,9.2361809151903,8.308473128282868
2,1400,ALL_APPS,RAIDER_TRAX,failure_rate_pct,0.8868589110192643,9.595254526028562,8.708395615009298
3,1400,ALL_APPS,RAIDER_TRAX,failure_rate_pct,0.981732362670312,9.298641561344683,8.31690919867437
4,1400,ALL_APPS,RAIDER_TRAX,failure_rate_pct,1.0473642500113929,8.652120126221675,7.604755876210282
5,1400,ALL_APPS,RAIDER_TRAX,failure_rate_pct,0.9981126278365448,8.820543996277816,7.822431368441272
6,1400,ALL_APPS,RAIDER_TRAX,failure_rate_pct,0.9804295163178094,9.412193794229722,8.431764277911913
7,1400,ALL_APPS,RAIDER_TRAX,failure_rate_pct,0.9442809279076164,9.18127122461709,8.236990296709473
8,1400,ALL_APPS,RAIDER_TRAX,failure_rate_pct,0.9135543496435466,8.68595576132134,7.7724014116777935
9,1400,ALL_APPS,RAIDER_TRAX,failure_rate_pct,0.8625319155950152,8.879965630330382,8.017433714735366
10,1400,ALL_APPS,RAIDER_TRAX,failure_rate_pct,0.960307783188555,9.18994301590513,8.229635232716575
1,1400,ALL_APPS,RAIDER_TRAX,service_time_s,0.5033702256789728,0.5656850574746565,0.062314831795683645
2,1400,ALL_APPS,RAIDER_TRAX,service_time_s,0.5025683918789353,0.5663915405808704,0.06382314870193506
3,1400,ALL_APPS,RAIDER_TRAX,service_time_s,0.5090991781421556,0.5705266007438055,0.061427422601649906
4,1400,ALL_APPS,RAIDER_TRAX,service_time_s,0.5181817838111806,0.5751795911121529,0.05699780730097226
5,1400,ALL_APPS,RAIDER_TRAX,service_time_s,0.5156842598748319,0.573152480046727,0.057468220171895124
6,1400,ALL_APPS,RAIDER_TRAX,service_time_s,0.5162551364219088,0.5776797358076121,0.06142459938570333
7,1400,ALL_APPS,RAIDER_TRAX,service_time_s,0.5082503350126013,0.5687032815620254,0.060452946549424125
8,1400,ALL_APPS,RAIDER_TRAX,service_time_s,0.511416817577624,0.5708749177187955,0.05945810014117148
9,1400,ALL_APPS,RAIDER_TRAX,service_time_s,0.5037861291903721,0.5611537081175694,0.05736757892719724
10,1400,ALL_APPS,RAIDER_TRAX,service_time_s,0.5109341174717281,0.5704038715142068,0.05946975404247867
1,1400,ALL_APPS,RANDOM,failure_rate_pct,0.9277077869074319,28.092774751750166,27.165066964842733
2,1400,ALL_APPS,RANDOM,failure_rate_pct,0.8868589110192643,28.70261564993913,27.815756738919866
3,1400,ALL_APPS,RANDOM,failure_rate_pct,0.981732362670312,27.426086881764803,26.444354519094492
4,1400,ALL_APPS,RANDOM,failure_rate_pct,1.0473642500113929,25.110032276134334,24.062668026122942
5,1400,ALL_APPS,RANDOM,failure_rate_pct,0.9981126278365448,26.180069594340274,25.18195696650373
6,1400,ALL_APPS,RANDOM,failure_rate_pct,0.9804295163178094,28.06656360231677,27.08613408599896
7,1400,ALL_APPS,RANDOM,failure_rate_pct,0.9442809279076164,26.55416906691384,25.609888139006223
8,1400,ALL_APPS,RANDOM,failure_rate_pct,0.9135543496435466,26.950005808354693,26.036451458711145
9,1400,ALL_APPS,RANDOM,failure_rate_pct,0.8625319155950152,27.653425149878885,26.79089323428387
10,1400,ALL_APPS,RANDOM,failure_rate_pct,0.960307783188555,26.866093075033184,25.90578529184463
1,1400,ALL_APPS,RANDOM,service_time_s,0.5033702256789728,0.5101446726987255,0.006774447019752716
2,1400,ALL_APPS,RANDOM,service_time_s,0.5025683918789353,0.5092878874201209,0.006719495541185561
3,1400,ALL_APPS,RANDOM,service_time_s,0.5090991781421556,0.5196450719149446,0.010545893772789028
4,1400,ALL_APPS,RANDOM,service_time_s,0.5181817838111806,0.5311054494446628,0.012923665633482129
5,1400,ALL_APPS,RANDOM,service_time_s,0.5156842598748319,0.5263052309696433,0.010620971094811416
6,1400,ALL_APPS,RANDOM,service_time_s,0.5162551364219088,0.5313884239294824,0.01513328750757359
7,1400,ALL_APPS,RANDOM,service_time_s,0.5082503350126013,0.5188538158333402,0.01060348082073892
8,1400,ALL_APPS,RANDOM,service_time_s,0.511416817577624,0.5250122936664078,0.013595476088783753
9,1400,ALL_APPS,RANDOM,service_time_s,0.5037861291903721,0.5084359182310952,0.004649789040723107
10,1400,ALL_APPS,RANDOM,service_time_s,0.5109341174717281,0.5241931699487584,0.013259052477030298
1,1500,ALL_APPS,EXP3_MC,failure_rate_pct,1.768091537728948,15.803327950406086,14.035236412677138
2,1500,ALL_APPS,EXP3_MC,failure_rate_pct,1.86464969570365,21.147063303509082,19.28241360780543
3,1500,ALL_APPS,EXP3_MC,failure_rate_pct,1.7616437584950577,16.528195280846916,14.766551522351858
4,1500,ALL_APPS,EXP3_MC,failure_rate_pct,1.8225953208939412,14.603962710015841,12.7813673891219
5,1500,ALL_APPS,EXP3_MC,failure_rate_pct,1.8616969484528052,16.354913166827924,14.49321621837512
6,1500,ALL_APPS,EXP3_MC,failure_rate_pct,1.9031378798591592,17.91648872446635,16.013350844607192
7,1500,ALL_APPS,EXP3_MC,failure_rate_pct,1.7664891421315319,17.53944676651632,15.772957624384789
8,1500,ALL_APPS,EXP3_MC,failure_rate_pct,1.7910897964058765,22.77740773658286,20.98631794017698
9,1500,ALL_APPS,EXP3_MC,failure_rate_pct,1.7223059674962413,24.818728687836003,23.096422720339763
10,1500,ALL_APPS,EXP3_MC,failure_rate_pct,1.7140351981034998,19.342601989039984,17.628566790936485
1,1500,ALL_APPS,EXP3_MC,service_time_s,0.5091923634622042,0.5930755939667339,0.08388323050452973
2,1500,ALL_APPS,EXP3_MC,service_time_s,0.5133301067329312,0.5989482158197375,0.08561810908680623
3,1500,ALL_APPS,EXP3_MC,service_time_s,0.514498464670128,0.6027662636610785,0.0882677989909505
4,1500,ALL_APPS,EXP3_MC,service_time_s,0.5234024823992717,0.6027221509665404,0.07931966856726869
5,1500,ALL_APPS,EXP3_MC,service_time_s,0.520374061586918,0.6047289271267949,0.08435486553987692
6,1500,ALL_APPS,EXP3_MC,service_time_s,0.5233886659971305,0.6121098049658092,0.08872113896867873
7,1500,ALL_APPS,EXP3_MC,service_time_s,0.5175329179841381,0.6058097346043316,0.08827681662019349
8,1500,ALL_APPS,EXP3_MC,service_time_s,0.5162988937746092,0.6215966955442419,0.10529780176963266
9,1500,ALL_APPS,EXP3_MC,service_time_s,0.5101005322614384,0.6205940699427094,0.11049353768127101
10,1500,ALL_APPS,EXP3_MC,service_time_s,0.51730509687926,0.6037763480382383,0.08647125115897836
1,1500,ALL_APPS,RAIDER_TRAX,failure_rate_pct,1.768091537728948,14.865157971325981,13.097066433597034
2,1500,ALL_APPS,RAIDER_TRAX,failure_rate_pct,1.86464969570365,14.724408202669073,12.859758506965424
3,1500,ALL_APPS,RAIDER_TRAX,failure_rate_pct,1.7616437584950577,14.672507170770402,12.910863412275344
4,1500,ALL_APPS,RAIDER_TRAX,failure_rate_pct,1.8225953208939412,13.084770340300839,11.262175019406898
5,1500,ALL_APPS,RAIDER_TRAX,failure_rate_pct,1.8616969484528052,13.805667642739056,11.943970694286252
6,1500,ALL_APPS,RAIDER_TRAX,failure_rate_pct,1.9031378798591592,14.795920437577095,12.892782557717936
7,1500,ALL_APPS,RAIDER_TRAX,failure_rate_pct,1.7664891421315319,14.144638414107819,12.378149271976287
8,1500,ALL_APPS,RAIDER_TRAX,failure_rate_pct,1.7910897964058765,13.942653200452652,12.151563404046776
9,1500,ALL_APPS,RAIDER_TRAX,failure_rate_pct,1.7223059674962413,14.23538185476143,12.513075887265188
10,1500,ALL_APPS,RAIDER_TRAX,failure_rate_pct,1.7140351981034998,14.032190953651927,12.318155755548428
1,1500,ALL_APPS,RAIDER_TRAX,service_time_s,0.5091923634622042,0.5854857403607312,0.076293376898527
2,1500,ALL_APPS,RAIDER_TRAX,service_time_s,0.5133301067329312,0.5890187032025997,0.07568859646966852
3,1500,ALL_APPS,RAIDER_TRAX,service_time_s,0.514498464670128,0.5932239272212049,0.07872546255107682
4,1500,ALL_APPS,RAIDER_TRAX,service_time_s,0.5234024823992717,0.5941080251598923,0.07070554276062058
5,1500,ALL_APPS,RAIDER_TRAX,service_time_s,0.520374061586918,0.5952170142770862,0.07484295269016816
6,1500,ALL_APPS,RAIDER_TRAX,service_time_s,0.5233886659971305,0.6005685323729661,0.07717986637583563
7,1500,ALL_APPS,RAIDER_TRAX,service_time_s,0.5175329179841381,0.593477682358338,0.07594476437419984
8,1500,ALL_APPS,RAIDER_TRAX,service_time_s,0.5162988937746092,0.5916217852751484,0.07532289150053917
9,1500,ALL_APPS,RAIDER_TRAX,service_time_s,0.5101005322614384,0.5867750912569051,0.07667455899546671
10,1500,ALL_APPS,RAIDER_TRAX,service_time_s,0.51730509687926,0.5927856768227341,0.07548057994347412
1,1500,ALL_APPS,RANDOM,failure_rate_pct,1.768091537728948,32.27835060693382,30.51025906920487
2,1500,ALL_APPS,RANDOM,failure_rate_pct,1.86464969570365,32.28374804414351,30.419098348439856
3,1500,ALL_APPS,RANDOM,failure_rate_pct,1.7616437584950577,31.739049139392137,29.97740538089708
4,1500,ALL_APPS,RANDOM,failure_rate_pct,1.8225953208939412,30.01166390908175,28.18906858818781
5,1500,ALL_APPS,RANDOM,failure_rate_pct,1.8616969484528052,30.90192798842305,29.040231039970244
6,1500,ALL_APPS,RANDOM,failure_rate_pct,1.9031378798591592,32.23427617931825,30.33113829945909
7,1500,ALL_APPS,RANDOM,failure_rate_pct,1.7664891421315319,31.25930508508955,29.492815942958018
8,1500,ALL_APPS,RANDOM,failure_rate_pct,1.7910897964058765,31.664004728735367,29.87291493232949
9,1500,ALL_APPS,RANDOM,failure_rate_pct,1.7223059674962413,31.786772160508722,30.064466193012482
10,1500,ALL_APPS,RANDOM,failure_rate_pct,1.7140351981034998,31.156330172441788,29.44229497433829
1,1500,ALL_APPS,RANDOM,service_time_s,0.5091923634622042,0.5045718517164056,-0.004620511745798583
2,1500,ALL_APPS,RANDOM,service_time_s,0.5133301067329312,0.5056407369939095,-0.007689369739021679
3,1500,ALL_APPS,RANDOM,service_time_s,0.514498464670128,0.5150472482863957,0.0005487836162676452
4,1500,ALL_APPS,RANDOM,service_time_s,0.5234024823992717,0.5363482911749825,0.012945808775710832
5,1500,ALL_APPS,RANDOM,service_time_s,0.520374061586918,0.5303254994690831,0.009951437882165126
6,1500,ALL_APPS,RANDOM,service_time_s,0.5233886659971305,0.5225924185586528,-0.0007962474384777263
7,1500,ALL_APPS,RANDOM,service_time_s,0.5175329179841381,0.5207418883684056,0.0032089703842674844
8,1500,ALL_APPS,RANDOM,service_time_s,0.5162988937746092,0.516991033556426,0.000692139781816703
9,1500,ALL_APPS,RANDOM,service_time_s,0.5101005322614384,0.50643154329582,-0.0036689889656184027
10,1500,ALL_APPS,RANDOM,service_time_s,0.51730509687926,0.5182872678074119,0.000982170928151893
1,1600,ALL_APPS,EXP3_MC,failure_rate_pct,3.936822581257823,24.322899633969755,20.386077052711933
2,1600,ALL_APPS,EXP3_MC,failure_rate_pct,3.871342813414761,33.40796639005074,29.53662357663598
3,1600,ALL_APPS,EXP3_MC,failure_rate_pct,3.6677826938365463,31.363316637476455,27.69553394363991
4,1600,ALL_APPS,EXP3_MC,failure_rate_pct,3.40250445143038,28.00869835352594,24.60619390209556
5,1600,ALL_APPS,EXP3_MC,failure_rate_pct,3.6628205422882143,31.729553725339972,28.06673318305176
6,1600,ALL_APPS,EXP3_MC,failure_rate_pct,3.8030534351145038,25.71510354796697,21.912050112852466
7,1600,ALL_APPS,EXP3_MC,failure_rate_pct,3.65446706677809,28.582362671903457,24.927895605125368
8,1600,ALL_APPS,EXP3_MC,failure_rate_pct,3.686826212864411,34.90542794059031,31.218601727725897
9,1600,ALL_APPS,EXP3_MC,failure_rate_pct,3.926996792963439,33.56628765221552,29.639290859252082
10,1600,ALL_APPS,EXP3_MC,failure_rate_pct,3.5965714144389835,30.02989663165885,26.433325217219867
1,1600,ALL_APPS,EXP3_MC,service_time_s,0.5281440039623181,0.6168833575205959,0.08873935355827778
2,1600,ALL_APPS,EXP3_MC,service_time_s,0.5290896583999417,0.6293238683637467,0.10023420996380494
3,1600,ALL_APPS,EXP3_MC,service_time_s,0.5329596633408764,0.6342050830228271,0.10124541968195067
4,1600,ALL_APPS,EXP3_MC,service_time_s,0.5350851587436691,0.6314634655342298,0.0963783067905607
5,1600,ALL_APPS,EXP3_MC,service_time_s,0.5361073164589825,0.6357389703873939,0.09963165392841145
6,1600,ALL_APPS,EXP3_MC,service_time_s,0.5409946390066077,0.6340398612021595,0.09304522219555178
7,1600,ALL_APPS,EXP3_MC,service_time_s,0.5328051788165198,0.6332190704214156,0.10041389160489578
8,1600,ALL_APPS,EXP3_MC,service_time_s,0.5326133897220434,0.6657566757137363,0.1331432859916929
9,1600,ALL_APPS,EXP3_MC,service_time_s,0.5264516139842158,0.6351726628444087,0.10872104886019285
10,1600,ALL_APPS,EXP3_MC,service_time_s,0.5328585709761361,0.6259933434240137,0.0931347724478776
1,1600,ALL_APPS,RAIDER_TRAX,failure_rate_pct,3.936822581257823,19.946933432400808,16.010110851142986
2,1600,ALL_APPS,RAIDER_TRAX,failure_rate_pct,3.871342813414761,20.28956166419019,16.418218850775432
3,1600,ALL_APPS,RAIDER_TRAX,failure_rate_pct,3.6677826938365463,20.098440028627486,16.43065733479094
4,1600,ALL_APPS,RAIDER_TRAX,failure_rate_pct,3.40250445143038,18.520082637246563,15.117578185816184
5,1600,ALL_APPS,RAIDER_TRAX,failure_rate_pct,3.6628205422882143,19.138128192800625,15.475307650512411
6,1600,ALL_APPS,RAIDER_TRAX,failure_rate_pct,3.8030534351145038,20.429834613670778,16.626781178556275
7,1600,ALL_APPS,RAIDER_TRAX,failure_rate_pct,3.65446706677809,19.27203076049415,15.617563693716061
8,1600,ALL_APPS,RAIDER_TRAX,failure_rate_pct,3.686826212864411,19.697317063657785,16.010490850793374
9,1600,ALL_APPS,RAIDER_TRAX,failure_rate_pct,3.926996792963439,20.023537136370717,16.096540343407277
10,1600,ALL_APPS,RAIDER_TRAX,failure_rate_pct,3.5965714144389835,19.06763095239228,15.471059537953295
1,1600,ALL_APPS,RAIDER_TRAX,service_time_s,0.5281440039623181,0.6030420916084043,0.07489808764608619
2,1600,ALL_APPS,RAIDER_TRAX,service_time_s,0.5290896583999417,0.6044839144350078,0.07539425603506611
3,1600,ALL_APPS,RAIDER_TRAX,service_time_s,0.5329596633408764,0.6087259056386379,0.07576624229776152
4,1600,ALL_APPS,RAIDER_TRAX,service_time_s,0.5350851587436691,0.6129063024512548,0.07782114370758564
5,1600,ALL_APPS,RAIDER_TRAX,service_time_s,0.5361073164589825,0.6108752028551141,0.07476788639613163
6,1600,ALL_APPS,RAIDER_TRAX,service_time_s,0.5409946390066077,0.6179086692458163,0.07691403023920862
7,1600,ALL_APPS,RAIDER_TRAX,service_time_s,0.5328051788165198,0.605885440980347,0.07308026216382724
8,1600,ALL_APPS,RAIDER_TRAX,service_time_s,0.5326133897220434,0.6136372918119877,0.08102390208994426
9,1600,ALL_APPS,RAIDER_TRAX,service_time_s,0.5264516139842158,0.6034667622481908,0.07701514826397504
10,1600,ALL_APPS,RAIDER_TRAX,service_time_s,0.5328585709761361,0.6079599343470657,0.07510136337092965
1,1600,ALL_APPS,RANDOM,failure_rate_pct,3.936822581257823,33.83393240939746,29.89710982813964
2,1600,ALL_APPS,RANDOM,failure_rate_pct,3.871342813414761,33.736276798665706,29.864933985250946
3,1600,ALL_APPS,RANDOM,failure_rate_pct,3.6677826938365463,33.65121715420811,29.983434460371566
4,1600,ALL_APPS,RANDOM,failure_rate_pct,3.40250445143038,33.06043872831697,29.657934276886586
5,1600,ALL_APPS,RANDOM,failure_rate_pct,3.6628205422882143,33.47359711479253,29.810776572504317
6,1600,ALL_APPS,RANDOM,failure_rate_pct,3.8030534351145038,33.854661613675134,30.05160817856063
7,1600,ALL_APPS,RANDOM,failure_rate_pct,3.65446706677809,33.4820411139979,29.827574047219812
8,1600,ALL_APPS,RANDOM,failure_rate_pct,3.686826212864411,33.69900021879132,30.01217400592691
9,1600,ALL_APPS,RANDOM,failure_rate_pct,3.926996792963439,33.725517471622524,29.798520678659084
10,1600,ALL_APPS,RANDOM,failure_rate_pct,3.5965714144389835,33.4121845594271,29.815613144988113
1,1600,ALL_APPS,RANDOM,service_time_s,0.5281440039623181,0.5015174038731769,-0.026626600089141195
2,1600,ALL_APPS,RANDOM,service_time_s,0.5290896583999417,0.5024514750697238,-0.026638183330217946
3,1600,ALL_APPS,RANDOM,service_time_s,0.5329596633408764,0.5166470160432892,-0.01631264729758719
4,1600,ALL_APPS,RANDOM,service_time_s,0.5350851587436691,0.527196260403177,-0.007888898340492112
5,1600,ALL_APPS,RANDOM,service_time_s,0.5361073164589825,0.5183106900852604,-0.017796626373722035
6,1600,ALL_APPS,RANDOM,service_time_s,0.5409946390066077,0.5224276094404314,-0.018567029566176285
7,1600,ALL_APPS,RANDOM,service_time_s,0.5328051788165198,0.5159956167648149,-0.016809562051704918
8,1600,ALL_APPS,RANDOM,service_time_s,0.5326133897220434,0.5163593832629636,-0.016254006459079817
9,1600,ALL_APPS,RANDOM,service_time_s,0.5264516139842158,0.5004748456308951,-0.025976768353320745
10,1600,ALL_APPS,RANDOM,service_time_s,0.5328585709761361,0.5152851676586091,-0.017573403317526992
1,1700,ALL_APPS,EXP3_MC,failure_rate_pct,7.450717470047367,28.149939140443657,20.69922167039629
2,1700,ALL_APPS,EXP3_MC,failure_rate_pct,7.66174935652558,40.69073095494738,33.028981598421794
3,1700,ALL_APPS,EXP3_MC,failure_rate_pct,7.736132785799632,36.75144405021131,29.01531126441168
4,1700,ALL_APPS,EXP3_MC,failure_rate_pct,6.9732120838190506,34.41296614958464,27.43975406576559
5,1700,ALL_APPS,EXP3_MC,failure_rate_pct,7.1417088440682495,34.59582572854683,27.45411688447858
6,1700,ALL_APPS,EXP3_MC,failure_rate_pct,7.861359696597664,30.518004385079966,22.656644688482302
7,1700,ALL_APPS,EXP3_MC,failure_rate_pct,7.069285839912365,42.19759794236883,35.12831210245646
8,1700,ALL_APPS,EXP3_MC,failure_rate_pct,7.444540447421429,37.24242408030573,29.797883632884304
9,1700,ALL_APPS,EXP3_MC,failure_rate_pct,7.772282507032257,37.002248986295434,29.229966479263176
10,1700,ALL_APPS,EXP3_MC,failure_rate_pct,7.110726177761423,37.048222507426786,29.937496329665365
1,1700,ALL_APPS,EXP3_MC,service_time_s,0.5534427806469641,0.6177627868994886,0.06432000625252454
2,1700,ALL_APPS,EXP3_MC,service_time_s,0.5538067696297312,0.6427839041388907,0.08897713450915956
3,1700,ALL_APPS,EXP3_MC,service_time_s,0.5621492720778875,0.6246081966182209,0.062458924540333416
4,1700,ALL_APPS,EXP3_MC,service_time_s,0.5574597689565709,0.6416279666961653,0.08416819773959439
5,1700,ALL_APPS,EXP3_MC,service_time_s,0.560742042264642,0.633736752892781,0.072994710628139
6,1700,ALL_APPS,EXP3_MC,service_time_s,0.5711777380284967,0.6383571393127647,0.06717940128426803
7,1700,ALL_APPS,EXP3_MC,service_time_s,0.5545978018894917,0.6817238504050598,0.12712604851556808
8,1700,ALL_APPS,EXP3_MC,service_time_s,0.5599315115481924,0.6635241086173126,0.10359259706912016
9,1700,ALL_APPS,EXP3_MC,service_time_s,0.5581777456987499,0.6382318196256912,0.0800540739269413
10,1700,ALL_APPS,EXP3_MC,service_time_s,0.5590244030403202,0.6552020963934779,0.09617769335315773
1,1700,ALL_APPS,RAIDER_TRAX,failure_rate_pct,7.450717470047367,25.48525535929314,18.034537889245776
2,1700,ALL_APPS,RAIDER_TRAX,failure_rate_pct,7.66174935652558,25.610272292520566,17.948522935994987
3,1700,ALL_APPS,RAIDER_TRAX,failure_rate_pct,7.736132785799632,25.272305045566156,17.536172259766523
4,1700,ALL_APPS,RAIDER_TRAX,failure_rate_pct,6.9732120838190506,23.38841185313527,16.41519976931622
5,1700,ALL_APPS,RAIDER_TRAX,failure_rate_pct,7.1417088440682495,24.257968496285553,17.116259652217302
6,1700,ALL_APPS,RAIDER_TRAX,failure_rate_pct,7.861359696597664,25.8904879805084,18.029128283910737
7,1700,ALL_APPS,RAIDER_TRAX,failure_rate_pct,7.069285839912365,23.873324560730044,16.80403872081768
8,1700,ALL_APPS,RAIDER_TRAX,failure_rate_pct,7.444540447421429,24.996143698714537,17.55160325129311
9,1700,ALL_APPS,RAIDER_TRAX,failure_rate_pct,7.772282507032257,25.232095171913446,17.45981266488119
10,1700,ALL_APPS,RAIDER_TRAX,failure_rate_pct,7.110726177761423,24.419609641655455,17.308883463894034
1,1700,ALL_APPS,RAIDER_TRAX,service_time_s,0.5534427806469641,0.6055375296500152,0.05209474900305111
2,1700,ALL_APPS,RAIDER_TRAX,service_time_s,0.5538067696297312,0.6058819160089293,0.05207514637919808
3,1700,ALL_APPS,RAIDER_TRAX,service_time_s,0.5621492720778875,0.6161321107193634,0.053982838641475905
4,1700,ALL_APPS,RAIDER_TRAX,service_time_s,0.5574597689565709,0.6170598021222381,0.0596000331656672
5,1700,ALL_APPS,RAIDER_TRAX,service_time_s,0.560742042264642,0.6218408074282533,0.061098765163611346
6,1700,ALL_APPS,RAIDER_TRAX,service_time_s,0.5711777380284967,0.6234740696861464,0.052296331657649686
7,1700,ALL_APPS,RAIDER_TRAX,service_time_s,0.5545978018894917,0.6137020905923255,0.059104288702833796
8,1700,ALL_APPS,RAIDER_TRAX,service_time_s,0.5599315115481924,0.6162839619677517,0.056352450419559275
9,1700,ALL_APPS,RAIDER_TRAX,service_time_s,0.5581777456987499,0.6043792056665713,0.046201459967821434
10,1700,ALL_APPS,RAIDER_TRAX,service_time_s,0.5590244030403202,0.617147659734126,0.0581232566938058
1,1700,ALL_APPS,RANDOM,failure_rate_pct,7.450717470047367,34.16701855810127,26.716301088053903
2,1700,ALL_APPS,RANDOM,failure_rate_pct,7.66174935652558,34.140249743009555,26.478500386483976
3,1700,ALL_APPS,RANDOM,failure_rate_pct,7.736132785799632,34.12152775620239,26.385394970402757
4,1700,ALL_APPS,RANDOM,failure_rate_pct,6.9732120838190506,34.015182123604546,27.041970039785497
5,1700,ALL_APPS,RANDOM,failure_rate_pct,7.1417088440682495,34.165013270815855,27.023304426747607
6,1700,ALL_APPS,RANDOM,failure_rate_pct,7.861359696597664,34.2176907349618,26.356331038364136
7,1700,ALL_APPS,RANDOM,failure_rate_pct,7.069285839912365,34.055987630515205,26.98670179060284
8,1700,ALL_APPS,RANDOM,failure_rate_pct,7.444540447421429,34.24436338606091,26.799822938639483
9,1700,ALL_APPS,RANDOM,failure_rate_pct,7.772282507032257,34.149153383842446,26.376870876810187
10,1700,ALL_APPS,RANDOM,failure_rate_pct,7.110726177761423,34.13143020227349,27.02070402451207
1,1700,ALL_APPS,RANDOM,service_time_s,0.5534427806469641,0.5003691155477402,-0.05307366509922384
2,1700,ALL_APPS,RANDOM,service_time_s,0.5538067696297312,0.5053623034184498,-0.0484444662112814
3,1700,ALL_APPS,RANDOM,service_time_s,0.5621492720778875,0.516090627647503,-0.04605864443038443
4,1700,ALL_APPS,RANDOM,service_time_s,0.5574597689565709,0.5226289724765035,-0.03483079648006737
5,1700,ALL_APPS,RANDOM,service_time_s,0.560742042264642,0.5216939801816949,-0.03904806208294709
6,1700,ALL_APPS,RANDOM,service_time_s,0.5711777380284967,0.523950246347292,-0.04722749168120466
7,1700,ALL_APPS,RANDOM,service_time_s,0.5545978018894917,0.5124241030889953,-0.04217369880049637
8,1700,ALL_APPS,RANDOM,service_time_s,0.5599315115481924,0.5144372673856821,-0.045494244162510356
9,1700,ALL_APPS,RANDOM,service_time_s,0.5581777456987499,0.5011309347937561,-0.05704681090499375
10,1700,ALL_APPS,RANDOM,service_time_s,0.5590244030403202,0.5153566944165777,-0.043667708623742474
1,1800,ALL_APPS,EXP3_MC,failure_rate_pct,15.009818842358486,30.096235822766374,15.086416980407888
2,1800,ALL_APPS,EXP3_MC,failure_rate_pct,14.91835136180212,41.30031962342429,26.381968261622173
3,1800,ALL_APPS,EXP3_MC,failure_rate_pct,14.572097163032778,37.94011719897975,23.36802003594697
4,1800,ALL_APPS,EXP3_MC,failure_rate_pct,13.205193602729684,36.3084517148351,23.103258112105415
5,1800,ALL_APPS,EXP3_MC,failure_rate_pct,13.792372047833354,37.757896393299056,23.965524345465703
6,1800,ALL_APPS,EXP3_MC,failure_rate_pct,15.268697069833223,32.74472709844437,17.47603002861115
7,1800,ALL_APPS,EXP3_MC,failure_rate_pct,13.631533567524055,44.08279589809217,30.451262330568117
8,1800,ALL_APPS,EXP3_MC,failure_rate_pct,14.529224949111205,37.73247255468011,23.203247605568905
9,1800,ALL_APPS,EXP3_MC,failure_rate_pct,14.689215321433792,39.091800119609275,24.402584798175482
10,1800,ALL_APPS,EXP3_MC,failure_rate_pct,13.503527978476793,38.740100724938685,25.236572746461892
1,1800,ALL_APPS,EXP3_MC,service_time_s,0.6040011371887443,0.6112598949189086,0.007258757730164378
2,1800,ALL_APPS,EXP3_MC,service_time_s,0.607436304003051,0.6368057787592057,0.0293694747561547
3,1800,ALL_APPS,EXP3_MC,service_time_s,0.6106280649801866,0.6172437318894541,0.006615666909267515
4,1800,ALL_APPS,EXP3_MC,service_time_s,0.5986112676082331,0.6326807879684109,0.03406952036017774
5,1800,ALL_APPS,EXP3_MC,service_time_s,0.60856864898181,0.6379340636819124,0.029365414700102455
6,1800,ALL_APPS,EXP3_MC,service_time_s,0.6219077257177,0.6358877337481031,0.013980008030403113
7,1800,ALL_APPS,EXP3_MC,service_time_s,0.6024712902933095,0.6771714967223597,0.07470020642905018
8,1800,ALL_APPS,EXP3_MC,service_time_s,0.6093548310927039,0.6252984101593788,0.015943579066674873
9,1800,ALL_APPS,EXP3_MC,service_time_s,0.605525764571716,0.6393521570243679,0.03382639245265184
10,1800,ALL_APPS,EXP3_MC,service_time_s,0.6010681967630603,0.6510183772061308,0.049950180443070424
1,1800,ALL_APPS,RAIDER_TRAX,failure_rate_pct,15.009818842358486,28.92379341690456,13.913974574546073
2,1800,ALL_APPS,RAIDER_TRAX,failure_rate_pct,14.91835136180212,28.981188503259173,14.062837141457052
3,1800,ALL_APPS,RAIDER_TRAX,failure_rate_pct,14.572097163032778,28.860705558203414,14.288608395170636
4,1800,ALL_APPS,RAIDER_TRAX,failure_rate_pct,13.205193602729684,27.94036585961751,14.735172256887827
5,1800,ALL_APPS,RAIDER_TRAX,failure_rate_pct,13.792372047833354,28.388943007104547,14.596570959271194
6,1800,ALL_APPS,RAIDER_TRAX,failure_rate_pct,15.268697069833223,29.34065748616174,14.071960416328515
7,1800,ALL_APPS,RAIDER_TRAX,failure_rate_pct,13.631533567524055,28.233117904400746,14.60158433687669
8,1800,ALL_APPS,RAIDER_TRAX,failure_rate_pct,14.529224949111205,28.82555054949682,14.296325600385616
9,1800,ALL_APPS,RAIDER_TRAX,failure_rate_pct,14.689215321433792,28.911236332102906,14.222021010669113
10,1800,ALL_APPS,RAIDER_TRAX,failure_rate_pct,13.503527978476793,28.533237000332484,15.029709021855691
1,1800,ALL_APPS,RAIDER_TRAX,service_time_s,0.6040011371887443,0.6036517593802454,-0.000349377808498863
2,1800,ALL_APPS,RAIDER_TRAX,service_time_s,0.607436304003051,0.605888683975247,-0.0015476200278040642
3,1800,ALL_APPS,RAIDER_TRAX,service_time_s,0.6106280649801866,0.610824503801015,0.00019643882082842623
4,1800,ALL_APPS,RAIDER_TRAX,service_time_s,0.5986112676082331,0.6145777506490444,0.015966483040811275
5,1800,ALL_APPS,RAIDER_TRAX,service_time_s,0.60856864898181,0.6161906932839516,0.0076220443021416395
6,1800,ALL_APPS,RAIDER_TRAX,service_time_s,0.6219077257177,0.6170702349658258,-0.004837490751874229
7,1800,ALL_APPS,RAIDER_TRAX,service_time_s,0.6024712902933095,0.6119773666336072,0.009506076340297764
8,1800,ALL_APPS,RAIDER_TRAX,service_time_s,0.6093548310927039,0.6135088847208959,0.004154053628191989
9,1800,ALL_APPS,RAIDER_TRAX,service_time_s,0.605525764571716,0.6044460913472444,-0.0010796732244716667
10,1800,ALL_APPS,RAIDER_TRAX,service_time_s,0.6010681967630603,0.6113546450768398,0.01028644831377945
1,1800,ALL_APPS,RANDOM,failure_rate_pct,15.009818842358486,34.27344399426623,19.263625151907746
2,1800,ALL_APPS,RANDOM,failure_rate_pct,14.91835136180212,34.23853911336593,19.32018775156381
3,1800,ALL_APPS,RANDOM,failure_rate_pct,14.572097163032778,34.30077511546737,19.728677952434587
4,1800,ALL_APPS,RANDOM,failure_rate_pct,13.205193602729684,34.32592972328404,21.120736120554355
5,1800,ALL_APPS,RANDOM,failure_rate_pct,13.792372047833354,34.307329688900445,20.51495764106709
6,1800,ALL_APPS,RANDOM,failure_rate_pct,15.268697069833223,34.32868061637952,19.0599835465463
7,1800,ALL_APPS,RANDOM,failure_rate_pct,13.631533567524055,34.22715895132019,20.595625383796136
8,1800,ALL_APPS,RANDOM,failure_rate_pct,14.529224949111205,34.38102384146449,19.851798892353287
9,1800,ALL_APPS,RANDOM,failure_rate_pct,14.689215321433792,34.25207445615609,19.562859134722295
10,1800,ALL_APPS,RANDOM,failure_rate_pct,13.503527978476793,34.31343603036412,20.80990805188733
1,1800,ALL_APPS,RANDOM,service_time_s,0.6040011371887443,0.5014494525979191,-0.1025516845908252
2,1800,ALL_APPS,RANDOM,service_time_s,0.607436304003051,0.5071770881130168,-0.10025921589003428
3,1800,ALL_APPS,RANDOM,service_time_s,0.6106280649801866,0.5184724755225348,-0.09215558945765179
4,1800,ALL_APPS,RANDOM,service_time_s,0.5986112676082331,0.5258433552214563,-0.07276791238677682
5,1800,ALL_APPS,RANDOM,service_time_s,0.60856864898181,0.5273776743475956,-0.08119097463421432
6,1800,ALL_APPS,RANDOM,service_time_s,0.6219077257177,0.5263789776671838,-0.09552874805051625
7,1800,ALL_APPS,RANDOM,service_time_s,0.6024712902933095,0.5141345156962673,-0.08833677459704214
8,1800,ALL_APPS,RANDOM,service_time_s,0.6093548310927039,0.5204948553033801,-0.08885997578932381
9,1800,ALL_APPS,RANDOM,service_time_s,0.605525764571716,0.5106924931580589,-0.09483327141365716
10,1800,ALL_APPS,RANDOM,service_time_s,0.6010681967630603,0.5190342956606075,-0.08203390110245279
