iteration,policy,vehicles,app,completed_tasks,failed_tasks,failure_rate_pct,service_time_s,source
1,RT_OPT_ML,100,ALL_APPS,73839.0,39.0,0.05278973442702834,0.726015303672472,ite1/SIMRESULT_ITS_SCENARIO_RT_OPT_ML_100DEVICES_ALL_APPS_GENERIC.log
2,RT_OPT_ML,100,ALL_APPS,69910.0,51.0,0.07289775732193651,0.7533572064978128,ite2/SIMRESULT_ITS_SCENARIO_RT_OPT_ML_100DEVICES_ALL_APPS_GENERIC.log
3,RT_OPT_ML,100,ALL_APPS,67356.0,53.0,0.07862451601418208,0.7978541797708841,ite3/SIMRESULT_ITS_SCENARIO_RT_OPT_ML_100DEVICES_ALL_APPS_GENERIC.log
4,RT_OPT_ML,100,ALL_APPS,65427.0,53.0,0.08094074526572999,0.7783433127265426,ite4/SIMRESULT_ITS_SCENARIO_RT_OPT_ML_100DEVICES_ALL_APPS_GENERIC.log
5,RT_OPT_ML,100,ALL_APPS,69279.0,49.0,0.07067851373182553,0.7681841473161413,ite5/SIMRESULT_ITS_SCENARIO_RT_OPT_ML_100DEVICES_ALL_APPS_GENERIC.log
6,RT_OPT_ML,100,ALL_APPS,67643.0,40.0,0.059099035208250224,0.8337868638150535,ite6/SIMRESULT_ITS_SCENARIO_RT_OPT_ML_100DEVICES_ALL_APPS_GENERIC.log
7,RT_OPT_ML,100,ALL_APPS,65246.0,49.0,0.07504403093651887,0.8073926622973672,ite7/SIMRESULT_ITS_SCENARIO_RT_OPT_ML_100DEVICES_ALL_APPS_GENERIC.log
8,RT_OPT_ML,100,ALL_APPS,62244.0,43.0,0.06903527220768378,0.8841546414248842,ite8/SIMRESULT_ITS_SCENARIO_RT_OPT_ML_100DEVICES_ALL_APPS_GENERIC.log
9,RT_OPT_ML,100,ALL_APPS,64085.0,52.0,0.08107644573335204,0.8182250585434448,ite9/SIMRESULT_ITS_SCENARIO_RT_OPT_ML_100DEVICES_ALL_APPS_GENERIC.log
10,RT_OPT_ML,100,ALL_APPS,65663.0,42.0,0.06392207594551404,0.8230872625435415,ite10/SIMRESULT_ITS_SCENARIO_RT_OPT_ML_100DEVICES_ALL_APPS_GENERIC.log
1,EXP3_MC,100,ALL_APPS,73839.0,39.0,0.05278973442702834,0.726015303672472,ite1/SIMRESULT_ITS_SCENARIO_EXP3_MC_100DEVICES_ALL_APPS_GENERIC.log
2,EXP3_MC,100,ALL_APPS,69910.0,51.0,0.07289775732193651,0.7533572064978128,ite2/SIMRESULT_ITS_SCENARIO_EXP3_MC_100DEVICES_ALL_APPS_GENERIC.log
3,EXP3_MC,100,ALL_APPS,67356.0,53.0,0.07862451601418208,0.7978541797708841,ite3/SIMRESULT_ITS_SCENARIO_EXP3_MC_100DEVICES_ALL_APPS_GENERIC.log
4,EXP3_MC,100,ALL_APPS,65427.0,53.0,0.08094074526572999,0.7783433127265426,ite4/SIMRESULT_ITS_SCENARIO_EXP3_MC_100DEVICES_ALL_APPS_GENERIC.log
5,EXP3_MC,100,ALL_APPS,69279.0,49.0,0.07067851373182553,0.7681841473161413,ite5/SIMRESULT_ITS_SCENARIO_EXP3_MC_100DEVICES_ALL_APPS_GENERIC.log
6,EXP3_MC,100,ALL_APPS,67643.0,40.0,0.059099035208250224,0.8337868638150535,ite6/SIMRESULT_ITS_SCENARIO_EXP3_MC_100DEVICES_ALL_APPS_GENERIC.log
7,EXP3_MC,100,ALL_APPS,65246.0,49.0,0.07504403093651887,0.8073926622973672,ite7/SIMRESULT_ITS_SCENARIO_EXP3_MC_100DEVICES_ALL_APPS_GENERIC.log
8,EXP3_MC,100,ALL_APPS,62244.0,43.0,0.06903527220768378,0.8841546414248842,ite8/SIMRESULT_ITS_SCENARIO_EXP3_MC_100DEVICES_ALL_APPS_GENERIC.log
9,EXP3_MC,100,ALL_APPS,64085.0,52.0,0.08107644573335204,0.8182250585434448,ite9/SIMRESULT_ITS_SCENARIO_EXP3_MC_100DEVICES_ALL_APPS_GENERIC.log
10,EXP3_MC,100,ALL_APPS,65663.0,42.0,0.06392207594551404,0.8230872625435415,ite10/SIMRESULT_ITS_SCENARIO_EXP3_MC_100DEVICES_ALL_APPS_GENERIC.log
1,RAIDER_TRAX,100,ALL_APPS,73838.0,40.0,0.05414331736105471,0.7259627801143889,ite1/SIMRESULT_ITS_SCENARIO_RAIDER_TRAX_100DEVICES_ALL_APPS_GENERIC.log
2,RAIDER_TRAX,100,ALL_APPS,69909.0,52.0,0.07432712511256272,0.7532831629133712,ite2/SIMRESULT_ITS_SCENARIO_RAIDER_TRAX_100DEVICES_ALL_APPS_GENERIC.log
3,RAIDER_TRAX,100,ALL_APPS,67356.0,53.0,0.07862451601418208,0.7978014935244505,ite3/SIMRESULT_ITS_SCENARIO_RAIDER_TRAX_100DEVICES_ALL_APPS_GENERIC.log
4,RAIDER_TRAX,100,ALL_APPS,65425.0,55.0,0.0839951130116066,0.7782750450991387,ite4/SIMRESULT_ITS_SCENARIO_RAIDER_TRAX_100DEVICES_ALL_APPS_GENERIC.log
5,RAIDER_TRAX,100,ALL_APPS,69279.0,49.0,0.07067851373182553,0.7681277989715346,ite5/SIMRESULT_ITS_SCENARIO_RAIDER_TRAX_100DEVICES_ALL_APPS_GENERIC.log
6,RAIDER_TRAX,100,ALL_APPS,67643.0,40.0,0.059099035208250224,0.833730804741237,ite6/SIMRESULT_ITS_SCENARIO_RAIDER_TRAX_100DEVICES_ALL_APPS_GENERIC.log
7,RAIDER_TRAX,100,ALL_APPS,65248.0,47.0,0.07198100926564055,0.8073311406558307,ite7/SIMRESULT_ITS_SCENARIO_RAIDER_TRAX_100DEVICES_ALL_APPS_GENERIC.log
8,RAIDER_TRAX,100,ALL_APPS,62245.0,42.0,0.06742980076099346,0.8840906065954296,ite8/SIMRESULT_ITS_SCENARIO_RAIDER_TRAX_100DEVICES_ALL_APPS_GENERIC.log
9,RAIDER_TRAX,100,ALL_APPS,64083.0,54.0,0.0841947705692502,0.8181973394597672,ite9/SIMRESULT_ITS_SCENARIO_RAIDER_TRAX_100DEVICES_ALL_APPS_GENERIC.log
10,RAIDER_TRAX,100,ALL_APPS,65663.0,42.0,0.06392207594551404,0.8230542689394522,ite10/SIMRESULT_ITS_SCENARIO_RAIDER_TRAX_100DEVICES_ALL_APPS_GENERIC.log
1,RANDOM,100,ALL_APPS,73868.0,22.0,0.029773988361077277,0.3255372949231559,ite1/SIMRESULT_ITS_SCENARIO_RANDOM_100DEVICES_ALL_APPS_GENERIC.log
2,RANDOM,100,ALL_APPS,69941.0,31.0,0.044303435659978276,0.34215196558785166,ite2/SIMRESULT_ITS_SCENARIO_RANDOM_100DEVICES_ALL_APPS_GENERIC.log
3,RANDOM,100,ALL_APPS,67382.0,38.0,0.05636309700385642,0.36189259097783755,ite3/SIMRESULT_ITS_SCENARIO_RANDOM_100DEVICES_ALL_APPS_GENERIC.log
4,RANDOM,100,ALL_APPS,65471.0,25.0,0.038170269940149014,0.35186208633972954,ite4/SIMRESULT_ITS_SCENARIO_RANDOM_100DEVICES_ALL_APPS_GENERIC.log
5,RANDOM,100,ALL_APPS,69308.0,26.0,0.037499639426543975,0.34713770230742474,ite5/SIMRESULT_ITS_SCENARIO_RANDOM_100DEVICES_ALL_APPS_GENERIC.log
6,RANDOM,100,ALL_APPS,67656.0,34.0,0.05022898507903679,0.3754968996856111,ite6/SIMRESULT_ITS_SCENARIO_RANDOM_100DEVICES_ALL_APPS_GENERIC.log
7,RANDOM,100,ALL_APPS,65260.0,43.0,0.0658468983048252,0.3627432331213384,ite7/SIMRESULT_ITS_SCENARIO_RANDOM_100DEVICES_ALL_APPS_GENERIC.log
8,RANDOM,100,ALL_APPS,62273.0,23.0,0.03692050853987415,0.3964813274786866,ite8/SIMRESULT_ITS_SCENARIO_RANDOM_100DEVICES_ALL_APPS_GENERIC.log
9,RANDOM,100,ALL_APPS,64112.0,33.0,0.05144594278587575,0.36738818338156576,ite9/SIMRESULT_ITS_SCENARIO_RANDOM_100DEVICES_ALL_APPS_GENERIC.log
10,RANDOM,100,ALL_APPS,65693.0,25.0,0.03804132809884659,0.36880493988042135,ite10/SIMRESULT_ITS_SCENARIO_RANDOM_100DEVICES_ALL_APPS_GENERIC.log
1,RT_OPT_ML,200,ALL_APPS,136892.0,97.0,0.07080860507048012,0.7871014718098465,ite1/SIMRESULT_ITS_SCENARIO_RT_OPT_ML_200DEVICES_ALL_APPS_GENERIC.log
2,RT_OPT_ML,200,ALL_APPS,134744.0,108.0,0.080087799958473,0.775551107381762,ite2/SIMRESULT_ITS_SCENARIO_RT_OPT_ML_200DEVICES_ALL_APPS_GENERIC.log
3,RT_OPT_ML,200,ALL_APPS,132535.0,97.0,0.07313468846130647,0.8233116135672649,ite3/SIMRESULT_ITS_SCENARIO_RT_OPT_ML_200DEVICES_ALL_APPS_GENERIC.log
4,RT_OPT_ML,200,ALL_APPS,131791.0,119.0,0.09021302403153665,0.7903751790081585,ite4/SIMRESULT_ITS_SCENARIO_RT_OPT_ML_200DEVICES_ALL_APPS_GENERIC.log
5,RT_OPT_ML,200,ALL_APPS,136146.0,89.0,0.06532829302308511,0.78473127267008,ite5/SIMRESULT_ITS_SCENARIO_RT_OPT_ML_200DEVICES_ALL_APPS_GENERIC.log
6,RT_OPT_ML,200,ALL_APPS,131524.0,99.0,0.07521481807890718,0.853268889769644,ite6/SIMRESULT_ITS_SCENARIO_RT_OPT_ML_200DEVICES_ALL_APPS_GENERIC.log
7,RT_OPT_ML,200,ALL_APPS,128605.0,103.0,0.0800261056033813,0.8301617187364616,ite7/SIMRESULT_ITS_SCENARIO_RT_OPT_ML_200DEVICES_ALL_APPS_GENERIC.log
8,RT_OPT_ML,200,ALL_APPS,124418.0,103.0,0.08271697143453714,0.8878689380446005,ite8/SIMRESULT_ITS_SCENARIO_RT_OPT_ML_200DEVICES_ALL_APPS_GENERIC.log
9,RT_OPT_ML,200,ALL_APPS,130976.0,79.0,0.060280035099767273,0.8122450243713165,ite9/SIMRESULT_ITS_SCENARIO_RT_OPT_ML_200DEVICES_ALL_APPS_GENERIC.log
10,RT_OPT_ML,200,ALL_APPS,128807.0,108.0,0.08377613155955474,0.8317308097029641,ite10/SIMRESULT_ITS_SCENARIO_RT_OPT_ML_200DEVICES_ALL_APPS_GENERIC.log
1,EXP3_MC,200,ALL_APPS,136892.0,97.0,0.07080860507048012,0.7871014718098465,ite1/SIMRESULT_ITS_SCENARIO_EXP3_MC_200DEVICES_ALL_APPS_GENERIC.log
2,EXP3_MC,200,ALL_APPS,134744.0,108.0,0.080087799958473,0.775551107381762,ite2/SIMRESULT_ITS_SCENARIO_EXP3_MC_200DEVICES_ALL_APPS_GENERIC.log
3,EXP3_MC,200,ALL_APPS,132535.0,97.0,0.07313468846130647,0.8233116135672649,ite3/SIMRESULT_ITS_SCENARIO_EXP3_MC_200DEVICES_ALL_APPS_GENERIC.log
4,EXP3_MC,200,ALL_APPS,131791.0,119.0,0.09021302403153665,0.7903751790081585,ite4/SIMRESULT_ITS_SCENARIO_EXP3_MC_200DEVICES_ALL_APPS_GENERIC.log
5,EXP3_MC,200,ALL_APPS,136146.0,89.0,0.06532829302308511,0.78473127267008,ite5/SIMRESULT_ITS_SCENARIO_EXP3_MC_200DEVICES_ALL_APPS_GENERIC.log
6,EXP3_MC,200,ALL_APPS,131524.0,99.0,0.07521481807890718,0.853268889769644,ite6/SIMRESULT_ITS_SCENARIO_EXP3_MC_200DEVICES_ALL_APPS_GENERIC.log
7,EXP3_MC,200,ALL_APPS,128605.0,103.0,0.0800261056033813,0.8301617187364616,ite7/SIMRESULT_ITS_SCENARIO_EXP3_MC_200DEVICES_ALL_APPS_GENERIC.log
8,EXP3_MC,200,ALL_APPS,124418.0,103.0,0.08271697143453714,0.8878689380446005,ite8/SIMRESULT_ITS_SCENARIO_EXP3_MC_200DEVICES_ALL_APPS_GENERIC.log
9,EXP3_MC,200,ALL_APPS,130976.0,79.0,0.060280035099767273,0.8122450243713165,ite9/SIMRESULT_ITS_SCENARIO_EXP3_MC_200DEVICES_ALL_APPS_GENERIC.log
10,EXP3_MC,200,ALL_APPS,128807.0,108.0,0.08377613155955474,0.8317308097029641,ite10/SIMRESULT_ITS_SCENARIO_EXP3_MC_200DEVICES_ALL_APPS_GENERIC.log
1,RAIDER_TRAX,200,ALL_APPS,136885.0,104.0,0.07591850440546322,0.7874132139624411,ite1/SIMRESULT_ITS_SCENARIO_RAIDER_TRAX_200DEVICES_ALL_APPS_GENERIC.log
2,RAIDER_TRAX,200,ALL_APPS,134746.0,106.0,0.07860469255183461,0.7755832580238988,ite2/SIMRESULT_ITS_SCENARIO_RAIDER_TRAX_200DEVICES_ALL_APPS_GENERIC.log
3,RAIDER_TRAX,200,ALL_APPS,132534.0,97.0,0.07313523987604707,0.8232943727620569,ite3/SIMRESULT_ITS_SCENARIO_RAIDER_TRAX_200DEVICES_ALL_APPS_GENERIC.log
4,RAIDER_TRAX,200,ALL_APPS,131796.0,115.0,0.08717999257074846,0.7904265042177903,ite4/SIMRESULT_ITS_SCENARIO_RAIDER_TRAX_200DEVICES_ALL_APPS_GENERIC.log
5,RAIDER_TRAX,200,ALL_APPS,136149.0,86.0,0.06312621573017213,0.7847395172726249,ite5/SIMRESULT_ITS_SCENARIO_RAIDER_TRAX_200DEVICES_ALL_APPS_GENERIC.log
6,RAIDER_TRAX,200,ALL_APPS,131521.0,102.0,0.07749405499038922,0.8533200642112013,ite6/SIMRESULT_ITS_SCENARIO_RAIDER_TRAX_200DEVICES_ALL_APPS_GENERIC.log
7,RAIDER_TRAX,200,ALL_APPS,128607.0,101.0,0.07847220064020885,0.8301053247741084,ite7/SIMRESULT_ITS_SCENARIO_RAIDER_TRAX_200DEVICES_ALL_APPS_GENERIC.log
8,RAIDER_TRAX,200,ALL_APPS,124420.0,101.0,0.08111081664940051,0.8882926324035538,ite8/SIMRESULT_ITS_SCENARIO_RAIDER_TRAX_200DEVICES_ALL_APPS_GENERIC.log
9,RAIDER_TRAX,200,ALL_APPS,130977.0,78.0,0.05951699668078288,0.8123954791504387,ite9/SIMRESULT_ITS_SCENARIO_RAIDER_TRAX_200DEVICES_ALL_APPS_GENERIC.log
10,RAIDER_TRAX,200,ALL_APPS,128810.0,105.0,0.08144901679401156,0.8317734440524812,ite10/SIMRESULT_ITS_SCENARIO_RAIDER_TRAX_200DEVICES_ALL_APPS_GENERIC.log
1,RANDOM,200,ALL_APPS,136951.0,65.0,0.047439715069772875,0.3532806746949923,ite1/SIMRESULT_ITS_SCENARIO_RANDOM_200DEVICES_ALL_APPS_GENERIC.log
2,RANDOM,200,ALL_APPS,134807.0,68.0,0.05041705282669138,0.35014529190595634,ite2/SIMRESULT_ITS_SCENARIO_RANDOM_200DEVICES_ALL_APPS_GENERIC.log
3,RANDOM,200,ALL_APPS,132587.0,63.0,0.047493403693931395,0.37138061499303177,ite3/SIMRESULT_ITS_SCENARIO_RANDOM_200DEVICES_ALL_APPS_GENERIC.log
4,RANDOM,200,ALL_APPS,131870.0,65.0,0.0492666843521431,0.3556671242617706,ite4/SIMRESULT_ITS_SCENARIO_RANDOM_200DEVICES_ALL_APPS_GENERIC.log
5,RANDOM,200,ALL_APPS,136179.0,66.0,0.0484421446658593,0.35392246823674645,ite5/SIMRESULT_ITS_SCENARIO_RANDOM_200DEVICES_ALL_APPS_GENERIC.log
6,RANDOM,200,ALL_APPS,131579.0,58.0,0.04406056048071591,0.384848812181535,ite6/SIMRESULT_ITS_SCENARIO_RANDOM_200DEVICES_ALL_APPS_GENERIC.log
7,RANDOM,200,ALL_APPS,128662.0,58.0,0.045059042883778745,0.37315176802780875,ite7/SIMRESULT_ITS_SCENARIO_RANDOM_200DEVICES_ALL_APPS_GENERIC.log
8,RANDOM,200,ALL_APPS,124493.0,51.0,0.040949383350462484,0.397577622136968,ite8/SIMRESULT_ITS_SCENARIO_RANDOM_200DEVICES_ALL_APPS_GENERIC.log
9,RANDOM,200,ALL_APPS,131015.0,54.0,0.041199673454440026,0.36487124003845406,ite9/SIMRESULT_ITS_SCENARIO_RANDOM_200DEVICES_ALL_APPS_GENERIC.log
10,RANDOM,200,ALL_APPS,128875.0,59.0,0.04575984612282253,0.3755544204462373,ite10/SIMRESULT_ITS_SCENARIO_RANDOM_200DEVICES_ALL_APPS_GENERIC.log
1,RT_OPT_ML,300,ALL_APPS,209698.0,161.0,0.07671817744294979,0.7367766480638271,ite1/SIMRESULT_ITS_SCENARIO_RT_OPT_ML_300DEVICES_ALL_APPS_GENERIC.log
2,RT_OPT_ML,300,ALL_APPS,206143.0,163.0,0.07900885093017168,0.7393805815646092,ite2/SIMRESULT_ITS_SCENARIO_RT_OPT_ML_300DEVICES_ALL_APPS_GENERIC.log
3,RT_OPT_ML,300,ALL_APPS,203312.0,158.0,0.07765272521747678,0.7685061002471786,ite3/SIMRESULT_ITS_SCENARIO_RT_OPT_ML_300DEVICES_ALL_APPS_GENERIC.log
4,RT_OPT_ML,300,ALL_APPS,198199.0,169.0,0.08519519277302791,0.7586906031652969,ite4/SIMRESULT_ITS_SCENARIO_RT_OPT_ML_300DEVICES_ALL_APPS_GENERIC.log
5,RT_OPT_ML,300,ALL_APPS,211614.0,175.0,0.0826294094594148,0.7314429539333391,ite5/SIMRESULT_ITS_SCENARIO_RT_OPT_ML_300DEVICES_ALL_APPS_GENERIC.log
6,RT_OPT_ML,300,ALL_APPS,205138.0,171.0,0.0832890910773517,0.7747966652720812,ite6/SIMRESULT_ITS_SCENARIO_RT_OPT_ML_300DEVICES_ALL_APPS_GENERIC.log
7,RT_OPT_ML,300,ALL_APPS,193967.0,172.0,0.08859631501140935,0.7950716938572011,ite7/SIMRESULT_ITS_SCENARIO_RT_OPT_ML_300DEVICES_ALL_APPS_GENERIC.log
8,RT_OPT_ML,300,ALL_APPS,195127.0,151.0,0.0773256588043712,0.7887825461190345,ite8/SIMRESULT_ITS_SCENARIO_RT_OPT_ML_300DEVICES_ALL_APPS_GENERIC.log
9,RT_OPT_ML,300,ALL_APPS,203444.0,138.0,0.06778595357153383,0.753966267059147,ite9/SIMRESULT_ITS_SCENARIO_RT_OPT_ML_300DEVICES_ALL_APPS_GENERIC.log
10,RT_OPT_ML,300,ALL_APPS,192441.0,159.0,0.08255451713395638,0.7980611283823035,ite10/SIMRESULT_ITS_SCENARIO_RT_OPT_ML_300DEVICES_ALL_APPS_GENERIC.log
1,EXP3_MC,300,ALL_APPS,209698.0,161.0,0.07671817744294979,0.7367766480638271,ite1/SIMRESULT_ITS_SCENARIO_EXP3_MC_300DEVICES_ALL_APPS_GENERIC.log
2,EXP3_MC,300,ALL_APPS,206143.0,163.0,0.07900885093017168,0.7393805815646092,ite2/SIMRESULT_ITS_SCENARIO_EXP3_MC_300DEVICES_ALL_APPS_GENERIC.log
3,EXP3_MC,300,ALL_APPS,203312.0,158.0,0.07765272521747678,0.7685061002471786,ite3/SIMRESULT_ITS_SCENARIO_EXP3_MC_300DEVICES_ALL_APPS_GENERIC.log
4,EXP3_MC,300,ALL_APPS,198199.0,169.0,0.08519519277302791,0.7586906031652969,ite4/SIMRESULT_ITS_SCENARIO_EXP3_MC_300DEVICES_ALL_APPS_GENERIC.log
5,EXP3_MC,300,ALL_APPS,211614.0,175.0,0.0826294094594148,0.7314429539333391,ite5/SIMRESULT_ITS_SCENARIO_EXP3_MC_300DEVICES_ALL_APPS_GENERIC.log
6,EXP3_MC,300,ALL_APPS,205138.0,171.0,0.0832890910773517,0.7747966652720812,ite6/SIMRESULT_ITS_SCENARIO_EXP3_MC_300DEVICES_ALL_APPS_GENERIC.log
7,EXP3_MC,300,ALL_APPS,193967.0,172.0,0.08859631501140935,0.7950716938572011,ite7/SIMRESULT_ITS_SCENARIO_EXP3_MC_300DEVICES_ALL_APPS_GENERIC.log
8,EXP3_MC,300,ALL_APPS,195127.0,151.0,0.0773256588043712,0.7887825461190345,ite8/SIMRESULT_ITS_SCENARIO_EXP3_MC_300DEVICES_ALL_APPS_GENERIC.log
9,EXP3_MC,300,ALL_APPS,203444.0,138.0,0.06778595357153383,0.753966267059147,ite9/SIMRESULT_ITS_SCENARIO_EXP3_MC_300DEVICES_ALL_APPS_GENERIC.log
10,EXP3_MC,300,ALL_APPS,192441.0,159.0,0.08255451713395638,0.7980611283823035,ite10/SIMRESULT_ITS_SCENARIO_EXP3_MC_300DEVICES_ALL_APPS_GENERIC.log
1,RAIDER_TRAX,300,ALL_APPS,209701.0,162.0,0.07719321652697236,0.7377802013563216,ite1/SIMRESULT_ITS_SCENARIO_RAIDER_TRAX_300DEVICES_ALL_APPS_GENERIC.log
2,RAIDER_TRAX,300,ALL_APPS,206142.0,162.0,0.0785248953001396,0.7397969201832223,ite2/SIMRESULT_ITS_SCENARIO_RAIDER_TRAX_300DEVICES_ALL_APPS_GENERIC.log
3,RAIDER_TRAX,300,ALL_APPS,203301.0,168.0,0.08256786046031582,0.7694239051621423,ite3/SIMRESULT_ITS_SCENARIO_RAIDER_TRAX_300DEVICES_ALL_APPS_GENERIC.log
4,RAIDER_TRAX,300,ALL_APPS,198202.0,167.0,0.08418654124384355,0.7597679574527648,ite4/SIMRESULT_ITS_SCENARIO_RAIDER_TRAX_300DEVICES_ALL_APPS_GENERIC.log
5,RAIDER_TRAX,300,ALL_APPS,211625.0,167.0,0.07885094810002266,0.7325865642252265,ite5/SIMRESULT_ITS_SCENARIO_RAIDER_TRAX_300DEVICES_ALL_APPS_GENERIC.log
6,RAIDER_TRAX,300,ALL_APPS,205121.0,186.0,0.09059603423166283,0.7750881693933319,ite6/SIMRESULT_ITS_SCENARIO_RAIDER_TRAX_300DEVICES_ALL_APPS_GENERIC.log
7,RAIDER_TRAX,300,ALL_APPS,193961.0,178.0,0.09168688413971433,0.7970862703297652,ite7/SIMRESULT_ITS_SCENARIO_RAIDER_TRAX_300DEVICES_ALL_APPS_GENERIC.log
8,RAIDER_TRAX,300,ALL_APPS,195125.0,153.0,0.07834983971568737,0.789402104867342,ite8/SIMRESULT_ITS_SCENARIO_RAIDER_TRAX_300DEVICES_ALL_APPS_GENERIC.log
9,RAIDER_TRAX,300,ALL_APPS,203429.0,151.0,0.0741723155516259,0.7552472046801889,ite9/SIMRESULT_ITS_SCENARIO_RAIDER_TRAX_300DEVICES_ALL_APPS_GENERIC.log
10,RAIDER_TRAX,300,ALL_APPS,192442.0,161.0,0.08359163668271002,0.7987946578161241,ite10/SIMRESULT_ITS_SCENARIO_RAIDER_TRAX_300DEVICES_ALL_APPS_GENERIC.log
1,RANDOM,300,ALL_APPS,209804.0,84.0,0.040021344717182494,0.34678668925524414,ite1/SIMRESULT_ITS_SCENARIO_RANDOM_300DEVICES_ALL_APPS_GENERIC.log
2,RANDOM,300,ALL_APPS,206248.0,80.0,0.038773215462758324,0.34835088385840823,ite2/SIMRESULT_ITS_SCENARIO_RANDOM_300DEVICES_ALL_APPS_GENERIC.log
3,RANDOM,300,ALL_APPS,203410.0,82.0,0.0402964244294616,0.36488655479193516,ite3/SIMRESULT_ITS_SCENARIO_RANDOM_300DEVICES_ALL_APPS_GENERIC.log
4,RANDOM,300,ALL_APPS,198325.0,67.0,0.03377152304528409,0.35863100492460454,ite4/SIMRESULT_ITS_SCENARIO_RANDOM_300DEVICES_ALL_APPS_GENERIC.log
5,RANDOM,300,ALL_APPS,211709.0,106.0,0.05004367018388688,0.34603621470063856,ite5/SIMRESULT_ITS_SCENARIO_RANDOM_300DEVICES_ALL_APPS_GENERIC.log
6,RANDOM,300,ALL_APPS,205243.0,90.0,0.043831239985779195,0.3706217835794867,ite6/SIMRESULT_ITS_SCENARIO_RANDOM_300DEVICES_ALL_APPS_GENERIC.log
7,RANDOM,300,ALL_APPS,194064.0,98.0,0.05047331609686757,0.37847886657862684,ite7/SIMRESULT_ITS_SCENARIO_RANDOM_300DEVICES_ALL_APPS_GENERIC.log
8,RANDOM,300,ALL_APPS,195205.0,103.0,0.052737215065435106,0.3739131764784984,ite8/SIMRESULT_ITS_SCENARIO_RANDOM_300DEVICES_ALL_APPS_GENERIC.log
9,RANDOM,300,ALL_APPS,203519.0,80.0,0.03929292383557876,0.3549948729550587,ite9/SIMRESULT_ITS_SCENARIO_RANDOM_300DEVICES_ALL_APPS_GENERIC.log
10,RANDOM,300,ALL_APPS,192533.0,96.0,0.04983673278685972,0.37952767535366105,ite10/SIMRESULT_ITS_SCENARIO_RANDOM_300DEVICES_ALL_APPS_GENERIC.log
1,RT_OPT_ML,400,ALL_APPS,277551.0,228.0,0.08207963884958906,0.6743459974886118,ite1/SIMRESULT_ITS_SCENARIO_RT_OPT_ML_400DEVICES_ALL_APPS_GENERIC.log
2,RT_OPT_ML,400,ALL_APPS,271131.0,254.0,0.09359397166387236,0.6866348701010114,ite2/SIMRESULT_ITS_SCENARIO_RT_OPT_ML_400DEVICES_ALL_APPS_GENERIC.log
3,RT_OPT_ML,400,ALL_APPS,267706.0,243.0,0.09068889975331126,0.7070649289151116,ite3/SIMRESULT_ITS_SCENARIO_RT_OPT_ML_400DEVICES_ALL_APPS_GENERIC.log
4,RT_OPT_ML,400,ALL_APPS,254138.0,285.0,0.11201817445749794,0.7120722643599625,ite4/SIMRESULT_ITS_SCENARIO_RT_OPT_ML_400DEVICES_ALL_APPS_GENERIC.log
5,RT_OPT_ML,400,ALL_APPS,274128.0,304.0,0.11077425373134328,0.6803050211250088,ite5/SIMRESULT_ITS_SCENARIO_RT_OPT_ML_400DEVICES_ALL_APPS_GENERIC.log
6,RT_OPT_ML,400,ALL_APPS,267210.0,245.0,0.09160419509824083,0.7184034655360156,ite6/SIMRESULT_ITS_SCENARIO_RT_OPT_ML_400DEVICES_ALL_APPS_GENERIC.log
7,RT_OPT_ML,400,ALL_APPS,265118.0,267.0,0.10060854984268139,0.7003941480627365,ite7/SIMRESULT_ITS_SCENARIO_RT_OPT_ML_400DEVICES_ALL_APPS_GENERIC.log
8,RT_OPT_ML,400,ALL_APPS,261077.0,299.0,0.11439458863858962,0.7179058919733573,ite8/SIMRESULT_ITS_SCENARIO_RT_OPT_ML_400DEVICES_ALL_APPS_GENERIC.log
9,RT_OPT_ML,400,ALL_APPS,266212.0,252.0,0.09457187462471478,0.6935938301303248,ite9/SIMRESULT_ITS_SCENARIO_RT_OPT_ML_400DEVICES_ALL_APPS_GENERIC.log
10,RT_OPT_ML,400,ALL_APPS,252534.0,267.0,0.10561667082013125,0.7316852236779073,ite10/SIMRESULT_ITS_SCENARIO_RT_OPT_ML_400DEVICES_ALL_APPS_GENERIC.log
1,EXP3_MC,400,ALL_APPS,277551.0,228.0,0.08207963884958906,0.6743459974886118,ite1/SIMRESULT_ITS_SCENARIO_EXP3_MC_400DEVICES_ALL_APPS_GENERIC.log
2,EXP3_MC,400,ALL_APPS,271131.0,254.0,0.09359397166387236,0.6866348701010114,ite2/SIMRESULT_ITS_SCENARIO_EXP3_MC_400DEVICES_ALL_APPS_GENERIC.log
3,EXP3_MC,400,ALL_APPS,267706.0,243.0,0.09068889975331126,0.7070649289151116,ite3/SIMRESULT_ITS_SCENARIO_EXP3_MC_400DEVICES_ALL_APPS_GENERIC.log
4,EXP3_MC,400,ALL_APPS,254138.0,285.0,0.11201817445749794,0.7120722643599625,ite4/SIMRESULT_ITS_SCENARIO_EXP3_MC_400DEVICES_ALL_APPS_GENERIC.log
5,EXP3_MC,400,ALL_APPS,274128.0,304.0,0.11077425373134328,0.6803050211250088,ite5/SIMRESULT_ITS_SCENARIO_EXP3_MC_400DEVICES_ALL_APPS_GENERIC.log
6,EXP3_MC,400,ALL_APPS,267210.0,245.0,0.09160419509824083,0.7184034655360156,ite6/SIMRESULT_ITS_SCENARIO_EXP3_MC_400DEVICES_ALL_APPS_GENERIC.log
7,EXP3_MC,400,ALL_APPS,265118.0,267.0,0.10060854984268139,0.7003941480627365,ite7/SIMRESULT_ITS_SCENARIO_EXP3_MC_400DEVICES_ALL_APPS_GENERIC.log
8,EXP3_MC,400,ALL_APPS,261077.0,299.0,0.11439458863858962,0.7179058919733573,ite8/SIMRESULT_ITS_SCENARIO_EXP3_MC_400DEVICES_ALL_APPS_GENERIC.log
9,EXP3_MC,400,ALL_APPS,266212.0,252.0,0.09457187462471478,0.6935938301303248,ite9/SIMRESULT_ITS_SCENARIO_EXP3_MC_400DEVICES_ALL_APPS_GENERIC.log
10,EXP3_MC,400,ALL_APPS,252534.0,267.0,0.10561667082013125,0.7316852236779073,ite10/SIMRESULT_ITS_SCENARIO_EXP3_MC_400DEVICES_ALL_APPS_GENERIC.log
1,RAIDER_TRAX,400,ALL_APPS,277520.0,265.0,0.09539751966448873,0.676651634779521,ite1/SIMRESULT_ITS_SCENARIO_RAIDER_TRAX_400DEVICES_ALL_APPS_GENERIC.log
2,RAIDER_TRAX,400,ALL_APPS,271123.0,268.0,0.09875051125497898,0.6885518186547265,ite2/SIMRESULT_ITS_SCENARIO_RAIDER_TRAX_400DEVICES_ALL_APPS_GENERIC.log
3,RAIDER_TRAX,400,ALL_APPS,267675.0,271.0,0.10113978189635225,0.7069765313088635,ite3/SIMRESULT_ITS_SCENARIO_RAIDER_TRAX_400DEVICES_ALL_APPS_GENERIC.log
4,RAIDER_TRAX,400,ALL_APPS,254119.0,307.0,0.12066376863999749,0.7135187096517429,ite4/SIMRESULT_ITS_SCENARIO_RAIDER_TRAX_400DEVICES_ALL_APPS_GENERIC.log
5,RAIDER_TRAX,400,ALL_APPS,274087.0,342.0,0.12462239777866042,0.6811326621737485,ite5/SIMRESULT_ITS_SCENARIO_RAIDER_TRAX_400DEVICES_ALL_APPS_GENERIC.log
6,RAIDER_TRAX,400,ALL_APPS,267186.0,276.0,0.10319222917648115,0.7183318518013426,ite6/SIMRESULT_ITS_SCENARIO_RAIDER_TRAX_400DEVICES_ALL_APPS_GENERIC.log
7,RAIDER_TRAX,400,ALL_APPS,265041.0,337.0,0.1269886727611181,0.7020046187968568,ite7/SIMRESULT_ITS_SCENARIO_RAIDER_TRAX_400DEVICES_ALL_APPS_GENERIC.log
8,RAIDER_TRAX,400,ALL_APPS,261068.0,305.0,0.11669147157510532,0.7186453977053314,ite8/SIMRESULT_ITS_SCENARIO_RAIDER_TRAX_400DEVICES_ALL_APPS_GENERIC.log
9,RAIDER_TRAX,400,ALL_APPS,266182.0,286.0,0.1073299608208115,0.6964124086706701,ite9/SIMRESULT_ITS_SCENARIO_RAIDER_TRAX_400DEVICES_ALL_APPS_GENERIC.log
10,RAIDER_TRAX,400,ALL_APPS,252504.0,296.0,0.11708860759493671,0.7339910286750748,ite10/SIMRESULT_ITS_SCENARIO_RAIDER_TRAX_400DEVICES_ALL_APPS_GENERIC.log
1,RANDOM,400,ALL_APPS,277686.0,120.0,0.04319561132588929,0.34977878685813174,ite1/SIMRESULT_ITS_SCENARIO_RANDOM_400DEVICES_ALL_APPS_GENERIC.log
2,RANDOM,400,ALL_APPS,271292.0,120.0,0.04421322564956597,0.3586173869670839,ite2/SIMRESULT_ITS_SCENARIO_RANDOM_400DEVICES_ALL_APPS_GENERIC.log
3,RANDOM,400,ALL_APPS,267857.0,119.0,0.04440696181747619,0.3710373539861045,ite3/SIMRESULT_ITS_SCENARIO_RANDOM_400DEVICES_ALL_APPS_GENERIC.log
4,RANDOM,400,ALL_APPS,254322.0,126.0,0.049518958687040183,0.3721686702597389,ite4/SIMRESULT_ITS_SCENARIO_RANDOM_400DEVICES_ALL_APPS_GENERIC.log
5,RANDOM,400,ALL_APPS,274320.0,139.0,0.050645087244360724,0.35248387290423866,ite5/SIMRESULT_ITS_SCENARIO_RANDOM_400DEVICES_ALL_APPS_GENERIC.log
6,RANDOM,400,ALL_APPS,267362.0,118.0,0.04411544788395394,0.37926692263762507,ite6/SIMRESULT_ITS_SCENARIO_RANDOM_400DEVICES_ALL_APPS_GENERIC.log
7,RANDOM,400,ALL_APPS,265274.0,124.0,0.04672228125306144,0.3669509733626392,ite7/SIMRESULT_ITS_SCENARIO_RANDOM_400DEVICES_ALL_APPS_GENERIC.log
8,RANDOM,400,ALL_APPS,261255.0,147.0,0.05623522390800376,0.3757888272612577,ite8/SIMRESULT_ITS_SCENARIO_RANDOM_400DEVICES_ALL_APPS_GENERIC.log
9,RANDOM,400,ALL_APPS,266351.0,133.0,0.04990918779363864,0.36054759067175235,ite9/SIMRESULT_ITS_SCENARIO_RANDOM_400DEVICES_ALL_APPS_GENERIC.log
10,RANDOM,400,ALL_APPS,252676.0,147.0,0.05814344422777991,0.3842198302105559,ite10/SIMRESULT_ITS_SCENARIO_RANDOM_400DEVICES_ALL_APPS_GENERIC.log
1,RT_OPT_ML,500,ALL_APPS,344591.0,416.0,0.12057726364972304,0.6256461783886722,ite1/SIMRESULT_ITS_SCENARIO_RT_OPT_ML_500DEVICES_ALL_APPS_GENERIC.log
2,RT_OPT_ML,500,ALL_APPS,337037.0,431.0,0.12771581305486743,0.6382908249157371,ite2/SIMRESULT_ITS_SCENARIO_RT_OPT_ML_500DEVICES_ALL_APPS_GENERIC.log
3,RT_OPT_ML,500,ALL_APPS,330269.0,452.0,0.13667109134285393,0.6623345540518965,ite3/SIMRESULT_ITS_SCENARIO_RT_OPT_ML_500DEVICES_ALL_APPS_GENERIC.log
4,RT_OPT_ML,500,ALL_APPS,326280.0,458.0,0.1401734723233906,0.6448177020672291,ite4/SIMRESULT_ITS_SCENARIO_RT_OPT_ML_500DEVICES_ALL_APPS_GENERIC.log
5,RT_OPT_ML,500,ALL_APPS,336337.0,404.0,0.11997351079910079,0.6385847367316312,ite5/SIMRESULT_ITS_SCENARIO_RT_OPT_ML_500DEVICES_ALL_APPS_GENERIC.log
6,RT_OPT_ML,500,ALL_APPS,328064.0,478.0,0.1454912918287464,0.6744114752246734,ite6/SIMRESULT_ITS_SCENARIO_RT_OPT_ML_500DEVICES_ALL_APPS_GENERIC.log
7,RT_OPT_ML,500,ALL_APPS,339426.0,452.0,0.13298889601562913,0.6351714140699833,ite7/SIMRESULT_ITS_SCENARIO_RT_OPT_ML_500DEVICES_ALL_APPS_GENERIC.log
8,RT_OPT_ML,500,ALL_APPS,331365.0,452.0,0.13621966324811569,0.655442799624147,ite8/SIMRESULT_ITS_SCENARIO_RT_OPT_ML_500DEVICES_ALL_APPS_GENERIC.log
9,RT_OPT_ML,500,ALL_APPS,332109.0,465.0,0.13981850655793898,0.6481682227615031,ite9/SIMRESULT_ITS_SCENARIO_RT_OPT_ML_500DEVICES_ALL_APPS_GENERIC.log
10,RT_OPT_ML,500,ALL_APPS,319553.0,476.0,0.14873652075280677,0.6658563779486149,ite10/SIMRESULT_ITS_SCENARIO_RT_OPT_ML_500DEVICES_ALL_APPS_GENERIC.log
1,EXP3_MC,500,ALL_APPS,344591.0,416.0,0.12057726364972304,0.6256461783886722,ite1/SIMRESULT_ITS_SCENARIO_EXP3_MC_500DEVICES_ALL_APPS_GENERIC.log
2,EXP3_MC,500,ALL_APPS,337037.0,431.0,0.12771581305486743,0.6382908249157371,ite2/SIMRESULT_ITS_SCENARIO_EXP3_MC_500DEVICES_ALL_APPS_GENERIC.log
3,EXP3_MC,500,ALL_APPS,330269.0,452.0,0.13667109134285393,0.6623345540518965,ite3/SIMRESULT_ITS_SCENARIO_EXP3_MC_500DEVICES_ALL_APPS_GENERIC.log
4,EXP3_MC,500,ALL_APPS,326280.0,458.0,0.1401734723233906,0.6448177020672291,ite4/SIMRESULT_ITS_SCENARIO_EXP3_MC_500DEVICES_ALL_APPS_GENERIC.log
5,EXP3_MC,500,ALL_APPS,336337.0,404.0,0.11997351079910079,0.6385847367316312,ite5/SIMRESULT_ITS_SCENARIO_EXP3_MC_500DEVICES_ALL_APPS_GENERIC.log
6,EXP3_MC,500,ALL_APPS,328064.0,478.0,0.1454912918287464,0.6744114752246734,ite6/SIMRESULT_ITS_SCENARIO_EXP3_MC_500DEVICES_ALL_APPS_GENERIC.log
7,EXP3_MC,500,ALL_APPS,339426.0,452.0,0.13298889601562913,0.6351714140699833,ite7/SIMRESULT_ITS_SCENARIO_EXP3_MC_500DEVICES_ALL_APPS_GENERIC.log
8,EXP3_MC,500,ALL_APPS,331365.0,452.0,0.13621966324811569,0.655442799624147,ite8/SIMRESULT_ITS_SCENARIO_EXP3_MC_500DEVICES_ALL_APPS_GENERIC.log
9,EXP3_MC,500,ALL_APPS,332109.0,465.0,0.13981850655793898,0.6481682227615031,ite9/SIMRESULT_ITS_SCENARIO_EXP3_MC_500DEVICES_ALL_APPS_GENERIC.log
10,EXP3_MC,500,ALL_APPS,319553.0,476.0,0.14873652075280677,0.6658563779486149,ite10/SIMRESULT_ITS_SCENARIO_EXP3_MC_500DEVICES_ALL_APPS_GENERIC.log
1,RAIDER_TRAX,500,ALL_APPS,344576.0,444.0,0.12868819198887022,0.6269898731455223,ite1/SIMRESULT_ITS_SCENARIO_RAIDER_TRAX_500DEVICES_ALL_APPS_GENERIC.log
2,RAIDER_TRAX,500,ALL_APPS,337033.0,429.0,0.12712542449223913,0.6392120957457699,ite2/SIMRESULT_ITS_SCENARIO_RAIDER_TRAX_500DEVICES_ALL_APPS_GENERIC.log
3,RAIDER_TRAX,500,ALL_APPS,330240.0,485.0,0.14664751681910954,0.6623186894210098,ite3/SIMRESULT_ITS_SCENARIO_RAIDER_TRAX_500DEVICES_ALL_APPS_GENERIC.log
4,RAIDER_TRAX,500,ALL_APPS,326260.0,478.0,0.14629458465192294,0.6462358230143448,ite4/SIMRESULT_ITS_SCENARIO_RAIDER_TRAX_500DEVICES_ALL_APPS_GENERIC.log
5,RAIDER_TRAX,500,ALL_APPS,336281.0,466.0,0.1383828215247649,0.6400317992357352,ite5/SIMRESULT_ITS_SCENARIO_RAIDER_TRAX_500DEVICES_ALL_APPS_GENERIC.log
6,RAIDER_TRAX,500,ALL_APPS,328019.0,522.0,0.15888427928325535,0.6742699395186412,ite6/SIMRESULT_ITS_SCENARIO_RAIDER_TRAX_500DEVICES_ALL_APPS_GENERIC.log
7,RAIDER_TRAX,500,ALL_APPS,339400.0,476.0,0.14005107745177653,0.6368452642554411,ite7/SIMRESULT_ITS_SCENARIO_RAIDER_TRAX_500DEVICES_ALL_APPS_GENERIC.log
8,RAIDER_TRAX,500,ALL_APPS,331300.0,510.0,0.15370242005967272,0.6563625635455447,ite8/SIMRESULT_ITS_SCENARIO_RAIDER_TRAX_500DEVICES_ALL_APPS_GENERIC.log
9,RAIDER_TRAX,500,ALL_APPS,332080.0,493.0,0.14823813117721524,0.6479799691575362,ite9/SIMRESULT_ITS_SCENARIO_RAIDER_TRAX_500DEVICES_ALL_APPS_GENERIC.log
10,RAIDER_TRAX,500,ALL_APPS,319467.0,558.0,0.1743613780173424,0.6672099488361267,ite10/SIMRESULT_ITS_SCENARIO_RAIDER_TRAX_500DEVICES_ALL_APPS_GENERIC.log
1,RANDOM,500,ALL_APPS,344890.0,153.0,0.04434229936558632,0.35224638836424765,ite1/SIMRESULT_ITS_SCENARIO_RANDOM_500DEVICES_ALL_APPS_GENERIC.log
2,RANDOM,500,ALL_APPS,337354.0,142.0,0.042074572735676864,0.3613208201879093,ite2/SIMRESULT_ITS_SCENARIO_RANDOM_500DEVICES_ALL_APPS_GENERIC.log
3,RANDOM,500,ALL_APPS,330604.0,156.0,0.047164106905308985,0.37743522687186215,ite3/SIMRESULT_ITS_SCENARIO_RANDOM_500DEVICES_ALL_APPS_GENERIC.log
4,RANDOM,500,ALL_APPS,326575.0,179.0,0.05478127276177185,0.3662540018672849,ite4/SIMRESULT_ITS_SCENARIO_RANDOM_500DEVICES_ALL_APPS_GENERIC.log
5,RANDOM,500,ALL_APPS,336616.0,147.0,0.04365087613544243,0.36224078426290957,ite5/SIMRESULT_ITS_SCENARIO_RANDOM_500DEVICES_ALL_APPS_GENERIC.log
6,RANDOM,500,ALL_APPS,328407.0,155.0,0.04717526676852466,0.38631443099264456,ite6/SIMRESULT_ITS_SCENARIO_RANDOM_500DEVICES_ALL_APPS_GENERIC.log
7,RANDOM,500,ALL_APPS,339764.0,149.0,0.04383474594969889,0.3589097975974638,ite7/SIMRESULT_ITS_SCENARIO_RANDOM_500DEVICES_ALL_APPS_GENERIC.log
8,RANDOM,500,ALL_APPS,331682.0,164.0,0.049420514334962605,0.3722767087056751,ite8/SIMRESULT_ITS_SCENARIO_RANDOM_500DEVICES_ALL_APPS_GENERIC.log
9,RANDOM,500,ALL_APPS,332436.0,165.0,0.049608990953124016,0.36616501624078035,ite9/SIMRESULT_ITS_SCENARIO_RANDOM_500DEVICES_ALL_APPS_GENERIC.log
10,RANDOM,500,ALL_APPS,319915.0,145.0,0.045304005498968944,0.3781094883409062,ite10/SIMRESULT_ITS_SCENARIO_RANDOM_500DEVICES_ALL_APPS_GENERIC.log
1,RT_OPT_ML,600,ALL_APPS,408549.0,670.0,0.16372651318731535,0.5986196601075842,ite1/SIMRESULT_ITS_SCENARIO_RT_OPT_ML_600DEVICES_ALL_APPS_GENERIC.log
2,RT_OPT_ML,600,ALL_APPS,405105.0,697.0,0.17175864091354898,0.604499729635056,ite2/SIMRESULT_ITS_SCENARIO_RT_OPT_ML_600DEVICES_ALL_APPS_GENERIC.log
3,RT_OPT_ML,600,ALL_APPS,398959.0,702.0,0.17564886241089323,0.617522250213686,ite3/SIMRESULT_ITS_SCENARIO_RT_OPT_ML_600DEVICES_ALL_APPS_GENERIC.log
4,RT_OPT_ML,600,ALL_APPS,393047.0,736.0,0.18690497050405935,0.6060636517831829,ite4/SIMRESULT_ITS_SCENARIO_RT_OPT_ML_600DEVICES_ALL_APPS_GENERIC.log
5,RT_OPT_ML,600,ALL_APPS,401379.0,679.0,0.16888110670599765,0.6087906815459636,ite5/SIMRESULT_ITS_SCENARIO_RT_OPT_ML_600DEVICES_ALL_APPS_GENERIC.log
6,RT_OPT_ML,600,ALL_APPS,393346.0,789.0,0.20018521572557627,0.6371965469977958,ite6/SIMRESULT_ITS_SCENARIO_RT_OPT_ML_600DEVICES_ALL_APPS_GENERIC.log
7,RT_OPT_ML,600,ALL_APPS,402688.0,647.0,0.16041256027867654,0.6025954612393103,ite7/SIMRESULT_ITS_SCENARIO_RT_OPT_ML_600DEVICES_ALL_APPS_GENERIC.log
8,RT_OPT_ML,600,ALL_APPS,400936.0,709.0,0.17652404486549067,0.6138333903801371,ite8/SIMRESULT_ITS_SCENARIO_RT_OPT_ML_600DEVICES_ALL_APPS_GENERIC.log
9,RT_OPT_ML,600,ALL_APPS,398927.0,721.0,0.18040875970854353,0.6117957565106685,ite9/SIMRESULT_ITS_SCENARIO_RT_OPT_ML_600DEVICES_ALL_APPS_GENERIC.log
10,RT_OPT_ML,600,ALL_APPS,385185.0,772.0,0.20002228227496846,0.6307042140318353,ite10/SIMRESULT_ITS_SCENARIO_RT_OPT_ML_600DEVICES_ALL_APPS_GENERIC.log
1,EXP3_MC,600,ALL_APPS,408549.0,670.0,0.16372651318731535,0.5986196601075842,ite1/SIMRESULT_ITS_SCENARIO_EXP3_MC_600DEVICES_ALL_APPS_GENERIC.log
2,EXP3_MC,600,ALL_APPS,405105.0,697.0,0.17175864091354898,0.604499729635056,ite2/SIMRESULT_ITS_SCENARIO_EXP3_MC_600DEVICES_ALL_APPS_GENERIC.log
3,EXP3_MC,600,ALL_APPS,398959.0,702.0,0.17564886241089323,0.617522250213686,ite3/SIMRESULT_ITS_SCENARIO_EXP3_MC_600DEVICES_ALL_APPS_GENERIC.log
4,EXP3_MC,600,ALL_APPS,393047.0,736.0,0.18690497050405935,0.6060636517831829,ite4/SIMRESULT_ITS_SCENARIO_EXP3_MC_600DEVICES_ALL_APPS_GENERIC.log
5,EXP3_MC,600,ALL_APPS,401379.0,679.0,0.16888110670599765,0.6087906815459636,ite5/SIMRESULT_ITS_SCENARIO_EXP3_MC_600DEVICES_ALL_APPS_GENERIC.log
6,EXP3_MC,600,ALL_APPS,393346.0,789.0,0.20018521572557627,0.6371965469977958,ite6/SIMRESULT_ITS_SCENARIO_EXP3_MC_600DEVICES_ALL_APPS_GENERIC.log
7,EXP3_MC,600,ALL_APPS,402688.0,647.0,0.16041256027867654,0.6025954612393103,ite7/SIMRESULT_ITS_SCENARIO_EXP3_MC_600DEVICES_ALL_APPS_GENERIC.log
8,EXP3_MC,600,ALL_APPS,400936.0,709.0,0.17652404486549067,0.6138333903801371,ite8/SIMRESULT_ITS_SCENARIO_EXP3_MC_600DEVICES_ALL_APPS_GENERIC.log
9,EXP3_MC,600,ALL_APPS,398927.0,721.0,0.18040875970854353,0.6117957565106685,ite9/SIMRESULT_ITS_SCENARIO_EXP3_MC_600DEVICES_ALL_APPS_GENERIC.log
10,EXP3_MC,600,ALL_APPS,385185.0,772.0,0.20002228227496846,0.6307042140318353,ite10/SIMRESULT_ITS_SCENARIO_EXP3_MC_600DEVICES_ALL_APPS_GENERIC.log
1,RAIDER_TRAX,600,ALL_APPS,408536.0,695.0,0.1698307312984598,0.5980312878460374,ite1/SIMRESULT_ITS_SCENARIO_RAIDER_TRAX_600DEVICES_ALL_APPS_GENERIC.log
2,RAIDER_TRAX,600,ALL_APPS,405028.0,774.0,0.19073341186095683,0.6048815056728601,ite2/SIMRESULT_ITS_SCENARIO_RAIDER_TRAX_600DEVICES_ALL_APPS_GENERIC.log
3,RAIDER_TRAX,600,ALL_APPS,398912.0,758.0,0.18965646658493257,0.6179394544532336,ite3/SIMRESULT_ITS_SCENARIO_RAIDER_TRAX_600DEVICES_ALL_APPS_GENERIC.log
4,RAIDER_TRAX,600,ALL_APPS,392989.0,797.0,0.2023941938006938,0.6053600980155694,ite4/SIMRESULT_ITS_SCENARIO_RAIDER_TRAX_600DEVICES_ALL_APPS_GENERIC.log
5,RAIDER_TRAX,600,ALL_APPS,401279.0,787.0,0.19573900802355831,0.6088099247688434,ite5/SIMRESULT_ITS_SCENARIO_RAIDER_TRAX_600DEVICES_ALL_APPS_GENERIC.log
6,RAIDER_TRAX,600,ALL_APPS,393295.0,845.0,0.21439082559496625,0.6355220980212253,ite6/SIMRESULT_ITS_SCENARIO_RAIDER_TRAX_600DEVICES_ALL_APPS_GENERIC.log
7,RAIDER_TRAX,600,ALL_APPS,402530.0,799.0,0.19810130191481395,0.6033317779757362,ite7/SIMRESULT_ITS_SCENARIO_RAIDER_TRAX_600DEVICES_ALL_APPS_GENERIC.log
8,RAIDER_TRAX,600,ALL_APPS,400910.0,738.0,0.18374297892682148,0.6143854952148396,ite8/SIMRESULT_ITS_SCENARIO_RAIDER_TRAX_600DEVICES_ALL_APPS_GENERIC.log
9,RAIDER_TRAX,600,ALL_APPS,398839.0,815.0,0.2039263963328279,0.6119921074196906,ite9/SIMRESULT_ITS_SCENARIO_RAIDER_TRAX_600DEVICES_ALL_APPS_GENERIC.log
10,RAIDER_TRAX,600,ALL_APPS,385116.0,856.0,0.22177774553594562,0.6311206560972833,ite10/SIMRESULT_ITS_SCENARIO_RAIDER_TRAX_600DEVICES_ALL_APPS_GENERIC.log
1,RANDOM,600,ALL_APPS,409031.0,231.0,0.056443060924297885,0.3588420890411592,ite1/SIMRESULT_ITS_SCENARIO_RANDOM_600DEVICES_ALL_APPS_GENERIC.log
2,RANDOM,600,ALL_APPS,405635.0,191.0,0.04706450547771705,0.3648506191705866,ite2/SIMRESULT_ITS_SCENARIO_RANDOM_600DEVICES_ALL_APPS_GENERIC.log
3,RANDOM,600,ALL_APPS,399516.0,179.0,0.0447841479127835,0.3761615638899089,ite3/SIMRESULT_ITS_SCENARIO_RANDOM_600DEVICES_ALL_APPS_GENERIC.log
4,RANDOM,600,ALL_APPS,393591.0,224.0,0.056879499257265466,0.3666148124280602,ite4/SIMRESULT_ITS_SCENARIO_RANDOM_600DEVICES_ALL_APPS_GENERIC.log
5,RANDOM,600,ALL_APPS,401859.0,230.0,0.057201266386297564,0.36776644454639584,ite5/SIMRESULT_ITS_SCENARIO_RANDOM_600DEVICES_ALL_APPS_GENERIC.log
6,RANDOM,600,ALL_APPS,394003.0,164.0,0.04160673014230009,0.3891077601749699,ite6/SIMRESULT_ITS_SCENARIO_RANDOM_600DEVICES_ALL_APPS_GENERIC.log
7,RANDOM,600,ALL_APPS,403159.0,201.0,0.04983141610472035,0.364763257799476,ite7/SIMRESULT_ITS_SCENARIO_RANDOM_600DEVICES_ALL_APPS_GENERIC.log
8,RANDOM,600,ALL_APPS,401464.0,216.0,0.05377414857598088,0.3710881427648421,ite8/SIMRESULT_ITS_SCENARIO_RANDOM_600DEVICES_ALL_APPS_GENERIC.log
9,RANDOM,600,ALL_APPS,399500.0,180.0,0.04503602882305845,0.36916825566066863,ite9/SIMRESULT_ITS_SCENARIO_RANDOM_600DEVICES_ALL_APPS_GENERIC.log
10,RANDOM,600,ALL_APPS,385822.0,175.0,0.045337139925957975,0.38462456471118117,ite10/SIMRESULT_ITS_SCENARIO_RANDOM_600DEVICES_ALL_APPS_GENERIC.log
1,RT_OPT_ML,700,ALL_APPS,472086.0,984.0,0.2080030439469846,0.5752581444599278,ite1/SIMRESULT_ITS_SCENARIO_RT_OPT_ML_700DEVICES_ALL_APPS_GENERIC.log
2,RT_OPT_ML,700,ALL_APPS,471080.0,977.0,0.20696653158410955,0.5776088933369018,ite2/SIMRESULT_ITS_SCENARIO_RT_OPT_ML_700DEVICES_ALL_APPS_GENERIC.log
3,RT_OPT_ML,700,ALL_APPS,457884.0,1141.0,0.248570339306138,0.5948361621634005,ite3/SIMRESULT_ITS_SCENARIO_RT_OPT_ML_700DEVICES_ALL_APPS_GENERIC.log
4,RT_OPT_ML,700,ALL_APPS,455159.0,1084.0,0.23759268635354405,0.5839142295434828,ite4/SIMRESULT_ITS_SCENARIO_RT_OPT_ML_700DEVICES_ALL_APPS_GENERIC.log
5,RT_OPT_ML,700,ALL_APPS,460035.0,1085.0,0.23529666897987508,0.5902734677477203,ite5/SIMRESULT_ITS_SCENARIO_RT_OPT_ML_700DEVICES_ALL_APPS_GENERIC.log
6,RT_OPT_ML,700,ALL_APPS,459599.0,1150.0,0.24959359651350302,0.6025477417778592,ite6/SIMRESULT_ITS_SCENARIO_RT_OPT_ML_700DEVICES_ALL_APPS_GENERIC.log
7,RT_OPT_ML,700,ALL_APPS,467886.0,1063.0,0.22667710134790778,0.579548077164943,ite7/SIMRESULT_ITS_SCENARIO_RT_OPT_ML_700DEVICES_ALL_APPS_GENERIC.log
8,RT_OPT_ML,700,ALL_APPS,461328.0,1087.0,0.2350702291231902,0.5910071479971278,ite8/SIMRESULT_ITS_SCENARIO_RT_OPT_ML_700DEVICES_ALL_APPS_GENERIC.log
9,RT_OPT_ML,700,ALL_APPS,461178.0,1085.0,0.2347148701064113,0.5889048129878022,ite9/SIMRESULT_ITS_SCENARIO_RT_OPT_ML_700DEVICES_ALL_APPS_GENERIC.log
10,RT_OPT_ML,700,ALL_APPS,450447.0,1149.0,0.2544309515584726,0.5976623806518941,ite10/SIMRESULT_ITS_SCENARIO_RT_OPT_ML_700DEVICES_ALL_APPS_GENERIC.log
1,EXP3_MC,700,ALL_APPS,472086.0,984.0,0.2080030439469846,0.5752581444599278,ite1/SIMRESULT_ITS_SCENARIO_EXP3_MC_700DEVICES_ALL_APPS_GENERIC.log
2,EXP3_MC,700,ALL_APPS,471080.0,977.0,0.20696653158410955,0.5776088933369018,ite2/SIMRESULT_ITS_SCENARIO_EXP3_MC_700DEVICES_ALL_APPS_GENERIC.log
3,EXP3_MC,700,ALL_APPS,457884.0,1141.0,0.248570339306138,0.5948361621634005,ite3/SIMRESULT_ITS_SCENARIO_EXP3_MC_700DEVICES_ALL_APPS_GENERIC.log
4,EXP3_MC,700,ALL_APPS,455159.0,1084.0,0.23759268635354405,0.5839142295434828,ite4/SIMRESULT_ITS_SCENARIO_EXP3_MC_700DEVICES_ALL_APPS_GENERIC.log
5,EXP3_MC,700,ALL_APPS,460035.0,1085.0,0.23529666897987508,0.5902734677477203,ite5/SIMRESULT_ITS_SCENARIO_EXP3_MC_700DEVICES_ALL_APPS_GENERIC.log
6,EXP3_MC,700,ALL_APPS,459599.0,1150.0,0.24959359651350302,0.6025477417778592,ite6/SIMRESULT_ITS_SCENARIO_EXP3_MC_700DEVICES_ALL_APPS_GENERIC.log
7,EXP3_MC,700,ALL_APPS,467886.0,1063.0,0.22667710134790778,0.579548077164943,ite7/SIMRESULT_ITS_SCENARIO_EXP3_MC_700DEVICES_ALL_APPS_GENERIC.log
8,EXP3_MC,700,ALL_APPS,461328.0,1087.0,0.2350702291231902,0.5910071479971278,ite8/SIMRESULT_ITS_SCENARIO_EXP3_MC_700DEVICES_ALL_APPS_GENERIC.log
9,EXP3_MC,700,ALL_APPS,461178.0,1085.0,0.2347148701064113,0.5889048129878022,ite9/SIMRESULT_ITS_SCENARIO_EXP3_MC_700DEVICES_ALL_APPS_GENERIC.log
10,EXP3_MC,700,ALL_APPS,450447.0,1149.0,0.2544309515584726,0.5976623806518941,ite10/SIMRESULT_ITS_SCENARIO_EXP3_MC_700DEVICES_ALL_APPS_GENERIC.log
1,RAIDER_TRAX,700,ALL_APPS,471926.0,1143.0,0.24161380263767018,0.576120620832978,ite1/SIMRESULT_ITS_SCENARIO_RAIDER_TRAX_700DEVICES_ALL_APPS_GENERIC.log
2,RAIDER_TRAX,700,ALL_APPS,470953.0,1103.0,0.2336587184571322,0.5762363593874144,ite2/SIMRESULT_ITS_SCENARIO_RAIDER_TRAX_700DEVICES_ALL_APPS_GENERIC.log
3,RAIDER_TRAX,700,ALL_APPS,457826.0,1197.0,0.2607712467566985,0.5935920780037496,ite3/SIMRESULT_ITS_SCENARIO_RAIDER_TRAX_700DEVICES_ALL_APPS_GENERIC.log
4,RAIDER_TRAX,700,ALL_APPS,454994.0,1241.0,0.27200894275976195,0.5845572987340881,ite4/SIMRESULT_ITS_SCENARIO_RAIDER_TRAX_700DEVICES_ALL_APPS_GENERIC.log
5,RAIDER_TRAX,700,ALL_APPS,459934.0,1188.0,0.25763247036576004,0.5894512118176242,ite5/SIMRESULT_ITS_SCENARIO_RAIDER_TRAX_700DEVICES_ALL_APPS_GENERIC.log
6,RAIDER_TRAX,700,ALL_APPS,459532.0,1214.0,0.26348573834607353,0.5992699498381475,ite6/SIMRESULT_ITS_SCENARIO_RAIDER_TRAX_700DEVICES_ALL_APPS_GENERIC.log
7,RAIDER_TRAX,700,ALL_APPS,467767.0,1172.0,0.24992589654517966,0.5787765448540358,ite7/SIMRESULT_ITS_SCENARIO_RAIDER_TRAX_700DEVICES_ALL_APPS_GENERIC.log
8,RAIDER_TRAX,700,ALL_APPS,461191.0,1213.0,0.26232472037439125,0.5901519157966739,ite8/SIMRESULT_ITS_SCENARIO_RAIDER_TRAX_700DEVICES_ALL_APPS_GENERIC.log
9,RAIDER_TRAX,700,ALL_APPS,460967.0,1295.0,0.2801441606707884,0.5872917497649087,ite9/SIMRESULT_ITS_SCENARIO_RAIDER_TRAX_700DEVICES_ALL_APPS_GENERIC.log
10,RAIDER_TRAX,700,ALL_APPS,450328.0,1270.0,0.28122356609196675,0.5976153311940552,ite10/SIMRESULT_ITS_SCENARIO_RAIDER_TRAX_700DEVICES_ALL_APPS_GENERIC.log
1,RANDOM,700,ALL_APPS,472773.0,328.0,0.0693298048408268,0.364547191443448,ite1/SIMRESULT_ITS_SCENARIO_RANDOM_700DEVICES_ALL_APPS_GENERIC.log
2,RANDOM,700,ALL_APPS,471708.0,372.0,0.0788002033553635,0.36794088158992555,ite2/SIMRESULT_ITS_SCENARIO_RANDOM_700DEVICES_ALL_APPS_GENERIC.log
3,RANDOM,700,ALL_APPS,458769.0,278.0,0.06056024764348748,0.3831341512380923,ite3/SIMRESULT_ITS_SCENARIO_RANDOM_700DEVICES_ALL_APPS_GENERIC.log
4,RANDOM,700,ALL_APPS,455983.0,277.0,0.060710998115109806,0.37447502336157756,ite4/SIMRESULT_ITS_SCENARIO_RANDOM_700DEVICES_ALL_APPS_GENERIC.log
5,RANDOM,700,ALL_APPS,460718.0,429.0,0.09302890401542241,0.37927386337843594,ite5/SIMRESULT_ITS_SCENARIO_RANDOM_700DEVICES_ALL_APPS_GENERIC.log
6,RANDOM,700,ALL_APPS,460446.0,314.0,0.06814827676013543,0.3884340574651244,ite6/SIMRESULT_ITS_SCENARIO_RANDOM_700DEVICES_ALL_APPS_GENERIC.log
7,RANDOM,700,ALL_APPS,468644.0,330.0,0.0703663742552892,0.3703739179133639,ite7/SIMRESULT_ITS_SCENARIO_RANDOM_700DEVICES_ALL_APPS_GENERIC.log
8,RANDOM,700,ALL_APPS,462142.0,303.0,0.06552130523629837,0.37896427184538656,ite8/SIMRESULT_ITS_SCENARIO_RANDOM_700DEVICES_ALL_APPS_GENERIC.log
9,RANDOM,700,ALL_APPS,461957.0,336.0,0.0726811783868672,0.375441538527395,ite9/SIMRESULT_ITS_SCENARIO_RANDOM_700DEVICES_ALL_APPS_GENERIC.log
10,RANDOM,700,ALL_APPS,451287.0,340.0,0.07528336436926933,0.3858846093950327,ite10/SIMRESULT_ITS_SCENARIO_RANDOM_700DEVICES_ALL_APPS_GENERIC.log
1,RT_OPT_ML,800,ALL_APPS,540872.0,1478.0,0.2725177468424449,0.5557409870143254,ite1/SIMRESULT_ITS_SCENARIO_RT_OPT_ML_800DEVICES_ALL_APPS_GENERIC.log
2,RT_OPT_ML,800,ALL_APPS,543136.0,1483.0,0.27230045224276056,0.5550132124024821,ite2/SIMRESULT_ITS_SCENARIO_RT_OPT_ML_800DEVICES_ALL_APPS_GENERIC.log
3,RT_OPT_ML,800,ALL_APPS,518713.0,1633.0,0.3138296441214115,0.5761299904526529,ite3/SIMRESULT_ITS_SCENARIO_RT_OPT_ML_800DEVICES_ALL_APPS_GENERIC.log
4,RT_OPT_ML,800,ALL_APPS,520907.0,1520.0,0.2909497403464982,0.561873870623207,ite4/SIMRESULT_ITS_SCENARIO_RT_OPT_ML_800DEVICES_ALL_APPS_GENERIC.log
5,RT_OPT_ML,800,ALL_APPS,521960.0,1490.0,0.2846499188079091,0.5710465680191809,ite5/SIMRESULT_ITS_SCENARIO_RT_OPT_ML_800DEVICES_ALL_APPS_GENERIC.log
6,RT_OPT_ML,800,ALL_APPS,522758.0,1617.0,0.30836710369487486,0.5779880164189778,ite6/SIMRESULT_ITS_SCENARIO_RT_OPT_ML_800DEVICES_ALL_APPS_GENERIC.log
7,RT_OPT_ML,800,ALL_APPS,529724.0,1516.0,0.285370077554401,0.5649109255583553,ite7/SIMRESULT_ITS_SCENARIO_RT_OPT_ML_800DEVICES_ALL_APPS_GENERIC.log
8,RT_OPT_ML,800,ALL_APPS,525187.0,1523.0,0.28915342408536004,0.5697711279513294,ite8/SIMRESULT_ITS_SCENARIO_RT_OPT_ML_800DEVICES_ALL_APPS_GENERIC.log
9,RT_OPT_ML,800,ALL_APPS,528203.0,1525.0,0.2878835930892836,0.5653685885811668,ite9/SIMRESULT_ITS_SCENARIO_RT_OPT_ML_800DEVICES_ALL_APPS_GENERIC.log
10,RT_OPT_ML,800,ALL_APPS,518383.0,1618.0,0.3111532477822158,0.572358587381419,ite10/SIMRESULT_ITS_SCENARIO_RT_OPT_ML_800DEVICES_ALL_APPS_GENERIC.log
1,EXP3_MC,800,ALL_APPS,540872.0,1478.0,0.2725177468424449,0.5557409870143254,ite1/SIMRESULT_ITS_SCENARIO_EXP3_MC_800DEVICES_ALL_APPS_GENERIC.log
2,EXP3_MC,800,ALL_APPS,543136.0,1483.0,0.27230045224276056,0.5550132124024821,ite2/SIMRESULT_ITS_SCENARIO_EXP3_MC_800DEVICES_ALL_APPS_GENERIC.log
3,EXP3_MC,800,ALL_APPS,518713.0,1633.0,0.3138296441214115,0.5761299904526529,ite3/SIMRESULT_ITS_SCENARIO_EXP3_MC_800DEVICES_ALL_APPS_GENERIC.log
4,EXP3_MC,800,ALL_APPS,520907.0,1520.0,0.2909497403464982,0.561873870623207,ite4/SIMRESULT_ITS_SCENARIO_EXP3_MC_800DEVICES_ALL_APPS_GENERIC.log
5,EXP3_MC,800,ALL_APPS,521960.0,1490.0,0.2846499188079091,0.5710465680191809,ite5/SIMRESULT_ITS_SCENARIO_EXP3_MC_800DEVICES_ALL_APPS_GENERIC.log
6,EXP3_MC,800,ALL_APPS,522758.0,1617.0,0.30836710369487486,0.5779880164189778,ite6/SIMRESULT_ITS_SCENARIO_EXP3_MC_800DEVICES_ALL_APPS_GENERIC.log
7,EXP3_MC,800,ALL_APPS,529724.0,1516.0,0.285370077554401,0.5649109255583553,ite7/SIMRESULT_ITS_SCENARIO_EXP3_MC_800DEVICES_ALL_APPS_GENERIC.log
8,EXP3_MC,800,ALL_APPS,525187.0,1523.0,0.28915342408536004,0.5697711279513294,ite8/SIMRESULT_ITS_SCENARIO_EXP3_MC_800DEVICES_ALL_APPS_GENERIC.log
9,EXP3_MC,800,ALL_APPS,528203.0,1525.0,0.2878835930892836,0.5653685885811668,ite9/SIMRESULT_ITS_SCENARIO_EXP3_MC_800DEVICES_ALL_APPS_GENERIC.log
10,EXP3_MC,800,ALL_APPS,518383.0,1618.0,0.3111532477822158,0.572358587381419,ite10/SIMRESULT_ITS_SCENARIO_EXP3_MC_800DEVICES_ALL_APPS_GENERIC.log
1,RAIDER_TRAX,800,ALL_APPS,540790.0,1563.0,0.2881886889166281,0.5539985515773996,ite1/SIMRESULT_ITS_SCENARIO_RAIDER_TRAX_800DEVICES_ALL_APPS_GENERIC.log
2,RAIDER_TRAX,800,ALL_APPS,543052.0,1573.0,0.2888225843470278,0.5538922507520069,ite2/SIMRESULT_ITS_SCENARIO_RAIDER_TRAX_800DEVICES_ALL_APPS_GENERIC.log
3,RAIDER_TRAX,800,ALL_APPS,518564.0,1773.0,0.340740712269164,0.5722781606666689,ite3/SIMRESULT_ITS_SCENARIO_RAIDER_TRAX_800DEVICES_ALL_APPS_GENERIC.log
4,RAIDER_TRAX,800,ALL_APPS,520752.0,1675.0,0.3206189572897266,0.5627075627064969,ite4/SIMRESULT_ITS_SCENARIO_RAIDER_TRAX_800DEVICES_ALL_APPS_GENERIC.log
5,RAIDER_TRAX,800,ALL_APPS,521833.0,1623.0,0.3100547132901333,0.5698458357905957,ite5/SIMRESULT_ITS_SCENARIO_RAIDER_TRAX_800DEVICES_ALL_APPS_GENERIC.log
6,RAIDER_TRAX,800,ALL_APPS,522709.0,1675.0,0.31942240800634647,0.5755272178892716,ite6/SIMRESULT_ITS_SCENARIO_RAIDER_TRAX_800DEVICES_ALL_APPS_GENERIC.log
7,RAIDER_TRAX,800,ALL_APPS,529530.0,1721.0,0.3239523313838468,0.5638855295961775,ite7/SIMRESULT_ITS_SCENARIO_RAIDER_TRAX_800DEVICES_ALL_APPS_GENERIC.log
8,RAIDER_TRAX,800,ALL_APPS,525042.0,1660.0,0.31516872918652294,0.5681664061544119,ite8/SIMRESULT_ITS_SCENARIO_RAIDER_TRAX_800DEVICES_ALL_APPS_GENERIC.log
9,RAIDER_TRAX,800,ALL_APPS,528093.0,1646.0,0.3107190522125047,0.563491990955578,ite9/SIMRESULT_ITS_SCENARIO_RAIDER_TRAX_800DEVICES_ALL_APPS_GENERIC.log
10,RAIDER_TRAX,800,ALL_APPS,518344.0,1650.0,0.3173113535925415,0.5697830212411248,ite10/SIMRESULT_ITS_SCENARIO_RAIDER_TRAX_800DEVICES_ALL_APPS_GENERIC.log
1,RANDOM,800,ALL_APPS,541203.0,1180.0,0.21755844117533182,0.3718935613578883,ite1/SIMRESULT_ITS_SCENARIO_RANDOM_800DEVICES_ALL_APPS_GENERIC.log
2,RANDOM,800,ALL_APPS,543487.0,1154.0,0.21188268969835175,0.37068951179882564,ite2/SIMRESULT_ITS_SCENARIO_RANDOM_800DEVICES_ALL_APPS_GENERIC.log
3,RANDOM,800,ALL_APPS,518994.0,1371.0,0.2634689112449915,0.3932724253126942,ite3/SIMRESULT_ITS_SCENARIO_RANDOM_800DEVICES_ALL_APPS_GENERIC.log
4,RANDOM,800,ALL_APPS,520910.0,1536.0,0.29400167672831257,0.38211593238612734,ite4/SIMRESULT_ITS_SCENARIO_RANDOM_800DEVICES_ALL_APPS_GENERIC.log
5,RANDOM,800,ALL_APPS,522221.0,1247.0,0.23821895512237615,0.3893506685829127,ite5/SIMRESULT_ITS_SCENARIO_RANDOM_800DEVICES_ALL_APPS_GENERIC.log
6,RANDOM,800,ALL_APPS,523512.0,895.0,0.17066896513585822,0.39585340176949974,ite6/SIMRESULT_ITS_SCENARIO_RANDOM_800DEVICES_ALL_APPS_GENERIC.log
7,RANDOM,800,ALL_APPS,530307.0,976.0,0.1837062356597143,0.3832419413432115,ite7/SIMRESULT_ITS_SCENARIO_RANDOM_800DEVICES_ALL_APPS_GENERIC.log
8,RANDOM,800,ALL_APPS,525758.0,989.0,0.18775617136879755,0.38807127743567293,ite8/SIMRESULT_ITS_SCENARIO_RANDOM_800DEVICES_ALL_APPS_GENERIC.log
9,RANDOM,800,ALL_APPS,528286.0,1475.0,0.2784274418086647,0.38154894305376047,ite9/SIMRESULT_ITS_SCENARIO_RANDOM_800DEVICES_ALL_APPS_GENERIC.log
10,RANDOM,800,ALL_APPS,518942.0,1091.0,0.20979437843367632,0.3901923780491533,ite10/SIMRESULT_ITS_SCENARIO_RANDOM_800DEVICES_ALL_APPS_GENERIC.log
1,RT_OPT_ML,900,ALL_APPS,601687.0,2009.0,0.332783387665315,0.5413925024917454,ite1/SIMRESULT_ITS_SCENARIO_RT_OPT_ML_900DEVICES_ALL_APPS_GENERIC.log
2,RT_OPT_ML,900,ALL_APPS,611194.0,2026.0,0.33038713675353054,0.5372242140812427,ite2/SIMRESULT_ITS_SCENARIO_RT_OPT_ML_900DEVICES_ALL_APPS_GENERIC.log
3,RT_OPT_ML,900,ALL_APPS,588542.0,2108.0,0.35689494624566154,0.5525609382602649,ite3/SIMRESULT_ITS_SCENARIO_RT_OPT_ML_900DEVICES_ALL_APPS_GENERIC.log
4,RT_OPT_ML,900,ALL_APPS,585410.0,2138.0,0.3638851634249457,0.5473610799101971,ite4/SIMRESULT_ITS_SCENARIO_RT_OPT_ML_900DEVICES_ALL_APPS_GENERIC.log
5,RT_OPT_ML,900,ALL_APPS,587321.0,2064.0,0.3501955428115748,0.5514085205995285,ite5/SIMRESULT_ITS_SCENARIO_RT_OPT_ML_900DEVICES_ALL_APPS_GENERIC.log
6,RT_OPT_ML,900,ALL_APPS,589319.0,2130.0,0.3601324881773407,0.5597543715405077,ite6/SIMRESULT_ITS_SCENARIO_RT_OPT_ML_900DEVICES_ALL_APPS_GENERIC.log
7,RT_OPT_ML,900,ALL_APPS,594306.0,2075.0,0.347931942835201,0.5462949655598215,ite7/SIMRESULT_ITS_SCENARIO_RT_OPT_ML_900DEVICES_ALL_APPS_GENERIC.log
8,RT_OPT_ML,900,ALL_APPS,591367.0,2075.0,0.3496550631738232,0.5493315948002745,ite8/SIMRESULT_ITS_SCENARIO_RT_OPT_ML_900DEVICES_ALL_APPS_GENERIC.log
9,RT_OPT_ML,900,ALL_APPS,594357.0,2104.0,0.3527472877522587,0.5459174020550346,ite9/SIMRESULT_ITS_SCENARIO_RT_OPT_ML_900DEVICES_ALL_APPS_GENERIC.log
10,RT_OPT_ML,900,ALL_APPS,589632.0,2123.0,0.3587633395577562,0.5516668529696915,ite10/SIMRESULT_ITS_SCENARIO_RT_OPT_ML_900DEVICES_ALL_APPS_GENERIC.log
1,EXP3_MC,900,ALL_APPS,601687.0,2009.0,0.332783387665315,0.5413925024917454,ite1/SIMRESULT_ITS_SCENARIO_EXP3_MC_900DEVICES_ALL_APPS_GENERIC.log
2,EXP3_MC,900,ALL_APPS,611194.0,2026.0,0.33038713675353054,0.5372242140812427,ite2/SIMRESULT_ITS_SCENARIO_EXP3_MC_900DEVICES_ALL_APPS_GENERIC.log
3,EXP3_MC,900,ALL_APPS,588542.0,2108.0,0.35689494624566154,0.5525609382602649,ite3/SIMRESULT_ITS_SCENARIO_EXP3_MC_900DEVICES_ALL_APPS_GENERIC.log
4,EXP3_MC,900,ALL_APPS,585410.0,2138.0,0.3638851634249457,0.5473610799101971,ite4/SIMRESULT_ITS_SCENARIO_EXP3_MC_900DEVICES_ALL_APPS_GENERIC.log
5,EXP3_MC,900,ALL_APPS,587321.0,2064.0,0.3501955428115748,0.5514085205995285,ite5/SIMRESULT_ITS_SCENARIO_EXP3_MC_900DEVICES_ALL_APPS_GENERIC.log
6,EXP3_MC,900,ALL_APPS,589319.0,2130.0,0.3601324881773407,0.5597543715405077,ite6/SIMRESULT_ITS_SCENARIO_EXP3_MC_900DEVICES_ALL_APPS_GENERIC.log
7,EXP3_MC,900,ALL_APPS,594306.0,2075.0,0.347931942835201,0.5462949655598215,ite7/SIMRESULT_ITS_SCENARIO_EXP3_MC_900DEVICES_ALL_APPS_GENERIC.log
8,EXP3_MC,900,ALL_APPS,591367.0,2075.0,0.3496550631738232,0.5493315948002745,ite8/SIMRESULT_ITS_SCENARIO_EXP3_MC_900DEVICES_ALL_APPS_GENERIC.log
9,EXP3_MC,900,ALL_APPS,594357.0,2104.0,0.3527472877522587,0.5459174020550346,ite9/SIMRESULT_ITS_SCENARIO_EXP3_MC_900DEVICES_ALL_APPS_GENERIC.log
10,EXP3_MC,900,ALL_APPS,589632.0,2123.0,0.3587633395577562,0.5516668529696915,ite10/SIMRESULT_ITS_SCENARIO_EXP3_MC_900DEVICES_ALL_APPS_GENERIC.log
1,RAIDER_TRAX,900,ALL_APPS,601480.0,2224.0,0.36839245723069586,0.5391105934967168,ite1/SIMRESULT_ITS_SCENARIO_RAIDER_TRAX_900DEVICES_ALL_APPS_GENERIC.log
2,RAIDER_TRAX,900,ALL_APPS,611048.0,2174.0,0.35452087498491575,0.5346944494764931,ite2/SIMRESULT_ITS_SCENARIO_RAIDER_TRAX_900DEVICES_ALL_APPS_GENERIC.log
3,RAIDER_TRAX,900,ALL_APPS,588345.0,2305.0,0.39024803182934054,0.5520543113467568,ite3/SIMRESULT_ITS_SCENARIO_RAIDER_TRAX_900DEVICES_ALL_APPS_GENERIC.log
4,RAIDER_TRAX,900,ALL_APPS,585274.0,2280.0,0.38804943886008775,0.5448625549054303,ite4/SIMRESULT_ITS_SCENARIO_RAIDER_TRAX_900DEVICES_ALL_APPS_GENERIC.log
5,RAIDER_TRAX,900,ALL_APPS,587116.0,2272.0,0.38548460436927795,0.5486823521443163,ite5/SIMRESULT_ITS_SCENARIO_RAIDER_TRAX_900DEVICES_ALL_APPS_GENERIC.log
6,RAIDER_TRAX,900,ALL_APPS,589067.0,2390.0,0.4040868566945695,0.5569076138094882,ite6/SIMRESULT_ITS_SCENARIO_RAIDER_TRAX_900DEVICES_ALL_APPS_GENERIC.log
7,RAIDER_TRAX,900,ALL_APPS,594041.0,2348.0,0.39370276782435626,0.5457663161350133,ite7/SIMRESULT_ITS_SCENARIO_RAIDER_TRAX_900DEVICES_ALL_APPS_GENERIC.log
8,RAIDER_TRAX,900,ALL_APPS,591136.0,2281.0,0.3843839997843001,0.5483514734172479,ite8/SIMRESULT_ITS_SCENARIO_RAIDER_TRAX_900DEVICES_ALL_APPS_GENERIC.log
9,RAIDER_TRAX,900,ALL_APPS,594282.0,2194.0,0.3678270374667212,0.5447030824554263,ite9/SIMRESULT_ITS_SCENARIO_RAIDER_TRAX_900DEVICES_ALL_APPS_GENERIC.log
10,RAIDER_TRAX,900,ALL_APPS,589509.0,2252.0,0.38055904326239814,0.5484124696667599,ite10/SIMRESULT_ITS_SCENARIO_RAIDER_TRAX_900DEVICES_ALL_APPS_GENERIC.log
1,RANDOM,900,ALL_APPS,597820.0,5896.0,0.9766181449555751,0.38946565958500673,ite1/SIMRESULT_ITS_SCENARIO_RANDOM_900DEVICES_ALL_APPS_GENERIC.log
2,RANDOM,900,ALL_APPS,606492.0,6726.0,1.0968366877684608,0.3855504222784987,ite2/SIMRESULT_ITS_SCENARIO_RANDOM_900DEVICES_ALL_APPS_GENERIC.log
3,RANDOM,900,ALL_APPS,585301.0,5379.0,0.9106453578925984,0.4043959530952408,ite3/SIMRESULT_ITS_SCENARIO_RANDOM_900DEVICES_ALL_APPS_GENERIC.log
4,RANDOM,900,ALL_APPS,582051.0,5507.0,0.9372691717243233,0.39573091873502686,ite4/SIMRESULT_ITS_SCENARIO_RANDOM_900DEVICES_ALL_APPS_GENERIC.log
5,RANDOM,900,ALL_APPS,583737.0,5685.0,0.9645042092083431,0.4020482798858087,ite5/SIMRESULT_ITS_SCENARIO_RANDOM_900DEVICES_ALL_APPS_GENERIC.log
6,RANDOM,900,ALL_APPS,585492.0,5977.0,1.0105347871147938,0.4103774906863002,ite6/SIMRESULT_ITS_SCENARIO_RANDOM_900DEVICES_ALL_APPS_GENERIC.log
7,RANDOM,900,ALL_APPS,590620.0,5805.0,0.9732992413128222,0.396794439311429,ite7/SIMRESULT_ITS_SCENARIO_RANDOM_900DEVICES_ALL_APPS_GENERIC.log
8,RANDOM,900,ALL_APPS,587497.0,5962.0,1.004618684694309,0.400289877323306,ite8/SIMRESULT_ITS_SCENARIO_RANDOM_900DEVICES_ALL_APPS_GENERIC.log
9,RANDOM,900,ALL_APPS,590420.0,6088.0,1.020606597061565,0.3955320699591543,ite9/SIMRESULT_ITS_SCENARIO_RANDOM_900DEVICES_ALL_APPS_GENERIC.log
10,RANDOM,900,ALL_APPS,586146.0,5650.0,0.954720883547709,0.3983758765749105,ite10/SIMRESULT_ITS_SCENARIO_RANDOM_900DEVICES_ALL_APPS_GENERIC.log
1,RT_OPT_ML,1000,ALL_APPS,671402.0,2820.0,0.4182598609953398,0.5259995556703605,ite1/SIMRESULT_ITS_SCENARIO_RT_OPT_ML_1000DEVICES_ALL_APPS_GENERIC.log
2,RT_OPT_ML,1000,ALL_APPS,677426.0,3118.0,0.45816288145953826,0.5241685527418289,ite2/SIMRESULT_ITS_SCENARIO_RT_OPT_ML_1000DEVICES_ALL_APPS_GENERIC.log
3,RT_OPT_ML,1000,ALL_APPS,654577.0,3025.0,0.46000468368405206,0.5376621080398767,ite3/SIMRESULT_ITS_SCENARIO_RT_OPT_ML_1000DEVICES_ALL_APPS_GENERIC.log
4,RT_OPT_ML,1000,ALL_APPS,648746.0,2964.0,0.4548035169016894,0.5357499335983691,ite4/SIMRESULT_ITS_SCENARIO_RT_OPT_ML_1000DEVICES_ALL_APPS_GENERIC.log
5,RT_OPT_ML,1000,ALL_APPS,648596.0,3216.0,0.49339380066644983,0.5410619679571838,ite5/SIMRESULT_ITS_SCENARIO_RT_OPT_ML_1000DEVICES_ALL_APPS_GENERIC.log
6,RT_OPT_ML,1000,ALL_APPS,651393.0,3157.0,0.48231609502711786,0.5457751016633607,ite6/SIMRESULT_ITS_SCENARIO_RT_OPT_ML_1000DEVICES_ALL_APPS_GENERIC.log
7,RT_OPT_ML,1000,ALL_APPS,654323.0,3155.0,0.4798639650300086,0.5380911242916364,ite7/SIMRESULT_ITS_SCENARIO_RT_OPT_ML_1000DEVICES_ALL_APPS_GENERIC.log
8,RT_OPT_ML,1000,ALL_APPS,656088.0,3103.0,0.4707285141939134,0.5370241772992895,ite8/SIMRESULT_ITS_SCENARIO_RT_OPT_ML_1000DEVICES_ALL_APPS_GENERIC.log
9,RT_OPT_ML,1000,ALL_APPS,662503.0,3094.0,0.4648458451585569,0.531704837558234,ite9/SIMRESULT_ITS_SCENARIO_RT_OPT_ML_1000DEVICES_ALL_APPS_GENERIC.log
10,RT_OPT_ML,1000,ALL_APPS,650142.0,3286.0,0.5028863164725111,0.5367960908184359,ite10/SIMRESULT_ITS_SCENARIO_RT_OPT_ML_1000DEVICES_ALL_APPS_GENERIC.log
1,EXP3_MC,1000,ALL_APPS,671402.0,2820.0,0.4182598609953398,0.5259995556703605,ite1/SIMRESULT_ITS_SCENARIO_EXP3_MC_1000DEVICES_ALL_APPS_GENERIC.log
2,EXP3_MC,1000,ALL_APPS,677426.0,3118.0,0.45816288145953826,0.5241685527418289,ite2/SIMRESULT_ITS_SCENARIO_EXP3_MC_1000DEVICES_ALL_APPS_GENERIC.log
3,EXP3_MC,1000,ALL_APPS,654577.0,3025.0,0.46000468368405206,0.5376621080398767,ite3/SIMRESULT_ITS_SCENARIO_EXP3_MC_1000DEVICES_ALL_APPS_GENERIC.log
4,EXP3_MC,1000,ALL_APPS,648746.0,2964.0,0.4548035169016894,0.5357499335983691,ite4/SIMRESULT_ITS_SCENARIO_EXP3_MC_1000DEVICES_ALL_APPS_GENERIC.log
5,EXP3_MC,1000,ALL_APPS,648596.0,3216.0,0.49339380066644983,0.5410619679571838,ite5/SIMRESULT_ITS_SCENARIO_EXP3_MC_1000DEVICES_ALL_APPS_GENERIC.log
6,EXP3_MC,1000,ALL_APPS,651393.0,3157.0,0.48231609502711786,0.5457751016633607,ite6/SIMRESULT_ITS_SCENARIO_EXP3_MC_1000DEVICES_ALL_APPS_GENERIC.log
7,EXP3_MC,1000,ALL_APPS,654323.0,3155.0,0.4798639650300086,0.5380911242916364,ite7/SIMRESULT_ITS_SCENARIO_EXP3_MC_1000DEVICES_ALL_APPS_GENERIC.log
8,EXP3_MC,1000,ALL_APPS,656088.0,3103.0,0.4707285141939134,0.5370241772992895,ite8/SIMRESULT_ITS_SCENARIO_EXP3_MC_1000DEVICES_ALL_APPS_GENERIC.log
9,EXP3_MC,1000,ALL_APPS,662503.0,3094.0,0.4648458451585569,0.531704837558234,ite9/SIMRESULT_ITS_SCENARIO_EXP3_MC_1000DEVICES_ALL_APPS_GENERIC.log
10,EXP3_MC,1000,ALL_APPS,650142.0,3286.0,0.5028863164725111,0.5367960908184359,ite10/SIMRESULT_ITS_SCENARIO_EXP3_MC_1000DEVICES_ALL_APPS_GENERIC.log
1,RAIDER_TRAX,1000,ALL_APPS,671050.0,3170.0,0.4701729405831924,0.5244794462465472,ite1/SIMRESULT_ITS_SCENARIO_RAIDER_TRAX_1000DEVICES_ALL_APPS_GENERIC.log
2,RAIDER_TRAX,1000,ALL_APPS,677588.0,2951.0,0.4336268751680653,0.5204649890542209,ite2/SIMRESULT_ITS_SCENARIO_RAIDER_TRAX_1000DEVICES_ALL_APPS_GENERIC.log
3,RAIDER_TRAX,1000,ALL_APPS,654293.0,3324.0,0.5054613855785358,0.5352671556301218,ite3/SIMRESULT_ITS_SCENARIO_RAIDER_TRAX_1000DEVICES_ALL_APPS_GENERIC.log
4,RAIDER_TRAX,1000,ALL_APPS,648435.0,3268.0,0.5014554175751837,0.5329279331100978,ite4/SIMRESULT_ITS_SCENARIO_RAIDER_TRAX_1000DEVICES_ALL_APPS_GENERIC.log
5,RAIDER_TRAX,1000,ALL_APPS,648473.0,3347.0,0.5134853180325857,0.5375741829020021,ite5/SIMRESULT_ITS_SCENARIO_RAIDER_TRAX_1000DEVICES_ALL_APPS_GENERIC.log
6,RAIDER_TRAX,1000,ALL_APPS,651160.0,3381.0,0.5165451820436,0.543815312368619,ite6/SIMRESULT_ITS_SCENARIO_RAIDER_TRAX_1000DEVICES_ALL_APPS_GENERIC.log
7,RAIDER_TRAX,1000,ALL_APPS,654140.0,3359.0,0.5108753017114855,0.5341964322316926,ite7/SIMRESULT_ITS_SCENARIO_RAIDER_TRAX_1000DEVICES_ALL_APPS_GENERIC.log
8,RAIDER_TRAX,1000,ALL_APPS,656077.0,3130.0,0.4748129191589288,0.5328168000542322,ite8/SIMRESULT_ITS_SCENARIO_RAIDER_TRAX_1000DEVICES_ALL_APPS_GENERIC.log
9,RAIDER_TRAX,1000,ALL_APPS,662359.0,3240.0,0.4867795774933556,0.529029926910292,ite9/SIMRESULT_ITS_SCENARIO_RAIDER_TRAX_1000DEVICES_ALL_APPS_GENERIC.log
10,RAIDER_TRAX,1000,ALL_APPS,649999.0,3443.0,0.5269021581104367,0.5366737192451634,ite10/SIMRESULT_ITS_SCENARIO_RAIDER_TRAX_1000DEVICES_ALL_APPS_GENERIC.log
1,RANDOM,1000,ALL_APPS,649020.0,25224.0,3.7410788972538134,0.41542869745424604,ite1/SIMRESULT_ITS_SCENARIO_RANDOM_1000DEVICES_ALL_APPS_GENERIC.log
2,RANDOM,1000,ALL_APPS,654638.0,25917.0,3.8082153536451866,0.4084378154349722,ite2/SIMRESULT_ITS_SCENARIO_RANDOM_1000DEVICES_ALL_APPS_GENERIC.log
3,RANDOM,1000,ALL_APPS,633114.0,24510.0,3.7270537571621474,0.42586285632088217,ite3/SIMRESULT_ITS_SCENARIO_RANDOM_1000DEVICES_ALL_APPS_GENERIC.log
4,RANDOM,1000,ALL_APPS,629271.0,22475.0,3.448429296075465,0.4224445640525535,ite4/SIMRESULT_ITS_SCENARIO_RANDOM_1000DEVICES_ALL_APPS_GENERIC.log
5,RANDOM,1000,ALL_APPS,628623.0,23220.0,3.5622074640672676,0.4290088221582454,ite5/SIMRESULT_ITS_SCENARIO_RANDOM_1000DEVICES_ALL_APPS_GENERIC.log
6,RANDOM,1000,ALL_APPS,629596.0,24971.0,3.814888315481838,0.4374823668130086,ite6/SIMRESULT_ITS_SCENARIO_RANDOM_1000DEVICES_ALL_APPS_GENERIC.log
7,RANDOM,1000,ALL_APPS,635614.0,21907.0,3.3317567043486065,0.4241606449456418,ite7/SIMRESULT_ITS_SCENARIO_RANDOM_1000DEVICES_ALL_APPS_GENERIC.log
8,RANDOM,1000,ALL_APPS,634092.0,25138.0,3.813236654885245,0.42654604192061324,ite8/SIMRESULT_ITS_SCENARIO_RANDOM_1000DEVICES_ALL_APPS_GENERIC.log
9,RANDOM,1000,ALL_APPS,641889.0,23734.0,3.5656820752888647,0.4190219024509395,ite9/SIMRESULT_ITS_SCENARIO_RANDOM_1000DEVICES_ALL_APPS_GENERIC.log
10,RANDOM,1000,ALL_APPS,629415.0,24046.0,3.6797911428532077,0.4265709004101304,ite10/SIMRESULT_ITS_SCENARIO_RANDOM_1000DEVICES_ALL_APPS_GENERIC.log
1,RT_OPT_ML,1100,ALL_APPS,735840.0,5019.0,0.6774568440148531,0.5205524848254343,ite1/SIMRESULT_ITS_SCENARIO_RT_OPT_ML_1100DEVICES_ALL_APPS_GENERIC.log
2,RT_OPT_ML,1100,ALL_APPS,742307.0,5217.0,0.6979040137841728,0.5174783383792778,ite2/SIMRESULT_ITS_SCENARIO_RT_OPT_ML_1100DEVICES_ALL_APPS_GENERIC.log
3,RT_OPT_ML,1100,ALL_APPS,720983.0,5335.0,0.7345267499910507,0.5285911951498752,ite3/SIMRESULT_ITS_SCENARIO_RT_OPT_ML_1100DEVICES_ALL_APPS_GENERIC.log
4,RT_OPT_ML,1100,ALL_APPS,709088.0,5256.0,0.735779960355235,0.5300716881040602,ite4/SIMRESULT_ITS_SCENARIO_RT_OPT_ML_1100DEVICES_ALL_APPS_GENERIC.log
5,RT_OPT_ML,1100,ALL_APPS,715905.0,5216.0,0.7233182780698385,0.5297027675263819,ite5/SIMRESULT_ITS_SCENARIO_RT_OPT_ML_1100DEVICES_ALL_APPS_GENERIC.log
6,RT_OPT_ML,1100,ALL_APPS,712068.0,5899.0,0.8216255064647818,0.5402058191279405,ite6/SIMRESULT_ITS_SCENARIO_RT_OPT_ML_1100DEVICES_ALL_APPS_GENERIC.log
7,RT_OPT_ML,1100,ALL_APPS,716711.0,5767.0,0.798224997854606,0.5294506547069434,ite7/SIMRESULT_ITS_SCENARIO_RT_OPT_ML_1100DEVICES_ALL_APPS_GENERIC.log
8,RT_OPT_ML,1100,ALL_APPS,722383.0,5461.0,0.7502981408103935,0.528517386398848,ite8/SIMRESULT_ITS_SCENARIO_RT_OPT_ML_1100DEVICES_ALL_APPS_GENERIC.log
9,RT_OPT_ML,1100,ALL_APPS,728772.0,5173.0,0.7048212059486746,0.5220742070943727,ite9/SIMRESULT_ITS_SCENARIO_RT_OPT_ML_1100DEVICES_ALL_APPS_GENERIC.log
10,RT_OPT_ML,1100,ALL_APPS,714331.0,6107.0,0.8476787731907534,0.5312367798163765,ite10/SIMRESULT_ITS_SCENARIO_RT_OPT_ML_1100DEVICES_ALL_APPS_GENERIC.log
1,EXP3_MC,1100,ALL_APPS,735840.0,5019.0,0.6774568440148531,0.5205524848254343,ite1/SIMRESULT_ITS_SCENARIO_EXP3_MC_1100DEVICES_ALL_APPS_GENERIC.log
2,EXP3_MC,1100,ALL_APPS,742307.0,5217.0,0.6979040137841728,0.5174783383792778,ite2/SIMRESULT_ITS_SCENARIO_EXP3_MC_1100DEVICES_ALL_APPS_GENERIC.log
3,EXP3_MC,1100,ALL_APPS,720983.0,5335.0,0.7345267499910507,0.5285911951498752,ite3/SIMRESULT_ITS_SCENARIO_EXP3_MC_1100DEVICES_ALL_APPS_GENERIC.log
4,EXP3_MC,1100,ALL_APPS,709088.0,5256.0,0.735779960355235,0.5300716881040602,ite4/SIMRESULT_ITS_SCENARIO_EXP3_MC_1100DEVICES_ALL_APPS_GENERIC.log
5,EXP3_MC,1100,ALL_APPS,715905.0,5216.0,0.7233182780698385,0.5297027675263819,ite5/SIMRESULT_ITS_SCENARIO_EXP3_MC_1100DEVICES_ALL_APPS_GENERIC.log
6,EXP3_MC,1100,ALL_APPS,712068.0,5899.0,0.8216255064647818,0.5402058191279405,ite6/SIMRESULT_ITS_SCENARIO_EXP3_MC_1100DEVICES_ALL_APPS_GENERIC.log
7,EXP3_MC,1100,ALL_APPS,716711.0,5767.0,0.798224997854606,0.5294506547069434,ite7/SIMRESULT_ITS_SCENARIO_EXP3_MC_1100DEVICES_ALL_APPS_GENERIC.log
8,EXP3_MC,1100,ALL_APPS,722383.0,5461.0,0.7502981408103935,0.528517386398848,ite8/SIMRESULT_ITS_SCENARIO_EXP3_MC_1100DEVICES_ALL_APPS_GENERIC.log
9,EXP3_MC,1100,ALL_APPS,728772.0,5173.0,0.7048212059486746,0.5220742070943727,ite9/SIMRESULT_ITS_SCENARIO_EXP3_MC_1100DEVICES_ALL_APPS_GENERIC.log
10,EXP3_MC,1100,ALL_APPS,714331.0,6107.0,0.8476787731907534,0.5312367798163765,ite10/SIMRESULT_ITS_SCENARIO_EXP3_MC_1100DEVICES_ALL_APPS_GENERIC.log
1,RAIDER_TRAX,1100,ALL_APPS,735269.0,5603.0,0.756270988780788,0.5183556719797157,ite1/SIMRESULT_ITS_SCENARIO_RAIDER_TRAX_1100DEVICES_ALL_APPS_GENERIC.log
2,RAIDER_TRAX,1100,ALL_APPS,741782.0,5738.0,0.7676048801369864,0.5144099389734643,ite2/SIMRESULT_ITS_SCENARIO_RAIDER_TRAX_1100DEVICES_ALL_APPS_GENERIC.log
3,RAIDER_TRAX,1100,ALL_APPS,720667.0,5649.0,0.7777606441273496,0.5263223479651673,ite3/SIMRESULT_ITS_SCENARIO_RAIDER_TRAX_1100DEVICES_ALL_APPS_GENERIC.log
4,RAIDER_TRAX,1100,ALL_APPS,708425.0,5921.0,0.8288700433683397,0.528858321041868,ite4/SIMRESULT_ITS_SCENARIO_RAIDER_TRAX_1100DEVICES_ALL_APPS_GENERIC.log
5,RAIDER_TRAX,1100,ALL_APPS,715368.0,5764.0,0.7992988800940743,0.5282360013172755,ite5/SIMRESULT_ITS_SCENARIO_RAIDER_TRAX_1100DEVICES_ALL_APPS_GENERIC.log
6,RAIDER_TRAX,1100,ALL_APPS,711864.0,6113.0,0.8514200315608996,0.5376855048216125,ite6/SIMRESULT_ITS_SCENARIO_RAIDER_TRAX_1100DEVICES_ALL_APPS_GENERIC.log
7,RAIDER_TRAX,1100,ALL_APPS,716750.0,5719.0,0.7915910578862208,0.52664495662236,ite7/SIMRESULT_ITS_SCENARIO_RAIDER_TRAX_1100DEVICES_ALL_APPS_GENERIC.log
8,RAIDER_TRAX,1100,ALL_APPS,721856.0,5982.0,0.8218861889596312,0.525524823158604,ite8/SIMRESULT_ITS_SCENARIO_RAIDER_TRAX_1100DEVICES_ALL_APPS_GENERIC.log
9,RAIDER_TRAX,1100,ALL_APPS,728439.0,5504.0,0.7499219966673162,0.5192965369695102,ite9/SIMRESULT_ITS_SCENARIO_RAIDER_TRAX_1100DEVICES_ALL_APPS_GENERIC.log
10,RAIDER_TRAX,1100,ALL_APPS,714330.0,6110.0,0.8480928321581256,0.5287237836080616,ite10/SIMRESULT_ITS_SCENARIO_RAIDER_TRAX_1100DEVICES_ALL_APPS_GENERIC.log
1,RANDOM,1100,ALL_APPS,671019.0,69874.0,9.431051447374992,0.4514539815917633,ite1/SIMRESULT_ITS_SCENARIO_RANDOM_1100DEVICES_ALL_APPS_GENERIC.log
2,RANDOM,1100,ALL_APPS,674183.0,73366.0,9.814206159061145,0.44864586458453076,ite2/SIMRESULT_ITS_SCENARIO_RANDOM_1100DEVICES_ALL_APPS_GENERIC.log
3,RANDOM,1100,ALL_APPS,658208.0,68150.0,9.382425745982008,0.46011518954013525,ite3/SIMRESULT_ITS_SCENARIO_RANDOM_1100DEVICES_ALL_APPS_GENERIC.log
4,RANDOM,1100,ALL_APPS,654589.0,59767.0,8.366556730817688,0.45555726173484873,ite4/SIMRESULT_ITS_SCENARIO_RANDOM_1100DEVICES_ALL_APPS_GENERIC.log
5,RANDOM,1100,ALL_APPS,659679.0,61483.0,8.525546271156827,0.45611766335432374,ite5/SIMRESULT_ITS_SCENARIO_RANDOM_1100DEVICES_ALL_APPS_GENERIC.log
6,RANDOM,1100,ALL_APPS,649804.0,68176.0,9.49552912337391,0.4747850855376865,ite6/SIMRESULT_ITS_SCENARIO_RANDOM_1100DEVICES_ALL_APPS_GENERIC.log
7,RANDOM,1100,ALL_APPS,657089.0,65418.0,9.054306740280717,0.45879378151886224,ite7/SIMRESULT_ITS_SCENARIO_RANDOM_1100DEVICES_ALL_APPS_GENERIC.log
8,RANDOM,1100,ALL_APPS,658885.0,68993.0,9.478648894457587,0.4604409117200734,ite8/SIMRESULT_ITS_SCENARIO_RANDOM_1100DEVICES_ALL_APPS_GENERIC.log
9,RANDOM,1100,ALL_APPS,667966.0,66008.0,8.99323409276078,0.4553623772557813,ite9/SIMRESULT_ITS_SCENARIO_RANDOM_1100DEVICES_ALL_APPS_GENERIC.log
10,RANDOM,1100,ALL_APPS,656938.0,63514.0,8.815854491347098,0.45965879275396443,ite10/SIMRESULT_ITS_SCENARIO_RANDOM_1100DEVICES_ALL_APPS_GENERIC.log
1,RT_OPT_ML,1200,ALL_APPS,804779.0,3401.0,0.4208220940879507,0.5041229611958541,ite1/SIMRESULT_ITS_SCENARIO_RT_OPT_ML_1200DEVICES_ALL_APPS_GENERIC.log
2,RT_OPT_ML,1200,ALL_APPS,813870.0,3252.0,0.3979821862586003,0.501573022135839,ite2/SIMRESULT_ITS_SCENARIO_RT_OPT_ML_1200DEVICES_ALL_APPS_GENERIC.log
3,RT_OPT_ML,1200,ALL_APPS,788207.0,3590.0,0.4533990404106103,0.5134572950522202,ite3/SIMRESULT_ITS_SCENARIO_RT_OPT_ML_1200DEVICES_ALL_APPS_GENERIC.log
4,RT_OPT_ML,1200,ALL_APPS,776613.0,4786.0,0.6124911856810669,0.516038038798147,ite4/SIMRESULT_ITS_SCENARIO_RT_OPT_ML_1200DEVICES_ALL_APPS_GENERIC.log
5,RT_OPT_ML,1200,ALL_APPS,782892.0,3589.0,0.45633651671178327,0.5148066981443953,ite5/SIMRESULT_ITS_SCENARIO_RT_OPT_ML_1200DEVICES_ALL_APPS_GENERIC.log
6,RT_OPT_ML,1200,ALL_APPS,771608.0,3978.0,0.5129025021080834,0.5287260181847939,ite6/SIMRESULT_ITS_SCENARIO_RT_OPT_ML_1200DEVICES_ALL_APPS_GENERIC.log
7,RT_OPT_ML,1200,ALL_APPS,780540.0,4455.0,0.5675195383410085,0.51765950134344,ite7/SIMRESULT_ITS_SCENARIO_RT_OPT_ML_1200DEVICES_ALL_APPS_GENERIC.log
8,RT_OPT_ML,1200,ALL_APPS,788551.0,3646.0,0.4602390566992806,0.5140309475810344,ite8/SIMRESULT_ITS_SCENARIO_RT_OPT_ML_1200DEVICES_ALL_APPS_GENERIC.log
9,RT_OPT_ML,1200,ALL_APPS,807419.0,3313.0,0.4086430534381275,0.5008717786232021,ite9/SIMRESULT_ITS_SCENARIO_RT_OPT_ML_1200DEVICES_ALL_APPS_GENERIC.log
10,RT_OPT_ML,1200,ALL_APPS,779837.0,5709.0,0.7267556578481719,0.5194847046776296,ite10/SIMRESULT_ITS_SCENARIO_RT_OPT_ML_1200DEVICES_ALL_APPS_GENERIC.log
1,EXP3_MC,1200,ALL_APPS,794875.0,13284.0,1.6437359480003315,0.5234155779327461,ite1/SIMRESULT_ITS_SCENARIO_EXP3_MC_1200DEVICES_ALL_APPS_GENERIC.log
2,EXP3_MC,1200,ALL_APPS,802022.0,15092.0,1.846988302733768,0.5215634640997158,ite2/SIMRESULT_ITS_SCENARIO_EXP3_MC_1200DEVICES_ALL_APPS_GENERIC.log
3,EXP3_MC,1200,ALL_APPS,778183.0,13632.0,1.721614265958589,0.5331144172057038,ite3/SIMRESULT_ITS_SCENARIO_EXP3_MC_1200DEVICES_ALL_APPS_GENERIC.log
4,EXP3_MC,1200,ALL_APPS,767741.0,13651.0,1.7470104633781764,0.5320775595213754,ite4/SIMRESULT_ITS_SCENARIO_EXP3_MC_1200DEVICES_ALL_APPS_GENERIC.log
5,EXP3_MC,1200,ALL_APPS,774002.0,12505.0,1.5899413482651776,0.5344038081506212,ite5/SIMRESULT_ITS_SCENARIO_EXP3_MC_1200DEVICES_ALL_APPS_GENERIC.log
6,EXP3_MC,1200,ALL_APPS,761123.0,14462.0,1.8646570008445238,0.5468765974264392,ite6/SIMRESULT_ITS_SCENARIO_EXP3_MC_1200DEVICES_ALL_APPS_GENERIC.log
7,EXP3_MC,1200,ALL_APPS,771282.0,13722.0,1.7480165706162007,0.5358799323876234,ite7/SIMRESULT_ITS_SCENARIO_EXP3_MC_1200DEVICES_ALL_APPS_GENERIC.log
8,EXP3_MC,1200,ALL_APPS,778069.0,14122.0,1.7826509011084448,0.5354414403883226,ite8/SIMRESULT_ITS_SCENARIO_EXP3_MC_1200DEVICES_ALL_APPS_GENERIC.log
9,EXP3_MC,1200,ALL_APPS,796363.0,14360.0,1.7712584939615628,0.5198116500993601,ite9/SIMRESULT_ITS_SCENARIO_EXP3_MC_1200DEVICES_ALL_APPS_GENERIC.log
10,EXP3_MC,1200,ALL_APPS,772344.0,13197.0,1.6799886956887038,0.5336027005184053,ite10/SIMRESULT_ITS_SCENARIO_EXP3_MC_1200DEVICES_ALL_APPS_GENERIC.log
1,RAIDER_TRAX,1200,ALL_APPS,793924.0,14246.0,1.762747936696487,0.5212043989463384,ite1/SIMRESULT_ITS_SCENARIO_RAIDER_TRAX_1200DEVICES_ALL_APPS_GENERIC.log
2,RAIDER_TRAX,1200,ALL_APPS,802670.0,14482.0,1.772252897869674,0.5182957449823204,ite2/SIMRESULT_ITS_SCENARIO_RAIDER_TRAX_1200DEVICES_ALL_APPS_GENERIC.log
3,RAIDER_TRAX,1200,ALL_APPS,777193.0,14584.0,1.841932766422869,0.5317912351730754,ite3/SIMRESULT_ITS_SCENARIO_RAIDER_TRAX_1200DEVICES_ALL_APPS_GENERIC.log
4,RAIDER_TRAX,1200,ALL_APPS,768406.0,12981.0,1.6612766785216544,0.5280355571875858,ite4/SIMRESULT_ITS_SCENARIO_RAIDER_TRAX_1200DEVICES_ALL_APPS_GENERIC.log
5,RAIDER_TRAX,1200,ALL_APPS,772082.0,14426.0,1.834183504808597,0.529459573718017,ite5/SIMRESULT_ITS_SCENARIO_RAIDER_TRAX_1200DEVICES_ALL_APPS_GENERIC.log
6,RAIDER_TRAX,1200,ALL_APPS,761262.0,14315.0,1.8457226039451917,0.5458336141926624,ite6/SIMRESULT_ITS_SCENARIO_RAIDER_TRAX_1200DEVICES_ALL_APPS_GENERIC.log
7,RAIDER_TRAX,1200,ALL_APPS,771277.0,13715.0,1.747151563328034,0.5321718594328751,ite7/SIMRESULT_ITS_SCENARIO_RAIDER_TRAX_1200DEVICES_ALL_APPS_GENERIC.log
8,RAIDER_TRAX,1200,ALL_APPS,777911.0,14292.0,1.8040830443712028,0.5308800134550716,ite8/SIMRESULT_ITS_SCENARIO_RAIDER_TRAX_1200DEVICES_ALL_APPS_GENERIC.log
9,RAIDER_TRAX,1200,ALL_APPS,796691.0,14029.0,1.7304371422932703,0.5183634194564983,ite9/SIMRESULT_ITS_SCENARIO_RAIDER_TRAX_1200DEVICES_ALL_APPS_GENERIC.log
10,RAIDER_TRAX,1200,ALL_APPS,770317.0,15249.0,1.9411481657811056,0.5307096642795056,ite10/SIMRESULT_ITS_SCENARIO_RAIDER_TRAX_1200DEVICES_ALL_APPS_GENERIC.log
1,RANDOM,1200,ALL_APPS,677467.0,130753.0,16.17789710722328,0.4789294886187495,ite1/SIMRESULT_ITS_SCENARIO_RANDOM_1200DEVICES_ALL_APPS_GENERIC.log
2,RANDOM,1200,ALL_APPS,681227.0,135940.0,16.635522481940654,0.4826409202617426,ite2/SIMRESULT_ITS_SCENARIO_RANDOM_1200DEVICES_ALL_APPS_GENERIC.log
3,RANDOM,1200,ALL_APPS,667733.0,124060.0,15.668236521414057,0.4968101107677132,ite3/SIMRESULT_ITS_SCENARIO_RANDOM_1200DEVICES_ALL_APPS_GENERIC.log
4,RANDOM,1200,ALL_APPS,664781.0,116621.0,14.924584272883868,0.48629184344828214,ite4/SIMRESULT_ITS_SCENARIO_RANDOM_1200DEVICES_ALL_APPS_GENERIC.log
5,RANDOM,1200,ALL_APPS,667213.0,119287.0,15.16681500317864,0.4974039556047053,ite5/SIMRESULT_ITS_SCENARIO_RANDOM_1200DEVICES_ALL_APPS_GENERIC.log
6,RANDOM,1200,ALL_APPS,652116.0,123503.0,15.923152991352714,0.5140149998394006,ite6/SIMRESULT_ITS_SCENARIO_RANDOM_1200DEVICES_ALL_APPS_GENERIC.log
7,RANDOM,1200,ALL_APPS,666772.0,118233.0,15.061432729727835,0.4928878936958098,ite7/SIMRESULT_ITS_SCENARIO_RANDOM_1200DEVICES_ALL_APPS_GENERIC.log
8,RANDOM,1200,ALL_APPS,665163.0,127021.0,16.034279914767275,0.49820701700284786,ite8/SIMRESULT_ITS_SCENARIO_RANDOM_1200DEVICES_ALL_APPS_GENERIC.log
9,RANDOM,1200,ALL_APPS,680142.0,130595.0,16.108183048263495,0.47963980795375283,ite9/SIMRESULT_ITS_SCENARIO_RANDOM_1200DEVICES_ALL_APPS_GENERIC.log
10,RANDOM,1200,ALL_APPS,667610.0,117948.0,15.01455016688774,0.4893286289679782,ite10/SIMRESULT_ITS_SCENARIO_RANDOM_1200DEVICES_ALL_APPS_GENERIC.log
1,RT_OPT_ML,1300,ALL_APPS,873409.0,4924.0,0.5606074233804264,0.5005482527129558,ite1/SIMRESULT_ITS_SCENARIO_RT_OPT_ML_1300DEVICES_ALL_APPS_GENERIC.log
2,RT_OPT_ML,1300,ALL_APPS,879212.0,4810.0,0.5441041060064116,0.4980606057444673,ite2/SIMRESULT_ITS_SCENARIO_RT_OPT_ML_1300DEVICES_ALL_APPS_GENERIC.log
3,RT_OPT_ML,1300,ALL_APPS,858322.0,5092.0,0.5897518455804516,0.5104485036374041,ite3/SIMRESULT_ITS_SCENARIO_RT_OPT_ML_1300DEVICES_ALL_APPS_GENERIC.log
4,RT_OPT_ML,1300,ALL_APPS,839068.0,5160.0,0.6112092941717167,0.5129406787443705,ite4/SIMRESULT_ITS_SCENARIO_RT_OPT_ML_1300DEVICES_ALL_APPS_GENERIC.log
5,RT_OPT_ML,1300,ALL_APPS,846579.0,5048.0,0.5927477639858765,0.5107457910965437,ite5/SIMRESULT_ITS_SCENARIO_RT_OPT_ML_1300DEVICES_ALL_APPS_GENERIC.log
6,RT_OPT_ML,1300,ALL_APPS,840227.0,5463.0,0.6459813879790467,0.520741949140573,ite6/SIMRESULT_ITS_SCENARIO_RT_OPT_ML_1300DEVICES_ALL_APPS_GENERIC.log
7,RT_OPT_ML,1300,ALL_APPS,849919.0,5088.0,0.5950828472749345,0.5094949304219888,ite7/SIMRESULT_ITS_SCENARIO_RT_OPT_ML_1300DEVICES_ALL_APPS_GENERIC.log
8,RT_OPT_ML,1300,ALL_APPS,853170.0,5111.0,0.595492618384888,0.5085402240985176,ite8/SIMRESULT_ITS_SCENARIO_RT_OPT_ML_1300DEVICES_ALL_APPS_GENERIC.log
9,RT_OPT_ML,1300,ALL_APPS,872785.0,4768.0,0.5433290069089844,0.5012930569960913,ite9/SIMRESULT_ITS_SCENARIO_RT_OPT_ML_1300DEVICES_ALL_APPS_GENERIC.log
10,RT_OPT_ML,1300,ALL_APPS,848414.0,5082.0,0.5954333705137458,0.5104191968094786,ite10/SIMRESULT_ITS_SCENARIO_RT_OPT_ML_1300DEVICES_ALL_APPS_GENERIC.log
1,EXP3_MC,1300,ALL_APPS,837982.0,40337.0,4.5925227622310345,0.5409767001197736,ite1/SIMRESULT_ITS_SCENARIO_EXP3_MC_1300DEVICES_ALL_APPS_GENERIC.log
2,EXP3_MC,1300,ALL_APPS,843481.0,40572.0,4.5893176087858985,0.541757256547775,ite2/SIMRESULT_ITS_SCENARIO_EXP3_MC_1300DEVICES_ALL_APPS_GENERIC.log
3,EXP3_MC,1300,ALL_APPS,825146.0,38300.0,4.43571456697929,0.5512641785771626,ite3/SIMRESULT_ITS_SCENARIO_EXP3_MC_1300DEVICES_ALL_APPS_GENERIC.log
4,EXP3_MC,1300,ALL_APPS,810613.0,33577.0,3.977422144304007,0.5493298986130012,ite4/SIMRESULT_ITS_SCENARIO_EXP3_MC_1300DEVICES_ALL_APPS_GENERIC.log
5,EXP3_MC,1300,ALL_APPS,815043.0,36583.0,4.29566499848525,0.5483160922169281,ite5/SIMRESULT_ITS_SCENARIO_EXP3_MC_1300DEVICES_ALL_APPS_GENERIC.log
6,EXP3_MC,1300,ALL_APPS,805848.0,39841.0,4.711069908678013,0.5637970560141132,ite6/SIMRESULT_ITS_SCENARIO_EXP3_MC_1300DEVICES_ALL_APPS_GENERIC.log
7,EXP3_MC,1300,ALL_APPS,817619.0,37410.0,4.375290194835497,0.5477770615408313,ite7/SIMRESULT_ITS_SCENARIO_EXP3_MC_1300DEVICES_ALL_APPS_GENERIC.log
8,EXP3_MC,1300,ALL_APPS,821793.0,36497.0,4.252292348739936,0.5453947959040059,ite8/SIMRESULT_ITS_SCENARIO_EXP3_MC_1300DEVICES_ALL_APPS_GENERIC.log
9,EXP3_MC,1300,ALL_APPS,835973.0,41582.0,4.738392465429517,0.5417932068829032,ite9/SIMRESULT_ITS_SCENARIO_EXP3_MC_1300DEVICES_ALL_APPS_GENERIC.log
10,EXP3_MC,1300,ALL_APPS,816628.0,36849.0,4.317515293323663,0.5501340596549086,ite10/SIMRESULT_ITS_SCENARIO_EXP3_MC_1300DEVICES_ALL_APPS_GENERIC.log
1,RAIDER_TRAX,1300,ALL_APPS,839474.0,38866.0,4.424937951135096,0.5380744988669692,ite1/SIMRESULT_ITS_SCENARIO_RAIDER_TRAX_1300DEVICES_ALL_APPS_GENERIC.log
2,RAIDER_TRAX,1300,ALL_APPS,844237.0,39791.0,4.501101775056899,0.5343580645893335,ite2/SIMRESULT_ITS_SCENARIO_RAIDER_TRAX_1300DEVICES_ALL_APPS_GENERIC.log
3,RAIDER_TRAX,1300,ALL_APPS,823917.0,39516.0,4.576614514386177,0.5441545142131256,ite3/SIMRESULT_ITS_SCENARIO_RAIDER_TRAX_1300DEVICES_ALL_APPS_GENERIC.log
4,RAIDER_TRAX,1300,ALL_APPS,808258.0,35965.0,4.260130321017077,0.5440400994445769,ite4/SIMRESULT_ITS_SCENARIO_RAIDER_TRAX_1300DEVICES_ALL_APPS_GENERIC.log
5,RAIDER_TRAX,1300,ALL_APPS,815947.0,35676.0,4.189177605583692,0.5460869018166539,ite5/SIMRESULT_ITS_SCENARIO_RAIDER_TRAX_1300DEVICES_ALL_APPS_GENERIC.log
6,RAIDER_TRAX,1300,ALL_APPS,807328.0,38361.0,4.536064676258057,0.5566576934492218,ite6/SIMRESULT_ITS_SCENARIO_RAIDER_TRAX_1300DEVICES_ALL_APPS_GENERIC.log
7,RAIDER_TRAX,1300,ALL_APPS,817600.0,37401.0,4.37438084867737,0.5454941989424423,ite7/SIMRESULT_ITS_SCENARIO_RAIDER_TRAX_1300DEVICES_ALL_APPS_GENERIC.log
8,RAIDER_TRAX,1300,ALL_APPS,820509.0,37798.0,4.403785591868644,0.546085149680018,ite8/SIMRESULT_ITS_SCENARIO_RAIDER_TRAX_1300DEVICES_ALL_APPS_GENERIC.log
9,RAIDER_TRAX,1300,ALL_APPS,837799.0,39770.0,4.53183738258758,0.5381839202243719,ite9/SIMRESULT_ITS_SCENARIO_RAIDER_TRAX_1300DEVICES_ALL_APPS_GENERIC.log
10,RAIDER_TRAX,1300,ALL_APPS,814915.0,38549.0,4.516769307199835,0.5448485271882277,ite10/SIMRESULT_ITS_SCENARIO_RAIDER_TRAX_1300DEVICES_ALL_APPS_GENERIC.log
1,RANDOM,1300,ALL_APPS,682142.0,196191.0,22.33674471982722,0.5010701589905163,ite1/SIMRESULT_ITS_SCENARIO_RANDOM_1300DEVICES_ALL_APPS_GENERIC.log
2,RANDOM,1300,ALL_APPS,682395.0,201685.0,22.812980725726177,0.49958132837300695,ite2/SIMRESULT_ITS_SCENARIO_RANDOM_1300DEVICES_ALL_APPS_GENERIC.log
3,RANDOM,1300,ALL_APPS,675612.0,187859.0,21.756260488192424,0.5131850920002372,ite3/SIMRESULT_ITS_SCENARIO_RANDOM_1300DEVICES_ALL_APPS_GENERIC.log
4,RANDOM,1300,ALL_APPS,673173.0,171087.0,20.264728874991118,0.5097263769452083,ite4/SIMRESULT_ITS_SCENARIO_RANDOM_1300DEVICES_ALL_APPS_GENERIC.log
5,RANDOM,1300,ALL_APPS,677109.0,174479.0,20.48866353213056,0.517779322294581,ite5/SIMRESULT_ITS_SCENARIO_RANDOM_1300DEVICES_ALL_APPS_GENERIC.log
6,RANDOM,1300,ALL_APPS,663168.0,182551.0,21.585301973823455,0.5275432622255619,ite6/SIMRESULT_ITS_SCENARIO_RANDOM_1300DEVICES_ALL_APPS_GENERIC.log
7,RANDOM,1300,ALL_APPS,678709.0,176359.0,20.625143263459748,0.5104086611701123,ite7/SIMRESULT_ITS_SCENARIO_RANDOM_1300DEVICES_ALL_APPS_GENERIC.log
8,RANDOM,1300,ALL_APPS,672864.0,185438.0,21.605215879725318,0.5100132882362711,ite8/SIMRESULT_ITS_SCENARIO_RANDOM_1300DEVICES_ALL_APPS_GENERIC.log
9,RANDOM,1300,ALL_APPS,682785.0,194786.0,22.196038839022712,0.49806084516044646,ite9/SIMRESULT_ITS_SCENARIO_RANDOM_1300DEVICES_ALL_APPS_GENERIC.log
10,RANDOM,1300,ALL_APPS,677068.0,176359.0,20.66480202758994,0.512774149106077,ite10/SIMRESULT_ITS_SCENARIO_RANDOM_1300DEVICES_ALL_APPS_GENERIC.log
1,RT_OPT_ML,1400,ALL_APPS,933367.0,8740.0,0.9277077869074319,0.5033702256789728,ite1/SIMRESULT_ITS_SCENARIO_RT_OPT_ML_1400DEVICES_ALL_APPS_GENERIC.log
2,RT_OPT_ML,1400,ALL_APPS,937869.0,8392.0,0.8868589110192643,0.5025683918789353,ite2/SIMRESULT_ITS_SCENARIO_RT_OPT_ML_1400DEVICES_ALL_APPS_GENERIC.log
3,RT_OPT_ML,1400,ALL_APPS,921363.0,9135.0,0.981732362670312,0.5090991781421556,ite3/SIMRESULT_ITS_SCENARIO_RT_OPT_ML_1400DEVICES_ALL_APPS_GENERIC.log
4,RT_OPT_ML,1400,ALL_APPS,890264.0,9423.0,1.0473642500113929,0.5181817838111806,ite4/SIMRESULT_ITS_SCENARIO_RT_OPT_ML_1400DEVICES_ALL_APPS_GENERIC.log
5,RT_OPT_ML,1400,ALL_APPS,902224.0,9096.0,0.9981126278365448,0.5156842598748319,ite5/SIMRESULT_ITS_SCENARIO_RT_OPT_ML_1400DEVICES_ALL_APPS_GENERIC.log
6,RT_OPT_ML,1400,ALL_APPS,909470.0,9005.0,0.9804295163178094,0.5162551364219088,ite6/SIMRESULT_ITS_SCENARIO_RT_OPT_ML_1400DEVICES_ALL_APPS_GENERIC.log
7,RT_OPT_ML,1400,ALL_APPS,914734.0,8720.0,0.9442809279076164,0.5082503350126013,ite7/SIMRESULT_ITS_SCENARIO_RT_OPT_ML_1400DEVICES_ALL_APPS_GENERIC.log
8,RT_OPT_ML,1400,ALL_APPS,912604.0,8414.0,0.9135543496435466,0.511416817577624,ite8/SIMRESULT_ITS_SCENARIO_RT_OPT_ML_1400DEVICES_ALL_APPS_GENERIC.log
9,RT_OPT_ML,1400,ALL_APPS,932260.0,8111.0,0.8625319155950152,0.5037861291903721,ite9/SIMRESULT_ITS_SCENARIO_RT_OPT_ML_1400DEVICES_ALL_APPS_GENERIC.log
10,RT_OPT_ML,1400,ALL_APPS,915411.0,8876.0,0.960307783188555,0.5109341174717281,ite10/SIMRESULT_ITS_SCENARIO_RT_OPT_ML_1400DEVICES_ALL_APPS_GENERIC.log
1,EXP3_MC,1400,ALL_APPS,851766.0,90347.0,9.589826273493731,0.5701497713416488,ite1/SIMRESULT_ITS_SCENARIO_EXP3_MC_1400DEVICES_ALL_APPS_GENERIC.log
2,EXP3_MC,1400,ALL_APPS,857816.0,88430.0,9.345349940713092,0.5678762339643302,ite2/SIMRESULT_ITS_SCENARIO_EXP3_MC_1400DEVICES_ALL_APPS_GENERIC.log
3,EXP3_MC,1400,ALL_APPS,846423.0,84041.0,9.032160298517729,0.5742139117900952,ite3/SIMRESULT_ITS_SCENARIO_EXP3_MC_1400DEVICES_ALL_APPS_GENERIC.log
4,EXP3_MC,1400,ALL_APPS,824173.0,75437.0,8.385522615355542,0.5776173647257603,ite4/SIMRESULT_ITS_SCENARIO_EXP3_MC_1400DEVICES_ALL_APPS_GENERIC.log
5,EXP3_MC,1400,ALL_APPS,832489.0,78817.0,8.648796342831059,0.5799914080856554,ite5/SIMRESULT_ITS_SCENARIO_EXP3_MC_1400DEVICES_ALL_APPS_GENERIC.log
6,EXP3_MC,1400,ALL_APPS,830006.0,88497.0,9.634916815731685,0.5812838112091464,ite6/SIMRESULT_ITS_SCENARIO_EXP3_MC_1400DEVICES_ALL_APPS_GENERIC.log
7,EXP3_MC,1400,ALL_APPS,838856.0,84595.0,9.160745941040727,0.5739526437482397,ite7/SIMRESULT_ITS_SCENARIO_EXP3_MC_1400DEVICES_ALL_APPS_GENERIC.log
8,EXP3_MC,1400,ALL_APPS,839380.0,81639.0,8.86398651927919,0.5739142877421248,ite8/SIMRESULT_ITS_SCENARIO_EXP3_MC_1400DEVICES_ALL_APPS_GENERIC.log
9,EXP3_MC,1400,ALL_APPS,854243.0,86134.0,9.159517938018476,0.5689312319395722,ite9/SIMRESULT_ITS_SCENARIO_EXP3_MC_1400DEVICES_ALL_APPS_GENERIC.log
10,EXP3_MC,1400,ALL_APPS,840605.0,83675.0,9.05299259964513,0.5723921078068902,ite10/SIMRESULT_ITS_SCENARIO_EXP3_MC_1400DEVICES_ALL_APPS_GENERIC.log
1,RAIDER_TRAX,1400,ALL_APPS,855105.0,87016.0,9.2361809151903,0.5656850574746565,ite1/SIMRESULT_ITS_SCENARIO_RAIDER_TRAX_1400DEVICES_ALL_APPS_GENERIC.log
2,RAIDER_TRAX,1400,ALL_APPS,855454.0,90795.0,9.595254526028562,0.5663915405808704,ite2/SIMRESULT_ITS_SCENARIO_RAIDER_TRAX_1400DEVICES_ALL_APPS_GENERIC.log
3,RAIDER_TRAX,1400,ALL_APPS,843958.0,86522.0,9.298641561344683,0.5705266007438055,ite3/SIMRESULT_ITS_SCENARIO_RAIDER_TRAX_1400DEVICES_ALL_APPS_GENERIC.log
4,RAIDER_TRAX,1400,ALL_APPS,821845.0,77842.0,8.652120126221675,0.5751795911121529,ite4/SIMRESULT_ITS_SCENARIO_RAIDER_TRAX_1400DEVICES_ALL_APPS_GENERIC.log
5,RAIDER_TRAX,1400,ALL_APPS,830912.0,80381.0,8.820543996277816,0.573152480046727,ite5/SIMRESULT_ITS_SCENARIO_RAIDER_TRAX_1400DEVICES_ALL_APPS_GENERIC.log
6,RAIDER_TRAX,1400,ALL_APPS,832049.0,86451.0,9.412193794229722,0.5776797358076121,ite6/SIMRESULT_ITS_SCENARIO_RAIDER_TRAX_1400DEVICES_ALL_APPS_GENERIC.log
7,RAIDER_TRAX,1400,ALL_APPS,838671.0,84785.0,9.18127122461709,0.5687032815620254,ite7/SIMRESULT_ITS_SCENARIO_RAIDER_TRAX_1400DEVICES_ALL_APPS_GENERIC.log
8,RAIDER_TRAX,1400,ALL_APPS,841006.0,79998.0,8.68595576132134,0.5708749177187955,ite8/SIMRESULT_ITS_SCENARIO_RAIDER_TRAX_1400DEVICES_ALL_APPS_GENERIC.log
9,RAIDER_TRAX,1400,ALL_APPS,856860.0,83504.0,8.879965630330382,0.5611537081175694,ite9/SIMRESULT_ITS_SCENARIO_RAIDER_TRAX_1400DEVICES_ALL_APPS_GENERIC.log
10,RAIDER_TRAX,1400,ALL_APPS,839351.0,84942.0,9.18994301590513,0.5704038715142068,ite10/SIMRESULT_ITS_SCENARIO_RAIDER_TRAX_1400DEVICES_ALL_APPS_GENERIC.log
1,RANDOM,1400,ALL_APPS,677507.0,264689.0,28.092774751750166,0.5101446726987255,ite1/SIMRESULT_ITS_SCENARIO_RANDOM_1400DEVICES_ALL_APPS_GENERIC.log
2,RANDOM,1400,ALL_APPS,674690.0,271614.0,28.70261564993913,0.5092878874201209,ite2/SIMRESULT_ITS_SCENARIO_RANDOM_1400DEVICES_ALL_APPS_GENERIC.log
3,RANDOM,1400,ALL_APPS,675338.0,255214.0,27.426086881764803,0.5196450719149446,ite3/SIMRESULT_ITS_SCENARIO_RANDOM_1400DEVICES_ALL_APPS_GENERIC.log
4,RANDOM,1400,ALL_APPS,673812.0,225924.0,25.110032276134334,0.5311054494446628,ite4/SIMRESULT_ITS_SCENARIO_RANDOM_1400DEVICES_ALL_APPS_GENERIC.log
5,RANDOM,1400,ALL_APPS,672707.0,238574.0,26.180069594340274,0.5263052309696433,ite5/SIMRESULT_ITS_SCENARIO_RANDOM_1400DEVICES_ALL_APPS_GENERIC.log
6,RANDOM,1400,ALL_APPS,660723.0,257797.0,28.06656360231677,0.5313884239294824,ite6/SIMRESULT_ITS_SCENARIO_RANDOM_1400DEVICES_ALL_APPS_GENERIC.log
7,RANDOM,1400,ALL_APPS,678284.0,245232.0,26.55416906691384,0.5188538158333402,ite7/SIMRESULT_ITS_SCENARIO_RANDOM_1400DEVICES_ALL_APPS_GENERIC.log
8,RANDOM,1400,ALL_APPS,672854.0,248233.0,26.950005808354693,0.5250122936664078,ite8/SIMRESULT_ITS_SCENARIO_RANDOM_1400DEVICES_ALL_APPS_GENERIC.log
9,RANDOM,1400,ALL_APPS,680366.0,260060.0,27.653425149878885,0.5084359182310952,ite9/SIMRESULT_ITS_SCENARIO_RANDOM_1400DEVICES_ALL_APPS_GENERIC.log
10,RANDOM,1400,ALL_APPS,676014.0,248337.0,26.866093075033184,0.5241931699487584,ite10/SIMRESULT_ITS_SCENARIO_RANDOM_1400DEVICES_ALL_APPS_GENERIC.log
1,RT_OPT_ML,1500,ALL_APPS,996380.0,17934.0,1.768091537728948,0.5091923634622042,ite1/SIMRESULT_ITS_SCENARIO_RT_OPT_ML_1500DEVICES_ALL_APPS_GENERIC.log
2,RT_OPT_ML,1500,ALL_APPS,992169.0,18852.0,1.86464969570365,0.5133301067329312,ite2/SIMRESULT_ITS_SCENARIO_RT_OPT_ML_1500DEVICES_ALL_APPS_GENERIC.log
3,RT_OPT_ML,1500,ALL_APPS,977173.0,17523.0,1.7616437584950577,0.514498464670128,ite3/SIMRESULT_ITS_SCENARIO_RT_OPT_ML_1500DEVICES_ALL_APPS_GENERIC.log
4,RT_OPT_ML,1500,ALL_APPS,945201.0,17547.0,1.8225953208939412,0.5234024823992717,ite4/SIMRESULT_ITS_SCENARIO_RT_OPT_ML_1500DEVICES_ALL_APPS_GENERIC.log
5,RT_OPT_ML,1500,ALL_APPS,957505.0,18164.0,1.8616969484528052,0.520374061586918,ite5/SIMRESULT_ITS_SCENARIO_RT_OPT_ML_1500DEVICES_ALL_APPS_GENERIC.log
6,RT_OPT_ML,1500,ALL_APPS,967032.0,18761.0,1.9031378798591592,0.5233886659971305,ite6/SIMRESULT_ITS_SCENARIO_RT_OPT_ML_1500DEVICES_ALL_APPS_GENERIC.log
7,RT_OPT_ML,1500,ALL_APPS,968550.0,17417.0,1.7664891421315319,0.5175329179841381,ite7/SIMRESULT_ITS_SCENARIO_RT_OPT_ML_1500DEVICES_ALL_APPS_GENERIC.log
8,RT_OPT_ML,1500,ALL_APPS,970251.0,17695.0,1.7910897964058765,0.5162988937746092,ite8/SIMRESULT_ITS_SCENARIO_RT_OPT_ML_1500DEVICES_ALL_APPS_GENERIC.log
9,RT_OPT_ML,1500,ALL_APPS,989678.0,17344.0,1.7223059674962413,0.5101005322614384,ite9/SIMRESULT_ITS_SCENARIO_RT_OPT_ML_1500DEVICES_ALL_APPS_GENERIC.log
10,RT_OPT_ML,1500,ALL_APPS,968504.0,16890.0,1.7140351981034998,0.51730509687926,ite10/SIMRESULT_ITS_SCENARIO_RT_OPT_ML_1500DEVICES_ALL_APPS_GENERIC.log
1,EXP3_MC,1500,ALL_APPS,854022.0,160296.0,15.803327950406086,0.5930755939667339,ite1/SIMRESULT_ITS_SCENARIO_EXP3_MC_1500DEVICES_ALL_APPS_GENERIC.log
2,EXP3_MC,1500,ALL_APPS,797230.0,213804.0,21.147063303509082,0.5989482158197375,ite2/SIMRESULT_ITS_SCENARIO_EXP3_MC_1500DEVICES_ALL_APPS_GENERIC.log
3,EXP3_MC,1500,ALL_APPS,830269.0,164401.0,16.528195280846916,0.6027662636610785,ite3/SIMRESULT_ITS_SCENARIO_EXP3_MC_1500DEVICES_ALL_APPS_GENERIC.log
4,EXP3_MC,1500,ALL_APPS,822129.0,140596.0,14.603962710015841,0.6027221509665404,ite4/SIMRESULT_ITS_SCENARIO_EXP3_MC_1500DEVICES_ALL_APPS_GENERIC.log
5,EXP3_MC,1500,ALL_APPS,816095.0,159569.0,16.354913166827924,0.6047289271267949,ite5/SIMRESULT_ITS_SCENARIO_EXP3_MC_1500DEVICES_ALL_APPS_GENERIC.log
6,EXP3_MC,1500,ALL_APPS,809185.0,176622.0,17.91648872446635,0.6121098049658092,ite6/SIMRESULT_ITS_SCENARIO_EXP3_MC_1500DEVICES_ALL_APPS_GENERIC.log
7,EXP3_MC,1500,ALL_APPS,813019.0,172930.0,17.53944676651632,0.6058097346043316,ite7/SIMRESULT_ITS_SCENARIO_EXP3_MC_1500DEVICES_ALL_APPS_GENERIC.log
8,EXP3_MC,1500,ALL_APPS,762865.0,225013.0,22.77740773658286,0.6215966955442419,ite8/SIMRESULT_ITS_SCENARIO_EXP3_MC_1500DEVICES_ALL_APPS_GENERIC.log
9,EXP3_MC,1500,ALL_APPS,757116.0,249938.0,24.818728687836003,0.6205940699427094,ite9/SIMRESULT_ITS_SCENARIO_EXP3_MC_1500DEVICES_ALL_APPS_GENERIC.log
10,EXP3_MC,1500,ALL_APPS,794798.0,190602.0,19.342601989039984,0.6037763480382383,ite10/SIMRESULT_ITS_SCENARIO_EXP3_MC_1500DEVICES_ALL_APPS_GENERIC.log
1,RAIDER_TRAX,1500,ALL_APPS,863521.0,150777.0,14.865157971325981,0.5854857403607312,ite1/SIMRESULT_ITS_SCENARIO_RAIDER_TRAX_1500DEVICES_ALL_APPS_GENERIC.log
2,RAIDER_TRAX,1500,ALL_APPS,862126.0,148862.0,14.724408202669073,0.5890187032025997,ite2/SIMRESULT_ITS_SCENARIO_RAIDER_TRAX_1500DEVICES_ALL_APPS_GENERIC.log
3,RAIDER_TRAX,1500,ALL_APPS,848721.0,145942.0,14.672507170770402,0.5932239272212049,ite3/SIMRESULT_ITS_SCENARIO_RAIDER_TRAX_1500DEVICES_ALL_APPS_GENERIC.log
4,RAIDER_TRAX,1500,ALL_APPS,836739.0,125968.0,13.084770340300839,0.5941080251598923,ite4/SIMRESULT_ITS_SCENARIO_RAIDER_TRAX_1500DEVICES_ALL_APPS_GENERIC.log
5,RAIDER_TRAX,1500,ALL_APPS,840980.0,134699.0,13.805667642739056,0.5952170142770862,ite5/SIMRESULT_ITS_SCENARIO_RAIDER_TRAX_1500DEVICES_ALL_APPS_GENERIC.log
6,RAIDER_TRAX,1500,ALL_APPS,839935.0,145857.0,14.795920437577095,0.6005685323729661,ite6/SIMRESULT_ITS_SCENARIO_RAIDER_TRAX_1500DEVICES_ALL_APPS_GENERIC.log
7,RAIDER_TRAX,1500,ALL_APPS,846442.0,139451.0,14.144638414107819,0.593477682358338,ite7/SIMRESULT_ITS_SCENARIO_RAIDER_TRAX_1500DEVICES_ALL_APPS_GENERIC.log
8,RAIDER_TRAX,1500,ALL_APPS,850207.0,137747.0,13.942653200452652,0.5916217852751484,ite8/SIMRESULT_ITS_SCENARIO_RAIDER_TRAX_1500DEVICES_ALL_APPS_GENERIC.log
9,RAIDER_TRAX,1500,ALL_APPS,863666.0,143353.0,14.23538185476143,0.5867750912569051,ite9/SIMRESULT_ITS_SCENARIO_RAIDER_TRAX_1500DEVICES_ALL_APPS_GENERIC.log
10,RAIDER_TRAX,1500,ALL_APPS,847101.0,138269.0,14.032190953651927,0.5927856768227341,ite10/SIMRESULT_ITS_SCENARIO_RAIDER_TRAX_1500DEVICES_ALL_APPS_GENERIC.log
1,RANDOM,1500,ALL_APPS,686942.0,327419.0,32.27835060693382,0.5045718517164056,ite1/SIMRESULT_ITS_SCENARIO_RANDOM_1500DEVICES_ALL_APPS_GENERIC.log
2,RANDOM,1500,ALL_APPS,684656.0,326410.0,32.28374804414351,0.5056407369939095,ite2/SIMRESULT_ITS_SCENARIO_RANDOM_1500DEVICES_ALL_APPS_GENERIC.log
3,RANDOM,1500,ALL_APPS,679034.0,315728.0,31.739049139392137,0.5150472482863957,ite3/SIMRESULT_ITS_SCENARIO_RANDOM_1500DEVICES_ALL_APPS_GENERIC.log
4,RANDOM,1500,ALL_APPS,673847.0,288952.0,30.01166390908175,0.5363482911749825,ite4/SIMRESULT_ITS_SCENARIO_RANDOM_1500DEVICES_ALL_APPS_GENERIC.log
5,RANDOM,1500,ALL_APPS,674212.0,301520.0,30.90192798842305,0.5303254994690831,ite5/SIMRESULT_ITS_SCENARIO_RANDOM_1500DEVICES_ALL_APPS_GENERIC.log
6,RANDOM,1500,ALL_APPS,668065.0,317780.0,32.23427617931825,0.5225924185586528,ite6/SIMRESULT_ITS_SCENARIO_RANDOM_1500DEVICES_ALL_APPS_GENERIC.log
7,RANDOM,1500,ALL_APPS,677797.0,308223.0,31.25930508508955,0.5207418883684056,ite7/SIMRESULT_ITS_SCENARIO_RANDOM_1500DEVICES_ALL_APPS_GENERIC.log
8,RANDOM,1500,ALL_APPS,675161.0,312841.0,31.664004728735367,0.516991033556426,ite8/SIMRESULT_ITS_SCENARIO_RANDOM_1500DEVICES_ALL_APPS_GENERIC.log
9,RANDOM,1500,ALL_APPS,686957.0,320116.0,31.786772160508722,0.50643154329582,ite9/SIMRESULT_ITS_SCENARIO_RANDOM_1500DEVICES_ALL_APPS_GENERIC.log
10,RANDOM,1500,ALL_APPS,678369.0,307007.0,31.156330172441788,0.5182872678074119,ite10/SIMRESULT_ITS_SCENARIO_RANDOM_1500DEVICES_ALL_APPS_GENERIC.log
1,RT_OPT_ML,1600,ALL_APPS,1036880.0,42493.0,3.936822581257823,0.5281440039623181,ite1/SIMRESULT_ITS_SCENARIO_RT_OPT_ML_1600DEVICES_ALL_APPS_GENERIC.log
2,RT_OPT_ML,1600,ALL_APPS,1035098.0,41686.0,3.871342813414761,0.5290896583999417,ite2/SIMRESULT_ITS_SCENARIO_RT_OPT_ML_1600DEVICES_ALL_APPS_GENERIC.log
3,RT_OPT_ML,1600,ALL_APPS,1020268.0,38846.0,3.6677826938365463,0.5329596633408764,ite3/SIMRESULT_ITS_SCENARIO_RT_OPT_ML_1600DEVICES_ALL_APPS_GENERIC.log
4,RT_OPT_ML,1600,ALL_APPS,994960.0,35046.0,3.40250445143038,0.5350851587436691,ite4/SIMRESULT_ITS_SCENARIO_RT_OPT_ML_1600DEVICES_ALL_APPS_GENERIC.log
5,RT_OPT_ML,1600,ALL_APPS,1005922.0,38246.0,3.6628205422882143,0.5361073164589825,ite5/SIMRESULT_ITS_SCENARIO_RT_OPT_ML_1600DEVICES_ALL_APPS_GENERIC.log
6,RT_OPT_ML,1600,ALL_APPS,1008144.0,39856.0,3.8030534351145038,0.5409946390066077,ite6/SIMRESULT_ITS_SCENARIO_RT_OPT_ML_1600DEVICES_ALL_APPS_GENERIC.log
7,RT_OPT_ML,1600,ALL_APPS,1014557.0,38483.0,3.65446706677809,0.5328051788165198,ite7/SIMRESULT_ITS_SCENARIO_RT_OPT_ML_1600DEVICES_ALL_APPS_GENERIC.log
8,RT_OPT_ML,1600,ALL_APPS,1012394.0,38754.0,3.686826212864411,0.5326133897220434,ite8/SIMRESULT_ITS_SCENARIO_RT_OPT_ML_1600DEVICES_ALL_APPS_GENERIC.log
9,RT_OPT_ML,1600,ALL_APPS,1035911.0,42343.0,3.926996792963439,0.5264516139842158,ite9/SIMRESULT_ITS_SCENARIO_RT_OPT_ML_1600DEVICES_ALL_APPS_GENERIC.log
10,RT_OPT_ML,1600,ALL_APPS,1013469.0,37810.0,3.5965714144389835,0.5328585709761361,ite10/SIMRESULT_ITS_SCENARIO_RT_OPT_ML_1600DEVICES_ALL_APPS_GENERIC.log
1,EXP3_MC,1600,ALL_APPS,816873.0,262546.0,24.322899633969755,0.6168833575205959,ite1/SIMRESULT_ITS_SCENARIO_EXP3_MC_1600DEVICES_ALL_APPS_GENERIC.log
2,EXP3_MC,1600,ALL_APPS,717079.0,359745.0,33.40796639005074,0.6293238683637467,ite2/SIMRESULT_ITS_SCENARIO_EXP3_MC_1600DEVICES_ALL_APPS_GENERIC.log
3,EXP3_MC,1600,ALL_APPS,726962.0,332183.0,31.363316637476455,0.6342050830228271,ite3/SIMRESULT_ITS_SCENARIO_EXP3_MC_1600DEVICES_ALL_APPS_GENERIC.log
4,EXP3_MC,1600,ALL_APPS,741568.0,288512.0,28.00869835352594,0.6314634655342298,ite4/SIMRESULT_ITS_SCENARIO_EXP3_MC_1600DEVICES_ALL_APPS_GENERIC.log
5,EXP3_MC,1600,ALL_APPS,712880.0,331320.0,31.729553725339972,0.6357389703873939,ite5/SIMRESULT_ITS_SCENARIO_EXP3_MC_1600DEVICES_ALL_APPS_GENERIC.log
6,EXP3_MC,1600,ALL_APPS,778554.0,269511.0,25.71510354796697,0.6340398612021595,ite6/SIMRESULT_ITS_SCENARIO_EXP3_MC_1600DEVICES_ALL_APPS_GENERIC.log
7,EXP3_MC,1600,ALL_APPS,752072.0,300990.0,28.582362671903457,0.6332190704214156,ite7/SIMRESULT_ITS_SCENARIO_EXP3_MC_1600DEVICES_ALL_APPS_GENERIC.log
8,EXP3_MC,1600,ALL_APPS,684280.0,366929.0,34.90542794059031,0.6657566757137363,ite8/SIMRESULT_ITS_SCENARIO_EXP3_MC_1600DEVICES_ALL_APPS_GENERIC.log
9,EXP3_MC,1600,ALL_APPS,716370.0,361953.0,33.56628765221552,0.6351726628444087,ite9/SIMRESULT_ITS_SCENARIO_EXP3_MC_1600DEVICES_ALL_APPS_GENERIC.log
10,EXP3_MC,1600,ALL_APPS,735588.0,315701.0,30.02989663165885,0.6259933434240137,ite10/SIMRESULT_ITS_SCENARIO_EXP3_MC_1600DEVICES_ALL_APPS_GENERIC.log
1,RAIDER_TRAX,1600,ALL_APPS,864092.0,215307.0,19.946933432400808,0.6030420916084043,ite1/SIMRESULT_ITS_SCENARIO_RAIDER_TRAX_1600DEVICES_ALL_APPS_GENERIC.log
2,RAIDER_TRAX,1600,ALL_APPS,858322.0,218478.0,20.28956166419019,0.6044839144350078,ite2/SIMRESULT_ITS_SCENARIO_RAIDER_TRAX_1600DEVICES_ALL_APPS_GENERIC.log
3,RAIDER_TRAX,1600,ALL_APPS,846255.0,212867.0,20.098440028627486,0.6087259056386379,ite3/SIMRESULT_ITS_SCENARIO_RAIDER_TRAX_1600DEVICES_ALL_APPS_GENERIC.log
4,RAIDER_TRAX,1600,ALL_APPS,839279.0,190765.0,18.520082637246563,0.6129063024512548,ite4/SIMRESULT_ITS_SCENARIO_RAIDER_TRAX_1600DEVICES_ALL_APPS_GENERIC.log
5,RAIDER_TRAX,1600,ALL_APPS,844316.0,199830.0,19.138128192800625,0.6108752028551141,ite5/SIMRESULT_ITS_SCENARIO_RAIDER_TRAX_1600DEVICES_ALL_APPS_GENERIC.log
6,RAIDER_TRAX,1600,ALL_APPS,833920.0,214111.0,20.429834613670778,0.6179086692458163,ite6/SIMRESULT_ITS_SCENARIO_RAIDER_TRAX_1600DEVICES_ALL_APPS_GENERIC.log
7,RAIDER_TRAX,1600,ALL_APPS,850097.0,202942.0,19.27203076049415,0.605885440980347,ite7/SIMRESULT_ITS_SCENARIO_RAIDER_TRAX_1600DEVICES_ALL_APPS_GENERIC.log
8,RAIDER_TRAX,1600,ALL_APPS,844141.0,207058.0,19.697317063657785,0.6136372918119877,ite8/SIMRESULT_ITS_SCENARIO_RAIDER_TRAX_1600DEVICES_ALL_APPS_GENERIC.log
9,RAIDER_TRAX,1600,ALL_APPS,862383.0,215913.0,20.023537136370717,0.6034667622481908,ite9/SIMRESULT_ITS_SCENARIO_RAIDER_TRAX_1600DEVICES_ALL_APPS_GENERIC.log
10,RAIDER_TRAX,1600,ALL_APPS,850825.0,200454.0,19.06763095239228,0.6079599343470657,ite10/SIMRESULT_ITS_SCENARIO_RAIDER_TRAX_1600DEVICES_ALL_APPS_GENERIC.log
1,RANDOM,1600,ALL_APPS,714223.0,365217.0,33.83393240939746,0.5015174038731769,ite1/SIMRESULT_ITS_SCENARIO_RANDOM_1600DEVICES_ALL_APPS_GENERIC.log
2,RANDOM,1600,ALL_APPS,713545.0,363281.0,33.736276798665706,0.5024514750697238,ite2/SIMRESULT_ITS_SCENARIO_RANDOM_1600DEVICES_ALL_APPS_GENERIC.log
3,RANDOM,1600,ALL_APPS,702761.0,356431.0,33.65121715420811,0.5166470160432892,ite3/SIMRESULT_ITS_SCENARIO_RANDOM_1600DEVICES_ALL_APPS_GENERIC.log
4,RANDOM,1600,ALL_APPS,689523.0,340545.0,33.06043872831697,0.527196260403177,ite4/SIMRESULT_ITS_SCENARIO_RANDOM_1600DEVICES_ALL_APPS_GENERIC.log
5,RANDOM,1600,ALL_APPS,694684.0,349539.0,33.47359711479253,0.5183106900852604,ite5/SIMRESULT_ITS_SCENARIO_RANDOM_1600DEVICES_ALL_APPS_GENERIC.log
6,RANDOM,1600,ALL_APPS,693264.0,354828.0,33.854661613675134,0.5224276094404314,ite6/SIMRESULT_ITS_SCENARIO_RANDOM_1600DEVICES_ALL_APPS_GENERIC.log
7,RANDOM,1600,ALL_APPS,700482.0,352590.0,33.4820411139979,0.5159956167648149,ite7/SIMRESULT_ITS_SCENARIO_RANDOM_1600DEVICES_ALL_APPS_GENERIC.log
8,RANDOM,1600,ALL_APPS,696976.0,354254.0,33.69900021879132,0.5163593832629636,ite8/SIMRESULT_ITS_SCENARIO_RANDOM_1600DEVICES_ALL_APPS_GENERIC.log
9,RANDOM,1600,ALL_APPS,714651.0,363669.0,33.725517471622524,0.5004748456308951,ite9/SIMRESULT_ITS_SCENARIO_RANDOM_1600DEVICES_ALL_APPS_GENERIC.log
10,RANDOM,1600,ALL_APPS,700069.0,351278.0,33.4121845594271,0.5152851676586091,ite10/SIMRESULT_ITS_SCENARIO_RANDOM_1600DEVICES_ALL_APPS_GENERIC.log
1,RT_OPT_ML,1700,ALL_APPS,1062910.0,85570.0,7.450717470047367,0.5534427806469641,ite1/SIMRESULT_ITS_SCENARIO_RT_OPT_ML_1700DEVICES_ALL_APPS_GENERIC.log
2,RT_OPT_ML,1700,ALL_APPS,1053645.0,87426.0,7.66174935652558,0.5538067696297312,ite2/SIMRESULT_ITS_SCENARIO_RT_OPT_ML_1700DEVICES_ALL_APPS_GENERIC.log
3,RT_OPT_ML,1700,ALL_APPS,1039358.0,87148.0,7.736132785799632,0.5621492720778875,ite3/SIMRESULT_ITS_SCENARIO_RT_OPT_ML_1700DEVICES_ALL_APPS_GENERIC.log
4,RT_OPT_ML,1700,ALL_APPS,1022263.0,76628.0,6.9732120838190506,0.5574597689565709,ite4/SIMRESULT_ITS_SCENARIO_RT_OPT_ML_1700DEVICES_ALL_APPS_GENERIC.log
5,RT_OPT_ML,1700,ALL_APPS,1028153.0,79075.0,7.1417088440682495,0.560742042264642,ite5/SIMRESULT_ITS_SCENARIO_RT_OPT_ML_1700DEVICES_ALL_APPS_GENERIC.log
6,RT_OPT_ML,1700,ALL_APPS,1027426.0,87661.0,7.861359696597664,0.5711777380284967,ite6/SIMRESULT_ITS_SCENARIO_RT_OPT_ML_1700DEVICES_ALL_APPS_GENERIC.log
7,RT_OPT_ML,1700,ALL_APPS,1040916.0,79183.0,7.069285839912365,0.5545978018894917,ite7/SIMRESULT_ITS_SCENARIO_RT_OPT_ML_1700DEVICES_ALL_APPS_GENERIC.log
8,RT_OPT_ML,1700,ALL_APPS,1038003.0,83490.0,7.444540447421429,0.5599315115481924,ite8/SIMRESULT_ITS_SCENARIO_RT_OPT_ML_1700DEVICES_ALL_APPS_GENERIC.log
9,RT_OPT_ML,1700,ALL_APPS,1055098.0,88916.0,7.772282507032257,0.5581777456987499,ite9/SIMRESULT_ITS_SCENARIO_RT_OPT_ML_1700DEVICES_ALL_APPS_GENERIC.log
10,RT_OPT_ML,1700,ALL_APPS,1034963.0,79227.0,7.110726177761423,0.5590244030403202,ite10/SIMRESULT_ITS_SCENARIO_RT_OPT_ML_1700DEVICES_ALL_APPS_GENERIC.log
1,EXP3_MC,1700,ALL_APPS,825231.0,323315.0,28.149939140443657,0.6177627868994886,ite1/SIMRESULT_ITS_SCENARIO_EXP3_MC_1700DEVICES_ALL_APPS_GENERIC.log
2,EXP3_MC,1700,ALL_APPS,676784.0,464326.0,40.69073095494738,0.6427839041388907,ite2/SIMRESULT_ITS_SCENARIO_EXP3_MC_1700DEVICES_ALL_APPS_GENERIC.log
3,EXP3_MC,1700,ALL_APPS,712507.0,414012.0,36.75144405021131,0.6246081966182209,ite3/SIMRESULT_ITS_SCENARIO_EXP3_MC_1700DEVICES_ALL_APPS_GENERIC.log
4,EXP3_MC,1700,ALL_APPS,720751.0,378172.0,34.41296614958464,0.6416279666961653,ite4/SIMRESULT_ITS_SCENARIO_EXP3_MC_1700DEVICES_ALL_APPS_GENERIC.log
5,EXP3_MC,1700,ALL_APPS,724225.0,383082.0,34.59582572854683,0.633736752892781,ite5/SIMRESULT_ITS_SCENARIO_EXP3_MC_1700DEVICES_ALL_APPS_GENERIC.log
6,EXP3_MC,1700,ALL_APPS,774825.0,340320.0,30.518004385079966,0.6383571393127647,ite6/SIMRESULT_ITS_SCENARIO_EXP3_MC_1700DEVICES_ALL_APPS_GENERIC.log
7,EXP3_MC,1700,ALL_APPS,647458.0,472665.0,42.19759794236883,0.6817238504050598,ite7/SIMRESULT_ITS_SCENARIO_EXP3_MC_1700DEVICES_ALL_APPS_GENERIC.log
8,EXP3_MC,1700,ALL_APPS,703835.0,417679.0,37.24242408030573,0.6635241086173126,ite8/SIMRESULT_ITS_SCENARIO_EXP3_MC_1700DEVICES_ALL_APPS_GENERIC.log
9,EXP3_MC,1700,ALL_APPS,720739.0,423332.0,37.002248986295434,0.6382318196256912,ite9/SIMRESULT_ITS_SCENARIO_EXP3_MC_1700DEVICES_ALL_APPS_GENERIC.log
10,EXP3_MC,1700,ALL_APPS,701415.0,412795.0,37.048222507426786,0.6552020963934779,ite10/SIMRESULT_ITS_SCENARIO_EXP3_MC_1700DEVICES_ALL_APPS_GENERIC.log
1,RAIDER_TRAX,1700,ALL_APPS,855816.0,292703.0,25.48525535929314,0.6055375296500152,ite1/SIMRESULT_ITS_SCENARIO_RAIDER_TRAX_1700DEVICES_ALL_APPS_GENERIC.log
2,RAIDER_TRAX,1700,ALL_APPS,848853.0,292236.0,25.610272292520566,0.6058819160089293,ite2/SIMRESULT_ITS_SCENARIO_RAIDER_TRAX_1700DEVICES_ALL_APPS_GENERIC.log
3,RAIDER_TRAX,1700,ALL_APPS,841803.0,284691.0,25.272305045566156,0.6161321107193634,ite3/SIMRESULT_ITS_SCENARIO_RAIDER_TRAX_1700DEVICES_ALL_APPS_GENERIC.log
4,RAIDER_TRAX,1700,ALL_APPS,841897.0,257019.0,23.38841185313527,0.6170598021222381,ite4/SIMRESULT_ITS_SCENARIO_RAIDER_TRAX_1700DEVICES_ALL_APPS_GENERIC.log
5,RAIDER_TRAX,1700,ALL_APPS,838690.0,268608.0,24.257968496285553,0.6218408074282533,ite5/SIMRESULT_ITS_SCENARIO_RAIDER_TRAX_1700DEVICES_ALL_APPS_GENERIC.log
6,RAIDER_TRAX,1700,ALL_APPS,826430.0,288717.0,25.8904879805084,0.6234740696861464,ite6/SIMRESULT_ITS_SCENARIO_RAIDER_TRAX_1700DEVICES_ALL_APPS_GENERIC.log
7,RAIDER_TRAX,1700,ALL_APPS,852736.0,267418.0,23.873324560730044,0.6137020905923255,ite7/SIMRESULT_ITS_SCENARIO_RAIDER_TRAX_1700DEVICES_ALL_APPS_GENERIC.log
8,RAIDER_TRAX,1700,ALL_APPS,841199.0,280342.0,24.996143698714537,0.6162839619677517,ite8/SIMRESULT_ITS_SCENARIO_RAIDER_TRAX_1700DEVICES_ALL_APPS_GENERIC.log
9,RAIDER_TRAX,1700,ALL_APPS,855371.0,288664.0,25.232095171913446,0.6043792056665713,ite9/SIMRESULT_ITS_SCENARIO_RAIDER_TRAX_1700DEVICES_ALL_APPS_GENERIC.log
10,RAIDER_TRAX,1700,ALL_APPS,842122.0,272085.0,24.419609641655455,0.617147659734126,ite10/SIMRESULT_ITS_SCENARIO_RAIDER_TRAX_1700DEVICES_ALL_APPS_GENERIC.log
1,RANDOM,1700,ALL_APPS,756128.0,392427.0,34.16701855810127,0.5003691155477402,ite1/SIMRESULT_ITS_SCENARIO_RANDOM_1700DEVICES_ALL_APPS_GENERIC.log
2,RANDOM,1700,ALL_APPS,751521.0,389572.0,34.140249743009555,0.5053623034184498,ite2/SIMRESULT_ITS_SCENARIO_RANDOM_1700DEVICES_ALL_APPS_GENERIC.log
3,RANDOM,1700,ALL_APPS,742148.0,384393.0,34.12152775620239,0.516090627647503,ite3/SIMRESULT_ITS_SCENARIO_RANDOM_1700DEVICES_ALL_APPS_GENERIC.log
4,RANDOM,1700,ALL_APPS,725123.0,373801.0,34.015182123604546,0.5226289724765035,ite4/SIMRESULT_ITS_SCENARIO_RANDOM_1700DEVICES_ALL_APPS_GENERIC.log
5,RANDOM,1700,ALL_APPS,729002.0,378315.0,34.165013270815855,0.5216939801816949,ite5/SIMRESULT_ITS_SCENARIO_RANDOM_1700DEVICES_ALL_APPS_GENERIC.log
6,RANDOM,1700,ALL_APPS,733578.0,381582.0,34.2176907349618,0.523950246347292,ite6/SIMRESULT_ITS_SCENARIO_RANDOM_1700DEVICES_ALL_APPS_GENERIC.log
7,RANDOM,1700,ALL_APPS,738689.0,381487.0,34.055987630515205,0.5124241030889953,ite7/SIMRESULT_ITS_SCENARIO_RANDOM_1700DEVICES_ALL_APPS_GENERIC.log
8,RANDOM,1700,ALL_APPS,737483.0,384068.0,34.24436338606091,0.5144372673856821,ite8/SIMRESULT_ITS_SCENARIO_RANDOM_1700DEVICES_ALL_APPS_GENERIC.log
9,RANDOM,1700,ALL_APPS,753389.0,390695.0,34.149153383842446,0.5011309347937561,ite9/SIMRESULT_ITS_SCENARIO_RANDOM_1700DEVICES_ALL_APPS_GENERIC.log
10,RANDOM,1700,ALL_APPS,733930.0,380304.0,34.13143020227349,0.5153566944165777,ite10/SIMRESULT_ITS_SCENARIO_RANDOM_1700DEVICES_ALL_APPS_GENERIC.log
1,RT_OPT_ML,1800,ALL_APPS,1038699.0,183441.0,15.009818842358486,0.6040011371887443,ite1/SIMRESULT_ITS_SCENARIO_RT_OPT_ML_1800DEVICES_ALL_APPS_GENERIC.log
2,RT_OPT_ML,1800,ALL_APPS,1029750.0,180558.0,14.91835136180212,0.607436304003051,ite2/SIMRESULT_ITS_SCENARIO_RT_OPT_ML_1800DEVICES_ALL_APPS_GENERIC.log
3,RT_OPT_ML,1800,ALL_APPS,1014517.0,173054.0,14.572097163032778,0.6106280649801866,ite3/SIMRESULT_ITS_SCENARIO_RT_OPT_ML_1800DEVICES_ALL_APPS_GENERIC.log
4,RT_OPT_ML,1800,ALL_APPS,1012405.0,154030.0,13.205193602729684,0.5986112676082331,ite4/SIMRESULT_ITS_SCENARIO_RT_OPT_ML_1800DEVICES_ALL_APPS_GENERIC.log
5,RT_OPT_ML,1800,ALL_APPS,1007962.0,161264.0,13.792372047833354,0.60856864898181,ite5/SIMRESULT_ITS_SCENARIO_RT_OPT_ML_1800DEVICES_ALL_APPS_GENERIC.log
6,RT_OPT_ML,1800,ALL_APPS,1004110.0,180942.0,15.268697069833223,0.6219077257177,ite6/SIMRESULT_ITS_SCENARIO_RT_OPT_ML_1800DEVICES_ALL_APPS_GENERIC.log
7,RT_OPT_ML,1800,ALL_APPS,1025743.0,161893.0,13.631533567524055,0.6024712902933095,ite7/SIMRESULT_ITS_SCENARIO_RT_OPT_ML_1800DEVICES_ALL_APPS_GENERIC.log
8,RT_OPT_ML,1800,ALL_APPS,1014874.0,172519.0,14.529224949111205,0.6093548310927039,ite8/SIMRESULT_ITS_SCENARIO_RT_OPT_ML_1800DEVICES_ALL_APPS_GENERIC.log
9,RT_OPT_ML,1800,ALL_APPS,1027019.0,176837.0,14.689215321433792,0.605525764571716,ite9/SIMRESULT_ITS_SCENARIO_RT_OPT_ML_1800DEVICES_ALL_APPS_GENERIC.log
10,RT_OPT_ML,1800,ALL_APPS,1022371.0,159609.0,13.503527978476793,0.6010681967630603,ite10/SIMRESULT_ITS_SCENARIO_RT_OPT_ML_1800DEVICES_ALL_APPS_GENERIC.log
1,EXP3_MC,1800,ALL_APPS,854368.0,367838.0,30.096235822766374,0.6112598949189086,ite1/SIMRESULT_ITS_SCENARIO_EXP3_MC_1800DEVICES_ALL_APPS_GENERIC.log
2,EXP3_MC,1800,ALL_APPS,710552.0,499935.0,41.30031962342429,0.6368057787592057,ite2/SIMRESULT_ITS_SCENARIO_EXP3_MC_1800DEVICES_ALL_APPS_GENERIC.log
3,EXP3_MC,1800,ALL_APPS,736994.0,450559.0,37.94011719897975,0.6172437318894541,ite3/SIMRESULT_ITS_SCENARIO_EXP3_MC_1800DEVICES_ALL_APPS_GENERIC.log
4,EXP3_MC,1800,ALL_APPS,742960.0,423537.0,36.3084517148351,0.6326807879684109,ite4/SIMRESULT_ITS_SCENARIO_EXP3_MC_1800DEVICES_ALL_APPS_GENERIC.log
5,EXP3_MC,1800,ALL_APPS,727777.0,441491.0,37.757896393299056,0.6379340636819124,ite5/SIMRESULT_ITS_SCENARIO_EXP3_MC_1800DEVICES_ALL_APPS_GENERIC.log
6,EXP3_MC,1800,ALL_APPS,797053.0,388063.0,32.74472709844437,0.6358877337481031,ite6/SIMRESULT_ITS_SCENARIO_EXP3_MC_1800DEVICES_ALL_APPS_GENERIC.log
7,EXP3_MC,1800,ALL_APPS,664151.0,523589.0,44.08279589809217,0.6771714967223597,ite7/SIMRESULT_ITS_SCENARIO_EXP3_MC_1800DEVICES_ALL_APPS_GENERIC.log
8,EXP3_MC,1800,ALL_APPS,739397.0,448055.0,37.73247255468011,0.6252984101593788,ite8/SIMRESULT_ITS_SCENARIO_EXP3_MC_1800DEVICES_ALL_APPS_GENERIC.log
9,EXP3_MC,1800,ALL_APPS,733286.0,470634.0,39.091800119609275,0.6393521570243679,ite9/SIMRESULT_ITS_SCENARIO_EXP3_MC_1800DEVICES_ALL_APPS_GENERIC.log
10,EXP3_MC,1800,ALL_APPS,724111.0,457920.0,38.740100724938685,0.6510183772061308,ite10/SIMRESULT_ITS_SCENARIO_EXP3_MC_1800DEVICES_ALL_APPS_GENERIC.log
1,RAIDER_TRAX,1800,ALL_APPS,868687.0,353504.0,28.92379341690456,0.6036517593802454,ite1/SIMRESULT_ITS_SCENARIO_RAIDER_TRAX_1800DEVICES_ALL_APPS_GENERIC.log
2,RAIDER_TRAX,1800,ALL_APPS,859633.0,350797.0,28.981188503259173,0.605888683975247,ite2/SIMRESULT_ITS_SCENARIO_RAIDER_TRAX_1800DEVICES_ALL_APPS_GENERIC.log
3,RAIDER_TRAX,1800,ALL_APPS,844809.0,342733.0,28.860705558203414,0.610824503801015,ite3/SIMRESULT_ITS_SCENARIO_RAIDER_TRAX_1800DEVICES_ALL_APPS_GENERIC.log
4,RAIDER_TRAX,1800,ALL_APPS,840585.0,325928.0,27.94036585961751,0.6145777506490444,ite4/SIMRESULT_ITS_SCENARIO_RAIDER_TRAX_1800DEVICES_ALL_APPS_GENERIC.log
5,RAIDER_TRAX,1800,ALL_APPS,837313.0,331938.0,28.388943007104547,0.6161906932839516,ite5/SIMRESULT_ITS_SCENARIO_RAIDER_TRAX_1800DEVICES_ALL_APPS_GENERIC.log
6,RAIDER_TRAX,1800,ALL_APPS,837398.0,347722.0,29.34065748616174,0.6170702349658258,ite6/SIMRESULT_ITS_SCENARIO_RAIDER_TRAX_1800DEVICES_ALL_APPS_GENERIC.log
7,RAIDER_TRAX,1800,ALL_APPS,852381.0,335327.0,28.233117904400746,0.6119773666336072,ite7/SIMRESULT_ITS_SCENARIO_RAIDER_TRAX_1800DEVICES_ALL_APPS_GENERIC.log
8,RAIDER_TRAX,1800,ALL_APPS,845161.0,342289.0,28.82555054949682,0.6135088847208959,ite8/SIMRESULT_ITS_SCENARIO_RAIDER_TRAX_1800DEVICES_ALL_APPS_GENERIC.log
9,RAIDER_TRAX,1800,ALL_APPS,855849.0,348067.0,28.911236332102906,0.6044460913472444,ite9/SIMRESULT_ITS_SCENARIO_RAIDER_TRAX_1800DEVICES_ALL_APPS_GENERIC.log
10,RAIDER_TRAX,1800,ALL_APPS,844745.0,337266.0,28.533237000332484,0.6113546450768398,ite10/SIMRESULT_ITS_SCENARIO_RAIDER_TRAX_1800DEVICES_ALL_APPS_GENERIC.log
1,RANDOM,1800,ALL_APPS,803331.0,418901.0,34.27344399426623,0.5014494525979191,ite1/SIMRESULT_ITS_SCENARIO_RANDOM_1800DEVICES_ALL_APPS_GENERIC.log
2,RANDOM,1800,ALL_APPS,796005.0,414438.0,34.23853911336593,0.5071770881130168,ite2/SIMRESULT_ITS_SCENARIO_RANDOM_1800DEVICES_ALL_APPS_GENERIC.log
3,RANDOM,1800,ALL_APPS,780221.0,407344.0,34.30077511546737,0.5184724755225348,ite3/SIMRESULT_ITS_SCENARIO_RANDOM_1800DEVICES_ALL_APPS_GENERIC.log
4,RANDOM,1800,ALL_APPS,766090.0,400413.0,34.32592972328404,0.5258433552214563,ite4/SIMRESULT_ITS_SCENARIO_RANDOM_1800DEVICES_ALL_APPS_GENERIC.log
5,RANDOM,1800,ALL_APPS,768126.0,401146.0,34.307329688900445,0.5273776743475956,ite5/SIMRESULT_ITS_SCENARIO_RANDOM_1800DEVICES_ALL_APPS_GENERIC.log
6,RANDOM,1800,ALL_APPS,778280.0,406834.0,34.32868061637952,0.5263789776671838,ite6/SIMRESULT_ITS_SCENARIO_RANDOM_1800DEVICES_ALL_APPS_GENERIC.log
7,RANDOM,1800,ALL_APPS,781211.0,406530.0,34.22715895132019,0.5141345156962673,ite7/SIMRESULT_ITS_SCENARIO_RANDOM_1800DEVICES_ALL_APPS_GENERIC.log
8,RANDOM,1800,ALL_APPS,779205.0,408264.0,34.38102384146449,0.5204948553033801,ite8/SIMRESULT_ITS_SCENARIO_RANDOM_1800DEVICES_ALL_APPS_GENERIC.log
9,RANDOM,1800,ALL_APPS,791559.0,412371.0,34.25207445615609,0.5106924931580589,ite9/SIMRESULT_ITS_SCENARIO_RANDOM_1800DEVICES_ALL_APPS_GENERIC.log
10,RANDOM,1800,ALL_APPS,776450.0,405603.0,34.31343603036412,0.5190342956606075,ite10/SIMRESULT_ITS_SCENARIO_RANDOM_1800DEVICES_ALL_APPS_GENERIC.log
