#auto generated file!
6.0;0.035501523967858134;0.035501523967858134;0.035501523967858134
7.5;0.035501523967858134;0.035501523967858134;0.035501523967858134
9.0;0.035501523967858134;0.035501523967858134;0.035501523967858134
10.5;0.035501523967858134;0.035501523967858134;0.035501523967858134
12.0;0.035501523967858134;0.035501523967858134;0.035501523967858134
13.5;0.01567656765676568;0.01567656765676568;0.035501523967858134
15.0;0.0175513698630137;0.01567656765676568;0.035501523967858134
16.5;0.0175513698630137;0.048187022900763356;0.01567656765676568
18.0;0.01652892561983471;0.01652892561983471;0.01652892561983471
19.5;0.018876611418047883;0.082010582010582;0.01824212271973466
21.0;0.036165577342047936;0.01652892561983471;0.017094017094017096
22.5;0.01672535211267606;0.04083665338645418;0.06325301204819277
24.0;0.01824212271973466;0.07234432234432234;0.07550644567219153
25.5;0.0189328743545611;0.018470790378006873;0.017094017094017096
27.0;0.0173841059602649;0.01834862385321101;0.0189328743545611
28.5;0.018612132352941176;0.0173841059602649;0.01824212271973466
30.0;0.018612132352941176;0.01824212271973466;0.015731292517006803
31.5;0.03758169934640523;0.01824212271973466;0.04315196998123827
33.0;0.04208416833667335;0.01824212271973466;0.0363872644574399
34.5;0.01824212271973466;0.0175513698630137;0.018683274021352312
36.0;0.018876611418047883;0.01652892561983471;0.03443877551020408
37.5;0.037422037422037424;0.017699115044247787;0.041666666666666664
39.0;0.07763401109057301;0.0175513698630137;0.051059730250481696
40.5;0.018470790378006873;0.0470532319391635;0.05060240963855422
42.0;0.053562653562653564;0.018595825426944972;0.01904761904761905
43.5;0.014827018121911038;0.01652892561983471;0.0170487948265726
45.0;0.01824212271973466;0.01824212271973466;0.014827018121911038
46.5;0.018612132352941176;0.06818181818181818;0.017094017094017096
48.0;0.03443877551020408;0.0173841059602649;0.08174097664543525
49.5;0.01824212271973466;0.017373380447585393;0.01567656765676568
51.0;0.014827018121911038;0.0173841059602649;0.01756386861313869
52.5;0.017699115044247787;0.03674948240165632;0.015280135823429542
54.0;0.05432098765432099;0.017699115044247787;0.017094017094017096
55.5;0.040013227513227514;0.0173841059602649;0.03798297314996725
57.0;0.018470790378006873;0.018010291595197254;0.017824497257769654
58.5;0.019142066420664204;0.0161839863713799;0.0425033467202142
60.0;0.01824212271973466;0.01652892561983471;0.014827018121911038
61.5;0.018354055654233276;0.015280135823429542;0.0173841059602649
63.0;0.044811320754716985;0.04990403071017274;0.047619047619047616
64.5;0.01730418943533698;0.01824212271973466;0.03282828282828283
66.0;0.016403046280023436;0.018354055654233276;0.016403046280023436
67.5;0.04315196998123827;0.016638225255972697;0.07977736549165121
69.0;0.07550644567219153;0.03919631093544137;0.0650994575045208
70.5;0.01824212271973466;0.0173841059602649;0.01824212271973466
72.0;0.018026004728132386;0.0189328743545611;0.01652892561983471
73.5;0.07550644567219153;0.017699115044247787;0.017094017094017096
75.0;0.016638225255972697;0.017699115044247787;0.0161839863713799
76.5;0.01567656765676568;0.019408502772643253;0.045928030303030304
78.0;0.018010291595197254;0.0173841059602649;0.020052693208430915
79.5;0.053562653562653564;0.018683274021352312;0.01824212271973466
81.0;0.03798297314996725;0.018010291595197254;0.017094017094017096
82.5;0.015731292517006803;0.01824212271973466;0.019142066420664204
84.0;0.015731292517006803;0.03297872340425532;0.033713054187192115
85.5;0.01567656765676568;0.018026004728132386;0.09115720524017466
87.0;0.017094017094017096;0.016638225255972697;0.018354055654233276
88.5;0.046489563567362426;0.015280135823429542;0.018026004728132386
90.0;0.01567656765676568;0.014827018121911038;0.03646288209606987
91.5;0.041666666666666664;0.03798297314996725;0.01567656765676568
93.0;0.01824212271973466;0.0189328743545611;0.01904761904761905
94.5;0.01652892561983471;0.017373380447585393;0.014827018121911038
96.0;0.01824212271973466;0.0768733850129199;0.06280048076923077
97.5;0.051640926640926635;0.018026004728132386;0.017094017094017096
99.0;0.0173841059602649;0.03511762700306853;0.017094017094017096
100.5;0.0173841059602649;0.0173841059602649;0.017045454545454544
102.0;0.0175513698630137;0.03528138528138528;0.03798297314996725
103.5;0.01567656765676568;0.0175513698630137;0.0161839863713799
105.0;0.01567656765676568;0.018683274021352312;0.017373380447585393
106.5;0.01824212271973466;0.018086080586080584;0.018683274021352312
108.0;0.017699115044247787;0.03736263736263736;0.0161839863713799
109.5;0.01824212271973466;0.0425033467202142;0.04315196998123827
111.0;0.014827018121911038;0.018371212121212118;0.017094017094017096
112.5;0.0175513698630137;0.01567656765676568;0.017094017094017096
114.0;0.05281007751937984;0.018612132352941176;0.018354055654233276
115.5;0.018683274021352312;0.01567656765676568;0.0170487948265726
117.0;0.06921675774134792;0.03297872340425532;0.042924211938296444
118.5;0.017094017094017096;0.04205607476635514;0.018354055654233276
120.0;0.015280135823429542;0.018026004728132386;0.035751028806584366
121.5;0.048187022900763356;0.0547029702970297;0.05408970976253298
123.0;0.03164091243561443;0.0170487948265726;0.018470790378006873
124.5;0.01756386861313869;0.016403046280023436;0.017699115044247787
126.0;0.01824212271973466;0.046489563567362426;0.06818181818181818
127.5;0.018876611418047883;0.01824212271973466;0.0175513698630137
129.0;0.0175513698630137;0.0173841059602649;0.019013666072489603
130.5;0.0175513698630137;0.01652892561983471;0.01672535211267606
132.0;0.018612132352941176;0.01652892561983471;0.03476946334089191
133.5;0.0173841059602649;0.0161839863713799;0.018595825426944972
135.0;0.01834862385321101;0.0175513698630137;0.014827018121911038
136.5;0.04083665338645418;0.038100208768267224;0.03476482617586912
138.0;0.0744485294117647;0.08221574344023323;0.019675925925925927
139.5;0.018010291595197254;0.017094017094017096;0.0391281512605042
141.0;0.018010291595197254;0.0350922131147541;0.041666666666666664
142.5;0.051059730250481696;0.017094017094017096;0.05024038461538461
144.0;0.01567656765676568;0.040424121935056324;0.03530751708428246
145.5;0.041250831669993354;0.018086080586080584;0.01904761904761905
147.0;0.0173841059602649;0.0175513698630137;0.0173841059602649
148.5;0.01824212271973466;0.05048076923076923;0.019598155467720684
150.0;0.0173841059602649;0.0175513698630137;0.0161839863713799
151.5;0.04083665338645418;0.0175513698630137;0.01824212271973466
153.0;0.0173841059602649;0.018470790378006873;0.036165577342047936
154.5;0.018683274021352312;0.03542094455852156;0.018086080586080584
156.0;0.018026004728132386;0.01824212271973466;0.019345238095238096
157.5;0.07550644567219153;0.017924528301886795;0.017699115044247787
159.0;0.0173841059602649;0.0175513698630137;0.03314777327935223
160.5;0.0170487948265726;0.019961612284069098;0.0173841059602649
162.0;0.01652892561983471;0.016638225255972697;0.019961612284069098
163.5;0.0470532319391635;0.018026004728132386;0.03302154195011338
165.0;0.04536862003780718;0.032696390658174104;0.038385826771653545
166.5;0.015280135823429542;0.020052693208430915;0.014827018121911038
168.0;0.05468119451170299;0.018612132352941176;0.03798297314996725
169.5;0.0170487948265726;0.016638225255972697;0.03443877551020408
171.0;0.05822784810126582;0.0175513698630137;0.017373380447585393
172.5;0.0161839863713799;0.015731292517006803;0.0170487948265726
174.0;0.06715063520871144;0.03412017167381975;0.031400240384615384
175.5;0.0173841059602649;0.019142066420664204;0.019013666072489603
177.0;0.06715063520871144;0.017094017094017096;0.06126914660831509
178.5;0.0173841059602649;0.01652892561983471;0.038100208768267224
180.0;0.017094017094017096;0.03758169934640523;0.0161839863713799
181.5;0.01824212271973466;0.01670998886000743;0.018683274021352312
183.0;0.01824212271973466;0.018828686839947737;0.018741633199464522
184.5;0.01824212271973466;0.018413173652694608;0.018991486574983625
186.0;0.01567656765676568;0.018902169101372285;0.016604877438328093
187.5;0.01597712748065927;0.032135306553911204;0.019801980198019802
189.0;0.0175513698630137;0.01950286806883365;0.09218825812712277
190.5;0.018010291595197254;0.017206835592221567;0.03923941604247757
192.0;0.015871286409530037;0.019227738376674547;0.047590481903619274
193.5;0.018026004728132386;0.03530751708428246;0.018289642399202166
195.0;0.01726263871763255;0.033861185983827494;0.019274809160305342
196.5;0.016937514305333027;0.015693855607614614;0.01631977799124773
198.0;0.01597712748065927;0.01730418943533698;0.019801980198019802
199.5;0.08144892908951275;0.016988416988416986;0.05169902912621359
201.0;0.01597712748065927;0.020024461330280005;0.03383297644539615
202.5;0.017094017094017096;0.017695264059591195;0.016805701342467266
204.0;0.01850632726208763;0.01712538226299694;0.05124892334194659
205.5;0.015769487034319674;0.01950286806883365;0.022418478260869564
207.0;0.017094017094017096;0.01840905749154536;0.01939512992144571
208.5;0.07551140668406431;0.04218448318059445;0.019801980198019802
210.0;0.01608187134502924;0.04363822837341547;0.039603960396039604
211.5;0.0175513698630137;0.05021367521367521;0.017462905276233176
213.0;0.01597712748065927;0.017227173994457345;0.019072590504236393
214.5;0.016638225255972697;0.05255978173647889;0.018558172733761598
216.0;0.01865038996269922;0.018494369735444202;0.01749271137026239
217.5;0.016676298192025096;0.019598155467720684;0.01983411467724486
219.0;0.01597712748065927;0.03318419090231171;0.019274809160305342
220.5;0.016676298192025096;0.017824497257769654;0.035751028806584366
222.0;0.017699115044247787;0.01718287488267995;0.01658516707416463
223.5;0.01702553830746119;0.015997007830274378;0.05160534127003176
225.0;0.0161839863713799;0.015095605501509561;0.0779153766769866
226.5;0.0175513698630137;0.01749271137026239;0.020999704229517892
228.0;0.07894736842105263;0.052328064929517304;0.018934077069387194
229.5;0.045928030303030304;0.017887070857162603;0.08082965322522263
231.0;0.015001087035292413;0.016089299461123942;0.019082371238858645
232.5;0.04536862003780718;0.016403046280023436;0.05865857845942544
234.0;0.08175211949939443;0.018595825426944972;0.0562645011600928
235.5;0.017699115044247787;0.018281168036369994;0.053883582627500454
237.0;0.0170487948265726;0.03528138528138528;0.018757134506873722
238.5;0.044197031039136296;0.01747051617707107;0.036297416162726776
240.0;0.015069294547215105;0.03450226244343891;0.017824497257769654
241.5;0.0370850622406639;0.0153103221203973;0.01723920181864107
243.0;0.08118077005759025;0.03646288209606987;0.019274809160305342
244.5;0.0175513698630137;0.018544683857294242;0.053562653562653564
246.0;0.04260299625468165;0.017971946230274694;0.016420118343195265
247.5;0.016863406408094434;0.018354055654233276;0.03297872340425532
249.0;0.018010291595197254;0.018354055654233276;0.048066935949221005
250.5;0.08691206543967281;0.017623877982923447;0.10813363826190715
252.0;0.017754480892796753;0.01488644788002137;0.045636553123800126
253.5;0.016089299461123942;0.017460979111666896;0.018195147960543855
255.0;0.017971946230274694;0.0769478221707521;0.035869565217391305
256.5;0.01583436633020483;0.03718199608610568;0.0740049751243781
258.0;0.018683274021352312;0.01834061135371179;0.036165577342047936
259.5;0.0161839863713799;0.015154962909024714;0.08057063276674761
261.0;0.01842179442537598;0.040013227513227514;0.019276956137024393
262.5;0.017498443680569787;0.020213754646840148;0.03847391108537605
264.0;0.01597712748065927;0.01713180436584692;0.020170703238984535
265.5;0.01597712748065927;0.018086080586080584;0.019192913385826772
267.0;0.018026004728132386;0.05013428827215756;0.04698749526335733
268.5;0.0189328743545611;0.015099040540647314;0.055545266368885494
270.0;0.015280135823429542;0.015770355829979404;0.07954545454545453
271.5;0.017754480892796753;0.042924211938296444;0.020212060967528162
273.0;0.016745540589734254;0.019568415890142226;0.019675925925925927
274.5;0.017547197908565945;0.01770244821092279;0.051597582037996546
276.0;0.01488644788002137;0.05065738592420728;0.03623804463336876
277.5;0.015711796950363736;0.018591897307640156;0.032151143520053035
279.0;0.07077953344664835;0.019173712318264785;0.021589793915603533
280.5;0.015731292517006803;0.03219315895372234;0.04878917378917379
282.0;0.017754480892796753;0.05919408314205562;0.019492894246925876
283.5;0.017754480892796753;0.04516111384649051;0.0226777147841256
285.0;0.017754480892796753;0.016335052812576762;0.0698249227600412
286.5;0.017754480892796753;0.016429426632965278;0.018664807115414978
288.0;0.017754480892796753;0.018143754361479414;0.04880952380952381
289.5;0.017623877982923447;0.018790849673202614;0.021263520157325463
291.0;0.017623877982923447;0.05076947485324449;0.01939954768969023
292.5;0.017623877982923447;0.01648841354723708;0.019679300291545188
294.0;0.014910112661872163;0.035751028806584366;0.019230769230769232
295.5;0.01830736743700201;0.018612132352941176;0.01734599802897381
297.0;0.01830736743700201;0.03379065040650407;0.037760416666666664
298.5;0.014850222990092551;0.017094017094017096;0.020966880341880344
300.0;0.01654477169890474;0.015871286409530037;0.05053598774885145
301.5;0.01654477169890474;0.017824497257769654;0.03287716955941255
303.0;0.01654477169890474;0.01705018909044292;0.01834862385321101
304.5;0.01654477169890474;0.01730418943533698;0.038003142098705235
306.0;0.015684481542853023;0.01882395123700251;0.018876611418047883
307.5;0.0161839863713799;0.017065665405680087;0.020438029874848607
309.0;0.017754480892796753;0.018086080586080584;0.05301047120418849
310.5;0.017754480892796753;0.018470790378006873;0.05301047120418849
312.0;0.017754480892796753;0.0913978494623656;0.03191137566137566
313.5;0.016745540589734254;0.018010291595197254;0.031467557783347255
315.0;0.01836806645203033;0.0350922131147541;0.02096065845643561
316.5;0.01836806645203033;0.01862097440132122;0.022199798183652874
318.0;0.01830736743700201;0.016186448027645652;0.021061269146608316
319.5;0.07203255908705936;0.017095560194501386;0.020625415834996677
321.0;0.01740771421307761;0.016184569421462954;0.019865614957639496
322.5;0.017094017094017096;0.0537280701754386;0.050030506406345335
324.0;0.01850632726208763;0.01999107541276216;0.04382144801306479
325.5;0.0175513698630137;0.01530105103066185;0.04745682160393547
327.0;0.015095605501509561;0.01733025239957341;0.017825311942959002
328.5;0.015095605501509561;0.015202013639811085;0.03639846743295019
330.0;0.0175513698630137;0.01879117923894043;0.021868250539956804
331.5;0.017754480892796753;0.016052757544824884;0.03240740740740741
333.0;0.016745540589734254;0.07857142857142857;0.018882279706736754
334.5;0.017498443680569787;0.08087963227861379;0.062131224923294794
336.0;0.017498443680569787;0.05304329189884269;0.05336832895888013
337.5;0.0175513698630137;0.017699115044247787;0.040742157612853866
339.0;0.016863406408094434;0.0170487948265726;0.01789799878363115
340.5;0.016863406408094434;0.019408502772643253;0.016494412796238356
342.0;0.075255126101145;0.015287493145371624;0.020171743357096563
343.5;0.01663225731761437;0.017100908800752573;0.033547008547008546
345.0;0.01660281557997176;0.01866458752950859;0.017432449259120908
346.5;0.01660281557997176;0.05327214684756584;0.035977859778597784
348.0;0.01660281557997176;0.0470532319391635;0.03567645642753972
349.5;0.01660281557997176;0.018323203432248837;0.020167303885680193
351.0;0.0810404299340659;0.10036678892964322;0.019612377339652706
352.5;0.07203255908705936;0.0161839863713799;0.020330932247625014
354.0;0.07203255908705936;0.01780160609014529;0.020611702127659573
355.5;0.08691206543967281;0.016907964074119174;0.06423396126992491
357.0;0.08691206543967281;0.017015706806282723;0.03167271527548663
358.5;0.01842179442537598;0.01822513964717392;0.020212060967528162
360.0;0.016403046280023436;0.01869087161947359;0.021341090018371096
361.5;0.05412371134020618;0.018683274021352312;0.038995600386307554
363.0;0.08604707891206247;0.01942319011183049;0.05660377358490567
364.5;0.016638225255972697;0.04875717017208413;0.020463960231980115
366.0;0.01865038996269922;0.049227799227799234;0.057380482316026785
367.5;0.015871286409530037;0.01654091700522345;0.016822429906542057
369.0;0.017547197908565945;0.044811320754716985;0.03515657972482485
370.5;0.0720250521920668;0.018470790378006873;0.05925878918644499
372.0;0.018010291595197254;0.015731292517006803;0.03910665451230629
373.5;0.018010291595197254;0.017547197908565945;0.10969579705471356
375.0;0.018010291595197254;0.0161839863713799;0.0476593344613649
376.5;0.01850632726208763;0.017754480892796753;0.018742999278502155
378.0;0.018332165356039182;0.015095605501509561;0.018759141882008775
379.5;0.018332165356039182;0.017699115044247787;0.050482315112540185
381.0;0.017427438387099873;0.039603960396039604;0.052052785923753675
382.5;0.017427438387099873;0.016335052812576762;0.049371434989450375
384.0;0.014844188506303903;0.08866166937257475;0.02019230769230769
385.5;0.014844188506303903;0.015414729630535846;0.032151143520053035
387.0;0.04334677419354839;0.01783664661861255;0.020611702127659573
388.5;0.08508990794115118;0.01865038996269922;0.020931225971806924
390.0;0.015769487034319674;0.017015706806282723;0.018258981444926964
391.5;0.01485852872552252;0.0189328743545611;0.04084164950630973
393.0;0.016557768507871926;0.017754480892796753;0.025278491859468722
394.5;0.08014786536595958;0.01576182136602452;0.03992748496639548
396.0;0.08014786536595958;0.0161839863713799;0.017072676498711366
397.5;0.015687178238012765;0.0161839863713799;0.020152850891101668
399.0;0.015684481542853023;0.041666666666666664;0.01997680431972013
400.5;0.0482897384305835;0.015731292517006803;0.02274594048145574
402.0;0.01784040701566475;0.017699115044247787;0.021450156952367943
403.5;0.01784040701566475;0.018876611418047883;0.036565096952908584
405.0;0.01822513964717392;0.016335052812576762;0.020581655480984343
406.5;0.0175513698630137;0.018010291595197254;0.021686422413793104
408.0;0.014945495799148322;0.018683274021352312;0.08480328179300954
409.5;0.014910112661872163;0.0170487948265726;0.023100945307224844
411.0;0.015724726735506497;0.019139945314441957;0.08919597989949751
412.5;0.015711796950363736;0.017015706806282723;0.019084795346945137
414.0;0.016863406408094434;0.01749271137026239;0.03515625
415.5;0.016863406408094434;0.01848360454802751;0.0496114306694407
417.0;0.08386752136752137;0.018026004728132386;0.02012072434607646
418.5;0.017754480892796753;0.016979552792060267;0.03418935643564356
420.0;0.0170487948265726;0.017094017094017096;0.022580556923245256
421.5;0.015095605501509561;0.017015706806282723;0.083271700811084
423.0;0.038385826771653545;0.03599221789883269;0.033861185983827494
424.5;0.0161839863713799;0.018026004728132386;0.03423033093005676
426.0;0.0175513698630137;0.01771809624494277;0.02132510729613734
427.5;0.016638225255972697;0.01490398320124353;0.03654222727559851
429.0;0.017547197908565945;0.0165975978705743;0.021269296740994856
430.5;0.03379065040650407;0.0165975978705743;0.10469174703882704
432.0;0.019214401225636224;0.015095605501509561;0.041797611565053426
433.5;0.01944439275812664;0.04208416833667335;0.016822429906542057
435.0;0.018612132352941176;0.0175513698630137;0.033547008547008546
436.5;0.015139193690331638;0.0189328743545611;0.01717650438029585
438.0;0.017567282711368357;0.016863406408094434;0.020546979076874854
439.5;0.015280135823429542;0.03718199608610568;0.03469827586206897
441.0;0.016676298192025096;0.016863406408094434;0.019630596654095347
442.5;0.03528138528138528;0.016745540589734254;0.0199770458862268
444.0;0.016089299461123942;0.014910112661872163;0.031952662721893496
445.5;0.01672535211267606;0.018010291595197254;0.0367163252638113
447.0;0.0189328743545611;0.015871286409530037;0.021384021384021387
448.5;0.018010291595197254;0.015001087035292413;0.019659185369908565
450.0;0.018147448015122872;0.01842179442537598;0.0494269340974212
451.5;0.01871479774705581;0.01842179442537598;0.017631453456185837
453.0;0.036415289256198344;0.01663225731761437;0.035578885972586766
454.5;0.01814552172099398;0.07929144968115026;0.03689064558629775
456.0;0.0188212927756654;0.014870091759449306;0.019699862454065815
457.5;0.016371008616320324;0.014870091759449306;0.020142963112819476
459.0;0.01749271137026239;0.014870091759449306;0.0188212927756654
460.5;0.019082371238858645;0.07524981746976427;0.019679300291545188
462.0;0.07182211727666273;0.0161839863713799;0.018550612374571195
463.5;0.018683274021352312;0.017754480892796753;0.036915316416997856
465.0;0.01969053067451237;0.017754480892796753;0.041701835005783235
466.5;0.018876611418047883;0.01842179442537598;0.020171743357096563
468.0;0.017215791035915702;0.017465858520325457;0.019395134779750165
469.5;0.017373380447585393;0.015724726735506497;0.022964840038010772
471.0;0.01702553830746119;0.017679771605305417;0.019524316648917288
472.5;0.03411405295315682;0.017699115044247787;0.06638464041653108
474.0;0.01730418943533698;0.017699115044247787;0.020015737609151447
475.5;0.031578947368421054;0.018010291595197254;0.1664265129682997
477.0;0.05343381912557396;0.017623877982923447;0.020024461330280005
478.5;0.038013537174561206;0.015809071886378992;0.0356286399451867
480.0;0.018543046357615892;0.03758169934640523;0.03486394557823129
481.5;0.03469827586206897;0.015095605501509561;0.019801980198019802
483.0;0.018803418803418803;0.0863169700629799;0.03423626787057938
484.5;0.0161839863713799;0.0863169700629799;0.0388028396256857
486.0;0.015280135823429542;0.0863169700629799;0.03185386473429951
487.5;0.017699115044247787;0.015769487034319674;0.018103614303139243
489.0;0.017824497257769654;0.017465858520325457;0.018784610708007875
490.5;0.01733025239957341;0.019345238095238096;0.018371212121212118
492.0;0.018010291595197254;0.018010291595197254;0.01894057915399829
493.5;0.015280135823429542;0.016863406408094434;0.03436018957345971
495.0;0.01834862385321101;0.01597712748065927;0.020006613756613757
496.5;0.0189328743545611;0.04425612052730697;0.016986420528681198
498.0;0.0189328743545611;0.04875717017208413;0.022843822843822848
499.5;0.0161839863713799;0.08175211949939443;0.01849148418491484
501.0;0.017094017094017096;0.01842179442537598;0.02012072434607646
502.5;0.015731292517006803;0.016863406408094434;0.05786460925833748
504.0;0.017094017094017096;0.016745540589734254;0.02079272254710851
505.5;0.0363872644574399;0.01836806645203033;0.037178265014299335
507.0;0.0189328743545611;0.014870091759449306;0.0744949494949495
508.5;0.015095605501509561;0.014870091759449306;0.05571443236980657
510.0;0.0189328743545611;0.018470790378006873;0.018015282827970547
511.5;0.0189328743545611;0.017754480892796753;0.033445440956651716
513.0;0.017754480892796753;0.015809071886378992;0.03503787878787879
514.5;0.015809071886378992;0.015809071886378992;0.03312144529943125
516.0;0.060275962236746555;0.04083665338645418;0.049554781262098335
517.5;0.016863406408094434;0.017094017094017096;0.03469827586206897
519.0;0.0170487948265726;0.017754480892796753;0.03370786516853933
520.5;0.07425742574257424;0.014945495799148322;0.019260456584515355
522.0;0.015731292517006803;0.014945495799148322;0.04399299091008652
523.5;0.018197573656845753;0.01836806645203033;0.0188212927756654
525.0;0.0175513698630137;0.047619047619047616;0.017465753424657532
526.5;0.017373380447585393;0.0175513698630137;0.018086080586080584
528.0;0.01834862385321101;0.016638225255972697;0.10227904391328514
529.5;0.0153103221203973;0.01865038996269922;0.021191464137522226
531.0;0.018876611418047883;0.01865038996269922;0.01652543644211275
532.5;0.019327580007191657;0.09492273730684328;0.016373664253705622
534.0;0.018624934405591875;0.08048289738430583;0.020170703238984535
535.5;0.018624934405591875;0.05048076923076923;0.01904761904761905
537.0;0.017623877982923447;0.017754480892796753;0.02177154786758127
538.5;0.08431531897602601;0.01850632726208763;0.017613460510396445
540.0;0.01733025239957341;0.01850632726208763;0.015939580943286007
541.5;0.018354055654233276;0.01850632726208763;0.020329437179338813
543.0;0.015280135823429542;0.07922182109907742;0.04819023569023568
544.5;0.08175211949939443;0.032135306553911204;0.017432449259120908
546.0;0.018612132352941176;0.01871479774705581;0.020171743357096563
547.5;0.015033359741139864;0.016403046280023436;0.016280616365024904
549.0;0.018387370467510947;0.016335052812576762;0.019673731176798662
550.5;0.018345227946508485;0.01766843911960692;0.019731800766283527
552.0;0.015095605501509561;0.07245988363220891;0.03443877551020408
553.5;0.0741235580813308;0.017451608467677262;0.019142066420664204
555.0;0.017094017094017096;0.014853302138208221;0.03564698492462312
556.5;0.015225395561747438;0.014853302138208221;0.03601165036249089
558.0;0.045928030303030304;0.016553056202420053;0.053564352967703656
559.5;0.03498920086393088;0.017398827083106926;0.018086080586080584
561.0;0.0177109440267335;0.01825420458465971;0.015861825872400422
562.5;0.018010291595197254;0.01865038996269922;0.038441422594142266
564.0;0.037760416666666664;0.04083665338645418;0.019274809160305342
565.5;0.01726263871763255;0.07884779689979252;0.03334553202563351
567.0;0.017368069472277887;0.0175513698630137;0.01834862385321101
568.5;0.01835078161749423;0.0175513698630137;0.020807540799099605
570.0;0.0425033467202142;0.015871286409530037;0.015874503221158083
571.5;0.01678765880217786;0.01663225731761437;0.03798297314996725
573.0;0.017674869549113806;0.04425612052730697;0.01608187134502924
574.5;0.017699115044247787;0.0189328743545611;0.01845342706502636
576.0;0.019269640210214257;0.015731292517006803;0.019098466389565714
577.5;0.017373380447585393;0.0161839863713799;0.0188993349419069
579.0;0.038100208768267224;0.0175513698630137;0.018683274021352312
580.5;0.017824497257769654;0.018832655731576244;0.03383297644539615
582.0;0.04334677419354839;0.019082371238858645;0.04611450255733378
583.5;0.018876611418047883;0.05432098765432099;0.019673731176798662
585.0;0.08901734104046244;0.019116387223106105;0.01743336060315349
586.5;0.0189328743545611;0.01870993387865249;0.016217490892237868
588.0;0.020484171322160148;0.017510173082932654;0.035751028806584366
589.5;0.04809286898839137;0.0189328743545611;0.018026004728132386
591.0;0.09090446378581973;0.016745540589734254;0.020084566596194505
592.5;0.0162748643761302;0.042924211938296444;0.019112757670751403
594.0;0.018012117242508598;0.015280135823429542;0.020013012589547303
595.5;0.0429281518300949;0.017015706806282723;0.019003158960374685
597.0;0.017110072619036076;0.0189328743545611;0.015009767640465644
598.5;0.0175513698630137;0.01597712748065927;0.01726263871763255
600.0;0.017824497257769654;0.014945495799148322;0.018532729644693425
601.5;0.017391304347826087;0.017045454545454544;0.017698779721152937
603.0;0.01756386861313869;0.0189328743545611;0.04398587970920921
604.5;0.019327580007191657;0.03240740740740741;0.016838000708968452
606.0;0.01665806179880234;0.015861825872400422;0.038441422594142266
607.5;0.017109646505052045;0.0170487948265726;0.031027253668763105
609.0;0.0170487948265726;0.015517241379310345;0.015329448677722997
610.5;0.017094017094017096;0.017679771605305417;0.017916833801310334
612.0;0.0153103221203973;0.018026004728132386;0.06636838180462341
613.5;0.0189328743545611;0.018354055654233276;0.05486947006409254
615.0;0.07371855794208959;0.017699115044247787;0.018876611418047883
616.5;0.019408502772643253;0.01672535211267606;0.018197573656845753
618.0;0.017825311942959002;0.016335052812576762;0.01834862385321101
619.5;0.017824497257769654;0.018026004728132386;0.06823777919432049
621.0;0.01810699588477366;0.016147939745618664;0.017215791035915702
622.5;0.015125554237353003;0.019395134779750165;0.018284611141753997
624.0;0.018683274021352312;0.018969016775117902;0.01762302186780257
625.5;0.0189328743545611;0.053858670546136495;0.015731292517006803
627.0;0.048187022900763356;0.018371212121212118;0.018543046357615892
628.5;0.015095605501509561;0.019179429534916397;0.015040234653904788
630.0;0.018354055654233276;0.01608187134502924;0.016705796196178947
631.5;0.01606832657788072;0.018876611418047883;0.03411405295315682
633.0;0.017699115044247787;0.033547008547008546;0.019179429534916397
634.5;0.05459770114942529;0.018086080586080584;0.017851796249362173
636.0;0.019214401225636224;0.07818802358051505;0.044080514277479145
637.5;0.0170487948265726;0.01882395123700251;0.015225395561747438
639.0;0.015280135823429542;0.019142066420664204;0.018147448015122872
640.5;0.016863406408094434;0.01756386861313869;0.018937370139507272
642.0;0.016638225255972697;0.018643237617094226;0.018876611418047883
643.5;0.01850632726208763;0.01834862385321101;0.09358686936457805
645.0;0.018323203432248837;0.01950286806883365;0.018683274021352312
646.5;0.01740097052096026;0.018914784346170055;0.017368069472277887
648.0;0.018764244776999214;0.01791283562044178;0.018026004728132386
649.5;0.04425612052730697;0.01850632726208763;0.01654091700522345
651.0;0.01597712748065927;0.0170487948265726;0.015163102542134104
652.5;0.0175513698630137;0.019961612284069098;0.015037639142305628
654.0;0.018010291595197254;0.017830478700043915;0.051059730250481696
655.5;0.017373380447585393;0.01939343350027824;0.016638225255972697
657.0;0.017373380447585393;0.01626745210147125;0.03758169934640523
658.5;0.08033826638477802;0.03798297314996725;0.016821418488660245
660.0;0.0161839863713799;0.03469827586206897;0.05604395604395604
661.5;0.01850632726208763;0.01678765880217786;0.040424121935056324
663.0;0.044811320754716985;0.017215791035915702;0.07497467071935159
664.5;0.018543046357615892;0.01645021645021645;0.016937514305333027
666.0;0.01694974204393948;0.03361344537815126;0.05339805825242719
667.5;0.015280135823429542;0.01654091700522345;0.01597712748065927
669.0;0.018803418803418803;0.09411764705882353;0.017094017094017096
670.5;0.015095605501509561;0.01967799642218247;0.01749271137026239
672.0;0.0175513698630137;0.017215791035915702;0.0175513698630137
673.5;0.017045454545454544;0.018026004728132386;0.017373380447585393
675.0;0.01730418943533698;0.01845342706502636;0.04703135423615744
676.5;0.01730418943533698;0.0161839863713799;0.09340659340659341
678.0;0.017699115044247787;0.018086080586080584;0.01865038996269922
679.5;0.018937169700528483;0.01730418943533698;0.0175513698630137
681.0;0.015050831498364467;0.055632785306158186;0.01942319011183049
682.5;0.01597712748065927;0.017971946230274694;0.015188609731168737
684.0;0.018047156089719053;0.016308462709056427;0.018086080586080584
685.5;0.018876611418047883;0.01747700394218134;0.05618208382796091
687.0;0.01783664661861255;0.017971946230274694;0.0175513698630137
688.5;0.01537736404878336;0.015731292517006803;0.017754480892796753
690.0;0.01810895810084204;0.018683274021352312;0.015809071886378992
691.5;0.05545957152729785;0.016937514305333027;0.015743018124095107
693.0;0.01780160609014529;0.033547008547008546;0.0189328743545611
694.5;0.01718287488267995;0.03599221789883269;0.015001087035292413
696.0;0.018612132352941176;0.01749271137026239;0.018332165356039182
697.5;0.016917819729987117;0.016335052812576762;0.0363872644574399
699.0;0.017373380447585393;0.04064736499674691;0.018010291595197254
700.5;0.016348533050547898;0.051640926640926635;0.01865038996269922
702.0;0.015992751525289242;0.046489563567362426;0.015280135823429542
703.5;0.01672535211267606;0.05243902439024391;0.0170487948265726
705.0;0.019192913385826772;0.01757339238794336;0.08431531897602601
706.5;0.015225395561747438;0.018354055654233276;0.018010291595197254
708.0;0.018010291595197254;0.017824497257769654;0.01783664661861255
709.5;0.034408602150537634;0.03674948240165632;0.01783664661861255
711.0;0.019050942079553383;0.01648282717157388;0.017515962224757837
712.5;0.018026004728132386;0.018497117972856802;0.017515962224757837
714.0;0.018010291595197254;0.04344391785150079;0.054818744473916894
715.5;0.09087154068566708;0.016242522094412855;0.018086080586080584
717.0;0.0189328743545611;0.0161839863713799;0.01874107841782935
718.5;0.0189328743545611;0.017699115044247787;0.015907416444202047
720.0;0.015280135823429542;0.018610244807272875;0.014922830014276238
721.5;0.07796881247500999;0.016403046280023436;0.03919631093544137
723.0;0.018937169700528483;0.017094017094017096;0.017094017094017096
724.5;0.016821418488660245;0.03879907621247114;0.0334685598377282
726.0;0.017195007430504273;0.017121863302370723;0.015109552273918112
727.5;0.01756407358266513;0.0176170149769301;0.04425612052730697
729.0;0.017094017094017096;0.018683274021352312;0.01756386861313869
730.5;0.04425612052730697;0.017824497257769654;0.01814552172099398
732.0;0.01597712748065927;0.02152917505030181;0.01654091700522345
733.5;0.04434697855750488;0.052068126520681254;0.05422579136129736
735.0;0.018582093618876354;0.03846660085554459;0.017094017094017096
736.5;0.01865038996269922;0.03766519823788547;0.014945495799148322
738.0;0.017699115044247787;0.01999107541276216;0.018010291595197254
739.5;0.01608187134502924;0.020061815116605788;0.04425612052730697
741.0;0.08116577875274208;0.0416511496287025;0.01672535211267606
742.5;0.0175513698630137;0.0395185746777862;0.017094017094017096
744.0;0.019013666072489603;0.019274809160305342;0.016863406408094434
745.5;0.019675925925925927;0.01730418943533698;0.017699115044247787
747.0;0.08551574830644597;0.017176963732458538;0.018354055654233276
748.5;0.015985839376975106;0.018595825426944972;0.016081348496769426
750.0;0.045928030303030304;0.016403046280023436;0.015731292517006803
751.5;0.044811320754716985;0.016335052812576762;0.08265594250021391
753.0;0.016638225255972697;0.019142066420664204;0.016897746967071057
754.5;0.07303592577970786;0.0391281512605042;0.018683274021352312
756.0;0.018026004728132386;0.01859550135032835;0.06325301204819277
757.5;0.016897746967071057;0.01882760861408327;0.017215791035915702
759.0;0.017373380447585393;0.08221574344023323;0.016242522094412855
760.5;0.03411405295315682;0.020765472312703582;0.019142066420664204
762.0;0.01710322537202882;0.01643649469621899;0.019327580007191657
763.5;0.018323203432248837;0.03865760407816483;0.08334541424645707
765.0;0.0350922131147541;0.03318419090231171;0.015597920277296359
766.5;0.020212060967528162;0.018969902126199548;0.017934291168491913
768.0;0.01862097440132122;0.019142066420664204;0.01904761904761905
769.5;0.017615389503562125;0.03324142156862745;0.08940003833620853
771.0;0.03379065040650407;0.04538183567252905;0.019731800766283527
772.5;0.019214401225636224;0.043284066915705695;0.01862097440132122
774.0;0.01729459580919646;0.01672535211267606;0.018026004728132386
775.5;0.015146687254752551;0.017934291168491913;0.01834862385321101
777.0;0.019082371238858645;0.017373380447585393;0.04435427540925312
778.5;0.016335052812576762;0.04875717017208413;0.03498920086393088
780.0;0.017094017094017096;0.05460472697636511;0.03620322482506845
781.5;0.015095605501509561;0.01744226258967926;0.018559977888336097
783.0;0.05459770114942529;0.01950286806883365;0.019274809160305342
784.5;0.01834061135371179;0.019263204616067467;0.018130085072447438
786.0;0.05376344086021505;0.036165577342047936;0.01820911104051468
787.5;0.017961645808949312;0.01765330501725511;0.039473684210526314
789.0;0.015731292517006803;0.02041832669322709;0.04334677419354839
790.5;0.0175513698630137;0.018330819166426548;0.03476482617586912
792.0;0.051640926640926635;0.018612132352941176;0.017065665405680087
793.5;0.015001087035292413;0.018741633199464522;0.01929282065071256
795.0;0.016638225255972697;0.01756386861313869;0.02128445581131003
796.5;0.01654091700522345;0.01726263871763255;0.018588241489165633
798.0;0.016807551075732556;0.015024970979036621;0.0528117359413203
799.5;0.016863406408094434;0.018543046357615892;0.020949280688858554
801.0;0.01842179442537598;0.01749271137026239;0.047791999252274446
802.5;0.01660281557997176;0.018197573656845753;0.04421768707482994
804.0;0.018354055654233276;0.05501152073732719;0.019139945314441957
805.5;0.04434697855750488;0.0170487948265726;0.02005516505027138
807.0;0.016403046280023436;0.040424121935056324;0.0744949494949495
808.5;0.017094017094017096;0.017373380447585393;0.03312144529943125
810.0;0.017373380447585393;0.018543046357615892;0.020167303885680193
811.5;0.018010291595197254;0.033861185983827494;0.03463203463203463
813.0;0.017373380447585393;0.016891979968288656;0.060833953834698445
814.5;0.0189328743545611;0.018010291595197254;0.03476946334089191
816.0;0.01597712748065927;0.01749271137026239;0.018612132352941176
817.5;0.014945495799148322;0.01845342706502636;0.022122793934874475
819.0;0.017465858520325457;0.018612132352941176;0.018326391518364255
820.5;0.017623877982923447;0.019944341372912802;0.020833333333333332
822.0;0.0161839863713799;0.017699115044247787;0.018086080586080584
823.5;0.04990403071017274;0.0161839863713799;0.020966880341880344
825.0;0.0552187093980078;0.017674869549113806;0.020618556701030927
826.5;0.01845400161997053;0.04236010125491464;0.019598155467720684
828.0;0.0189328743545611;0.017949831857490783;0.04728260869565217
829.5;0.015280135823429542;0.058823529411764705;0.02231160832128716
831.0;0.07922182109907742;0.04720133667502088;0.020220340917025587
832.5;0.0170487948265726;0.018876611418047883;0.04314115308151094
834.0;0.017754480892796753;0.018026004728132386;0.020329437179338813
835.5;0.0161839863713799;0.015414729630535846;0.017641975965562398
837.0;0.0334685598377282;0.019142066420664204;0.01992774510934317
838.5;0.01730418943533698;0.018683274021352312;0.03879907621247114
840.0;0.015154962909024714;0.020024461330280005;0.05021367521367521
841.5;0.016785765670711238;0.018683274021352312;0.01720435937754162
843.0;0.01654091700522345;0.017824497257769654;0.06261048909840897
844.5;0.017015706806282723;0.03555126968820316;0.01770244821092279
846.0;0.019675925925925927;0.017045454545454544;0.022789301310043666
847.5;0.015414729630535846;0.048642843194688534;0.04194335833173087
849.0;0.015731292517006803;0.03326226012793177;0.032151143520053035
850.5;0.015871286409530037;0.019805455274769356;0.017892199487273993
852.0;0.01488644788002137;0.01810699588477366;0.024760765550239233
853.5;0.017094017094017096;0.01882395123700251;0.020296181906374045
855.0;0.0161839863713799;0.019020693899530733;0.03765137029955386
856.5;0.014945495799148322;0.04314890102909414;0.016287925022952697
858.0;0.018332165356039182;0.017094017094017096;0.04902945113788488
859.5;0.016582472972657695;0.017824497257769654;0.0184946522287916
861.0;0.01570251018973342;0.01819363222871995;0.01934022113467464
862.5;0.01826142579350741;0.031198686371100164;0.0532916513424053
864.0;0.07782848405876135;0.020454508055093877;0.05121664050235479
865.5;0.01904761904761905;0.019276956137024393;0.098270158885093
867.0;0.05346127484578478;0.03411405295315682;0.018012117242508598
868.5;0.018753527560063075;0.04344391785150079;0.019673731176798662
870.0;0.037760416666666664;0.020006613756613757;0.018612132352941176
871.5;0.017122114923635367;0.019397273031533303;0.016267481785445105
873.0;0.017679771605305417;0.018876611418047883;0.016089299461123942
874.5;0.046489563567362426;0.06057007125890736;0.017373380447585393
876.0;0.01842179442537598;0.01675203627508607;0.04614566719829879
877.5;0.014910112661872163;0.019679300291545188;0.05862944162436549
879.0;0.017623877982923447;0.03498435360844905;0.01904761904761905
880.5;0.01862097440132122;0.01944641506367684;0.034866898148148154
882.0;0.03423626787057938;0.0161839863713799;0.05077498663816143
883.5;0.018683274021352312;0.015280135823429542;0.04943725039331963
885.0;0.018683274021352312;0.01865038996269922;0.01941684776984373
886.5;0.01702553830746119;0.03718199608610568;0.016060212617091757
888.0;0.016403046280023436;0.020006613756613757;0.035869565217391305
889.5;0.04382508493572904;0.018010291595197254;0.03960778258184064
891.0;0.03718199608610568;0.017596390484003282;0.03586851434096037
892.5;0.01822513964717392;0.018185821224130337;0.034776511593078194
894.0;0.05054029960532575;0.019142066420664204;0.05582178959191313
895.5;0.0170487948265726;0.05035740778204869;0.056256733877174094
897.0;0.01597712748065927;0.017596390484003282;0.03585049580472921
898.5;0.015871286409530037;0.05222437137330754;0.035869565217391305
900.0;0.0175513698630137;0.01784040701566475;0.01819154628143392
901.5;0.01865038996269922;0.018122434188009157;0.04785894206549119
903.0;0.016638225255972697;0.0161839863713799;0.019598155467720684
904.5;0.016676298192025096;0.08904109589041097;0.019180588061227237
906.0;0.017699115044247787;0.03879026955950033;0.017596390484003282
907.5;0.017883272962794156;0.07007575757575758;0.021816629845350474
909.0;0.015926980240613186;0.07304526748971192;0.019152724169315936
910.5;0.08458244111349036;0.0186670525488899;0.0680717054263566
912.0;0.01865038996269922;0.03664340101522842;0.01941166768700922
913.5;0.015871286409530037;0.03948242207151913;0.019274809160305342
915.0;0.0161839863713799;0.015318257069991828;0.021966527196652718
916.5;0.01865038996269922;0.01756386861313869;0.019679300291545188
918.0;0.014945495799148322;0.03530751708428246;0.023473774720550303
919.5;0.015769487034319674;0.019801980198019802;0.05061191292805131
921.0;0.016863406408094434;0.06103286384976525;0.01670465646369261
922.5;0.01842179442537598;0.017830478700043915;0.058970856102003644
924.0;0.01713180436584692;0.050211416490486264;0.06272560816113001
925.5;0.0161839863713799;0.083029034556466;0.03162650602409638
927.0;0.015871286409530037;0.036783854166666664;0.032311893203883495
928.5;0.07796881247500999;0.01834061135371179;0.01762329900833468
930.0;0.019408502772643253;0.036165577342047936;0.040308087291399224
931.5;0.015154962909024714;0.019738440359543283;0.051523297491039434
933.0;0.015831002263857863;0.10038896334951417;0.05301047120418849
934.5;0.08048289738430583;0.03758169934640523;0.03436018957345971
936.0;0.09492273730684328;0.03879907621247114;0.04636260836788542
937.5;0.016403046280023436;0.019801261306115675;0.0796680497925311
939.0;0.01672535211267606;0.017390640243602;0.07462759862497956
940.5;0.018470790378006873;0.019408502772643253;0.037037037037037035
942.0;0.057962529274004686;0.015597920277296359;0.018015516598949087
943.5;0.016293098349991132;0.01918932786044125;0.02098087213936013
945.0;0.017567282711368357;0.01865038996269922;0.021384021384021387
946.5;0.01597712748065927;0.044811320754716985;0.031435154707044104
948.0;0.016676298192025096;0.0544885627967199;0.021288014311270125
949.5;0.015280135823429542;0.10946621671552084;0.039981596503335645
951.0;0.05281007751937984;0.037422037422037424;0.0370014127649573
952.5;0.017094017094017096;0.01847256430674642;0.02050355897901966
954.0;0.043703007518796994;0.01858466597037225;0.03325158823642999
955.5;0.04990403071017274;0.01730418943533698;0.023473774720550303
957.0;0.015871286409530037;0.05014426118217024;0.15876988480526608
958.5;0.018010291595197254;0.0161839863713799;0.028798513625103214
960.0;0.04536862003780718;0.016293098349991132;0.034611469290804206
961.5;0.08302956662616444;0.015539161827028724;0.03162650602409638
963.0;0.05613305613305613;0.017699115044247787;0.032151143520053035
964.5;0.01771809624494277;0.04425612052730697;0.01859099804305284
966.0;0.016863406408094434;0.017094017094017096;0.016962900268020876
967.5;0.015769487034319674;0.017089125102207687;0.03167271527548663
969.0;0.015769487034319674;0.017089125102207687;0.021082472950555847
970.5;0.015743018124095107;0.040424121935056324;0.03185654008438818
972.0;0.018010291595197254;0.07303592577970786;0.018991486574983625
973.5;0.01597712748065927;0.018612132352941176;0.019379194630872485
975.0;0.015731292517006803;0.01672239597595953;0.019865614957639496
976.5;0.01865038996269922;0.016638225255972697;0.01904761904761905
978.0;0.01865038996269922;0.0189328743545611;0.05062861026163779
979.5;0.01865038996269922;0.03251008064516129;0.020714479760934528
981.0;0.07668608086435384;0.018026004728132386;0.03673629135253162
982.5;0.07668608086435384;0.015280135823429542;0.04771968854282537
984.0;0.01865038996269922;0.07786711807024968;0.03162650602409638
985.5;0.017623877982923447;0.01537736404878336;0.10240115337016294
987.0;0.017623877982923447;0.018699545475974563;0.0418484435355601
988.5;0.019013666072489603;0.0161839863713799;0.02080873671782763
990.0;0.01865038996269922;0.016676298192025096;0.020006613756613757
991.5;0.01865038996269922;0.01712538226299694;0.017587290653119217
993.0;0.015871286409530037;0.015366685119897437;0.034797123780174626
994.5;0.015871286409530037;0.016638225255972697;0.023024296114375932
996.0;0.016676298192025096;0.034408602150537634;0.0390376660134988
997.5;0.015769487034319674;0.016371008616320324;0.018526095744941642
999.0;0.06626088925009356;0.04892400806993947;0.021524122525483348
1000.5;0.014870091759449306;0.01879117923894043;0.01762257761589027
1002.0;0.014850222990092551;0.015050831498364467;0.04595660749506903
1003.5;0.014850222990092551;0.019675925925925927;0.034110097939885176
1005.0;0.01740771421307761;0.018612132352941176;0.03324142156862745
1006.5;0.0175513698630137;0.019527766042341455;0.03689064558629775
1008.0;0.0175513698630137;0.017596390484003282;0.03854085389548116
1009.5;0.01597712748065927;0.01862923806051768;0.08137775120838975
1011.0;0.01597712748065927;0.017094017094017096;0.06902356902356901
1012.5;0.016745540589734254;0.017094017094017096;0.03463203463203463
1014.0;0.01865038996269922;0.05099700897308076;0.05532043250266834
1015.5;0.01865038996269922;0.017206835592221567;0.03510298810559907
1017.0;0.0175513698630137;0.03412017167381975;0.03257191201353638
1018.5;0.0175513698630137;0.0528117359413203;0.036859278971044795
1020.0;0.017094017094017096;0.016733260517911214;0.03438450274600922
1021.5;0.01597712748065927;0.016640175376791293;0.01881543386998441
1023.0;0.08755082619603771;0.017934291168491913;0.03324874527716686
1024.5;0.08755082619603771;0.01537736404878336;0.04809286898839137
1026.0;0.014945495799148322;0.018354055654233276;0.03570072761784245
1027.5;0.07061592781482934;0.05459770114942529;0.024175579322638144
1029.0;0.017094017094017096;0.04627766599597585;0.04194393962554704
1030.5;0.016403046280023436;0.018683274021352312;0.019747513758810467
1032.0;0.07303592577970786;0.0189328743545611;0.019274809160305342
1033.5;0.01865038996269922;0.0189328743545611;0.033861185983827494
1035.0;0.014910112661872163;0.05278552785527855;0.01863154513331192
1036.5;0.018332165356039182;0.037037037037037035;0.03745290128108515
1038.0;0.07446218085988703;0.07802111849824012;0.022975929978118162
1039.5;0.016557768507871926;0.01583436633020483;0.018347561192338487
1041.0;0.070642658041859;0.018443932541639993;0.02041832669322709
1042.5;0.049329501915708805;0.014874579685201417;0.01950286806883365
1044.0;0.016745540589734254;0.06057007125890736;0.020167303885680193
1045.5;0.07883717752634664;0.0161839863713799;0.052389705882352935
1047.0;0.08602150537634409;0.03326226012793177;0.01877173892825921
1048.5;0.017754480892796753;0.015283064065369568;0.08145792563600782
1050.0;0.017754480892796753;0.015809601551361938;0.021330517423442448
1051.5;0.015001087035292413;0.01672535211267606;0.01937402123160637
1053.0;0.0470532319391635;0.01882395123700251;0.021868250539956804
1054.5;0.015731292517006803;0.04795138234581527;0.02044837483515631
1056.0;0.017754480892796753;0.016403046280023436;0.02250453720508167
1057.5;0.06430155210643015;0.015414729630535846;0.02128614806567797
1059.0;0.017754480892796753;0.01861305152546421;0.02051279449574075
1060.5;0.015871286409530037;0.017094017094017096;0.01897997388582126
1062.0;0.016676298192025096;0.04315196998123827;0.04070160568137906
1063.5;0.017498443680569787;0.09069767441860466;0.03167271527548663
1065.0;0.0829083213135849;0.0170487948265726;0.01761006289308176
1066.5;0.015280135823429542;0.017015706806282723;0.02080873671782763
1068.0;0.018010291595197254;0.015414729630535846;0.03378016085790885
1069.5;0.015871286409530037;0.016863406408094434;0.03540100250626566
1071.0;0.016863406408094434;0.018354055654233276;0.019670854835781303
1072.5;0.01865038996269922;0.015280135823429542;0.01982057751611999
1074.0;0.01850632726208763;0.016745540589734254;0.022122793934874475
1075.5;0.09115720524017466;0.018086080586080584;0.018741633199464522
1077.0;0.09115720524017466;0.016025963289428118;0.03038573508005822
1078.5;0.017094017094017096;0.05215419501133787;0.03675071360608943
1080.0;0.08216097234185091;0.0188212927756654;0.01818840910885001
1081.5;0.08216097234185091;0.018612132352941176;0.01916033943724877
1083.0;0.07929144968115026;0.01862097440132122;0.03614457831325302
1084.5;0.0175513698630137;0.015280135823429542;0.03370786516853933
1086.0;0.01597712748065927;0.015001087035292413;0.049459684123025774
1087.5;0.017971946230274694;0.04536862003780718;0.022946315226832367
1089.0;0.018582093618876354;0.01845342706502636;0.08206029055504002
1090.5;0.0425033467202142;0.017971946230274694;0.07651821862348178
1092.0;0.015731292517006803;0.018848906360245943;0.060860484544695066
1093.5;0.0161839863713799;0.015069294547215105;0.020017175312320033
1095.0;0.015731292517006803;0.01929824561403509;0.019395134779750165
1096.5;0.017699115044247787;0.017971946230274694;0.016822429906542057
1098.0;0.015280135823429542;0.07279693486590039;0.10685514515883875
1099.5;0.0161839863713799;0.015871286409530037;0.018978034547895095
1101.0;0.0470532319391635;0.045928030303030304;0.08366993652625505
1102.5;0.017094017094017096;0.017094017094017096;0.026157981803143087
1104.0;0.08560945780676722;0.018470790378006873;0.02245989304812834
1105.5;0.018470790378006873;0.0175513698630137;0.021374981375654252
1107.0;0.017623877982923447;0.016838000708968452;0.019395134779750165
1108.5;0.017623877982923447;0.08464104362553856;0.019589314919135018
1110.0;0.06780848193311179;0.04481279201517525;0.020999704229517892
1111.5;0.016638225255972697;0.036783854166666664;0.03888888888888889
1113.0;0.017094017094017096;0.017094017094017096;0.11765597265556826
1114.5;0.04536862003780718;0.05304329189884269;0.02373247033441208
1116.0;0.08175211949939443;0.01705018909044292;0.05689156960103844
1117.5;0.04536862003780718;0.015958442650909548;0.01847004318714834
1119.0;0.01749271137026239;0.07061592781482934;0.06818181818181818
1120.5;0.016807551075732556;0.018010291595197254;0.05702000373901664
1122.0;0.0170487948265726;0.07796881247500999;0.01949374454466104
1123.5;0.017094017094017096;0.018470790378006873;0.01985722811366662
1125.0;0.018010291595197254;0.018010291595197254;0.019839679358717437
1126.5;0.040424121935056324;0.0482897384305835;0.023702830188679247
1128.0;0.018010291595197254;0.018610244807272875;0.019961612284069098
1129.5;0.0189328743545611;0.014936197678611653;0.13074712643678163
1131.0;0.07796881247500999;0.016624630520743856;0.03538251366120218
1132.5;0.015280135823429542;0.017094017094017096;0.03642184868275445
1134.0;0.01865038996269922;0.017094017094017096;0.038325693244157216
1135.5;0.018470790378006873;0.015095605501509561;0.07550200803212853
1137.0;0.0175513698630137;0.01608187134502924;0.03680555555555556
1138.5;0.018683274021352312;0.01597712748065927;0.0215525648527404
1140.0;0.015095605501509561;0.01597712748065927;0.05702000373901664
1141.5;0.01672535211267606;0.015809071886378992;0.020259533898305086
1143.0;0.01897923971725942;0.01660281557997176;0.09860785095295037
1144.5;0.01581441031817882;0.01660281557997176;0.033713054187192115
1146.0;0.019139945314441957;0.0161839863713799;0.020514636449480643
1147.5;0.015831002263857863;0.015095605501509561;0.03537252221462748
1149.0;0.018354055654233276;0.017547197908565945;0.019805455274769356
1150.5;0.017754480892796753;0.01663225731761437;0.036964738810850405
1152.0;0.015414729630535846;0.018289844042285466;0.04878917378917379
1153.5;0.018683274021352312;0.017401635028469288;0.01736980351299397
1155.0;0.0161839863713799;0.017401635028469288;0.053459119496855355
1156.5;0.019524316648917288;0.017401635028469288;0.10611076625974206
1158.0;0.017830478700043915;0.017397154861764727;0.043822553897180754
1159.5;0.017410341481030083;0.044811320754716985;0.06592084971107053
1161.0;0.017094017094017096;0.047619047619047616;0.050646708327278016
1162.5;0.018612132352941176;0.018010291595197254;0.020514636449480643
1164.0;0.015287493145371624;0.018010291595197254;0.021369102682701202
1165.5;0.019139945314441957;0.017094017094017096;0.045971410006497716
1167.0;0.01718287488267995;0.017623877982923447;0.019865614957639496
1168.5;0.015119469629254152;0.08530042918454936;0.01845342706502636
1170.0;0.016638225255972697;0.019944341372912802;0.033934707903780066
1171.5;0.016429426632965278;0.016937514305333027;0.019584588134522442
1173.0;0.040266060999351067;0.016937514305333027;0.050030506406345335
1174.5;0.01662233850682237;0.016937514305333027;0.041377966395288415
1176.0;0.01783664661861255;0.0175513698630137;0.03528138528138528
1177.5;0.05613305613305613;0.04536862003780718;0.020213754646840148
1179.0;0.049561699258260275;0.018010291595197254;0.019395134779750165
1180.5;0.017094017094017096;0.01597712748065927;0.03698728282285509
1182.0;0.04953231292517008;0.015095605501509561;0.018185821224130337
1183.5;0.01783664661861255;0.015809071886378992;0.0170973696354407
1185.0;0.018470790378006873;0.017373380447585393;0.044540886249428965
1186.5;0.01834061135371179;0.015095605501509561;0.06214423495149303
1188.0;0.018761128291631523;0.015095605501509561;0.020212060967528162
1189.5;0.01767793611602543;0.019138359569179784;0.05013428827215756
1191.0;0.01839134830036654;0.019138359569179784;0.018991486574983625
1192.5;0.015001087035292413;0.016022517410942752;0.020864725446277065
1194.0;0.015001087035292413;0.018470790378006873;0.018902169101372285
1195.5;0.017498443680569787;0.043703007518796994;0.06836813611755606
1197.0;0.014870091759449306;0.06794294294294294;0.020192168761739633
1198.5;0.014870091759449306;0.017015706806282723;0.01712993887276667
1200.0;0.018876611418047883;0.05344752424891924;0.01733025239957341
1201.5;0.019139945314441957;0.081305715821333;0.01950286806883365
1203.0;0.05035740778204869;0.018455454986527415;0.01747700394218134
1204.5;0.017814806907942786;0.016614895233859124;0.01950286806883365
1206.0;0.040424121935056324;0.07754679163397198;0.019008640291041382
1207.5;0.05048076923076923;0.018026004728132386;0.01958413926499033
1209.0;0.047619047619047616;0.01845342706502636;0.018876611418047883
1210.5;0.0175513698630137;0.01822513964717392;0.019598155467720684
1212.0;0.01865038996269922;0.03718199608610568;0.01723920181864107
1213.5;0.01836806645203033;0.01771809624494277;0.060032275416890796
1215.0;0.03798297314996725;0.04536862003780718;0.0352222456288182
1216.5;0.017699115044247787;0.017094017094017096;0.04131935631250317
1218.0;0.015225395561747438;0.017699115044247787;0.03353995010960768
1219.5;0.018314772574802095;0.09041394335511982;0.019192913385826772
1221.0;0.08954302181967888;0.018010291595197254;0.05787938340600626
1222.5;0.015731292517006803;0.08144892908951275;0.039115646258503396
1224.0;0.07425742574257424;0.014945495799148322;0.03654582964927793
1225.5;0.07425742574257424;0.017094017094017096;0.01638985451268186
1227.0;0.0189328743545611;0.043703007518796994;0.019345238095238096
1228.5;0.0175513698630137;0.07182211727666273;0.019580419580419582
1230.0;0.018010291595197254;0.016638225255972697;0.04269527788327637
1231.5;0.018010291595197254;0.016745540589734254;0.0170487948265726
1233.0;0.01576182136602452;0.016676298192025096;0.03747959516813581
1234.5;0.05412371134020618;0.01608187134502924;0.03376056241072504
1236.0;0.017699115044247787;0.017094017094017096;0.016280415886091536
1237.5;0.017094017094017096;0.01850632726208763;0.018086080586080584
1239.0;0.01865038996269922;0.01874107841782935;0.01747700394218134
1240.5;0.0541357901061486;0.0175513698630137;0.01900256574727389
1242.0;0.08051209775839127;0.01865038996269922;0.017924528301886795
1243.5;0.018010291595197254;0.017547197908565945;0.01808662541646835
1245.0;0.01672535211267606;0.01597712748065927;0.018790849673202614
1246.5;0.016863406408094434;0.01597712748065927;0.01827432697825444
1248.0;0.018086080586080584;0.05339805825242719;0.021462105969148222
1249.5;0.01718287488267995;0.016863406408094434;0.04356556542975375
1251.0;0.014956349311882165;0.018470790378006873;0.036266248691790806
1252.5;0.03982067510548524;0.01672535211267606;0.018953440461475072
1254.0;0.017094017094017096;0.0175513698630137;0.016348533050547898
1255.5;0.0161839863713799;0.01612259159428971;0.018086080586080584
1257.0;0.015001087035292413;0.016638225255972697;0.01822145094387539
1258.5;0.015517241379310345;0.017094017094017096;0.01950286806883365
1260.0;0.015399445716351367;0.018026004728132386;0.01834862385321101
1261.5;0.05084745762711864;0.017699115044247787;0.051331719128329296
1263.0;0.0161839863713799;0.016638225255972697;0.020999704229517892
1264.5;0.05048076923076923;0.050211416490486264;0.020415399043850216
1266.0;0.041901692183722805;0.018612132352941176;0.019598155467720684
1267.5;0.016838000708968452;0.015245106155354892;0.018912193387842162
1269.0;0.01849524044069107;0.01761087565350941;0.020567784372156696
1270.5;0.018612132352941176;0.017015706806282723;0.01686124363389368
1272.0;0.038100208768267224;0.020006613756613757;0.016142259250864367
1273.5;0.01810895810084204;0.08371506340038506;0.019142066420664204
1275.0;0.019142066420664204;0.018941328903879267;0.054844281867601485
1276.5;0.019013666072489603;0.019675925925925927;0.018086080586080584
1278.0;0.01733025239957341;0.017825311942959002;0.017959282598158023
1279.5;0.01672535211267606;0.04316898520551402;0.07037815126050419
1281.0;0.016745540589734254;0.01714665640200161;0.01834862385321101
1282.5;0.018197573656845753;0.0425033467202142;0.035869565217391305
1284.0;0.017799021627615652;0.03383297644539615;0.03542094455852156
1285.5;0.018848906360245943;0.05120698091665307;0.018086080586080584
1287.0;0.015154962909024714;0.01784040701566475;0.032135306553911204
1288.5;0.03469827586206897;0.1258366800535475;0.04236010125491464
1290.0;0.016317890407644853;0.0189654896820703;0.02019230769230769
1291.5;0.03411405295315682;0.019022538586835627;0.01904761904761905
1293.0;0.052315093205051115;0.01537736404878336;0.036415289256198344
1294.5;0.015861825872400422;0.018010291595197254;0.01929824561403509
1296.0;0.01932409162854608;0.04565793834935366;0.018242207460398566
1297.5;0.016335052812576762;0.07922182109907742;0.035977859778597784
1299.0;0.01874107841782935;0.03282828282828283;0.018354055654233276
1300.5;0.020006613756613757;0.01713180436584692;0.018848906360245943
1302.0;0.016217853406024562;0.017754480892796753;0.051640926640926635
1303.5;0.01749271137026239;0.015414729630535846;0.018052243358660087
1305.0;0.05681028492008339;0.017699115044247787;0.08070445140965953
1306.5;0.018470790378006873;0.017825311942959002;0.01983411467724486
1308.0;0.047619047619047616;0.056249999999999994;0.015202013639811085
1309.5;0.016217853406024562;0.018773763176467912;0.017825311942959002
1311.0;0.017699115044247787;0.015597920277296359;0.018371212121212118
1312.5;0.05281007751937984;0.015414729630535846;0.019079345850999394
1314.0;0.015001087035292413;0.019408502772643253;0.03758169934640523
1315.5;0.06888939767675939;0.018026004728132386;0.020765472312703582
1317.0;0.015280135823429542;0.018143754361479414;0.01656805554913054
1318.5;0.04516876240900066;0.017923531483583142;0.01645021645021645
1320.0;0.015095605501509561;0.04646503015051517;0.016281110168747993
1321.5;0.037760416666666664;0.017481694502549227;0.01654091700522345
1323.0;0.041666666666666664;0.016838000708968452;0.017699115044247787
1324.5;0.09284897751809985;0.017114956021708434;0.03263403263403263
1326.0;0.05394088669950739;0.016335052812576762;0.018876611418047883
1327.5;0.01658516707416463;0.017373380447585393;0.016448125143777317
1329.0;0.018197573656845753;0.01929282065071256;0.016995881823111084
1330.5;0.01535109722361575;0.018423701999137062;0.0470532319391635
1332.0;0.08883282246020491;0.03511762700306853;0.01942319011183049
1333.5;0.0175513698630137;0.01871004641962201;0.019659185369908565
1335.0;0.0175513698630137;0.01757849219778154;0.018014359856939253
1336.5;0.015517241379310345;0.07307817009353157;0.018010291595197254
1338.0;0.01865038996269922;0.020006613756613757;0.016863406408094434
1339.5;0.017596390484003282;0.01765664614270192;0.01865038996269922
1341.0;0.07622611718803374;0.01733025239957341;0.018026004728132386
1342.5;0.018937169700528483;0.018197573656845753;0.018010291595197254
1344.0;0.01756386861313869;0.019274809160305342;0.019395134779750165
1345.5;0.05669428696031399;0.019071369196057474;0.1006049447659127
1347.0;0.09120558397946445;0.04990403071017274;0.017316539102834528
1348.5;0.038100208768267224;0.01733025239957341;0.019598155467720684
1350.0;0.016917819729987117;0.015078924549103066;0.020484171322160148
1351.5;0.01749271137026239;0.016733801551333694;0.01718287488267995
1353.0;0.019944341372912802;0.015731292517006803;0.039603960396039604
1354.5;0.017645059094131093;0.018470790378006873;0.0170487948265726
1356.0;0.018683274021352312;0.0170487948265726;0.016863406408094434
1357.5;0.018832655731576244;0.017373380447585393;0.017094017094017096
1359.0;0.0690963922284155;0.04083665338645418;0.08454106280193238
1360.5;0.016863406408094434;0.04875717017208413;0.10044615370042342
1362.0;0.018086080586080584;0.015280135823429542;0.01862097440132122
1363.5;0.05972847591758767;0.016863406408094434;0.07498780289477963
1365.0;0.015654541329501625;0.017094017094017096;0.017754480892796753
1366.5;0.015280135823429542;0.017754480892796753;0.01865038996269922
1368.0;0.018323203432248837;0.015809071886378992;0.017373380447585393
1369.5;0.03674948240165632;0.04536862003780718;0.016897746967071057
1371.0;0.01811216999012306;0.015963095712199653;0.014975431187270396
1372.5;0.01726263871763255;0.016979552792060267;0.017699115044247787
1374.0;0.018026004728132386;0.015731292517006803;0.017934291168491913
1375.5;0.01784040701566475;0.018010291595197254;0.01929824561403509
1377.0;0.017563955708285603;0.042924211938296444;0.03701091782897144
1378.5;0.035751028806584366;0.0170487948265726;0.016242522094412855
1380.0;0.01733025239957341;0.017368069472277887;0.05412371134020618
1381.5;0.017699115044247787;0.018086080586080584;0.017015706806282723
1383.0;0.0161839863713799;0.05432098765432099;0.0175513698630137
1384.5;0.019327580007191657;0.018242207460398566;0.018197573656845753
1386.0;0.018323203432248837;0.017391304347826087;0.018354055654233276
1387.5;0.017114956021708434;0.0189328743545611;0.015280135823429542
1389.0;0.01747700394218134;0.017391304347826087;0.018197573656845753
1390.5;0.08070276339933723;0.04468816500245539;0.01672535211267606
1392.0;0.019274809160305342;0.01578551741418191;0.055516376743457135
1393.5;0.01811371801771662;0.01865431776225301;0.06126914660831509
1395.0;0.03412017167381975;0.016638225255972697;0.036783854166666664
1396.5;0.01807884005437245;0.0189328743545611;0.0189328743545611
1398.0;0.01668585302551437;0.01850632726208763;0.018786847740005278
1399.5;0.018487434139972954;0.014910112661872163;0.04698398425158578
1401.0;0.0470532319391635;0.016638225255972697;0.015280135823429542
1402.5;0.01726263871763255;0.016638225255972697;0.016735914907761343
1404.0;0.018354055654233276;0.01606832657788072;0.06101190476190476
1405.5;0.03879026955950033;0.018610244807272875;0.08737641589733518
1407.0;0.07061503416856492;0.018086080586080584;0.032696390658174104
1408.5;0.04726368159203981;0.017122114923635367;0.0931370980643097
1410.0;0.09201388888888888;0.01834862385321101;0.017094017094017096
1411.5;0.10380856083586112;0.01887912456608984;0.015225395561747438
1413.0;0.04208416833667335;0.01749271137026239;0.03476946334089191
1414.5;0.03282828282828283;0.0391281512605042;0.03674948240165632
1416.0;0.04421768707482994;0.018643237617094226;0.09322625698324022
1417.5;0.05306270746973625;0.019598155467720684;0.0170487948265726
1419.0;0.0170487948265726;0.0350922131147541;0.018902169101372285
1420.5;0.015095605501509561;0.018708141721303972;0.03841966342512936
1422.0;0.057109557109557105;0.02019230769230769;0.03706140350877192
1423.5;0.018143754361479414;0.018086080586080584;0.015414729630535846
1425.0;0.017985520395333736;0.019142066420664204;0.015414729630535846
1426.5;0.017886709703084813;0.01537736404878336;0.033934707903780066
1428.0;0.08431531897602601;0.07894736842105263;0.09207534913933095
1429.5;0.09290123456790123;0.01749271137026239;0.01822145094387539
1431.0;0.017893106119287374;0.018026004728132386;0.018612132352941176
1432.5;0.019013666072489603;0.018147448015122872;0.018147448015122872
1434.0;0.032392026578073094;0.01810188254965837;0.03646288209606987
1435.5;0.04640095181439619;0.02019230769230769;0.018876611418047883
1437.0;0.01656298887021928;0.01770896702761893;0.017563955708285603
1438.5;0.017094017094017096;0.03240740740740741;0.018026004728132386
1440.0;0.018470790378006873;0.01903843644891634;0.04334677419354839
1441.5;0.01865038996269922;0.041445641108074804;0.01805416248746239
1443.0;0.018010291595197254;0.01995528228060369;0.04988040942486409
1444.5;0.018354055654233276;0.01794797717040727;0.015517241379310345
1446.0;0.017373380447585393;0.017674869549113806;0.01904761904761905
1447.5;0.0175513698630137;0.018612132352941176;0.01733025239957341
1449.0;0.01865038996269922;0.016786733722984913;0.017052848087982204
1450.5;0.06673232664261046;0.03450226244343891;0.038100208768267224
1452.0;0.015095605501509561;0.01822145094387539;0.016664843504300385
1453.5;0.016745540589734254;0.0188212927756654;0.016897746967071057
1455.0;0.017094017094017096;0.019114380899500277;0.0552187093980078
1456.5;0.049329501915708805;0.018026004728132386;0.017122114923635367
1458.0;0.09239766081871344;0.017083111144968386;0.018047156089719053
1459.5;0.0172434729811779;0.0189328743545611;0.03758169934640523
1461.0;0.016020805231283342;0.0370850622406639;0.017924528301886795
1462.5;0.015280135823429542;0.017825311942959002;0.05744295924164947
1464.0;0.017623877982923447;0.017786040107414757;0.0391281512605042
1465.5;0.015280135823429542;0.01856943086314991;0.018559977888336097
1467.0;0.016638225255972697;0.01865038996269922;0.016913946587537095
1468.5;0.01597712748065927;0.015731292517006803;0.032696390658174104
1470.0;0.0425033467202142;0.017563955708285603;0.041664377918154354
1471.5;0.0161839863713799;0.016897746967071057;0.018047917760521736
1473.0;0.016650623542749578;0.016897746967071057;0.04115502686108979
1474.5;0.017373380447585393;0.0161839863713799;0.017824497257769654
1476.0;0.016745540589734254;0.04880952380952381;0.051554506099960644
1477.5;0.01660281557997176;0.05049504950495049;0.01999107541276216
1479.0;0.017824497257769654;0.018026004728132386;0.039509360877985795
1480.5;0.04236010125491464;0.018612132352941176;0.016519477970758513
1482.0;0.01995528228060369;0.047226123595505626;0.037760416666666664
1483.5;0.017373380447585393;0.06775067750677508;0.03528138528138528
1485.0;0.03758169934640523;0.015350299115788042;0.021384021384021387
1486.5;0.017971946230274694;0.09081491712707182;0.04043527268734134
1488.0;0.017883272962794156;0.019408502772643253;0.036592926019483774
1489.5;0.08747300215982722;0.01772899957788096;0.019731800766283527
1491.0;0.018470790378006873;0.01835078161749423;0.018028727092620107
1492.5;0.015001087035292413;0.037422037422037424;0.018143754361479414
1494.0;0.018876611418047883;0.01645021645021645;0.01859099804305284
1495.5;0.041666666666666664;0.01672535211267606;0.019139945314441957
1497.0;0.0161839863713799;0.016863406408094434;0.017462905276233176
1498.5;0.047619047619047616;0.04374966075014927;0.01834061135371179
1500.0;0.0161839863713799;0.01715933414707495;0.01831083154341823
1501.5;0.0175513698630137;0.018323203432248837;0.03646288209606987
1503.0;0.08144892908951275;0.01967799642218247;0.03865760407816483
1504.5;0.019675925925925927;0.018010291595197254;0.039094011790257524
1506.0;0.01654091700522345;0.018876611418047883;0.01972715916539893
1507.5;0.019408502772643253;0.018876611418047883;0.02132510729613734
1509.0;0.017887070857162603;0.017460979111666896;0.020429159318048208
1510.5;0.01679719068620333;0.01904761904761905;0.0188212927756654
1512.0;0.05970809376382132;0.03277439024390244;0.019114380899500277
1513.5;0.017699115044247787;0.01904761904761905;0.018147448015122872
1515.0;0.01612259159428971;0.02041832669322709;0.019569603227975785
1516.5;0.01834862385321101;0.020581655480984343;0.019170611271351955
1518.0;0.01688081285952368;0.08397919756513189;0.03469827586206897
1519.5;0.0470532319391635;0.018960244648318046;0.036833355950603885
1521.0;0.016937514305333027;0.0851680949241925;0.019805455274769356
1522.5;0.036783854166666664;0.01834862385321101;0.0189659040851698
1524.0;0.01597712748065927;0.017825311942959002;0.02080873671782763
1525.5;0.05280246069719753;0.03608247422680412;0.018470790378006873
1527.0;0.015188609731168737;0.020484171322160148;0.019341334077588614
1528.5;0.016638225255972697;0.019345238095238096;0.020486967394917954
1530.0;0.044197031039136296;0.019263204616067467;0.018426930440331845
1531.5;0.01702553830746119;0.0533675799086758;0.019673731176798662
1533.0;0.01848360454802751;0.019263204616067467;0.020435244161358813
1534.5;0.015762630806304054;0.01749044044752868;0.038325037870590786
1536.0;0.06567015630093485;0.016524470922293047;0.0188212927756654
1537.5;0.018274952446558405;0.01834862385321101;0.040742157612853866
1539.0;0.015731292517006803;0.01835078161749423;0.01824471668169934
1540.5;0.018010291595197254;0.038100208768267224;0.019566956695669567
1542.0;0.04208416833667335;0.017792037334111128;0.03263403263403263
1543.5;0.018010291595197254;0.03542094455852156;0.01736197703278825
1545.0;0.017094017094017096;0.018076978710534278;0.01871479774705581
1546.5;0.04425612052730697;0.018118362316156513;0.01713180436584692
1548.0;0.03383297644539615;0.05230034722222222;0.018876611418047883
1549.5;0.017302798982188294;0.019545190218223003;0.017121863302370723
1551.0;0.08602150537634409;0.017689659499785536;0.03555126968820316
1552.5;0.01865038996269922;0.019570196712476423;0.02041832669322709
1554.0;0.015871286409530037;0.018185821224130337;0.03318419090231171
1555.5;0.06176900584795322;0.03503787878787879;0.018626340612654006
1557.0;0.018197573656845753;0.018595825426944972;0.08014041377249982
1558.5;0.018197573656845753;0.0528117359413203;0.0153103221203973
1560.0;0.017754480892796753;0.01653499321682228;0.020429159318048208
1561.5;0.040424121935056324;0.01780160609014529;0.0478827848946284
1563.0;0.01865038996269922;0.016403046280023436;0.018991964937910884
1564.5;0.015871286409530037;0.0170487948265726;0.017910447761194027
1566.0;0.015095605501509561;0.07912331807462894;0.05362925936355956
1567.5;0.01597712748065927;0.01709493099876366;0.05289430710176541
1569.0;0.016429426632965278;0.037285441830896375;0.039800323603749146
1570.5;0.018354055654233276;0.018743644785899898;0.018323203432248837
1572.0;0.016863406408094434;0.049406687468104525;0.07688919591195222
1573.5;0.051059730250481696;0.019859629496450783;0.05128205128205128
1575.0;0.05231388329979879;0.03757130205599488;0.01823118872285469
1576.5;0.018582093618876354;0.038385826771653545;0.019138359569179784
1578.0;0.07551140668406431;0.015154962909024714;0.0350922131147541
1579.5;0.07106563743420853;0.018836565096952907;0.04719101123595506
1581.0;0.015871286409530037;0.016988416988416986;0.09951534733441034
1582.5;0.0161839863713799;0.01608187134502924;0.018532478954642544
1584.0;0.017623877982923447;0.018848906360245943;0.01747700394218134
1585.5;0.017547197908565945;0.0170487948265726;0.05121664050235479
1587.0;0.017094017094017096;0.01822513964717392;0.033476658476658476
1588.5;0.017094017094017096;0.016335052812576762;0.01930089654477687
1590.0;0.07551140668406431;0.01784040701566475;0.016040273206639064
1591.5;0.018470790378006873;0.051617709663686666;0.01723920181864107
1593.0;0.0161839863713799;0.01834862385321101;0.020625415834996677
1594.5;0.018470790378006873;0.017824497257769654;0.018283166109253065
1596.0;0.0175513698630137;0.019071369196057474;0.019142066420664204
1597.5;0.017094017094017096;0.04083665338645418;0.053459119496855355
1599.0;0.01730418943533698;0.01967799642218247;0.05318627450980391
1600.5;0.0161446953143967;0.020656370656370653;0.0212516733601071
1602.0;0.0189328743545611;0.016089299461123942;0.019801980198019802
1603.5;0.017094017094017096;0.015054442165062335;0.03240740740740741
1605.0;0.016745540589734254;0.017699115044247787;0.01871401151631478
1606.5;0.017094017094017096;0.0175513698630137;0.03257191201353638
1608.0;0.015095605501509561;0.017094017094017096;0.018026101666570187
1609.5;0.015095605501509561;0.017754480892796753;0.017905537277644566
1611.0;0.017094017094017096;0.044811320754716985;0.021191464137522226
1612.5;0.01842179442537598;0.0470532319391635;0.05245901639344262
1614.0;0.016638225255972697;0.017015706806282723;0.021306827973666974
1615.5;0.016638225255972697;0.01672535211267606;0.03397147147147147
1617.0;0.017623877982923447;0.018960244648318046;0.05663625246919387
1618.5;0.049329501915708805;0.019327580007191657;0.04012304987914744
1620.0;0.049329501915708805;0.03736263736263736;0.0174812030075188
1621.5;0.015001087035292413;0.018095838587641865;0.018284611141753997
1623.0;0.018354055654233276;0.01645021645021645;0.01909706358765627
1624.5;0.015280135823429542;0.017591391819424484;0.019824679703304114
1626.0;0.08508990794115118;0.052328064929517304;0.0173511462972126
1627.5;0.015095605501509561;0.040013227513227514;0.02114561027837259
1629.0;0.016676298192025096;0.018143754361479414;0.020520448065532677
1630.5;0.017498443680569787;0.01950286806883365;0.050546448087431695
1632.0;0.01660281557997176;0.017241361545159012;0.03705089820359282
1633.5;0.01660281557997176;0.015414729630535846;0.034298440979955463
1635.0;0.014870091759449306;0.040424121935056324;0.047057164347499056
1636.5;0.014870091759449306;0.03423626787057938;0.035913856972436736
1638.0;0.014870091759449306;0.0370850622406639;0.020734115460564525
1639.5;0.018289844042285466;0.015280135823429542;0.018152280546676565
1641.0;0.018289844042285466;0.017771545130035694;0.018741633199464522
1642.5;0.01741601350785099;0.018595825426944972;0.019566956695669567
1644.0;0.01741601350785099;0.05364488596613964;0.024518584863412452
1645.5;0.016550266845809666;0.0161839863713799;0.021413556459781012
1647.0;0.07370796421183616;0.03498920086393088;0.01654091700522345
1648.5;0.014836509492270044;0.017292521300094666;0.03469827586206897
1650.0;0.014836509492270044;0.015028718257871538;0.056006493506493504
1651.5;0.014836509492270044;0.01730418943533698;0.020581610915063504
1653.0;0.014832305600435561;0.016462080801300592;0.021410443328473458
1654.5;0.018248107350266503;0.017015706806282723;0.03361344537815126
1656.0;0.01653260196570383;0.017699115044247787;0.01863154513331192
1657.5;0.0189328743545611;0.019276956137024393;0.036049824961328664
1659.0;0.015731292517006803;0.017909520017093686;0.12960609911054635
1660.5;0.015731292517006803;0.018612132352941176;0.03491847826086956
1662.0;0.017623877982923447;0.015414729630535846;0.020771182820914395
1663.5;0.01836806645203033;0.016217853406024562;0.0429281518300949
1665.0;0.01850632726208763;0.017373380447585393;0.04560044272274489
1666.5;0.01606832657788072;0.017094017094017096;0.02041832669322709
1668.0;0.015069294547215105;0.020423892100192676;0.018086867914915296
1669.5;0.016664722618075594;0.04236010125491464;0.05453898546304769
1671.0;0.07092660765702176;0.019408502772643253;0.01939343350027824
1672.5;0.07092660765702176;0.018052243358660087;0.019679300291545188
1674.0;0.07092660765702176;0.016371008616320324;0.0197151879516609
1675.5;0.016565477533764368;0.018086080586080584;0.021896248231111724
1677.0;0.015694518402788214;0.019020693899530733;0.0491101428157836
1678.5;0.017094017094017096;0.049561699258260275;0.051611796982167356
1680.0;0.07672379434037466;0.01672535211267606;0.04698749526335733
1681.5;0.07672379434037466;0.08185214371187578;0.019179379321961367
1683.0;0.08508990794115118;0.0363872644574399;0.032696390658174104
1684.5;0.04260299625468165;0.03476482617586912;0.019801980198019802
1686.0;0.04260299625468165;0.01621205100827978;0.021577380952380952
1687.5;0.015871286409530037;0.018683274021352312;0.018939240677051723
1689.0;0.06626088925009356;0.015095605501509561;0.018532478954642544
1690.5;0.06626088925009356;0.017825311942959002;0.01950286806883365
1692.0;0.015724726735506497;0.018683274021352312;0.01645021645021645
1693.5;0.018277260861902424;0.04083665338645418;0.017651363509179743
1695.0;0.018277260861902424;0.01730418943533698;0.03608815426997245
1696.5;0.070642658041859;0.04976111970930623;0.020352755622323707
1698.0;0.08014786536595958;0.01862097440132122;0.019192913385826772
1699.5;0.017393838281482624;0.018010291595197254;0.02204724409448819
1701.0;0.017393838281482624;0.017015706806282723;0.021505376344086023
1702.5;0.017393838281482624;0.014986153377295074;0.020051575956322433
1704.0;0.01825012709422827;0.016664722618075594;0.019922985581833787
1705.5;0.017094017094017096;0.015414729630535846;0.01871479774705581
1707.0;0.017094017094017096;0.018876611418047883;0.016638685693728266
1708.5;0.08302956662616444;0.018026004728132386;0.03131703131703131
1710.0;0.01865038996269922;0.015597920277296359;0.04813349940636176
1711.5;0.01865038996269922;0.015154962909024714;0.03417218343609379
1713.0;0.01865038996269922;0.017699115044247787;0.03335453488481081
1714.5;0.07771195869669424;0.05043017360577662;0.023100945307224844
1716.0;0.017094017094017096;0.016403046280023436;0.020542508976525434
1717.5;0.016863406408094434;0.01612259159428971;0.018630440809537012
1719.0;0.016745540589734254;0.017094017094017096;0.021868250539956804
1720.5;0.07106563743420853;0.017083111144968386;0.05959692926707139
1722.0;0.015743018124095107;0.058823529411764705;0.041228653803504094
1723.5;0.01570251018973342;0.019511066553559036;0.01859754487704871
1725.0;0.016550266845809666;0.018683274021352312;0.01730418943533698
1726.5;0.014839767744728968;0.015280135823429542;0.026684164479440064
1728.0;0.018010291595197254;0.016638225255972697;0.03548303548303548
1729.5;0.015095605501509561;0.0189328743545611;0.020469652801814377
1731.0;0.01865038996269922;0.03185654008438818;0.06902356902356901
1732.5;0.016745540589734254;0.07286108555657773;0.022004608294930877
1734.0;0.016638225255972697;0.03608247422680412;0.021505376344086023
1735.5;0.015280135823429542;0.05169902912621359;0.03442928039702233
1737.0;0.015731292517006803;0.018803418803418803;0.0555249761729937
1738.5;0.017373380447585393;0.017934291168491913;0.020006613756613757
1740.0;0.017373380447585393;0.015963095712199653;0.03641603353418916
1741.5;0.01865038996269922;0.018612132352941176;0.051174599905047316
1743.0;0.017547197908565945;0.07828213441776118;0.08827433628318583
1744.5;0.015743018124095107;0.019527766042341455;0.021635159153336567
1746.0;0.017094017094017096;0.018944170972160067;0.023718924403855913
1747.5;0.017094017094017096;0.09533967837216933;0.08223104056437387
1749.0;0.01850632726208763;0.019041938815588494;0.02126316975604259
1750.5;0.014910112661872163;0.018147448015122872;0.04309791932164295
1752.0;0.017443347491498312;0.016257905732192428;0.022603485838779955
1753.5;0.015711796950363736;0.01597712748065927;0.020435244161358813
1755.0;0.0182681206624895;0.018010291595197254;0.020938547594444204
1756.5;0.016638225255972697;0.015095605501509561;0.020224018360524874
1758.0;0.015731292517006803;0.0161839863713799;0.018847127749366963
1759.5;0.017754480892796753;0.037422037422037424;0.0461006171685057
1761.0;0.01850632726208763;0.018532729644693425;0.05432595573440643
1762.5;0.08450826136298063;0.01859246451687189;0.04154762283520517
1764.0;0.04536862003780718;0.016863406408094434;0.01992774510934317
1765.5;0.01865038996269922;0.015280135823429542;0.050970873786407765
1767.0;0.017623877982923447;0.016638225255972697;0.037218683129596385
1768.5;0.017623877982923447;0.03282828282828283;0.02097669256381798
1770.0;0.01654091700522345;0.015139193690331638;0.020600092615292418
1771.5;0.017934291168491913;0.015731292517006803;0.04172622319956021
1773.0;0.08704458752472857;0.07922182109907742;0.02001493651979089
1774.5;0.0175513698630137;0.016863406408094434;0.03443769762431094
1776.0;0.0175513698630137;0.014945495799148322;0.03442928039702233
1777.5;0.0161839863713799;0.01660281557997176;0.01948429210499093
1779.0;0.048187022900763356;0.017094017094017096;0.022296960637767812
1780.5;0.016863406408094434;0.01904761904761905;0.019300215346671333
1782.0;0.0175513698630137;0.016089299461123942;0.03189528023598819
1783.5;0.042924211938296444;0.016812053925455987;0.04238329238329238
1785.0;0.01783664661861255;0.017971946230274694;0.04058037348956426
1786.5;0.01597712748065927;0.018876611418047883;0.01890359168241966
1788.0;0.0161839863713799;0.016371008616320324;0.06764574988874056
1789.5;0.018354055654233276;0.040424121935056324;0.04187228951697324
1791.0;0.017302798982188294;0.0189328743545611;0.06416464891041163
1792.5;0.01862097440132122;0.015001087035292413;0.049227799227799234
1794.0;0.015023319822083615;0.015001087035292413;0.020615391681563754
1795.5;0.018612132352941176;0.016676298192025096;0.061520960477164086
1797.0;0.03584015103838892;0.016638225255972697;0.035225216091981315
1798.5;0.03878406708595388;0.017754480892796753;0.035885989010989015
1800.0;0.019082371238858645;0.016863406408094434;0.021384021384021387
1801.5;0.018197573656845753;0.01850632726208763;0.038595565999319084
1803.0;0.018876611418047883;0.015809071886378992;0.03509427526914498
1804.5;0.01678424862821045;0.014910112661872163;0.03498920086393088
1806.0;0.017378863430747543;0.014910112661872163;0.02019230769230769
1807.5;0.017987706243934;0.019013666072489603;0.01796294199781124
1809.0;0.01706490742019613;0.01784040701566475;0.05432098765432099
1810.5;0.017699115044247787;0.015280135823429542;0.019395134779750165
1812.0;0.015225395561747438;0.015280135823429542;0.04018951105004009
1813.5;0.019192913385826772;0.017623877982923447;0.048857868020304576
1815.0;0.016881727509134598;0.017623877982923447;0.017563955708285603
1816.5;0.0175513698630137;0.01842179442537598;0.040748898678414094
1818.0;0.015001087035292413;0.01842179442537598;0.019408818677644192
1819.5;0.018354055654233276;0.01836806645203033;0.019617301817012378
1821.0;0.03879026955950033;0.018683274021352312;0.01730418943533698
1822.5;0.017094017094017096;0.0175513698630137;0.023538344722854977
1824.0;0.01719518862766539;0.016638225255972697;0.020274299344066785
1825.5;0.01578920442717981;0.047619047619047616;0.01670998886000743
1827.0;0.087372328268528;0.015095605501509561;0.018164580390260854
1828.5;0.017094017094017096;0.015871286409530037;0.03767332224070992
1830.0;0.015095605501509561;0.015731292517006803;0.03167271527548663
1831.5;0.019013666072489603;0.017094017094017096;0.019877181641887523
1833.0;0.0161839863713799;0.017754480892796753;0.04509779665443349
1834.5;0.016638225255972697;0.017094017094017096;0.02016417359019254
1836.0;0.016863406408094434;0.08302956662616444;0.01871401151631478
1837.5;0.01967799642218247;0.015001087035292413;0.031135531135531136
1839.0;0.015095605501509561;0.016676298192025096;0.05408970976253298
1840.5;0.018323203432248837;0.016676298192025096;0.07553003533568904
1842.0;0.015109552273918112;0.048187022900763356;0.01670998886000743
1843.5;0.017754480892796753;0.048187022900763356;0.033950617283950615
1845.0;0.017373380447585393;0.016745540589734254;0.03788948535418368
1846.5;0.016403046280023436;0.016863406408094434;0.017596390484003282
1848.0;0.017596390484003282;0.015095605501509561;0.01851851851851852
1849.5;0.05339805825242719;0.018470790378006873;0.01836324329150919
1851.0;0.01850632726208763;0.051640926640926635;0.04047456151262595
1852.5;0.017934291168491913;0.07796881247500999;0.024082568807339447
1854.0;0.015001087035292413;0.016638225255972697;0.03378016085790885
1855.5;0.017015706806282723;0.016638225255972697;0.017028829463738043
1857.0;0.06584821428571429;0.019013666072489603;0.05294482783802532
1858.5;0.018010291595197254;0.04516876240900066;0.021642033457852847
1860.0;0.01850632726208763;0.051059730250481696;0.01885260532422216
1861.5;0.015280135823429542;0.017094017094017096;0.020966880341880344
1863.0;0.015809071886378992;0.016863406408094434;0.021776787923781245
1864.5;0.017699115044247787;0.05222437137330754;0.021505376344086023
1866.0;0.018683274021352312;0.017094017094017096;0.01779704052700625
1867.5;0.018010291595197254;0.01865038996269922;0.01967799642218247
1869.0;0.017623877982923447;0.045928030303030304;0.018991486574983625
1870.5;0.0161839863713799;0.017754480892796753;0.057962529274004686
1872.0;0.017094017094017096;0.08508990794115118;0.018022181146025877
1873.5;0.016638225255972697;0.0470532319391635;0.01809480900600319
1875.0;0.015280135823429542;0.0470532319391635;0.01975889285328144
1876.5;0.015095605501509561;0.01865038996269922;0.020863370367229243
1878.0;0.01842179442537598;0.015280135823429542;0.07595182595182594
1879.5;0.06626088925009356;0.016863406408094434;0.02022298864039636
1881.0;0.018010291595197254;0.040013227513227514;0.0220508658008658
1882.5;0.016745540589734254;0.015280135823429542;0.021191464137522226
1884.0;0.0170487948265726;0.08174097664543525;0.019404445950270105
1885.5;0.015225395561747438;0.01865038996269922;0.05988593155893536
1887.0;0.04990403071017274;0.0175513698630137;0.02079272254710851
1888.5;0.017754480892796753;0.0189328743545611;0.018147448015122872
1890.0;0.015095605501509561;0.017623877982923447;0.018999377069604275
1891.5;0.05024038461538461;0.017623877982923447;0.03476946334089191
1893.0;0.015195702225633155;0.041666666666666664;0.038735073890700016
1894.5;0.017754480892796753;0.015225395561747438;0.019408502772643253
1896.0;0.016745540589734254;0.019013666072489603;0.07398790134946487
1897.5;0.016745540589734254;0.01850632726208763;0.03655913978494623
1899.0;0.017754480892796753;0.01663225731761437;0.018028727092620107
1900.5;0.08458244111349036;0.01488644788002137;0.03865760407816483
1902.0;0.07796881247500999;0.0688532784166215;0.03191137566137566
1903.5;0.015095605501509561;0.0824638077394375;0.015597920277296359
1905.0;0.017754480892796753;0.016537723722061845;0.01846545686087233
1906.5;0.016335052812576762;0.014830971492820427;0.018147448015122872
1908.0;0.01814552172099398;0.014829232922191612;0.021382796281252822
1909.5;0.018876611418047883;0.047619047619047616;0.050546448087431695
1911.0;0.01861305152546421;0.017623877982923447;0.038100208768267224
1912.5;0.016775307882501863;0.01812240047534165;0.01904761904761905
1914.0;0.017462905276233176;0.01812240047534165;0.019269640210214257
1915.5;0.018010291595197254;0.01896734857158622;0.03820618927671825
1917.0;0.01592920353982301;0.01687639577956378;0.018371212121212118
1918.5;0.07371855794208959;0.06794294294294294;0.020212060967528162
1920.0;0.04824182753844595;0.015001087035292413;0.020429159318048208
1921.5;0.05243902439024391;0.017094017094017096;0.018178527663545694
1923.0;0.017089125102207687;0.01865038996269922;0.03189528023598819
1924.5;0.01779592331824472;0.015769487034319674;0.016979552792060267
1926.0;0.07780778098078608;0.08180102222876223;0.032696390658174104
1927.5;0.05819060166886253;0.015095605501509561;0.05039739884393064
1929.0;0.049454635597421914;0.016638225255972697;0.07031543372136687
1930.5;0.037760416666666664;0.018010291595197254;0.03259702408344838
1932.0;0.017083111144968386;0.017824497257769654;0.020410766679423396
1933.5;0.017222129645059158;0.018197573656845753;0.01845342706502636
1935.0;0.01845342706502636;0.0437227431748111;0.01678765880217786
1936.5;0.01608187134502924;0.0161839863713799;0.020618556701030927
1938.0;0.018876611418047883;0.0175513698630137;0.019731800766283527
1939.5;0.03758169934640523;0.017094017094017096;0.01797373810384291
1941.0;0.03240740740740741;0.01813557316928901;0.037422037422037424
1942.5;0.01780160609014529;0.01813557316928901;0.01692561443364739
1944.0;0.015414729630535846;0.01764668659556791;0.016403046280023436
1945.5;0.0161839863713799;0.03528138528138528;0.018143754361479414
1947.0;0.018487434139972954;0.017187160350699227;0.018876611418047883
1948.5;0.018086080586080584;0.017373380447585393;0.03780687397708675
1950.0;0.018612132352941176;0.016638225255972697;0.020999704229517892
1951.5;0.017699115044247787;0.014945495799148322;0.018048281994168303
1953.0;0.018876611418047883;0.0177109440267335;0.017825311942959002
1954.5;0.051263641585295804;0.019263204616067467;0.015861825872400422
1956.0;0.0188212927756654;0.017924528301886795;0.018871433747959736
1957.5;0.01950286806883365;0.03598117701544874;0.0170487948265726
1959.0;0.018028727092620107;0.019598155467720684;0.018846829579939307
1960.5;0.017162418631050568;0.040428558507445506;0.017187467644074465
1962.0;0.017222129645059158;0.032696390658174104;0.03674948240165632
1963.5;0.018026004728132386;0.01717650438029585;0.041250831669993354
1965.0;0.018612132352941176;0.016884043186405354;0.08314087759815242
1966.5;0.04208416833667335;0.01654091700522345;0.0638404489877731
1968.0;0.018314772574802095;0.017019391672408703;0.01788939783668706
1969.5;0.018197573656845753;0.019139945314441957;0.03758169934640523
1971.0;0.017368069472277887;0.0161839863713799;0.0175513698630137
1972.5;0.07558139534883722;0.017570604905697253;0.017651363509179743
1974.0;0.019408502772643253;0.04924555853005598;0.018060160420812498
1975.5;0.043284066915705695;0.015414729630535846;0.01776721555976619
1977.0;0.01733025239957341;0.019598155467720684;0.01654091700522345
1978.5;0.01756386861313869;0.018022181146025877;0.017094017094017096
1980.0;0.04875717017208413;0.018026004728132386;0.01865038996269922
1981.5;0.01597712748065927;0.01749271137026239;0.015809071886378992
1983.0;0.0175513698630137;0.017934291168491913;0.017465858520325457
1984.5;0.07087532272840844;0.01840766984546031;0.01733025239957341
1986.0;0.015743018124095107;0.01845342706502636;0.016755205752543818
1987.5;0.01830736743700201;0.017232945780185874;0.01654091700522345
1989.0;0.018354055654233276;0.016335052812576762;0.017563955708285603
1990.5;0.018470790378006873;0.038100208768267224;0.015078924549103066
1992.0;0.017094017094017096;0.051331719128329296;0.01586074073577572
1993.5;0.015001087035292413;0.017570604905697253;0.017754480892796753
1995.0;0.018332165356039182;0.04719101123595506;0.017094017094017096
1996.5;0.034408602150537634;0.05445326278659612;0.045086351826379344
1998.0;0.01834862385321101;0.01771809624494277;0.01754649070185963
1999.5;0.06325301204819277;0.017015706806282723;0.017684556857906642
2001.0;0.07182771394487347;0.01612259159428971;0.015731292517006803
2002.5;0.04621732691419402;0.045928030303030304;0.017623877982923447
2004.0;0.017373380447585393;0.01780160609014529;0.038100208768267224
2005.5;0.015871286409530037;0.040013227513227514;0.09300664333166654
2007.0;0.0170487948265726;0.015414729630535846;0.016209169954000083
2008.5;0.05894667254297046;0.04640260237275162;0.04425612052730697
2010.0;0.01665806179880234;0.015597920277296359;0.018470790378006873
2011.5;0.015731292517006803;0.04187228951697324;0.051640926640926635
2013.0;0.01612259159428971;0.01645021645021645;0.09533386967015285
2014.5;0.044811320754716985;0.01597712748065927;0.04918972634153799
2016.0;0.015280135823429542;0.017754480892796753;0.018792559974975337
2017.5;0.017679771605305417;0.05024038461538461;0.018582093618876354
2019.0;0.016227244820246782;0.01717650438029585;0.017373380447585393
2020.5;0.019961612284069098;0.06235011990407673;0.01810699588477366
2022.0;0.03758169934640523;0.01756386861313869;0.01797915672819346
2023.5;0.017094017094017096;0.0861189370288586;0.017094017094017096
2025.0;0.0189328743545611;0.05048076923076923;0.017094017094017096
2026.5;0.042924211938296444;0.016128420893033128;0.01850632726208763
2028.0;0.019142066420664204;0.03878406708595388;0.015280135823429542
2029.5;0.08219938905859484;0.01535109722361575;0.05894667254297046
2031.0;0.036415289256198344;0.019345238095238096;0.016848965746751293
2032.5;0.018283667904195552;0.05925707547169811;0.01591767670310033
2034.0;0.016968693647086648;0.019082371238858645;0.04536862003780718
2035.5;0.017754480892796753;0.015280135823429542;0.01842179442537598
2037.0;0.045928030303030304;0.0470532319391635;0.07193389857968353
2038.5;0.040091455309193384;0.06101190476190476;0.015731292517006803
2040.0;0.019013666072489603;0.016638225255972697;0.016863406408094434
2041.5;0.01589496047739557;0.0170487948265726;0.018010291595197254
2043.0;0.01845342706502636;0.017699115044247787;0.018197573656845753
2044.5;0.017699115044247787;0.01597712748065927;0.018716969225741748
2046.0;0.016403046280023436;0.016745540589734254;0.017094017094017096
2047.5;0.017094017094017096;0.01726263871763255;0.040013227513227514
2049.0;0.01780160609014529;0.03706140350877192;0.037760416666666664
2050.5;0.05052128499658451;0.01757339238794336;0.01688081285952368
2052.0;0.0882232252769799;0.01712469326075;0.015095605501509561
2053.5;0.016638225255972697;0.036165577342047936;0.05048076923076923
2055.0;0.05214723926380367;0.038441422594142266;0.016745540589734254
2056.5;0.07484407484407485;0.016025963289428118;0.01865038996269922
2058.0;0.017094017094017096;0.07894736842105263;0.0718766971927262
2059.5;0.017623877982923447;0.04425612052730697;0.016638225255972697
2061.0;0.018354055654233276;0.018876611418047883;0.018052243358660087
2062.5;0.01549874155517287;0.017391304347826087;0.057535046728971966
2064.0;0.018026004728132386;0.016716209127469836;0.016293098349991132
2065.5;0.040424121935056324;0.0189328743545611;0.017824497257769654
2067.0;0.03879026955950033;0.017522464698331193;0.018323203432248837
2068.5;0.07750759878419453;0.017069796483037532;0.04083665338645418
2070.0;0.01848360454802751;0.01726263871763255;0.08904109589041097
2071.5;0.016638225255972697;0.019142066420664204;0.018876611418047883
2073.0;0.0175513698630137;0.018371212121212118;0.01783664661861255
2074.5;0.016745540589734254;0.03461120174007613;0.017373380447585393
2076.0;0.01904761904761905;0.016552719934589354;0.0175513698630137
2077.5;0.01871226912632689;0.017083111144968386;0.01597712748065927
2079.0;0.047619047619047616;0.1191860465116279;0.018026004728132386
2080.5;0.017094017094017096;0.08011527377521614;0.051640926640926635
2082.0;0.019269640210214257;0.01918932786044125;0.01865038996269922
2083.5;0.017754480892796753;0.09473964990673014;0.016676298192025096
2085.0;0.015414729630535846;0.017175016504587668;0.037760416666666664
2086.5;0.018470790378006873;0.01712678609184746;0.016838000708968452
2088.0;0.08155984745971215;0.018790849673202614;0.018683274021352312
2089.5;0.01865038996269922;0.019328632196396744;0.03314777327935223
2091.0;0.018010291595197254;0.05839601511048708;0.016371008616320324
2092.5;0.06057007125890736;0.01886556650455698;0.018026004728132386
2094.0;0.018242207460398566;0.01929824561403509;0.017373380447585393
2095.5;0.019179429534916397;0.019944341372912802;0.016335052812576762
2097.0;0.03919631093544137;0.040013227513227514;0.07007898648959983
2098.5;0.03542094455852156;0.060433295324971485;0.07007898648959983
2100.0;0.018832655731576244;0.03706140350877192;0.01904761904761905
2101.5;0.08168604651162792;0.0171267252195734;0.0370850622406639
2103.0;0.018216756341275942;0.018143754361479414;0.01918932786044125
2104.5;0.017094017094017096;0.041445641108074804;0.07683009458763586
2106.0;0.0470532319391635;0.04099192988081877;0.01608187134502924
2107.5;0.015414729630535846;0.018242207460398566;0.01784040701566475
2109.0;0.018470790378006873;0.04468816500245539;0.01845342706502636
2110.5;0.018832655731576244;0.04784604519774011;0.04224485934149111
2112.0;0.018595825426944972;0.017070404920457884;0.045928030303030304
2113.5;0.018197573656845753;0.042820886656946916;0.04988009592326139
2115.0;0.01766843911960692;0.01719992276481824;0.019801980198019802
2116.5;0.04425612052730697;0.020240539747726608;0.03164091243561443
2118.0;0.019142066420664204;0.016319704371681648;0.08730412535976975
2119.5;0.09489448604492852;0.03476946334089191;0.07115677321156774
2121.0;0.016794337244254824;0.016084484159220147;0.019138359569179784
2122.5;0.017971946230274694;0.019114380899500277;0.015414729630535846
2124.0;0.01929824561403509;0.019016819905162463;0.018876611418047883
2125.5;0.016638225255972697;0.03676148796498906;0.0188212927756654
2127.0;0.016863406408094434;0.017825311942959002;0.06900452488687782
2128.5;0.01865038996269922;0.018026004728132386;0.03476482617586912
2130.0;0.019673731176798662;0.018610372994783977;0.018202378957949406
2131.5;0.051357368760588044;0.018323203432248837;0.018071815349245242
2133.0;0.018010291595197254;0.040424121935056324;0.036198738170347
2134.5;0.01672535211267606;0.01730418943533698;0.018532478954642544
2136.0;0.017373380447585393;0.016838000708968452;0.03234880450070324
2137.5;0.018010291595197254;0.015280135823429542;0.03138766519823788
2139.0;0.018595825426944972;0.018086080586080584;0.019874694352652593
2140.5;0.050515463917525774;0.08039855694897784;0.019731800766283527
2142.0;0.018598792861965075;0.019675925925925927;0.018595825426944972
2143.5;0.016217853406024562;0.0188212927756654;0.017697169552074746
2145.0;0.017553774980973956;0.0175214704229874;0.018338845138112347
2146.5;0.017445393036008935;0.04421768707482994;0.017251025736665426
2148.0;0.014850988848747719;0.018026004728132386;0.01959692120721086
2149.5;0.0161839863713799;0.016638225255972697;0.021384021384021387
2151.0;0.018010291595197254;0.015871286409530037;0.01950286806883365
2152.5;0.018323203432248837;0.01904761904761905;0.03852433115651991
2154.0;0.03542094455852156;0.017410714285714286;0.018595825426944972
2155.5;0.015654541329501625;0.03608247422680412;0.019679300291545188
2157.0;0.014991665723917283;0.0751424779451948;0.01678765880217786
2158.5;0.014939647089007215;0.01834862385321101;0.018784610708007875
2160.0;0.016863406408094434;0.017176963732458538;0.018426930440331845
2161.5;0.014945495799148322;0.0170487948265726;0.037009663327891275
2163.0;0.04450788830945937;0.016403046280023436;0.018846829579939307
2164.5;0.040424121935056324;0.01950286806883365;0.0336934017463318
2166.0;0.018610244807272875;0.017824497257769654;0.0181560113550038
2167.5;0.017915564697815654;0.01904761904761905;0.04484177993186528
2169.0;0.015148575167527809;0.03557483731019522;0.018846829579939307
2170.5;0.015731292517006803;0.01871479774705581;0.019056771397327855
2172.0;0.01865038996269922;0.04054054054054054;0.034110097939885176
2173.5;0.015731292517006803;0.01950286806883365;0.03689567430025445
2175.0;0.015001087035292413;0.018612132352941176;0.018518152576051994
2176.5;0.017754480892796753;0.04421768707482994;0.02012072434607646
2178.0;0.017699115044247787;0.03130252100840336;0.024999468774569177
2179.5;0.05084745762711864;0.06280048076923077;0.02247191011235955
2181.0;0.05084745762711864;0.02980239714933592;0.020618556701030927
2182.5;0.01702553830746119;0.04287669834106238;0.031198686371100164
2184.0;0.015370218739033806;0.018876611418047883;0.045973277017422744
2185.5;0.01677324964013498;0.018435920309247695;0.02018348623853211
2187.0;0.018442419626077875;0.017825311942959002;0.018350187478695604
2188.5;0.01865038996269922;0.015414729630535846;0.04847301136363637
2190.0;0.01865038996269922;0.018876611418047883;0.039884090858528565
2191.5;0.01865038996269922;0.018086080586080584;0.01756386861313869
2193.0;0.01850632726208763;0.05304329189884269;0.020170703238984535
2194.5;0.017094017094017096;0.015154962909024714;0.017789072426937738
2196.0;0.017094017094017096;0.017094017094017096;0.03396906803429762
2197.5;0.01865038996269922;0.017737506864360243;0.09201388888888888
2199.0;0.05281007751937984;0.01748804862635351;0.03564698492462312
2200.5;0.018010291595197254;0.01904761904761905;0.020866165595829798
2202.0;0.0161839863713799;0.01877958968963703;0.051597582037996546
2203.5;0.017373380447585393;0.03412017167381975;0.020851786626095475
2205.0;0.018010291595197254;0.01738191370786101;0.0212516733601071
2206.5;0.018010291595197254;0.017830478700043915;0.01654091700522345
2208.0;0.0175513698630137;0.017824497257769654;0.034110097939885176
2209.5;0.043703007518796994;0.0173841059602649;0.06832644403350374
2211.0;0.0161839863713799;0.0522061669979561;0.019801980198019802
2212.5;0.016897746967071057;0.016638225255972697;0.015546189456228841
2214.0;0.017094017094017096;0.015414729630535846;0.06227106227106227
2215.5;0.019731800766283527;0.015195702225633155;0.053562653562653564
2217.0;0.017824497257769654;0.01597712748065927;0.022576878162709226
2218.5;0.040072261455082935;0.01834061135371179;0.04101639769981933
2220.0;0.01730418943533698;0.0482897384305835;0.019801980198019802
2221.5;0.017814806907942786;0.0170487948265726;0.02046783625730994
2223.0;0.017094017094017096;0.018010291595197254;0.02019230769230769
2224.5;0.01612259159428971;0.015871286409530037;0.021042084168336674
2226.0;0.01845342706502636;0.018323203432248837;0.0352356524527092
2227.5;0.0391281512605042;0.016638225255972697;0.05301047120418849
2229.0;0.01950286806883365;0.017373380447585393;0.06383502798139827
2230.5;0.015731292517006803;0.018026004728132386;0.017089125102207687
2232.0;0.04083665338645418;0.01672535211267606;0.016335052812576762
2233.5;0.016745540589734254;0.016897746967071057;0.036415289256198344
2235.0;0.015809071886378992;0.10090237899917966;0.04585010523382808
2236.5;0.016638225255972697;0.01775534628830588;0.05329571937643273
2238.0;0.017094017094017096;0.03964465658976399;0.021075553872372654
2239.5;0.018010291595197254;0.01834862385321101;0.020429159318048208
2241.0;0.0153103221203973;0.050726598129396304;0.017432449259120908
2242.5;0.0175513698630137;0.04393649957183321;0.019602915305353106
2244.0;0.016745540589734254;0.016348533050547898;0.021191464137522226
2245.5;0.0175513698630137;0.01887912456608984;0.04920634920634921
2247.0;0.015001087035292413;0.05076947485324449;0.016444953356009834
2248.5;0.01842179442537598;0.017796927688272762;0.019263204616067467
2250.0;0.0175513698630137;0.019142066420664204;0.11390315480557593
2251.5;0.017094017094017096;0.03875784919001636;0.05554704651044061
2253.0;0.04875717017208413;0.01834862385321101;0.038325037870590786
2254.5;0.07484407484407485;0.01934304002250826;0.01984536082474227
2256.0;0.015095605501509561;0.05211792156510814;0.08192815611584063
2257.5;0.018470790378006873;0.05595393307257713;0.033713054187192115
2259.0;0.017094017094017096;0.01846545686087233;0.03162650602409638
2260.5;0.016676298192025096;0.018026004728132386;0.01796917429818155
2262.0;0.017015706806282723;0.046747025189306145;0.03679003769312905
2263.5;0.01612259159428971;0.018185821224130337;0.02177154786758127
2265.0;0.0175513698630137;0.01721372622155912;0.03245142505179461
2266.5;0.015871286409530037;0.019679300291545188;0.03748733535967579
2268.0;0.018683274021352312;0.018354055654233276;0.05459692274352585
2269.5;0.0161839863713799;0.0161839863713799;0.05518617021276595
2271.0;0.0161839863713799;0.016403046280023436;0.023014018691588783
2272.5;0.0674469940084216;0.018354055654233276;0.03609186386019959
2274.0;0.015769487034319674;0.017121863302370723;0.02081797581019466
2275.5;0.015095605501509561;0.01733025239957341;0.041228653803504094
2277.0;0.01865038996269922;0.04253859348198971;0.022418478260869564
2278.5;0.01836806645203033;0.01950286806883365;0.046627491057741444
2280.0;0.016863406408094434;0.016257905732192428;0.024228028503562943
2281.5;0.01597712748065927;0.03913393432066967;0.019801980198019802
2283.0;0.015095605501509561;0.018612132352941176;0.018157673695772675
2284.5;0.038385826771653545;0.045427147793940366;0.020897640588965764
2286.0;0.01917044266294876;0.05376344086021505;0.07449022055763628
2287.5;0.01856198874464861;0.017901857742831786;0.04436619718309859
2289.0;0.017699115044247787;0.05099700897308076;0.03859601936525013
2290.5;0.038385826771653545;0.01780160609014529;0.023644552225879092
2292.0;0.017373380447585393;0.03433602347762289;0.03458808890650722
2293.5;0.0161839863713799;0.015145716173137848;0.04845741452559174
2295.0;0.01850632726208763;0.015963095712199653;0.023381294964028774
2296.5;0.018026004728132386;0.04375327887281721;0.06685688000730741
2298.0;0.0161839863713799;0.03379065040650407;0.03361344537815126
2299.5;0.017754480892796753;0.04334677419354839;0.05629251700680272
2301.0;0.01663225731761437;0.05304329189884269;0.020201716307789285
2302.5;0.018332165356039182;0.01609637517087528;0.03983963918817338
2304.0;0.015724726735506497;0.015280135823429542;0.021437704157479497
2305.5;0.018289844042285466;0.017015706806282723;0.08251433251433248
2307.0;0.01570251018973342;0.01846647932557206;0.021435703742293997
2308.5;0.01740771421307761;0.016765711334689272;0.020966880341880344
2310.0;0.018256492034823147;0.035598705501618116;0.037319110665461654
2311.5;0.01653549687010534;0.01942319011183049;0.02132510729613734
2313.0;0.016533838797490336;0.017373380447585393;0.03620844564240791
2314.5;0.016638225255972697;0.01783664661861255;0.03266518188567186
2316.0;0.016638225255972697;0.01973442663076735;0.02300150829562594
2317.5;0.08386958386958387;0.018470790378006873;0.021544079290558165
2319.0;0.017547197908565945;0.0161839863713799;0.021924648206990464
2320.5;0.08378512102002213;0.017373380447585393;0.03131028938906752
2322.0;0.015731292517006803;0.017368069472277887;0.020212060967528162
2323.5;0.017754480892796753;0.03599221789883269;0.02247191011235955
2325.0;0.017094017094017096;0.017094017094017096;0.019509713447386477
2326.5;0.017094017094017096;0.04208416833667335;0.07401812688821752
2328.0;0.01597712748065927;0.01672535211267606;0.017839420227767664
2329.5;0.015871286409530037;0.018470790378006873;0.01995238481724968
2331.0;0.018470790378006873;0.0189328743545611;0.0556454221934649
2332.5;0.01865038996269922;0.04083665338645418;0.01997680431972013
2334.0;0.01850632726208763;0.04674489023467071;0.05408970976253298
2335.5;0.01850632726208763;0.017754480892796753;0.02704485488126649
2337.0;0.01597712748065927;0.01834862385321101;0.07304526748971192
2338.5;0.016745540589734254;0.05669428696031399;0.051132686084142405
2340.0;0.017547197908565945;0.018612132352941176;0.020344426601694443
2341.5;0.017547197908565945;0.0153103221203973;0.051611796982167356
2343.0;0.01663225731761437;0.015106013411607612;0.02003052270125906
2344.5;0.01663225731761437;0.017754480892796753;0.020816937702406245
2346.0;0.01663225731761437;0.0161839863713799;0.019770836374251935
2347.5;0.01660281557997176;0.017596390484003282;0.05612244897959183
2349.0;0.015711796950363736;0.01779592331824472;0.01643951102992834
2350.5;0.015711796950363736;0.03557483731019522;0.03643799504798039
2352.0;0.018277260861902424;0.017410341481030083;0.01950286806883365
2353.5;0.016550266845809666;0.018933995464669503;0.047590481903619274
2355.0;0.016550266845809666;0.018506618693890874;0.018559977888336097
2356.5;0.016550266845809666;0.01537736404878336;0.03675793172121791
2358.0;0.015687178238012765;0.01749271137026239;0.036306066088943906
2359.5;0.049329501915708805;0.016638225255972697;0.04840319361277445
2361.0;0.01597712748065927;0.017699115044247787;0.037843210007420754
2362.5;0.069651277654558;0.09431195000637675;0.01900256574727389
2364.0;0.069651277654558;0.0175513698630137;0.018595825426944972
2365.5;0.015769487034319674;0.05211792156510814;0.01808662541646835
2367.0;0.017465858520325457;0.01597712748065927;0.018303033548421645
2368.5;0.017427438387099873;0.05105498228861851;0.03555884217198395
2370.0;0.08302956662616444;0.0334685598377282;0.03425293174723699
2371.5;0.016676298192025096;0.01718287488267995;0.13986169975462862
2373.0;0.016676298192025096;0.020423892100192676;0.03318419090231171
2374.5;0.07922182109907742;0.018035191296396857;0.060256410256410264
2376.0;0.017623877982923447;0.017121863302370723;0.01749271137026239
2377.5;0.018470790378006873;0.03469827586206897;0.0220508658008658
2379.0;0.04875717017208413;0.0177109440267335;0.01848785765716508
2380.5;0.09340659340659341;0.018354055654233276;0.021052631578947368
2382.0;0.015095605501509561;0.016638225255972697;0.034854686860417525
2383.5;0.015871286409530037;0.01871479774705581;0.01860046771001979
2385.0;0.01836806645203033;0.07007575757575758;0.019598155467720684
2386.5;0.01597712748065927;0.017754480892796753;0.020259533898305086
2388.0;0.017094017094017096;0.018902169101372285;0.01904761904761905
2389.5;0.07425742574257424;0.016335052812576762;0.03683888985861407
2391.0;0.016638225255972697;0.036783854166666664;0.020052693208430915
2392.5;0.015095605501509561;0.016081348496769426;0.018991486574983625
2394.0;0.014945495799148322;0.01597712748065927;0.019292604501607715
2395.5;0.014910112661872163;0.01663225731761437;0.021868250539956804
2397.0;0.014870091759449306;0.015095605501509561;0.08707034358003284
2398.5;0.08265038510424652;0.06196903907872381;0.041123038810900084
2400.0;0.016638225255972697;0.018010291595197254;0.05228014361421589
2401.5;0.01749271137026239;0.0170487948265726;0.04155844155844156
2403.0;0.0175513698630137;0.041666666666666664;0.033950617283950615
2404.5;0.016638225255972697;0.017373380447585393;0.07860082304526751
2406.0;0.015001087035292413;0.07224770642201835;0.021406631239914944
2407.5;0.015769487034319674;0.015280135823429542;0.021652937449081196
2409.0;0.018332165356039182;0.01597712748065927;0.06601466992665037
2410.5;0.07548669050456894;0.017623877982923447;0.03831705484598046
2412.0;0.016745540589734254;0.03878406708595388;0.021191464137522226
2413.5;0.08110292001505391;0.015033359741139864;0.032924107142857144
2415.0;0.017443347491498312;0.03608247422680412;0.034447574811543445
2416.5;0.017443347491498312;0.016335052812576762;0.029891304347826088
2418.0;0.018470790378006873;0.0153103221203973;0.020061815116605788
2419.5;0.016863406408094434;0.019142066420664204;0.09426249937690043
2421.0;0.017754480892796753;0.0541357901061486;0.05105377906976744
2422.5;0.01836806645203033;0.018688812575102322;0.01876423762834713
2424.0;0.018010291595197254;0.015001410241388397;0.04409448818897638
2425.5;0.01597712748065927;0.018368265108834488;0.034611469290804206
2427.0;0.017547197908565945;0.018368265108834488;0.022387777951361768
2428.5;0.018010291595197254;0.015711846833437085;0.03748733535967579
2430.0;0.017754480892796753;0.019142066420664204;0.02055327742058871
2431.5;0.03608247422680412;0.01688081285952368;0.06818181818181818
2433.0;0.018052243358660087;0.018354055654233276;0.036477922848906004
2434.5;0.015992751525289242;0.01942319011183049;0.033445440956651716
2436.0;0.015871286409530037;0.04425612052730697;0.01656929980526628
2437.5;0.01834862385321101;0.015001087035292413;0.03263403263403263
2439.0;0.0153103221203973;0.017134997433140575;0.05143083866488122
2440.5;0.015095605501509561;0.01665806179880234;0.08660589060308557
2442.0;0.018683274021352312;0.01776050293394335;0.01949374454466104
2443.5;0.0175513698630137;0.017699115044247787;0.4857705779334504
2445.0;0.018470790378006873;0.10090237899917966;0.020429159318048208
2446.5;0.017754480892796753;0.017094017094017096;0.052255601612466715
2448.0;0.017498443680569787;0.08823529411764704;0.02189560694715334
2449.5;0.0161839863713799;0.01672693391308206;0.1470410628019324
2451.0;0.01608187134502924;0.015095605501509561;0.024676518494208027
2452.5;0.015280135823429542;0.07548669050456894;0.03728165017038564
2454.0;0.0175513698630137;0.03919631093544137;0.019902111895297586
2455.5;0.03498920086393088;0.015731292517006803;0.02247191011235955
2457.0;0.015195702225633155;0.039603960396039604;0.04346465859070901
2458.5;0.016745540589734254;0.0189328743545611;0.023305931402412276
2460.0;0.04315196998123827;0.01678765880217786;0.018354055654233276
2461.5;0.05222437137330754;0.016025963289428118;0.061698260192157885
2463.0;0.03219315895372234;0.08025404334214839;0.0188212927756654
2464.5;0.01897923971725942;0.016863406408094434;0.020170703238984535
2466.0;0.017699115044247787;0.018470790378006873;0.01856435643564356
2467.5;0.018026004728132386;0.019139945314441957;0.0375737281463098
2469.0;0.01879117923894043;0.0175513698630137;0.07948676565526147
2470.5;0.01879117923894043;0.018470790378006873;0.03840399002493766
2472.0;0.015095605501509561;0.015095605501509561;0.022296960637767812
2473.5;0.015280135823429542;0.015001087035292413;0.0847792812098206
2475.0;0.015414729630535846;0.0161839863713799;0.055170873352691545
2476.5;0.015731292517006803;0.01842179442537598;0.0959548463816115
2478.0;0.015731292517006803;0.015731292517006803;0.050546448087431695
2479.5;0.0161839863713799;0.037422037422037424;0.05629251700680272
2481.0;0.01850632726208763;0.01726263871763255;0.021384021384021387
2482.5;0.050248262164846076;0.018354055654233276;0.03645214669625563
2484.0;0.01871226912632689;0.018937169700528483;0.054818744473916894
2485.5;0.0161839863713799;0.014986153377295074;0.0188212927756654
2487.0;0.015280135823429542;0.014936197678611653;0.051461038961038964
2488.5;0.037422037422037424;0.015738326756557706;0.0424338690253727
2490.0;0.037422037422037424;0.01742454262104108;0.03515625
2491.5;0.018323203432248837;0.04260299625468165;0.02003052270125906
2493.0;0.018470790378006873;0.017754480892796753;0.020212060967528162
2494.5;0.017094017094017096;0.016863406408094434;0.03498920086393088
2496.0;0.015095605501509561;0.015769487034319674;0.037628404998428934
2497.5;0.017679771605305417;0.0170487948265726;0.01871657754010695
2499.0;0.017373380447585393;0.015280135823429542;0.036565096952908584
2500.5;0.07620041753653445;0.01597712748065927;0.021382796281252822
2502.0;0.033547008547008546;0.017623877982923447;0.033950617283950615
2503.5;0.017854807063440156;0.014945495799148322;0.03511762700306853
2505.0;0.018470790378006873;0.014945495799148322;0.11028500619578686
2506.5;0.017754480892796753;0.017498443680569787;0.01992337164750958
2508.0;0.03919631093544137;0.015095605501509561;0.02027906069082157
2509.5;0.015280135823429542;0.017623877982923447;0.01819363222871995
2511.0;0.0170487948265726;0.01842179442537598;0.04135350119002882
2512.5;0.01865038996269922;0.04875717017208413;0.01834862385321101
2514.0;0.018354055654233276;0.018010291595197254;0.023179642227261273
2515.5;0.0175513698630137;0.05048076923076923;0.018471993331105246
2517.0;0.018026004728132386;0.015871286409530037;0.016838000708968452
2518.5;0.05344752424891924;0.049329501915708805;0.018991486574983625
2520.0;0.016925107458198935;0.0175513698630137;0.018902169101372285
2521.5;0.017094017094017096;0.09087154068566708;0.055286911669890394
2523.0;0.015095605501509561;0.040424121935056324;0.020548243672933023
2524.5;0.01967799642218247;0.01654091700522345;0.018147448015122872
2526.0;0.07061592781482934;0.017094017094017096;0.044065898912348044
2527.5;0.01842179442537598;0.01850632726208763;0.020240539747726608
2529.0;0.016638225255972697;0.015809071886378992;0.05195680783586115
2530.5;0.0718766971927262;0.01830736743700201;0.017083111144968386
2532.0;0.014910112661872163;0.016550266845809666;0.01904761904761905
2533.5;0.07303592577970786;0.046489563567362426;0.017824497257769654
2535.0;0.017547197908565945;0.0741235580813308;0.018323203432248837
2536.5;0.015724726735506497;0.04425612052730697;0.01999107541276216
2538.0;0.01845342706502636;0.04425612052730697;0.018543046357615892
2539.5;0.017699115044247787;0.01850632726208763;0.04016913319238901
2541.0;0.017934291168491913;0.017094017094017096;0.08821376918921746
2542.5;0.08691206543967281;0.015597920277296359;0.034408602150537634
2544.0;0.017547197908565945;0.08019850508516115;0.032696390658174104
2545.5;0.015769487034319674;0.01865038996269922;0.018559977888336097
2547.0;0.0175513698630137;0.08048289738430583;0.017826583795534992
2548.5;0.018010291595197254;0.03379065040650407;0.01749271137026239
2550.0;0.01850632726208763;0.01675356994726551;0.03937762463658879
2551.5;0.01850632726208763;0.01675356994726551;0.019142066420664204
2553.0;0.017623877982923447;0.04536862003780718;0.019230769230769232
2554.5;0.017094017094017096;0.015731292517006803;0.019675925925925927
2556.0;0.015871286409530037;0.05405268490374873;0.018786847740005278
2557.5;0.017547197908565945;0.07224770642201835;0.03706140350877192
2559.0;0.06794294294294294;0.01672535211267606;0.018761128291631523
2560.5;0.018323203432248837;0.016429426632965278;0.03758169934640523
2562.0;0.07170099160945842;0.0929179578206324;0.019675925925925927
2563.5;0.08893709327548807;0.01865038996269922;0.019801980198019802
2565.0;0.06973170529113713;0.01597712748065927;0.018495017098569586
2566.5;0.017373380447585393;0.016745540589734254;0.020833333333333332
2568.0;0.049151027703306524;0.015280135823429542;0.01899713737456353
2569.5;0.017232945780185874;0.0175513698630137;0.018371212121212118
2571.0;0.018876611418047883;0.044811320754716985;0.03412017167381975
2572.5;0.03476482617586912;0.015871286409530037;0.04037190717688643
2574.0;0.018848906360245943;0.018937169700528483;0.016937765837569445
2575.5;0.044197031039136296;0.01594765689784196;0.0547029702970297
2577.0;0.0161839863713799;0.0161839863713799;0.017364557134117328
2578.5;0.01645021645021645;0.01597712748065927;0.0350922131147541
2580.0;0.040013227513227514;0.017215791035915702;0.018836565096952907
2581.5;0.04857404300747293;0.018354055654233276;0.015585215880826819
2583.0;0.015163102542134104;0.01597712748065927;0.01866458752950859
2584.5;0.07644677304120027;0.04875717017208413;0.017004588798125428
2586.0;0.014924464407812232;0.049329501915708805;0.04876325088339223
2587.5;0.014863336783895852;0.017623877982923447;0.017916187023929074
2589.0;0.018271946426086882;0.01702553830746119;0.049688123287998584
2590.5;0.01865038996269922;0.018197573656845753;0.020373072113380578
2592.0;0.017699115044247787;0.016335052812576762;0.021577380952380952
2593.5;0.08352377236497409;0.01874107841782935;0.04511610297829379
2595.0;0.0350922131147541;0.016638225255972697;0.06067521472733699
2596.5;0.016293098349991132;0.017623877982923447;0.04527355564914431
2598.0;0.016775307882501863;0.015769487034319674;0.03498920086393088
2599.5;0.0175513698630137;0.018354055654233276;0.03338122605363984
2601.0;0.0741235580813308;0.018937169700528483;0.01869779752260927
2602.5;0.017498443680569787;0.018848906360245943;0.017484269255401533
2604.0;0.0175513698630137;0.01672693391308206;0.01719364055736594
2605.5;0.03758169934640523;0.017699115044247787;0.03640441683919944
2607.0;0.01549874155517287;0.0189328743545611;0.018790849673202614
2608.5;0.017094017094017096;0.017094017094017096;0.01839292759028799
2610.0;0.01983411467724486;0.016863406408094434;0.01756386861313869
2611.5;0.08781567164383976;0.035869565217391305;0.019626168224299065
2613.0;0.014950266845029822;0.016519477970758513;0.05230034722222222
2614.5;0.018086080586080584;0.016703020817472655;0.020057704472868098
2616.0;0.01897923971725942;0.01667370403458766;0.05787604844128246
2617.5;0.07213892770371488;0.032696390658174104;0.020330932247625014
2619.0;0.015963095712199653;0.019801980198019802;0.016559362161222106
2620.5;0.048121089140014096;0.03528138528138528;0.035885989010989015
2622.0;0.05304329189884269;0.018176276971839572;0.018284611141753997
2623.5;0.017824497257769654;0.017094017094017096;0.034110097939885176
2625.0;0.018323203432248837;0.01756386861313869;0.07643149284253578
2626.5;0.018354055654233276;0.017679771605305417;0.036083941850338315
2628.0;0.018876611418047883;0.016348533050547898;0.058008416883277625
2629.5;0.08956994448667452;0.01672535211267606;0.018876611418047883
2631.0;0.038441422594142266;0.09117161716171616;0.05394088669950739
2632.5;0.017825311942959002;0.017094017094017096;0.042820886656946916
2634.0;0.017122114923635367;0.08674568965517242;0.0220508658008658
2635.5;0.018876611418047883;0.017215791035915702;0.04486480581657455
2637.0;0.07775810428422499;0.01764836420273119;0.01950286806883365
2638.5;0.018653333061029172;0.020484171322160148;0.05960698689956331
2640.0;0.017699115044247787;0.019041938815588494;0.017825311942959002
2641.5;0.0161839863713799;0.019731800766283527;0.038100208768267224
2643.0;0.049329501915708805;0.0370850622406639;0.037422037422037424
2644.5;0.016863406408094434;0.01672535211267606;0.054811620517476164
2646.0;0.017754480892796753;0.018683274021352312;0.01834862385321101
2647.5;0.017121863302370723;0.017094017094017096;0.019142066420664204
2649.0;0.017509906921021105;0.04990403071017274;0.016335052812576762
2650.5;0.015095605501509561;0.01874107841782935;0.015033359741139864
2652.0;0.018937169700528483;0.017515962224757837;0.018012117242508598
2653.5;0.10495613216352437;0.018010291595197254;0.01765664614270192
2655.0;0.016979552792060267;0.01747700394218134;0.01613036603989649
2656.5;0.01865038996269922;0.018519415516267058;0.01749271137026239
2658.0;0.01672535211267606;0.01810699588477366;0.018532729644693425
2659.5;0.018937169700528483;0.01797915672819346;0.017971946230274694
2661.0;0.01865038996269922;0.019013666072489603;0.019801980198019802
2662.5;0.017547197908565945;0.020423892100192676;0.01834862385321101
2664.0;0.016745540589734254;0.019074778200253488;0.020423892100192676
2665.5;0.015280135823429542;0.019142066420664204;0.04666666666666666
2667.0;0.015095605501509561;0.018026004728132386;0.01605832636760472
2668.5;0.017094017094017096;0.01810699588477366;0.03318419090231171
2670.0;0.01597712748065927;0.02041832669322709;0.017008266888421466
2671.5;0.01850632726208763;0.0457863304578633;0.04627507163323783
2673.0;0.016745540589734254;0.018696834582424188;0.0188212927756654
2674.5;0.014910112661872163;0.02006566946369938;0.018325444682184614
2676.0;0.015731292517006803;0.019142066420664204;0.017015706806282723
2677.5;0.01834862385321101;0.015302583076023234;0.05925707547169811
2679.0;0.018937169700528483;0.019327580007191657;0.019082371238858645
2680.5;0.017596390484003282;0.01678765880217786;0.018354055654233276
2682.0;0.017045454545454544;0.0153103221203973;0.018595825426944972
2683.5;0.016917819729987117;0.01643951102992834;0.0172434729811779
2685.0;0.018047156089719053;0.017711103470188068;0.041250831669993354
2686.5;0.016403046280023436;0.03326226012793177;0.019598155467720684
2688.0;0.01597712748065927;0.01761006289308176;0.057109557109557105
2689.5;0.018010291595197254;0.015597920277296359;0.017373380447585393
2691.0;0.015731292517006803;0.017015706806282723;0.03326226012793177
2692.5;0.018026004728132386;0.036415289256198344;0.018645413460363993
2694.0;0.08431531897602601;0.019071369196057474;0.017015706806282723
2695.5;0.018026004728132386;0.01589617555803519;0.04334677419354839
2697.0;0.017924528301886795;0.015731292517006803;0.017015706806282723
2698.5;0.018230783854001648;0.016638225255972697;0.016043635035830027
2700.0;0.019626168224299065;0.016638225255972697;0.015095605501509561
2701.5;0.048187022900763356;0.04990403071017274;0.0175513698630137
2703.0;0.035869565217391305;0.020006613756613757;0.01850632726208763
2704.5;0.01918932786044125;0.01975889285328144;0.018026004728132386
2706.0;0.020625415834996677;0.037760416666666664;0.017754480892796753
2707.5;0.019142066420664204;0.05894667254297046;0.07905457014342697
2709.0;0.01710322537202882;0.017563955708285603;0.01865038996269922
2710.5;0.017971946230274694;0.09231726741731111;0.015225395561747438
2712.0;0.015434504692713043;0.018612132352941176;0.01865038996269922
2713.5;0.018147448015122872;0.019511066553559036;0.017206835592221567
2715.0;0.01774897649906132;0.01654091700522345;0.01822145094387539
2716.5;0.018933995464669503;0.09431195000637675;0.07927829638857017
2718.0;0.020423892100192676;0.018197573656845753;0.01654091700522345
2719.5;0.01904761904761905;0.03241525423728814;0.01834862385321101
2721.0;0.05669428696031399;0.01631977799124773;0.06370772946859903
2722.5;0.017910447761194027;0.055175598788173075;0.019139945314441957
2724.0;0.01733025239957341;0.08464332475668587;0.07894736842105263
2725.5;0.03919631093544137;0.01865038996269922;0.017971946230274694
2727.0;0.036406955358635675;0.016745540589734254;0.037760416666666664
2728.5;0.01918219292329916;0.017824497257769654;0.016025963289428118
2730.0;0.038385826771653545;0.04681778842953199;0.03379065040650407
2731.5;0.016897746967071057;0.015825372934697504;0.0775369878072035
2733.0;0.044939456804544135;0.018612132352941176;0.014922830014276238
2734.5;0.03718199608610568;0.015414729630535846;0.0882034632034632
2736.0;0.016937514305333027;0.037879981099385736;0.019524316648917288
2737.5;0.018010291595197254;0.07325080800725609;0.01834061135371179
2739.0;0.07445987654320987;0.017109646505052045;0.0189328743545611
2740.5;0.018012117242508598;0.018323203432248837;0.01606832657788072
2742.0;0.017256925767414787;0.07318593182680323;0.08293195010497714
2743.5;0.053012495121608785;0.06533036377134371;0.0161839863713799
2745.0;0.015963095712199653;0.019408502772643253;0.014945495799148322
2746.5;0.0363872644574399;0.018026004728132386;0.0175513698630137
2748.0;0.0189328743545611;0.0863169700629799;0.01726263871763255
2749.5;0.01672535211267606;0.017015706806282723;0.017699115044247787
2751.0;0.015095605501509561;0.01694768198513463;0.0189328743545611
2752.5;0.016863406408094434;0.0363872644574399;0.0547029702970297
2754.0;0.017373380447585393;0.01749271137026239;0.015195702225633155
2755.5;0.019274809160305342;0.01822513964717392;0.03718199608610568
2757.0;0.017302798982188294;0.016908869962573046;0.0161839863713799
2758.5;0.015095605501509561;0.016897746967071057;0.016335052812576762
2760.0;0.0175513698630137;0.019120945859903808;0.01865038996269922
2761.5;0.015871286409530037;0.09207534913933095;0.017094017094017096
2763.0;0.0161839863713799;0.019617301817012378;0.03164091243561443
2764.5;0.016745540589734254;0.018086080586080584;0.018378465357914577
2766.0;0.01842179442537598;0.017176963732458538;0.016614200769499828
2767.5;0.018354055654233276;0.037422037422037424;0.019731800766283527
2769.0;0.01702553830746119;0.01535109722361575;0.018914784346170055
2770.5;0.0189328743545611;0.015761611791243812;0.01615789124206633
2772.0;0.04640718562874251;0.01929760156632403;0.03798297314996725
2773.5;0.06741573033707866;0.01834061135371179;0.018185821224130337
2775.0;0.017287443030017287;0.017824497257769654;0.018086080586080584
2776.5;0.015370218739033806;0.019673731176798662;0.015992751525289242
2778.0;0.0189328743545611;0.017729823897281782;0.017699115044247787
2779.5;0.04754992522213425;0.017015706806282723;0.017015706806282723
2781.0;0.03608247422680412;0.016128420893033128;0.017824497257769654
2782.5;0.01897923971725942;0.017754480892796753;0.040742157612853866
2784.0;0.01749271137026239;0.017094017094017096;0.050211416490486264
2785.5;0.015434504692713043;0.01929824561403509;0.03370786516853933
2787.0;0.018683274021352312;0.01749271137026239;0.018086080586080584
2788.5;0.015963095712199653;0.018532478954642544;0.03326226012793177
2790.0;0.017883272962794156;0.03676148796498906;0.016201463590194747
2791.5;0.01769257756716558;0.016285076905013504;0.07756813417190776
2793.0;0.0175513698630137;0.01645021645021645;0.0370850622406639
2794.5;0.017825311942959002;0.04236010125491464;0.0170487948265726
2796.0;0.01983411467724486;0.016335052812576762;0.019961612284069098
2797.5;0.017580992631420062;0.036415289256198344;0.017391304347826087
2799.0;0.015988786911306178;0.038710688538292765;0.01929824561403509
2800.5;0.015871286409530037;0.03765137029955386;0.04793735676088616
2802.0;0.0882232252769799;0.05925707547169811;0.01810699588477366
2803.5;0.01672535211267606;0.018026004728132386;0.018918918918918916
2805.0;0.0170487948265726;0.01702553830746119;0.05189423835832675
2806.5;0.0175513698630137;0.01810699588477366;0.01834862385321101
2808.0;0.018876611418047883;0.017372366712736106;0.015663069961712496
2809.5;0.053692006098889127;0.017679771605305417;0.018876611418047883
2811.0;0.051640926640926635;0.01942319011183049;0.018902169101372285
2812.5;0.016638225255972697;0.01537736404878336;0.016838000708968452
2814.0;0.04976111970930623;0.059033078880407125;0.017122114923635367
2815.5;0.01726263871763255;0.06546374918354017;0.01904761904761905
2817.0;0.01941684776984373;0.06354639064224912;0.021042084168336674
2818.5;0.015891534952116693;0.037760416666666664;0.018991486574983625
2820.0;0.0189328743545611;0.032696390658174104;0.04136384776104898
2821.5;0.01767622907113149;0.04346001398927489;0.017410714285714286
2823.0;0.034408602150537634;0.016271197798426337;0.018487434139972954
2824.5;0.016638225255972697;0.015095605501509561;0.019679300291545188
2826.0;0.017596390484003282;0.015769487034319674;0.036482952535850405
2827.5;0.056203457736358486;0.01606832657788072;0.017796927688272762
2829.0;0.056203457736358486;0.016979552792060267;0.017232945780185874
2830.5;0.016838000708968452;0.015280135823429542;0.0905349794238683
2832.0;0.01741229204378933;0.10473815461346633;0.04919423240033926
2833.5;0.0189328743545611;0.016807551075732556;0.01764234161988773
2835.0;0.016638225255972697;0.02046783625730994;0.019013666072489603
2836.5;0.0175513698630137;0.017985361523614574;0.051322494540160156
2838.0;0.019139945314441957;0.016585835752793595;0.018086080586080584
2839.5;0.016263612953345514;0.03758169934640523;0.020032700093428835
2841.0;0.07844455313728516;0.018197573656845753;0.019276956137024393
2842.5;0.03798297314996725;0.036415289256198344;0.018083944453112812
2844.0;0.017094017094017096;0.015302583076023234;0.07384742832444893
2845.5;0.01733025239957341;0.018354055654233276;0.017653142488549673
2847.0;0.046454504530953365;0.015280135823429542;0.04314890102909414
2848.5;0.016816035313051574;0.049329501915708805;0.0709382784389704
2850.0;0.016816035313051574;0.018902169101372285;0.07732555631489205
2851.5;0.018470790378006873;0.017579028527370855;0.019859629496450783
2853.0;0.018197573656845753;0.018323203432248837;0.01834862385321101
2854.5;0.0170487948265726;0.018033536949715063;0.022316247226996936
2856.0;0.018610244807272875;0.018876611418047883;0.01882395123700251
2857.5;0.017534382187836362;0.01713180436584692;0.055229926137717406
2859.0;0.01865038996269922;0.019731800766283527;0.034866898148148154
2860.5;0.08466533466533468;0.03920012696397398;0.02021530205360102
2862.0;0.04342736690292901;0.01747700394218134;0.01870126765190809
2863.5;0.018470790378006873;0.019274809160305342;0.04563583371682774
2865.0;0.01749271137026239;0.01756386861313869;0.015517241379310345
2866.5;0.01769257756716558;0.018790849673202614;0.0497485632183908
2868.0;0.016638225255972697;0.018378465357914577;0.08413719185423367
2869.5;0.015871286409530037;0.018269990280215635;0.03763440860215054
2871.0;0.0189328743545611;0.019345238095238096;0.03072899640405361
2872.5;0.08333173436690525;0.01749271137026239;0.019997275594278198
2874.0;0.018010291595197254;0.017462905276233176;0.017366058035252332
2875.5;0.016403046280023436;0.01770244821092279;0.05595393307257713
2877.0;0.04703135423615744;0.017507501903246923;0.018595825426944972
2878.5;0.039603960396039604;0.017596390484003282;0.018836565096952907
2880.0;0.01654091700522345;0.017762719395689845;0.020086284739640813
2881.5;0.018026004728132386;0.01884580703336339;0.019263204616067467
2883.0;0.017094017094017096;0.02019230769230769;0.04344251033112443
2884.5;0.07007575757575758;0.0188212927756654;0.019801980198019802
2886.0;0.0170487948265726;0.018010456796917998;0.017674869549113806
2887.5;0.018010291595197254;0.0161839863713799;0.017699115044247787
2889.0;0.015871286409530037;0.035885989010989015;0.01882395123700251
2890.5;0.0161839863713799;0.06463933691756273;0.04338315712723296
2892.0;0.03676148796498906;0.019514918322826664;0.034110097939885176
2893.5;0.018202378957949406;0.03240740740740741;0.017394324009400736
2895.0;0.017756375977508697;0.019731800766283527;0.04613036742433001
2896.5;0.018010291595197254;0.03411405295315682;0.09302736098852603
2898.0;0.017699115044247787;0.018323203432248837;0.01834061135371179
2899.5;0.01702553830746119;0.017422563586744363;0.05501152073732719
2901.0;0.01597712748065927;0.01834862385321101;0.020706771373536822
2902.5;0.051640926640926635;0.016984251128728357;0.019142066420664204
2904.0;0.051640926640926635;0.03608815426997245;0.018323203432248837
2905.5;0.017547197908565945;0.017035275904014154;0.020006613756613757
2907.0;0.043703007518796994;0.020625415834996677;0.03370786516853933
2908.5;0.015871286409530037;0.018195147960543855;0.038379106579712816
2910.0;0.015095605501509561;0.016348533050547898;0.0166066930978469
2911.5;0.01810699588477366;0.018026004728132386;0.04947592975275683
2913.0;0.015136118568480843;0.018710829325171256;0.019598155467720684
2914.5;0.018010291595197254;0.05295944707553043;0.0153103221203973
2916.0;0.0161839863713799;0.017784033907717336;0.01862097440132122
2917.5;0.08954302181967888;0.032135306553911204;0.019877181641887523
2919.0;0.015095605501509561;0.01727990000781189;0.032542579075425786
2920.5;0.017094017094017096;0.01810699588477366;0.019112757670751403
2922.0;0.017754480892796753;0.03889818901232689;0.018026004728132386
2923.5;0.07771195869669424;0.03907386681589256;0.018350187478695604
2925.0;0.015095605501509561;0.04323957584898389;0.03718199608610568
2926.5;0.06859415127164278;0.03878406708595388;0.018792559974975337
2928.0;0.04083665338645418;0.016808306987266874;0.018487434139972954
2929.5;0.07750759878419453;0.03718199608610568;0.01715933414707495
2931.0;0.015731292517006803;0.05561797752808989;0.03486394557823129
2932.5;0.01850632726208763;0.018026004728132386;0.019395134779750165
2934.0;0.0161839863713799;0.018354055654233276;0.05681028492008339
2935.5;0.016676298192025096;0.03879026955950033;0.039603960396039604
2937.0;0.01488644788002137;0.016429426632965278;0.017460979111666896
2938.5;0.015724726735506497;0.0188212927756654;0.016335052812576762
2940.0;0.018470790378006873;0.017302798982188294;0.03528138528138528
2941.5;0.015809071886378992;0.01678154888258163;0.017699115044247787
2943.0;0.019327580007191657;0.07182211727666273;0.03557838660578387
2944.5;0.03241525423728814;0.018470790378006873;0.02041832669322709
2946.0;0.017302798982188294;0.04878444084278768;0.03361344537815126
2947.5;0.018010291595197254;0.040091455309193384;0.08678078934854969
2949.0;0.016745540589734254;0.03913393432066967;0.03780201396261622
2950.5;0.01842179442537598;0.019961612284069098;0.019598155467720684
2952.0;0.04536862003780718;0.08141263940520445;0.0677583518016909
2953.5;0.0170487948265726;0.016257905732192428;0.016432816616628883
2955.0;0.01597712748065927;0.016838000708968452;0.04135350119002882
2956.5;0.07753473472714523;0.018532729644693425;0.01950286806883365
2958.0;0.018026004728132386;0.019961612284069098;0.01929760156632403
2959.5;0.016863406408094434;0.01849148418491484;0.018876611418047883
2961.0;0.03758169934640523;0.04736686310396731;0.017574414186193793
2962.5;0.018848906360245943;0.02019230769230769;0.036790780141843976
2964.0;0.0175513698630137;0.03919631093544137;0.05080482897384306
2965.5;0.016745540589734254;0.018846829579939307;0.0577355015497956
2967.0;0.017547197908565945;0.018926044497054154;0.034408602150537634
2968.5;0.017547197908565945;0.017825311942959002;0.01838106575169806
2970.0;0.015095605501509561;0.08014041377249982;0.01950286806883365
2971.5;0.015871286409530037;0.0899531145344943;0.024582338902147973
2973.0;0.01842179442537598;0.018696455568620863;0.017789072426937738
2974.5;0.017498443680569787;0.05235288977776914;0.03418935643564356
2976.0;0.017498443680569787;0.01749271137026239;0.020631538551860215
2977.5;0.017443347491498312;0.03411405295315682;0.019104808180583993
2979.0;0.015711796950363736;0.018086080586080584;0.032392026578073094
2980.5;0.015711796950363736;0.03469827586206897;0.019959491806297185
2982.0;0.015711796950363736;0.0383888532991672;0.018022181146025877
2983.5;0.015711796950363736;0.016350508084219045;0.01819154628143392
2985.0;0.015711796950363736;0.018960244648318046;0.07906935598018401
2986.5;0.01741601350785099;0.01620148055835879;0.06836813611755606
2988.0;0.01741601350785099;0.018937169700528483;0.03312144529943125
2989.5;0.016550266845809666;0.016348533050547898;0.03758169934640523
2991.0;0.015687178238012765;0.020006613756613757;0.05667562724014336
2992.5;0.017393838281482624;0.018822613968713944;0.03954711802378774
2994.0;0.017389540773412943;0.01641928887129758;0.035150354347229816
2995.5;0.017389540773412943;0.049275362318840575;0.018535270895881903
2997.0;0.018246600758721136;0.07927063339731287;0.018185821224130337
2998.5;0.08458244111349036;0.015366685119897437;0.03423626787057938
3000.0;0.018026004728132386;0.017391304347826087;0.02206744945518342
3001.5;0.018937169700528483;0.0161839863713799;0.021194100856327308
3003.0;0.01702553830746119;0.0189328743545611;0.04093241620264221
3004.5;0.07982297137486379;0.01882395123700251;0.019108253052899673
3006.0;0.01840766984546031;0.08420386198163977;0.07392316647264262
3007.5;0.017460084355449466;0.03476946334089191;0.021868250539956804
3009.0;0.01742454262104108;0.019020693899530733;0.05138483965014577
3010.5;0.01742454262104108;0.016816035313051574;0.021384021384021387
3012.0;0.017413917505226417;0.0175513698630137;0.061672908863920115
3013.5;0.0674812457863563;0.015731292517006803;0.017245221009738864
3015.0;0.016543753554588047;0.019731800766283527;0.03655959425190194
3016.5;0.017393220519783096;0.018176276971839572;0.01995423748959943
3018.0;0.01483072226380935;0.016638225255972697;0.01950286806883365
3019.5;0.015678888056966853;0.016604605213162094;0.01727990000781189
3021.0;0.015678888056966853;0.01749271137026239;0.03528138528138528
3022.5;0.015731292517006803;0.01702553830746119;0.033547008547008546
3024.0;0.08302956662616444;0.019408502772643253;0.058333333333333334
3025.5;0.014945495799148322;0.015139193690331638;0.018325444682184614
3027.0;0.01597712748065927;0.07620041753653445;0.019673731176798662
3028.5;0.016745540589734254;0.016863406408094434;0.016962900268020876
3030.0;0.016638225255972697;0.018010291595197254;0.06780074088516279
3031.5;0.016638225255972697;0.018612132352941176;0.01874025924658836
3033.0;0.0175513698630137;0.041666666666666664;0.038385826771653545
3034.5;0.04260299625468165;0.040013227513227514;0.020182120243244936
3036.0;0.0161839863713799;0.018143754361479414;0.03383900242922658
3037.5;0.0189328743545611;0.09687743950039032;0.019580419580419582
3039.0;0.015095605501509561;0.07371310987757419;0.04824502570981445
3040.5;0.015001087035292413;0.04260299625468165;0.020506122643717747
3042.0;0.016676298192025096;0.0425033467202142;0.02365353750624885
3043.5;0.016676298192025096;0.01645021645021645;0.019686839641662963
3045.0;0.045928030303030304;0.01847050971300102;0.019230769230769232
3046.5;0.01850632726208763;0.019408502772643253;0.034408602150537634
3048.0;0.015809071886378992;0.01834862385321101;0.019877675840978597
3049.5;0.07922182109907742;0.017215791035915702;0.01904761904761905
3051.0;0.07922182109907742;0.019139945314441957;0.021577380952380952
3052.5;0.016745540589734254;0.0196078431372549;0.019630596654095347
3054.0;0.015280135823429542;0.017921091340156278;0.02114561027837259
3055.5;0.017623877982923447;0.0350922131147541;0.04053965836144054
3057.0;0.017498443680569787;0.01814552172099398;0.03328173831004186
3058.5;0.05048076923076923;0.0425033467202142;0.018928608425940407
3060.0;0.016863406408094434;0.018026004728132386;0.034866898148148154
3061.5;0.016863406408094434;0.01784040701566475;0.020966880341880344
3063.0;0.01850632726208763;0.09190371991247265;0.022647647647647647
3064.5;0.018010291595197254;0.0363872644574399;0.01890359168241966
3066.0;0.01865038996269922;0.015861825872400422;0.02486498649864986
3067.5;0.08560945780676722;0.015280135823429542;0.06650990930466913
3069.0;0.01850632726208763;0.016638225255972697;0.020540035195776508
3070.5;0.08569059601627427;0.06859415127164278;0.045086351826379344
3072.0;0.08569059601627427;0.015225395561747438;0.04096478285970876
3073.5;0.08569059601627427;0.017206835592221567;0.036837690479519083
3075.0;0.014910112661872163;0.04083665338645418;0.017260469222630425
3076.5;0.019345238095238096;0.0170487948265726;0.01952546389809054
3078.0;0.019345238095238096;0.05048076923076923;0.035120356856537915
3079.5;0.08033826638477802;0.01726263871763255;0.04185354033185477
3081.0;0.01597712748065927;0.03476482617586912;0.019731800766283527
3082.5;0.017623877982923447;0.016838000708968452;0.02300150829562594
3084.0;0.018470790378006873;0.09487865235418103;0.020256635794484397
3085.5;0.015001087035292413;0.017537941959351353;0.025120192307692305
3087.0;0.015809071886378992;0.03718199608610568;0.03534031413612565
3088.5;0.01663225731761437;0.015001087035292413;0.019918961230315866
3090.0;0.0175513698630137;0.017699115044247787;0.01742731104391108
3091.5;0.017094017094017096;0.016043635035830027;0.03398920977467471
3093.0;0.017094017094017096;0.015831002263857863;0.047513351134846456
3094.5;0.01597712748065927;0.017699115044247787;0.023559088404232088
3096.0;0.0175513698630137;0.018026004728132386;0.050556983718937444
3097.5;0.016863406408094434;0.016863406408094434;0.03370786516853933
3099.0;0.015001087035292413;0.018086080586080584;0.03414076395358685
3100.5;0.015001087035292413;0.018354055654233276;0.022647647647647647
3102.0;0.03879026955950033;0.017094017094017096;0.03939724830749071
3103.5;0.01549874155517287;0.017094017094017096;0.018086080586080584
3105.0;0.08185214371187578;0.0161839863713799;0.04044483663679971
3106.5;0.08185214371187578;0.018010291595197254;0.025278491859468722
3108.0;0.016807551075732556;0.016745540589734254;0.03690052807414592
3109.5;0.038385826771653545;0.01865038996269922;0.022946315226832367
3111.0;0.08048289738430583;0.018026004728132386;0.03423180592991914
3112.5;0.019139945314441957;0.019139945314441957;0.019981441385709866
3114.0;0.014965094221118901;0.015280135823429542;0.03705598119449765
3115.5;0.018086080586080584;0.0161839863713799;0.018985597861036867
3117.0;0.07957866872552805;0.016745540589734254;0.019098466389565714
3118.5;0.014965094221118901;0.0189328743545611;0.018764803930169317
3120.0;0.015095605501509561;0.016638225255972697;0.018960986152004155
3121.5;0.018848906360245943;0.016638225255972697;0.06736938588450962
3123.0;0.01597712748065927;0.016638225255972697;0.04594594594594594
3124.5;0.04536862003780718;0.017754480892796753;0.06813186813186813
3126.0;0.01850632726208763;0.01834862385321101;0.021588649433009085
3127.5;0.01865038996269922;0.017391304347826087;0.021568759543698912
3129.0;0.0161839863713799;0.0161839863713799;0.018876611418047883
3130.5;0.01784040701566475;0.017094017094017096;0.03312144529943125
3132.0;0.019731800766283527;0.01850632726208763;0.046627491057741444
3133.5;0.018185480622028842;0.014945495799148322;0.019019970088853703
3135.0;0.015881731881953187;0.050912176495545185;0.05362144857943176
3136.5;0.03674948240165632;0.016217853406024562;0.01889189308739453
3138.0;0.016468992979866464;0.016217853406024562;0.03416594889463106
3139.5;0.015225395561747438;0.016217853406024562;0.041937709442144686
3141.0;0.049329501915708805;0.04669797654808557;0.019343364746474027
3142.5;0.015095605501509561;0.04669797654808557;0.02006913060987069
3144.0;0.018470790378006873;0.04669797654808557;0.04047456151262595
3145.5;0.015095605501509561;0.04669797654808557;0.1309124767225326
3147.0;0.018026004728132386;0.04875717017208413;0.03318419090231171
3148.5;0.018612132352941176;0.016863406408094434;0.0185246768307241
3150.0;0.01672535211267606;0.0161839863713799;0.042162295621639416
3151.5;0.016429426632965278;0.015095605501509561;0.04314890102909414
3153.0;0.01726263871763255;0.017623877982923447;0.018595825426944972
3154.5;0.019801980198019802;0.015280135823429542;0.017824497257769654
3156.0;0.01900256574727389;0.015731292517006803;0.018741633199464522
3157.5;0.018467581137242655;0.017754480892796753;0.05823117338003503
3159.0;0.03397147147147147;0.06430155210643015;0.02080063687023769
3160.5;0.016429426632965278;0.017094017094017096;0.01875183593723315
3162.0;0.01694768198513463;0.049329501915708805;0.07755102040816328
3163.5;0.017699115044247787;0.016863406408094434;0.08406558565087419
3165.0;0.01537736404878336;0.017679771605305417;0.020089311946389327
3166.5;0.016775307882501863;0.017679771605305417;0.0931268151016457
3168.0;0.038100208768267224;0.018371212121212118;0.033366867873910126
3169.5;0.019139945314441957;0.08901734104046244;0.020212060967528162
3171.0;0.015033359741139864;0.05110916520723875;0.020212060967528162
3172.5;0.018086080586080584;0.04761187902011769;0.018884892086330932
3174.0;0.017699115044247787;0.018354055654233276;0.017523948933647095
3175.5;0.0175513698630137;0.01606832657788072;0.033721334468166726
3177.0;0.018197573656845753;0.017373380447585393;0.018354055654233276
3178.5;0.019675925925925927;0.017373380447585393;0.019569217703123525
3180.0;0.05081828160862189;0.017287443030017287;0.019589314919135018
3181.5;0.05346127484578478;0.0851134680921915;0.02147199865559937
3183.0;0.0189328743545611;0.0189328743545611;0.04940414211019043
3184.5;0.019274809160305342;0.015731292517006803;0.037285441830896375
3186.0;0.015603351347430272;0.07668608086435384;0.05941869021339218
3187.5;0.0189328743545611;0.05280246069719753;0.04821226049065839
3189.0;0.017699115044247787;0.015225395561747438;0.02024497353711488
3190.5;0.018086080586080584;0.018610244807272875;0.01656929980526628
3192.0;0.017596390484003282;0.018610244807272875;0.020625415834996677
3193.5;0.10015770383220313;0.018610244807272875;0.01772899957788096
3195.0;0.019408502772643253;0.018610244807272875;0.018010456796917998
3196.5;0.017121863302370723;0.01848360454802751;0.022234273318872018
3198.0;0.017121863302370723;0.01654091700522345;0.020776495278069258
3199.5;0.015139193690331638;0.018610244807272875;0.04762263227724822
3201.0;0.0189328743545611;0.018010291595197254;0.02041832669322709
3202.5;0.017623877982923447;0.015001087035292413;0.024760765550239233
3204.0;0.017547197908565945;0.017094017094017096;0.020240539747726608
3205.5;0.016863406408094434;0.07672379434037466;0.0190410558409556
3207.0;0.01850632726208763;0.01842179442537598;0.03733259406478591
3208.5;0.01850632726208763;0.01488644788002137;0.03300733496332518
3210.0;0.08302956662616444;0.01830736743700201;0.01962999889221225
3211.5;0.0175513698630137;0.018277260861902424;0.017997873198381118
3213.0;0.01865038996269922;0.018277260861902424;0.017915564697815654
3214.5;0.017373380447585393;0.015731292517006803;0.019292604501607715
3216.0;0.017623877982923447;0.07061592781482934;0.05124892334194659
3217.5;0.018332165356039182;0.07551140668406431;0.01770928953210549
3219.0;0.017373380447585393;0.08103813559322035;0.020625415834996677
3220.5;0.0170487948265726;0.017754480892796753;0.01941695397309654
3222.0;0.018010291595197254;0.017754480892796753;0.017924528301886795
3223.5;0.01871657754010695;0.01842179442537598;0.019234740232923105
3225.0;0.018683274021352312;0.01842179442537598;0.04206865092941042
3226.5;0.015095605501509561;0.07883717752634664;0.018467806572268233
3228.0;0.0175513698630137;0.01830736743700201;0.017878728517575333
3229.5;0.040013227513227514;0.01597712748065927;0.018595825426944972
3231.0;0.040013227513227514;0.051640926640926635;0.0528117359413203
3232.5;0.015731292517006803;0.015871286409530037;0.018426930440331845
3234.0;0.049329501915708805;0.015280135823429542;0.019877181641887523
3235.5;0.07303592577970786;0.015280135823429542;0.016948140616779673
3237.0;0.07905457014342697;0.0175513698630137;0.019877675840978597
3238.5;0.018026004728132386;0.0161839863713799;0.033547008547008546
3240.0;0.06176900584795322;0.08893709327548807;0.01770797136701647
3241.5;0.040013227513227514;0.01597712748065927;0.02019230769230769
3243.0;0.015871286409530037;0.07547665433531073;0.016348533050547898
3244.5;0.042924211938296444;0.014870091759449306;0.0188212927756654
3246.0;0.0175513698630137;0.0189328743545611;0.019659185369908565
3247.5;0.018354055654233276;0.01850632726208763;0.032696390658174104
3249.0;0.0175513698630137;0.08458244111349036;0.04468816500245539
3250.5;0.038441422594142266;0.08458244111349036;0.01950286806883365
3252.0;0.01741229204378933;0.06859415127164278;0.017015706806282723
3253.5;0.017718839216707832;0.015769487034319674;0.017462905276233176
3255.0;0.018542982094232656;0.015280135823429542;0.018026004728132386
3256.5;0.0161839863713799;0.016638225255972697;0.01756386861313869
3258.0;0.016863406408094434;0.01597712748065927;0.018595825426944972
3259.5;0.09041394335511982;0.015809071886378992;0.01950286806883365
3261.0;0.054818744473916894;0.04425612052730697;0.05096618357487923
3262.5;0.0184946522287916;0.01672535211267606;0.01834862385321101
3264.0;0.03650793650793652;0.017094017094017096;0.03872640049520272
3265.5;0.0173511462972126;0.0170487948265726;0.03542094455852156
3267.0;0.017754480892796753;0.015731292517006803;0.03469827586206897
3268.5;0.018026004728132386;0.016745540589734254;0.0716765873015873
3270.0;0.01726263871763255;0.016745540589734254;0.018599688194852658
3271.5;0.018716969225741748;0.017373380447585393;0.019092388356535886
3273.0;0.01942319011183049;0.0161839863713799;0.018595825426944972
3274.5;0.017094017094017096;0.015095605501509561;0.037285441830896375
3276.0;0.03167271527548663;0.017015706806282723;0.01866853590528157
3277.5;0.015382532618076592;0.0532795156407669;0.03463203463203463
3279.0;0.03297872340425532;0.018937370139507272;0.05172544558210088
3280.5;0.019521001722538754;0.015280135823429542;0.017391304347826087
3282.0;0.015655097488228475;0.0882232252769799;0.01929760156632403
3283.5;0.018026004728132386;0.016863406408094434;0.017045454545454544
3285.0;0.045540153683893324;0.08033826638477802;0.06299045599151644
3286.5;0.047619047619047616;0.017094017094017096;0.019138359569179784
3288.0;0.0175513698630137;0.07548669050456894;0.017824497257769654
3289.5;0.01845342706502636;0.016863406408094434;0.01942319011183049
3291.0;0.017679771605305417;0.019179429534916397;0.018683274021352312
3292.5;0.04703135423615744;0.017923531483583142;0.020212060967528162
3294.0;0.017971946230274694;0.017444391181931886;0.017460979111666896
3295.5;0.019269640210214257;0.01971494409831868;0.01904761904761905
3297.0;0.016348533050547898;0.015154962909024714;0.037760416666666664
3298.5;0.02088974854932302;0.015154962909024714;0.016785765670711238
3300.0;0.018876611418047883;0.018010291595197254;0.03411405295315682
3301.5;0.016917819729987117;0.018354055654233276;0.03878406708595388
3303.0;0.018848906360245943;0.015280135823429542;0.017373380447585393
3304.5;0.04536862003780718;0.015517241379310345;0.01643951102992834
3306.0;0.016745540589734254;0.01813557316928901;0.0171214291650981
3307.5;0.018010291595197254;0.01950286806883365;0.0170487948265726
3309.0;0.058823529411764705;0.018163597644995613;0.01576182136602452
3310.5;0.016785765670711238;0.035751028806584366;0.01749271137026239
3312.0;0.016403046280023436;0.017509906921021105;0.020639200083760863
3313.5;0.019408502772643253;0.0170487948265726;0.018693910653025635
3315.0;0.03923941604247757;0.018612132352941176;0.019263204616067467
3316.5;0.018354055654233276;0.01999107541276216;0.017202407162777045
3318.0;0.0189328743545611;0.018242207460398566;0.018612132352941176
3319.5;0.0574398249452954;0.016217853406024562;0.019082371238858645
3321.0;0.015755085912057668;0.018325444682184614;0.017971946230274694
3322.5;0.01665303193822454;0.05020283975659229;0.01769786396640252
3324.0;0.05149558123725356;0.015280135823429542;0.017094017094017096
3325.5;0.01879117923894043;0.015871286409530037;0.018010291595197254
3327.0;0.016807551075732556;0.017373380447585393;0.01845342706502636
3328.5;0.0161839863713799;0.01726263871763255;0.015861825872400422
3330.0;0.017094017094017096;0.019345238095238096;0.019142066420664204
3331.5;0.017094017094017096;0.018848906360245943;0.017391304347826087
3333.0;0.06900452488687782;0.01950286806883365;0.018683274021352312
3334.5;0.016979552792060267;0.016201463590194747;0.018612132352941176
3336.0;0.017754480892796753;0.0470532319391635;0.015245106155354892
3337.5;0.01654091700522345;0.018323203432248837;0.022162324049116503
3339.0;0.017699115044247787;0.018683274021352312;0.017930488177768877
3340.5;0.01834862385321101;0.017206835592221567;0.019345238095238096
3342.0;0.040013227513227514;0.06145584725536992;0.0170487948265726
3343.5;0.01783664661861255;0.04892153180047844;0.019114380899500277
3345.0;0.01597712748065927;0.03240740740740741;0.01645021645021645
3346.5;0.018683274021352312;0.02019230769230769;0.015095605501509561
3348.0;0.017754480892796753;0.017824497257769654;0.04875717017208413
3349.5;0.015280135823429542;0.017699115044247787;0.0363872644574399
3351.0;0.015280135823429542;0.017699115044247787;0.01783664661861255
3352.5;0.09201388888888888;0.017699115044247787;0.01672535211267606
3354.0;0.051958433253397295;0.015871286409530037;0.018026004728132386
3355.5;0.01925540345430268;0.06973170529113713;0.019139945314441957
3357.0;0.01925540345430268;0.048187022900763356;0.015154962909024714
3358.5;0.018354055654233276;0.01780160609014529;0.01766843911960692
3360.0;0.018612132352941176;0.03326226012793177;0.015225395561747438
3361.5;0.018012117242508598;0.01903411557047368;0.03718199608610568
3363.0;0.01774860686154741;0.04099192988081877;0.015731292517006803
3364.5;0.018470790378006873;0.018371212121212118;0.015731292517006803
3366.0;0.018314772574802095;0.0161839863713799;0.043703007518796994
3367.5;0.05969267139479905;0.018803418803418803;0.043703007518796994
3369.0;0.018197573656845753;0.019675925925925927;0.035869565217391305
3370.5;0.06741573033707866;0.017961645808949312;0.01747051617707107
3372.0;0.017934291168491913;0.04375327887281721;0.017089125102207687
3373.5;0.015225395561747438;0.017154737992035804;0.015370218739033806
3375.0;0.017094017094017096;0.01918932786044125;0.017699115044247787
3376.5;0.018487434139972954;0.020999704229517892;0.03282828282828283
3378.0;0.019013666072489603;0.05440048013032108;0.03397147147147147
3379.5;0.017460979111666896;0.016719155551700438;0.01627326307232239
3381.0;0.03608247422680412;0.017094017094017096;0.019274809160305342
3382.5;0.01739488140436253;0.017623877982923447;0.05721859203550733
3384.0;0.018937169700528483;0.017094017094017096;0.0463815712032394
3385.5;0.015069294547215105;0.015280135823429542;0.0175513698630137
3387.0;0.019142066420664204;0.015809071886378992;0.07484407484407485
3388.5;0.0188212927756654;0.0189328743545611;0.039603960396039604
3390.0;0.016988416988416986;0.04409448818897638;0.01589496047739557
3391.5;0.03314777327935223;0.03961127953818681;0.05969267139479905
3393.0;0.047415008786583654;0.053202081824234075;0.018696455568620863
3394.5;0.015076491161892115;0.019527766042341455;0.07627329599423537
3396.0;0.038385826771653545;0.018197573656845753;0.052238777026633945
3397.5;0.01702553830746119;0.017391304347826087;0.016403046280023436
3399.0;0.015731292517006803;0.019142066420664204;0.016897746967071057
3400.5;0.01606832657788072;0.06145584725536992;0.015188609731168737
3402.0;0.018010291595197254;0.0930657977476705;0.03718199608610568
3403.5;0.04703135423615744;0.019731800766283527;0.06584821428571429
3405.0;0.018010291595197254;0.04344209446144625;0.03674948240165632
3406.5;0.0170487948265726;0.01882265281965841;0.04468816500245539
3408.0;0.015095605501509561;0.017094017094017096;0.09109884470826457
3409.5;0.018010291595197254;0.0170487948265726;0.01865038996269922
3411.0;0.018612132352941176;0.017910447761194027;0.018010291595197254
3412.5;0.018716969225741748;0.01678765880217786;0.0170487948265726
3414.0;0.017094017094017096;0.01890359168241966;0.09429626959812579
3415.5;0.0170487948265726;0.125452016689847;0.01606832657788072
3417.0;0.015280135823429542;0.019013666072489603;0.0189328743545611
3418.5;0.01756386861313869;0.01918932786044125;0.0175513698630137
3420.0;0.06715303951934919;0.041250831669993354;0.015809071886378992
3421.5;0.017875123723664534;0.020212060967528162;0.019139945314441957
3423.0;0.018612132352941176;0.017134997433140575;0.01675356994726551
3424.5;0.017094017094017096;0.01904761904761905;0.0189328743545611
3426.0;0.01645021645021645;0.016348533050547898;0.045928030303030304
3427.5;0.018086080586080584;0.044343790191802276;0.044811320754716985
3429.0;0.016937514305333027;0.041112828438949;0.042800918333879966
3430.5;0.066987830091027;0.01749271137026239;0.08436558876033959
3432.0;0.03919631093544137;0.01890359168241966;0.01834862385321101
3433.5;0.018026004728132386;0.04047456151262595;0.019139945314441957
3435.0;0.015069294547215105;0.03557483731019522;0.015517241379310345
3436.5;0.018010291595197254;0.050556983718937444;0.018086080586080584
3438.0;0.03584015103838892;0.05405268490374873;0.01705018909044292
3439.5;0.05296515577986993;0.031175059952038366;0.0161839863713799
3441.0;0.015926194828320746;0.037299601519785;0.01850632726208763
3442.5;0.07183940816951206;0.03660205608071549;0.0552187093980078
3444.0;0.05822784810126582;0.020123834340656028;0.018052243358660087
3445.5;0.018487434139972954;0.018559977888336097;0.016664843504300385
3447.0;0.016293098349991132;0.019408502772643253;0.041666666666666664
3448.5;0.0175513698630137;0.020171743357096563;0.07604893024584117
3450.0;0.018026004728132386;0.019139945314441957;0.015798668573620674
3451.5;0.017094017094017096;0.05215419501133787;0.05394088669950739
3453.0;0.048187022900763356;0.01766318140290326;0.018371212121212118
3454.5;0.019192913385826772;0.053562653562653564;0.018876611418047883
3456.0;0.01942319011183049;0.01819154628143392;0.015992751525289242
3457.5;0.017603269400950756;0.04160206718346253;0.036783854166666664
3459.0;0.03879026955950033;0.020212060967528162;0.08602150537634409
3460.5;0.01733025239957341;0.032135306553911204;0.016863406408094434
3462.0;0.017824497257769654;0.018163597644995613;0.01842179442537598
3463.5;0.017679771605305417;0.018185821224130337;0.019013666072489603
3465.0;0.017971946230274694;0.09995399125833908;0.019139945314441957
3466.5;0.051617709663686666;0.05408970976253298;0.022674418604651164
3468.0;0.017971946230274694;0.018026004728132386;0.03674948240165632
3469.5;0.017824497257769654;0.018010291595197254;0.018041485106324483
3471.0;0.018026004728132386;0.02052217855137563;0.07994672191801096
3472.5;0.017094017094017096;0.018354055654233276;0.06017878773524257
3474.0;0.017094017094017096;0.05882658359293873;0.01904761904761905
3475.5;0.041666666666666664;0.018242207460398566;0.020221643634421527
3477.0;0.01597712748065927;0.01582304346556908;0.020240539747726608
3478.5;0.017754480892796753;0.018010291595197254;0.07212157495618374
3480.0;0.01842179442537598;0.019961612284069098;0.021209753919982144
3481.5;0.018010291595197254;0.0162748643761302;0.019148261629328103
3483.0;0.01597712748065927;0.03608247422680412;0.017987706243934
3484.5;0.017015706806282723;0.09609977651214766;0.017574414186193793
3486.0;0.0161839863713799;0.08302956662616444;0.018281057841059503
3487.5;0.017094017094017096;0.018487434139972954;0.01645021645021645
3489.0;0.016638225255972697;0.0159809754693413;0.03383297644539615
3490.5;0.015095605501509561;0.0188212927756654;0.033713054187192115
3492.0;0.01834862385321101;0.016317890407644853;0.018336267418923795
3493.5;0.017563955708285603;0.01645021645021645;0.03397147147147147
3495.0;0.04577915180770813;0.0175513698630137;0.05410447761194029
3496.5;0.08518143560965831;0.01608187134502924;0.01775762362993756
3498.0;0.07295539199433264;0.015225395561747438;0.017568189405563813
3499.5;0.016638225255972697;0.017094017094017096;0.016864317503295805
3501.0;0.016403046280023436;0.018876611418047883;0.019598155467720684
3502.5;0.017368069472277887;0.03736263736263736;0.018799838724128666
3504.0;0.01813557316928901;0.04511610297829379;0.017622686572652375
3505.5;0.017654572722154673;0.018746052819612127;0.01934551849758181
3507.0;0.018010291595197254;0.0188212927756654;0.032468379514853034
3508.5;0.016863406408094434;0.0196078431372549;0.01950286806883365
3510.0;0.018848906360245943;0.01820950144064672;0.036790780141843976
3511.5;0.015095605501509561;0.019375364664178694;0.04077737169383195
3513.0;0.0875542284072342;0.016838000708968452;0.019598155467720684
3514.5;0.015033359741139864;0.0170487948265726;0.02045087467867786
3516.0;0.018354055654233276;0.017373380447585393;0.018544683857294242
3517.5;0.016830578931359627;0.07061592781482934;0.022296960637767812
3519.0;0.016863406408094434;0.017083111144968386;0.017995570321151715
3520.5;0.01836806645203033;0.035869565217391305;0.020826905276149332
3522.0;0.016582472972657695;0.05118168389955687;0.021240728253540123
3523.5;0.015517241379310345;0.051059730250481696;0.02118989405052975
3525.0;0.018470790378006873;0.04875717017208413;0.04056754596322942
3526.5;0.0189328743545611;0.01865038996269922;0.018543046357615892
3528.0;0.017699115044247787;0.019345238095238096;0.03418935643564356
3529.5;0.016863406408094434;0.03528138528138528;0.020052693208430915
3531.0;0.017094017094017096;0.01846545686087233;0.03748733535967579
3532.5;0.015095605501509561;0.01735552986222736;0.02389241549804171
3534.0;0.017547197908565945;0.03423626787057938;0.019274809160305342
3535.5;0.015769487034319674;0.017261054113431307;0.03537252221462748
3537.0;0.01850632726208763;0.03718199608610568;0.033950617283950615
3538.5;0.017547197908565945;0.01865038996269922;0.018657905593889457
3540.0;0.016897746967071057;0.033547008547008546;0.01995528228060369
3541.5;0.018725889831170253;0.018430677661918717;0.01982057751611999
3543.0;0.0334685598377282;0.05394088669950739;0.04640095181439619
3544.5;0.09028999489245787;0.01786160663560959;0.03620833182525606
3546.0;0.016638225255972697;0.020438029874848607;0.017825311942959002
3547.5;0.01597712748065927;0.017228611868807586;0.034670398009950254
3549.0;0.05149558123725356;0.017824497257769654;0.020212060967528162
3550.5;0.07974060285817221;0.03988673139158575;0.019192913385826772
3552.0;0.07974060285817221;0.018063742037492433;0.056935607598935074
3553.5;0.07672379434037466;0.018354055654233276;0.019589314919135018
3555.0;0.018683274021352312;0.0175513698630137;0.0216686412670699
3556.5;0.015280135823429542;0.017824497257769654;0.04590570719602978
3558.0;0.01672535211267606;0.017563955708285603;0.04022736754276178
3559.5;0.015731292517006803;0.018876611418047883;0.019274809160305342
3561.0;0.015414729630535846;0.01834862385321101;0.017164417047507707
3562.5;0.01672239597595953;0.01756386861313869;0.01950286806883365
3564.0;0.016227244820246782;0.05088062622309198;0.05445326278659612
3565.5;0.018876611418047883;0.11272416737830913;0.018849988955854977
3567.0;0.019944341372912802;0.0189328743545611;0.050767560096747134
3568.5;0.040491315844332534;0.015095605501509561;0.01904761904761905
3570.0;0.016293098349991132;0.015095605501509561;0.04819277108433735
3571.5;0.01512779241718377;0.08853055590412849;0.02031765860622825
3573.0;0.042924211938296444;0.018354055654233276;0.017888659245259772
3574.5;0.018792559974975337;0.017699115044247787;0.08678078934854969
3576.0;0.01769257756716558;0.018010291595197254;0.06145584725536992
3577.5;0.016863406408094434;0.015731292517006803;0.05113448595494297
3579.0;0.0189328743545611;0.017391304347826087;0.018010456796917998
3580.5;0.017094017094017096;0.07099573671360077;0.016429426632965278
3582.0;0.017824497257769654;0.01658516707416463;0.018026004728132386
3583.5;0.018683274021352312;0.11071623838162932;0.022122793934874475
3585.0;0.05561797752808989;0.020212060967528162;0.03800009123671365
3586.5;0.01810188254965837;0.01557667754291389;0.02114561027837259
3588.0;0.01764086686045446;0.0161839863713799;0.05105377906976744
3589.5;0.051059730250481696;0.01862097440132122;0.019036713876376336
3591.0;0.0935251798561151;0.019276956137024393;0.01893261331464566
3592.5;0.01612259159428971;0.01825832082825033;0.057716049382716045
3594.0;0.036783854166666664;0.06235011990407673;0.020006613756613757
3595.5;0.017754480892796753;0.019626168224299065;0.019731800766283527
3597.0;0.08747300215982722;0.01591511423210106;0.020240539747726608
3598.5;0.015809071886378992;0.018543046357615892;0.03412017167381975
