#auto generated file!
6.0;0.03296724503186298;0.03296724503186298;0.03296724503186298
7.5;0.03296724503186298;0.03296724503186298;0.03296724503186298
9.0;0.03296724503186298;0.03296724503186298;0.03296724503186298
10.5;0.03296724503186298;0.03296724503186298;0.03296724503186298
12.0;0.03296724503186298;0.03296724503186298;0.03296724503186298
13.5;0.03296724503186298;0.03296724503186298;0.03296724503186298
15.0;0.03296724503186298;0.01652892561983471;0.03296724503186298
16.5;0.03296724503186298;0.018470790378006873;0.03296724503186298
18.0;0.0173841059602649;0.01652892561983471;0.03296724503186298
19.5;0.0173841059602649;0.014827018121911038;0.03296724503186298
21.0;0.0173841059602649;0.0173841059602649;0.03296724503186298
22.5;0.0173841059602649;0.01652892561983471;0.01824212271973466
24.0;0.0173841059602649;0.01652892561983471;0.01824212271973466
25.5;0.0173841059602649;0.01652892561983471;0.0787037037037037
27.0;0.0173841059602649;0.01652892561983471;0.0787037037037037
28.5;0.0173841059602649;0.0173841059602649;0.0787037037037037
30.0;0.0173841059602649;0.0173841059602649;0.016638225255972697
31.5;0.0173841059602649;0.0173841059602649;0.016638225255972697
33.0;0.0173841059602649;0.01567656765676568;0.01824212271973466
34.5;0.0173841059602649;0.01567656765676568;0.01824212271973466
36.0;0.01824212271973466;0.01567656765676568;0.01824212271973466
37.5;0.01824212271973466;0.01567656765676568;0.01824212271973466
39.0;0.01824212271973466;0.01567656765676568;0.01824212271973466
40.5;0.01567656765676568;0.014827018121911038;0.0173841059602649
42.0;0.01567656765676568;0.014827018121911038;0.0173841059602649
43.5;0.01567656765676568;0.0173841059602649;0.0173841059602649
45.0;0.014827018121911038;0.0173841059602649;0.06921675774134792
46.5;0.014827018121911038;0.0173841059602649;0.0173841059602649
48.0;0.014827018121911038;0.0173841059602649;0.01567656765676568
49.5;0.014827018121911038;0.0173841059602649;0.01567656765676568
51.0;0.014827018121911038;0.0173841059602649;0.01567656765676568
52.5;0.01652892561983471;0.0173841059602649;0.01567656765676568
54.0;0.01652892561983471;0.0173841059602649;0.01567656765676568
55.5;0.01652892561983471;0.0173841059602649;0.01567656765676568
57.0;0.01567656765676568;0.0173841059602649;0.01567656765676568
58.5;0.07234432234432234;0.0173841059602649;0.01567656765676568
60.0;0.07234432234432234;0.0173841059602649;0.01567656765676568
61.5;0.07234432234432234;0.0173841059602649;0.01567656765676568
63.0;0.07234432234432234;0.0173841059602649;0.01652892561983471
64.5;0.07234432234432234;0.0173841059602649;0.01652892561983471
66.0;0.07234432234432234;0.0173841059602649;0.01652892561983471
67.5;0.07234432234432234;0.0173841059602649;0.01652892561983471
69.0;0.07234432234432234;0.0173841059602649;0.0661231884057971
70.5;0.07234432234432234;0.0173841059602649;0.0661231884057971
72.0;0.07234432234432234;0.0173841059602649;0.01824212271973466
73.5;0.01567656765676568;0.01824212271973466;0.01652892561983471
75.0;0.01824212271973466;0.01824212271973466;0.014827018121911038
76.5;0.01824212271973466;0.01824212271973466;0.014827018121911038
78.0;0.01824212271973466;0.01824212271973466;0.014827018121911038
79.5;0.0173841059602649;0.01824212271973466;0.0173841059602649
81.0;0.0173841059602649;0.01824212271973466;0.014827018121911038
82.5;0.01824212271973466;0.01652892561983471;0.01652892561983471
84.0;0.0173841059602649;0.01652892561983471;0.06921675774134792
85.5;0.01652892561983471;0.01652892561983471;0.06921675774134792
87.0;0.01652892561983471;0.01652892561983471;0.018010291595197254
88.5;0.0173841059602649;0.0173841059602649;0.018010291595197254
90.0;0.014827018121911038;0.0173841059602649;0.014827018121911038
91.5;0.014827018121911038;0.014827018121911038;0.014827018121911038
93.0;0.03879026955950033;0.014827018121911038;0.014827018121911038
94.5;0.01567656765676568;0.01824212271973466;0.08085501858736059
96.0;0.018010291595197254;0.01824212271973466;0.07339449541284404
97.5;0.0661231884057971;0.0173841059602649;0.07339449541284404
99.0;0.0661231884057971;0.01567656765676568;0.07339449541284404
100.5;0.01652892561983471;0.01567656765676568;0.07339449541284404
102.0;0.016638225255972697;0.01567656765676568;0.0787037037037037
103.5;0.04875717017208413;0.01567656765676568;0.0787037037037037
105.0;0.04875717017208413;0.014827018121911038;0.0787037037037037
106.5;0.01652892561983471;0.014827018121911038;0.014827018121911038
108.0;0.01652892561983471;0.014827018121911038;0.014827018121911038
109.5;0.01567656765676568;0.014827018121911038;0.014827018121911038
111.0;0.0173841059602649;0.014827018121911038;0.01652892561983471
112.5;0.01824212271973466;0.014827018121911038;0.01652892561983471
114.0;0.01824212271973466;0.014827018121911038;0.01652892561983471
115.5;0.01824212271973466;0.014827018121911038;0.06715063520871144
117.0;0.01824212271973466;0.014827018121911038;0.06715063520871144
118.5;0.01824212271973466;0.0650994575045208;0.06715063520871144
120.0;0.01567656765676568;0.0650994575045208;0.06715063520871144
121.5;0.0173841059602649;0.0650994575045208;0.06715063520871144
123.0;0.014827018121911038;0.0650994575045208;0.01652892561983471
124.5;0.014827018121911038;0.0650994575045208;0.0661231884057971
126.0;0.014827018121911038;0.0650994575045208;0.01652892561983471
127.5;0.014827018121911038;0.0650994575045208;0.04990403071017274
129.0;0.014827018121911038;0.0650994575045208;0.04990403071017274
130.5;0.014827018121911038;0.0650994575045208;0.0650994575045208
132.0;0.014827018121911038;0.0650994575045208;0.0650994575045208
133.5;0.014827018121911038;0.0650994575045208;0.0650994575045208
135.0;0.014827018121911038;0.0650994575045208;0.0161839863713799
136.5;0.014827018121911038;0.0650994575045208;0.0161839863713799
138.0;0.014827018121911038;0.0650994575045208;0.0173841059602649
139.5;0.014827018121911038;0.0650994575045208;0.0173841059602649
141.0;0.014827018121911038;0.0650994575045208;0.0173841059602649
142.5;0.014827018121911038;0.0650994575045208;0.01652892561983471
144.0;0.014827018121911038;0.0650994575045208;0.01824212271973466
145.5;0.014827018121911038;0.0650994575045208;0.01824212271973466
147.0;0.014827018121911038;0.0173841059602649;0.014827018121911038
148.5;0.014827018121911038;0.0173841059602649;0.016638225255972697
150.0;0.014827018121911038;0.0173841059602649;0.016638225255972697
151.5;0.014827018121911038;0.014827018121911038;0.01824212271973466
153.0;0.014827018121911038;0.014827018121911038;0.0189328743545611
154.5;0.014827018121911038;0.01824212271973466;0.01824212271973466
156.0;0.014827018121911038;0.01567656765676568;0.01824212271973466
157.5;0.014827018121911038;0.014827018121911038;0.01652892561983471
159.0;0.014827018121911038;0.01652892561983471;0.0161839863713799
160.5;0.01824212271973466;0.01652892561983471;0.0161839863713799
162.0;0.01824212271973466;0.01652892561983471;0.0161839863713799
163.5;0.01824212271973466;0.016638225255972697;0.018010291595197254
165.0;0.01567656765676568;0.018354055654233276;0.01824212271973466
166.5;0.06715063520871144;0.018354055654233276;0.01652892561983471
168.0;0.06715063520871144;0.01824212271973466;0.01567656765676568
169.5;0.06715063520871144;0.0470532319391635;0.01824212271973466
171.0;0.01652892561983471;0.0173841059602649;0.014827018121911038
172.5;0.01652892561983471;0.018010291595197254;0.015280135823429542
174.0;0.01652892561983471;0.016638225255972697;0.01567656765676568
175.5;0.01652892561983471;0.01567656765676568;0.01567656765676568
177.0;0.01652892561983471;0.01567656765676568;0.0173841059602649
178.5;0.01652892561983471;0.01567656765676568;0.0173841059602649
180.0;0.01652892561983471;0.01652892561983471;0.018470790378006873
181.5;0.07129798903107862;0.016638225255972697;0.017754480892796753
183.0;0.01652892561983471;0.016638225255972697;0.01597712748065927
184.5;0.01652892561983471;0.016638225255972697;0.051059730250481696
186.0;0.01652892561983471;0.016638225255972697;0.018683274021352312
187.5;0.01652892561983471;0.016638225255972697;0.016081348496769426
189.0;0.01652892561983471;0.016638225255972697;0.018354055654233276
190.5;0.01652892561983471;0.016638225255972697;0.018010291595197254
192.0;0.01652892561983471;0.016638225255972697;0.01865038996269922
193.5;0.01652892561983471;0.01597712748065927;0.01865038996269922
195.0;0.01652892561983471;0.017623877982923447;0.016638225255972697
196.5;0.01652892561983471;0.017547197908565945;0.017094017094017096
198.0;0.01652892561983471;0.017547197908565945;0.016863406408094434
199.5;0.01652892561983471;0.014910112661872163;0.017547197908565945
201.0;0.01652892561983471;0.0175513698630137;0.0170487948265726
202.5;0.01652892561983471;0.017754480892796753;0.017094017094017096
204.0;0.01652892561983471;0.015731292517006803;0.016638225255972697
205.5;0.01652892561983471;0.015731292517006803;0.017699115044247787
207.0;0.01652892561983471;0.015731292517006803;0.017699115044247787
208.5;0.01652892561983471;0.015731292517006803;0.0161839863713799
210.0;0.01652892561983471;0.01597712748065927;0.01597712748065927
211.5;0.01652892561983471;0.01597712748065927;0.01597712748065927
213.0;0.01652892561983471;0.01597712748065927;0.01597712748065927
214.5;0.01652892561983471;0.015001087035292413;0.017094017094017096
216.0;0.01652892561983471;0.015001087035292413;0.01865038996269922
217.5;0.01652892561983471;0.016676298192025096;0.01865038996269922
219.0;0.01652892561983471;0.016676298192025096;0.015001087035292413
220.5;0.01652892561983471;0.016676298192025096;0.0741235580813308
222.0;0.01652892561983471;0.016676298192025096;0.0741235580813308
223.5;0.01652892561983471;0.01663225731761437;0.015769487034319674
225.0;0.01824212271973466;0.01663225731761437;0.018332165356039182
226.5;0.01824212271973466;0.016638225255972697;0.015724726735506497
228.0;0.01824212271973466;0.01865038996269922;0.017373380447585393
229.5;0.07182211727666273;0.01865038996269922;0.017373380447585393
231.0;0.01850632726208763;0.044811320754716985;0.01749271137026239
232.5;0.01850632726208763;0.016863406408094434;0.01594765689784196
234.0;0.01850632726208763;0.016863406408094434;0.017534382187836362
235.5;0.075255126101145;0.0189328743545611;0.017534382187836362
237.0;0.075255126101145;0.09265350877192982;0.017534382187836362
238.5;0.017498443680569787;0.09265350877192982;0.018358765104113217
240.0;0.017498443680569787;0.015809071886378992;0.01830290365337456
241.5;0.017498443680569787;0.06673232664261046;0.01830290365337456
243.0;0.01488644788002137;0.018470790378006873;0.016565477533764368
244.5;0.01488644788002137;0.018010291595197254;0.015689905121605452
246.0;0.01488644788002137;0.01865038996269922;0.015689905121605452
247.5;0.01488644788002137;0.01865038996269922;0.017396322248462125
249.0;0.017443347491498312;0.07753473472714523;0.0161839863713799
250.5;0.017443347491498312;0.018332165356039182;0.01597712748065927
252.0;0.0182681206624895;0.018010291595197254;0.01597712748065927
253.5;0.017401635028469288;0.015095605501509561;0.01597712748065927
255.0;0.017397154861764727;0.015809071886378992;0.017547197908565945
256.5;0.017393838281482624;0.015001087035292413;0.01663225731761437
258.0;0.015682478532320222;0.017094017094017096;0.015743018124095107
259.5;0.015682478532320222;0.016863406408094434;0.015743018124095107
261.0;0.01597712748065927;0.015095605501509561;0.016582472972657695
262.5;0.01597712748065927;0.08560945780676722;0.016582472972657695
264.0;0.017623877982923447;0.0161839863713799;0.07524981746976427
265.5;0.017094017094017096;0.0161839863713799;0.07524981746976427
267.0;0.017094017094017096;0.08302956662616444;0.07524981746976427
268.5;0.015095605501509561;0.01842179442537598;0.018277260861902424
270.0;0.016745540589734254;0.018332165356039182;0.018277260861902424
271.5;0.016676298192025096;0.015711796950363736;0.018277260861902424
273.0;0.018332165356039182;0.015711796950363736;0.01740771421307761
274.5;0.017443347491498312;0.015711796950363736;0.01654477169890474
276.0;0.017443347491498312;0.07719115178862318;0.016540721828503288
277.5;0.015711796950363736;0.016863406408094434;0.014832305600435561
279.0;0.016557768507871926;0.016863406408094434;0.014832305600435561
280.5;0.016557768507871926;0.016863406408094434;0.014832305600435561
282.0;0.016557768507871926;0.015001087035292413;0.016533838797490336
283.5;0.016550266845809666;0.015001087035292413;0.016533838797490336
285.0;0.017397154861764727;0.015809071886378992;0.016533838797490336
286.5;0.015684481542853023;0.015809071886378992;0.017388172610590263
288.0;0.015684481542853023;0.07161008172674148;0.017387150648592545
289.5;0.015684481542853023;0.07161008172674148;0.01567842217100666
291.0;0.015684481542853023;0.015724726735506497;0.01567842217100666
292.5;0.015684481542853023;0.015724726735506497;0.01567842217100666
294.0;0.015684481542853023;0.015724726735506497;0.018244004306380245
295.5;0.015684481542853023;0.015724726735506497;0.015677152879889675
297.0;0.015684481542853023;0.015724726735506497;0.015677152879889675
298.5;0.015684481542853023;0.015724726735506497;0.07978873015459546
300.0;0.015684481542853023;0.015724726735506497;0.0776420806320284
301.5;0.015684481542853023;0.015724726735506497;0.0776420806320284
303.0;0.015684481542853023;0.015724726735506497;0.0776420806320284
304.5;0.015684481542853023;0.015724726735506497;0.0776420806320284
306.0;0.015684481542853023;0.015724726735506497;0.0776420806320284
307.5;0.015684481542853023;0.015724726735506497;0.0776420806320284
309.0;0.015684481542853023;0.015724726735506497;0.06715516228473686
310.5;0.015684481542853023;0.015724726735506497;0.07763854867231752
312.0;0.015684481542853023;0.015724726735506497;0.014827142237604233
313.5;0.015684481542853023;0.015724726735506497;0.01824226361621402
315.0;0.015684481542853023;0.015724726735506497;0.01738420192052985
316.5;0.015684481542853023;0.015724726735506497;0.016528990680620817
318.0;0.015684481542853023;0.015724726735506497;0.016528990680620817
319.5;0.015684481542853023;0.015724726735506497;0.017384146439657036
321.0;0.015684481542853023;0.01485852872552252;0.017384146439657036
322.5;0.015684481542853023;0.01485852872552252;0.017384146439657036
324.0;0.015684481542853023;0.01485852872552252;0.017384146439657036
325.5;0.015684481542853023;0.01741601350785099;0.017384146439657036
327.0;0.015684481542853023;0.01741601350785099;0.018010291595197254
328.5;0.015684481542853023;0.017401635028469288;0.08691206543967281
330.0;0.015684481542853023;0.017397154861764727;0.08691206543967281
331.5;0.015684481542853023;0.017397154861764727;0.08691206543967281
333.0;0.015684481542853023;0.015684481542853023;0.048187022900763356
334.5;0.015684481542853023;0.015684481542853023;0.017754480892796753
336.0;0.015684481542853023;0.015684481542853023;0.017623877982923447
337.5;0.015684481542853023;0.015684481542853023;0.014945495799148322
339.0;0.015684481542853023;0.015684481542853023;0.017498443680569787
340.5;0.015684481542853023;0.01825012709422827;0.01660281557997176
342.0;0.015684481542853023;0.01825012709422827;0.0175513698630137
343.5;0.01739137492247878;0.01825012709422827;0.015095605501509561
345.0;0.01739137492247878;0.01825012709422827;0.015871286409530037
346.5;0.01739137492247878;0.016533838797490336;0.0674469940084216
348.0;0.01739137492247878;0.016533838797490336;0.018010291595197254
349.5;0.01739137492247878;0.016533838797490336;0.018010291595197254
351.0;0.01739137492247878;0.016533838797490336;0.08560945780676722
352.5;0.01739137492247878;0.016533838797490336;0.017623877982923447
354.0;0.01739137492247878;0.016533838797490336;0.017623877982923447
355.5;0.01739137492247878;0.016533838797490336;0.015769487034319674
357.0;0.01739137492247878;0.016533838797490336;0.01660281557997176
358.5;0.01739137492247878;0.016533838797490336;0.017754480892796753
360.0;0.016533838797490336;0.016533838797490336;0.017754480892796753
361.5;0.016533838797490336;0.016533838797490336;0.05048076923076923
363.0;0.01567987457984609;0.016533838797490336;0.015001087035292413
364.5;0.01567987457984609;0.016533838797490336;0.014910112661872163
366.0;0.01567987457984609;0.016533838797490336;0.017443347491498312
367.5;0.01567987457984609;0.016533838797490336;0.017443347491498312
369.0;0.01567987457984609;0.016533838797490336;0.0175513698630137
370.5;0.01567987457984609;0.016533838797490336;0.017824497257769654
372.0;0.01567987457984609;0.016533838797490336;0.017824497257769654
373.5;0.01567987457984609;0.07558322423330886;0.015033359741139864
375.0;0.01567987457984609;0.07558322423330886;0.017094017094017096
376.5;0.01567987457984609;0.07558322423330886;0.01865038996269922
378.0;0.01567987457984609;0.07558322423330886;0.01865038996269922
379.5;0.01567987457984609;0.01824547540373295;0.01850632726208763
381.0;0.01567987457984609;0.014828677071017829;0.04315196998123827
382.5;0.01567987457984609;0.014828677071017829;0.015095605501509561
384.0;0.01567987457984609;0.014828261126484797;0.017094017094017096
385.5;0.01567987457984609;0.014828261126484797;0.015871286409530037
387.0;0.01567987457984609;0.014828261126484797;0.016638225255972697
388.5;0.01567987457984609;0.014828261126484797;0.017754480892796753
390.0;0.01567987457984609;0.014828261126484797;0.016638225255972697
391.5;0.01567987457984609;0.01738538657899296;0.015871286409530037
393.0;0.01567987457984609;0.01738538657899296;0.017094017094017096
394.5;0.01567987457984609;0.018242915171642324;0.017754480892796753
396.0;0.01567987457984609;0.018242716875351634;0.08954302181967888
397.5;0.01567987457984609;0.018242716875351634;0.016745540589734254
399.0;0.01567987457984609;0.018242716875351634;0.016745540589734254
400.5;0.01567987457984609;0.015676814372618864;0.016676298192025096
402.0;0.01567987457984609;0.015676814372618864;0.016676298192025096
403.5;0.01567987457984609;0.018242310595448556;0.016676298192025096
405.0;0.01567987457984609;0.016529041294521166;0.017498443680569787
406.5;0.01567987457984609;0.01597712748065927;0.017498443680569787
408.0;0.01567987457984609;0.01597712748065927;0.015731292517006803
409.5;0.01567987457984609;0.0189328743545611;0.05048076923076923
411.0;0.01567987457984609;0.0189328743545611;0.017094017094017096
412.5;0.0161839863713799;0.017094017094017096;0.07182211727666273
414.0;0.0161839863713799;0.015871286409530037;0.016745540589734254
415.5;0.01865038996269922;0.01836806645203033;0.017094017094017096
417.0;0.01865038996269922;0.016638225255972697;0.016745540589734254
418.5;0.015809071886378992;0.06854651270894926;0.017754480892796753
420.0;0.015743018124095107;0.06854651270894926;0.01672535211267606
421.5;0.015743018124095107;0.01663225731761437;0.017094017094017096
423.0;0.015743018124095107;0.01663225731761437;0.016745540589734254
424.5;0.017443347491498312;0.01663225731761437;0.018010291595197254
426.0;0.017443347491498312;0.016582472972657695;0.018010291595197254
427.5;0.017443347491498312;0.016582472972657695;0.018010291595197254
429.0;0.018277260861902424;0.017971946230274694;0.015597920277296359
430.5;0.018277260861902424;0.01612259159428971;0.015597920277296359
432.0;0.014844188506303903;0.0175513698630137;0.09149758743668895
433.5;0.014836509492270044;0.017754480892796753;0.014975431187270396
435.0;0.01653549687010534;0.015001087035292413;0.015791096363576857
436.5;0.01653549687010534;0.014945495799148322;0.015791096363576857
438.0;0.015680987109796585;0.040424121935056324;0.016593743481628447
439.5;0.015680987109796585;0.0189328743545611;0.015731292517006803
441.0;0.014829976303317897;0.017373380447585393;0.018026004728132386
442.5;0.014829976303317897;0.01606832657788072;0.016863406408094434
444.0;0.01824547540373295;0.01702553830746119;0.0798365745414373
445.5;0.01567842217100666;0.016830578931359627;0.016582472972657695
447.0;0.018010291595197254;0.016830578931359627;0.016568094782873223
448.5;0.017623877982923447;0.014986153377295074;0.08027698626698054
450.0;0.017623877982923447;0.018010291595197254;0.03266518188567186
451.5;0.018470790378006873;0.018010291595197254;0.01845342706502636
453.0;0.018470790378006873;0.017754480892796753;0.01672693391308206
454.5;0.017754480892796753;0.016745540589734254;0.017460084355449466
456.0;0.01850632726208763;0.014945495799148322;0.01597712748065927
457.5;0.01850632726208763;0.014945495799148322;0.016676298192025096
459.0;0.01850632726208763;0.014910112661872163;0.018026004728132386
460.5;0.01850632726208763;0.01660281557997176;0.018026004728132386
462.0;0.01850632726208763;0.01830736743700201;0.07182211727666273
463.5;0.01850632726208763;0.01830736743700201;0.07216102560980384
465.0;0.01850632726208763;0.015711796950363736;0.018332165356039182
466.5;0.01850632726208763;0.015711796950363736;0.018470790378006873
468.0;0.01850632726208763;0.015711796950363736;0.016745540589734254
469.5;0.01850632726208763;0.015711796950363736;0.016676298192025096
471.0;0.01850632726208763;0.015711796950363736;0.01488644788002137
472.5;0.016676298192025096;0.015711796950363736;0.017094017094017096
474.0;0.01836806645203033;0.015711796950363736;0.015280135823429542
475.5;0.01660281557997176;0.015711796950363736;0.0175513698630137
477.0;0.01660281557997176;0.015711796950363736;0.08602150537634409
478.5;0.01660281557997176;0.015711796950363736;0.09041394335511982
480.0;0.01660281557997176;0.015711796950363736;0.09041394335511982
481.5;0.01660281557997176;0.015711796950363736;0.01842179442537598
483.0;0.048187022900763356;0.015711796950363736;0.015743018124095107
484.5;0.017547197908565945;0.015711796950363736;0.016582472972657695
486.0;0.017465858520325457;0.015711796950363736;0.06867528889794264
487.5;0.01865038996269922;0.015711796950363736;0.015280135823429542
489.0;0.01850632726208763;0.015711796950363736;0.017623877982923447
490.5;0.017094017094017096;0.015711796950363736;0.017623877982923447
492.0;0.01850632726208763;0.015711796950363736;0.04875717017208413
493.5;0.017373380447585393;0.015711796950363736;0.04875717017208413
495.0;0.017373380447585393;0.015711796950363736;0.0161839863713799
496.5;0.018010291595197254;0.015711796950363736;0.017754480892796753
498.0;0.08048289738430583;0.015711796950363736;0.017623877982923447
499.5;0.0161839863713799;0.015711796950363736;0.017623877982923447
501.0;0.015095605501509561;0.015711796950363736;0.017754480892796753
502.5;0.014945495799148322;0.015711796950363736;0.0720250521920668
504.0;0.0175513698630137;0.018277260861902424;0.01842179442537598
505.5;0.016745540589734254;0.01740771421307761;0.01842179442537598
507.0;0.014945495799148322;0.01740771421307761;0.017498443680569787
508.5;0.01663225731761437;0.01740771421307761;0.017498443680569787
510.0;0.01663225731761437;0.01740771421307761;0.017498443680569787
511.5;0.018332165356039182;0.01654477169890474;0.015743018124095107
513.0;0.015711796950363736;0.014836509492270044;0.015743018124095107
514.5;0.015711796950363736;0.017393838281482624;0.017443347491498312
516.0;0.015711796950363736;0.017393838281482624;0.017443347491498312
517.5;0.016557768507871926;0.01653549687010534;0.017427438387099873
519.0;0.016557768507871926;0.01653549687010534;0.017427438387099873
520.5;0.016557768507871926;0.01653549687010534;0.01741601350785099
522.0;0.0182681206624895;0.015680987109796585;0.01741601350785099
523.5;0.0182681206624895;0.01567987457984609;0.01741601350785099
525.0;0.014839767744728968;0.01567987457984609;0.01741601350785099
526.5;0.014836509492270044;0.015679043553987165;0.049329501915708805
528.0;0.017094017094017096;0.015679043553987165;0.049329501915708805
529.5;0.017094017094017096;0.015679043553987165;0.049329501915708805
531.0;0.017094017094017096;0.015679043553987165;0.049329501915708805
532.5;0.015095605501509561;0.015679043553987165;0.04536862003780718
534.0;0.015095605501509561;0.015679043553987165;0.016676298192025096
535.5;0.015095605501509561;0.015679043553987165;0.016676298192025096
537.0;0.015095605501509561;0.015679043553987165;0.016676298192025096
538.5;0.015095605501509561;0.015679043553987165;0.01663225731761437
540.0;0.015095605501509561;0.015679043553987165;0.049329501915708805
541.5;0.015095605501509561;0.015679043553987165;0.049329501915708805
543.0;0.015871286409530037;0.015679043553987165;0.01865038996269922
544.5;0.015871286409530037;0.015679043553987165;0.01850632726208763
546.0;0.014945495799148322;0.015679043553987165;0.014945495799148322
547.5;0.014945495799148322;0.015679043553987165;0.014945495799148322
549.0;0.014945495799148322;0.015679043553987165;0.015769487034319674
550.5;0.014945495799148322;0.015679043553987165;0.018010291595197254
552.0;0.014910112661872163;0.015679043553987165;0.018010291595197254
553.5;0.017465858520325457;0.015679043553987165;0.018010291595197254
555.0;0.017754480892796753;0.015679043553987165;0.016638225255972697
556.5;0.015871286409530037;0.015679043553987165;0.017754480892796753
558.0;0.01836806645203033;0.015679043553987165;0.016745540589734254
559.5;0.018332165356039182;0.015679043553987165;0.01842179442537598
561.0;0.015724726735506497;0.015679043553987165;0.01865038996269922
562.5;0.015724726735506497;0.015679043553987165;0.01865038996269922
564.0;0.01485852872552252;0.015679043553987165;0.051640926640926635
565.5;0.01741601350785099;0.014828677071017829;0.08048289738430583
567.0;0.01741601350785099;0.014828677071017829;0.08048289738430583
568.5;0.01741601350785099;0.018244004306380245;0.08048289738430583
570.0;0.01741601350785099;0.01567734827379584;0.01850632726208763
571.5;0.0182681206624895;0.01567734827379584;0.015809071886378992
573.0;0.017397154861764727;0.01567734827379584;0.014910112661872163
574.5;0.017397154861764727;0.01567734827379584;0.014910112661872163
576.0;0.01739137492247878;0.01567734827379584;0.07818003821984446
577.5;0.015680987109796585;0.01567734827379584;0.016568094782873223
579.0;0.018244633954786142;0.015677152879889675;0.01570251018973342
580.5;0.018244633954786142;0.015677152879889675;0.01740771421307761
582.0;0.018244633954786142;0.01652941341487852;0.01740771421307761
583.5;0.016530470370958342;0.01652941341487852;0.014839767744728968
585.0;0.016530470370958342;0.01652929138178772;0.017397154861764727
586.5;0.016530470370958342;0.014827238821925121;0.017397154861764727
588.0;0.01653008333788549;0.01567675266971058;0.017623877982923447
589.5;0.01653008333788549;0.015676706403008348;0.01836806645203033
591.0;0.01653008333788549;0.017384233914291836;0.015743018124095107
592.5;0.01567734827379584;0.017384233914291836;0.014870091759449306
594.0;0.01567734827379584;0.0161839863713799;0.04990403071017274
595.5;0.01567734827379584;0.015871286409530037;0.017094017094017096
597.0;0.01567734827379584;0.015809071886378992;0.0161839863713799
598.5;0.01567734827379584;0.015809071886378992;0.0161839863713799
600.0;0.014827541633468562;0.0189328743545611;0.015280135823429542
601.5;0.01652941341487852;0.0189328743545611;0.015001087035292413
603.0;0.01652941341487852;0.017754480892796753;0.017465858520325457
604.5;0.014827312439301472;0.01836806645203033;0.016568094782873223
606.0;0.014827183625536878;0.014870091759449306;0.018010291595197254
607.5;0.018242310595448556;0.018289844042285466;0.018612132352941176
609.0;0.01824226361621402;0.018277260861902424;0.016263612953345514
610.5;0.01738417792750781;0.018277260861902424;0.016893192636230753
612.0;0.01738417792750781;0.018277260861902424;0.017094017094017096
613.5;0.01482704020656128;0.01740771421307761;0.017373380447585393
615.0;0.0819371911104078;0.01740771421307761;0.018470790378006873
616.5;0.018354055654233276;0.01740771421307761;0.0863169700629799
618.0;0.015280135823429542;0.01740771421307761;0.03476482617586912
619.5;0.01865038996269922;0.01740771421307761;0.016937514305333027
621.0;0.015871286409530037;0.014839767744728968;0.016937514305333027
622.5;0.01842179442537598;0.014836509492270044;0.017574219762933944
624.0;0.015769487034319674;0.01825283975007182;0.01747771530769917
625.5;0.07993273782747468;0.01739137492247878;0.01726263871763255
627.0;0.07993273782747468;0.01739137492247878;0.01766843911960692
628.5;0.018289844042285466;0.01739137492247878;0.014965094221118901
630.0;0.04536862003780718;0.018248107350266503;0.04083665338645418
631.5;0.015809071886378992;0.018248107350266503;0.015280135823429542
633.0;0.014910112661872163;0.015001087035292413;0.015001087035292413
634.5;0.014910112661872163;0.015001087035292413;0.0161839863713799
636.0;0.014910112661872163;0.015001087035292413;0.014945495799148322
637.5;0.014910112661872163;0.01842179442537598;0.0189328743545611
639.0;0.014910112661872163;0.01488644788002137;0.017623877982923447
640.5;0.014910112661872163;0.015711796950363736;0.01842179442537598
642.0;0.014910112661872163;0.014844188506303903;0.017443347491498312
643.5;0.014910112661872163;0.017401635028469288;0.0175513698630137
645.0;0.014910112661872163;0.015280135823429542;0.017699115044247787
646.5;0.014910112661872163;0.015871286409530037;0.015225395561747438
648.0;0.014910112661872163;0.016638225255972697;0.017754480892796753
649.5;0.014910112661872163;0.018010291595197254;0.0175513698630137
651.0;0.014910112661872163;0.017754480892796753;0.01865038996269922
652.5;0.014910112661872163;0.017754480892796753;0.016676298192025096
654.0;0.014910112661872163;0.017498443680569787;0.016676298192025096
655.5;0.014910112661872163;0.018332165356039182;0.016676298192025096
657.0;0.017465858520325457;0.01485852872552252;0.016676298192025096
658.5;0.07773101809313682;0.0170487948265726;0.015769487034319674
660.0;0.07773101809313682;0.01612259159428971;0.07818003821984446
661.5;0.07773101809313682;0.017534382187836362;0.07818003821984446
663.0;0.07773101809313682;0.0161839863713799;0.015724726735506497
664.5;0.07773101809313682;0.016863406408094434;0.017094017094017096
666.0;0.01865038996269922;0.015871286409530037;0.017094017094017096
667.5;0.01865038996269922;0.039603960396039604;0.016863406408094434
669.0;0.01865038996269922;0.017094017094017096;0.016863406408094434
670.5;0.01865038996269922;0.015871286409530037;0.016863406408094434
672.0;0.01865038996269922;0.01663225731761437;0.016863406408094434
673.5;0.017547197908565945;0.017094017094017096;0.015871286409530037
675.0;0.017547197908565945;0.015095605501509561;0.015871286409530037
676.5;0.01663225731761437;0.015095605501509561;0.016676298192025096
678.0;0.018332165356039182;0.015095605501509561;0.01663225731761437
679.5;0.018332165356039182;0.016745540589734254;0.01663225731761437
681.0;0.018332165356039182;0.016745540589734254;0.01663225731761437
682.5;0.018332165356039182;0.017547197908565945;0.01663225731761437
684.0;0.018332165356039182;0.017547197908565945;0.017465858520325457
685.5;0.01485852872552252;0.01836806645203033;0.017465858520325457
687.0;0.01485852872552252;0.01836806645203033;0.017465858520325457
688.5;0.01485852872552252;0.01836806645203033;0.017465858520325457
690.0;0.014850222990092551;0.015743018124095107;0.017465858520325457
691.5;0.01740771421307761;0.015743018124095107;0.017465858520325457
693.0;0.01740771421307761;0.015743018124095107;0.017465858520325457
694.5;0.01740771421307761;0.015724726735506497;0.017465858520325457
696.0;0.07583825514009619;0.015724726735506497;0.017465858520325457
697.5;0.07583825514009619;0.015724726735506497;0.017465858520325457
699.0;0.07583825514009619;0.017427438387099873;0.017443347491498312
700.5;0.07583825514009619;0.016550266845809666;0.017443347491498312
702.0;0.07583825514009619;0.016550266845809666;0.017443347491498312
703.5;0.07583825514009619;0.016550266845809666;0.017443347491498312
705.0;0.07583825514009619;0.016550266845809666;0.017443347491498312
706.5;0.07583825514009619;0.017397154861764727;0.017443347491498312
708.0;0.07998273908856848;0.07675742941666679;0.017443347491498312
709.5;0.06829377120005976;0.018354055654233276;0.017443347491498312
711.0;0.06829377120005976;0.01850632726208763;0.017443347491498312
712.5;0.06829377120005976;0.014945495799148322;0.017443347491498312
714.0;0.07667381125160404;0.018332165356039182;0.017443347491498312
715.5;0.07667381125160404;0.016638225255972697;0.017443347491498312
717.0;0.07986308038227083;0.01865038996269922;0.017443347491498312
718.5;0.07986308038227083;0.014945495799148322;0.017443347491498312
720.0;0.06719608754144192;0.014945495799148322;0.017443347491498312
721.5;0.07894736842105263;0.019345238095238096;0.017443347491498312
723.0;0.08048289738430583;0.01749271137026239;0.017094017094017096
724.5;0.08048289738430583;0.015225395561747438;0.015095605501509561
726.0;0.07786711807024968;0.016638225255972697;0.01850632726208763
727.5;0.06838710470185025;0.016638225255972697;0.014945495799148322
729.0;0.06838710470185025;0.016863406408094434;0.014945495799148322
730.5;0.0810404299340659;0.01850632726208763;0.014945495799148322
732.0;0.0810404299340659;0.016638225255972697;0.01836806645203033
733.5;0.0810404299340659;0.01865038996269922;0.01660281557997176
735.0;0.0810404299340659;0.015871286409530037;0.017443347491498312
736.5;0.0810404299340659;0.015809071886378992;0.016557768507871926
738.0;0.0810404299340659;0.05222437137330754;0.0182681206624895
739.5;0.06658720862876988;0.018470790378006873;0.01654477169890474
741.0;0.06658720862876988;0.01597712748065927;0.01654477169890474
742.5;0.06658720862876988;0.0189328743545611;0.01654477169890474
744.0;0.018256492034823147;0.0189328743545611;0.017397154861764727
745.5;0.015684481542853023;0.0189328743545611;0.017397154861764727
747.0;0.017754480892796753;0.0175513698630137;0.017397154861764727
748.5;0.016863406408094434;0.015095605501509561;0.017397154861764727
750.0;0.016863406408094434;0.015095605501509561;0.015684481542853023
751.5;0.016863406408094434;0.015095605501509561;0.015684481542853023
753.0;0.015871286409530037;0.017623877982923447;0.01653549687010534
754.5;0.01836806645203033;0.017623877982923447;0.01653549687010534
756.0;0.01660281557997176;0.017623877982923447;0.01653549687010534
757.5;0.014870091759449306;0.017623877982923447;0.01653549687010534
759.0;0.0182681206624895;0.017623877982923447;0.01653549687010534
760.5;0.0182681206624895;0.017547197908565945;0.01653549687010534
762.0;0.0182681206624895;0.017547197908565945;0.01653549687010534
763.5;0.015690820879123473;0.017547197908565945;0.01653549687010534
765.0;0.015690820879123473;0.07378150182183574;0.01653549687010534
766.5;0.015690820879123473;0.05281007751937984;0.016533838797490336
768.0;0.015690820879123473;0.017094017094017096;0.016533838797490336
769.5;0.015690820879123473;0.015095605501509561;0.01653260196570383
771.0;0.015690820879123473;0.017094017094017096;0.01653260196570383
772.5;0.015690820879123473;0.08954302181967888;0.016863406408094434
774.0;0.015690820879123473;0.08954302181967888;0.016863406408094434
775.5;0.018026004728132386;0.017498443680569787;0.016863406408094434
777.0;0.018026004728132386;0.017498443680569787;0.0161839863713799
778.5;0.018026004728132386;0.015743018124095107;0.0161839863713799
780.0;0.01749271137026239;0.015743018124095107;0.017623877982923447
781.5;0.017094017094017096;0.015743018124095107;0.017547197908565945
783.0;0.016638225255972697;0.014870091759449306;0.015769487034319674
784.5;0.015871286409530037;0.01485852872552252;0.015769487034319674
786.0;0.01836806645203033;0.01485852872552252;0.01660281557997176
787.5;0.018332165356039182;0.01485852872552252;0.01485852872552252
789.0;0.01830736743700201;0.01741601350785099;0.01485852872552252
790.5;0.017754480892796753;0.016550266845809666;0.018277260861902424
792.0;0.0175513698630137;0.016550266845809666;0.0182681206624895
793.5;0.0175513698630137;0.017401635028469288;0.018256492034823147
795.0;0.01865038996269922;0.015687178238012765;0.018256492034823147
796.5;0.016745540589734254;0.015687178238012765;0.018256492034823147
798.0;0.014910112661872163;0.014832305600435561;0.018256492034823147
799.5;0.014870091759449306;0.015680987109796585;0.0175513698630137
801.0;0.017427438387099873;0.015680987109796585;0.0175513698630137
802.5;0.017427438387099873;0.01653260196570383;0.015095605501509561
804.0;0.017427438387099873;0.01653260196570383;0.014945495799148322
805.5;0.018277260861902424;0.01653260196570383;0.01663225731761437
807.0;0.014844188506303903;0.01653260196570383;0.01663225731761437
808.5;0.014844188506303903;0.01653260196570383;0.0175513698630137
810.0;0.014844188506303903;0.06719608754144192;0.01597712748065927
811.5;0.014844188506303903;0.06719608754144192;0.018612132352941176
813.0;0.014844188506303903;0.06719608754144192;0.017122114923635367
814.5;0.014844188506303903;0.06719608754144192;0.01675276604420502
816.0;0.014844188506303903;0.018244633954786142;0.0161839863713799
817.5;0.014844188506303903;0.018244633954786142;0.015095605501509561
819.0;0.014844188506303903;0.018244633954786142;0.0161839863713799
820.5;0.014844188506303903;0.017385814700674008;0.017754480892796753
822.0;0.014844188506303903;0.08691206543967281;0.01865038996269922
823.5;0.014844188506303903;0.08691206543967281;0.015731292517006803
825.0;0.014844188506303903;0.08691206543967281;0.017623877982923447
826.5;0.014844188506303903;0.015001087035292413;0.01597712748065927
828.0;0.014844188506303903;0.015001087035292413;0.015731292517006803
829.5;0.014844188506303903;0.01663225731761437;0.018558172733761598
831.0;0.014844188506303903;0.015743018124095107;0.018026004728132386
832.5;0.014844188506303903;0.01830736743700201;0.017094017094017096
834.0;0.014844188506303903;0.01830736743700201;0.015001087035292413
835.5;0.014844188506303903;0.01830736743700201;0.018026004728132386
837.0;0.014844188506303903;0.018277260861902424;0.018010291595197254
838.5;0.014844188506303903;0.01740771421307761;0.015001087035292413
840.0;0.014844188506303903;0.01654477169890474;0.015001087035292413
841.5;0.014844188506303903;0.01654477169890474;0.01663225731761437
843.0;0.014844188506303903;0.01654477169890474;0.014870091759449306
844.5;0.014844188506303903;0.01654477169890474;0.03314777327935223
846.0;0.014844188506303903;0.01654477169890474;0.016043635035830027
847.5;0.014844188506303903;0.01654477169890474;0.017754480892796753
849.0;0.014844188506303903;0.014836509492270044;0.016638225255972697
850.5;0.017401635028469288;0.01825283975007182;0.016863406408094434
852.0;0.015687178238012765;0.01825283975007182;0.017498443680569787
853.5;0.015684481542853023;0.01825283975007182;0.016863406408094434
855.0;0.015684481542853023;0.01825283975007182;0.0175513698630137
856.5;0.015682478532320222;0.048187022900763356;0.015095605501509561
858.0;0.015682478532320222;0.01597712748065927;0.014910112661872163
859.5;0.015682478532320222;0.06973170529113713;0.017443347491498312
861.0;0.017389540773412943;0.06973170529113713;0.015695763321720377
862.5;0.01824547540373295;0.07076132648295189;0.014836509492270044
864.0;0.01824547540373295;0.07076132648295189;0.0363872644574399
865.5;0.01824547540373295;0.06673232664261046;0.03919631093544137
867.0;0.01824547540373295;0.07161008172674148;0.0161839863713799
868.5;0.01824547540373295;0.07161008172674148;0.016745540589734254
870.0;0.014828261126484797;0.07161008172674148;0.017547197908565945
871.5;0.017385065898158785;0.07161008172674148;0.01865038996269922
873.0;0.017385065898158785;0.07161008172674148;0.016745540589734254
874.5;0.0744617299776493;0.06910227840912597;0.018026004728132386
876.0;0.018242716875351634;0.06910227840912597;0.0161839863713799
877.5;0.018242716875351634;0.07310072533111989;0.08302956662616444
879.0;0.07026208292157007;0.07310072533111989;0.016638225255972697
880.5;0.07026208292157007;0.078274430155538;0.015095605501509561
882.0;0.014827238821925121;0.078274430155538;0.016745540589734254
883.5;0.014827238821925121;0.0791899259728955;0.016676298192025096
885.0;0.014827238821925121;0.0791899259728955;0.018010291595197254
886.5;0.014827238821925121;0.0791899259728955;0.015095605501509561
888.0;0.01652913129870731;0.07264886610602653;0.04208416833667335
889.5;0.01652913129870731;0.07264886610602653;0.016863406408094434
891.0;0.01652913129870731;0.015687178238012765;0.03443877551020408
892.5;0.017094017094017096;0.07356828460517201;0.01726263871763255
894.0;0.016863406408094434;0.07356828460517201;0.015033359741139864
895.5;0.07434304424481572;0.08205756158418982;0.015033359741139864
897.0;0.07434304424481572;0.0161839863713799;0.018387370467510947
898.5;0.07434304424481572;0.08508990794115118;0.017451608467677262
900.0;0.017547197908565945;0.08508990794115118;0.018296312618706345
901.5;0.017547197908565945;0.017547197908565945;0.0161839863713799
903.0;0.017547197908565945;0.014910112661872163;0.018470790378006873
904.5;0.017547197908565945;0.08244680851063829;0.017754480892796753
906.0;0.01865038996269922;0.08244680851063829;0.03878406708595388
907.5;0.01865038996269922;0.08244680851063829;0.015414729630535846
909.0;0.06973170529113713;0.07425742574257424;0.07395544879280241
910.5;0.075255126101145;0.07425742574257424;0.01845157937014199
912.0;0.01836806645203033;0.01842179442537598;0.01597712748065927
913.5;0.01660281557997176;0.01836806645203033;0.01865038996269922
915.0;0.01660281557997176;0.01836806645203033;0.015731292517006803
916.5;0.016582472972657695;0.017465858520325457;0.01654091700522345
918.0;0.016582472972657695;0.017465858520325457;0.01654091700522345
919.5;0.01485852872552252;0.04536862003780718;0.016429426632965278
921.0;0.014850222990092551;0.06973170529113713;0.017094017094017096
922.5;0.014850222990092551;0.015809071886378992;0.01850632726208763
924.0;0.0182681206624895;0.08338930129741895;0.01865038996269922
925.5;0.017401635028469288;0.01660281557997176;0.015001087035292413
927.0;0.017401635028469288;0.016582472972657695;0.01865038996269922
928.5;0.017401635028469288;0.018289844042285466;0.017094017094017096
930.0;0.015684481542853023;0.018277260861902424;0.015095605501509561
931.5;0.01739137492247878;0.014839767744728968;0.015001087035292413
933.0;0.018246600758721136;0.016540721828503288;0.017547197908565945
934.5;0.0723970802527033;0.01825283975007182;0.017547197908565945
936.0;0.0723970802527033;0.01825283975007182;0.018026004728132386
937.5;0.0175513698630137;0.015680987109796585;0.0863169700629799
939.0;0.0175513698630137;0.01567987457984609;0.017094017094017096
940.5;0.016638225255972697;0.014828677071017829;0.01597712748065927
942.0;0.016638225255972697;0.01567760904807164;0.017754480892796753
943.5;0.018470790378006873;0.016638225255972697;0.014945495799148322
945.0;0.01865038996269922;0.015095605501509561;0.01606832657788072
946.5;0.017623877982923447;0.017623877982923447;0.01612259159428971
948.0;0.017623877982923447;0.01865038996269922;0.014986153377295074
949.5;0.017623877982923447;0.01842179442537598;0.017754480892796753
951.0;0.014945495799148322;0.014910112661872163;0.017623877982923447
952.5;0.014945495799148322;0.018332165356039182;0.015731292517006803
954.0;0.08454031981241;0.015731292517006803;0.015001087035292413
955.5;0.08454031981241;0.016863406408094434;0.045928030303030304
957.0;0.08454031981241;0.016676298192025096;0.016745540589734254
958.5;0.08454031981241;0.016676298192025096;0.019013666072489603
960.0;0.08454031981241;0.01663225731761437;0.017971946230274694
961.5;0.08454031981241;0.01865038996269922;0.017934291168491913
963.0;0.08454031981241;0.01850632726208763;0.04990403071017274
964.5;0.08454031981241;0.014910112661872163;0.015095605501509561
966.0;0.08454031981241;0.014910112661872163;0.015095605501509561
967.5;0.08454031981241;0.016638225255972697;0.018683274021352312
969.0;0.08454031981241;0.015095605501509561;0.015225395561747438
970.5;0.08454031981241;0.015095605501509561;0.015225395561747438
972.0;0.08454031981241;0.015095605501509561;0.01771809624494277
973.5;0.08454031981241;0.015095605501509561;0.017534382187836362
975.0;0.08454031981241;0.015871286409530037;0.016638225255972697
976.5;0.08454031981241;0.01836806645203033;0.0175513698630137
978.0;0.08454031981241;0.01836806645203033;0.0175513698630137
979.5;0.08454031981241;0.017465858520325457;0.016863406408094434
981.0;0.08454031981241;0.01830736743700201;0.016863406408094434
982.5;0.08454031981241;0.01830736743700201;0.015001087035292413
984.0;0.08454031981241;0.01830736743700201;0.017498443680569787
985.5;0.08454031981241;0.01830736743700201;0.016582472972657695
987.0;0.07597140829130454;0.01830736743700201;0.016568094782873223
988.5;0.07597140829130454;0.01830736743700201;0.014850222990092551
990.0;0.07597140829130454;0.01830736743700201;0.01865038996269922
991.5;0.07338145632027426;0.01830736743700201;0.016638225255972697
993.0;0.07338145632027426;0.01830736743700201;0.019345238095238096
994.5;0.07338145632027426;0.01830736743700201;0.019345238095238096
996.0;0.07338145632027426;0.01830736743700201;0.01672535211267606
997.5;0.07338145632027426;0.01830736743700201;0.015095605501509561
999.0;0.07959975734703509;0.01830736743700201;0.07087532272840844
1000.5;0.07503727202704219;0.01830736743700201;0.036783854166666664
1002.0;0.07503727202704219;0.01830736743700201;0.018010291595197254
1003.5;0.07503727202704219;0.017427438387099873;0.01865038996269922
1005.0;0.07503727202704219;0.017427438387099873;0.01842179442537598
1006.5;0.07054265059643242;0.017427438387099873;0.01842179442537598
1008.0;0.07054265059643242;0.018277260861902424;0.04875717017208413
1009.5;0.06838298669512728;0.018277260861902424;0.04875717017208413
1011.0;0.06838298669512728;0.018277260861902424;0.017094017094017096
1012.5;0.06838298669512728;0.018277260861902424;0.016863406408094434
1014.0;0.06937130444959641;0.018277260861902424;0.016863406408094434
1015.5;0.06937130444959641;0.018277260861902424;0.015280135823429542
1017.0;0.06937130444959641;0.01740771421307761;0.016863406408094434
1018.5;0.06937130444959641;0.017401635028469288;0.014945495799148322
1020.0;0.06937130444959641;0.015687178238012765;0.015743018124095107
1021.5;0.06937130444959641;0.015687178238012765;0.015743018124095107
1023.0;0.06937130444959641;0.015684481542853023;0.015743018124095107
1024.5;0.014832305600435561;0.015684481542853023;0.015743018124095107
1026.0;0.014832305600435561;0.01739137492247878;0.015743018124095107
1027.5;0.014832305600435561;0.01739137492247878;0.015743018124095107
1029.0;0.014832305600435561;0.015680987109796585;0.015743018124095107
1030.5;0.014832305600435561;0.01653260196570383;0.015743018124095107
1032.0;0.018248107350266503;0.08747300215982722;0.0161839863713799
1033.5;0.014829976303317897;0.08747300215982722;0.08024848949025615
1035.0;0.014829976303317897;0.017754480892796753;0.014910112661872163
1036.5;0.014829976303317897;0.015871286409530037;0.014910112661872163
1038.0;0.016531678096401558;0.014945495799148322;0.06626088925009356
1039.5;0.017386386504641093;0.015743018124095107;0.06910227840912597
1041.0;0.017386386504641093;0.014870091759449306;0.017427438387099873
1042.5;0.014828261126484797;0.018470790378006873;0.017427438387099873
1044.0;0.017385065898158785;0.0161839863713799;0.06972537892896573
1045.5;0.017385065898158785;0.01865038996269922;0.06972537892896573
1047.0;0.017385065898158785;0.015809071886378992;0.06750426682707018
1048.5;0.017385065898158785;0.015809071886378992;0.06734575607759853
1050.0;0.017385065898158785;0.08152861826245252;0.06734575607759853
1051.5;0.017385065898158785;0.01830736743700201;0.08106598547408224
1053.0;0.017385065898158785;0.05048076923076923;0.08106598547408224
1054.5;0.017385065898158785;0.01597712748065927;0.06725922477930055
1056.0;0.017385065898158785;0.01850632726208763;0.06725922477930055
1057.5;0.017385065898158785;0.01850632726208763;0.017389540773412943
1059.0;0.017385065898158785;0.01850632726208763;0.014829232922191612
1060.5;0.017385065898158785;0.01850632726208763;0.07672379434037466
1062.0;0.017385065898158785;0.01850632726208763;0.07672379434037466
1063.5;0.017385065898158785;0.01850632726208763;0.01865038996269922
1065.0;0.017385065898158785;0.0161839863713799;0.0718766971927262
1066.5;0.017385065898158785;0.01597712748065927;0.08338930129741895
1068.0;0.017385065898158785;0.017498443680569787;0.018332165356039182
1069.5;0.017385065898158785;0.01485852872552252;0.06990886048565832
1071.0;0.017385065898158785;0.0161839863713799;0.0161839863713799
1072.5;0.017385065898158785;0.01865038996269922;0.06689088191330343
1074.0;0.017385065898158785;0.017094017094017096;0.04455445544554455
1075.5;0.08195267515481447;0.01865038996269922;0.08862515034733302
1077.0;0.10249784668389318;0.015809071886378992;0.014986153377295074
1078.5;0.10249784668389318;0.015743018124095107;0.014936197678611653
1080.0;0.10249784668389318;0.015743018124095107;0.08434364206785724
1081.5;0.10249784668389318;0.016582472972657695;0.07984771326324287
1083.0;0.10249784668389318;0.017427438387099873;0.015001087035292413
1084.5;0.10249784668389318;0.014839767744728968;0.04315196998123827
1086.0;0.0189328743545611;0.014839767744728968;0.07905457014342697
1087.5;0.07182211727666273;0.014834097312229661;0.07905457014342697
1089.0;0.07182211727666273;0.016638225255972697;0.05048076923076923
1090.5;0.07182211727666273;0.016638225255972697;0.051059730250481696
1092.0;0.07182211727666273;0.01597712748065927;0.018010291595197254
1093.5;0.07182211727666273;0.0161839863713799;0.018010291595197254
1095.0;0.07182211727666273;0.0161839863713799;0.017094017094017096
1096.5;0.017623877982923447;0.01850632726208763;0.017094017094017096
1098.0;0.08333173436690525;0.016863406408094434;0.04980842911877395
1099.5;0.015769487034319674;0.016638225255972697;0.07438021272809722
1101.0;0.015769487034319674;0.017623877982923447;0.07438021272809722
1102.5;0.01660281557997176;0.017623877982923447;0.08547437976751122
1104.0;0.01660281557997176;0.015095605501509561;0.017754480892796753
1105.5;0.01660281557997176;0.016745540589734254;0.014945495799148322
1107.0;0.01660281557997176;0.017547197908565945;0.06900452488687782
1108.5;0.01660281557997176;0.015769487034319674;0.01865038996269922
1110.0;0.01660281557997176;0.01488644788002137;0.047619047619047616
1111.5;0.01660281557997176;0.0175513698630137;0.016638225255972697
1113.0;0.01660281557997176;0.016745540589734254;0.017754480892796753
1114.5;0.01660281557997176;0.016745540589734254;0.08024848949025615
1116.0;0.01660281557997176;0.015809071886378992;0.01845342706502636
1117.5;0.01660281557997176;0.015809071886378992;0.016821418488660245
1119.0;0.01660281557997176;0.016638225255972697;0.0161839863713799
1120.5;0.01660281557997176;0.016638225255972697;0.014945495799148322
1122.0;0.01660281557997176;0.016638225255972697;0.014945495799148322
1123.5;0.01660281557997176;0.016638225255972697;0.019345238095238096
1125.0;0.01660281557997176;0.016638225255972697;0.08954302181967888
1126.5;0.01660281557997176;0.016638225255972697;0.016745540589734254
1128.0;0.01660281557997176;0.016638225255972697;0.016745540589734254
1129.5;0.01660281557997176;0.016638225255972697;0.01663225731761437
1131.0;0.01660281557997176;0.016638225255972697;0.07828213441776118
1132.5;0.01660281557997176;0.016638225255972697;0.01850632726208763
1134.0;0.01660281557997176;0.016638225255972697;0.017754480892796753
1135.5;0.01660281557997176;0.016638225255972697;0.015280135823429542
1137.0;0.01660281557997176;0.016638225255972697;0.015280135823429542
1138.5;0.01660281557997176;0.07796881247500999;0.016863406408094434
1140.0;0.01660281557997176;0.07796881247500999;0.0175513698630137
1141.5;0.015724726735506497;0.08144892908951275;0.015871286409530037
1143.0;0.017427438387099873;0.08144892908951275;0.017498443680569787
1144.5;0.017427438387099873;0.08144892908951275;0.015743018124095107
1146.0;0.014850222990092551;0.08144892908951275;0.018277260861902424
1147.5;0.014850222990092551;0.08144892908951275;0.01740771421307761
1149.0;0.016550266845809666;0.08144892908951275;0.014839767744728968
1150.5;0.01826142579350741;0.0674469940084216;0.018256492034823147
1152.0;0.0161839863713799;0.07326130256843867;0.017393838281482624
1153.5;0.0161839863713799;0.07326130256843867;0.017393838281482624
1155.0;0.0161839863713799;0.06732177216716176;0.01739137492247878
1156.5;0.0161839863713799;0.0810404299340659;0.015680987109796585
1158.0;0.016745540589734254;0.0810404299340659;0.015731292517006803
1159.5;0.014945495799148322;0.0688532784166215;0.015731292517006803
1161.0;0.014945495799148322;0.06554917200591014;0.01850632726208763
1162.5;0.014945495799148322;0.06554917200591014;0.017094017094017096
1164.0;0.014945495799148322;0.06554917200591014;0.017094017094017096
1165.5;0.014945495799148322;0.06554917200591014;0.01865038996269922
1167.0;0.014945495799148322;0.06554917200591014;0.015871286409530037
1168.5;0.014945495799148322;0.07381715481025414;0.015871286409530037
1170.0;0.014945495799148322;0.07381715481025414;0.015769487034319674
1171.5;0.015769487034319674;0.07381715481025414;0.015769487034319674
1173.0;0.015769487034319674;0.08014786536595958;0.018010291595197254
1174.5;0.018332165356039182;0.08014786536595958;0.017754480892796753
1176.0;0.018332165356039182;0.08014786536595958;0.01850632726208763
1177.5;0.01830736743700201;0.08014786536595958;0.01488644788002137
1179.0;0.01830736743700201;0.08014786536595958;0.01741601350785099
1180.5;0.016568094782873223;0.08222738072260398;0.016550266845809666
1182.0;0.016568094782873223;0.08222738072260398;0.017825311942959002
1183.5;0.016568094782873223;0.07251316803405805;0.015992751525289242
1185.0;0.018277260861902424;0.01653549687010534;0.0175513698630137
1186.5;0.018256492034823147;0.06721135402515525;0.017699115044247787
1188.0;0.016537723722061845;0.06721135402515525;0.017699115044247787
1189.5;0.015680987109796585;0.06721135402515525;0.01865038996269922
1191.0;0.018246600758721136;0.016531678096401558;0.018026004728132386
1192.5;0.017386386504641093;0.016531678096401558;0.018010291595197254
1194.0;0.017386386504641093;0.016531678096401558;0.018010291595197254
1195.5;0.016530470370958342;0.016531678096401558;0.017754480892796753
1197.0;0.016530470370958342;0.018244633954786142;0.017754480892796753
1198.5;0.016530470370958342;0.018244633954786142;0.015095605501509561
1200.0;0.014827949697411927;0.016530470370958342;0.015095605501509561
1201.5;0.014827949697411927;0.016530470370958342;0.015871286409530037
1203.0;0.01567734827379584;0.0175513698630137;0.015871286409530037
1204.5;0.01567734827379584;0.0175513698630137;0.017498443680569787
1206.0;0.01567734827379584;0.0175513698630137;0.017498443680569787
1207.5;0.018242915171642324;0.0175513698630137;0.017465858520325457
1209.0;0.014827410635276744;0.0175513698630137;0.017465858520325457
1210.5;0.014827410635276744;0.017754480892796753;0.016582472972657695
1212.0;0.014827238821925121;0.017623877982923447;0.016582472972657695
1213.5;0.01824237324511988;0.017623877982923447;0.015695763321720377
1215.0;0.01824237324511988;0.017623877982923447;0.017401635028469288
1216.5;0.01824237324511988;0.017547197908565945;0.017699115044247787
1218.0;0.015676706403008348;0.017547197908565945;0.017699115044247787
1219.5;0.015676706403008348;0.017547197908565945;0.01845342706502636
1221.0;0.015676706403008348;0.017547197908565945;0.01845342706502636
1222.5;0.015676706403008348;0.017547197908565945;0.01845342706502636
1224.0;0.015676706403008348;0.017547197908565945;0.01845342706502636
1225.5;0.015676706403008348;0.017547197908565945;0.01612259159428971
1227.0;0.015676706403008348;0.017547197908565945;0.0175513698630137
1228.5;0.015676706403008348;0.017547197908565945;0.016863406408094434
1230.0;0.015676706403008348;0.017547197908565945;0.06176900584795322
1231.5;0.015676706403008348;0.07771195869669424;0.015225395561747438
1233.0;0.015676706403008348;0.07771195869669424;0.01771809624494277
1234.5;0.015676706403008348;0.07771195869669424;0.017015706806282723
1236.0;0.015676706403008348;0.018332165356039182;0.0913978494623656
1237.5;0.015676706403008348;0.06698855167485213;0.01865038996269922
1239.0;0.015676706403008348;0.06698855167485213;0.016745540589734254
1240.5;0.015676706403008348;0.01570251018973342;0.015809071886378992
1242.0;0.015676706403008348;0.01570251018973342;0.05222437137330754
1243.5;0.015676706403008348;0.01570251018973342;0.01597712748065927
1245.0;0.015676706403008348;0.014844188506303903;0.016745540589734254
1246.5;0.015676706403008348;0.014844188506303903;0.016745540589734254
1248.0;0.015676706403008348;0.014844188506303903;0.016745540589734254
1249.5;0.015676706403008348;0.017397154861764727;0.016745540589734254
1251.0;0.015676706403008348;0.06523614674065581;0.015769487034319674
1252.5;0.015676706403008348;0.01825012709422827;0.07325080800725609
1254.0;0.015676706403008348;0.07667381125160404;0.017545514574096786
1255.5;0.015676706403008348;0.07558322423330886;0.01942319011183049
1257.0;0.015676706403008348;0.07769476942671755;0.018610244807272875
1258.5;0.09416299559471365;0.07769476942671755;0.018010291595197254
1260.0;0.017754480892796753;0.07769476942671755;0.01850632726208763
1261.5;0.017754480892796753;0.07769476942671755;0.01865038996269922
1263.0;0.016676298192025096;0.07769476942671755;0.015871286409530037
1264.5;0.015743018124095107;0.07769476942671755;0.01842179442537598
1266.0;0.017443347491498312;0.07769476942671755;0.018612132352941176
1267.5;0.017443347491498312;0.01567842217100666;0.046236630571979
1269.0;0.01485852872552252;0.01567842217100666;0.017799021627615652
1270.5;0.01485852872552252;0.01567842217100666;0.042924211938296444
1272.0;0.01741601350785099;0.01567842217100666;0.016863406408094434
1273.5;0.01741601350785099;0.01567842217100666;0.018470790378006873
1275.0;0.01741601350785099;0.01567842217100666;0.08431531897602601
1276.5;0.01741601350785099;0.01567842217100666;0.016676298192025096
1278.0;0.01741601350785099;0.01567842217100666;0.03879026955950033
1279.5;0.0182681206624895;0.01567842217100666;0.047658862876254184
1281.0;0.0182681206624895;0.01567842217100666;0.018314772574802095
1282.5;0.0182681206624895;0.01567842217100666;0.018314772574802095
1284.0;0.0182681206624895;0.01567842217100666;0.018314772574802095
1285.5;0.0182681206624895;0.01567842217100666;0.015163102542134104
1287.0;0.0182681206624895;0.01567842217100666;0.014924464407812232
1288.5;0.0182681206624895;0.01567842217100666;0.015753878644374854
1290.0;0.0182681206624895;0.01567842217100666;0.016863406408094434
1291.5;0.0182681206624895;0.01567842217100666;0.09369898792033954
1293.0;0.0182681206624895;0.01567842217100666;0.015907416444202047
1294.5;0.0182681206624895;0.01567842217100666;0.015907416444202047
1296.0;0.0182681206624895;0.01567842217100666;0.017515962224757837
1297.5;0.0182681206624895;0.015677957190639216;0.017699115044247787
1299.0;0.0182681206624895;0.01653008333788549;0.015225395561747438
1300.5;0.0182681206624895;0.017384645537373677;0.015225395561747438
1302.0;0.0182681206624895;0.015676814372618864;0.015225395561747438
1303.5;0.0182681206624895;0.016529079863994253;0.0175513698630137
1305.0;0.0182681206624895;0.016529079863994253;0.017373380447585393
1306.5;0.06528282386473658;0.017384233914291836;0.0189328743545611
1308.0;0.06528282386473658;0.0175513698630137;0.01597712748065927
1309.5;0.06528282386473658;0.0175513698630137;0.015095605501509561
1311.0;0.06528282386473658;0.0175513698630137;0.015095605501509561
1312.5;0.06528282386473658;0.01597712748065927;0.017623877982923447
1314.0;0.06528282386473658;0.015001087035292413;0.01597712748065927
1315.5;0.06528282386473658;0.015001087035292413;0.014945495799148322
1317.0;0.06528282386473658;0.015743018124095107;0.018332165356039182
1318.5;0.06528282386473658;0.016582472972657695;0.051059730250481696
1320.0;0.06528282386473658;0.01740771421307761;0.016863406408094434
1321.5;0.06528282386473658;0.016638225255972697;0.015871286409530037
1323.0;0.06528282386473658;0.015095605501509561;0.017547197908565945
1324.5;0.06528282386473658;0.018010291595197254;0.016638225255972697
1326.0;0.06528282386473658;0.01865038996269922;0.015095605501509561
1327.5;0.06528282386473658;0.017094017094017096;0.017623877982923447
1329.0;0.06528282386473658;0.01842179442537598;0.017623877982923447
1330.5;0.06528282386473658;0.017094017094017096;0.017623877982923447
1332.0;0.06528282386473658;0.015095605501509561;0.017623877982923447
1333.5;0.07569039297885562;0.016745540589734254;0.08569059601627427
1335.0;0.01825012709422827;0.016745540589734254;0.0175513698630137
1336.5;0.05280246069719753;0.016745540589734254;0.049329501915708805
1338.0;0.015225395561747438;0.016745540589734254;0.049329501915708805
1339.5;0.015225395561747438;0.016745540589734254;0.049329501915708805
1341.0;0.01771809624494277;0.016745540589734254;0.049329501915708805
1342.5;0.017094017094017096;0.014945495799148322;0.049329501915708805
1344.0;0.017094017094017096;0.01663225731761437;0.08048289738430583
1345.5;0.017094017094017096;0.01660281557997176;0.08048289738430583
1347.0;0.07434304424481572;0.01660281557997176;0.08033826638477802
1348.5;0.017498443680569787;0.01597712748065927;0.08033826638477802
1350.0;0.018332165356039182;0.01597712748065927;0.08033826638477802
1351.5;0.018332165356039182;0.01597712748065927;0.08033826638477802
1353.0;0.015711796950363736;0.016745540589734254;0.08033826638477802
1354.5;0.01741601350785099;0.014910112661872163;0.08033826638477802
1356.0;0.01741601350785099;0.018470790378006873;0.08033826638477802
1357.5;0.016550266845809666;0.017754480892796753;0.08033826638477802
1359.0;0.017401635028469288;0.015809071886378992;0.08033826638477802
1360.5;0.017401635028469288;0.015743018124095107;0.08033826638477802
1362.0;0.017401635028469288;0.015731292517006803;0.08033826638477802
1363.5;0.017401635028469288;0.015095605501509561;0.017754480892796753
1365.0;0.017401635028469288;0.01850632726208763;0.017754480892796753
1366.5;0.017401635028469288;0.017547197908565945;0.017754480892796753
1368.0;0.014836509492270044;0.014910112661872163;0.018470790378006873
1369.5;0.014836509492270044;0.017094017094017096;0.018470790378006873
1371.0;0.014836509492270044;0.017094017094017096;0.018470790378006873
1372.5;0.01653549687010534;0.017094017094017096;0.016863406408094434
1374.0;0.01653549687010534;0.017094017094017096;0.016863406408094434
1375.5;0.018248107350266503;0.01597712748065927;0.016863406408094434
1377.0;0.01567987457984609;0.01597712748065927;0.06973170529113713
1378.5;0.01567987457984609;0.01597712748065927;0.016676298192025096
1380.0;0.015679043553987165;0.017623877982923447;0.016676298192025096
1381.5;0.014827949697411927;0.017547197908565945;0.01663225731761437
1383.0;0.014827949697411927;0.01663225731761437;0.015743018124095107
1384.5;0.014827949697411927;0.01663225731761437;0.07123317659128059
1386.0;0.014827949697411927;0.01663225731761437;0.07741609250709174
1387.5;0.018243179757112683;0.015743018124095107;0.0175513698630137
1389.0;0.018243179757112683;0.015743018124095107;0.0175513698630137
1390.5;0.018243179757112683;0.015743018124095107;0.07425742574257424
1392.0;0.018243179757112683;0.015743018124095107;0.018010291595197254
1393.5;0.018243179757112683;0.015743018124095107;0.018010291595197254
1395.0;0.018243179757112683;0.08215271463641584;0.018010291595197254
1396.5;0.018243179757112683;0.08215271463641584;0.018010291595197254
1398.0;0.018243179757112683;0.06990886048565832;0.018010291595197254
1399.5;0.018242915171642324;0.06990886048565832;0.018010291595197254
1401.0;0.018242716875351634;0.06990886048565832;0.07425742574257424
1402.5;0.01738451054966002;0.07611210733696298;0.07425742574257424
1404.0;0.01738451054966002;0.07611210733696298;0.07425742574257424
1405.5;0.06818648536818878;0.07611210733696298;0.07425742574257424
1407.0;0.07978215709095278;0.07611210733696298;0.07425742574257424
1408.5;0.07978215709095278;0.07611210733696298;0.07425742574257424
1410.0;0.07978215709095278;0.07611210733696298;0.07425742574257424
1411.5;0.07978215709095278;0.07611210733696298;0.017547197908565945
1413.0;0.07978215709095278;0.07611210733696298;0.017547197908565945
1414.5;0.07978215709095278;0.017401635028469288;0.017547197908565945
1416.0;0.018242310595448556;0.017397154861764727;0.01663225731761437
1417.5;0.014827111201917353;0.017397154861764727;0.01663225731761437
1419.0;0.014827111201917353;0.017397154861764727;0.051059730250481696
1420.5;0.01738417792750781;0.016537723722061845;0.015871286409530037
1422.0;0.014827047568619004;0.016537723722061845;0.018010291595197254
1423.5;0.01652894620374325;0.015682478532320222;0.018010291595197254
1425.0;0.01652894620374325;0.015682478532320222;0.018010291595197254
1426.5;0.018242136822507252;0.014829976303317897;0.016863406408094434
1428.0;0.018242136822507252;0.014829976303317897;0.016863406408094434
1429.5;0.049329501915708805;0.014829976303317897;0.015871286409530037
1431.0;0.0175513698630137;0.014829976303317897;0.015809071886378992
1432.5;0.0161839863713799;0.014829976303317897;0.015809071886378992
1434.0;0.017623877982923447;0.014829976303317897;0.07547665433531073
1435.5;0.017623877982923447;0.014829976303317897;0.07547665433531073
1437.0;0.0189328743545611;0.014829976303317897;0.07547665433531073
1438.5;0.0189328743545611;0.017387150648592545;0.07547665433531073
1440.0;0.015095605501509561;0.017387150648592545;0.01488644788002137
1441.5;0.07905457014342697;0.01567842217100666;0.01488644788002137
1443.0;0.01663225731761437;0.01567842217100666;0.014870091759449306
1444.5;0.01663225731761437;0.014827949697411927;0.08530042918454936
1446.0;0.014870091759449306;0.017385065898158785;0.08530042918454936
1447.5;0.01485852872552252;0.014827541633468562;0.08530042918454936
1449.0;0.046489563567362426;0.014827541633468562;0.016863406408094434
1450.5;0.046489563567362426;0.014827541633468562;0.016676298192025096
1452.0;0.016638225255972697;0.014827541633468562;0.016676298192025096
1453.5;0.01865038996269922;0.014827541633468562;0.016676298192025096
1455.0;0.015001087035292413;0.014827541633468562;0.016676298192025096
1456.5;0.015001087035292413;0.014827541633468562;0.016676298192025096
1458.0;0.017547197908565945;0.014827541633468562;0.016676298192025096
1459.5;0.06780848193311179;0.014827541633468562;0.016676298192025096
1461.0;0.06780848193311179;0.014827541633468562;0.016676298192025096
1462.5;0.06780848193311179;0.014827541633468562;0.016676298192025096
1464.0;0.06780848193311179;0.014827541633468562;0.017498443680569787
1465.5;0.015743018124095107;0.014827541633468562;0.017498443680569787
1467.0;0.08326962055585943;0.014827541633468562;0.06945691490726251
1468.5;0.08326962055585943;0.014827541633468562;0.06945691490726251
1470.0;0.08326962055585943;0.014827541633468562;0.06945691490726251
1471.5;0.08326962055585943;0.014827541633468562;0.07230513049762272
1473.0;0.08326962055585943;0.014827541633468562;0.07230513049762272
1474.5;0.08326962055585943;0.014827541633468562;0.07230513049762272
1476.0;0.08326962055585943;0.014827541633468562;0.07230513049762272
1477.5;0.08326962055585943;0.014827541633468562;0.0189328743545611
1479.0;0.08326962055585943;0.014827541633468562;0.0161839863713799
1480.5;0.08326962055585943;0.014827541633468562;0.015095605501509561
1482.0;0.08326962055585943;0.014827541633468562;0.015001087035292413
1483.5;0.08326962055585943;0.014827541633468562;0.0161839863713799
1485.0;0.08326962055585943;0.014827541633468562;0.0161839863713799
1486.5;0.08326962055585943;0.014827541633468562;0.017623877982923447
1488.0;0.08326962055585943;0.07764477325362365;0.015280135823429542
1489.5;0.08326962055585943;0.07764477325362365;0.016863406408094434
1491.0;0.08326962055585943;0.014827238821925121;0.0161839863713799
1492.5;0.08326962055585943;0.01652913129870731;0.0161839863713799
1494.0;0.08326962055585943;0.017384233914291836;0.01597712748065927
1495.5;0.08326962055585943;0.07339620590631031;0.014945495799148322
1497.0;0.08326962055585943;0.018026004728132386;0.01865038996269922
1498.5;0.08326962055585943;0.018026004728132386;0.01865038996269922
1500.0;0.08326962055585943;0.017754480892796753;0.01850632726208763
1501.5;0.08326962055585943;0.015001087035292413;0.016676298192025096
1503.0;0.08326962055585943;0.015001087035292413;0.016676298192025096
1504.5;0.017427438387099873;0.049329501915708805;0.016676298192025096
1506.0;0.017427438387099873;0.016745540589734254;0.0175513698630137
1507.5;0.017427438387099873;0.01842179442537598;0.07061592781482934
1509.0;0.018277260861902424;0.0770733678473717;0.07061592781482934
1510.5;0.018277260861902424;0.0770733678473717;0.015001087035292413
1512.0;0.018277260861902424;0.0770733678473717;0.0175513698630137
1513.5;0.016550266845809666;0.01830736743700201;0.01597712748065927
1515.0;0.08005291535884662;0.016568094782873223;0.049329501915708805
1516.5;0.08005291535884662;0.01740771421307761;0.019142066420664204
1518.0;0.08005291535884662;0.015731292517006803;0.050912176495545185
1519.5;0.08005291535884662;0.07299742814770317;0.015008842899186362
1521.0;0.08005291535884662;0.018026004728132386;0.015772978195049962
1522.5;0.014834097312229661;0.08174097664543525;0.017754480892796753
1524.0;0.0161839863713799;0.014945495799148322;0.017547197908565945
1525.5;0.0161839863713799;0.01836806645203033;0.01597712748065927
1527.0;0.0161839863713799;0.01836806645203033;0.0175513698630137
1528.5;0.0161839863713799;0.01836806645203033;0.016863406408094434
1530.0;0.08144892908951275;0.018332165356039182;0.0189328743545611
1531.5;0.08144892908951275;0.018332165356039182;0.018010291595197254
1533.0;0.08144892908951275;0.018332165356039182;0.016638225255972697
1534.5;0.08144892908951275;0.018332165356039182;0.015871286409530037
1536.0;0.08144892908951275;0.018332165356039182;0.018026004728132386
1537.5;0.08144892908951275;0.018332165356039182;0.015280135823429542
1539.0;0.08144892908951275;0.015724726735506497;0.01850632726208763
1540.5;0.08144892908951275;0.015095605501509561;0.014910112661872163
1542.0;0.08144892908951275;0.015095605501509561;0.0189328743545611
1543.5;0.08144892908951275;0.015001087035292413;0.01842179442537598
1545.0;0.08144892908951275;0.015001087035292413;0.01660281557997176
1546.5;0.08144892908951275;0.015001087035292413;0.016582472972657695
1548.0;0.08144892908951275;0.015001087035292413;0.016557768507871926
1549.5;0.08144892908951275;0.015001087035292413;0.016550266845809666
1551.0;0.08144892908951275;0.015001087035292413;0.016540721828503288
1552.5;0.08144892908951275;0.043703007518796994;0.017094017094017096
1554.0;0.08144892908951275;0.043703007518796994;0.01865038996269922
1555.5;0.08144892908951275;0.08431531897602601;0.016638225255972697
1557.0;0.08144892908951275;0.08431531897602601;0.016863406408094434
1558.5;0.08144892908951275;0.0863169700629799;0.01850632726208763
1560.0;0.08144892908951275;0.0863169700629799;0.019013666072489603
1561.5;0.08144892908951275;0.0863169700629799;0.0161839863713799
1563.0;0.015809071886378992;0.0863169700629799;0.01597712748065927
1564.5;0.015769487034319674;0.0175513698630137;0.0161839863713799
1566.0;0.015769487034319674;0.0175513698630137;0.017094017094017096
1567.5;0.015769487034319674;0.0175513698630137;0.0189328743545611
1569.0;0.015769487034319674;0.0175513698630137;0.017754480892796753
1570.5;0.015769487034319674;0.0175513698630137;0.017094017094017096
1572.0;0.015769487034319674;0.0175513698630137;0.017094017094017096
1573.5;0.015769487034319674;0.08048289738430583;0.017754480892796753
1575.0;0.015769487034319674;0.048187022900763356;0.01850632726208763
1576.5;0.018332165356039182;0.01597712748065927;0.01850632726208763
1578.0;0.018332165356039182;0.01597712748065927;0.016676298192025096
1579.5;0.018332165356039182;0.01597712748065927;0.017465858520325457
1581.0;0.018332165356039182;0.017094017094017096;0.018010291595197254
1582.5;0.016582472972657695;0.01865038996269922;0.018010291595197254
1584.0;0.01485852872552252;0.01842179442537598;0.018010291595197254
1585.5;0.01485852872552252;0.017498443680569787;0.016638225255972697
1587.0;0.014850222990092551;0.017427438387099873;0.08302956662616444
1588.5;0.014839767744728968;0.017427438387099873;0.03879026955950033
1590.0;0.016540721828503288;0.016550266845809666;0.018010291595197254
1591.5;0.016540721828503288;0.014836509492270044;0.01850632726208763
1593.0;0.016540721828503288;0.016638225255972697;0.016863406408094434
1594.5;0.017389540773412943;0.017754480892796753;0.016863406408094434
1596.0;0.017389540773412943;0.015001087035292413;0.016745540589734254
1597.5;0.017389540773412943;0.015001087035292413;0.08450826136298063
1599.0;0.017388172610590263;0.01836806645203033;0.08450826136298063
1600.5;0.017387150648592545;0.018470790378006873;0.015769487034319674
1602.0;0.014828261126484797;0.016863406408094434;0.014870091759449306
1603.5;0.01653008333788549;0.048187022900763356;0.018277260861902424
1605.0;0.01567734827379584;0.01865038996269922;0.014839767744728968
1606.5;0.01652941341487852;0.017754480892796753;0.014839767744728968
1608.0;0.015871286409530037;0.015731292517006803;0.014839767744728968
1609.5;0.015095605501509561;0.015095605501509561;0.014839767744728968
1611.0;0.017547197908565945;0.049329501915708805;0.014839767744728968
1612.5;0.01663225731761437;0.016863406408094434;0.014839767744728968
1614.0;0.015724726735506497;0.07299742814770317;0.018256492034823147
1615.5;0.015711796950363736;0.01865038996269922;0.018256492034823147
1617.0;0.015711796950363736;0.04425612052730697;0.018256492034823147
1618.5;0.015695763321720377;0.04425612052730697;0.016537723722061845
1620.0;0.017094017094017096;0.01850632726208763;0.016537723722061845
1621.5;0.017094017094017096;0.01850632726208763;0.016537723722061845
1623.0;0.016745540589734254;0.07996748642690851;0.016537723722061845
1624.5;0.01842179442537598;0.09041394335511982;0.016537723722061845
1626.0;0.01842179442537598;0.09041394335511982;0.016537723722061845
1627.5;0.018332165356039182;0.09041394335511982;0.016537723722061845
1629.0;0.018332165356039182;0.01842179442537598;0.01825012709422827
1630.5;0.018289844042285466;0.08458244111349036;0.01825012709422827
1632.0;0.018289844042285466;0.07303592577970786;0.06826549669914286
1633.5;0.018289844042285466;0.01850632726208763;0.06826549669914286
1635.0;0.018289844042285466;0.014945495799148322;0.06826549669914286
1636.5;0.016557768507871926;0.014945495799148322;0.01653260196570383
1638.0;0.016550266845809666;0.014945495799148322;0.01653260196570383
1639.5;0.014839767744728968;0.014945495799148322;0.016530470370958342
1641.0;0.014836509492270044;0.014945495799148322;0.01567734827379584
1642.5;0.014836509492270044;0.014945495799148322;0.01567734827379584
1644.0;0.014836509492270044;0.014945495799148322;0.0161839863713799
1645.5;0.014836509492270044;0.014945495799148322;0.0161839863713799
1647.0;0.014836509492270044;0.014945495799148322;0.015095605501509561
1648.5;0.014836509492270044;0.014945495799148322;0.014945495799148322
1650.0;0.014836509492270044;0.014945495799148322;0.014945495799148322
1651.5;0.014836509492270044;0.014945495799148322;0.017498443680569787
1653.0;0.014836509492270044;0.014945495799148322;0.017498443680569787
1654.5;0.014836509492270044;0.014945495799148322;0.017498443680569787
1656.0;0.014836509492270044;0.014945495799148322;0.016582472972657695
1657.5;0.014836509492270044;0.014945495799148322;0.016582472972657695
1659.0;0.014836509492270044;0.014945495799148322;0.016582472972657695
1660.5;0.014836509492270044;0.014945495799148322;0.016582472972657695
1662.0;0.014836509492270044;0.014945495799148322;0.016582472972657695
1663.5;0.014836509492270044;0.01836806645203033;0.014850222990092551
1665.0;0.014836509492270044;0.018332165356039182;0.016550266845809666
1666.5;0.014836509492270044;0.015724726735506497;0.016550266845809666
1668.0;0.014836509492270044;0.06571130694959344;0.016550266845809666
1669.5;0.014836509492270044;0.06867528889794264;0.016550266845809666
1671.0;0.014836509492270044;0.06867528889794264;0.016550266845809666
1672.5;0.014836509492270044;0.06867528889794264;0.0175513698630137
1674.0;0.014836509492270044;0.06959254644312274;0.017754480892796753
1675.5;0.014836509492270044;0.06959254644312274;0.017754480892796753
1677.0;0.014836509492270044;0.01826142579350741;0.07551140668406431
1678.5;0.014836509492270044;0.017393838281482624;0.069651277654558
1680.0;0.014836509492270044;0.017393838281482624;0.015743018124095107
1681.5;0.014836509492270044;0.06826549669914286;0.015724726735506497
1683.0;0.014836509492270044;0.017094017094017096;0.07741609250709174
1684.5;0.014836509492270044;0.0175513698630137;0.014844188506303903
1686.0;0.014836509492270044;0.0175513698630137;0.014844188506303903
1687.5;0.01825283975007182;0.01865038996269922;0.014839767744728968
1689.0;0.01825283975007182;0.015809071886378992;0.018256492034823147
1690.5;0.01825283975007182;0.014910112661872163;0.018256492034823147
1692.0;0.01825283975007182;0.01660281557997176;0.018256492034823147
1693.5;0.01825283975007182;0.0788296099311738;0.049329501915708805
1695.0;0.01825012709422827;0.0788296099311738;0.016863406408094434
1696.5;0.01825012709422827;0.07417313634113192;0.048187022900763356
1698.0;0.01825012709422827;0.07417313634113192;0.048187022900763356
1699.5;0.01825012709422827;0.07417313634113192;0.017754480892796753
1701.0;0.0161839863713799;0.07417313634113192;0.017498443680569787
1702.5;0.0161839863713799;0.07417313634113192;0.01660281557997176
1704.0;0.0161839863713799;0.07417313634113192;0.017443347491498312
1705.5;0.0161839863713799;0.07417313634113192;0.01570251018973342
1707.0;0.0161839863713799;0.07417313634113192;0.014844188506303903
1708.5;0.0161839863713799;0.07417313634113192;0.0161839863713799
1710.0;0.0161839863713799;0.07417313634113192;0.015095605501509561
1711.5;0.0161839863713799;0.07417313634113192;0.01850632726208763
1713.0;0.0161839863713799;0.07417313634113192;0.017547197908565945
1714.5;0.0161839863713799;0.07417313634113192;0.01663225731761437
1716.0;0.0161839863713799;0.07417313634113192;0.01660281557997176
1717.5;0.0161839863713799;0.017094017094017096;0.048187022900763356
1719.0;0.0161839863713799;0.017094017094017096;0.017547197908565945
1720.5;0.0161839863713799;0.017094017094017096;0.048187022900763356
1722.0;0.0161839863713799;0.016863406408094434;0.016863406408094434
1723.5;0.0161839863713799;0.016863406408094434;0.015871286409530037
1725.0;0.0161839863713799;0.016863406408094434;0.015743018124095107
1726.5;0.0161839863713799;0.017623877982923447;0.016582472972657695
1728.0;0.0161839863713799;0.06854651270894926;0.016582472972657695
1729.5;0.0161839863713799;0.06854651270894926;0.018470790378006873
1731.0;0.0161839863713799;0.01663225731761437;0.017754480892796753
1732.5;0.0161839863713799;0.01663225731761437;0.015871286409530037
1734.0;0.0161839863713799;0.01663225731761437;0.015809071886378992
1735.5;0.0161839863713799;0.01663225731761437;0.018010291595197254
1737.0;0.0161839863713799;0.01663225731761437;0.017547197908565945
1738.5;0.0161839863713799;0.017465858520325457;0.016863406408094434
1740.0;0.0161839863713799;0.015724726735506497;0.016863406408094434
1741.5;0.0161839863713799;0.015724726735506497;0.01836806645203033
1743.0;0.0161839863713799;0.017427438387099873;0.07053123107281715
1744.5;0.0161839863713799;0.06972537892896573;0.07053123107281715
1746.0;0.0161839863713799;0.06972537892896573;0.07053123107281715
1747.5;0.0161839863713799;0.018470790378006873;0.017443347491498312
1749.0;0.0161839863713799;0.018470790378006873;0.015095605501509561
1750.5;0.0161839863713799;0.016863406408094434;0.015095605501509561
1752.0;0.0161839863713799;0.016403046280023436;0.01865038996269922
1753.5;0.0161839863713799;0.016403046280023436;0.07076132648295189
1755.0;0.0161839863713799;0.01597712748065927;0.0161839863713799
1756.5;0.0161839863713799;0.016745540589734254;0.0175513698630137
1758.0;0.0161839863713799;0.017498443680569787;0.016745540589734254
1759.5;0.0161839863713799;0.015414729630535846;0.015280135823429542
1761.0;0.0161839863713799;0.0185554688027144;0.018470790378006873
1762.5;0.016745540589734254;0.01597712748065927;0.018010291595197254
1764.0;0.01842179442537598;0.01850632726208763;0.015001087035292413
1765.5;0.017498443680569787;0.014910112661872163;0.01663225731761437
1767.0;0.01660281557997176;0.0161839863713799;0.017754480892796753
1768.5;0.01660281557997176;0.016863406408094434;0.017754480892796753
1770.0;0.01660281557997176;0.016745540589734254;0.015095605501509561
1771.5;0.016582472972657695;0.0161839863713799;0.01850632726208763
1773.0;0.016582472972657695;0.017754480892796753;0.0175513698630137
1774.5;0.016557768507871926;0.017094017094017096;0.01726263871763255
1776.0;0.016557768507871926;0.016745540589734254;0.015280135823429542
1777.5;0.015695763321720377;0.016745540589734254;0.01850632726208763
1779.0;0.017401635028469288;0.016745540589734254;0.015769487034319674
1780.5;0.017401635028469288;0.016745540589734254;0.04208416833667335
1782.0;0.015687178238012765;0.015809071886378992;0.017971946230274694
1783.5;0.015687178238012765;0.01660281557997176;0.08350100603621731
1785.0;0.015687178238012765;0.017443347491498312;0.017603269400950756
1786.5;0.016537723722061845;0.0175513698630137;0.03798297314996725
1788.0;0.016537723722061845;0.017754480892796753;0.01850632726208763
1789.5;0.016537723722061845;0.016745540589734254;0.017094017094017096
1791.0;0.01739137492247878;0.016745540589734254;0.017971946230274694
1792.5;0.015680987109796585;0.016745540589734254;0.015434504692713043
1794.0;0.014829976303317897;0.017498443680569787;0.018753527560063075
1795.5;0.014829976303317897;0.017498443680569787;0.04315196998123827
1797.0;0.014829976303317897;0.017498443680569787;0.0161839863713799
1798.5;0.014829976303317897;0.017465858520325457;0.01865038996269922
1800.0;0.014829976303317897;0.017465858520325457;0.015280135823429542
1801.5;0.018010291595197254;0.017465858520325457;0.07425742574257424
1803.0;0.018010291595197254;0.017443347491498312;0.07905457014342697
1804.5;0.018010291595197254;0.017443347491498312;0.017547197908565945
1806.0;0.018010291595197254;0.017443347491498312;0.01488644788002137
1807.5;0.018010291595197254;0.017443347491498312;0.01488644788002137
1809.0;0.018010291595197254;0.017443347491498312;0.07796881247500999
1810.5;0.018010291595197254;0.017443347491498312;0.017373380447585393
1812.0;0.015095605501509561;0.017443347491498312;0.018010291595197254
1813.5;0.015095605501509561;0.017443347491498312;0.016745540589734254
1815.0;0.017623877982923447;0.017443347491498312;0.03878406708595388
1816.5;0.017623877982923447;0.017443347491498312;0.016335052812576762
1818.0;0.01842179442537598;0.017443347491498312;0.016863406408094434
1819.5;0.014910112661872163;0.017443347491498312;0.08450826136298063
1821.0;0.018332165356039182;0.017443347491498312;0.016582472972657695
1822.5;0.01830736743700201;0.017443347491498312;0.018470790378006873
1824.0;0.01485852872552252;0.017443347491498312;0.016745540589734254
1825.5;0.01485852872552252;0.017443347491498312;0.08216097234185091
1827.0;0.01485852872552252;0.017443347491498312;0.018010291595197254
1828.5;0.017373380447585393;0.017443347491498312;0.015871286409530037
1830.0;0.01942319011183049;0.017443347491498312;0.01836806645203033
1831.5;0.01784040701566475;0.017443347491498312;0.06698855167485213
1833.0;0.016979552792060267;0.017443347491498312;0.01597712748065927
1834.5;0.019345238095238096;0.017443347491498312;0.015871286409530037
1836.0;0.016638225255972697;0.017443347491498312;0.015769487034319674
1837.5;0.017094017094017096;0.017443347491498312;0.06732177216716176
1839.0;0.016638225255972697;0.017443347491498312;0.07446218085988703
1840.5;0.015280135823429542;0.017443347491498312;0.016568094782873223
1842.0;0.01597712748065927;0.017427438387099873;0.018277260861902424
1843.5;0.016863406408094434;0.017427438387099873;0.018277260861902424
1845.0;0.017547197908565945;0.017427438387099873;0.014844188506303903
1846.5;0.017465858520325457;0.017427438387099873;0.014844188506303903
1848.0;0.017465858520325457;0.017427438387099873;0.014844188506303903
1849.5;0.015724726735506497;0.017427438387099873;0.014839767744728968
1851.0;0.015724726735506497;0.017427438387099873;0.014839767744728968
1852.5;0.015724726735506497;0.018277260861902424;0.014839767744728968
1854.0;0.015724726735506497;0.018277260861902424;0.016540721828503288
1855.5;0.015724726735506497;0.015695763321720377;0.017393838281482624
1857.0;0.015724726735506497;0.015695763321720377;0.016638225255972697
1858.5;0.015724726735506497;0.015695763321720377;0.016638225255972697
1860.0;0.014850222990092551;0.015695763321720377;0.016863406408094434
1861.5;0.014850222990092551;0.015690820879123473;0.016863406408094434
1863.0;0.014850222990092551;0.015690820879123473;0.0161839863713799
1864.5;0.014850222990092551;0.017397154861764727;0.0161839863713799
1866.0;0.017094017094017096;0.017397154861764727;0.0161839863713799
1867.5;0.015095605501509561;0.017397154861764727;0.015095605501509561
1869.0;0.015095605501509561;0.017397154861764727;0.014945495799148322
1870.5;0.015095605501509561;0.0161839863713799;0.015769487034319674
1872.0;0.01850632726208763;0.018010291595197254;0.01660281557997176
1873.5;0.01850632726208763;0.018010291595197254;0.01660281557997176
1875.0;0.016676298192025096;0.01850632726208763;0.01660281557997176
1876.5;0.016676298192025096;0.017547197908565945;0.01660281557997176
1878.0;0.016676298192025096;0.017547197908565945;0.01660281557997176
1879.5;0.016676298192025096;0.017547197908565945;0.01830736743700201
1881.0;0.07436650111170809;0.017547197908565945;0.015711796950363736
1882.5;0.01660281557997176;0.017547197908565945;0.018277260861902424
1884.0;0.01830736743700201;0.017547197908565945;0.014844188506303903
1885.5;0.01830736743700201;0.017547197908565945;0.014844188506303903
1887.0;0.01830736743700201;0.017547197908565945;0.014844188506303903
1888.5;0.01830736743700201;0.017547197908565945;0.014844188506303903
1890.0;0.01830736743700201;0.017547197908565945;0.014844188506303903
1891.5;0.01830736743700201;0.017547197908565945;0.0779848264098129
1893.0;0.017427438387099873;0.017547197908565945;0.016540721828503288
1894.5;0.017427438387099873;0.017547197908565945;0.016540721828503288
1896.0;0.016550266845809666;0.017547197908565945;0.017094017094017096
1897.5;0.015687178238012765;0.017547197908565945;0.017094017094017096
1899.0;0.015684481542853023;0.017547197908565945;0.017094017094017096
1900.5;0.014832305600435561;0.017547197908565945;0.01865038996269922
1902.0;0.014832305600435561;0.017547197908565945;0.017547197908565945
1903.5;0.014832305600435561;0.017547197908565945;0.01663225731761437
1905.0;0.014830971492820427;0.017547197908565945;0.016638225255972697
1906.5;0.014830971492820427;0.017547197908565945;0.016863406408094434
1908.0;0.014830971492820427;0.017547197908565945;0.016863406408094434
1909.5;0.01567987457984609;0.017547197908565945;0.017623877982923447
1911.0;0.01567987457984609;0.014910112661872163;0.017623877982923447
1912.5;0.016530470370958342;0.014910112661872163;0.017623877982923447
1914.0;0.014827716422686422;0.014910112661872163;0.017623877982923447
1915.5;0.014827716422686422;0.014910112661872163;0.01836806645203033
1917.0;0.01597712748065927;0.014910112661872163;0.01836806645203033
1918.5;0.01597712748065927;0.014910112661872163;0.01836806645203033
1920.0;0.01597712748065927;0.014910112661872163;0.01836806645203033
1921.5;0.01850632726208763;0.014910112661872163;0.01836806645203033
1923.0;0.016676298192025096;0.014910112661872163;0.01836806645203033
1924.5;0.016676298192025096;0.014910112661872163;0.01660281557997176
1926.0;0.014910112661872163;0.014910112661872163;0.01830736743700201
1927.5;0.014910112661872163;0.014910112661872163;0.01830736743700201
1929.0;0.014910112661872163;0.014910112661872163;0.018289844042285466
1930.5;0.014910112661872163;0.014910112661872163;0.018289844042285466
1932.0;0.014910112661872163;0.014910112661872163;0.015690820879123473
1933.5;0.014910112661872163;0.017465858520325457;0.038385826771653545
1935.0;0.014910112661872163;0.01741601350785099;0.018470790378006873
1936.5;0.014910112661872163;0.016745540589734254;0.015095605501509561
1938.0;0.014910112661872163;0.016676298192025096;0.017623877982923447
1939.5;0.014910112661872163;0.017498443680569787;0.016863406408094434
1941.0;0.014910112661872163;0.017373380447585393;0.015871286409530037
1942.5;0.014910112661872163;0.01845342706502636;0.01663225731761437
1944.0;0.014910112661872163;0.015225395561747438;0.01830736743700201
1945.5;0.014910112661872163;0.015225395561747438;0.019139945314441957
1947.0;0.014910112661872163;0.018610244807272875;0.016025963289428118
1948.5;0.015743018124095107;0.0175513698630137;0.01496006376714652
1950.0;0.015743018124095107;0.017754480892796753;0.0161839863713799
1951.5;0.015743018124095107;0.01850632726208763;0.015095605501509561
1953.0;0.015743018124095107;0.01850632726208763;0.015871286409530037
1954.5;0.049329501915708805;0.015280135823429542;0.015871286409530037
1956.0;0.01865038996269922;0.015280135823429542;0.08954302181967888
1957.5;0.01865038996269922;0.015280135823429542;0.08954302181967888
1959.0;0.01865038996269922;0.015280135823429542;0.017547197908565945
1960.5;0.01850632726208763;0.01865038996269922;0.014910112661872163
1962.0;0.014945495799148322;0.017623877982923447;0.016582472972657695
1963.5;0.015769487034319674;0.017623877982923447;0.016745540589734254
1965.0;0.015769487034319674;0.017623877982923447;0.015769487034319674
1966.5;0.018010291595197254;0.017623877982923447;0.015743018124095107
1968.0;0.018010291595197254;0.014945495799148322;0.016568094782873223
1969.5;0.018010291595197254;0.018010291595197254;0.018354055654233276
1971.0;0.018010291595197254;0.018010291595197254;0.0189328743545611
1972.5;0.08024848949025615;0.016745540589734254;0.015095605501509561
1974.0;0.017498443680569787;0.016745540589734254;0.01842179442537598
1975.5;0.01660281557997176;0.01842179442537598;0.01842179442537598
1977.0;0.01660281557997176;0.01842179442537598;0.015743018124095107
1978.5;0.01660281557997176;0.01836806645203033;0.01658516707416463
1980.0;0.01660281557997176;0.018332165356039182;0.018086080586080584
1981.5;0.01660281557997176;0.014870091759449306;0.018086080586080584
1983.0;0.01660281557997176;0.01485852872552252;0.016043635035830027
1984.5;0.01660281557997176;0.016550266845809666;0.016638225255972697
1986.0;0.01660281557997176;0.017401635028469288;0.015095605501509561
1987.5;0.01660281557997176;0.015684481542853023;0.01663225731761437
1989.0;0.01660281557997176;0.01739137492247878;0.01597712748065927
1990.5;0.01660281557997176;0.01739137492247878;0.01597712748065927
1992.0;0.01660281557997176;0.016533838797490336;0.015871286409530037
1993.5;0.01660281557997176;0.017387150648592545;0.0161839863713799
1995.0;0.01660281557997176;0.01865038996269922;0.016863406408094434
1996.5;0.01660281557997176;0.07551140668406431;0.015809071886378992
1998.0;0.018470790378006873;0.017015706806282723;0.016638225255972697
1999.5;0.01865038996269922;0.0189328743545611;0.01850632726208763
2001.0;0.01865038996269922;0.016745540589734254;0.01660281557997176
2002.5;0.01865038996269922;0.016638225255972697;0.01660281557997176
2004.0;0.01865038996269922;0.017547197908565945;0.06571130694959344
2005.5;0.016745540589734254;0.017547197908565945;0.016557768507871926
2007.0;0.015809071886378992;0.017498443680569787;0.01740771421307761
2008.5;0.015809071886378992;0.01660281557997176;0.01740771421307761
2010.0;0.015809071886378992;0.014850222990092551;0.017401635028469288
2011.5;0.04875717017208413;0.014836509492270044;0.018256492034823147
2013.0;0.04875717017208413;0.0161839863713799;0.016537723722061845
2014.5;0.08755082619603771;0.0161839863713799;0.014832305600435561
2016.0;0.08755082619603771;0.015095605501509561;0.014832305600435561
2017.5;0.016676298192025096;0.015095605501509561;0.014830971492820427
2019.0;0.014910112661872163;0.017547197908565945;0.014830971492820427
2020.5;0.01660281557997176;0.014910112661872163;0.014830971492820427
2022.0;0.014870091759449306;0.01485852872552252;0.01653260196570383
2023.5;0.01485852872552252;0.01485852872552252;0.01653260196570383
2025.0;0.01485852872552252;0.016550266845809666;0.01653260196570383
2026.5;0.01485852872552252;0.016550266845809666;0.01653260196570383
2028.0;0.01485852872552252;0.014839767744728968;0.016531678096401558
2029.5;0.01485852872552252;0.014839767744728968;0.016531678096401558
2031.0;0.01485852872552252;0.014836509492270044;0.016531678096401558
2032.5;0.01485852872552252;0.017393838281482624;0.016531678096401558
2034.0;0.01741601350785099;0.017393838281482624;0.016531678096401558
2035.5;0.01741601350785099;0.014832305600435561;0.016531678096401558
2037.0;0.01741601350785099;0.016533838797490336;0.016531678096401558
2038.5;0.01741601350785099;0.014829976303317897;0.016531678096401558
2040.0;0.01741601350785099;0.017094017094017096;0.016531678096401558
2041.5;0.01741601350785099;0.015001087035292413;0.016531678096401558
2043.0;0.09492273730684328;0.015001087035292413;0.016531678096401558
2044.5;0.09492273730684328;0.015001087035292413;0.016531678096401558
2046.0;0.09492273730684328;0.015001087035292413;0.016530987295071384
2047.5;0.09492273730684328;0.015001087035292413;0.014828261126484797
2049.0;0.08265594250021391;0.015001087035292413;0.014828261126484797
2050.5;0.07753473472714523;0.017547197908565945;0.014828261126484797
2052.0;0.06673232664261046;0.017547197908565945;0.014828261126484797
2053.5;0.06673232664261046;0.016638225255972697;0.01653008333788549
2055.0;0.06673232664261046;0.07905457014342697;0.01738482561800834
2056.5;0.06673232664261046;0.018010291595197254;0.01738482561800834
2058.0;0.06673232664261046;0.018010291595197254;0.01738482561800834
2059.5;0.06673232664261046;0.018010291595197254;0.01738482561800834
2061.0;0.06673232664261046;0.018010291595197254;0.01738482561800834
2062.5;0.06673232664261046;0.0175513698630137;0.01738482561800834
2064.0;0.06673232664261046;0.0175513698630137;0.01652941341487852
2065.5;0.06673232664261046;0.0175513698630137;0.018242568233389038
2067.0;0.01660281557997176;0.0175513698630137;0.018242568233389038
2068.5;0.01660281557997176;0.015095605501509561;0.018242568233389038
2070.0;0.01660281557997176;0.015871286409530037;0.018242456797028576
2071.5;0.01660281557997176;0.015809071886378992;0.018242456797028576
2073.0;0.07741609250709174;0.015809071886378992;0.018242456797028576
2074.5;0.07741609250709174;0.01663225731761437;0.018242456797028576
2076.0;0.016557768507871926;0.01663225731761437;0.018242456797028576
2077.5;0.016557768507871926;0.017465858520325457;0.018242456797028576
2079.0;0.016550266845809666;0.015871286409530037;0.016529079863994253
2080.5;0.016550266845809666;0.015769487034319674;0.016529079863994253
2082.0;0.07054265059643242;0.017094017094017096;0.016529079863994253
2083.5;0.08106598547408224;0.017754480892796753;0.016529079863994253
2085.0;0.07993067861229855;0.01850632726208763;0.016529079863994253
2086.5;0.0189328743545611;0.016676298192025096;0.016529079863994253
2088.0;0.08048289738430583;0.016676298192025096;0.016529079863994253
2089.5;0.08048289738430583;0.016676298192025096;0.016529079863994253
2091.0;0.01842179442537598;0.016676298192025096;0.01824226361621402
2092.5;0.01660281557997176;0.01663225731761437;0.01824226361621402
2094.0;0.016582472972657695;0.014870091759449306;0.01824226361621402
2095.5;0.017754480892796753;0.014870091759449306;0.01824226361621402
2097.0;0.017754480892796753;0.014870091759449306;0.01824226361621402
2098.5;0.01850632726208763;0.014870091759449306;0.01824226361621402
2100.0;0.014945495799148322;0.014870091759449306;0.01824226361621402
2101.5;0.017465858520325457;0.07611210733696298;0.01824226361621402
2103.0;0.016568094782873223;0.07611210733696298;0.018242228386297764
2104.5;0.016568094782873223;0.0182681206624895;0.018242228386297764
2106.0;0.01597712748065927;0.01654477169890474;0.018242201966396813
2107.5;0.01597712748065927;0.01654477169890474;0.015676611548208787
2109.0;0.01597712748065927;0.01654477169890474;0.015676611548208787
2110.5;0.015001087035292413;0.01654477169890474;0.015676611548208787
2112.0;0.015001087035292413;0.01654477169890474;0.015676611548208787
2113.5;0.015001087035292413;0.05222437137330754;0.015676611548208787
2115.0;0.015001087035292413;0.05222437137330754;0.018242167293575428
2116.5;0.015001087035292413;0.01597712748065927;0.018242167293575428
2118.0;0.015001087035292413;0.01850632726208763;0.018242167293575428
2119.5;0.015001087035292413;0.015809071886378992;0.018242167293575428
2121.0;0.017547197908565945;0.015743018124095107;0.018242167293575428
2122.5;0.015769487034319674;0.014870091759449306;0.01738413631928302
2124.0;0.01597712748065927;0.014870091759449306;0.018242147791758662
2125.5;0.015809071886378992;0.014870091759449306;0.014827030544245723
2127.0;0.015769487034319674;0.014870091759449306;0.015676578071679288
2128.5;0.018332165356039182;0.017094017094017096;0.01567657546790821
2130.0;0.014870091759449306;0.017094017094017096;0.018470790378006873
2131.5;0.017427438387099873;0.018470790378006873;0.016863406408094434
2133.0;0.01741601350785099;0.016745540589734254;0.015001087035292413
2134.5;0.01741601350785099;0.014910112661872163;0.017547197908565945
2136.0;0.01654477169890474;0.017699115044247787;0.01836806645203033
2137.5;0.017699115044247787;0.017094017094017096;0.01488644788002137
2139.0;0.01726263871763255;0.017094017094017096;0.01488644788002137
2140.5;0.016937514305333027;0.017094017094017096;0.01488644788002137
2142.0;0.0189328743545611;0.01597712748065927;0.016557768507871926
2143.5;0.017623877982923447;0.01842179442537598;0.018010291595197254
2145.0;0.017623877982923447;0.0161839863713799;0.01597712748065927
2146.5;0.017547197908565945;0.0161839863713799;0.015001087035292413
2148.0;0.017547197908565945;0.0161839863713799;0.017547197908565945
2149.5;0.016638225255972697;0.0161839863713799;0.0175513698630137
2151.0;0.016863406408094434;0.0161839863713799;0.017094017094017096
2152.5;0.016863406408094434;0.0161839863713799;0.017094017094017096
2154.0;0.016863406408094434;0.0161839863713799;0.017094017094017096
2155.5;0.016863406408094434;0.0161839863713799;0.017094017094017096
2157.0;0.017373380447585393;0.0161839863713799;0.018876611418047883
2158.5;0.017373380447585393;0.017754480892796753;0.01783664661861255
2160.0;0.017373380447585393;0.017754480892796753;0.018387370467510947
2161.5;0.017373380447585393;0.07668608086435384;0.015095605501509561
2163.0;0.017373380447585393;0.07668608086435384;0.01756386861313869
2164.5;0.017373380447585393;0.01842179442537598;0.017825311942959002
2166.0;0.017373380447585393;0.01842179442537598;0.017122114923635367
2167.5;0.017373380447585393;0.01842179442537598;0.015988786911306178
2169.0;0.017373380447585393;0.01842179442537598;0.017631881476637332
2170.5;0.017373380447585393;0.015769487034319674;0.01672535211267606
2172.0;0.017373380447585393;0.015769487034319674;0.017623877982923447
2173.5;0.017373380447585393;0.017465858520325457;0.01865038996269922
2175.0;0.017373380447585393;0.017465858520325457;0.016863406408094434
2176.5;0.017373380447585393;0.015724726735506497;0.015809071886378992
2178.0;0.017373380447585393;0.0189328743545611;0.017498443680569787
2179.5;0.017373380447585393;0.0189328743545611;0.015743018124095107
2181.0;0.017373380447585393;0.015871286409530037;0.016638225255972697
2182.5;0.017373380447585393;0.015871286409530037;0.01597712748065927
2184.0;0.017373380447585393;0.016676298192025096;0.016638225255972697
2185.5;0.017373380447585393;0.015743018124095107;0.016745540589734254
2187.0;0.017373380447585393;0.014870091759449306;0.0175513698630137
2188.5;0.017373380447585393;0.014870091759449306;0.015001087035292413
2190.0;0.017373380447585393;0.014870091759449306;0.014910112661872163
2191.5;0.017373380447585393;0.014870091759449306;0.014870091759449306
2193.0;0.017373380447585393;0.06675452592392313;0.01608187134502924
2194.5;0.0161839863713799;0.06675452592392313;0.01749271137026239
2196.0;0.0161839863713799;0.06675452592392313;0.01848360454802751
2197.5;0.0161839863713799;0.06675452592392313;0.018358765104113217
2199.0;0.01597712748065927;0.01741601350785099;0.0161839863713799
2200.5;0.01597712748065927;0.01741601350785099;0.018010291595197254
2202.0;0.01597712748065927;0.01741601350785099;0.015871286409530037
2203.5;0.01597712748065927;0.01741601350785099;0.0175513698630137
2205.0;0.017623877982923447;0.06534595498997915;0.04377104377104378
2206.5;0.015809071886378992;0.06534595498997915;0.015225395561747438
2208.0;0.015809071886378992;0.06528282386473658;0.016830578931359627
2209.5;0.017498443680569787;0.06528282386473658;0.01848360454802751
2211.0;0.01488644788002137;0.06528282386473658;0.0161839863713799
2212.5;0.017443347491498312;0.06528282386473658;0.016676298192025096
2214.0;0.017443347491498312;0.06523614674065581;0.016638225255972697
2215.5;0.01485852872552252;0.06622847781608712;0.01672535211267606
2217.0;0.01485852872552252;0.07667381125160404;0.01861305152546421
2218.5;0.01485852872552252;0.07136644350904531;0.01718287488267995
2220.0;0.01741601350785099;0.07136644350904531;0.016689812241256926
2221.5;0.01741601350785099;0.08315565031982942;0.017699115044247787
2223.0;0.07381715481025414;0.017754480892796753;0.01784040701566475
2224.5;0.07381715481025414;0.07434304424481572;0.07558102716737383
2226.0;0.07381715481025414;0.014910112661872163;0.0161839863713799
2227.5;0.07381715481025414;0.014910112661872163;0.01597712748065927
2229.0;0.07381715481025414;0.014870091759449306;0.018010291595197254
2230.5;0.07381715481025414;0.014870091759449306;0.0175513698630137
2232.0;0.015690820879123473;0.07417313634113192;0.015731292517006803
2233.5;0.015687178238012765;0.07417313634113192;0.01865038996269922
2235.0;0.015687178238012765;0.07417313634113192;0.017623877982923447
2236.5;0.015687178238012765;0.07417313634113192;0.018010291595197254
2238.0;0.015687178238012765;0.01741601350785099;0.016863406408094434
2239.5;0.016537723722061845;0.01741601350785099;0.016676298192025096
2241.0;0.016537723722061845;0.014839767744728968;0.016676298192025096
2242.5;0.06622847781608712;0.049329501915708805;0.0170487948265726
2244.0;0.01653260196570383;0.07672379434037466;0.0161839863713799
2245.5;0.01653260196570383;0.07672379434037466;0.0161839863713799
2247.0;0.01653260196570383;0.01842179442537598;0.016745540589734254
2248.5;0.01824547540373295;0.014910112661872163;0.016745540589734254
2250.0;0.01824547540373295;0.08302956662616444;0.01597712748065927
2251.5;0.01824547540373295;0.016676298192025096;0.0161839863713799
2253.0;0.017386386504641093;0.0161839863713799;0.01865038996269922
2254.5;0.017386386504641093;0.04425612052730697;0.017623877982923447
2256.0;0.017386386504641093;0.017754480892796753;0.017094017094017096
2257.5;0.015677957190639216;0.01597712748065927;0.015001087035292413
2259.0;0.01567734827379584;0.014945495799148322;0.01663225731761437
2260.5;0.01567734827379584;0.01836806645203033;0.01488644788002137
2262.0;0.01567734827379584;0.014870091759449306;0.017094017094017096
2263.5;0.01567734827379584;0.018289844042285466;0.08386958386958387
2265.0;0.015677152879889675;0.038385826771653545;0.016638225255972697
2266.5;0.015677152879889675;0.038385826771653545;0.016638225255972697
2268.0;0.015677152879889675;0.038385826771653545;0.015871286409530037
2269.5;0.014827312439301472;0.038385826771653545;0.015769487034319674
2271.0;0.018010291595197254;0.038385826771653545;0.01660281557997176
2272.5;0.016863406408094434;0.018010291595197254;0.01830736743700201
2274.0;0.016676298192025096;0.039603960396039604;0.01741601350785099
2275.5;0.017498443680569787;0.039603960396039604;0.01741601350785099
2277.0;0.01865038996269922;0.0161839863713799;0.07061592781482934
2278.5;0.01865038996269922;0.0161839863713799;0.015871286409530037
2280.0;0.018354055654233276;0.0161839863713799;0.015871286409530037
2281.5;0.017094017094017096;0.015809071886378992;0.017754480892796753
2283.0;0.01597712748065927;0.015809071886378992;0.015095605501509561
2284.5;0.01597712748065927;0.01663225731761437;0.014945495799148322
2286.0;0.01597712748065927;0.018470790378006873;0.014945495799148322
2287.5;0.01597712748065927;0.0161839863713799;0.0175513698630137
2289.0;0.01597712748065927;0.05222437137330754;0.0175513698630137
2290.5;0.017623877982923447;0.016745540589734254;0.0161839863713799
2292.0;0.017623877982923447;0.018026004728132386;0.018010291595197254
2293.5;0.017094017094017096;0.018026004728132386;0.015095605501509561
2295.0;0.017094017094017096;0.015280135823429542;0.016638225255972697
2296.5;0.017094017094017096;0.015280135823429542;0.015095605501509561
2298.0;0.017094017094017096;0.017754480892796753;0.017547197908565945
2299.5;0.017094017094017096;0.017547197908565945;0.01488644788002137
2301.0;0.017094017094017096;0.01663225731761437;0.08069817651061116
2302.5;0.017094017094017096;0.01983411467724486;0.016557768507871926
2304.0;0.017094017094017096;0.017961645808949312;0.017094017094017096
2305.5;0.017094017094017096;0.016842592473546844;0.016676298192025096
2307.0;0.017094017094017096;0.018683274021352312;0.016676298192025096
2308.5;0.017094017094017096;0.018683274021352312;0.018332165356039182
2310.0;0.017094017094017096;0.018683274021352312;0.018289844042285466
2311.5;0.017094017094017096;0.018010291595197254;0.0175513698630137
2313.0;0.017094017094017096;0.01865038996269922;0.0175513698630137
2314.5;0.017094017094017096;0.015001087035292413;0.01672535211267606
2316.0;0.017094017094017096;0.01663225731761437;0.015095605501509561
2317.5;0.017094017094017096;0.015743018124095107;0.016863406408094434
2319.0;0.017094017094017096;0.015743018124095107;0.01850632726208763
2320.5;0.017094017094017096;0.015743018124095107;0.01663225731761437
2322.0;0.07303592577970786;0.015743018124095107;0.01663225731761437
2323.5;0.07303592577970786;0.016568094782873223;0.043703007518796994
2325.0;0.07303592577970786;0.016568094782873223;0.01865038996269922
2326.5;0.07303592577970786;0.016568094782873223;0.015001087035292413
2328.0;0.07303592577970786;0.016568094782873223;0.017699115044247787
2329.5;0.07303592577970786;0.016568094782873223;0.0161839863713799
2331.0;0.07303592577970786;0.016568094782873223;0.0161839863713799
2332.5;0.07303592577970786;0.016568094782873223;0.017623877982923447
2334.0;0.08144892908951275;0.016568094782873223;0.01865038996269922
2335.5;0.08144892908951275;0.016568094782873223;0.016676298192025096
2337.0;0.08144892908951275;0.016568094782873223;0.01836806645203033
2338.5;0.08144892908951275;0.016568094782873223;0.03919631093544137
2340.0;0.08144892908951275;0.016568094782873223;0.01597712748065927
2341.5;0.08144892908951275;0.016568094782873223;0.015871286409530037
2343.0;0.08144892908951275;0.016568094782873223;0.015871286409530037
2344.5;0.08144892908951275;0.016568094782873223;0.0161839863713799
2346.0;0.08144892908951275;0.016568094782873223;0.015871286409530037
2347.5;0.08144892908951275;0.016568094782873223;0.01842179442537598
2349.0;0.08144892908951275;0.016568094782873223;0.014910112661872163
2350.5;0.08144892908951275;0.016568094782873223;0.01660281557997176
2352.0;0.08144892908951275;0.016568094782873223;0.0189328743545611
2353.5;0.08144892908951275;0.016568094782873223;0.015001087035292413
2355.0;0.08144892908951275;0.016568094782873223;0.0161839863713799
2356.5;0.08674568965517242;0.01570251018973342;0.016863406408094434
2358.0;0.08674568965517242;0.016550266845809666;0.01842179442537598
2359.5;0.08674568965517242;0.014836509492270044;0.07303592577970786
2361.0;0.08674568965517242;0.016537723722061845;0.01672535211267606
2362.5;0.08674568965517242;0.01739137492247878;0.01672535211267606
2364.0;0.08674568965517242;0.01739137492247878;0.0161839863713799
2365.5;0.08674568965517242;0.01739137492247878;0.018683274021352312
2367.0;0.08674568965517242;0.01739137492247878;0.018683274021352312
2368.5;0.08674568965517242;0.01739137492247878;0.018010291595197254
2370.0;0.08674568965517242;0.014830971492820427;0.01597712748065927
2371.5;0.08674568965517242;0.014830971492820427;0.01597712748065927
2373.0;0.08674568965517242;0.01653260196570383;0.01597712748065927
2374.5;0.015001087035292413;0.015679043553987165;0.015001087035292413
2376.0;0.017547197908565945;0.07660142566920493;0.016676298192025096
2377.5;0.017547197908565945;0.014827949697411927;0.016676298192025096
2379.0;0.017547197908565945;0.014827949697411927;0.014910112661872163
2380.5;0.017547197908565945;0.016863406408094434;0.014910112661872163
2382.0;0.017498443680569787;0.016863406408094434;0.018332165356039182
2383.5;0.01488644788002137;0.016863406408094434;0.018332165356039182
2385.0;0.01488644788002137;0.016863406408094434;0.018332165356039182
2386.5;0.01488644788002137;0.016863406408094434;0.08326962055585943
2388.0;0.017443347491498312;0.016863406408094434;0.0763307942719867
2389.5;0.015711796950363736;0.017623877982923447;0.01741601350785099
2391.0;0.015711796950363736;0.014945495799148322;0.01741601350785099
2392.5;0.018277260861902424;0.07326130256843867;0.01741601350785099
2394.0;0.018277260861902424;0.017443347491498312;0.01741601350785099
2395.5;0.018277260861902424;0.017443347491498312;0.070642658041859
2397.0;0.018277260861902424;0.016557768507871926;0.04425612052730697
2398.5;0.018277260861902424;0.016557768507871926;0.01597712748065927
2400.0;0.018277260861902424;0.08232756223905804;0.01597712748065927
2401.5;0.018277260861902424;0.08232756223905804;0.01597712748065927
2403.0;0.018277260861902424;0.08232756223905804;0.01597712748065927
2404.5;0.018277260861902424;0.07257084413740789;0.015001087035292413
2406.0;0.018277260861902424;0.07257084413740789;0.07106563743420853
2407.5;0.018277260861902424;0.07257084413740789;0.07106563743420853
2409.0;0.018277260861902424;0.07257084413740789;0.0726934956385968
2410.5;0.018277260861902424;0.017393838281482624;0.08431531897602601
2412.0;0.018277260861902424;0.017094017094017096;0.08431531897602601
2413.5;0.018277260861902424;0.017094017094017096;0.0720250521920668
2415.0;0.018277260861902424;0.017094017094017096;0.018010291595197254
2416.5;0.018277260861902424;0.015095605501509561;0.015095605501509561
2418.0;0.018277260861902424;0.014945495799148322;0.06859415127164278
2419.5;0.018277260861902424;0.018332165356039182;0.015280135823429542
2421.0;0.018277260861902424;0.01485852872552252;0.015280135823429542
2422.5;0.07810706658548916;0.016557768507871926;0.07061592781482934
2424.0;0.07810706658548916;0.018256492034823147;0.07061592781482934
2425.5;0.01826142579350741;0.018256492034823147;0.016745540589734254
2427.0;0.07575323625364809;0.015684481542853023;0.07106563743420853
2428.5;0.014834097312229661;0.017094017094017096;0.01850632726208763
2430.0;0.08101250575766289;0.01865038996269922;0.017498443680569787
2431.5;0.07138949633129511;0.014945495799148322;0.017094017094017096
2433.0;0.01653260196570383;0.014910112661872163;0.08386958386958387
2434.5;0.01653260196570383;0.015743018124095107;0.01836806645203033
2436.0;0.06616726002455299;0.07230513049762272;0.017094017094017096
2437.5;0.06925292588475296;0.01485852872552252;0.017094017094017096
2439.0;0.07131953514346183;0.0175513698630137;0.01597712748065927
2440.5;0.014827716422686422;0.0175513698630137;0.08144892908951275
2442.0;0.014827716422686422;0.0175513698630137;0.08144892908951275
2443.5;0.014827716422686422;0.0161839863713799;0.07076132648295189
2445.0;0.014827716422686422;0.016745540589734254;0.01663225731761437
2446.5;0.014827716422686422;0.016676298192025096;0.01663225731761437
2448.0;0.014827716422686422;0.01730418943533698;0.01663225731761437
2449.5;0.014827716422686422;0.01730418943533698;0.0788296099311738
2451.0;0.014827716422686422;0.016335052812576762;0.0788296099311738
2452.5;0.014827716422686422;0.016785765670711238;0.08136827196111146
2454.0;0.014827716422686422;0.016785765670711238;0.015684481542853023
2455.5;0.014827716422686422;0.017574219762933944;0.018248107350266503
2457.0;0.014827716422686422;0.015783713313901306;0.01653260196570383
2458.5;0.014827716422686422;0.018345227946508485;0.016530987295071384
2460.0;0.014827716422686422;0.017433311232636223;0.07765955751205962
2461.5;0.014827716422686422;0.017433311232636223;0.018010291595197254
2463.0;0.014827716422686422;0.017420248744623213;0.017754480892796753
2464.5;0.014827716422686422;0.014846432385212723;0.016863406408094434
2466.0;0.014827716422686422;0.014846432385212723;0.018470790378006873
2467.5;0.014827716422686422;0.0673708216506336;0.015095605501509561
2469.0;0.014827716422686422;0.0673708216506336;0.017498443680569787
2470.5;0.014827716422686422;0.0673708216506336;0.0175513698630137
2472.0;0.014827716422686422;0.0673708216506336;0.015095605501509561
2473.5;0.014827716422686422;0.0673708216506336;0.018470790378006873
2475.0;0.014827716422686422;0.0673708216506336;0.015871286409530037
2476.5;0.014827716422686422;0.0673708216506336;0.017373380447585393
2478.0;0.014827716422686422;0.0673708216506336;0.018026004728132386
2479.5;0.014827716422686422;0.0673708216506336;0.017015706806282723
2481.0;0.014827716422686422;0.0673708216506336;0.016052757544824884
2482.5;0.014827716422686422;0.0673708216506336;0.015037639142305628
2484.0;0.014827716422686422;0.0673708216506336;0.0161839863713799
2485.5;0.018242915171642324;0.0673708216506336;0.015095605501509561
2487.0;0.01652941341487852;0.0673708216506336;0.01845342706502636
2488.5;0.017384409349774463;0.0673708216506336;0.018610244807272875
2490.0;0.015676706403008348;0.0673708216506336;0.0189328743545611
2491.5;0.018242228386297764;0.06835090452580321;0.01726263871763255
2493.0;0.014827057385090844;0.06835090452580321;0.01783664661861255
2494.5;0.018010291595197254;0.06835090452580321;0.018354055654233276
2496.0;0.018010291595197254;0.06835090452580321;0.015001087035292413
2497.5;0.018010291595197254;0.06835090452580321;0.015001087035292413
2499.0;0.015095605501509561;0.06835090452580321;0.016676298192025096
2500.5;0.015095605501509561;0.06835090452580321;0.016863406408094434
2502.0;0.014945495799148322;0.06835090452580321;0.018010291595197254
2503.5;0.01836806645203033;0.06835090452580321;0.017699115044247787
2505.0;0.017443347491498312;0.0683079811155809;0.0175513698630137
2506.5;0.01485852872552252;0.0683079811155809;0.01865038996269922
2508.0;0.01485852872552252;0.0683079811155809;0.01865038996269922
2509.5;0.01485852872552252;0.0683079811155809;0.015871286409530037
2511.0;0.01597712748065927;0.0683079811155809;0.01660281557997176
2512.5;0.01597712748065927;0.0683079811155809;0.016863406408094434
2514.0;0.01597712748065927;0.0683079811155809;0.015809071886378992
2515.5;0.01597712748065927;0.0683079811155809;0.015809071886378992
2517.0;0.01597712748065927;0.0683079811155809;0.015809071886378992
2518.5;0.01597712748065927;0.0683079811155809;0.018332165356039182
2520.0;0.0863169700629799;0.0683079811155809;0.01741601350785099
2521.5;0.0863169700629799;0.0683079811155809;0.01826142579350741
2523.0;0.0863169700629799;0.0683079811155809;0.016540721828503288
2524.5;0.0863169700629799;0.0683079811155809;0.015682478532320222
2526.0;0.016676298192025096;0.0683079811155809;0.016533838797490336
2527.5;0.01836806645203033;0.0156815453114643;0.017388172610590263
2529.0;0.01836806645203033;0.01568029117493736;0.017387150648592545
2530.5;0.01836806645203033;0.0165312461351049;0.018244633954786142
2532.0;0.017465858520325457;0.0165312461351049;0.018244633954786142
2533.5;0.017465858520325457;0.0165312461351049;0.016530470370958342
2535.0;0.017443347491498312;0.0165312461351049;0.016530470370958342
2536.5;0.01485852872552252;0.0165312461351049;0.016530470370958342
2538.0;0.014850222990092551;0.0165312461351049;0.016530470370958342
2539.5;0.014850222990092551;0.016638225255972697;0.016530470370958342
2541.0;0.014850222990092551;0.01865038996269922;0.0175513698630137
2542.5;0.014850222990092551;0.01865038996269922;0.01597712748065927
2544.0;0.016550266845809666;0.01865038996269922;0.01597712748065927
2545.5;0.016550266845809666;0.017094017094017096;0.01597712748065927
2547.0;0.015690820879123473;0.017094017094017096;0.015731292517006803
2548.5;0.017397154861764727;0.015095605501509561;0.015095605501509561
2550.0;0.014834097312229661;0.015095605501509561;0.017547197908565945
2551.5;0.014834097312229661;0.017623877982923447;0.017547197908565945
2553.0;0.014834097312229661;0.017623877982923447;0.01836806645203033
2554.5;0.014834097312229661;0.017623877982923447;0.015743018124095107
2556.0;0.014834097312229661;0.01842179442537598;0.015724726735506497
2557.5;0.01653549687010534;0.01842179442537598;0.015724726735506497
2559.0;0.01653549687010534;0.01842179442537598;0.01485852872552252
2560.5;0.01653549687010534;0.01842179442537598;0.016863406408094434
2562.0;0.01653549687010534;0.01842179442537598;0.016863406408094434
2563.5;0.01653549687010534;0.01842179442537598;0.016863406408094434
2565.0;0.014830971492820427;0.01842179442537598;0.01850632726208763
2566.5;0.014830971492820427;0.01842179442537598;0.08099593301892197
2568.0;0.014830971492820427;0.01842179442537598;0.017094017094017096
2569.5;0.014830971492820427;0.01842179442537598;0.015095605501509561
2571.0;0.014830971492820427;0.01842179442537598;0.015001087035292413
2572.5;0.014830971492820427;0.01842179442537598;0.015001087035292413
2574.0;0.014830971492820427;0.01842179442537598;0.015001087035292413
2575.5;0.014830971492820427;0.01842179442537598;0.014945495799148322
2577.0;0.014830971492820427;0.01842179442537598;0.01865038996269922
2578.5;0.014830971492820427;0.01842179442537598;0.01865038996269922
2580.0;0.0724148017651701;0.01842179442537598;0.017623877982923447
2581.5;0.0724148017651701;0.06888939767675939;0.017547197908565945
2583.0;0.0724148017651701;0.018332165356039182;0.018332165356039182
2584.5;0.0724148017651701;0.018332165356039182;0.0175513698630137
2586.0;0.0724148017651701;0.018332165356039182;0.015095605501509561
2587.5;0.0724148017651701;0.017427438387099873;0.015095605501509561
2589.0;0.0724148017651701;0.016557768507871926;0.03481624758220503
2590.5;0.0724148017651701;0.016557768507871926;0.015280135823429542
2592.0;0.0724148017651701;0.0161839863713799;0.018010291595197254
2593.5;0.0724148017651701;0.0161839863713799;0.015001087035292413
2595.0;0.0724148017651701;0.0161839863713799;0.017547197908565945
2596.5;0.0724148017651701;0.01865038996269922;0.014910112661872163
2598.0;0.0724148017651701;0.01865038996269922;0.014910112661872163
2599.5;0.0724148017651701;0.01865038996269922;0.01660281557997176
2601.0;0.0724148017651701;0.07551140668406431;0.07338145632027426
2602.5;0.016531678096401558;0.04260299625468165;0.017427438387099873
2604.0;0.016531678096401558;0.04260299625468165;0.017427438387099873
2605.5;0.016531678096401558;0.04260299625468165;0.017427438387099873
2607.0;0.017386386504641093;0.04260299625468165;0.016638225255972697
2608.5;0.017386386504641093;0.04260299625468165;0.0161839863713799
2610.0;0.018244004306380245;0.04260299625468165;0.016638225255972697
2611.5;0.018244004306380245;0.015095605501509561;0.015871286409530037
2613.0;0.018243532876687153;0.01850632726208763;0.016863406408094434
2614.5;0.01738482561800834;0.01850632726208763;0.018010291595197254
2616.0;0.01738482561800834;0.01850632726208763;0.018470790378006873
2617.5;0.01738482561800834;0.01850632726208763;0.01842179442537598
2619.0;0.01738482561800834;0.01850632726208763;0.014910112661872163
2620.5;0.017384645537373677;0.01850632726208763;0.0161839863713799
2622.0;0.017384645537373677;0.01850632726208763;0.07668608086435384
2623.5;0.017384645537373677;0.01850632726208763;0.016676298192025096
2625.0;0.01738451054966002;0.01850632726208763;0.01660281557997176
2626.5;0.01738451054966002;0.01850632726208763;0.014850222990092551
2628.0;0.01738451054966002;0.01850632726208763;0.018683274021352312
2629.5;0.01738451054966002;0.01850632726208763;0.018683274021352312
2631.0;0.01738451054966002;0.01850632726208763;0.017094017094017096
2632.5;0.01738451054966002;0.01850632726208763;0.015871286409530037
2634.0;0.01738451054966002;0.01850632726208763;0.014945495799148322
2635.5;0.01738451054966002;0.01850632726208763;0.014945495799148322
2637.0;0.01738451054966002;0.01850632726208763;0.014945495799148322
2638.5;0.01738451054966002;0.01850632726208763;0.0189328743545611
2640.0;0.01738451054966002;0.014945495799148322;0.016863406408094434
2641.5;0.01738451054966002;0.014945495799148322;0.017754480892796753
2643.0;0.01738451054966002;0.01660281557997176;0.016676298192025096
2644.5;0.01738451054966002;0.018010291595197254;0.016863406408094434
2646.0;0.01738451054966002;0.017754480892796753;0.01850632726208763
2647.5;0.01738451054966002;0.015731292517006803;0.01842179442537598
2649.0;0.01738451054966002;0.01865038996269922;0.01663225731761437
2650.5;0.01738451054966002;0.01865038996269922;0.015724726735506497
2652.0;0.01738451054966002;0.016745540589734254;0.015724726735506497
2653.5;0.01738451054966002;0.016745540589734254;0.015724726735506497
2655.0;0.01738451054966002;0.017547197908565945;0.016568094782873223
2656.5;0.01738451054966002;0.017547197908565945;0.0175513698630137
2658.0;0.01738451054966002;0.017547197908565945;0.015871286409530037
2659.5;0.01738451054966002;0.01663225731761437;0.016676298192025096
2661.0;0.01738451054966002;0.018332165356039182;0.015743018124095107
2662.5;0.07339990354428107;0.015280135823429542;0.015743018124095107
2664.0;0.07339990354428107;0.0189328743545611;0.015724726735506497
2665.5;0.07339990354428107;0.0189328743545611;0.015724726735506497
2667.0;0.07339990354428107;0.015095605501509561;0.015724726735506497
2668.5;0.07339990354428107;0.015001087035292413;0.017427438387099873
2670.0;0.07339990354428107;0.016676298192025096;0.017427438387099873
2671.5;0.07339990354428107;0.049329501915708805;0.017427438387099873
2673.0;0.07339990354428107;0.049329501915708805;0.01570251018973342
2674.5;0.07025919047510554;0.016676298192025096;0.0182681206624895
2676.0;0.07025919047510554;0.06997510553090161;0.0182681206624895
2677.5;0.07025919047510554;0.016863406408094434;0.0182681206624895
2679.0;0.016638225255972697;0.016863406408094434;0.07468844191723341
2680.5;0.08560945780676722;0.016863406408094434;0.01825283975007182
2682.0;0.0882232252769799;0.016863406408094434;0.07037434675666289
2683.5;0.07786711807024968;0.015871286409530037;0.07037434675666289
2685.0;0.07786711807024968;0.015871286409530037;0.07037434675666289
2686.5;0.07786711807024968;0.014945495799148322;0.07037434675666289
2688.0;0.017547197908565945;0.014945495799148322;0.07138949633129511
2689.5;0.014910112661872163;0.015769487034319674;0.07138949633129511
2691.0;0.018332165356039182;0.015769487034319674;0.07138949633129511
2692.5;0.018332165356039182;0.017465858520325457;0.06618206255065345
2694.0;0.01830736743700201;0.017465858520325457;0.06618206255065345
2695.5;0.017094017094017096;0.017465858520325457;0.06618206255065345
2697.0;0.015871286409530037;0.01485852872552252;0.06618206255065345
2698.5;0.015871286409530037;0.01485852872552252;0.06514217459715226
2700.0;0.016863406408094434;0.018277260861902424;0.06514217459715226
2701.5;0.01850632726208763;0.08027698626698054;0.06514217459715226
2703.0;0.01850632726208763;0.017373380447585393;0.06514217459715226
2704.5;0.01850632726208763;0.016745540589734254;0.06821691255379361
2706.0;0.01842179442537598;0.015769487034319674;0.047619047619047616
2707.5;0.01842179442537598;0.018332165356039182;0.018010291595197254
2709.0;0.01842179442537598;0.017443347491498312;0.01865038996269922
2710.5;0.015769487034319674;0.015711796950363736;0.06973170529113713
2712.0;0.016638225255972697;0.01741601350785099;0.06973170529113713
2713.5;0.015871286409530037;0.01741601350785099;0.01663225731761437
2715.0;0.015871286409530037;0.015695763321720377;0.049329501915708805
2716.5;0.015871286409530037;0.015695763321720377;0.049329501915708805
2718.0;0.015871286409530037;0.01826142579350741;0.08302956662616444
2719.5;0.015871286409530037;0.01826142579350741;0.07318094281168887
2721.0;0.015871286409530037;0.01826142579350741;0.017547197908565945
2722.5;0.015871286409530037;0.017397154861764727;0.017547197908565945
2724.0;0.017547197908565945;0.017393838281482624;0.017547197908565945
2725.5;0.017547197908565945;0.017393838281482624;0.017547197908565945
2727.0;0.017547197908565945;0.017393838281482624;0.017547197908565945
2728.5;0.017547197908565945;0.017393838281482624;0.017547197908565945
2730.0;0.017547197908565945;0.017393838281482624;0.017547197908565945
2731.5;0.01663225731761437;0.017393838281482624;0.017547197908565945
2733.0;0.01663225731761437;0.017393838281482624;0.017547197908565945
2734.5;0.01663225731761437;0.017393838281482624;0.017547197908565945
2736.0;0.01663225731761437;0.017393838281482624;0.07106563743420853
2737.5;0.01663225731761437;0.017393838281482624;0.07106563743420853
2739.0;0.01663225731761437;0.017393838281482624;0.01830736743700201
2740.5;0.08152861826245252;0.017393838281482624;0.01830736743700201
2742.0;0.017443347491498312;0.017393838281482624;0.01830736743700201
2743.5;0.01485852872552252;0.017393838281482624;0.0189328743545611
2745.0;0.01485852872552252;0.017393838281482624;0.0189328743545611
2746.5;0.01485852872552252;0.017393838281482624;0.016638225255972697
2748.0;0.01485852872552252;0.017393838281482624;0.01597712748065927
2749.5;0.01485852872552252;0.017393838281482624;0.01597712748065927
2751.0;0.07183777609479909;0.017393838281482624;0.015871286409530037
2752.5;0.07183777609479909;0.017393838281482624;0.01663225731761437
2754.0;0.07183777609479909;0.017393838281482624;0.01663225731761437
2755.5;0.07183777609479909;0.017393838281482624;0.01663225731761437
2757.0;0.07183777609479909;0.017393838281482624;0.018332165356039182
2758.5;0.06854642359929727;0.01653549687010534;0.017443347491498312
2760.0;0.015690820879123473;0.018248107350266503;0.016568094782873223
2761.5;0.08215334206275562;0.018248107350266503;0.016568094782873223
2763.0;0.08215334206275562;0.01824547540373295;0.01741601350785099
2764.5;0.015682478532320222;0.07982541597025573;0.014844188506303903
2766.0;0.06826549669914286;0.014828261126484797;0.015687178238012765
2767.5;0.06826549669914286;0.014828261126484797;0.0662642151537611
2769.0;0.06826549669914286;0.014828261126484797;0.01825012709422827
2770.5;0.0175513698630137;0.014828261126484797;0.01567987457984609
2772.0;0.0175513698630137;0.014828261126484797;0.014829232922191612
2773.5;0.015001087035292413;0.014828261126484797;0.014829232922191612
2775.0;0.015743018124095107;0.014828261126484797;0.014829232922191612
2776.5;0.015743018124095107;0.014828261126484797;0.08244680851063829
2778.0;0.018289844042285466;0.01567760904807164;0.08431531897602601
2779.5;0.018289844042285466;0.01567760904807164;0.08431531897602601
2781.0;0.06741294217325408;0.01567760904807164;0.08431531897602601
2782.5;0.015095605501509561;0.014827716422686422;0.08431531897602601
2784.0;0.016745540589734254;0.016529576213227;0.08431531897602601
2785.5;0.07161008172674148;0.016529576213227;0.017623877982923447
2787.0;0.08175211949939443;0.016529576213227;0.017623877982923447
2788.5;0.04377104377104378;0.016529576213227;0.017623877982923447
2790.0;0.08747300215982722;0.014827410635276744;0.04536862003780718
2791.5;0.015731292517006803;0.014827410635276744;0.04536862003780718
2793.0;0.05048076923076923;0.014827410635276744;0.015095605501509561
2794.5;0.017754480892796753;0.014827410635276744;0.015095605501509561
2796.0;0.015001087035292413;0.014827410635276744;0.015095605501509561
2797.5;0.016676298192025096;0.014827410635276744;0.015095605501509561
2799.0;0.07929144968115026;0.014827410635276744;0.051640926640926635
2800.5;0.08048289738430583;0.014827410635276744;0.01597712748065927
2802.0;0.08048289738430583;0.014827410635276744;0.015001087035292413
2803.5;0.016745540589734254;0.014827410635276744;0.015001087035292413
2805.0;0.016745540589734254;0.014827410635276744;0.016676298192025096
2806.5;0.016745540589734254;0.014827410635276744;0.08338930129741895
2808.0;0.016745540589734254;0.014827410635276744;0.017465858520325457
2809.5;0.016745540589734254;0.014827410635276744;0.0788296099311738
2811.0;0.016676298192025096;0.014827410635276744;0.08069817651061116
2812.5;0.016676298192025096;0.014827410635276744;0.01570251018973342
2814.0;0.016676298192025096;0.014827410635276744;0.014844188506303903
2815.5;0.016676298192025096;0.014827410635276744;0.014844188506303903
2817.0;0.016676298192025096;0.014827410635276744;0.014844188506303903
2818.5;0.016676298192025096;0.014827410635276744;0.014844188506303903
2820.0;0.016676298192025096;0.014827410635276744;0.07688284518828453
2821.5;0.016676298192025096;0.014827410635276744;0.0175513698630137
2823.0;0.016676298192025096;0.014827410635276744;0.0175513698630137
2824.5;0.016676298192025096;0.014827410635276744;0.01865038996269922
2826.0;0.016676298192025096;0.014827410635276744;0.01865038996269922
2827.5;0.016676298192025096;0.014827410635276744;0.016676298192025096
2829.0;0.016676298192025096;0.014827410635276744;0.016676298192025096
2830.5;0.016676298192025096;0.014827410635276744;0.015769487034319674
2832.0;0.016676298192025096;0.014827410635276744;0.0175513698630137
2833.5;0.016676298192025096;0.014827410635276744;0.01597712748065927
2835.0;0.016676298192025096;0.015676814372618864;0.015871286409530037
2836.5;0.016676298192025096;0.08194047575194857;0.017094017094017096
2838.0;0.016676298192025096;0.07550825602319476;0.015095605501509561
2839.5;0.016676298192025096;0.014827070474422001;0.015871286409530037
2841.0;0.016676298192025096;0.018470790378006873;0.01836806645203033
2842.5;0.016676298192025096;0.018470790378006873;0.015743018124095107
2844.0;0.016676298192025096;0.015001087035292413;0.016582472972657695
2845.5;0.016676298192025096;0.015001087035292413;0.017094017094017096
2847.0;0.016676298192025096;0.017547197908565945;0.017094017094017096
2848.5;0.016676298192025096;0.017547197908565945;0.016638225255972697
2850.0;0.016676298192025096;0.01488644788002137;0.015095605501509561
2851.5;0.017498443680569787;0.01488644788002137;0.01850632726208763
2853.0;0.017465858520325457;0.01865038996269922;0.015809071886378992
2854.5;0.014870091759449306;0.01865038996269922;0.016638225255972697
2856.0;0.014870091759449306;0.015001087035292413;0.016638225255972697
2857.5;0.015711796950363736;0.015769487034319674;0.017754480892796753
2859.0;0.018277260861902424;0.015711796950363736;0.017623877982923447
2860.5;0.018277260861902424;0.015711796950363736;0.018470790378006873
2862.0;0.0182681206624895;0.014850222990092551;0.0189328743545611
2863.5;0.0182681206624895;0.01826142579350741;0.017754480892796753
2865.0;0.0182681206624895;0.01826142579350741;0.014945495799148322
2866.5;0.0182681206624895;0.01826142579350741;0.015769487034319674
2868.0;0.0182681206624895;0.01826142579350741;0.014870091759449306
2869.5;0.01654477169890474;0.014836509492270044;0.038385826771653545
2871.0;0.07789492941230503;0.014836509492270044;0.018010291595197254
2872.5;0.07789492941230503;0.01825012709422827;0.016863406408094434
2874.0;0.07789492941230503;0.01825012709422827;0.018010291595197254
2875.5;0.07789492941230503;0.01825012709422827;0.0175513698630137
2877.0;0.07789492941230503;0.01825012709422827;0.016863406408094434
2878.5;0.07789492941230503;0.017389540773412943;0.015001087035292413
2880.0;0.07789492941230503;0.017389540773412943;0.014945495799148322
2881.5;0.07789492941230503;0.018246600758721136;0.018332165356039182
2883.0;0.07789492941230503;0.017387150648592545;0.01830736743700201
2884.5;0.07789492941230503;0.017387150648592545;0.0161839863713799
2886.0;0.07789492941230503;0.017386386504641093;0.016638225255972697
2887.5;0.07789492941230503;0.017386386504641093;0.01597712748065927
2889.0;0.07789492941230503;0.016530470370958342;0.07672379434037466
2890.5;0.07789492941230503;0.017094017094017096;0.01576182136602452
2892.0;0.07789492941230503;0.017094017094017096;0.01597712748065927
2893.5;0.07789492941230503;0.017094017094017096;0.01842179442537598
2895.0;0.07789492941230503;0.017094017094017096;0.0175513698630137
2896.5;0.07789492941230503;0.017094017094017096;0.015731292517006803
2898.0;0.07789492941230503;0.017094017094017096;0.015731292517006803
2899.5;0.07789492941230503;0.017094017094017096;0.015095605501509561
2901.0;0.07789492941230503;0.017094017094017096;0.015001087035292413
2902.5;0.07789492941230503;0.017094017094017096;0.05222437137330754
2904.0;0.07789492941230503;0.016863406408094434;0.01597712748065927
2905.5;0.07041469977942498;0.015871286409530037;0.01597712748065927
2907.0;0.07041469977942498;0.015871286409530037;0.01597712748065927
2908.5;0.07041469977942498;0.069651277654558;0.017623877982923447
2910.0;0.07041469977942498;0.069651277654558;0.017623877982923447
2911.5;0.014832305600435561;0.07659179563235237;0.014910112661872163
2913.0;0.014832305600435561;0.016582472972657695;0.018010291595197254
2914.5;0.08205756158418982;0.016582472972657695;0.016863406408094434
2916.0;0.07771517975663854;0.01485852872552252;0.01842179442537598
2917.5;0.07771517975663854;0.01485852872552252;0.016863406408094434
2919.0;0.014829232922191612;0.01485852872552252;0.018010291595197254
2920.5;0.01567842217100666;0.01485852872552252;0.07668608086435384
2922.0;0.01567842217100666;0.01741601350785099;0.07668608086435384
2923.5;0.07873873952571302;0.01741601350785099;0.016676298192025096
2925.0;0.014827949697411927;0.01741601350785099;0.08454031981241
2926.5;0.016529793433502835;0.01826142579350741;0.014870091759449306
2928.0;0.016529576213227;0.01826142579350741;0.017094017094017096
2929.5;0.016529576213227;0.07247037473681829;0.016863406408094434
2931.0;0.01738451054966002;0.017094017094017096;0.01850632726208763
2932.5;0.01738451054966002;0.016638225255972697;0.01850632726208763
2934.0;0.01738451054966002;0.01850632726208763;0.01850632726208763
2935.5;0.01652919989388306;0.01842179442537598;0.016676298192025096
2937.0;0.017384276578092637;0.017498443680569787;0.015769487034319674
2938.5;0.01652901237110648;0.017094017094017096;0.015769487034319674
2940.0;0.01738417792750781;0.01597712748065927;0.017443347491498312
2941.5;0.016528974413923803;0.01842179442537598;0.01485852872552252
2943.0;0.018242167293575428;0.01836806645203033;0.01741601350785099
2944.5;0.016528953065402124;0.017465858520325457;0.0182681206624895
2946.0;0.017094017094017096;0.01485852872552252;0.014839767744728968
2947.5;0.01865038996269922;0.015695763321720377;0.014839767744728968
2949.0;0.0161839863713799;0.01865038996269922;0.015687178238012765
2950.5;0.015095605501509561;0.017373380447585393;0.015687178238012765
2952.0;0.0161839863713799;0.01597712748065927;0.015687178238012765
2953.5;0.015731292517006803;0.07318094281168887;0.015687178238012765
2955.0;0.015731292517006803;0.016676298192025096;0.015687178238012765
2956.5;0.017754480892796753;0.016638225255972697;0.015687178238012765
2958.0;0.016745540589734254;0.08954302181967888;0.015687178238012765
2959.5;0.01663225731761437;0.017623877982923447;0.015687178238012765
2961.0;0.017465858520325457;0.015809071886378992;0.015687178238012765
2962.5;0.07123317659128059;0.07326130256843867;0.015687178238012765
2964.0;0.07123317659128059;0.07326130256843867;0.014834097312229661
2965.5;0.07123317659128059;0.04425612052730697;0.014834097312229661
2967.0;0.017427438387099873;0.01850632726208763;0.014834097312229661
2968.5;0.014850222990092551;0.01850632726208763;0.014834097312229661
2970.0;0.015690820879123473;0.01850632726208763;0.014834097312229661
2971.5;0.015690820879123473;0.01842179442537598;0.014834097312229661
2973.0;0.017393838281482624;0.01842179442537598;0.014834097312229661
2974.5;0.01653549687010534;0.01842179442537598;0.015682478532320222
2976.0;0.01653549687010534;0.01842179442537598;0.015682478532320222
2977.5;0.01653549687010534;0.01842179442537598;0.0161839863713799
2979.0;0.014830971492820427;0.01842179442537598;0.015095605501509561
2980.5;0.014830971492820427;0.01842179442537598;0.015095605501509561
2982.0;0.017388172610590263;0.01842179442537598;0.015095605501509561
2983.5;0.017388172610590263;0.01842179442537598;0.015095605501509561
2985.0;0.017388172610590263;0.01842179442537598;0.01836806645203033
2986.5;0.017388172610590263;0.01842179442537598;0.01836806645203033
2988.0;0.017388172610590263;0.01842179442537598;0.018332165356039182
2989.5;0.017388172610590263;0.01842179442537598;0.014870091759449306
2991.0;0.017388172610590263;0.01842179442537598;0.014870091759449306
2992.5;0.017388172610590263;0.01842179442537598;0.014870091759449306
2994.0;0.017388172610590263;0.01842179442537598;0.014870091759449306
2995.5;0.017388172610590263;0.01842179442537598;0.014870091759449306
2997.0;0.017388172610590263;0.01842179442537598;0.06780184168626474
2998.5;0.017388172610590263;0.01842179442537598;0.01741601350785099
3000.0;0.017388172610590263;0.01842179442537598;0.0182681206624895
3001.5;0.017388172610590263;0.01842179442537598;0.0182681206624895
3003.0;0.017388172610590263;0.01842179442537598;0.0182681206624895
3004.5;0.017388172610590263;0.01842179442537598;0.07583825514009619
3006.0;0.017388172610590263;0.01842179442537598;0.015687178238012765
3007.5;0.017388172610590263;0.017498443680569787;0.017393838281482624
3009.0;0.017388172610590263;0.017498443680569787;0.017393838281482624
3010.5;0.017388172610590263;0.017498443680569787;0.017393838281482624
3012.0;0.017388172610590263;0.017465858520325457;0.017393838281482624
3013.5;0.017388172610590263;0.017465858520325457;0.07670948171061369
3015.0;0.017388172610590263;0.016582472972657695;0.014830971492820427
3016.5;0.017388172610590263;0.016582472972657695;0.07662736667542246
3018.0;0.017388172610590263;0.016568094782873223;0.07662736667542246
3019.5;0.017388172610590263;0.0470532319391635;0.0161839863713799
3021.0;0.017388172610590263;0.016863406408094434;0.0175513698630137
3022.5;0.017388172610590263;0.016863406408094434;0.018010291595197254
3024.0;0.017388172610590263;0.016863406408094434;0.01850632726208763
3025.5;0.017388172610590263;0.015001087035292413;0.01865038996269922
3027.0;0.017388172610590263;0.017547197908565945;0.014910112661872163
3028.5;0.017388172610590263;0.015731292517006803;0.018332165356039182
3030.0;0.016531678096401558;0.01597712748065927;0.01830736743700201
3031.5;0.016531678096401558;0.01597712748065927;0.01740771421307761
3033.0;0.016531678096401558;0.01597712748065927;0.07583825514009619
3034.5;0.016531678096401558;0.015871286409530037;0.05048076923076923
3036.0;0.016531678096401558;0.015871286409530037;0.015871286409530037
3037.5;0.016531678096401558;0.014945495799148322;0.017754480892796753
3039.0;0.016531678096401558;0.07547665433531073;0.015871286409530037
3040.5;0.016531678096401558;0.07547665433531073;0.01842179442537598
3042.0;0.016531678096401558;0.0726934956385968;0.05048076923076923
3043.5;0.016531678096401558;0.0726934956385968;0.01865038996269922
3045.0;0.015677957190639216;0.0726934956385968;0.015871286409530037
3046.5;0.018243532876687153;0.0726934956385968;0.015871286409530037
3048.0;0.018243532876687153;0.0726934956385968;0.017465858520325457
3049.5;0.018243532876687153;0.0726934956385968;0.014850222990092551
3051.0;0.017385065898158785;0.0726934956385968;0.014850222990092551
3052.5;0.017385065898158785;0.0726934956385968;0.0161839863713799
3054.0;0.017385065898158785;0.0726934956385968;0.01850632726208763
3055.5;0.017385065898158785;0.0726934956385968;0.01850632726208763
3057.0;0.017385065898158785;0.0726934956385968;0.015809071886378992
3058.5;0.017385065898158785;0.0726934956385968;0.014910112661872163
3060.0;0.017385065898158785;0.0726934956385968;0.014910112661872163
3061.5;0.017385065898158785;0.0726934956385968;0.017094017094017096
3063.0;0.017385065898158785;0.0726934956385968;0.017094017094017096
3064.5;0.017385065898158785;0.0726934956385968;0.015001087035292413
3066.0;0.017385065898158785;0.0726934956385968;0.018332165356039182
3067.5;0.017385065898158785;0.01830736743700201;0.015095605501509561
3069.0;0.017385065898158785;0.017427438387099873;0.015769487034319674
3070.5;0.017385065898158785;0.017427438387099873;0.015769487034319674
3072.0;0.017385065898158785;0.017427438387099873;0.016638225255972697
3073.5;0.017385065898158785;0.017427438387099873;0.04990403071017274
3075.0;0.017385065898158785;0.017427438387099873;0.07548669050456894
3076.5;0.017385065898158785;0.018277260861902424;0.017498443680569787
3078.0;0.017385065898158785;0.07275493910551474;0.0161839863713799
3079.5;0.017385065898158785;0.07275493910551474;0.017623877982923447
3081.0;0.017385065898158785;0.07275493910551474;0.016638225255972697
3082.5;0.017385065898158785;0.07275493910551474;0.015871286409530037
3084.0;0.017385065898158785;0.07275493910551474;0.01836806645203033
3085.5;0.017385065898158785;0.07275493910551474;0.07818003821984446
3087.0;0.017385065898158785;0.01654477169890474;0.017443347491498312
3088.5;0.017385065898158785;0.01654477169890474;0.017443347491498312
3090.0;0.017385065898158785;0.017397154861764727;0.015711796950363736
3091.5;0.017385065898158785;0.017094017094017096;0.015711796950363736
3093.0;0.017385065898158785;0.017094017094017096;0.0182681206624895
3094.5;0.017385065898158785;0.016863406408094434;0.015690820879123473
3096.0;0.017385065898158785;0.015731292517006803;0.014836509492270044
3097.5;0.017385065898158785;0.015731292517006803;0.016537723722061845
3099.0;0.017385065898158785;0.015871286409530037;0.018470790378006873
3100.5;0.018242915171642324;0.01842179442537598;0.08175211949939443
3102.0;0.018242915171642324;0.01660281557997176;0.01850632726208763
3103.5;0.018242915171642324;0.01597712748065927;0.01663225731761437
3105.0;0.018242915171642324;0.017623877982923447;0.07203255908705936
3106.5;0.015677006439402855;0.01836806645203033;0.08136827196111146
3108.0;0.015677006439402855;0.015280135823429542;0.04334677419354839
3109.5;0.015676896668012225;0.01842179442537598;0.0161839863713799
3111.0;0.015676814372618864;0.0175513698630137;0.07318094281168887
3112.5;0.015676814372618864;0.016638225255972697;0.015769487034319674
3114.0;0.015676814372618864;0.017623877982923447;0.017094017094017096
3115.5;0.018470790378006873;0.014945495799148322;0.01850632726208763
3117.0;0.018470790378006873;0.01660281557997176;0.015769487034319674
3118.5;0.01865038996269922;0.01660281557997176;0.015769487034319674
3120.0;0.01850632726208763;0.015724726735506497;0.01772899957788096
3121.5;0.01850632726208763;0.017427438387099873;0.08702605397238697
3123.0;0.017498443680569787;0.01570251018973342;0.01597712748065927
3124.5;0.01660281557997176;0.01597712748065927;0.01850632726208763
3126.0;0.01660281557997176;0.017824497257769654;0.0161839863713799
3127.5;0.01660281557997176;0.08730412535976975;0.01672535211267606
3129.0;0.01660281557997176;0.0185554688027144;0.01865038996269922
3130.5;0.017443347491498312;0.0175513698630137;0.017623877982923447
3132.0;0.017443347491498312;0.0175513698630137;0.015809071886378992
3133.5;0.017443347491498312;0.01865038996269922;0.01663225731761437
3135.0;0.01485852872552252;0.015731292517006803;0.017443347491498312
3136.5;0.01570251018973342;0.01597712748065927;0.01485852872552252
3138.0;0.01570251018973342;0.015001087035292413;0.040013227513227514
3139.5;0.01570251018973342;0.015001087035292413;0.04425612052730697
3141.0;0.01570251018973342;0.015001087035292413;0.015809071886378992
3142.5;0.01570251018973342;0.015001087035292413;0.016582472972657695
3144.0;0.01570251018973342;0.015001087035292413;0.043703007518796994
3145.5;0.01570251018973342;0.015001087035292413;0.017623877982923447
3147.0;0.01570251018973342;0.015001087035292413;0.04875717017208413
3148.5;0.01570251018973342;0.015001087035292413;0.09087154068566708
3150.0;0.01570251018973342;0.015001087035292413;0.046489563567362426
3151.5;0.01570251018973342;0.015001087035292413;0.017547197908565945
3153.0;0.01570251018973342;0.015001087035292413;0.014910112661872163
3154.5;0.01570251018973342;0.015001087035292413;0.016863406408094434
3156.0;0.01570251018973342;0.015001087035292413;0.05048076923076923
3157.5;0.01570251018973342;0.015001087035292413;0.018354055654233276
3159.0;0.01570251018973342;0.015001087035292413;0.0482897384305835
3160.5;0.015280135823429542;0.015001087035292413;0.0857089505788622
3162.0;0.016863406408094434;0.015001087035292413;0.07604893024584117
3163.5;0.015001087035292413;0.015001087035292413;0.015280135823429542
3165.0;0.017547197908565945;0.015001087035292413;0.045928030303030304
3166.5;0.017547197908565945;0.015001087035292413;0.045928030303030304
3168.0;0.017547197908565945;0.015001087035292413;0.015095605501509561
3169.5;0.014910112661872163;0.015001087035292413;0.08602150537634409
3171.0;0.017465858520325457;0.015001087035292413;0.07087532272840844
3172.5;0.01830736743700201;0.015001087035292413;0.015809071886378992
3174.0;0.014850222990092551;0.015001087035292413;0.015809071886378992
3175.5;0.01740771421307761;0.015001087035292413;0.015809071886378992
3177.0;0.0175513698630137;0.015001087035292413;0.015809071886378992
3178.5;0.016863406408094434;0.015001087035292413;0.08110292001505391
3180.0;0.016863406408094434;0.015001087035292413;0.018332165356039182
3181.5;0.016863406408094434;0.015001087035292413;0.018332165356039182
3183.0;0.016676298192025096;0.015001087035292413;0.01485852872552252
3184.5;0.016638225255972697;0.015001087035292413;0.07488345175291837
3186.0;0.01874107841782935;0.016638225255972697;0.07488345175291837
3187.5;0.017094017094017096;0.01865038996269922;0.015690820879123473
3189.0;0.016863406408094434;0.017623877982923447;0.0161839863713799
3190.5;0.015001087035292413;0.01842179442537598;0.017754480892796753
3192.0;0.01836806645203033;0.01842179442537598;0.017754480892796753
3193.5;0.018332165356039182;0.01842179442537598;0.016745540589734254
3195.0;0.016568094782873223;0.01842179442537598;0.015743018124095107
3196.5;0.018277260861902424;0.01842179442537598;0.015743018124095107
3198.0;0.018277260861902424;0.014910112661872163;0.018289844042285466
3199.5;0.015695763321720377;0.014910112661872163;0.018289844042285466
3201.0;0.016540721828503288;0.014910112661872163;0.01740771421307761
3202.5;0.015684481542853023;0.014910112661872163;0.06528282386473658
3204.0;0.014832305600435561;0.014910112661872163;0.06528282386473658
3205.5;0.017389540773412943;0.014910112661872163;0.06528282386473658
3207.0;0.017388172610590263;0.014910112661872163;0.06528282386473658
3208.5;0.017388172610590263;0.015743018124095107;0.014834097312229661
3210.0;0.017388172610590263;0.015743018124095107;0.014834097312229661
3211.5;0.01824547540373295;0.017443347491498312;0.014834097312229661
3213.0;0.01824547540373295;0.017443347491498312;0.07349146701018333
3214.5;0.01824547540373295;0.017443347491498312;0.07349146701018333
3216.0;0.01824547540373295;0.017443347491498312;0.07349146701018333
3217.5;0.01824547540373295;0.017443347491498312;0.07349146701018333
3219.0;0.01567842217100666;0.018289844042285466;0.07349146701018333
3220.5;0.01567842217100666;0.018289844042285466;0.07349146701018333
3222.0;0.01567842217100666;0.018289844042285466;0.01653260196570383
3223.5;0.01567842217100666;0.018289844042285466;0.015679043553987165
3225.0;0.01567842217100666;0.018289844042285466;0.015679043553987165
3226.5;0.01567842217100666;0.018289844042285466;0.015679043553987165
3228.0;0.01567842217100666;0.018289844042285466;0.016530987295071384
3229.5;0.01567842217100666;0.018289844042285466;0.016530987295071384
3231.0;0.01567842217100666;0.018289844042285466;0.06716974724562584
3232.5;0.01567842217100666;0.018289844042285466;0.015677152879889675
3234.0;0.08088272918641552;0.018289844042285466;0.017384645537373677
3235.5;0.06819658699689947;0.018289844042285466;0.01738451054966002
3237.0;0.06819658699689947;0.018289844042285466;0.01738451054966002
3238.5;0.015677152879889675;0.018289844042285466;0.017384409349774463
3240.0;0.015677152879889675;0.018289844042285466;0.07130085906789746
3241.5;0.01652941341487852;0.018289844042285466;0.018242228386297764
3243.0;0.01652941341487852;0.018289844042285466;0.018242228386297764
3244.5;0.01652929138178772;0.018289844042285466;0.018470790378006873
3246.0;0.014827142237604233;0.018289844042285466;0.015001087035292413
3247.5;0.014827142237604233;0.018289844042285466;0.015001087035292413
3249.0;0.014827142237604233;0.018289844042285466;0.016638225255972697
3250.5;0.014827087928111741;0.018289844042285466;0.016863406408094434
3252.0;0.017384159934034568;0.018289844042285466;0.016863406408094434
3253.5;0.017384159934034568;0.018289844042285466;0.01865038996269922
3255.0;0.017754480892796753;0.014850222990092551;0.017623877982923447
3256.5;0.017094017094017096;0.014850222990092551;0.017623877982923447
3258.0;0.01597712748065927;0.014850222990092551;0.017623877982923447
3259.5;0.015809071886378992;0.014850222990092551;0.017623877982923447
3261.0;0.014910112661872163;0.014850222990092551;0.017623877982923447
3262.5;0.018332165356039182;0.016550266845809666;0.017623877982923447
3264.0;0.017443347491498312;0.016550266845809666;0.01842179442537598
3265.5;0.017443347491498312;0.016550266845809666;0.01842179442537598
3267.0;0.017443347491498312;0.015690820879123473;0.01842179442537598
3268.5;0.017443347491498312;0.016540721828503288;0.01663225731761437
3270.0;0.017443347491498312;0.016540721828503288;0.01663225731761437
3271.5;0.01485852872552252;0.014832305600435561;0.01488644788002137
3273.0;0.01741601350785099;0.014832305600435561;0.01830736743700201
3274.5;0.01741601350785099;0.014832305600435561;0.0189328743545611
3276.0;0.01741601350785099;0.017389540773412943;0.04875717017208413
3277.5;0.01741601350785099;0.017389540773412943;0.015871286409530037
3279.0;0.0161839863713799;0.017389540773412943;0.01836806645203033
3280.5;0.01865038996269922;0.017388172610590263;0.01672535211267606
3282.0;0.01865038996269922;0.015679043553987165;0.01589496047739557
3283.5;0.01865038996269922;0.015679043553987165;0.015912208009267122
3285.0;0.01865038996269922;0.015677957190639216;0.017094017094017096
3286.5;0.01865038996269922;0.01738538657899296;0.0798365745414373
3288.0;0.017623877982923447;0.01567734827379584;0.018470790378006873
3289.5;0.014945495799148322;0.01567734827379584;0.01597712748065927
3291.0;0.014945495799148322;0.01567734827379584;0.01672535211267606
3292.5;0.014945495799148322;0.015677006439402855;0.04315196998123827
3294.0;0.014945495799148322;0.015676896668012225;0.01850632726208763
3295.5;0.01836806645203033;0.017384409349774463;0.017498443680569787
3297.0;0.017465858520325457;0.015095605501509561;0.015743018124095107
3298.5;0.017465858520325457;0.015095605501509561;0.015743018124095107
3300.0;0.017465858520325457;0.015095605501509561;0.015743018124095107
3301.5;0.017754480892796753;0.015095605501509561;0.01570251018973342
3303.0;0.016745540589734254;0.015095605501509561;0.0175513698630137
3304.5;0.0175513698630137;0.015095605501509561;0.017754480892796753
3306.0;0.0175513698630137;0.015095605501509561;0.014945495799148322
3307.5;0.015871286409530037;0.015095605501509561;0.01836806645203033
3309.0;0.017498443680569787;0.01850632726208763;0.01597712748065927
3310.5;0.015724726735506497;0.01842179442537598;0.015809071886378992
3312.0;0.07850573814074081;0.01836806645203033;0.01663225731761437
3313.5;0.0170487948265726;0.01836806645203033;0.017465858520325457
3315.0;0.015280135823429542;0.01836806645203033;0.017465858520325457
3316.5;0.015280135823429542;0.01836806645203033;0.015280135823429542
3318.0;0.015280135823429542;0.01836806645203033;0.015280135823429542
3319.5;0.01850632726208763;0.01660281557997176;0.019345238095238096
3321.0;0.017465858520325457;0.014870091759449306;0.01865038996269922
3322.5;0.0161839863713799;0.014870091759449306;0.016863406408094434
3324.0;0.017754480892796753;0.015711796950363736;0.016638225255972697
3325.5;0.017754480892796753;0.016557768507871926;0.017094017094017096
3327.0;0.017754480892796753;0.0175513698630137;0.015095605501509561
3328.5;0.017754480892796753;0.01597712748065927;0.01850632726208763
3330.0;0.017754480892796753;0.01850632726208763;0.014945495799148322
3331.5;0.017754480892796753;0.017498443680569787;0.01836806645203033
3333.0;0.017754480892796753;0.018332165356039182;0.017465858520325457
3334.5;0.017754480892796753;0.017754480892796753;0.01741601350785099
3336.0;0.017754480892796753;0.017754480892796753;0.01865038996269922
3337.5;0.017754480892796753;0.015871286409530037;0.0170487948265726
3339.0;0.017754480892796753;0.014910112661872163;0.017754480892796753
3340.5;0.017754480892796753;0.014910112661872163;0.01850632726208763
3342.0;0.017754480892796753;0.014910112661872163;0.018470790378006873
3343.5;0.01850632726208763;0.01597712748065927;0.01850632726208763
3345.0;0.044811320754716985;0.018470790378006873;0.017547197908565945
3346.5;0.044811320754716985;0.018470790378006873;0.017547197908565945
3348.0;0.016863406408094434;0.017373380447585393;0.01836806645203033
3349.5;0.016863406408094434;0.0161839863713799;0.01836806645203033
3351.0;0.016863406408094434;0.015095605501509561;0.015743018124095107
3352.5;0.07868285545991754;0.016676298192025096;0.0175513698630137
3354.0;0.014910112661872163;0.017498443680569787;0.017094017094017096
3355.5;0.014910112661872163;0.014870091759449306;0.017094017094017096
3357.0;0.014910112661872163;0.018289844042285466;0.01850632726208763
3358.5;0.06945691490726251;0.0189328743545611;0.01850632726208763
3360.0;0.06945691490726251;0.016863406408094434;0.01850632726208763
3361.5;0.06945691490726251;0.016863406408094434;0.016676298192025096
3363.0;0.015724726735506497;0.016745540589734254;0.016863406408094434
3364.5;0.01485852872552252;0.016745540589734254;0.016863406408094434
3366.0;0.01741601350785099;0.0175513698630137;0.01597712748065927
3367.5;0.01740771421307761;0.016863406408094434;0.01597712748065927
3369.0;0.017401635028469288;0.016863406408094434;0.015001087035292413
3370.5;0.017401635028469288;0.01850632726208763;0.015001087035292413
3372.0;0.017401635028469288;0.015280135823429542;0.015001087035292413
3373.5;0.017401635028469288;0.015280135823429542;0.015001087035292413
3375.0;0.017401635028469288;0.016863406408094434;0.015001087035292413
3376.5;0.017401635028469288;0.016863406408094434;0.014945495799148322
3378.0;0.014836509492270044;0.016863406408094434;0.014945495799148322
3379.5;0.014836509492270044;0.015871286409530037;0.017498443680569787
3381.0;0.014836509492270044;0.015871286409530037;0.015743018124095107
3382.5;0.07146198039361484;0.015871286409530037;0.015743018124095107
3384.0;0.07146198039361484;0.015769487034319674;0.015743018124095107
3385.5;0.07146198039361484;0.018332165356039182;0.015743018124095107
3387.0;0.07146198039361484;0.018332165356039182;0.015743018124095107
3388.5;0.07146198039361484;0.0175513698630137;0.015743018124095107
3390.0;0.07146198039361484;0.0175513698630137;0.015743018124095107
3391.5;0.06725922477930055;0.016863406408094434;0.015743018124095107
3393.0;0.06725922477930055;0.016863406408094434;0.015743018124095107
3394.5;0.08205756158418982;0.01850632726208763;0.016582472972657695
3396.0;0.08205756158418982;0.017547197908565945;0.016582472972657695
3397.5;0.08205756158418982;0.01663225731761437;0.016582472972657695
3399.0;0.07986308038227083;0.08378512102002213;0.016582472972657695
3400.5;0.07986308038227083;0.017443347491498312;0.017094017094017096
3402.0;0.08386752136752137;0.016568094782873223;0.017094017094017096
3403.5;0.08386752136752137;0.051059730250481696;0.017094017094017096
3405.0;0.08386752136752137;0.051059730250481696;0.017754480892796753
3406.5;0.0882232252769799;0.016863406408094434;0.016745540589734254
3408.0;0.0882232252769799;0.016863406408094434;0.016745540589734254
3409.5;0.0882232252769799;0.01850632726208763;0.016745540589734254
3411.0;0.08144892908951275;0.01850632726208763;0.016745540589734254
3412.5;0.08144892908951275;0.016676298192025096;0.016676298192025096
3414.0;0.08144892908951275;0.01836806645203033;0.016676298192025096
3415.5;0.08144892908951275;0.01865038996269922;0.016676298192025096
3417.0;0.017547197908565945;0.08386958386958387;0.016676298192025096
3418.5;0.08454031981241;0.017094017094017096;0.016676298192025096
3420.0;0.01830736743700201;0.01850632726208763;0.015769487034319674
3421.5;0.016568094782873223;0.01850632726208763;0.015769487034319674
3423.0;0.016568094782873223;0.01850632726208763;0.015769487034319674
3424.5;0.014850222990092551;0.01850632726208763;0.015769487034319674
3426.0;0.014844188506303903;0.01850632726208763;0.01830736743700201
3427.5;0.017397154861764727;0.01660281557997176;0.01830736743700201
3429.0;0.015684481542853023;0.017443347491498312;0.015711796950363736
3430.5;0.015684481542853023;0.015711796950363736;0.015711796950363736
3432.0;0.015684481542853023;0.016557768507871926;0.018277260861902424
3433.5;0.015684481542853023;0.016557768507871926;0.014844188506303903
3435.0;0.015684481542853023;0.016557768507871926;0.014839767744728968
3436.5;0.06520150941804949;0.016557768507871926;0.017397154861764727
3438.0;0.06520150941804949;0.01740771421307761;0.017397154861764727
3439.5;0.08094306611393426;0.01740771421307761;0.017393838281482624
3441.0;0.08094306611393426;0.01740771421307761;0.015682478532320222
3442.5;0.016530987295071384;0.017401635028469288;0.015682478532320222
3444.0;0.06512342613903334;0.017401635028469288;0.015280135823429542
3445.5;0.07447202208325986;0.0175513698630137;0.01865038996269922
3447.0;0.014827716422686422;0.0161839863713799;0.017547197908565945
3448.5;0.014827716422686422;0.07434304424481572;0.017547197908565945
3450.0;0.014827716422686422;0.07434304424481572;0.017547197908565945
3451.5;0.014827716422686422;0.07434304424481572;0.01836806645203033
3453.0;0.014827716422686422;0.014945495799148322;0.01836806645203033
3454.5;0.014827716422686422;0.01663225731761437;0.01836806645203033
3456.0;0.014827716422686422;0.01488644788002137;0.01836806645203033
3457.5;0.014827716422686422;0.015280135823429542;0.01660281557997176
3459.0;0.07131009589342761;0.015280135823429542;0.015280135823429542
3460.5;0.07131009589342761;0.015095605501509561;0.015280135823429542
3462.0;0.07131009589342761;0.08048289738430583;0.016745540589734254
3463.5;0.07131009589342761;0.08755082619603771;0.015809071886378992
3465.0;0.0175513698630137;0.08755082619603771;0.01488644788002137
3466.5;0.01865038996269922;0.08755082619603771;0.015724726735506497
3468.0;0.01865038996269922;0.015809071886378992;0.015724726735506497
3469.5;0.01865038996269922;0.015809071886378992;0.015724726735506497
3471.0;0.015809071886378992;0.014910112661872163;0.01485852872552252
3472.5;0.01660281557997176;0.0189328743545611;0.01485852872552252
3474.0;0.01830736743700201;0.0189328743545611;0.016638225255972697
3475.5;0.014850222990092551;0.07551140668406431;0.01672535211267606
3477.0;0.014850222990092551;0.017547197908565945;0.018010291595197254
3478.5;0.017401635028469288;0.01488644788002137;0.018010291595197254
3480.0;0.017397154861764727;0.015724726735506497;0.015731292517006803
3481.5;0.016863406408094434;0.03718199608610568;0.016745540589734254
3483.0;0.01842179442537598;0.04990403071017274;0.016745540589734254
3484.5;0.0161839863713799;0.015871286409530037;0.014945495799148322
3486.0;0.0161839863713799;0.05222437137330754;0.01488644788002137
3487.5;0.0161839863713799;0.01865038996269922;0.0189328743545611
3489.0;0.0161839863713799;0.017623877982923447;0.017623877982923447
3490.5;0.0161839863713799;0.017623877982923447;0.015769487034319674
3492.0;0.01842179442537598;0.017623877982923447;0.015769487034319674
3493.5;0.01663225731761437;0.017623877982923447;0.015743018124095107
3495.0;0.01660281557997176;0.017623877982923447;0.016582472972657695
3496.5;0.01485852872552252;0.017623877982923447;0.01741601350785099
3498.0;0.01485852872552252;0.016676298192025096;0.014844188506303903
3499.5;0.01485852872552252;0.016676298192025096;0.017094017094017096
3501.0;0.01485852872552252;0.016676298192025096;0.01865038996269922
3502.5;0.01485852872552252;0.08454031981241;0.0161839863713799
3504.0;0.01485852872552252;0.08454031981241;0.0175513698630137
3505.5;0.01485852872552252;0.08454031981241;0.016638225255972697
3507.0;0.01485852872552252;0.08454031981241;0.018470790378006873
3508.5;0.01485852872552252;0.08454031981241;0.040424121935056324
3510.0;0.01485852872552252;0.015743018124095107;0.016638225255972697
3511.5;0.01485852872552252;0.015743018124095107;0.016638225255972697
3513.0;0.01485852872552252;0.06698855167485213;0.046489563567362426
3514.5;0.01485852872552252;0.016568094782873223;0.016638225255972697
3516.0;0.01485852872552252;0.01741601350785099;0.019345238095238096
3517.5;0.01485852872552252;0.014844188506303903;0.018010291595197254
3519.0;0.01485852872552252;0.014844188506303903;0.017824497257769654
3520.5;0.01485852872552252;0.017401635028469288;0.019139945314441957
3522.0;0.01485852872552252;0.017401635028469288;0.015024970979036621
3523.5;0.01485852872552252;0.017401635028469288;0.018683274021352312
3525.0;0.01485852872552252;0.017401635028469288;0.015731292517006803
3526.5;0.01485852872552252;0.017401635028469288;0.015095605501509561
3528.0;0.01485852872552252;0.0175513698630137;0.015414729630535846
3529.5;0.01485852872552252;0.0175513698630137;0.016043635035830027
3531.0;0.01485852872552252;0.01597712748065927;0.0161839863713799
3532.5;0.01485852872552252;0.01597712748065927;0.0161839863713799
3534.0;0.01485852872552252;0.017623877982923447;0.015095605501509561
3535.5;0.01485852872552252;0.017623877982923447;0.015871286409530037
3537.0;0.01570251018973342;0.017623877982923447;0.018876611418047883
3538.5;0.01570251018973342;0.017623877982923447;0.016348533050547898
3540.0;0.01570251018973342;0.017623877982923447;0.017573444950798104
3541.5;0.01570251018973342;0.016676298192025096;0.015876142581414128
3543.0;0.01570251018973342;0.0726934956385968;0.07888615224065824
3544.5;0.017401635028469288;0.015724726735506497;0.016638225255972697
3546.0;0.017401635028469288;0.016568094782873223;0.017094017094017096
3547.5;0.017401635028469288;0.01570251018973342;0.01672535211267606
3549.0;0.017401635028469288;0.06543176162088517;0.01749271137026239
3550.5;0.016863406408094434;0.06543176162088517;0.017368069472277887
3552.0;0.016863406408094434;0.06543176162088517;0.0175884771057884
3553.5;0.016863406408094434;0.06543176162088517;0.015414729630535846
3555.0;0.016863406408094434;0.06534595498997915;0.017094017094017096
3556.5;0.017094017094017096;0.06534595498997915;0.015095605501509561
3558.0;0.015001087035292413;0.06534595498997915;0.018470790378006873
3559.5;0.015001087035292413;0.07789492941230503;0.015001087035292413
3561.0;0.014945495799148322;0.07789492941230503;0.015095605501509561
3562.5;0.014945495799148322;0.08560945780676722;0.0161839863713799
3564.0;0.014945495799148322;0.08560945780676722;0.01597712748065927
3565.5;0.07771195869669424;0.07639217169329678;0.018010291595197254
3567.0;0.07771195869669424;0.07106563743420853;0.015280135823429542
3568.5;0.07771195869669424;0.07106563743420853;0.0720250521920668
3570.0;0.07771195869669424;0.07106563743420853;0.017094017094017096
3571.5;0.07771195869669424;0.07378150182183574;0.040013227513227514
3573.0;0.07771195869669424;0.07378150182183574;0.018010291595197254
3574.5;0.07771195869669424;0.08530042918454936;0.0161839863713799
3576.0;0.07771195869669424;0.017623877982923447;0.0161839863713799
3577.5;0.07771195869669424;0.08216097234185091;0.017094017094017096
3579.0;0.018332165356039182;0.07659179563235237;0.015095605501509561
3580.5;0.018332165356039182;0.07659179563235237;0.017373380447585393
3582.0;0.014870091759449306;0.06732177216716176;0.017373380447585393
3583.5;0.07182211727666273;0.07741609250709174;0.016863406408094434
3585.0;0.07182211727666273;0.05681028492008339;0.016863406408094434
3586.5;0.07182211727666273;0.01702553830746119;0.01850632726208763
3588.0;0.017623877982923447;0.01702553830746119;0.014910112661872163
3589.5;0.0798365745414373;0.01702553830746119;0.014910112661872163
3591.0;0.0798365745414373;0.017603269400950756;0.016863406408094434
3592.5;0.0798365745414373;0.017603269400950756;0.016863406408094434
3594.0;0.01663225731761437;0.01840766984546031;0.0161839863713799
3595.5;0.01663225731761437;0.016624630520743856;0.0161839863713799
3597.0;0.01830736743700201;0.01832580429276873;0.04260299625468165
3598.5;0.01830736743700201;0.01832580429276873;0.018470790378006873
