#auto generated file!
6.0;0.02196693569382973;0.02196693569382973;0.02196693569382973
7.5;0.02196693569382973;0.02196693569382973;0.02196693569382973
9.0;0.02196693569382973;0.02196693569382973;0.02196693569382973
10.5;0.02196693569382973;0.02196693569382973;0.02196693569382973
12.0;0.02196693569382973;0.02196693569382973;0.01652892561983471
13.5;0.02196693569382973;0.02196693569382973;0.01652892561983471
15.0;0.01652892561983471;0.01824212271973466;0.01652892561983471
16.5;0.0285204991087344;0.03418803418803419;0.0173841059602649
18.0;0.027531083481349913;0.01567656765676568;0.01824212271973466
19.5;0.017094017094017096;0.014827018121911038;0.016638225255972697
21.0;0.01824212271973466;0.018470790378006873;0.016638225255972697
22.5;0.030560271646859084;0.03418803418803419;0.024464831804281346
24.0;0.03828413284132841;0.024122807017543862;0.01652892561983471
25.5;0.03828413284132841;0.01652892561983471;0.01567656765676568
27.0;0.029135338345864664;0.01567656765676568;0.018010291595197254
28.5;0.01652892561983471;0.027531083481349913;0.01567656765676568
30.0;0.0175513698630137;0.014827018121911038;0.03602058319039451
31.5;0.033276450511945395;0.0323679727427598;0.01652892561983471
33.0;0.033276450511945395;0.01824212271973466;0.018026004728132386
34.5;0.01652892561983471;0.025529865125240848;0.01652892561983471
36.0;0.0323679727427598;0.01608187134502924;0.02878937007874016
37.5;0.01652892561983471;0.01652892561983471;0.016403046280023436
39.0;0.01652892561983471;0.018026004728132386;0.02019230769230769
40.5;0.030245746691871456;0.0175513698630137;0.018010291595197254
42.0;0.030560271646859084;0.026548672566371685;0.0161839863713799
43.5;0.0173841059602649;0.017094017094017096;0.01567656765676568
45.0;0.01567656765676568;0.018010291595197254;0.0161839863713799
46.5;0.01652892561983471;0.0323679727427598;0.024122807017543862
48.0;0.0351027397260274;0.019274809160305342;0.014827018121911038
49.5;0.031462585034013606;0.0189328743545611;0.014827018121911038
51.0;0.022041062801932364;0.0161839863713799;0.029937629937629936
52.5;0.01652892561983471;0.02703900709219858;0.0173841059602649
54.0;0.014827018121911038;0.02516881522406384;0.015731292517006803
55.5;0.018470790378006873;0.017699115044247787;0.01652892561983471
57.0;0.014827018121911038;0.016638225255972697;0.03418803418803419
58.5;0.014827018121911038;0.014827018121911038;0.01824212271973466
60.0;0.014827018121911038;0.03306159420289855;0.029516994633273706
61.5;0.01824212271973466;0.0173841059602649;0.03617216117216117
63.0;0.018086080586080584;0.0173841059602649;0.01652892561983471
64.5;0.016638225255972697;0.01652892561983471;0.01652892561983471
66.0;0.01567656765676568;0.029017857142857144;0.014827018121911038
67.5;0.014827018121911038;0.01652892561983471;0.0351027397260274
69.0;0.018010291595197254;0.01824212271973466;0.014827018121911038
70.5;0.02238354506957048;0.016403046280023436;0.03418803418803419
72.0;0.02238354506957048;0.016638225255972697;0.02587800369685767
73.5;0.033276450511945395;0.018086080586080584;0.030560271646859084
75.0;0.01567656765676568;0.018010291595197254;0.024816176470588234
76.5;0.014827018121911038;0.016638225255972697;0.036941580756013746
78.0;0.014827018121911038;0.01824212271973466;0.036941580756013746
79.5;0.0175513698630137;0.0173841059602649;0.01824212271973466
81.0;0.030560271646859084;0.0175513698630137;0.026060070671378093
82.5;0.030560271646859084;0.02587800369685767;0.025240384615384616
84.0;0.03602058319039451;0.01824212271973466;0.03602058319039451
85.5;0.03418803418803419;0.030560271646859084;0.014827018121911038
87.0;0.03418803418803419;0.036941580756013746;0.026592455163883737
88.5;0.03418803418803419;0.018026004728132386;0.0378657487091222
90.0;0.01567656765676568;0.0230722525804493;0.027531083481349913
91.5;0.01567656765676568;0.0173841059602649;0.0173841059602649
93.0;0.01652892561983471;0.017094017094017096;0.01824212271973466
94.5;0.01652892561983471;0.030993042378241617;0.01652892561983471
96.0;0.01824212271973466;0.0170487948265726;0.017094017094017096
97.5;0.01824212271973466;0.02268431001890359;0.01824212271973466
99.0;0.01652892561983471;0.02460456942003515;0.0220703125
100.5;0.014827018121911038;0.03418803418803419;0.015731292517006803
102.0;0.030560271646859084;0.030009920634920632;0.03418803418803419
103.5;0.018470790378006873;0.0173841059602649;0.01652892561983471
105.0;0.014827018121911038;0.027531083481349913;0.022742701968771217
106.5;0.014827018121911038;0.027531083481349913;0.018010291595197254
108.0;0.030993042378241617;0.0173841059602649;0.01824212271973466
109.5;0.02460456942003515;0.0173841059602649;0.018086080586080584
111.0;0.0173841059602649;0.018010291595197254;0.01652892561983471
112.5;0.029017857142857144;0.018010291595197254;0.023765996343692867
114.0;0.033276450511945395;0.036941580756013746;0.025088028169014082
115.5;0.018683274021352312;0.018354055654233276;0.01824212271973466
117.0;0.014827018121911038;0.03617216117216117;0.01652892561983471
118.5;0.03602058319039451;0.01824212271973466;0.022727272727272728
120.0;0.014827018121911038;0.03602058319039451;0.01652892561983471
121.5;0.0173841059602649;0.024464831804281346;0.0350922131147541
123.0;0.01824212271973466;0.014827018121911038;0.01824212271973466
124.5;0.01824212271973466;0.03326935380678182;0.027531083481349913
126.0;0.0323679727427598;0.01567656765676568;0.023244781783681213
127.5;0.033276450511945395;0.01824212271973466;0.018010291595197254
129.0;0.0351027397260274;0.0161839863713799;0.0189328743545611
130.5;0.036941580756013746;0.016638225255972697;0.016638225255972697
132.0;0.0378657487091222;0.01567656765676568;0.0351027397260274
133.5;0.01652892561983471;0.03418803418803419;0.0351027397260274
135.0;0.026548672566371685;0.017094017094017096;0.029017857142857144
136.5;0.0378657487091222;0.01824212271973466;0.02460456942003515
138.0;0.0378657487091222;0.014827018121911038;0.029516994633273706
139.5;0.01652892561983471;0.0173841059602649;0.017094017094017096
141.0;0.01652892561983471;0.023809523809523808;0.0285204991087344
142.5;0.01652892561983471;0.02802491103202847;0.017094017094017096
144.0;0.01652892561983471;0.024464831804281346;0.0175513698630137
145.5;0.01652892561983471;0.01652892561983471;0.032886334610472544
147.0;0.02623456790123457;0.030560271646859084;0.0175513698630137
148.5;0.02703900709219858;0.01652892561983471;0.018010291595197254
150.0;0.01824212271973466;0.0175513698630137;0.030560271646859084
151.5;0.031462585034013606;0.014827018121911038;0.03212468193384224
153.0;0.014827018121911038;0.031462585034013606;0.017699115044247787
154.5;0.014827018121911038;0.01824212271973466;0.029017857142857144
156.0;0.0173841059602649;0.01824212271973466;0.030560271646859084
157.5;0.01567656765676568;0.0173841059602649;0.01652892561983471
159.0;0.016638225255972697;0.017094017094017096;0.01652892561983471
160.5;0.030560271646859084;0.017094017094017096;0.031462585034013606
162.0;0.014827018121911038;0.0378657487091222;0.01730418943533698
163.5;0.031746031746031744;0.014827018121911038;0.033276450511945395
165.0;0.036941580756013746;0.017094017094017096;0.031746031746031744
166.5;0.0351027397260274;0.03365384615384615;0.03061868686868687
168.0;0.0323679727427598;0.018470790378006873;0.017045454545454544
169.5;0.0323679727427598;0.025522755227552277;0.040013227513227514
171.0;0.030560271646859084;0.0378657487091222;0.018010291595197254
172.5;0.030560271646859084;0.01652892561983471;0.0323679727427598
174.0;0.03602058319039451;0.0161839863713799;0.024114774114774116
175.5;0.01567656765676568;0.0378657487091222;0.01652892561983471
177.0;0.01567656765676568;0.03617216117216117;0.0173841059602649
178.5;0.031462585034013606;0.01824212271973466;0.02878937007874016
180.0;0.01567656765676568;0.019013666072489603;0.01567656765676568
181.5;0.01652892561983471;0.03687184061849539;0.029017857142857144
183.0;0.033276450511945395;0.015280135823429542;0.03409090909090909
184.5;0.033276450511945395;0.027531083481349913;0.023809523809523808
186.0;0.033276450511945395;0.035650623885918005;0.01703197690454738
187.5;0.0351027397260274;0.03617216117216117;0.02691045475855602
189.0;0.0173841059602649;0.029017857142857144;0.03412017167381975
190.5;0.0173841059602649;0.025573192239858905;0.017651363509179743
192.0;0.024122807017543862;0.01597712748065927;0.017094017094017096
193.5;0.017623877982923447;0.03482458408757866;0.023418491484184917
195.0;0.025573192239858905;0.033676001417936904;0.01929824561403509
196.5;0.03966822935448972;0.03609431217943811;0.019139945314441957
198.0;0.03966822935448972;0.032000890578704894;0.01733025239957341
199.5;0.038041387799061466;0.023765996343692867;0.029397233201581028
201.0;0.038041387799061466;0.015095605501509561;0.03334828885965379
202.5;0.03482458408757866;0.024093511450381678;0.029668637765370036
204.0;0.01663225731761437;0.03801927875911337;0.018876611418047883
205.5;0.03357729479429107;0.03801927875911337;0.03779069767441861
207.0;0.0381479518588489;0.017373380447585393;0.01923521066349929
208.5;0.0381479518588489;0.015280135823429542;0.015156981494764432
210.0;0.016568094782873223;0.02802491103202847;0.02003052270125906
211.5;0.016568094782873223;0.02460456942003515;0.025966256313891763
213.0;0.016557768507871926;0.016863406408094434;0.025522755227552277
214.5;0.014836509492270044;0.017547197908565945;0.018544683857294242
216.0;0.014834097312229661;0.017547197908565945;0.0161839863713799
217.5;0.026457750968564567;0.026998169615619284;0.01672535211267606
219.0;0.026457750968564567;0.01769257756716558;0.023809523809523808
220.5;0.026457750968564567;0.019345238095238096;0.025573192239858905
222.0;0.026457750968564567;0.015225395561747438;0.02516881522406384
223.5;0.016293098349991132;0.015871286409530037;0.016830578931359627
225.0;0.017814806907942786;0.01672535211267606;0.04038461538461538
226.5;0.017094017094017096;0.016863406408094434;0.03072625698324023
228.0;0.032697066101095795;0.015095605501509561;0.016988416988416986
229.5;0.0175513698630137;0.032697066101095795;0.017215791035915702
231.0;0.017623877982923447;0.017094017094017096;0.018026004728132386
232.5;0.035774141714325206;0.017699115044247787;0.018848906360245943
234.0;0.03450566571561023;0.0161839863713799;0.024501992031872512
235.5;0.03450566571561023;0.016863406408094434;0.01749271137026239
237.0;0.0381479518588489;0.015001087035292413;0.018086080586080584
238.5;0.016568094782873223;0.01663225731761437;0.03608247422680412
240.0;0.014844188506303903;0.0161839863713799;0.017674869549113806
241.5;0.027531083481349913;0.01865038996269922;0.017045454545454544
243.0;0.024816176470588234;0.017623877982923447;0.019120945859903808
244.5;0.015225395561747438;0.03841245791927793;0.02352661596958175
246.0;0.01848360454802751;0.016638225255972697;0.020625415834996677
247.5;0.016638225255972697;0.02460456942003515;0.03742080962095995
249.0;0.024276859504132234;0.024122807017543862;0.016638225255972697
250.5;0.025322619917214514;0.032256841786066255;0.019142066420664204
252.0;0.025322619917214514;0.0161839863713799;0.02722345405272235
253.5;0.023455083057732064;0.016863406408094434;0.017089125102207687
255.0;0.017142284446884627;0.03442728442728442;0.019179429534916397
256.5;0.026060070671378093;0.017094017094017096;0.018543046357615892
258.0;0.031723651744800845;0.0285204991087344;0.017487517572349606
259.5;0.017094017094017096;0.04057719431485299;0.01929824561403509
261.0;0.03669724770642202;0.0175513698630137;0.01967799642218247
262.5;0.017754480892796753;0.033676001417936904;0.03696682464454976
264.0;0.015001087035292413;0.015001087035292413;0.015861825872400422
265.5;0.016676298192025096;0.015001087035292413;0.016202753976515587
267.0;0.01865038996269922;0.02703900709219858;0.017924528301886795
268.5;0.015809071886378992;0.025088028169014082;0.027915869980879544
270.0;0.034633078205669056;0.0161839863713799;0.01845342706502636
271.5;0.015743018124095107;0.026548672566371685;0.024948024948024946
273.0;0.017427438387099873;0.03768591312195207;0.02531293463143254
274.5;0.025573192239858905;0.01488644788002137;0.019142066420664204
276.0;0.036646406864497674;0.024114774114774116;0.018595825426944972
277.5;0.017623877982923447;0.024924471299093656;0.01882395123700251
279.0;0.016638225255972697;0.017094017094017096;0.02238354506957048
280.5;0.015095605501509561;0.038817005545286505;0.024254473161033796
282.0;0.025573192239858905;0.01865038996269922;0.019276956137024393
283.5;0.025573192239858905;0.017623877982923447;0.017356740642596888
285.0;0.015001087035292413;0.014910112661872163;0.018197573656845753
286.5;0.026060070671378093;0.035298681148176886;0.029401154401154404
288.0;0.026060070671378093;0.026518218623481783;0.01983411467724486
289.5;0.02802491103202847;0.032168968318440294;0.026060070671378093
291.0;0.016863406408094434;0.017094017094017096;0.017924528301886795
292.5;0.03306159420289855;0.039888682745825604;0.0161839863713799
294.0;0.015731292517006803;0.03466050479914682;0.024300133307941344
295.5;0.03416622228993677;0.015871286409530037;0.018336866260866183
297.0;0.015809071886378992;0.015871286409530037;0.027531083481349913
298.5;0.015809071886378992;0.035774141714325206;0.025820463320463317
300.0;0.015809071886378992;0.014910112661872163;0.03423209093312186
301.5;0.015743018124095107;0.014910112661872163;0.018323203432248837
303.0;0.014870091759449306;0.018332165356039182;0.030302841940376444
304.5;0.03466050479914682;0.018332165356039182;0.01654091700522345
306.0;0.03466050479914682;0.018332165356039182;0.041029272898961286
307.5;0.03466050479914682;0.036275860696139695;0.02400793650793651
309.0;0.017623877982923447;0.036275860696139695;0.017222129645059158
310.5;0.017623877982923447;0.036275860696139695;0.027246992215145083
312.0;0.017623877982923447;0.036275860696139695;0.01678765880217786
313.5;0.033879208022981784;0.016568094782873223;0.018487434139972954
315.0;0.033879208022981784;0.016568094782873223;0.03186613566067215
316.5;0.03265254436585322;0.026548672566371685;0.01749271137026239
318.0;0.03265254436585322;0.03357531760435572;0.01780160609014529
319.5;0.03265254436585322;0.01865038996269922;0.023833646933950885
321.0;0.037210128013628566;0.03864818325709216;0.025213965031514417
322.5;0.03160480961955194;0.01865038996269922;0.033205619412515965
324.0;0.033363061427410384;0.01597712748065927;0.02352661596958175
325.5;0.033363061427410384;0.01597712748065927;0.024533296447275994
327.0;0.033363061427410384;0.035127911416571206;0.017129822678643967
328.5;0.03794901389545961;0.03460837887067396;0.0161839863713799
330.0;0.03794901389545961;0.03320921042632419;0.017754480892796753
331.5;0.03794901389545961;0.016676298192025096;0.02878937007874016
333.0;0.03794901389545961;0.016676298192025096;0.03503787878787879
334.5;0.03794901389545961;0.015743018124095107;0.018792559974975337
336.0;0.03794901389545961;0.016582472972657695;0.024780849629130138
337.5;0.03794901389545961;0.03764790247400502;0.028472756261852323
339.0;0.03794901389545961;0.03416622228993677;0.03476482617586912
340.5;0.03794901389545961;0.030245746691871456;0.019082371238858645
342.0;0.017397154861764727;0.032256841786066255;0.03962331201137172
343.5;0.017397154861764727;0.03106789479980177;0.024378585086042064
345.0;0.017397154861764727;0.02587800369685767;0.01726263871763255
346.5;0.017397154861764727;0.033676001417936904;0.02819414703783012
348.0;0.0351424443992876;0.03482458408757866;0.017215791035915702
349.5;0.0351424443992876;0.034633078205669056;0.02670240913521794
351.0;0.01825012709422827;0.0381479518588489;0.03935185185185185
352.5;0.031475908069914404;0.03708596418846531;0.017094017094017096
354.0;0.031475908069914404;0.027531083481349913;0.038817005545286505
355.5;0.016530987295071384;0.015095605501509561;0.03466050479914682
357.0;0.03764790247400502;0.03746174588351344;0.03383297644539615
358.5;0.01850632726208763;0.03764790247400502;0.016361807781758754
360.0;0.01850632726208763;0.01726263871763255;0.03061868686868687
361.5;0.01850632726208763;0.03497503514469921;0.015414729630535846
363.0;0.01850632726208763;0.035886636735919804;0.016638225255972697
364.5;0.018010291595197254;0.01573143975108125;0.01612259159428971
366.0;0.035650623885918005;0.03809998313688496;0.01840766984546031
367.5;0.015871286409530037;0.03809998313688496;0.037753222836095765
369.0;0.017498443680569787;0.014853302138208221;0.024816176470588234
370.5;0.017498443680569787;0.014853302138208221;0.0161839863713799
372.0;0.01830736743700201;0.017754480892796753;0.03303516347933374
373.5;0.015711796950363736;0.03966822935448972;0.034112304285348144
375.0;0.01570251018973342;0.015731292517006803;0.018688508613169546
376.5;0.01570251018973342;0.01597712748065927;0.025956284153005466
378.0;0.017401635028469288;0.01850632726208763;0.033547008547008546
379.5;0.017401635028469288;0.033879208022981784;0.017206835592221567
381.0;0.017401635028469288;0.017094017094017096;0.030318091451292245
382.5;0.017401635028469288;0.01865038996269922;0.017121863302370723
384.0;0.02703900709219858;0.015809071886378992;0.024445799897070318
385.5;0.02703900709219858;0.035437678433415665;0.0189328743545611
387.0;0.02703900709219858;0.03160480961955194;0.01749271137026239
388.5;0.02703900709219858;0.02802491103202847;0.026148673888681355
390.0;0.02703900709219858;0.017094017094017096;0.017391304347826087
391.5;0.02703900709219858;0.03293798595973293;0.023244781783681213
393.0;0.02703900709219858;0.017699115044247787;0.03726309026662384
394.5;0.02703900709219858;0.017754480892796753;0.026548672566371685
396.0;0.02703900709219858;0.01756386861313869;0.030245746691871456
397.5;0.02703900709219858;0.027168254985184596;0.04076576576576577
399.0;0.02703900709219858;0.02811291456081067;0.01770797136701647
400.5;0.02703900709219858;0.0370850622406639;0.0391281512605042
402.0;0.02703900709219858;0.035813733041056936;0.025599778116766052
403.5;0.038655160014383315;0.01665303193822454;0.039754363283775046
405.0;0.038655160014383315;0.038655160014383315;0.037483266398929044
406.5;0.015001087035292413;0.018026004728132386;0.032886334610472544
408.0;0.015001087035292413;0.03639029592108771;0.045951859956236324
409.5;0.03293798595973293;0.025956284153005466;0.033972841057362396
411.0;0.034633078205669056;0.03160767554530645;0.03564899451553931
412.5;0.017465858520325457;0.015854570888502284;0.016745540589734254
414.0;0.017465858520325457;0.030627490039840638;0.04055812138164314
415.5;0.016582472972657695;0.03476361919376734;0.01950286806883365
417.0;0.016582472972657695;0.016755205752543818;0.0230722525804493
418.5;0.016582472972657695;0.038655160014383315;0.03630494704772959
420.0;0.016582472972657695;0.016638225255972697;0.028580208973570994
421.5;0.03764790247400502;0.017094017094017096;0.01549874155517287
423.0;0.03764790247400502;0.03966822935448972;0.017083111144968386
424.5;0.016745540589734254;0.024464831804281346;0.03250478011472275
426.0;0.03768591312195207;0.02939958592132505;0.03512773722627738
427.5;0.03357729479429107;0.030841539838854074;0.03238269533831528
429.0;0.017443347491498312;0.017756375977508697;0.016173860354530757
430.5;0.027531083481349913;0.038651348942121126;0.024114774114774116
432.0;0.035127911416571206;0.015724892493312322;0.03966822935448972
433.5;0.037312715311890364;0.01656822628144213;0.03136882129277567
435.0;0.0381479518588489;0.0161839863713799;0.027531083481349913
436.5;0.022405660377358493;0.017547197908565945;0.026060070671378093
438.0;0.015861825872400422;0.015724726735506497;0.015871286409530037
439.5;0.016209169954000083;0.03764790247400502;0.025088028169014082
441.0;0.015106013411607612;0.026060070671378093;0.017699115044247787
442.5;0.032697066101095795;0.015871286409530037;0.030245746691871456
444.0;0.015001087035292413;0.031723651744800845;0.025088028169014082
445.5;0.015001087035292413;0.03482458408757866;0.02238354506957048
447.0;0.0189328743545611;0.031723651744800845;0.026060070671378093
448.5;0.03460837887067396;0.01865038996269922;0.016676298192025096
450.0;0.038041387799061466;0.016863406408094434;0.016863406408094434
451.5;0.01836806645203033;0.028186274509803922;0.017094017094017096
453.0;0.032697066101095795;0.0340398201669878;0.039046777597801015
454.5;0.032697066101095795;0.01771809624494277;0.02695167286245353
456.0;0.032697066101095795;0.01848360454802751;0.02867383512544803
457.5;0.02460456942003515;0.01848360454802751;0.026512304323670712
459.0;0.02460456942003515;0.017094017094017096;0.0392156862745098
460.5;0.01850632726208763;0.017094017094017096;0.017563955708285603
462.0;0.015731292517006803;0.017094017094017096;0.039888682745825604
463.5;0.015731292517006803;0.018010291595197254;0.016638225255972697
465.0;0.01850632726208763;0.03902213310711807;0.017094017094017096
466.5;0.014945495799148322;0.02516881522406384;0.02909270216962525
468.0;0.017465858520325457;0.017754480892796753;0.039888682745825604
469.5;0.0381479518588489;0.017754480892796753;0.03443877551020408
471.0;0.0381479518588489;0.03768591312195207;0.029310623836880004
472.5;0.03620712313994087;0.02703900709219858;0.028865979381443297
474.0;0.03620712313994087;0.02703900709219858;0.019005143564034117
475.5;0.03620712313994087;0.02703900709219858;0.01645021645021645
477.0;0.03708596418846531;0.038041387799061466;0.02878937007874016
478.5;0.03708596418846531;0.038041387799061466;0.02848722986247544
480.0;0.03708596418846531;0.038041387799061466;0.040080752375793983
481.5;0.03708596418846531;0.038041387799061466;0.01726263871763255
483.0;0.03427946190269746;0.0367279087083759;0.01675356994726551
484.5;0.03609592313694582;0.03173139329252938;0.02878937007874016
486.0;0.03609592313694582;0.015724726735506497;0.022372006310053063
487.5;0.03609592313694582;0.015724726735506497;0.01783664661861255
489.0;0.03609592313694582;0.015724726735506497;0.024924471299093656
490.5;0.030600620463832856;0.033435588205396154;0.026885297225374714
492.0;0.030600620463832856;0.0352330815985435;0.024093511450381678
493.5;0.030600620463832856;0.0352330815985435;0.016808306987266874
495.0;0.030600620463832856;0.0352330815985435;0.03520843570876506
496.5;0.030600620463832856;0.037020826875429826;0.038655160014383315
498.0;0.017393838281482624;0.037020826875429826;0.02491909385113269
499.5;0.03697442074382769;0.037020826875429826;0.03504492939666239
501.0;0.03329636999336548;0.037020826875429826;0.030009920634920632
502.5;0.03329636999336548;0.037020826875429826;0.018832655731576244
504.0;0.03329636999336548;0.037020826875429826;0.015280135823429542
505.5;0.014829232922191612;0.017393838281482624;0.038655160014383315
507.0;0.014829232922191612;0.017393838281482624;0.017094017094017096
508.5;0.03695188055758042;0.017393838281482624;0.03048016701461378
510.0;0.03695188055758042;0.033303095021156505;0.038490017188946186
511.5;0.018244004306380245;0.033303095021156505;0.03297682709447416
513.0;0.01653008333788549;0.033303095021156505;0.039888682745825604
514.5;0.01653008333788549;0.03409090909090909;0.03858564130142512
516.0;0.01653008333788549;0.015095605501509561;0.03460837887067396
517.5;0.01653008333788549;0.015095605501509561;0.040424121935056324
519.0;0.03327908752153252;0.015095605501509561;0.015280135823429542
520.5;0.03419012112862037;0.015001087035292413;0.03293798595973293
522.0;0.037753222836095765;0.017547197908565945;0.026060070671378093
523.5;0.016638225255972697;0.017547197908565945;0.017623877982923447
525.0;0.035650623885918005;0.035650623885918005;0.027531083481349913
526.5;0.0285204991087344;0.027531083481349913;0.016638225255972697
528.0;0.03764790247400502;0.015731292517006803;0.03706545928938685
529.5;0.03617216117216117;0.016863406408094434;0.037753222836095765
531.0;0.02909270216962525;0.03320921042632419;0.033879208022981784
532.5;0.018197573656845753;0.0175513698630137;0.01830736743700201
534.0;0.03530539163766581;0.038041387799061466;0.035650623885918005
535.5;0.031152703202802817;0.038041387799061466;0.03609431217943811
537.0;0.03764790247400502;0.014945495799148322;0.02703900709219858
538.5;0.018323203432248837;0.01660281557997176;0.026548672566371685
540.0;0.038091304104127525;0.01660281557997176;0.015001087035292413
541.5;0.016636140987988515;0.016582472972657695;0.035127911416571206
543.0;0.015001087035292413;0.014850222990092551;0.01842179442537598
544.5;0.033697931493502586;0.014850222990092551;0.0161839863713799
546.0;0.01660281557997176;0.03797793703236822;0.019139945314441957
547.5;0.03527987093940073;0.033324296038916436;0.01756386861313869
549.0;0.034255896066409615;0.033324296038916436;0.03297682709447416
550.5;0.03149447818769957;0.033324296038916436;0.03320921042632419
552.0;0.02516881522406384;0.033324296038916436;0.03091538715963386
553.5;0.017094017094017096;0.033324296038916436;0.0285204991087344
555.0;0.03130908265900325;0.033324296038916436;0.017754480892796753
556.5;0.015001087035292413;0.0379119539632164;0.033676001417936904
558.0;0.015095605501509561;0.034216159122532064;0.0161839863713799
559.5;0.017094017094017096;0.03329636999336548;0.0391281512605042
561.0;0.016638225255972697;0.025088028169014082;0.02909270216962525
562.5;0.03130908265900325;0.025088028169014082;0.03433409463633528
564.0;0.017547197908565945;0.016863406408094434;0.040819094114456195
565.5;0.015095605501509561;0.03416622228993677;0.03710922273329695
567.0;0.0175513698630137;0.03416622228993677;0.03212468193384224
568.5;0.031746031746031744;0.0161839863713799;0.029504080351537978
570.0;0.018314772574802095;0.0161839863713799;0.01733025239957341
571.5;0.016925107458198935;0.035650623885918005;0.03156312625250501
573.0;0.018547442113730363;0.017623877982923447;0.016043635035830027
574.5;0.027531083481349913;0.037753222836095765;0.017373380447585393
576.0;0.02400793650793651;0.015731292517006803;0.02587800369685767
577.5;0.016285076905013504;0.01597712748065927;0.017373380447585393
579.0;0.016638225255972697;0.01850632726208763;0.037753222836095765
580.5;0.01865038996269922;0.015809071886378992;0.030343754420710144
582.0;0.017094017094017096;0.01597712748065927;0.017651363509179743
583.5;0.016043635035830027;0.01597712748065927;0.029874213836477988
585.0;0.024122807017543862;0.035127911416571206;0.01654091700522345
586.5;0.016863406408094434;0.017094017094017096;0.01713180436584692
588.0;0.015195702225633155;0.038655160014383315;0.02906292450033407
589.5;0.03692205833670504;0.032000890578704894;0.018902169101372285
591.0;0.015792595442486037;0.017754480892796753;0.028489903424056193
592.5;0.0335433435156927;0.04411161263848995;0.03187751004016064
594.0;0.0335433435156927;0.03372140883165756;0.024114774114774116
595.5;0.015719477209342973;0.02758543825694988;0.01645021645021645
597.0;0.015719477209342973;0.024816176470588234;0.02835538752362949
598.5;0.034338080368335244;0.038041387799061466;0.023765996343692867
600.0;0.03800151746558255;0.03746174588351344;0.03935185185185185
601.5;0.024464831804281346;0.02802491103202847;0.0325497287522604
603.0;0.01597712748065927;0.015280135823429542;0.037760416666666664
604.5;0.02587800369685767;0.016676298192025096;0.025088028169014082
606.0;0.017094017094017096;0.03276661638370833;0.03326935380678182
607.5;0.02460456942003515;0.026475958612294584;0.039888682745825604
609.0;0.032256841786066255;0.027531083481349913;0.0285204991087344
610.5;0.03530661003451022;0.027531083481349913;0.01918932786044125
612.0;0.01874107841782935;0.01597712748065927;0.03608247422680412
613.5;0.03726309026662384;0.032000890578704894;0.03364485981308411
615.0;0.015414729630535846;0.02460456942003515;0.02393384239278061
616.5;0.026060070671378093;0.015809071886378992;0.03870619482486459
618.0;0.024203298031819725;0.015809071886378992;0.02752293577981652
619.5;0.03290225315948789;0.03091538715963386;0.02238354506957048
621.0;0.017094017094017096;0.037312715311890364;0.03639846743295019
622.5;0.027531083481349913;0.015711796950363736;0.025077268895757236
624.0;0.015871286409530037;0.032478764464558434;0.015418379660093504
625.5;0.03828413284132841;0.017401635028469288;0.023765996343692867
627.0;0.037753222836095765;0.017401635028469288;0.0189328743545611
628.5;0.029135338345864664;0.017401635028469288;0.03048016701461378
630.0;0.03282828282828283;0.016537723722061845;0.018960244648318046
631.5;0.017971946230274694;0.016537723722061845;0.032886334610472544
633.0;0.03504613167863534;0.016537723722061845;0.025956284153005466
634.5;0.025573192239858905;0.035132390418972995;0.02703900709219858
636.0;0.0409705648369133;0.03329636999336548;0.018470790378006873
637.5;0.029816513761467895;0.03057284130713342;0.015280135823429542
639.0;0.036029389160441454;0.03617216117216117;0.017391304347826087
640.5;0.03460837887067396;0.03617216117216117;0.029397233201581028
642.0;0.016863406408094434;0.03617216117216117;0.03835236436358944
643.5;0.015731292517006803;0.03617216117216117;0.025088028169014082
645.0;0.024122807017543862;0.03669724770642202;0.02966804979253112
646.5;0.016863406408094434;0.03669724770642202;0.040973201692524684
648.0;0.015280135823429542;0.015095605501509561;0.017462905276233176
649.5;0.0161839863713799;0.03902213310711807;0.017114956021708434
651.0;0.016676298192025096;0.01663225731761437;0.015101421876721354
652.5;0.016638225255972697;0.015743018124095107;0.018370057655210645
654.0;0.02703900709219858;0.015743018124095107;0.03466050479914682
655.5;0.03466050479914682;0.032573955124637066;0.02703900709219858
657.0;0.03250478011472275;0.017427438387099873;0.018010291595197254
658.5;0.017754480892796753;0.018277260861902424;0.02703900709219858
660.0;0.03183910937543675;0.026060070671378093;0.0189328743545611
661.5;0.018470790378006873;0.017623877982923447;0.03466050479914682
663.0;0.016863406408094434;0.03864818325709216;0.03617216117216117
664.5;0.015095605501509561;0.03864818325709216;0.035774141714325206
666.0;0.017623877982923447;0.033697931493502586;0.018010291595197254
667.5;0.017623877982923447;0.01488644788002137;0.03061868686868687
669.0;0.01842179442537598;0.01488644788002137;0.01612259159428971
670.5;0.018332165356039182;0.017443347491498312;0.016863406408094434
672.0;0.018332165356039182;0.02802491103202847;0.018937169700528483
673.5;0.018332165356039182;0.031723651744800845;0.01848360454802751
675.0;0.018332165356039182;0.017623877982923447;0.03669724770642202
676.5;0.030743823668949708;0.015871286409530037;0.035127911416571206
678.0;0.03339355998530387;0.03768591312195207;0.0340398201669878
679.5;0.027531083481349913;0.0285204991087344;0.02752293577981652
681.0;0.03466050479914682;0.036646406864497674;0.02703900709219858
682.5;0.03609431217943811;0.0367279087083759;0.0325497287522604
684.0;0.01836806645203033;0.036514961411379304;0.024816176470588234
685.5;0.026548672566371685;0.03441791502515164;0.02848722986247544
687.0;0.038041387799061466;0.032478764464558434;0.018532729644693425
688.5;0.016676298192025096;0.03460837887067396;0.0404115418360339
690.0;0.014910112661872163;0.017094017094017096;0.0404115418360339
691.5;0.01485852872552252;0.015871286409530037;0.03790226771830599
693.0;0.03154000016129497;0.03212468193384224;0.017754480892796753
694.5;0.015690820879123473;0.026548672566371685;0.040080752375793983
696.0;0.027531083481349913;0.04083665338645418;0.017574219762933944
697.5;0.027531083481349913;0.015095605501509561;0.025573192239858905
699.0;0.027531083481349913;0.03409090909090909;0.015095605501509561
700.5;0.026548672566371685;0.04093567251461988;0.015871286409530037
702.0;0.032697066101095795;0.018848906360245943;0.03764790247400502
703.5;0.032697066101095795;0.03160767554530645;0.017754480892796753
705.0;0.015809071886378992;0.03966822935448972;0.017754480892796753
706.5;0.03669724770642202;0.036646406864497674;0.040819094114456195
708.0;0.03669724770642202;0.038655160014383315;0.03389369971765095
709.5;0.016745540589734254;0.038817005545286505;0.03389369971765095
711.0;0.02802491103202847;0.022405660377358493;0.035857722631740516
712.5;0.015095605501509561;0.019139945314441957;0.026548672566371685
714.0;0.027531083481349913;0.029516994633273706;0.01850632726208763
715.5;0.016638225255972697;0.029516994633273706;0.039888682745825604
717.0;0.03764790247400502;0.017754480892796753;0.032000890578704894
718.5;0.030938123752495012;0.02802491103202847;0.024114774114774116
720.0;0.04055812138164314;0.015095605501509561;0.019345238095238096
721.5;0.015024970979036621;0.025522755227552277;0.019345238095238096
723.0;0.015024970979036621;0.01814552172099398;0.019345238095238096
724.5;0.0368160111898508;0.015139193690331638;0.035650623885918005
726.0;0.030318091451292245;0.016694437748184725;0.038817005545286505
727.5;0.015414729630535846;0.015001087035292413;0.033676001417936904
729.0;0.01874107841782935;0.03061615001913509;0.02802491103202847
730.5;0.02460456942003515;0.0153103221203973;0.016863406408094434
732.0;0.03919631093544137;0.01865038996269922;0.03764790247400502
733.5;0.016863406408094434;0.015597920277296359;0.016676298192025096
735.0;0.018470790378006873;0.022549019607843137;0.014910112661872163
736.5;0.016863406408094434;0.018937370139507272;0.0161839863713799
738.0;0.016863406408094434;0.015978277889844638;0.033676001417936904
739.5;0.03768591312195207;0.017547687205074564;0.03357531760435572
741.0;0.015743018124095107;0.03639029592108771;0.027531083481349913
742.5;0.015743018124095107;0.0161839863713799;0.03966822935448972
744.0;0.015095605501509561;0.026548672566371685;0.01597712748065927
745.5;0.017094017094017096;0.016863406408094434;0.014945495799148322
747.0;0.038041387799061466;0.018010291595197254;0.015095605501509561
748.5;0.038041387799061466;0.029074889867841413;0.01865038996269922
750.0;0.014910112661872163;0.024464831804281346;0.016745540589734254
751.5;0.014910112661872163;0.027531083481349913;0.017094017094017096
753.0;0.02460456942003515;0.016403046280023436;0.026060070671378093
754.5;0.029516994633273706;0.01850632726208763;0.015731292517006803
756.0;0.01597712748065927;0.01654091700522345;0.0189328743545611
757.5;0.03416622228993677;0.026592455163883737;0.018683274021352312
759.0;0.0175513698630137;0.0170487948265726;0.029702970297029705
760.5;0.0189328743545611;0.018354055654233276;0.02835538752362949
762.0;0.015871286409530037;0.030245746691871456;0.0153103221203973
763.5;0.015769487034319674;0.023418491484184917;0.035170470350616205
765.0;0.0161839863713799;0.018937169700528483;0.0285204991087344
766.5;0.03416622228993677;0.03742080962095995;0.03357531760435572
768.0;0.016676298192025096;0.024464831804281346;0.038817005545286505
769.5;0.016676298192025096;0.018010291595197254;0.017754480892796753
771.0;0.016676298192025096;0.02460456942003515;0.03293798595973293
772.5;0.017498443680569787;0.023581448122822347;0.0175513698630137
774.0;0.017498443680569787;0.015076491161892115;0.017754480892796753
775.5;0.017094017094017096;0.033547008547008546;0.02802491103202847
777.0;0.017094017094017096;0.030257320319432124;0.015095605501509561
778.5;0.017094017094017096;0.017222129645059158;0.019139945314441957
780.0;0.017094017094017096;0.01701933526070821;0.03250478011472275
781.5;0.01597712748065927;0.02909270216962525;0.03764790247400502
783.0;0.01836806645203033;0.01887912456608984;0.01597712748065927
784.5;0.01836806645203033;0.033547008547008546;0.018197573656845753
786.0;0.01488644788002137;0.026548438327157226;0.018197573656845753
787.5;0.017443347491498312;0.029841671553347122;0.03684649204591152
789.0;0.017427438387099873;0.03476482617586912;0.018010291595197254
790.5;0.018470790378006873;0.018716969225741748;0.03320921042632419
792.0;0.016863406408094434;0.029017857142857144;0.03370786516853933
793.5;0.017699115044247787;0.02802491103202847;0.023394808743169397
795.0;0.017094017094017096;0.025439127801332527;0.02352661596958175
796.5;0.016863406408094434;0.03403665485907901;0.03858564130142512
798.0;0.018010291595197254;0.01535109722361575;0.035650623885918005
799.5;0.01597712748065927;0.03919631093544137;0.030993042378241617
801.0;0.016745540589734254;0.027021031147395506;0.02752293577981652
802.5;0.018470790378006873;0.01762652864772052;0.0340398201669878
804.0;0.0175513698630137;0.015280135823429542;0.038817005545286505
805.5;0.015001087035292413;0.04154589371980676;0.028401997503121095
807.0;0.017094017094017096;0.02681104163489401;0.017623877982923447
808.5;0.016863406408094434;0.015280135823429542;0.018010291595197254
810.0;0.0175513698630137;0.017623877982923447;0.018314772574802095
811.5;0.017754480892796753;0.015731292517006803;0.015517241379310345
813.0;0.0175513698630137;0.01865038996269922;0.018176276971839572
814.5;0.014945495799148322;0.018010291595197254;0.024412296564195298
816.0;0.0161839863713799;0.01850632726208763;0.031746031746031744
817.5;0.015095605501509561;0.015095605501509561;0.015280135823429542
819.0;0.025088028169014082;0.033676001417936904;0.024122807017543862
820.5;0.015095605501509561;0.01850632726208763;0.016863406408094434
822.0;0.015095605501509561;0.01850632726208763;0.035650623885918005
823.5;0.01850632726208763;0.01850632726208763;0.01597712748065927
825.0;0.01850632726208763;0.0161839863713799;0.015871286409530037
826.5;0.01850632726208763;0.027531083481349913;0.026839699159416013
828.0;0.01850632726208763;0.026060070671378093;0.03798297314996725
829.5;0.01850632726208763;0.025088028169014082;0.017094017094017096
831.0;0.01850632726208763;0.032256841786066255;0.032256841786066255
832.5;0.01850632726208763;0.01942319011183049;0.016863406408094434
834.0;0.02703900709219858;0.03564899451553931;0.025956284153005466
835.5;0.01850632726208763;0.027531083481349913;0.0230722525804493
837.0;0.016676298192025096;0.018010291595197254;0.02752293577981652
838.5;0.015731292517006803;0.01865038996269922;0.01612259159428971
840.0;0.017623877982923447;0.027531083481349913;0.01771809624494277
841.5;0.02802491103202847;0.015095605501509561;0.017754480892796753
843.0;0.016745540589734254;0.015871286409530037;0.015095605501509561
844.5;0.016335052812576762;0.03864818325709216;0.031723651744800845
846.0;0.01672239597595953;0.03534512971343672;0.031723651744800845
847.5;0.016903583394228514;0.03251852018092068;0.031723651744800845
849.0;0.015821216414337255;0.03431165971848048;0.017754480892796753
850.5;0.017094017094017096;0.03669724770642202;0.017754480892796753
852.0;0.024464831804281346;0.035774141714325206;0.03250478011472275
853.5;0.040968342644320296;0.01672535211267606;0.02619146866750035
855.0;0.035650623885918005;0.01672535211267606;0.014975431187270396
856.5;0.040013227513227514;0.038817005545286505;0.015734861085035873
858.0;0.03828413284132841;0.017623877982923447;0.031588204663823435
859.5;0.038655160014383315;0.017623877982923447;0.030627490039840638
861.0;0.018197573656845753;0.02703900709219858;0.04024144869215292
862.5;0.03801927875911337;0.018683274021352312;0.02516881522406384
864.0;0.017515962224757837;0.03416622228993677;0.017754480892796753
865.5;0.023765996343692867;0.03564899451553931;0.027587890625
867.0;0.0189328743545611;0.016863406408094434;0.03969754253308129
868.5;0.01865038996269922;0.027531083481349913;0.03466050479914682
870.0;0.0175513698630137;0.035650623885918005;0.015871286409530037
871.5;0.033676001417936904;0.017754480892796753;0.02460456942003515
873.0;0.016745540589734254;0.017498443680569787;0.03460837887067396
874.5;0.017547197908565945;0.037312715311890364;0.015597920277296359
876.0;0.036514961411379304;0.031723651744800845;0.03669724770642202
877.5;0.027531083481349913;0.026548672566371685;0.022727272727272728
879.0;0.029017857142857144;0.017623877982923447;0.03609431217943811
880.5;0.029017857142857144;0.026548672566371685;0.018470790378006873
882.0;0.03130908265900325;0.038655160014383315;0.03669724770642202
883.5;0.035774141714325206;0.01597712748065927;0.03764790247400502
885.0;0.01836806645203033;0.0161839863713799;0.03136882129277567
886.5;0.01836806645203033;0.017934291168491913;0.03766519823788547
888.0;0.02703900709219858;0.015225395561747438;0.016988416988416986
889.5;0.02703900709219858;0.015225395561747438;0.015731292517006803
891.0;0.01597712748065927;0.03848310366392789;0.03212468193384224
892.5;0.01597712748065927;0.016863406408094434;0.02623456790123457
894.0;0.015731292517006803;0.018010291595197254;0.03442728442728442
895.5;0.016676298192025096;0.016863406408094434;0.01819154628143392
897.0;0.03825578292372061;0.017699115044247787;0.01537736404878336
898.5;0.01830736743700201;0.018354055654233276;0.018686830269800576
900.0;0.014850222990092551;0.03669724770642202;0.017699115044247787
901.5;0.017699115044247787;0.02352661596958175;0.027811860940695293
903.0;0.03669724770642202;0.01726263871763255;0.03646708713075531
904.5;0.024464831804281346;0.016700702455922763;0.02869805701318961
906.0;0.017792037334111128;0.02802491103202847;0.02811460142728586
907.5;0.01842800035618964;0.015001087035292413;0.027798718431963815
909.0;0.01675094658245598;0.03293798595973293;0.018026004728132386
910.5;0.017094017094017096;0.01663225731761437;0.02909270216962525
912.0;0.014945495799148322;0.01663225731761437;0.015154962909024714
913.5;0.015095605501509561;0.018332165356039182;0.018197573656845753
915.0;0.015095605501509561;0.016638225255972697;0.023829431438127092
916.5;0.03564899451553931;0.035774141714325206;0.01741138075894872
918.0;0.015095605501509561;0.016745540589734254;0.025439127801332527
919.5;0.014945495799148322;0.01836806645203033;0.01672535211267606
921.0;0.014945495799148322;0.037210128013628566;0.028580208973570994
922.5;0.017465858520325457;0.0306944381170478;0.0153103221203973
924.0;0.01865038996269922;0.018277260861902424;0.029702970297029705
925.5;0.03409090909090909;0.03154000016129497;0.039504716981132074
927.0;0.03409090909090909;0.03154000016129497;0.017824497257769654
928.5;0.03409090909090909;0.03154000016129497;0.017596390484003282
930.0;0.03722426470588235;0.02460456942003515;0.019659185369908565
931.5;0.035650623885918005;0.016863406408094434;0.038817005545286505
933.0;0.035650623885918005;0.0175513698630137;0.02669539153240914
934.5;0.017547197908565945;0.015871286409530037;0.033676975945017174
936.0;0.034633078205669056;0.017754480892796753;0.01730418943533698
937.5;0.03450566571561023;0.017547197908565945;0.018323203432248837
939.0;0.018289844042285466;0.015769487034319674;0.01645021645021645
940.5;0.014850222990092551;0.015724726735506497;0.02866284793699096
942.0;0.014850222990092551;0.018470790378006873;0.04198841698841698
943.5;0.03242879502693342;0.016863406408094434;0.034076956790679895
945.0;0.03242879502693342;0.01850632726208763;0.04384216819449979
946.5;0.03242879502693342;0.014910112661872163;0.015095605501509561
948.0;0.03242879502693342;0.017465858520325457;0.019276956137024393
949.5;0.017397154861764727;0.015724726735506497;0.018876611418047883
951.0;0.017397154861764727;0.016557768507871926;0.025031809728883237
952.5;0.017397154861764727;0.0182681206624895;0.029623049590607138
954.0;0.017397154861764727;0.01865038996269922;0.02795584045584046
955.5;0.017397154861764727;0.016638225255972697;0.017875235200463167
957.0;0.017397154861764727;0.017094017094017096;0.017737506864360243
958.5;0.017397154861764727;0.015095605501509561;0.03663911845730027
960.0;0.014834097312229661;0.01842179442537598;0.023809523809523808
961.5;0.01653549687010534;0.017094017094017096;0.01703197690454738
963.0;0.01653549687010534;0.01842179442537598;0.02351778656126482
964.5;0.01653549687010534;0.016638225255972697;0.03125
966.0;0.017389540773412943;0.017094017094017096;0.030938123752495012
967.5;0.017389540773412943;0.03617216117216117;0.026401230348598766
969.0;0.014829976303317897;0.033676001417936904;0.02819414703783012
970.5;0.017386386504641093;0.02703900709219858;0.028865979381443297
972.0;0.036027920192014194;0.0161839863713799;0.03546944858420268
973.5;0.036027920192014194;0.016745540589734254;0.026064685795030813
975.0;0.030563238328968595;0.024464831804281346;0.024093511450381678
976.5;0.02460456942003515;0.01834862385321101;0.025664896044393332
978.0;0.017623877982923447;0.03004578405188859;0.02317655078391275
979.5;0.01783664661861255;0.0411860619602633;0.03365384615384615
981.0;0.017574219762933944;0.01842904360817203;0.028981264637002343
982.5;0.018316467275590206;0.01658432158288683;0.023905102601416667
984.0;0.014862797581572475;0.014859588539464565;0.029331730975578355
985.5;0.0165615965666496;0.027531083481349913;0.03439882476879581
987.0;0.016638225255972697;0.017754480892796753;0.025226245598032403
988.5;0.0175513698630137;0.01904761904761905;0.018836565096952907
990.0;0.017094017094017096;0.03828413284132841;0.02848722986247544
991.5;0.01865038996269922;0.017623877982923447;0.023809523809523808
993.0;0.01865038996269922;0.02802491103202847;0.018696455568620863
994.5;0.01663225731761437;0.015871286409530037;0.02475049900199601
996.0;0.018470790378006873;0.035572080214829514;0.0321883351674265
997.5;0.01597712748065927;0.029017857142857144;0.02857142857142857
999.0;0.01597712748065927;0.01606832657788072;0.0289586305278174
1000.5;0.015001087035292413;0.01672535211267606;0.028544333807491704
1002.0;0.015001087035292413;0.03250478011472275;0.03156312625250501
1003.5;0.017094017094017096;0.03331214913674399;0.0425033467202142
1005.0;0.016638225255972697;0.015854570888502284;0.01780160609014529
1006.5;0.015809071886378992;0.03966822935448972;0.024254473161033796
1008.0;0.015095605501509561;0.017094017094017096;0.022742701968771217
1009.5;0.018683274021352312;0.035650623885918005;0.018610244807272875
1011.0;0.0161839863713799;0.01842179442537598;0.031723651744800845
1012.5;0.01865038996269922;0.026060070671378093;0.030693069306930696
1014.0;0.01865038996269922;0.027531083481349913;0.038013165949162576
1015.5;0.01842179442537598;0.016863406408094434;0.023809523809523808
1017.0;0.01660281557997176;0.025240384615384616;0.029504080351537978
1018.5;0.017443347491498312;0.018052243358660087;0.026592455163883737
1020.0;0.017443347491498312;0.015597920277296359;0.02878937007874016
1021.5;0.017443347491498312;0.03318419090231171;0.03755344859639338
1023.0;0.017427438387099873;0.02619047619047619;0.04308640539597628
1024.5;0.018277260861902424;0.02577445252406372;0.02343480758184951
1026.0;0.01654477169890474;0.032241879540792;0.018902169101372285
1027.5;0.016540721828503288;0.027168254985184596;0.03739302172481896
1029.0;0.014834097312229661;0.03669724770642202;0.015029977356770896
1030.5;0.017094017094017096;0.0161839863713799;0.0170487948265726
1032.0;0.017754480892796753;0.017754480892796753;0.039888682745825604
1033.5;0.016745540589734254;0.01865038996269922;0.023809523809523808
1035.0;0.014910112661872163;0.033676001417936904;0.031190019193857967
1036.5;0.014910112661872163;0.015001087035292413;0.034723745193502645
1038.0;0.017465858520325457;0.014945495799148322;0.01687639577956378
1039.5;0.017465858520325457;0.01663225731761437;0.03004578405188859
1041.0;0.01830736743700201;0.01865038996269922;0.02516881522406384
1042.5;0.029017857142857144;0.015769487034319674;0.0325497287522604
1044.0;0.029017857142857144;0.02516881522406384;0.01850632726208763
1045.5;0.015095605501509561;0.015280135823429542;0.02833675564681725
1047.0;0.03706545928938685;0.015001087035292413;0.017893106119287374
1048.5;0.017547197908565945;0.014945495799148322;0.024464831804281346
1050.0;0.03841245791927793;0.024816176470588234;0.02695167286245353
1051.5;0.02802491103202847;0.016745540589734254;0.03436018957345971
1053.0;0.016745540589734254;0.015769487034319674;0.039562871766496054
1054.5;0.016745540589734254;0.0381479518588489;0.030627490039840638
1056.0;0.03617216117216117;0.015871286409530037;0.02724539646749342
1057.5;0.017754480892796753;0.01925569586423465;0.02909270216962525
1059.0;0.017754480892796753;0.017094017094017096;0.03852667231160034
1060.5;0.017754480892796753;0.016638225255972697;0.02623456790123457
1062.0;0.0175513698630137;0.038655160014383315;0.01597712748065927
1063.5;0.0175513698630137;0.01836806645203033;0.017547197908565945
1065.0;0.031723651744800845;0.018010291595197254;0.01865038996269922
1066.5;0.015001087035292413;0.024501992031872512;0.029702970297029705
1068.0;0.015001087035292413;0.01608187134502924;0.01783664661861255
1069.5;0.016676298192025096;0.018086080586080584;0.017094017094017096
1071.0;0.014910112661872163;0.016937514305333027;0.017679771605305417
1072.5;0.01488644788002137;0.0175513698630137;0.017094017094017096
1074.0;0.01488644788002137;0.0161839863713799;0.017971946230274694
1075.5;0.01488644788002137;0.017754480892796753;0.03836292377648358
1077.0;0.01488644788002137;0.015769487034319674;0.026195426195426197
1078.5;0.03441791502515164;0.01861305152546421;0.046703296703296704
1080.0;0.01485852872552252;0.026706558249665023;0.04545125615492316
1081.5;0.0352330815985435;0.017015706806282723;0.018710404810479975
1083.0;0.0352330815985435;0.030245746691871456;0.027798718431963815
1084.5;0.018256492034823147;0.01749271137026239;0.017573444950798104
1086.0;0.017393838281482624;0.026060070671378093;0.01726263871763255
1087.5;0.016863406408094434;0.0230722525804493;0.03476361919376734
1089.0;0.016863406408094434;0.015095605501509561;0.031746031746031744
1090.5;0.0189328743545611;0.03130908265900325;0.016897746967071057
1092.0;0.02460456942003515;0.015809071886378992;0.02400793650793651
1093.5;0.02703900709219858;0.015724726735506497;0.01834862385321101
1095.0;0.016638225255972697;0.032478764464558434;0.017814806907942786
1096.5;0.015731292517006803;0.03794901389545961;0.034408602150537634
1098.0;0.01865038996269922;0.016638225255972697;0.0230722525804493
1099.5;0.018354055654233276;0.015809071886378992;0.0411860619602633
1101.0;0.0175513698630137;0.015743018124095107;0.022964015151515152
1102.5;0.01850632726208763;0.016638225255972697;0.024114774114774116
1104.0;0.017094017094017096;0.036646406864497674;0.031746031746031744
1105.5;0.01597712748065927;0.03902213310711807;0.024464831804281346
1107.0;0.01597712748065927;0.03864818325709216;0.016674644965693316
1108.5;0.03864818325709216;0.015095605501509561;0.0175513698630137
1110.0;0.01836806645203033;0.015095605501509561;0.01780160609014529
1111.5;0.025573192239858905;0.015095605501509561;0.02724214507156835
1113.0;0.01597712748065927;0.015095605501509561;0.016638225255972697
1114.5;0.01850632726208763;0.017623877982923447;0.015809071886378992
1116.0;0.01850632726208763;0.017623877982923447;0.023809523809523808
1117.5;0.01842179442537598;0.017623877982923447;0.016043635035830027
1119.0;0.01842179442537598;0.017547197908565945;0.024122807017543862
1120.5;0.037312715311890364;0.017547197908565945;0.018470790378006873
1122.0;0.037312715311890364;0.017547197908565945;0.01850632726208763
1123.5;0.037312715311890364;0.015731292517006803;0.030627490039840638
1125.0;0.03807194397841974;0.01865038996269922;0.018197573656845753
1126.5;0.014850222990092551;0.01850632726208763;0.017656852955616538
1128.0;0.030614484288885975;0.01850632726208763;0.027531083481349913
1129.5;0.030614484288885975;0.01663225731761437;0.01606832657788072
1131.0;0.030614484288885975;0.015743018124095107;0.01810699588477366
1132.5;0.0161839863713799;0.015743018124095107;0.01589617555803519
1134.0;0.024464831804281346;0.015743018124095107;0.028050275904353158
1135.5;0.03669724770642202;0.015743018124095107;0.016638225255972697
1137.0;0.03617216117216117;0.0381479518588489;0.0189328743545611
1138.5;0.015095605501509561;0.018277260861902424;0.016745540589734254
1140.0;0.015280135823429542;0.01826142579350741;0.03969754253308129
1141.5;0.03136882129277567;0.015687178238012765;0.018699545475974563
1143.0;0.025956284153005466;0.01597712748065927;0.01834862385321101
1144.5;0.025956284153005466;0.018026004728132386;0.018026004728132386
1146.0;0.02752293577981652;0.017754480892796753;0.018026004728132386
1147.5;0.03331214913674399;0.017623877982923447;0.019138359569179784
1149.0;0.016664722618075594;0.017498443680569787;0.029256360078277886
1150.5;0.016638225255972697;0.017754480892796753;0.027191247463537203
1152.0;0.01597712748065927;0.017699115044247787;0.017083111144968386
1153.5;0.017623877982923447;0.01597712748065927;0.015245106155354892
1155.0;0.015095605501509561;0.017623877982923447;0.0170487948265726
1156.5;0.016676298192025096;0.03535245814226298;0.01865038996269922
1158.0;0.016863406408094434;0.01771809624494277;0.030009920634920632
1159.5;0.016676298192025096;0.01771809624494277;0.016209169954000083
1161.0;0.03466050479914682;0.018354055654233276;0.017631881476637332
1162.5;0.01749271137026239;0.018354055654233276;0.02460456942003515
1164.0;0.032487730519463805;0.015095605501509561;0.01845342706502636
1165.5;0.03457577552459813;0.015095605501509561;0.03442536382321117
1167.0;0.027531083481349913;0.018470790378006873;0.01770244821092279
1168.5;0.03512773722627738;0.017094017094017096;0.03494817138814556
1170.0;0.024114774114774116;0.01850632726208763;0.018354055654233276
1171.5;0.03966822935448972;0.01850632726208763;0.016979552792060267
1173.0;0.033879208022981784;0.015769487034319674;0.027531083481349913
1174.5;0.038817005545286505;0.01660281557997176;0.02022916961380676
1176.0;0.01865038996269922;0.016293098349991132;0.026457750968564567
1177.5;0.0161839863713799;0.015898024165091146;0.019013666072489603
1179.0;0.03722426470588235;0.016694437748184725;0.017015706806282723
1180.5;0.017094017094017096;0.016694437748184725;0.015963095712199653
1182.0;0.0175513698630137;0.016638225255972697;0.03557838660578387
1183.5;0.017094017094017096;0.017623877982923447;0.029291649063512178
1185.0;0.017094017094017096;0.017547197908565945;0.018143754361479414
1186.5;0.031723651744800845;0.016638225255972697;0.017851796249362173
1188.0;0.031723651744800845;0.016638225255972697;0.024254473161033796
1189.5;0.016745540589734254;0.015731292517006803;0.01729264475743349
1191.0;0.015769487034319674;0.016638225255972697;0.024816176470588234
1192.5;0.03637335441877961;0.015809071886378992;0.018558172733761598
1194.0;0.015731292517006803;0.016638225255972697;0.016037237549129283
1195.5;0.0285204991087344;0.016638225255972697;0.01882395123700251
1197.0;0.03609431217943811;0.033676001417936904;0.017422563586744363
1198.5;0.018332165356039182;0.015001087035292413;0.015874921963427446
1200.0;0.038817005545286505;0.015809071886378992;0.03858520900321543
1201.5;0.015095605501509561;0.018010291595197254;0.018197573656845753
1203.0;0.018010291595197254;0.023642732049036778;0.016348533050547898
1204.5;0.017623877982923447;0.023642732049036778;0.04166586718345262
1206.0;0.017623877982923447;0.017623877982923447;0.025322619917214514
1207.5;0.017623877982923447;0.017623877982923447;0.0216998191681736
1209.0;0.015001087035292413;0.016676298192025096;0.024637681159420288
1210.5;0.018026004728132386;0.030813820600779404;0.017476734491538793
1212.0;0.0285204991087344;0.030813820600779404;0.03276178151622991
1213.5;0.0161839863713799;0.033494196742055664;0.03061868686868687
1215.0;0.03466050479914682;0.03527987093940073;0.02703900709219858
1216.5;0.0175513698630137;0.02703900709219858;0.029510185301376172
1218.0;0.015731292517006803;0.016863406408094434;0.025880427804137112
1219.5;0.015001087035292413;0.015871286409530037;0.026457750968564567
1221.0;0.014910112661872163;0.033879208022981784;0.035259159797595516
1222.5;0.027531083481349913;0.017443347491498312;0.016638225255972697
1224.0;0.03966822935448972;0.017443347491498312;0.034328834095015415
1225.5;0.015809071886378992;0.030993042378241617;0.02352661596958175
1227.0;0.023765996343692867;0.018086080586080584;0.018354055654233276
1228.5;0.023765996343692867;0.018086080586080584;0.018284611141753997
1230.0;0.017094017094017096;0.018197573656845753;0.030927835051546396
1231.5;0.02460456942003515;0.016785765670711238;0.025511508951406647
1233.0;0.039888682745825604;0.03398008429479528;0.0188212927756654
1234.5;0.017547197908565945;0.017515962224757837;0.03316662279547249
1236.0;0.027531083481349913;0.016613529195963463;0.02182952182952183
1237.5;0.01850632726208763;0.01658993849415681;0.02878937007874016
1239.0;0.01850632726208763;0.0189328743545611;0.023635634028892457
1240.5;0.0285204991087344;0.017754480892796753;0.030701754385964914
1242.0;0.01597712748065927;0.01850632726208763;0.03357531760435572
1243.5;0.018323203432248837;0.014945495799148322;0.016335052812576762
1245.0;0.01932409162854608;0.01830736743700201;0.018683274021352312
1246.5;0.018813083797617845;0.017427438387099873;0.022964015151515152
1248.0;0.036646196834036256;0.02802491103202847;0.018595825426944972
1249.5;0.038215284355482576;0.02460456942003515;0.019013666072489603
1251.0;0.0189328743545611;0.015001087035292413;0.01882395123700251
1252.5;0.032697066101095795;0.018470790378006873;0.017563955708285603
1254.0;0.016863406408094434;0.026548672566371685;0.017971946230274694
1255.5;0.017754480892796753;0.026548672566371685;0.01770244821092279
1257.0;0.017498443680569787;0.01850632726208763;0.03923444976076555
1258.5;0.01488644788002137;0.015809071886378992;0.015095605501509561
1260.0;0.018010291595197254;0.015769487034319674;0.028186274509803922
1261.5;0.018010291595197254;0.022964015151515152;0.024340436326737696
1263.0;0.018010291595197254;0.018323203432248837;0.03362011573718442
1264.5;0.018354055654233276;0.018671683262517162;0.018832655731576244
1266.0;0.016638225255972697;0.01749271137026239;0.040819094114456195
1267.5;0.031723651744800845;0.0175513698630137;0.028769144302374594
1269.0;0.019345238095238096;0.03966822935448972;0.0230722525804493
1270.5;0.017094017094017096;0.019142066420664204;0.017934291168491913
1272.0;0.01597712748065927;0.016025963289428118;0.026548672566371685
1273.5;0.018010291595197254;0.015898024165091146;0.016638225255972697
1275.0;0.017547197908565945;0.018443932541639993;0.03423209093312186
1276.5;0.017498443680569787;0.018443932541639993;0.016263612953345514
1278.0;0.024378585086042064;0.025956284153005466;0.02413793103448276
1279.5;0.018323203432248837;0.03331214913674399;0.018371212121212118
1281.0;0.017373380447585393;0.03748467708982989;0.01765061454765263
1282.5;0.033676001417936904;0.016863406408094434;0.024464831804281346
1284.0;0.015095605501509561;0.03130908265900325;0.01597712748065927
1285.5;0.015280135823429542;0.015280135823429542;0.0189328743545611
1287.0;0.026548672566371685;0.015280135823429542;0.015517241379310345
1288.5;0.026548672566371685;0.016638225255972697;0.017854807063440156
1290.0;0.03466050479914682;0.039888682745825604;0.026779422128259334
1291.5;0.03466050479914682;0.03764790247400502;0.024816176470588234
1293.0;0.014945495799148322;0.031723651744800845;0.033676001417936904
1294.5;0.03450566571561023;0.017094017094017096;0.02752293577981652
1296.0;0.032697066101095795;0.026548672566371685;0.01749271137026239
1297.5;0.035127911416571206;0.038655160014383315;0.03460837887067396
1299.0;0.01663225731761437;0.025573192239858905;0.03357531760435572
1300.5;0.0175513698630137;0.03130908265900325;0.016335052812576762
1302.0;0.016863406408094434;0.01660281557997176;0.01766843911960692
1303.5;0.017547197908565945;0.025573192239858905;0.027531083481349913
1305.0;0.017498443680569787;0.017754480892796753;0.015095605501509561
1306.5;0.017498443680569787;0.026060070671378093;0.03717152212240786
1308.0;0.017498443680569787;0.032697066101095795;0.03717152212240786
1309.5;0.03165717058169511;0.015280135823429542;0.03359309836609864
1311.0;0.015731292517006803;0.017754480892796753;0.014906264408901648
1312.5;0.038655160014383315;0.0367279087083759;0.025573192239858905
1314.0;0.01850632726208763;0.0175513698630137;0.024816176470588234
1315.5;0.018010291595197254;0.03320921042632419;0.037199376389705316
1317.0;0.02802491103202847;0.014910112661872163;0.017094017094017096
1318.5;0.035774141714325206;0.025322619917214514;0.018010291595197254
1320.0;0.014870091759449306;0.03745006601585056;0.02460456942003515
1321.5;0.015711796950363736;0.01983411467724486;0.019139945314441957
1323.0;0.015695763321720377;0.017699115044247787;0.016937514305333027
1324.5;0.014839767744728968;0.02703900709219858;0.014965094221118901
1326.0;0.015687178238012765;0.03966822935448972;0.017015706806282723
1327.5;0.018248107350266503;0.018010291595197254;0.01771809624494277
1329.0;0.018010291595197254;0.016676298192025096;0.015280135823429542
1330.5;0.015095605501509561;0.03183910937543675;0.027531083481349913
1332.0;0.0189328743545611;0.016582472972657695;0.015095605501509561
1333.5;0.017754480892796753;0.027531083481349913;0.014910112661872163
1335.0;0.0161839863713799;0.0293705204113431;0.01488644788002137
1336.5;0.0161839863713799;0.018470790378006873;0.017443347491498312
1338.0;0.015001087035292413;0.024816176470588234;0.018026004728132386
1339.5;0.015001087035292413;0.03669724770642202;0.018354055654233276
1341.0;0.03276661638370833;0.015414729630535846;0.01612259159428971
1342.5;0.03276661638370833;0.015024970979036621;0.01840766984546031
1344.0;0.027531083481349913;0.0175513698630137;0.018683274021352312
1345.5;0.017547197908565945;0.02516881522406384;0.031746031746031744
1347.0;0.017094017094017096;0.015069294547215105;0.016830578931359627
1348.5;0.016863406408094434;0.02802491103202847;0.015001087035292413
1350.0;0.01597712748065927;0.032697066101095795;0.017971946230274694
1351.5;0.017547197908565945;0.02587800369685767;0.022727272727272728
1353.0;0.017547197908565945;0.028233920953070916;0.0189328743545611
1354.5;0.030813820600779404;0.015245106155354892;0.016745540589734254
1356.0;0.032478764464558434;0.039553248663945606;0.0175513698630137
1357.5;0.032478764464558434;0.039888682745825604;0.017094017094017096
1359.0;0.01740771421307761;0.016217853406024562;0.017754480892796753
1360.5;0.034255896066409615;0.03846568257730848;0.018595825426944972
1362.0;0.034255896066409615;0.018010291595197254;0.018026004728132386
1363.5;0.0379119539632164;0.015001087035292413;0.02695167286245353
1365.0;0.03512490638976303;0.019142066420664204;0.0189328743545611
1366.5;0.01824547540373295;0.019961612284069098;0.0188212927756654
1368.0;0.02703900709219858;0.01605832636760472;0.016802496965493324
1369.5;0.017754480892796753;0.024501992031872512;0.015877340351094178
1371.0;0.032256841786066255;0.018683274021352312;0.01597712748065927
1372.5;0.03864818325709216;0.0161839863713799;0.01850632726208763
1374.0;0.03841245791927793;0.01850632726208763;0.016638225255972697
1375.5;0.03460837887067396;0.018683274021352312;0.018876611418047883
1377.0;0.016863406408094434;0.01865038996269922;0.01723920181864107
1378.5;0.026548672566371685;0.033676001417936904;0.01865563356469833
1380.0;0.026548672566371685;0.01874107841782935;0.015770355829979404
1381.5;0.03902213310711807;0.02939958592132505;0.016638225255972697
1383.0;0.0367279087083759;0.01918932786044125;0.017373380447585393
1384.5;0.016863406408094434;0.017971946230274694;0.03669724770642202
1386.0;0.0175513698630137;0.017015706806282723;0.018010291595197254
1387.5;0.015871286409530037;0.018582093618876354;0.015809071886378992
1389.0;0.016638225255972697;0.0170487948265726;0.02802491103202847
1390.5;0.01929824561403509;0.0175513698630137;0.035127911416571206
1392.0;0.032168968318440294;0.01597712748065927;0.017094017094017096
1393.5;0.024122807017543862;0.02238354506957048;0.018197573656845753
1395.0;0.036646406864497674;0.015597920277296359;0.015139193690331638
1396.5;0.03293798595973293;0.015434504692713043;0.016217853406024562
1398.0;0.01663225731761437;0.01597712748065927;0.026008064516129033
1399.5;0.01663225731761437;0.016863406408094434;0.01834061135371179
1401.0;0.017465858520325457;0.016863406408094434;0.03317033414832926
1402.5;0.0175513698630137;0.027531083481349913;0.039385238979902044
1404.0;0.015095605501509561;0.0175513698630137;0.0285204991087344
1405.5;0.017547197908565945;0.015001087035292413;0.02703900709219858
1407.0;0.018332165356039182;0.033697931493502586;0.019013666072489603
1408.5;0.017094017094017096;0.025088028169014082;0.01950286806883365
1410.0;0.029017857142857144;0.015871286409530037;0.017391304347826087
1411.5;0.01850632726208763;0.017094017094017096;0.036057454185240215
1413.0;0.04195042222827568;0.017094017094017096;0.0380952380952381
1414.5;0.03628171805944639;0.01865038996269922;0.018010291595197254
1416.0;0.02623456790123457;0.01842179442537598;0.03326935380678182
1417.5;0.035650623885918005;0.015095605501509561;0.0175513698630137
1419.0;0.035650623885918005;0.016676298192025096;0.03512773722627738
1420.5;0.015280135823429542;0.016429426632965278;0.01865038996269922
1422.0;0.018354055654233276;0.0161839863713799;0.024114774114774116
1423.5;0.038655160014383315;0.01850632726208763;0.018010291595197254
1425.0;0.02703900709219858;0.016863406408094434;0.025088028169014082
1426.5;0.03966822935448972;0.01583436633020483;0.02703900709219858
1428.0;0.014945495799148322;0.03357531760435572;0.035650623885918005
1429.5;0.01836806645203033;0.03241525423728814;0.0161839863713799
1431.0;0.01836806645203033;0.02404400209533787;0.02752293577981652
1432.5;0.016582472972657695;0.01882395123700251;0.017603269400950756
1434.0;0.018289844042285466;0.018470790378006873;0.01756386861313869
1435.5;0.018289844042285466;0.01845342706502636;0.017215791035915702
1437.0;0.01741601350785099;0.03152655719517394;0.015731292517006803
1438.5;0.01741601350785099;0.016745540589734254;0.01597712748065927
1440.0;0.0161839863713799;0.018470790378006873;0.026548672566371685
1441.5;0.0161839863713799;0.018683274021352312;0.02802491103202847
1443.0;0.016638225255972697;0.015225395561747438;0.015095605501509561
1444.5;0.017754480892796753;0.01672535211267606;0.014945495799148322
1446.0;0.025573192239858905;0.039888682745825604;0.0230722525804493
1447.5;0.017754480892796753;0.024816176470588234;0.016638225255972697
1449.0;0.026060070671378093;0.03238269533831528;0.02703900709219858
1450.5;0.03326935380678182;0.016025963289428118;0.018876611418047883
1452.0;0.029291649063512178;0.016644053242789555;0.016267481785445105
1453.5;0.017373380447585393;0.038385826771653545;0.0170487948265726
1455.0;0.03357531760435572;0.01597712748065927;0.018010291595197254
1456.5;0.02802491103202847;0.0189328743545611;0.016863406408094434
1458.0;0.035127911416571206;0.02802491103202847;0.016863406408094434
1459.5;0.032000890578704894;0.016863406408094434;0.029937629937629936
1461.0;0.036646406864497674;0.016863406408094434;0.02238354506957048
1462.5;0.036646406864497674;0.03357531760435572;0.031723651744800845
1464.0;0.032886334610472544;0.03187751004016064;0.0161839863713799
1465.5;0.016863406408094434;0.016335052812576762;0.023031496062992124
1467.0;0.014945495799148322;0.015280135823429542;0.030245746691871456
1468.5;0.035127911416571206;0.032697066101095795;0.017883272962794156
1470.0;0.015769487034319674;0.017547197908565945;0.018010291595197254
1471.5;0.015743018124095107;0.0161839863713799;0.0161839863713799
1473.0;0.03617216117216117;0.026060070671378093;0.0161839863713799
1474.5;0.03617216117216117;0.015095605501509561;0.02752293577981652
1476.0;0.03617216117216117;0.014945495799148322;0.02802491103202847
1477.5;0.03617216117216117;0.03966822935448972;0.026592455163883737
1479.0;0.03617216117216117;0.017094017094017096;0.0161839863713799
1480.5;0.015871286409530037;0.01850632726208763;0.017754480892796753
1482.0;0.03864818325709216;0.035774141714325206;0.02373344847438111
1483.5;0.03276661638370833;0.015724726735506497;0.018247104081380812
1485.0;0.01488644788002137;0.0161839863713799;0.024464831804281346
1486.5;0.01488644788002137;0.015095605501509561;0.018202378957949406
1488.0;0.01488644788002137;0.0161839863713799;0.027055702917771884
1489.5;0.01488644788002137;0.015095605501509561;0.02833675564681725
1491.0;0.017443347491498312;0.03443877551020408;0.018761128291631523
1492.5;0.018289844042285466;0.01882395123700251;0.017971946230274694
1494.0;0.018289844042285466;0.018052243358660087;0.02569922389808171
1495.5;0.016557768507871926;0.018026004728132386;0.02268431001890359
1497.0;0.015695763321720377;0.0189328743545611;0.03290225315948789
1498.5;0.016540721828503288;0.026060070671378093;0.017373380447585393
1500.0;0.016540721828503288;0.03250478011472275;0.02860082304526749
1501.5;0.038817005545286505;0.025573192239858905;0.03125
1503.0;0.038817005545286505;0.02802491103202847;0.017824497257769654
1504.5;0.038817005545286505;0.022727272727272728;0.02516881522406384
1506.0;0.03706545928938685;0.03706545928938685;0.030318091451292245
1507.5;0.03864818325709216;0.02703900709219858;0.03365384615384615
1509.0;0.03276661638370833;0.015001087035292413;0.03503787878787879
1510.5;0.03276661638370833;0.02703900709219858;0.018314772574802095
1512.0;0.03276661638370833;0.0175513698630137;0.041666666666666664
1513.5;0.030813820600779404;0.03564899451553931;0.018026004728132386
1515.0;0.030813820600779404;0.03828413284132841;0.022309197651663407
1516.5;0.03441791502515164;0.015871286409530037;0.02352661596958175
1518.0;0.040424121935056324;0.015769487034319674;0.01648282717157388
1519.5;0.040424121935056324;0.024114774114774116;0.01834862385321101
1521.0;0.0325497287522604;0.036282622533418206;0.016913946587537095
1522.5;0.01865038996269922;0.018610244807272875;0.018060985144644253
1524.0;0.035650623885918005;0.027215631542219124;0.030938123752495012
1525.5;0.035650623885918005;0.018197573656845753;0.03125
1527.0;0.038041387799061466;0.03628171805944639;0.02966804979253112
1528.5;0.030813820600779404;0.015095605501509561;0.03095186626315031
1530.0;0.032697066101095795;0.032697066101095795;0.028932675425823142
1531.5;0.04520697167755991;0.027531083481349913;0.02532001143983238
1533.0;0.03423209093312186;0.015001087035292413;0.017699115044247787
1534.5;0.024464831804281346;0.026344152244872826;0.04260800634165676
1536.0;0.03320921042632419;0.01845342706502636;0.02860082304526749
1537.5;0.026592455163883737;0.037753222836095765;0.0407120949459928
1539.0;0.0161839863713799;0.025088028169014082;0.019327580007191657
1540.5;0.038655160014383315;0.03966822935448972;0.03440363091148469
1542.0;0.017623877982923447;0.025088028169014082;0.025573192239858905
1543.5;0.017623877982923447;0.01865038996269922;0.02587800369685767
1545.0;0.015769487034319674;0.03766519823788547;0.0279090113735783
1546.5;0.03357729479429107;0.015195702225633155;0.01971494409831868
1548.0;0.03357729479429107;0.027531083481349913;0.0230722525804493
1549.5;0.032478764464558434;0.018010291595197254;0.017825311942959002
1551.0;0.016550266845809666;0.015095605501509561;0.017786040107414757
1552.5;0.017401635028469288;0.01663225731761437;0.03742802303262956
1554.0;0.030590360834056505;0.024816176470588234;0.023765996343692867
1555.5;0.030590360834056505;0.039450670467059655;0.01834862385321101
1557.0;0.030590360834056505;0.016917819729987117;0.031163260156447138
1558.5;0.030590360834056505;0.0175513698630137;0.018354055654233276
1560.0;0.030590360834056505;0.02802491103202847;0.023274161735700197
1561.5;0.030590360834056505;0.016863406408094434;0.016401608628096153
1563.0;0.014830971492820427;0.01865038996269922;0.017416297929126755
1564.5;0.016531678096401558;0.017754480892796753;0.02587800369685767
1566.0;0.018470790378006873;0.017825311942959002;0.0295796789674003
1567.5;0.03416622228993677;0.015958442650909548;0.025077268895757236
1569.0;0.018010291595197254;0.017754480892796753;0.02767652220872148
1570.5;0.017754480892796753;0.017754480892796753;0.018803418803418803
1572.0;0.014945495799148322;0.016676298192025096;0.024114774114774116
1573.5;0.014945495799148322;0.01660281557997176;0.02611218568665377
1575.0;0.0161839863713799;0.036275860696139695;0.0327598072952512
1576.5;0.03130908265900325;0.03466050479914682;0.015517241379310345
1578.0;0.014945495799148322;0.040427509293680296;0.018010291595197254
1579.5;0.029017857142857144;0.015280135823429542;0.016403046280023436
1581.0;0.024464831804281346;0.015280135823429542;0.0351985559566787
1582.5;0.017754480892796753;0.015095605501509561;0.03316662279547249
1584.0;0.026548672566371685;0.01597712748065927;0.0161839863713799
1585.5;0.024816176470588234;0.0175513698630137;0.019082371238858645
1587.0;0.0325497287522604;0.015871286409530037;0.01654091700522345
1588.5;0.015871286409530037;0.03106789479980177;0.027117980825670126
1590.0;0.01842179442537598;0.01836806645203033;0.015395963282293637
1591.5;0.02752293577981652;0.017465858520325457;0.017094017094017096
1593.0;0.017368069472277887;0.0175513698630137;0.03212468193384224
1594.5;0.026793071116709446;0.016863406408094434;0.018086080586080584
1596.0;0.017594012585815985;0.016863406408094434;0.02569922389808171
1597.5;0.023765996343692867;0.027531083481349913;0.029397233201581028
1599.0;0.03706545928938685;0.01865038996269922;0.024054982817869414
1600.5;0.018470790378006873;0.018010291595197254;0.025716433527362123
1602.0;0.015095605501509561;0.01865038996269922;0.0393748908678191
1603.5;0.035650623885918005;0.026548672566371685;0.03245231960073888
1605.0;0.018470790378006873;0.01597712748065927;0.015154962909024714
1606.5;0.016863406408094434;0.015871286409530037;0.024816176470588234
1608.0;0.015001087035292413;0.01654091700522345;0.025101419878296144
1609.5;0.017547197908565945;0.023418491484184917;0.017596390484003282
1611.0;0.015095605501509561;0.0161839863713799;0.028433476394849784
1612.5;0.026548672566371685;0.016638225255972697;0.035631682832612824
1614.0;0.017754480892796753;0.03902213310711807;0.018086080586080584
1615.5;0.015809071886378992;0.015095605501509561;0.018876611418047883
1617.0;0.03183910937543675;0.023642732049036778;0.01713180436584692
1618.5;0.01830736743700201;0.03722426470588235;0.01672535211267606
1620.0;0.0170487948265726;0.016745540589734254;0.037422037422037424
1621.5;0.01784040701566475;0.03764790247400502;0.018041485106324483
1623.0;0.03061868686868687;0.016638225255972697;0.023274161735700197
1624.5;0.018010291595197254;0.025820463320463317;0.029664014146772767
1626.0;0.01850632726208763;0.016043635035830027;0.039527285071713485
1627.5;0.030185758513931894;0.03849697866747464;0.01730418943533698
1629.0;0.03870978816905277;0.031770550012779855;0.016000445289352447
1630.5;0.03728941647443892;0.018316467275590206;0.018147448015122872
1632.0;0.03283600800067391;0.017754480892796753;0.01641928887129758
1633.5;0.031775545996291406;0.03864818325709216;0.03307860787318488
1635.0;0.031775545996291406;0.015743018124095107;0.01672535211267606
1636.5;0.017971946230274694;0.0175513698630137;0.033547008547008546
1638.0;0.01612259159428971;0.03460837887067396;0.018538209281526382
1639.5;0.018610244807272875;0.017094017094017096;0.01726263871763255
1641.0;0.038817005545286505;0.03669724770642202;0.039888682745825604
1642.5;0.0161839863713799;0.03706545928938685;0.024093511450381678
1644.0;0.01865038996269922;0.03617216117216117;0.026479957525882662
1645.5;0.017623877982923447;0.03617216117216117;0.03219315895372234
1647.0;0.017623877982923447;0.016745540589734254;0.018197573656845753
1648.5;0.01663225731761437;0.017547197908565945;0.042388201712654616
1650.0;0.03357729479429107;0.017547197908565945;0.016838000708968452
1651.5;0.03251852018092068;0.01756386861313869;0.017961645808949312
1653.0;0.038017461422104666;0.015154962909024714;0.017015706806282723
1654.5;0.038017461422104666;0.0175513698630137;0.028580208973570994
1656.0;0.038017461422104666;0.0175513698630137;0.024574669187145556
1657.5;0.038017461422104666;0.032697066101095795;0.016552414837036802
1659.0;0.036122089571306734;0.0175513698630137;0.023834019204389576
1660.5;0.036122089571306734;0.0175513698630137;0.01950286806883365
1662.0;0.03669724770642202;0.038655160014383315;0.029578285464565784
1663.5;0.03669724770642202;0.038655160014383315;0.03250478011472275
1665.0;0.03669724770642202;0.038655160014383315;0.015414729630535846
1666.5;0.03669724770642202;0.040968342644320296;0.017825311942959002
1668.0;0.03669724770642202;0.01865038996269922;0.018813083797617845
1669.5;0.03669724770642202;0.01865038996269922;0.018876611418047883
1671.0;0.03669724770642202;0.01850632726208763;0.01814552172099398
1672.5;0.033676001417936904;0.03106789479980177;0.0230722525804493
1674.0;0.033676001417936904;0.03306159420289855;0.01865038996269922
1675.5;0.033676001417936904;0.03609431217943811;0.01749271137026239
1677.0;0.033676001417936904;0.017094017094017096;0.03742165865034251
1678.5;0.033676001417936904;0.03617216117216117;0.015280135823429542
1680.0;0.033676001417936904;0.03466050479914682;0.02491909385113269
1681.5;0.033676001417936904;0.02703900709219858;0.02802491103202847
1683.0;0.033676001417936904;0.015095605501509561;0.015517241379310345
1684.5;0.033676001417936904;0.015095605501509561;0.03969754253308129
1686.0;0.033676001417936904;0.017623877982923447;0.038441422594142266
1687.5;0.033676001417936904;0.035650623885918005;0.03476361919376734
1689.0;0.033676001417936904;0.03669724770642202;0.01658516707416463
1690.5;0.033676001417936904;0.028050275904353158;0.0266933355103818
1692.0;0.033676001417936904;0.028050275904353158;0.028186274509803922
1693.5;0.033676001417936904;0.03331214913674399;0.03988673139158575
1695.0;0.01850632726208763;0.034522108226862615;0.022964015151515152
1696.5;0.03768591312195207;0.0321878706485571;0.016217853406024562
1698.0;0.03768591312195207;0.018358765104113217;0.041349188871761
1699.5;0.01836806645203033;0.03617216117216117;0.015143268993144063
1701.0;0.0175513698630137;0.03617216117216117;0.02516881522406384
1702.5;0.03320921042632419;0.039888682745825604;0.039888682745825604
1704.0;0.033697931493502586;0.03466050479914682;0.01865038996269922
1705.5;0.033697931493502586;0.015871286409530037;0.035298681148176886
1707.0;0.03534512971343672;0.03466050479914682;0.025240384615384616
1708.5;0.015095605501509561;0.016745540589734254;0.018026004728132386
1710.0;0.015095605501509561;0.03746174588351344;0.027798718431963815
1711.5;0.01850632726208763;0.03357729479429107;0.04293855882582559
1713.0;0.033879208022981784;0.014870091759449306;0.017699115044247787
1714.5;0.033879208022981784;0.018277260861902424;0.040819094114456195
1716.0;0.01597712748065927;0.018277260861902424;0.0161839863713799
1717.5;0.015001087035292413;0.01740771421307761;0.024114774114774116
1719.0;0.016676298192025096;0.015095605501509561;0.01783664661861255
1720.5;0.03183910937543675;0.015095605501509561;0.04483695652173913
1722.0;0.030813820600779404;0.016745540589734254;0.017961645808949312
1723.5;0.030813820600779404;0.015769487034319674;0.01822145094387539
1725.0;0.030813820600779404;0.015724726735506497;0.02703915249985528
1726.5;0.030813820600779404;0.014850222990092551;0.024816176470588234
1728.0;0.033494196742055664;0.03797793703236822;0.01594765689784196
1729.5;0.033494196742055664;0.026548672566371685;0.024378585086042064
1731.0;0.033494196742055664;0.02460456942003515;0.015154962909024714
1732.5;0.033494196742055664;0.03320921042632419;0.03575047040092633
1734.0;0.03527987093940073;0.016863406408094434;0.03061868686868687
1735.5;0.03527987093940073;0.03798297314996725;0.03742802303262956
1737.0;0.03527987093940073;0.015001087035292413;0.030946750387344044
1738.5;0.03527987093940073;0.015809071886378992;0.0161839863713799
1740.0;0.03527987093940073;0.024114774114774116;0.01861305152546421
1741.5;0.03527987093940073;0.016830578931359627;0.01879117923894043
1743.0;0.03527987093940073;0.023765996343692867;0.032886334610472544
1744.5;0.03527987093940073;0.019961612284069098;0.03674948240165632
1746.0;0.03527987093940073;0.016812053925455987;0.018671683262517162
1747.5;0.03527987093940073;0.040091455309193384;0.026060070671378093
1749.0;0.03527987093940073;0.028913528511189723;0.015731292517006803
1750.5;0.026060070671378093;0.0170487948265726;0.019731800766283527
1752.0;0.015095605501509561;0.021851503759398497;0.023833049357453624
1753.5;0.01850632726208763;0.0188212927756654;0.0337684868769625
1755.0;0.01850632726208763;0.015517241379310345;0.0161839863713799
1756.5;0.035774141714325206;0.03481624758220503;0.024378585086042064
1758.0;0.035774141714325206;0.03481624758220503;0.02876871704214073
1759.5;0.03841245791927793;0.015225395561747438;0.03282828282828283
1761.0;0.018332165356039182;0.03748467708982989;0.0254755109468079
1762.5;0.03807194397841974;0.018010291595197254;0.027444794952681383
1764.0;0.0161839863713799;0.015154962909024714;0.0216998191681736
1765.5;0.017754480892796753;0.0161839863713799;0.03764790247400502
1767.0;0.03864818325709216;0.01865038996269922;0.016638225255972697
1768.5;0.015743018124095107;0.037722668529514496;0.01865038996269922
1770.0;0.01597712748065927;0.0170487948265726;0.0285204991087344
1771.5;0.018683274021352312;0.015095605501509561;0.02752293577981652
1773.0;0.017368069472277887;0.016638225255972697;0.037753222836095765
1774.5;0.03823174953203928;0.017754480892796753;0.0189328743545611
1776.0;0.014975431187270396;0.017547197908565945;0.01865038996269922
1777.5;0.03512773722627738;0.0175513698630137;0.0161839863713799
1779.0;0.035774141714325206;0.03466050479914682;0.026060070671378093
1780.5;0.014910112661872163;0.036646406864497674;0.018026004728132386
1782.0;0.0325497287522604;0.025088028169014082;0.016638225255972697
1783.5;0.033676001417936904;0.029504080351537978;0.02939958592132505
1785.0;0.015095605501509561;0.027731151209959438;0.017267454473693152
1786.5;0.02802491103202847;0.03650069768233333;0.01672535211267606
1788.0;0.032886334610472544;0.017847922818538867;0.030627490039840638
1789.5;0.01597712748065927;0.028580208973570994;0.019082371238858645
1791.0;0.033676001417936904;0.028580208973570994;0.016638225255972697
1792.5;0.017094017094017096;0.03848310366392789;0.02587800369685767
1794.0;0.015095605501509561;0.023765996343692867;0.03535245814226298
1795.5;0.017754480892796753;0.03966822935448972;0.024637681159420288
1797.0;0.017094017094017096;0.026548672566371685;0.01904761904761905
1798.5;0.016863406408094434;0.040968342644320296;0.01645021645021645
1800.0;0.016863406408094434;0.026548672566371685;0.032793150894358664
1801.5;0.015871286409530037;0.026548672566371685;0.01612801998311728
1803.0;0.016676298192025096;0.02516881522406384;0.030318091451292245
1804.5;0.016676298192025096;0.02516881522406384;0.028353715314420512
1806.0;0.03746174588351344;0.016081348496769426;0.026548672566371685
1807.5;0.03746174588351344;0.015050831498364467;0.0189328743545611
1809.0;0.03825578292372061;0.038540929099552174;0.04271844660194175
1810.5;0.03534512971343672;0.028580208973570994;0.036847983182236234
1812.0;0.03620712313994087;0.040316960483184054;0.03140249320686312
1813.5;0.03620712313994087;0.03663103448004633;0.025
1815.0;0.014850222990092551;0.026548672566371685;0.03308821796412831
1816.5;0.030633304926385805;0.026548672566371685;0.03924497640551267
1818.0;0.03700055563850478;0.016863406408094434;0.040819094114456195
1819.5;0.03422569546639526;0.016863406408094434;0.018470790378006873
1821.0;0.03422569546639526;0.016863406408094434;0.01845342706502636
1822.5;0.03422569546639526;0.016863406408094434;0.03365384615384615
1824.0;0.033303095021156505;0.016863406408094434;0.03061615001913509
1825.5;0.033303095021156505;0.03320921042632419;0.02516881522406384
1827.0;0.03512490638976303;0.015809071886378992;0.0189328743545611
1828.5;0.03512490638976303;0.015809071886378992;0.017373380447585393
1830.0;0.03512490638976303;0.015809071886378992;0.018848906360245943
1831.5;0.03512490638976303;0.03183910937543675;0.01672535211267606
1833.0;0.03788504815855055;0.03183910937543675;0.017754480892796753
1834.5;0.03788504815855055;0.03183910937543675;0.03048016701461378
1836.0;0.014829232922191612;0.03183910937543675;0.02587800369685767
1837.5;0.026548672566371685;0.03183910937543675;0.03048016701461378
1839.0;0.03764790247400502;0.017443347491498312;0.03812709030100335
1840.5;0.016745540589734254;0.017443347491498312;0.0175513698630137
1842.0;0.01836806645203033;0.017443347491498312;0.030009920634920632
1843.5;0.030813820600779404;0.017443347491498312;0.02611218568665377
1845.0;0.030813820600779404;0.017443347491498312;0.0189328743545611
1846.5;0.016582472972657695;0.017443347491498312;0.04632675438596491
1848.0;0.016582472972657695;0.017443347491498312;0.017773776536674248
1849.5;0.017427438387099873;0.017443347491498312;0.027531083481349913
1851.0;0.03065901496568101;0.017443347491498312;0.038041387799061466
1852.5;0.03065901496568101;0.017443347491498312;0.017547197908565945
1854.0;0.018010291595197254;0.017443347491498312;0.019274809160305342
1855.5;0.035127911416571206;0.03620712313994087;0.018202378957949406
1857.0;0.035127911416571206;0.01741601350785099;0.026066454010143857
1858.5;0.01842179442537598;0.01741601350785099;0.03172818752611539
1860.0;0.03091538715963386;0.01741601350785099;0.031311586760910816
1861.5;0.03173139329252938;0.01741601350785099;0.03388103206290135
1863.0;0.03173139329252938;0.03519913210701956;0.03564899451553931
1864.5;0.0306944381170478;0.017401635028469288;0.015871286409530037
1866.0;0.037048351952038205;0.016540721828503288;0.027798718431963815
1867.5;0.030614484288885975;0.016540721828503288;0.029017857142857144
1869.0;0.031723651744800845;0.016540721828503288;0.028580208973570994
1870.5;0.01597712748065927;0.016537723722061845;0.03331214913674399
1872.0;0.017623877982923447;0.016537723722061845;0.029516994633273706
1873.5;0.03828413284132841;0.030582742510880303;0.025
1875.0;0.033676001417936904;0.030582742510880303;0.03827671913835957
1876.5;0.038041387799061466;0.01608187134502924;0.03460837887067396
1878.0;0.015280135823429542;0.04057719431485299;0.015001087035292413
1879.5;0.03609431217943811;0.01672693391308206;0.017094017094017096
1881.0;0.026060070671378093;0.034774142684043156;0.025573192239858905
1882.5;0.018470790378006873;0.02802491103202847;0.015095605501509561
1884.0;0.03706545928938685;0.015095605501509561;0.038655160014383315
1885.5;0.01597712748065927;0.03482458408757866;0.01645021645021645
1887.0;0.03409090909090909;0.017498443680569787;0.02587800369685767
1888.5;0.036646406864497674;0.03825578292372061;0.03357531760435572
1890.0;0.015871286409530037;0.03825578292372061;0.03864818325709216
1891.5;0.017094017094017096;0.03825578292372061;0.04057719431485299
1893.0;0.019345238095238096;0.01830736743700201;0.03354534045223458
1894.5;0.03764790247400502;0.0306944381170478;0.03088904701340208
1896.0;0.017547197908565945;0.0306944381170478;0.025088028169014082
1897.5;0.03669724770642202;0.0306944381170478;0.016745540589734254
1899.0;0.018010291595197254;0.0306944381170478;0.027531083481349913
1900.5;0.017754480892796753;0.0306944381170478;0.018010291595197254
1902.0;0.016676298192025096;0.0306944381170478;0.02516881522406384
1903.5;0.016863406408094434;0.03431165971848048;0.0161839863713799
1905.0;0.027531083481349913;0.03431165971848048;0.023765996343692867
1906.5;0.03482458408757866;0.027531083481349913;0.025956284153005466
1908.0;0.02703900709219858;0.03130908265900325;0.02568279495355608
1909.5;0.01850632726208763;0.026060070671378093;0.03638365090848527
1911.0;0.017094017094017096;0.031723651744800845;0.03423209093312186
1912.5;0.029017857142857144;0.031723651744800845;0.02352661596958175
1914.0;0.0161839863713799;0.031723651744800845;0.018574581463896272
1915.5;0.016863406408094434;0.031723651744800845;0.018686830269800576
1917.0;0.01597712748065927;0.015871286409530037;0.01942319011183049
1918.5;0.025522755227552277;0.032000890578704894;0.01594765689784196
1920.0;0.038041387799061466;0.036514961411379304;0.017302798982188294
1921.5;0.023642732049036778;0.015743018124095107;0.0189328743545611
1923.0;0.01749271137026239;0.016638225255972697;0.03681100943872037
1924.5;0.016897746967071057;0.03609431217943811;0.03758169934640523
1926.0;0.01597712748065927;0.03609431217943811;0.017373380447585393
1927.5;0.03106789479980177;0.01660281557997176;0.022742701968771217
1929.0;0.018010291595197254;0.01660281557997176;0.01814552172099398
1930.5;0.014945495799148322;0.0352330815985435;0.015414729630535846
1932.0;0.018332165356039182;0.034255896066409615;0.044197031039136296
1933.5;0.017094017094017096;0.0175513698630137;0.022964015151515152
1935.0;0.0175513698630137;0.03557483731019522;0.01813557316928901
1936.5;0.01597712748065927;0.031456657730116175;0.01967799642218247
1938.0;0.038041387799061466;0.03892192687062645;0.026060070671378093
1939.5;0.01836806645203033;0.016638225255972697;0.016335052812576762
1941.0;0.015743018124095107;0.01597712748065927;0.018354055654233276
1942.5;0.018010291595197254;0.018026004728132386;0.01749271137026239
1944.0;0.03136882129277567;0.01865038996269922;0.01702553830746119
1945.5;0.017015706806282723;0.014945495799148322;0.018026004728132386
1947.0;0.030627490039840638;0.01865038996269922;0.017754480892796753
1948.5;0.03297682709447416;0.01865038996269922;0.016293098349991132
1950.0;0.01845157937014199;0.03183910937543675;0.03250478011472275
1951.5;0.018026004728132386;0.038817005545286505;0.01834862385321101
1953.0;0.015280135823429542;0.014945495799148322;0.017596390484003282
1954.5;0.016863406408094434;0.03609431217943811;0.017615389503562125
1956.0;0.016676298192025096;0.040424121935056324;0.017094017094017096
1957.5;0.01672535211267606;0.031723651744800845;0.01675356994726551
1959.0;0.037753222836095765;0.033676001417936904;0.0285204991087344
1960.5;0.01597712748065927;0.03966822935448972;0.018937169700528483
1962.0;0.015095605501509561;0.017094017094017096;0.03241525423728814
1963.5;0.038817005545286505;0.014945495799148322;0.019427710843373493
1965.0;0.01865038996269922;0.03173139329252938;0.026313125835954163
1966.5;0.01597712748065927;0.016557768507871926;0.02703900709219858
1968.0;0.04024144869215292;0.027531083481349913;0.018832655731576244
1969.5;0.025068237620636216;0.016863406408094434;0.01612801998311728
1971.0;0.03697878725061549;0.018010291595197254;0.029397233201581028
1972.5;0.03658735540449715;0.018010291595197254;0.019877675840978597
1974.0;0.03617216117216117;0.03966822935448972;0.024462004034969734
1975.5;0.03383297644539615;0.03416622228993677;0.026446886593162605
1977.0;0.024816176470588234;0.03416622228993677;0.017835254133834435
1978.5;0.032793150894358664;0.014945495799148322;0.015871286409530037
1980.0;0.026060070671378093;0.014945495799148322;0.0189328743545611
1981.5;0.040968342644320296;0.035572080214829514;0.01597712748065927
1983.0;0.017754480892796753;0.035437678433415665;0.018470790378006873
1984.5;0.03669724770642202;0.035437678433415665;0.025439127801332527
1986.0;0.0285204991087344;0.035437678433415665;0.03250478011472275
1987.5;0.018010291595197254;0.035437678433415665;0.02619146866750035
1989.0;0.027531083481349913;0.032573955124637066;0.01672535211267606
1990.5;0.015001087035292413;0.03527987093940073;0.015001087035292413
1992.0;0.015001087035292413;0.03527987093940073;0.030009920634920632
1993.5;0.018010291595197254;0.025573192239858905;0.017373380447585393
1995.0;0.015095605501509561;0.025573192239858905;0.024122807017543862
1996.5;0.015095605501509561;0.025573192239858905;0.03250478011472275
1998.0;0.01850632726208763;0.015095605501509561;0.016638225255972697
1999.5;0.01850632726208763;0.016745540589734254;0.017623877982923447
2001.0;0.018010291595197254;0.033879208022981784;0.02703900709219858
2002.5;0.01865038996269922;0.03173139329252938;0.02878937007874016
2004.0;0.015001087035292413;0.01485852872552252;0.03276735180220435
2005.5;0.03768591312195207;0.02460456942003515;0.040903516753036114
2007.0;0.014910112661872163;0.02460456942003515;0.016858107112811833
2008.5;0.014910112661872163;0.03966822935448972;0.016631053376904556
2010.0;0.01488644788002137;0.03966822935448972;0.03598346705567712
2011.5;0.033676001417936904;0.03768591312195207;0.01672535211267606
2013.0;0.0367279087083759;0.03841245791927793;0.016863406408094434
2014.5;0.014910112661872163;0.01830736743700201;0.026060070671378093
2016.0;0.03165717058169511;0.01830736743700201;0.015095605501509561
2017.5;0.03165717058169511;0.017427438387099873;0.03639029592108771
2019.0;0.03165717058169511;0.036122089571306734;0.024093511450381678
2020.5;0.03165717058169511;0.03357531760435572;0.016604605213162094
2022.0;0.024122807017543862;0.03564899451553931;0.015078924549103066
2023.5;0.01597712748065927;0.03935185185185185;0.01586074073577572
2025.0;0.03902213310711807;0.01865038996269922;0.0175513698630137
2026.5;0.030813820600779404;0.035650623885918005;0.03130908265900325
2028.0;0.01830736743700201;0.015809071886378992;0.033697931493502586
2029.5;0.01830736743700201;0.014910112661872163;0.033676001417936904
2031.0;0.023418491484184917;0.01660281557997176;0.03212468193384224
2032.5;0.024122807017543862;0.016745540589734254;0.03858520900321543
2034.0;0.02460456942003515;0.03966822935448972;0.018848906360245943
2035.5;0.038041387799061466;0.037753222836095765;0.015069294547215105
2037.0;0.038041387799061466;0.03460837887067396;0.01672693391308206
2038.5;0.038041387799061466;0.0175513698630137;0.03320921042632419
2040.0;0.037312715311890364;0.02495201535508637;0.0367279087083759
2041.5;0.037312715311890364;0.01897923971725942;0.03841245791927793
2043.0;0.037312715311890364;0.027587890625;0.035437678433415665
2044.5;0.014870091759449306;0.037938033550235804;0.030743823668949708
2046.0;0.016557768507871926;0.03466050479914682;0.028401997503121095
2047.5;0.0182681206624895;0.035650623885918005;0.03564899451553931
2049.0;0.031520049278972326;0.025573192239858905;0.037753222836095765
2050.5;0.03241323970006249;0.026060070671378093;0.015731292517006803
2052.0;0.01825012709422827;0.017094017094017096;0.016745540589734254
2053.5;0.01825012709422827;0.03609431217943811;0.016638225255972697
2055.0;0.025573192239858905;0.019139945314441957;0.016638225255972697
2056.5;0.015095605501509561;0.03212468193384224;0.033676001417936904
2058.0;0.015095605501509561;0.024816176470588234;0.018010291595197254
2059.5;0.03512773722627738;0.0285204991087344;0.01702553830746119
2061.0;0.03416622228993677;0.03474178403755869;0.017094017094017096
2062.5;0.017094017094017096;0.031746031746031744;0.01597712748065927
2064.0;0.016863406408094434;0.02587800369685767;0.01597712748065927
2065.5;0.016676298192025096;0.016745540589734254;0.01597712748065927
2067.0;0.017465858520325457;0.016676298192025096;0.01597712748065927
2068.5;0.037137807788150325;0.0175513698630137;0.027531083481349913
2070.0;0.018026004728132386;0.026548672566371685;0.027531083481349913
2071.5;0.032697066101095795;0.024114774114774116;0.015095605501509561
2073.0;0.017547197908565945;0.016745540589734254;0.03106789479980177
2074.5;0.017015706806282723;0.014945495799148322;0.0230722525804493
2076.0;0.032487730519463805;0.016582472972657695;0.036646406864497674
2077.5;0.017699115044247787;0.015154962909024714;0.035127911416571206
2079.0;0.019675925925925927;0.016838000708968452;0.03864818325709216
2080.5;0.02891543420553659;0.024178800028135335;0.03864818325709216
2082.0;0.033745489100308834;0.017631881476637332;0.037753222836095765
2083.5;0.015772978195049962;0.01581306695616876;0.03564899451553931
2085.0;0.015772978195049962;0.036646406864497674;0.03902213310711807
2086.5;0.0175513698630137;0.018147448015122872;0.01663225731761437
2088.0;0.024464831804281346;0.03331518780620577;0.031723651744800845
2089.5;0.037753222836095765;0.0189328743545611;0.031723651744800845
2091.0;0.017754480892796753;0.03902213310711807;0.031723651744800845
2092.5;0.025522755227552277;0.018532729644693425;0.015769487034319674
2094.0;0.03130908265900325;0.0189328743545611;0.038817005545286505
2095.5;0.017547197908565945;0.035127911416571206;0.036646406864497674
2097.0;0.017094017094017096;0.015809071886378992;0.03106789479980177
2098.5;0.03764790247400502;0.017094017094017096;0.03466050479914682
2100.0;0.0161839863713799;0.03250478011472275;0.018026004728132386
2101.5;0.016863406408094434;0.03250478011472275;0.03742080962095995
2103.0;0.03609431217943811;0.029017857142857144;0.017094017094017096
2104.5;0.025573192239858905;0.017754480892796753;0.035650623885918005
2106.0;0.025573192239858905;0.025522755227552277;0.016676298192025096
2107.5;0.02703900709219858;0.025522755227552277;0.037210128013628566
2109.0;0.016863406408094434;0.02695167286245353;0.016638225255972697
2110.5;0.03106789479980177;0.015414729630535846;0.030245746691871456
2112.0;0.033697931493502586;0.027531083481349913;0.037753222836095765
2113.5;0.037312715311890364;0.018010291595197254;0.029310623836880004
2115.0;0.037312715311890364;0.016838000708968452;0.032886334610472544
2116.5;0.016582472972657695;0.018086080586080584;0.0161839863713799
2118.0;0.016582472972657695;0.028050275904353158;0.025573192239858905
2119.5;0.01485852872552252;0.0230722525804493;0.025522755227552277
2121.0;0.01485852872552252;0.035148828372387586;0.026060070671378093
2122.5;0.014850222990092551;0.018010291595197254;0.03326935380678182
2124.0;0.015225395561747438;0.029516994633273706;0.015095605501509561
2125.5;0.01594765689784196;0.016808306987266874;0.03365384615384615
2127.0;0.015854570888502284;0.040091455309193384;0.01865038996269922
2128.5;0.017094017094017096;0.0189328743545611;0.037753222836095765
2130.0;0.01597712748065927;0.03923444976076555;0.033972841057362396
2131.5;0.015001087035292413;0.02878937007874016;0.01766843911960692
2133.0;0.0189328743545611;0.038100208768267224;0.026060070671378093
2134.5;0.017754480892796753;0.015139193690331638;0.03136882129277567
2136.0;0.016745540589734254;0.015095605501509561;0.017094017094017096
2137.5;0.017094017094017096;0.0350922131147541;0.029647930821494754
2139.0;0.017754480892796753;0.03404835945928794;0.03136882129277567
2140.5;0.017754480892796753;0.029874213836477988;0.01702553830746119
2142.0;0.015731292517006803;0.033547008547008546;0.023765996343692867
2143.5;0.017623877982923447;0.04240642904978049;0.02703900709219858
2145.0;0.015769487034319674;0.044635544635544644;0.03362011573718442
2146.5;0.015724726735506497;0.015359694541667872;0.033610860764201826
2148.0;0.018289844042285466;0.035598705501618116;0.02752293577981652
2149.5;0.03519913210701956;0.018026004728132386;0.035154762207043645
2151.0;0.014836509492270044;0.016745540589734254;0.030938123752495012
2152.5;0.01653549687010534;0.0189328743545611;0.016217853406024562
2154.0;0.01653549687010534;0.0161839863713799;0.0340398201669878
2155.5;0.030993042378241617;0.0161839863713799;0.017699115044247787
2157.0;0.017754480892796753;0.018595825426944972;0.03257387725662403
2158.5;0.017547197908565945;0.0177109440267335;0.02623456790123457
2160.0;0.01663225731761437;0.018014359856939253;0.017699115044247787
2161.5;0.014870091759449306;0.01850749411491396;0.03669724770642202
2163.0;0.03527987093940073;0.03369951697986506;0.037753222836095765
2164.5;0.016557768507871926;0.03369951697986506;0.031723651744800845
2166.0;0.016550266845809666;0.03349494880134945;0.018010291595197254
2167.5;0.016550266845809666;0.01597712748065927;0.018470790378006873
2169.0;0.02703900709219858;0.01597712748065927;0.023418491484184917
2170.5;0.03512773722627738;0.036514961411379304;0.016863406408094434
2172.0;0.032697066101095795;0.036514961411379304;0.03617216117216117
2173.5;0.032697066101095795;0.036646406864497674;0.02623456790123457
2175.0;0.01850632726208763;0.03136882129277567;0.0325497287522604
2176.5;0.017547197908565945;0.017754480892796753;0.01865038996269922
2178.0;0.015280135823429542;0.017623877982923447;0.037753222836095765
2179.5;0.015095605501509561;0.017623877982923447;0.017754480892796753
2181.0;0.01842179442537598;0.016863406408094434;0.02623456790123457
2182.5;0.018332165356039182;0.0367279087083759;0.0161839863713799
2184.0;0.016638225255972697;0.03828413284132841;0.01842179442537598
2185.5;0.02802491103202847;0.032697066101095795;0.033205619412515965
2187.0;0.027531083481349913;0.038041387799061466;0.027762308282785714
2188.5;0.024464831804281346;0.016676298192025096;0.03233896458896963
2190.0;0.015095605501509561;0.025573192239858905;0.01491718899048849
2191.5;0.03466050479914682;0.032697066101095795;0.03212468193384224
2193.0;0.029516994633273706;0.03609431217943811;0.03669724770642202
2194.5;0.01850632726208763;0.038817005545286505;0.03409090909090909
2196.0;0.02802491103202847;0.036646406864497674;0.03409090909090909
2197.5;0.0285204991087344;0.036646406864497674;0.032697066101095795
2199.0;0.017971946230274694;0.0161839863713799;0.032256841786066255
2200.5;0.01612259159428971;0.01865038996269922;0.033676001417936904
2202.0;0.017534382187836362;0.017623877982923447;0.0161839863713799
2203.5;0.017699115044247787;0.015743018124095107;0.03306159420289855
2205.0;0.017094017094017096;0.03807194397841974;0.017754480892796753
2206.5;0.017623877982923447;0.03764790247400502;0.029516994633273706
2208.0;0.015809071886378992;0.027531083481349913;0.03722426470588235
2209.5;0.03091538715963386;0.01597712748065927;0.025522755227552277
2211.0;0.01850632726208763;0.02703900709219858;0.022727272727272728
2212.5;0.03512773722627738;0.02703900709219858;0.032697066101095795
2214.0;0.017623877982923447;0.01597712748065927;0.027587890625
2215.5;0.035572080214829514;0.026060070671378093;0.03708902193954713
2217.0;0.025573192239858905;0.018010291595197254;0.017954684198919043
2218.5;0.031723651744800845;0.016863406408094434;0.040013227513227514
2220.0;0.039754363283775046;0.015001087035292413;0.03846568257730848
2221.5;0.03848310366392789;0.023642732049036778;0.03394145099703012
2223.0;0.017603269400950756;0.023642732049036778;0.04010955349742333
2224.5;0.017603269400950756;0.036646406864497674;0.03828413284132841
2226.0;0.03383146621499615;0.015871286409530037;0.0170487948265726
2227.5;0.01832580429276873;0.030245746691871456;0.03638309256286784
2229.0;0.01832580429276873;0.018010291595197254;0.03136882129277567
2230.5;0.018010291595197254;0.03768591312195207;0.027587890625
2232.0;0.015095605501509561;0.01865038996269922;0.025772579946528054
2233.5;0.015001087035292413;0.03935185185185185;0.01845342706502636
2235.0;0.017547197908565945;0.025573192239858905;0.015095605501509561
2236.5;0.018010291595197254;0.025522755227552277;0.018010291595197254
2238.0;0.015095605501509561;0.025522755227552277;0.031190019193857967
2239.5;0.019013666072489603;0.018470790378006873;0.022964015151515152
2241.0;0.01702553830746119;0.01865038996269922;0.030938123752495012
2242.5;0.01702553830746119;0.016403046280023436;0.03487592219986586
2244.0;0.024464831804281346;0.01597712748065927;0.029702970297029705
2245.5;0.017754480892796753;0.018010291595197254;0.016043635035830027
2247.0;0.017547197908565945;0.018010291595197254;0.03364485981308411
2248.5;0.018354055654233276;0.03968662645284684;0.029074889867841413
2250.0;0.017094017094017096;0.026548672566371685;0.02861568419189237
2251.5;0.01597712748065927;0.025573192239858905;0.03358325978202767
2253.0;0.01663225731761437;0.018470790378006873;0.0161839863713799
2254.5;0.016638225255972697;0.018470790378006873;0.01845342706502636
2256.0;0.016638225255972697;0.03764790247400502;0.038817005545286505
2257.5;0.017699115044247787;0.023765996343692867;0.04236010125491464
2259.0;0.0161839863713799;0.023765996343692867;0.0350922131147541
2260.5;0.036646406864497674;0.038817005545286505;0.018574581463896272
2262.0;0.035650623885918005;0.01865038996269922;0.03515625
2263.5;0.024816176470588234;0.03357531760435572;0.028073770491803277
2265.0;0.024464831804281346;0.015871286409530037;0.017830478700043915
2266.5;0.030993042378241617;0.01836806645203033;0.027032520325203254
2268.0;0.028865979381443297;0.03637335441877961;0.029015636105188345
2269.5;0.035192780968006564;0.016582472972657695;0.019408502772643253
2271.0;0.033094049484385824;0.025573192239858905;0.027406402836212974
2272.5;0.015792595442486037;0.01597712748065927;0.017825311942959002
2274.0;0.03834789874935244;0.035774141714325206;0.016638225255972697
2275.5;0.037753222836095765;0.01836806645203033;0.015280135823429542
2277.0;0.017754480892796753;0.01836806645203033;0.026148673888681355
2278.5;0.033879208022981784;0.01660281557997176;0.02495201535508637
2280.0;0.014870091759449306;0.016568094782873223;0.04087605974969721
2281.5;0.03527987093940073;0.01570251018973342;0.024574669187145556
2283.0;0.018470790378006873;0.0161839863713799;0.039603960396039604
2284.5;0.016745540589734254;0.017094017094017096;0.018147448015122872
2286.0;0.017547197908565945;0.017094017094017096;0.025745257452574524
2287.5;0.017547197908565945;0.016638225255972697;0.030627490039840638
2289.0;0.015743018124095107;0.015095605501509561;0.03423626787057938
2290.5;0.015743018124095107;0.016745540589734254;0.018742338544914944
2292.0;0.015724726735506497;0.016745540589734254;0.01731640784414803
2293.5;0.01485852872552252;0.015809071886378992;0.01939343350027824
2295.0;0.01485852872552252;0.0161839863713799;0.022964015151515152
2296.5;0.016557768507871926;0.015731292517006803;0.02722345405272235
2298.0;0.014844188506303903;0.016638225255972697;0.03276178151622991
2299.5;0.017393838281482624;0.01950286806883365;0.02352661596958175
2301.0;0.01653549687010534;0.01834061135371179;0.027070647685437925
2302.5;0.01653549687010534;0.016089299461123942;0.019727721859676292
2304.0;0.01653549687010534;0.017094017094017096;0.02351778656126482
2305.5;0.01653549687010534;0.015731292517006803;0.03498920086393088
2307.0;0.01653549687010534;0.025956284153005466;0.030634573304157545
2308.5;0.01653549687010534;0.01848360454802751;0.01845342706502636
2310.0;0.014830971492820427;0.01865038996269922;0.02722345405272235
2311.5;0.03420376599409057;0.0175513698630137;0.03621399176954732
2313.0;0.03603365757185634;0.016863406408094434;0.023613963039014373
2314.5;0.03603365757185634;0.017547197908565945;0.042166484914576516
2316.0;0.016530470370958342;0.033697931493502586;0.0410663812738399
2317.5;0.016530470370958342;0.027531083481349913;0.025806525446035178
2319.0;0.016745540589734254;0.01597712748065927;0.04304029304029303
2320.5;0.01836806645203033;0.035774141714325206;0.04520697167755991
2322.0;0.01836806645203033;0.029504080351537978;0.02531120331950207
2323.5;0.03617216117216117;0.017754480892796753;0.02518886996355019
2325.0;0.0285204991087344;0.015871286409530037;0.04293855882582559
2326.5;0.0285204991087344;0.01836806645203033;0.03962331201137172
2328.0;0.018683274021352312;0.014870091759449306;0.018022181146025877
2329.5;0.0161839863713799;0.014870091759449306;0.02976566614007372
2331.0;0.018010291595197254;0.03251852018092068;0.022549019607843137
2332.5;0.016863406408094434;0.023765996343692867;0.027777777777777776
2334.0;0.016863406408094434;0.01612259159428971;0.038677866380506576
2335.5;0.016863406408094434;0.01848360454802751;0.02966804979253112
2337.0;0.016863406408094434;0.027531083481349913;0.01757469244288225
2338.5;0.01842179442537598;0.01726263871763255;0.03306628799920876
2340.0;0.014910112661872163;0.015033359741139864;0.030009920634920632
2341.5;0.015711796950363736;0.040819094114456195;0.02980239714933592
2343.0;0.014850222990092551;0.015731292517006803;0.03266518188567186
2344.5;0.014844188506303903;0.027531083481349913;0.02773440710000822
2346.0;0.01654477169890474;0.015597920277296359;0.04485454664202844
2347.5;0.01654477169890474;0.01654091700522345;0.034997734167706816
2349.0;0.017393838281482624;0.017603269400950756;0.035869565217391305
2350.5;0.018248107350266503;0.031027742835050626;0.032696390658174104
2352.0;0.016638225255972697;0.041666666666666664;0.0393760170781641
2353.5;0.017623877982923447;0.03951778570656288;0.023274161735700197
2355.0;0.017547197908565945;0.023581448122822347;0.04251240891329602
2356.5;0.01488644788002137;0.028186274509803922;0.02911275415896488
2358.0;0.01485852872552252;0.017460979111666896;0.037037037037037035
2359.5;0.01741601350785099;0.026267153524983915;0.031224775469751002
2361.0;0.01741601350785099;0.01778750122150477;0.041250831669993354
2362.5;0.015695763321720377;0.01597712748065927;0.016863406408094434
2364.0;0.016540721828503288;0.03316662279547249;0.018612132352941176
2365.5;0.016540721828503288;0.029516994633273706;0.02810051241061361
2367.0;0.015684481542853023;0.02939958592132505;0.015101421876721354
2368.5;0.015684481542853023;0.038101884159106765;0.022128060263653486
2370.0;0.014829976303317897;0.025088028169014082;0.01537736404878336
2371.5;0.015679043553987165;0.025088028169014082;0.04212932723709994
2373.0;0.014828261126484797;0.01702553830746119;0.018848906360245943
2374.5;0.016638225255972697;0.026548672566371685;0.0189328743545611
2376.0;0.016638225255972697;0.026548672566371685;0.03357531760435572
2377.5;0.01597712748065927;0.03966822935448972;0.02703900709219858
2379.0;0.016863406408094434;0.025573192239858905;0.017547197908565945
2380.5;0.015001087035292413;0.03409090909090909;0.026548672566371685
2382.0;0.015001087035292413;0.03409090909090909;0.032886334610472544
2383.5;0.015769487034319674;0.03902213310711807;0.0433355219960604
2385.0;0.015769487034319674;0.03864818325709216;0.0189328743545611
2386.5;0.015769487034319674;0.0325497287522604;0.017094017094017096
2388.0;0.03265254436585322;0.0189328743545611;0.03061868686868687
2389.5;0.018289844042285466;0.016863406408094434;0.02516881522406384
2391.0;0.018289844042285466;0.016863406408094434;0.019511066553559036
2392.5;0.01741601350785099;0.01836806645203033;0.028433476394849784
2394.0;0.016550266845809666;0.018612132352941176;0.03445525191703979
2395.5;0.014839767744728968;0.015414729630535846;0.027798718431963815
2397.0;0.037927713726492604;0.017206835592221567;0.0175513698630137
2398.5;0.03149447818769957;0.018010291595197254;0.018848906360245943
2400.0;0.01567987457984609;0.01597712748065927;0.023765996343692867
2401.5;0.017387150648592545;0.017699115044247787;0.025322619917214514
2403.0;0.017386386504641093;0.03742802303262956;0.01810895810084204
2404.5;0.035109707545799736;0.016807551075732556;0.036646406864497674
2406.0;0.018243179757112683;0.016713577195494413;0.016863406408094434
2407.5;0.034190817660438355;0.0175513698630137;0.04195042222827568
2409.0;0.02703900709219858;0.01842179442537598;0.03476946334089191
2410.5;0.02703900709219858;0.015871286409530037;0.0482573726541555
2412.0;0.015095605501509561;0.03864818325709216;0.027291242362525458
2413.5;0.015095605501509561;0.015095605501509561;0.01717650438029585
2415.0;0.01850632726208763;0.015095605501509561;0.015112140214088151
2416.5;0.015809071886378992;0.025088028169014082;0.016638225255972697
2418.0;0.018332165356039182;0.017094017094017096;0.026060070671378093
2419.5;0.018332165356039182;0.0285204991087344;0.017699115044247787
2421.0;0.018332165356039182;0.01549874155517287;0.018470790378006873
2422.5;0.018332165356039182;0.038070547762976345;0.018470790378006873
2424.0;0.018332165356039182;0.0285204991087344;0.030318091451292245
2425.5;0.0161839863713799;0.023418491484184917;0.01718287488267995
2427.0;0.01865038996269922;0.017934291168491913;0.03280923264247333
2428.5;0.017623877982923447;0.01865038996269922;0.02848722986247544
2430.0;0.018876611418047883;0.01850632726208763;0.024816176470588234
2431.5;0.018876611418047883;0.03460837887067396;0.02911275415896488
2433.0;0.01733025239957341;0.0175513698630137;0.040316960483184054
2434.5;0.017083111144968386;0.03320921042632419;0.023418491484184917
2436.0;0.01887912456608984;0.03320921042632419;0.0189328743545611
2437.5;0.03457268994340067;0.017094017094017096;0.015225395561747438
2439.0;0.015731292517006803;0.015095605501509561;0.03639029592108771
2440.5;0.018470790378006873;0.027531083481349913;0.03886691851497967
2442.0;0.0230722525804493;0.031723651744800845;0.016217853406024562
2443.5;0.015280135823429542;0.03706545928938685;0.019138359569179784
2445.0;0.017623877982923447;0.01660281557997176;0.015227325150085095
2446.5;0.016676298192025096;0.017443347491498312;0.01865038996269922
2448.0;0.016638225255972697;0.018010291595197254;0.02460456942003515
2449.5;0.017754480892796753;0.033676001417936904;0.027531083481349913
2451.0;0.033879208022981784;0.032000890578704894;0.030245746691871456
2452.5;0.01836806645203033;0.03564899451553931;0.01783664661861255
2454.0;0.015743018124095107;0.017623877982923447;0.04271844660194175
2455.5;0.016638225255972697;0.014910112661872163;0.03061868686868687
2457.0;0.016863406408094434;0.016582472972657695;0.01784040701566475
2458.5;0.016745540589734254;0.016582472972657695;0.018010291595197254
2460.0;0.03293798595973293;0.018289844042285466;0.017089125102207687
2461.5;0.02703900709219858;0.016557768507871926;0.016835957338750634
2463.0;0.02703900709219858;0.018010291595197254;0.024816176470588234
2464.5;0.032256841786066255;0.01597712748065927;0.0161839863713799
2466.0;0.03864818325709216;0.015809071886378992;0.03706545928938685
2467.5;0.034633078205669056;0.015095605501509561;0.017094017094017096
2469.0;0.03620712313994087;0.017754480892796753;0.026548672566371685
2470.5;0.03065901496568101;0.016745540589734254;0.017754480892796753
2472.0;0.03065901496568101;0.017547197908565945;0.016638225255972697
2473.5;0.03065901496568101;0.018470790378006873;0.025956284153005466
2475.0;0.031723651744800845;0.036646406864497674;0.01584887731663337
2476.5;0.03706545928938685;0.016745540589734254;0.01749271137026239
2478.0;0.01842179442537598;0.03482458408757866;0.016357261371818553
2479.5;0.0189328743545611;0.023418491484184917;0.01874107841782935
2481.0;0.016863406408094434;0.01597712748065927;0.015907416444202047
2482.5;0.017094017094017096;0.016745540589734254;0.017373380447585393
2484.0;0.02802491103202847;0.015769487034319674;0.02703900709219858
2485.5;0.038655160014383315;0.015769487034319674;0.017215791035915702
2487.0;0.015001087035292413;0.03061868686868687;0.02568279495355608
2488.5;0.0285204991087344;0.018683274021352312;0.018010291595197254
2490.0;0.017754480892796753;0.03846568257730848;0.023809523809523808
2491.5;0.017754480892796753;0.017534382187836362;0.04024144869215292
2493.0;0.026548672566371685;0.017699115044247787;0.01741229204378933
2494.5;0.015095605501509561;0.016638225255972697;0.019327580007191657
2496.0;0.015095605501509561;0.0285204991087344;0.015109552273918112
2497.5;0.03293798595973293;0.016676298192025096;0.017373380447585393
2499.0;0.016638225255972697;0.030743823668949708;0.018354055654233276
2500.5;0.0161839863713799;0.01570251018973342;0.04083518107908352
2502.0;0.01865038996269922;0.032449913274663476;0.017754480892796753
2503.5;0.025573192239858905;0.017373380447585393;0.025716433527362123
2505.0;0.03136882129277567;0.016863406408094434;0.01665303193822454
2506.5;0.03617373582983059;0.017094017094017096;0.018424837157241834
2508.0;0.03617373582983059;0.017623877982923447;0.01744420887222671
2509.5;0.03365384615384615;0.0189328743545611;0.02878937007874016
2511.0;0.025573192239858905;0.0189328743545611;0.015370218739033806
2512.5;0.026475958612294584;0.016638225255972697;0.029017857142857144
2514.0;0.026475958612294584;0.016638225255972697;0.0285204991087344
2515.5;0.037483266398929044;0.015001087035292413;0.016638225255972697
2517.0;0.015907416444202047;0.014945495799148322;0.015095605501509561
2518.5;0.018387370467510947;0.014910112661872163;0.01845342706502636
2520.0;0.0383127117749023;0.014910112661872163;0.02733881163084703
2521.5;0.019139945314441957;0.017623877982923447;0.018683274021352312
2523.0;0.024254473161033796;0.017547197908565945;0.0161839863713799
2524.5;0.01645021645021645;0.016863406408094434;0.03401334844478025
2526.0;0.027055702917771884;0.01850632726208763;0.01865038996269922
2527.5;0.017854807063440156;0.017547197908565945;0.0367279087083759
2529.0;0.016651344461395497;0.014910112661872163;0.03968662645284684
2530.5;0.015754618145980746;0.01850632726208763;0.018026004728132386
2532.0;0.018318315411072348;0.01836806645203033;0.02500730733006398
2533.5;0.015706647181942382;0.01836806645203033;0.027292559844072337
2535.0;0.015698776856088704;0.018332165356039182;0.03680571393924872
2536.5;0.026548672566371685;0.018289844042285466;0.0189328743545611
2538.0;0.036646406864497674;0.018277260861902424;0.028580208973570994
2539.5;0.015095605501509561;0.018277260861902424;0.027332170880557977
2541.0;0.015809071886378992;0.017397154861764727;0.024501992031872512
2542.5;0.017465858520325457;0.015001087035292413;0.015168071117696084
2544.0;0.017465858520325457;0.016676298192025096;0.025173611111111115
2545.5;0.037753222836095765;0.016676298192025096;0.032793150894358664
2547.0;0.02802491103202847;0.016676298192025096;0.02724539646749342
2548.5;0.02802491103202847;0.01836806645203033;0.027551020408163263
2550.0;0.02802491103202847;0.01836806645203033;0.025529865125240848
2551.5;0.015001087035292413;0.017427438387099873;0.024784482758620687
2553.0;0.017547197908565945;0.03065901496568101;0.028527316747956073
2554.5;0.036646406864497674;0.01826142579350741;0.0345679012345679
2556.0;0.01663225731761437;0.037927713726492604;0.01654091700522345
2557.5;0.02703900709219858;0.01653549687010534;0.033676001417936904
2559.0;0.018010291595197254;0.03306159420289855;0.022041062801932364
2560.5;0.040343486714193126;0.01850632726208763;0.03469827586206897
2562.0;0.01612259159428971;0.033879208022981784;0.0407120949459928
2563.5;0.017094017094017096;0.03669724770642202;0.024276859504132234
2565.0;0.025088028169014082;0.038041387799061466;0.03742165865034251
2566.5;0.017623877982923447;0.017547197908565945;0.01654091700522345
2568.0;0.02802491103202847;0.0161839863713799;0.024464831804281346
2569.5;0.017094017094017096;0.0161839863713799;0.025522755227552277
2571.0;0.017094017094017096;0.015001087035292413;0.02352661596958175
2572.5;0.03442728442728442;0.014910112661872163;0.02495201535508637
2574.0;0.018010291595197254;0.015724726735506497;0.025240384615384616
2575.5;0.0189328743545611;0.015724726735506497;0.02062309515746698
2577.0;0.01842179442537598;0.03251852018092068;0.0279090113735783
2578.5;0.01842179442537598;0.03251852018092068;0.018595825426944972
2580.0;0.024464831804281346;0.03251852018092068;0.03342102955362625
2581.5;0.017015706806282723;0.014850222990092551;0.02915766738660907
2583.0;0.01612259159428971;0.017397154861764727;0.024240750966316952
2584.5;0.03313611109826108;0.016537723722061845;0.017770849432091198
2586.0;0.03313611109826108;0.01825012709422827;0.016420118343195265
2587.5;0.0175513698630137;0.016638225255972697;0.019074778200253488
2589.0;0.015731292517006803;0.017754480892796753;0.01822145094387539
2590.5;0.017623877982923447;0.01850632726208763;0.015969920686334953
2592.0;0.0350922131147541;0.01850632726208763;0.037483266398929044
2593.5;0.018716969225741748;0.018332165356039182;0.017440853510686204
2595.0;0.01496006376714652;0.0170487948265726;0.017851189788346284
2596.5;0.015780090522922573;0.017094017094017096;0.03251008064516129
2598.0;0.018010291595197254;0.01672535211267606;0.030627490039840638
2599.5;0.024816176470588234;0.015731292517006803;0.02835538752362949
2601.0;0.0189328743545611;0.017547197908565945;0.03503787878787879
2602.5;0.01597712748065927;0.018612132352941176;0.034408602150537634
2604.0;0.015095605501509561;0.019327580007191657;0.02625226941278014
2605.5;0.0175513698630137;0.033745489100308834;0.017015706806282723
2607.0;0.017754480892796753;0.018010291595197254;0.029310623836880004
2608.5;0.015095605501509561;0.016863406408094434;0.018595825426944972
2610.0;0.026060070671378093;0.017094017094017096;0.027055702917771884
2611.5;0.017094017094017096;0.017094017094017096;0.017824497257769654
2613.0;0.018937169700528483;0.017754480892796753;0.026344152244872826
2614.5;0.017373380447585393;0.017754480892796753;0.015119469629254152
2616.0;0.018197573656845753;0.015871286409530037;0.015095605501509561
2617.5;0.0161839863713799;0.0175513698630137;0.024093511450381678
2619.0;0.01654091700522345;0.01597712748065927;0.01675356994726551
2620.5;0.015225395561747438;0.01850632726208763;0.02460456942003515
2622.0;0.036007976406237624;0.0285204991087344;0.018026004728132386
2623.5;0.03647822104531712;0.016638225255972697;0.023765996343692867
2625.0;0.017754480892796753;0.029516994633273706;0.023394808743169397
2626.5;0.03617216117216117;0.038817005545286505;0.01834061135371179
2628.0;0.0175513698630137;0.03669724770642202;0.016348533050547898
2629.5;0.015001087035292413;0.01606832657788072;0.01835078161749423
2631.0;0.0285204991087344;0.04337284482758621;0.024114774114774116
2632.5;0.01865038996269922;0.03404835945928794;0.025173611111111115
2634.0;0.01865038996269922;0.015825372934697504;0.026060070671378093
2635.5;0.01865038996269922;0.016638225255972697;0.03036010245592889
2637.0;0.03320921042632419;0.03130908265900325;0.018487434139972954
2638.5;0.03357531760435572;0.03764790247400502;0.01834862385321101
2640.0;0.015001087035292413;0.0363872644574399;0.015755085912057668
2641.5;0.03183910937543675;0.015280135823429542;0.026060070671378093
2643.0;0.017443347491498312;0.015095605501509561;0.029516994633273706
2644.5;0.01865038996269922;0.024122807017543862;0.026998169615619284
2646.0;0.0175513698630137;0.017754480892796753;0.018792559974975337
2647.5;0.01865038996269922;0.03706545928938685;0.03966822935448972
2649.0;0.017623877982923447;0.02460456942003515;0.03768591312195207
2650.5;0.018470790378006873;0.01597712748065927;0.017498443680569787
2652.0;0.018470790378006873;0.01850632726208763;0.01672535211267606
2653.5;0.038041387799061466;0.017094017094017096;0.031027253668763105
2655.0;0.026548672566371685;0.01850632726208763;0.023394808743169397
2656.5;0.016745540589734254;0.014910112661872163;0.01612259159428971
2658.0;0.017373380447585393;0.030993042378241617;0.03828413284132841
2659.5;0.037753222836095765;0.040343486714193126;0.03966822935448972
2661.0;0.037753222836095765;0.018314772574802095;0.02703900709219858
2662.5;0.016745540589734254;0.01834862385321101;0.026008064516129033
2664.0;0.015095605501509561;0.017825311942959002;0.018302175503958486
2665.5;0.016863406408094434;0.031746031746031744;0.026548672566371685
2667.0;0.016863406408094434;0.025522755227552277;0.025573192239858905
2668.5;0.016863406408094434;0.018314772574802095;0.016638225255972697
2670.0;0.016863406408094434;0.024464831804281346;0.01842179442537598
2671.5;0.01842179442537598;0.024574669187145556;0.018470790378006873
2673.0;0.014910112661872163;0.016025963289428118;0.017094017094017096
2674.5;0.015731292517006803;0.03858520900321543;0.0175513698630137
2676.0;0.015731292517006803;0.027531083481349913;0.01597712748065927
2677.5;0.038041387799061466;0.02909270216962525;0.015095605501509561
2679.0;0.0175513698630137;0.017112577971766515;0.01842179442537598
2680.5;0.032697066101095795;0.035148828372387586;0.017699115044247787
2682.0;0.015001087035292413;0.017603269400950756;0.018010291595197254
2683.5;0.025573192239858905;0.018010291595197254;0.015871286409530037
2685.0;0.016863406408094434;0.026548672566371685;0.018026004728132386
2686.5;0.016745540589734254;0.018026004728132386;0.0161839863713799
2688.0;0.016676298192025096;0.025088028169014082;0.015095605501509561
2689.5;0.036275860696139695;0.0230722525804493;0.015731292517006803
2691.0;0.01606832657788072;0.016863406408094434;0.0175513698630137
2692.5;0.01606832657788072;0.016863406408094434;0.024816176470588234
2694.0;0.016830578931359627;0.02939958592132505;0.015095605501509561
2695.5;0.017603269400950756;0.01810699588477366;0.02495201535508637
2697.0;0.01749000201260901;0.03401334844478025;0.0185554688027144
2698.5;0.015721433426428948;0.016010680000219303;0.018026004728132386
2700.0;0.015731292517006803;0.016638225255972697;0.01749271137026239
2701.5;0.03764790247400502;0.026060070671378093;0.01769257756716558
2703.0;0.017094017094017096;0.038041387799061466;0.017215791035915702
2704.5;0.015001087035292413;0.018010291595197254;0.01676764541378836
2706.0;0.015001087035292413;0.01597712748065927;0.0189328743545611
2707.5;0.016676298192025096;0.01842179442537598;0.015871286409530037
2709.0;0.02909270216962525;0.035650623885918005;0.017465858520325457
2710.5;0.02909270216962525;0.0161839863713799;0.018354055654233276
2712.0;0.036721805475411935;0.015861825872400422;0.0189328743545611
2713.5;0.03497455411697372;0.016755205752543818;0.0175513698630137
2715.0;0.03989126480097258;0.01597712748065927;0.024664750957854403
2716.5;0.03989126480097258;0.0153103221203973;0.021851503759398497
2718.0;0.032050691096334474;0.02495201535508637;0.028353715314420512
2719.5;0.023418491484184917;0.018532729644693425;0.016025963289428118
2721.0;0.038655160014383315;0.03669724770642202;0.019408502772643253
2722.5;0.031723651744800845;0.016335052812576762;0.015639890128370425
2724.0;0.03106789479980177;0.024816176470588234;0.018470790378006873
2725.5;0.03106789479980177;0.02734495764545848;0.027531083481349913
2727.0;0.018470790378006873;0.018082813426555547;0.016043635035830027
2728.5;0.03764790247400502;0.0175513698630137;0.016700702455922763
2730.0;0.017094017094017096;0.018354055654233276;0.0161839863713799
2731.5;0.017094017094017096;0.018197573656845753;0.016638225255972697
2733.0;0.01842179442537598;0.015731292517006803;0.016676298192025096
2734.5;0.018010291595197254;0.015871286409530037;0.018876611418047883
2736.0;0.016745540589734254;0.01850632726208763;0.023418491484184917
2737.5;0.017498443680569787;0.017754480892796753;0.01845342706502636
2739.0;0.017498443680569787;0.025522755227552277;0.016403046280023436
2740.5;0.037312715311890364;0.015095605501509561;0.01845342706502636
2742.0;0.0175513698630137;0.018026004728132386;0.016897746967071057
2743.5;0.03764790247400502;0.01845342706502636;0.018792559974975337
2745.0;0.017547197908565945;0.0175513698630137;0.025088028169014082
2746.5;0.017547197908565945;0.016638225255972697;0.02703900709219858
2748.0;0.01663225731761437;0.0161839863713799;0.01874107841782935
2749.5;0.015095605501509561;0.015731292517006803;0.015095605501509561
2751.0;0.01842179442537598;0.024122807017543862;0.0161839863713799
2752.5;0.024093511450381678;0.017754480892796753;0.015731292517006803
2754.0;0.0153103221203973;0.014910112661872163;0.0161839863713799
2755.5;0.018671683262517162;0.015095605501509561;0.035650623885918005
2757.0;0.01581441031817882;0.017547197908565945;0.016745540589734254
2758.5;0.01865038996269922;0.015769487034319674;0.0170487948265726
2760.0;0.015871286409530037;0.026060070671378093;0.015280135823429542
2761.5;0.015095605501509561;0.016638225255972697;0.03212468193384224
2763.0;0.015095605501509561;0.01865038996269922;0.0230722525804493
2764.5;0.015001087035292413;0.025;0.015280135823429542
2766.0;0.01597712748065927;0.01695388914764788;0.018354055654233276
2767.5;0.027531083481349913;0.026548672566371685;0.03780660529195906
2769.0;0.03669724770642202;0.01597712748065927;0.015139193690331638
2770.5;0.017094017094017096;0.014910112661872163;0.015280135823429542
2772.0;0.035650623885918005;0.01660281557997176;0.023418491484184917
2773.5;0.017623877982923447;0.017094017094017096;0.018848906360245943
2775.0;0.029516994633273706;0.01842179442537598;0.025573192239858905
2776.5;0.03466050479914682;0.016348533050547898;0.015871286409530037
2778.0;0.016676298192025096;0.026780257575825167;0.01597712748065927
2779.5;0.015743018124095107;0.01783664661861255;0.024464831804281346
2781.0;0.024464831804281346;0.0175513698630137;0.016863406408094434
2782.5;0.0189328743545611;0.0175513698630137;0.015809071886378992
2784.0;0.0189328743545611;0.020167303885680193;0.01865038996269922
2785.5;0.0189328743545611;0.027791450253818295;0.014910112661872163
2787.0;0.03902213310711807;0.024033467974610503;0.015724726735506497
2788.5;0.02802491103202847;0.01834862385321101;0.018010291595197254
2790.0;0.03293798595973293;0.015654541329501625;0.015095605501509561
2791.5;0.015871286409530037;0.01942319011183049;0.015731292517006803
2793.0;0.015743018124095107;0.022041062801932364;0.01850632726208763
2794.5;0.026060070671378093;0.0161839863713799;0.01929824561403509
2796.0;0.017699115044247787;0.01865038996269922;0.02669539153240914
2797.5;0.038817005545286505;0.03902213310711807;0.03134288677424068
2799.0;0.01865038996269922;0.017547197908565945;0.01780160609014529
2800.5;0.015095605501509561;0.03130908265900325;0.017094017094017096
2802.0;0.029135338345864664;0.03130908265900325;0.01865038996269922
2803.5;0.03460837887067396;0.034633078205669056;0.018010291595197254
2805.0;0.025439127801332527;0.017443347491498312;0.02703900709219858
2806.5;0.03257387725662403;0.036122089571306734;0.019013666072489603
2808.0;0.02848722986247544;0.03212468193384224;0.033676001417936904
2809.5;0.0153103221203973;0.031723651744800845;0.019139945314441957
2811.0;0.01842904360817203;0.017547197908565945;0.016403046280023436
2812.5;0.01842904360817203;0.03669724770642202;0.02802491103202847
2814.0;0.015280135823429542;0.01597712748065927;0.023762376237623763
2815.5;0.01749271137026239;0.019274809160305342;0.01904761904761905
2817.0;0.01749271137026239;0.01645021645021645;0.017391304347826087
2818.5;0.02670240913521794;0.01858759764068229;0.01845342706502636
2820.0;0.0392709217668699;0.014977544128398844;0.024464831804281346
2821.5;0.03403342569610337;0.015280135823429542;0.01879117923894043
2823.0;0.03403342569610337;0.015280135823429542;0.019626168224299065
2824.5;0.01839739098584907;0.018010291595197254;0.02491540293269833
2826.0;0.01839739098584907;0.019345238095238096;0.024114774114774116
2827.5;0.01839739098584907;0.019345238095238096;0.03476361919376734
2829.0;0.03739470957410809;0.024924471299093656;0.01597712748065927
2830.5;0.03739470957410809;0.0170487948265726;0.027404631498030175
2832.0;0.034466503318240034;0.024114774114774116;0.016998012685311384
2833.5;0.031633929918190605;0.017094017094017096;0.017094017094017096
2835.0;0.031633929918190605;0.016863406408094434;0.026060070671378093
2836.5;0.014854857560555929;0.016745540589734254;0.01713180436584692
2838.0;0.014854857560555929;0.036514961411379304;0.03764790247400502
2839.5;0.034297461938043394;0.01865038996269922;0.01645021645021645
2841.0;0.018259258179111806;0.018470790378006873;0.016540830518577392
2842.5;0.018259258179111806;0.02684356680037026;0.015276502717804095
2844.0;0.018259258179111806;0.038942267324001106;0.0161839863713799
2845.5;0.018259258179111806;0.015024970979036621;0.03423209093312186
2847.0;0.02802491103202847;0.025522755227552277;0.02703900709219858
2848.5;0.01865038996269922;0.025088028169014082;0.017623877982923447
2850.0;0.01865038996269922;0.017754480892796753;0.03215077605321508
2851.5;0.01865038996269922;0.025522755227552277;0.018016244154565594
2853.0;0.015001087035292413;0.03564899451553931;0.037211581431449876
2854.5;0.03864818325709216;0.029017857142857144;0.03156312625250501
2856.0;0.03864818325709216;0.015731292517006803;0.02734495764545848
2857.5;0.03864818325709216;0.04083665338645418;0.028580208973570994
2859.0;0.01836806645203033;0.03564899451553931;0.01749271137026239
2860.5;0.016582472972657695;0.03564899451553931;0.02734495764545848
2862.0;0.016582472972657695;0.025088028169014082;0.019139945314441957
2863.5;0.03722426470588235;0.0370850622406639;0.035073966367429515
2865.0;0.03320921042632419;0.03530661003451022;0.015414729630535846
2866.5;0.03320921042632419;0.017679771605305417;0.02668759811616954
2868.0;0.017547197908565945;0.015024970979036621;0.023809523809523808
2869.5;0.014910112661872163;0.015024970979036621;0.03819608584664839
2871.0;0.02703900709219858;0.015024970979036621;0.025088028169014082
2872.5;0.03966822935448972;0.031882364059554434;0.03854883584712257
2874.0;0.015871286409530037;0.02703900709219858;0.018010291595197254
2875.5;0.015871286409530037;0.035650623885918005;0.016335052812576762
2877.0;0.03250478011472275;0.017623877982923447;0.023031496062992124
2878.5;0.0189328743545611;0.015280135823429542;0.018937169700528483
2880.0;0.03764790247400502;0.03609431217943811;0.025088028169014082
2881.5;0.016745540589734254;0.014910112661872163;0.0328195714783049
2883.0;0.0325497287522604;0.02516881522406384;0.041080069724596664
2884.5;0.036646406864497674;0.01865038996269922;0.01733025239957341
2886.0;0.035127911416571206;0.031723651744800845;0.017004588798125428
2887.5;0.035127911416571206;0.016937514305333027;0.027587890625
2889.0;0.015809071886378992;0.016937514305333027;0.019139945314441957
2890.5;0.036514961411379304;0.025573192239858905;0.017373380447585393
2892.0;0.036514961411379304;0.017754480892796753;0.01810699588477366
2893.5;0.036514961411379304;0.02238354506957048;0.029667558865743435
2895.0;0.03265254436585322;0.015095605501509561;0.03504912116942841
2896.5;0.03265254436585322;0.01865038996269922;0.022405660377358493
2898.0;0.015724726735506497;0.015280135823429542;0.04746136865342164
2899.5;0.015724726735506497;0.03250478011472275;0.01862097440132122
2901.0;0.02802491103202847;0.03250478011472275;0.017936968522027027
2902.5;0.02802491103202847;0.015225395561747438;0.016913946587537095
2904.0;0.017754480892796753;0.016745540589734254;0.017924528301886795
2905.5;0.038041387799061466;0.017391304347826087;0.01834862385321101
2907.0;0.038041387799061466;0.03576475206070915;0.0196525928743502
2908.5;0.029647930821494754;0.01678154888258163;0.017971946230274694
2910.0;0.018792559974975337;0.03282180603386394;0.024574669187145556
2911.5;0.018467296424989527;0.017754480892796753;0.019138359569179784
2913.0;0.015791096363576857;0.0175513698630137;0.017154737992035804
2914.5;0.02460456942003515;0.024122807017543862;0.023762376237623763
2916.0;0.033676001417936904;0.03130908265900325;0.02352661596958175
2917.5;0.02802491103202847;0.03130908265900325;0.016217853406024562
2919.0;0.03669724770642202;0.024464831804281346;0.03735776377348466
2920.5;0.03669724770642202;0.018047156089719053;0.015095605501509561
2922.0;0.035774141714325206;0.017094017094017096;0.018371212121212118
2923.5;0.03966822935448972;0.016745540589734254;0.02400793650793651
2925.0;0.03966822935448972;0.023765996343692867;0.01672535211267606
2926.5;0.03966822935448972;0.024672187715665976;0.018683274021352312
2928.0;0.015731292517006803;0.01769257756716558;0.017830478700043915
2929.5;0.02587800369685767;0.0175884771057884;0.0172434729811779
2931.0;0.01597712748065927;0.03099854965284078;0.016403046280023436
2932.5;0.015809071886378992;0.015095605501509561;0.0161839863713799
2934.0;0.0161839863713799;0.023418491484184917;0.031746031746031744
2935.5;0.028580208973570994;0.03411405295315682;0.03466050479914682
2937.0;0.017287443030017287;0.03411405295315682;0.03212468193384224
2938.5;0.018753527560063075;0.03290225315948789;0.02631578947368421
2940.0;0.017094017094017096;0.024122807017543862;0.025066940124195296
2941.5;0.017754480892796753;0.017754480892796753;0.0319262493934983
2943.0;0.0175513698630137;0.017754480892796753;0.01889796773517704
2944.5;0.03416622228993677;0.01597712748065927;0.02132510729613734
2946.0;0.02703900709219858;0.032697066101095795;0.017302793349676913
2947.5;0.015001087035292413;0.032697066101095795;0.016335052812576762
2949.0;0.016863406408094434;0.01612259159428971;0.02351778656126482
2950.5;0.01672535211267606;0.01783664661861255;0.017465753424657532
2952.0;0.024672187715665976;0.016863406408094434;0.0175513698630137
2953.5;0.026548672566371685;0.01834061135371179;0.03004578405188859
2955.0;0.016676298192025096;0.01597712748065927;0.022964015151515152
2956.5;0.015769487034319674;0.0161839863713799;0.01718287488267995
2958.0;0.018010291595197254;0.016863406408094434;0.016227244820246782
2959.5;0.016745540589734254;0.03326935380678182;0.02491909385113269
2961.0;0.03864818325709216;0.018314772574802095;0.024371934016544996
2962.5;0.03864818325709216;0.01814552172099398;0.029490616621983917
2964.0;0.027531083481349913;0.022964015151515152;0.030318091451292245
2965.5;0.01865038996269922;0.03927824843217075;0.024093511450381678
2967.0;0.038041387799061466;0.01764836420273119;0.018047156089719053
2968.5;0.018010291595197254;0.023642732049036778;0.024664750957854403
2970.0;0.016863406408094434;0.03250478011472275;0.040819094114456195
2971.5;0.0325497287522604;0.01606832657788072;0.01597712748065927
2973.0;0.017094017094017096;0.016830578931359627;0.01780160609014529
2974.5;0.017754480892796753;0.01848360454802751;0.01733025239957341
2976.0;0.015001087035292413;0.017094017094017096;0.02503945291951604
2977.5;0.024122807017543862;0.031746031746031744;0.01597712748065927
2979.0;0.038041387799061466;0.01597712748065927;0.03238269533831528
2980.5;0.018470790378006873;0.030245746691871456;0.018026004728132386
2982.0;0.018470790378006873;0.03916827852998066;0.0170487948265726
2983.5;0.03416622228993677;0.030009920634920632;0.0189328743545611
2985.0;0.018332165356039182;0.03969754253308129;0.025055483785484785
2986.5;0.016638225255972697;0.01874107841782935;0.02352661596958175
2988.0;0.0175513698630137;0.014922830014276238;0.025213965031514417
2989.5;0.0175513698630137;0.014895060311512434;0.026592455163883737
2991.0;0.016863406408094434;0.018296312618706345;0.02268431001890359
2992.5;0.033879208022981784;0.018296312618706345;0.0153103221203973
2994.0;0.03450566571561023;0.03525041921956934;0.023394808743169397
2995.5;0.036275860696139695;0.03525041921956934;0.02478101474827191
2997.0;0.036275860696139695;0.030621496568895352;0.03407395898073338
2998.5;0.03527987093940073;0.016542233453845485;0.017275540590513633
3000.0;0.01741601350785099;0.032406029959032856;0.017094017094017096
3001.5;0.015695763321720377;0.018470790378006873;0.01879117923894043
3003.0;0.031520049278972326;0.018470790378006873;0.03242632614204403
3004.5;0.031520049278972326;0.031723651744800845;0.016838000708968452
3006.0;0.031520049278972326;0.024114774114774116;0.015008842899186362
3007.5;0.031520049278972326;0.017094017094017096;0.031746031746031744
3009.0;0.031520049278972326;0.03764790247400502;0.03136882129277567
3010.5;0.03241323970006249;0.035774141714325206;0.017368069472277887
3012.0;0.03241323970006249;0.018332165356039182;0.025956284153005466
3013.5;0.03241323970006249;0.01741601350785099;0.017015706806282723
3015.0;0.03148640294042308;0.03150535334704598;0.015280135823429542
3016.5;0.03148640294042308;0.017754480892796753;0.018010291595197254
3018.0;0.03148640294042308;0.03966822935448972;0.01845342706502636
3019.5;0.03148640294042308;0.03966822935448972;0.03297682709447416
3021.0;0.03148640294042308;0.03966822935448972;0.03209087658277752
3022.5;0.03148640294042308;0.01842179442537598;0.03696682464454976
3024.0;0.03148640294042308;0.015769487034319674;0.018010291595197254
3025.5;0.03148640294042308;0.025573192239858905;0.015731292517006803
3027.0;0.03148640294042308;0.017699115044247787;0.027531083481349913
3028.5;0.03148640294042308;0.03535245814226298;0.03320921042632419
3030.0;0.03148640294042308;0.014986153377295074;0.017893106119287374
3031.5;0.03148640294042308;0.01865038996269922;0.01702553830746119
3033.0;0.03148640294042308;0.01865038996269922;0.029816513761467895
3034.5;0.015680987109796585;0.016745540589734254;0.029063046996268042
3036.0;0.015680987109796585;0.01836806645203033;0.014967643488370664
3037.5;0.014829976303317897;0.02460456942003515;0.014876855936587278
3039.0;0.014829976303317897;0.037753222836095765;0.015095605501509561
3040.5;0.017387150648592545;0.035650623885918005;0.03212468193384224
3042.0;0.017387150648592545;0.03293798595973293;0.035650623885918005
3043.5;0.016530470370958342;0.03293798595973293;0.03617216117216117
3045.0;0.01738538657899296;0.03293798595973293;0.03191137566137566
3046.5;0.03510567414170811;0.035437678433415665;0.02400116195194872
3048.0;0.03510567414170811;0.014870091759449306;0.03156312625250501
3049.5;0.03510567414170811;0.03807194397841974;0.03835236436358944
3051.0;0.03510567414170811;0.02703900709219858;0.03250478011472275
3052.5;0.03510567414170811;0.03061868686868687;0.016821418488660245
3054.0;0.03327842764141679;0.017094017094017096;0.040674603174603176
3055.5;0.03327842764141679;0.01850632726208763;0.03331214913674399
3057.0;0.03327842764141679;0.03482458408757866;0.025956284153005466
3058.5;0.03327842764141679;0.03482458408757866;0.029702970297029705
3060.0;0.01652929138178772;0.03326935380678182;0.03125
3061.5;0.03786718816337065;0.03951778570656288;0.01969053067451237
3063.0;0.03786718816337065;0.03748467708982989;0.03800513149454778
3064.5;0.03786718816337065;0.03748467708982989;0.04047456151262595
3066.0;0.01824237324511988;0.01672693391308206;0.04236902050113895
3067.5;0.03418869407882383;0.026060070671378093;0.031163260156447138
3069.0;0.033276919353557415;0.015871286409530037;0.01710322537202882
3070.5;0.033276919353557415;0.03357729479429107;0.017460979111666896
3072.0;0.033276919353557415;0.03357729479429107;0.01713180436584692
3073.5;0.033276919353557415;0.01830736743700201;0.03134288677424068
3075.0;0.033276919353557415;0.0352330815985435;0.03326226012793177
3076.5;0.033276919353557415;0.018010291595197254;0.015136118568480843
3078.0;0.031462899357956466;0.018010291595197254;0.022128060263653486
3079.5;0.031462899357956466;0.017623877982923447;0.04009504902845455
3081.0;0.031462899357956466;0.01865038996269922;0.01670998886000743
3082.5;0.031462899357956466;0.017934291168491913;0.029451771822334473
3084.0;0.031462899357956466;0.01845342706502636;0.03481624758220503
3085.5;0.031462899357956466;0.02619146866750035;0.019327580007191657
3087.0;0.031462899357956466;0.0161839863713799;0.02252710027100271
3088.5;0.03418831253093;0.038041387799061466;0.02927662733253129
3090.0;0.03418831253093;0.027886497064579255;0.03279317053708596
3091.5;0.03146276182817855;0.025636129616271337;0.015731292517006803
3093.0;0.03146276182817855;0.017824497257769654;0.015731292517006803
3094.5;0.03146276182817855;0.02734495764545848;0.018937169700528483
3096.0;0.017384146439657036;0.024924471299093656;0.02724539646749342
3097.5;0.017384146439657036;0.0369744210049458;0.018197573656845753
3099.0;0.0175513698630137;0.014936197678611653;0.03879026955950033
3100.5;0.0175513698630137;0.018470790378006873;0.035869565217391305
3102.0;0.0175513698630137;0.017089125102207687;0.02516881522406384
3103.5;0.0175513698630137;0.0189140997341924;0.04195042222827568
3105.0;0.016863406408094434;0.034630139173547805;0.018010291595197254
3106.5;0.016676298192025096;0.02724539646749342;0.02623456790123457
3108.0;0.03841245791927793;0.026616509333522605;0.023765996343692867
3109.5;0.01660281557997176;0.015006885229596255;0.029702970297029705
3111.0;0.03441791502515164;0.027531083481349913;0.03603764501250174
3112.5;0.017427438387099873;0.026998169615619284;0.031098370971124938
3114.0;0.03442728442728442;0.022727272727272728;0.015517241379310345
3115.5;0.015280135823429542;0.01702553830746119;0.023809523809523808
3117.0;0.016745540589734254;0.024093511450381678;0.03927824843217075
3118.5;0.032302332946268345;0.024093511450381678;0.019598155467720684
3120.0;0.015069294547215105;0.025148597325954054;0.018610244807272875
3121.5;0.0321878706485571;0.017373380447585393;0.017094017094017096
3123.0;0.040968342644320296;0.03466050479914682;0.01842179442537598
3124.5;0.016638225255972697;0.035774141714325206;0.015095605501509561
3126.0;0.015731292517006803;0.03004578405188859;0.01608187134502924
3127.5;0.03609431217943811;0.024642730899358683;0.019524316648917288
3129.0;0.015769487034319674;0.04113010574176276;0.02623456790123457
3130.5;0.027531083481349913;0.04113010574176276;0.01606832657788072
3132.0;0.017094017094017096;0.015988786911306178;0.02878937007874016
3133.5;0.017754480892796753;0.017094017094017096;0.017509906921021105
3135.0;0.01850632726208763;0.016863406408094434;0.019263204616067467
3136.5;0.017623877982923447;0.035650623885918005;0.038100208768267224
3138.0;0.017623877982923447;0.01663225731761437;0.0336838885409232
3139.5;0.017094017094017096;0.014870091759449306;0.03646726766183682
3141.0;0.016863406408094434;0.018289844042285466;0.018010291595197254
3142.5;0.015001087035292413;0.0161839863713799;0.023244781783681213
3144.0;0.017465858520325457;0.017623877982923447;0.017699115044247787
3145.5;0.017465858520325457;0.03276661638370833;0.034586228679722046
3147.0;0.017465858520325457;0.026060070671378093;0.026548672566371685
3148.5;0.01830736743700201;0.026060070671378093;0.01749271137026239
3150.0;0.015695763321720377;0.01865038996269922;0.027312228429546864
3151.5;0.015695763321720377;0.017094017094017096;0.02848722986247544
3153.0;0.03828413284132841;0.017094017094017096;0.029937629937629936
3154.5;0.017754480892796753;0.035650623885918005;0.018937370139507272
3156.0;0.017754480892796753;0.035127911416571206;0.026322874598736667
3157.5;0.017754480892796753;0.026060070671378093;0.018130653858620383
3159.0;0.03416622228993677;0.016638225255972697;0.016713369694976804
3160.5;0.03416622228993677;0.015095605501509561;0.017094017094017096
3162.0;0.03722426470588235;0.015095605501509561;0.03722426470588235
3163.5;0.03130908265900325;0.03482458408757866;0.031746031746031744
3165.0;0.03130908265900325;0.015095605501509561;0.025240384615384616
3166.5;0.03130908265900325;0.037753222836095765;0.015992751525289242
3168.0;0.03130908265900325;0.037753222836095765;0.018026004728132386
3169.5;0.032000890578704894;0.032256841786066255;0.018354055654233276
3171.0;0.032000890578704894;0.032256841786066255;0.03383297644539615
3172.5;0.032000890578704894;0.032256841786066255;0.03365384615384615
3174.0;0.032000890578704894;0.033879208022981784;0.025439127801332527
3175.5;0.032000890578704894;0.033697931493502586;0.03061868686868687
3177.0;0.032000890578704894;0.02703900709219858;0.040080752375793983
3178.5;0.032000890578704894;0.036646406864497674;0.01597712748065927
3180.0;0.03841245791927793;0.036646406864497674;0.030245746691871456
3181.5;0.03841245791927793;0.032256841786066255;0.027531083481349913
3183.0;0.03841245791927793;0.03864818325709216;0.03411405295315682
3184.5;0.03841245791927793;0.036514961411379304;0.018323203432248837
3186.0;0.01488644788002137;0.036514961411379304;0.027089313025078044
3187.5;0.017443347491498312;0.036514961411379304;0.03305986837466238
3189.0;0.017427438387099873;0.036514961411379304;0.023418491484184917
3190.5;0.017427438387099873;0.036514961411379304;0.03357531760435572
3192.0;0.017427438387099873;0.036514961411379304;0.017094017094017096
3193.5;0.017427438387099873;0.036514961411379304;0.038041387799061466
3195.0;0.016557768507871926;0.036514961411379304;0.02703900709219858
3196.5;0.01740771421307761;0.036514961411379304;0.01929824561403509
3198.0;0.014839767744728968;0.036514961411379304;0.03061868686868687
3199.5;0.014839767744728968;0.018332165356039182;0.037753222836095765
3201.0;0.030600620463832856;0.032573955124637066;0.01865038996269922
3202.5;0.014834097312229661;0.01740771421307761;0.03828413284132841
3204.0;0.015682478532320222;0.01740771421307761;0.029132231404958676
3205.5;0.015682478532320222;0.037753222836095765;0.02724597412685608
3207.0;0.031480391538412276;0.038655160014383315;0.03326958432350495
3208.5;0.03764790247400502;0.038655160014383315;0.017623877982923447
3210.0;0.026060070671378093;0.023642732049036778;0.015743018124095107
3211.5;0.047842920353982306;0.023642732049036778;0.03534512971343672
3213.0;0.04000324569944823;0.023642732049036778;0.02802491103202847
3214.5;0.03603764501250174;0.023642732049036778;0.015095605501509561
3216.0;0.03815565750315978;0.02802491103202847;0.024114774114774116
3217.5;0.025088028169014082;0.016863406408094434;0.024114774114774116
3219.0;0.03764790247400502;0.023642732049036778;0.03320921042632419
3220.5;0.018543046357615892;0.038041387799061466;0.016863406408094434
3222.0;0.034156806657131715;0.016863406408094434;0.03669724770642202
3223.5;0.0178084333111884;0.01850632726208763;0.03966822935448972
3225.0;0.031124453093805272;0.016676298192025096;0.029017857142857144
3226.5;0.018026004728132386;0.016676298192025096;0.02516881522406384
3228.0;0.032256841786066255;0.01836806645203033;0.028580208973570994
3229.5;0.0189328743545611;0.01836806645203033;0.039888682745825604
3231.0;0.031723651744800845;0.01836806645203033;0.037753222836095765
3232.5;0.01850632726208763;0.018332165356039182;0.03758169934640523
3234.0;0.01850632726208763;0.037210128013628566;0.02619146866750035
3235.5;0.01850632726208763;0.037210128013628566;0.016638225255972697
3237.0;0.025088028169014082;0.037210128013628566;0.0175513698630137
3238.5;0.025088028169014082;0.037210128013628566;0.038041387799061466
3240.0;0.025088028169014082;0.015711796950363736;0.0175513698630137
3241.5;0.025088028169014082;0.015711796950363736;0.025088028169014082
3243.0;0.03609431217943811;0.038017461422104666;0.042157659488013005
3244.5;0.017094017094017096;0.038017461422104666;0.03577141515387212
3246.0;0.01597712748065927;0.038017461422104666;0.0189328743545611
3247.5;0.016745540589734254;0.03669724770642202;0.015731292517006803
3249.0;0.019013666072489603;0.01865038996269922;0.0161839863713799
3250.5;0.0170487948265726;0.01865038996269922;0.03674948240165632
3252.0;0.0189328743545611;0.01842179442537598;0.01535109722361575
3253.5;0.015095605501509561;0.01842179442537598;0.01654091700522345
3255.0;0.023765996343692867;0.03460837887067396;0.03669724770642202
3256.5;0.03466050479914682;0.032697066101095795;0.026475958612294584
3258.0;0.017824497257769654;0.03320921042632419;0.039888682745825604
3259.5;0.01726263871763255;0.016676298192025096;0.015095605501509561
3261.0;0.015033359741139864;0.014910112661872163;0.01842179442537598
3262.5;0.0170487948265726;0.027531083481349913;0.03466050479914682
3264.0;0.017094017094017096;0.03466050479914682;0.0161839863713799
3265.5;0.01672535211267606;0.03706545928938685;0.027531083481349913
3267.0;0.023809523809523808;0.015769487034319674;0.017215791035915702
3268.5;0.017122114923635367;0.0161839863713799;0.029516994633273706
3270.0;0.015988786911306178;0.017094017094017096;0.01967799642218247
3271.5;0.018470790378006873;0.031723651744800845;0.027332170880557977
3273.0;0.01865038996269922;0.0175513698630137;0.03639411311140166
3274.5;0.01865038996269922;0.029017857142857144;0.016293098349991132
3276.0;0.017623877982923447;0.033676001417936904;0.02000645369474024
3277.5;0.03130908265900325;0.01850632726208763;0.01699874599414797
3279.0;0.014945495799148322;0.015743018124095107;0.019327580007191657
3280.5;0.014910112661872163;0.019139945314441957;0.01836395435418795
3282.0;0.016568094782873223;0.024816176470588234;0.018010291595197254
3283.5;0.017754480892796753;0.019274809160305342;0.0161839863713799
3285.0;0.016676298192025096;0.017391304347826087;0.024664750957854403
3286.5;0.016676298192025096;0.03724194880264244;0.01950286806883365
3288.0;0.026060070671378093;0.024816176470588234;0.02268431001890359
3289.5;0.01597712748065927;0.018026004728132386;0.016293098349991132
3291.0;0.015001087035292413;0.03638309256286784;0.017656852955616538
3292.5;0.01726263871763255;0.025529865125240848;0.018010291595197254
3294.0;0.017754480892796753;0.0293705204113431;0.025522755227552277
3295.5;0.03460837887067396;0.02527989385649756;0.0325497287522604
3297.0;0.018937169700528483;0.03233896458896963;0.01929824561403509
3298.5;0.017603269400950756;0.03583639006827232;0.024203298031819725
3300.0;0.0175513698630137;0.027798718431963815;0.01882395123700251
3301.5;0.01865038996269922;0.028598801710208344;0.016664843504300385
3303.0;0.03212468193384224;0.018010291595197254;0.0161839863713799
3304.5;0.030938123752495012;0.037753222836095765;0.01929824561403509
3306.0;0.03530661003451022;0.03966822935448972;0.040343486714193126
3307.5;0.025522755227552277;0.016863406408094434;0.0370850622406639
3309.0;0.04057719431485299;0.017623877982923447;0.027291242362525458
3310.5;0.0161839863713799;0.0325497287522604;0.017987706243934
3312.0;0.017754480892796753;0.0325497287522604;0.03409090909090909
3313.5;0.036646406864497674;0.017547197908565945;0.044468546637744036
3315.0;0.030318091451292245;0.01663225731761437;0.028865979381443297
3316.5;0.04280472890338361;0.035437678433415665;0.01643951102992834
3318.0;0.033745489100308834;0.035437678433415665;0.01730418943533698
3319.5;0.026548672566371685;0.035437678433415665;0.03614457831325302
3321.0;0.03800513149454778;0.037210128013628566;0.02767652220872148
3322.5;0.016807551075732556;0.03435603223272361;0.025625539257981018
3324.0;0.03466050479914682;0.03339355998530387;0.01861305152546421
3325.5;0.024114774114774116;0.03794901389545961;0.018010291595197254
3327.0;0.025439127801332527;0.03794901389545961;0.0285204991087344
3328.5;0.018610244807272875;0.0351424443992876;0.024464831804281346
3330.0;0.017094017094017096;0.03604392459334977;0.017373380447585393
3331.5;0.025573192239858905;0.03604392459334977;0.035869565217391305
3333.0;0.02703900709219858;0.03788504815855055;0.01810188254965837
3334.5;0.025573192239858905;0.03788504815855055;0.04330218068535825
3336.0;0.015280135823429542;0.03788504815855055;0.015117827861924974
3337.5;0.016863406408094434;0.014829232922191612;0.03828413284132841
3339.0;0.02238354506957048;0.03056732006096618;0.015001087035292413
3340.5;0.017754480892796753;0.041250831669993354;0.032886334610472544
3342.0;0.017623877982923447;0.031723651744800845;0.0425033467202142
3343.5;0.014910112661872163;0.017623877982923447;0.03212468193384224
3345.0;0.018470790378006873;0.014945495799148322;0.03823174953203928
3346.5;0.015280135823429542;0.014945495799148322;0.024122807017543862
3348.0;0.015280135823429542;0.030813820600779404;0.03916827852998066
3349.5;0.01865038996269922;0.030813820600779404;0.024464831804281346
3351.0;0.03250478011472275;0.0381479518588489;0.03966822935448972
3352.5;0.017754480892796753;0.03320921042632419;0.019138359569179784
3354.0;0.01850632726208763;0.029017857142857144;0.01709768189736031
3355.5;0.03293798595973293;0.03966822935448972;0.031069940425682032
3357.0;0.018010291595197254;0.035127911416571206;0.018026004728132386
3358.5;0.03357531760435572;0.035774141714325206;0.01713180436584692
3360.0;0.03466050479914682;0.03460837887067396;0.039074658151710524
3361.5;0.015095605501509561;0.016863406408094434;0.025240384615384616
3363.0;0.03864818325709216;0.015871286409530037;0.015033359741139864
3364.5;0.018010291595197254;0.03466050479914682;0.015731292517006803
3366.0;0.01865038996269922;0.016676298192025096;0.015001087035292413
3367.5;0.038041387799061466;0.03276661638370833;0.032000890578704894
3369.0;0.038041387799061466;0.03825578292372061;0.025573192239858905
3370.5;0.0175513698630137;0.01726263871763255;0.017754480892796753
3372.0;0.036646406864497674;0.01874107841782935;0.024816176470588234
3373.5;0.016676298192025096;0.014965094221118901;0.038655160014383315
3375.0;0.036514961411379304;0.017094017094017096;0.0161839863713799
3376.5;0.025088028169014082;0.025590081856473018;0.026475958612294584
3378.0;0.025088028169014082;0.016816035313051574;0.036646406864497674
3379.5;0.025088028169014082;0.018473340935281975;0.032000890578704894
3381.0;0.025088028169014082;0.033676001417936904;0.01672535211267606
3382.5;0.016863406408094434;0.03902213310711807;0.018610244807272875
3384.0;0.016863406408094434;0.03902213310711807;0.025088028169014082
3385.5;0.035774141714325206;0.017498443680569787;0.01597712748065927
3387.0;0.035774141714325206;0.03326935380678182;0.038041387799061466
3388.5;0.016638225255972697;0.016863406408094434;0.038041387799061466
3390.0;0.03466050479914682;0.03764790247400502;0.03669724770642202
3391.5;0.03466050479914682;0.03902213310711807;0.03706545928938685
3393.0;0.03466050479914682;0.03617216117216117;0.034633078205669056
3394.5;0.038041387799061466;0.027168254985184596;0.03165717058169511
3396.0;0.01836806645203033;0.03512773722627738;0.036157843689975176
3397.5;0.0161839863713799;0.030009920634920632;0.02238354506957048
3399.0;0.02802491103202847;0.037483266398929044;0.017094017094017096
3400.5;0.024464831804281346;0.03800513149454778;0.025573192239858905
3402.0;0.0161839863713799;0.037753222836095765;0.01597712748065927
3403.5;0.025088028169014082;0.038817005545286505;0.017623877982923447
3405.0;0.016638225255972697;0.03798297314996725;0.017623877982923447
3406.5;0.016638225255972697;0.03669724770642202;0.036514961411379304
3408.0;0.035127911416571206;0.015280135823429542;0.015743018124095107
3409.5;0.0175513698630137;0.017971946230274694;0.025088028169014082
3411.0;0.018354055654233276;0.025439127801332527;0.025088028169014082
3412.5;0.035650623885918005;0.016830578931359627;0.02495201535508637
3414.0;0.038655160014383315;0.026548672566371685;0.016043635035830027
3415.5;0.03320921042632419;0.018876611418047883;0.014922830014276238
3417.0;0.014945495799148322;0.03530539163766581;0.03409090909090909
3418.5;0.017094017094017096;0.03530539163766581;0.038817005545286505
3420.0;0.017623877982923447;0.018010291595197254;0.035650623885918005
3421.5;0.017623877982923447;0.018010291595197254;0.016638225255972697
3423.0;0.017623877982923447;0.015731292517006803;0.03609431217943811
3424.5;0.017623877982923447;0.0175513698630137;0.014945495799148322
3426.0;0.017547197908565945;0.01672535211267606;0.03564899451553931
3427.5;0.017547197908565945;0.01597712748065927;0.039603960396039604
3429.0;0.034633078205669056;0.032256841786066255;0.026060070671378093
3430.5;0.015724726735506497;0.0175513698630137;0.03706545928938685
3432.0;0.01865038996269922;0.015446744068652195;0.014945495799148322
3433.5;0.017623877982923447;0.02587800369685767;0.03530661003451022
3435.0;0.032000890578704894;0.02587800369685767;0.03433409463633528
3436.5;0.032000890578704894;0.02752293577981652;0.03433409463633528
3438.0;0.016863406408094434;0.017883272962794156;0.0161839863713799
3439.5;0.017373380447585393;0.018467296424989527;0.023765996343692867
3441.0;0.01654091700522345;0.018010291595197254;0.01597712748065927
3442.5;0.01702553830746119;0.015731292517006803;0.016745540589734254
3444.0;0.03313611109826108;0.015001087035292413;0.03764790247400502
3445.5;0.03289285823417288;0.017089125102207687;0.015001087035292413
3447.0;0.027531083481349913;0.015227325150085095;0.015769487034319674
3448.5;0.017754480892796753;0.039888682745825604;0.018332165356039182
3450.0;0.017754480892796753;0.01597712748065927;0.015597920277296359
3451.5;0.017754480892796753;0.03251008064516129;0.016081348496769426
3453.0;0.014945495799148322;0.018683274021352312;0.03403342569610337
3454.5;0.017498443680569787;0.01865038996269922;0.02703900709219858
3456.0;0.017498443680569787;0.01950286806883365;0.02703900709219858
3457.5;0.016638225255972697;0.03828413284132841;0.017094017094017096
3459.0;0.036646406864497674;0.016638225255972697;0.017094017094017096
3460.5;0.036646406864497674;0.018323203432248837;0.017754480892796753
3462.0;0.036646406864497674;0.03166189562427255;0.039046777597801015
3463.5;0.016745540589734254;0.032673267326732675;0.01845342706502636
3465.0;0.016745540589734254;0.035869565217391305;0.018937169700528483
3466.5;0.017547197908565945;0.015054442165062335;0.03951778570656288
3468.0;0.01663225731761437;0.025529865125240848;0.031723651744800845
3469.5;0.018289844042285466;0.023581448122822347;0.019082371238858645
3471.0;0.018289844042285466;0.024721714251195796;0.028050275904353158
3472.5;0.01865038996269922;0.02939958592132505;0.026384343193694787
3474.0;0.01842179442537598;0.03838639043287856;0.033205619412515965
3475.5;0.01842179442537598;0.02909270216962525;0.039450670467059655
3477.0;0.017498443680569787;0.01730418943533698;0.016217853406024562
3478.5;0.015724726735506497;0.017961645808949312;0.02757164773282378
3480.0;0.015724726735506497;0.02587800369685767;0.03564899451553931
3481.5;0.015711796950363736;0.02752293577981652;0.029816513761467895
3483.0;0.015695763321720377;0.03926814162336992;0.02703900709219858
3484.5;0.01672535211267606;0.040968342644320296;0.031746031746031744
3486.0;0.01597712748065927;0.01702553830746119;0.028050275904353158
3487.5;0.01850632726208763;0.015225395561747438;0.016638225255972697
3489.0;0.01850632726208763;0.031723651744800845;0.03466050479914682
3490.5;0.01850632726208763;0.032697066101095795;0.029017857142857144
3492.0;0.015769487034319674;0.03966822935448972;0.017094017094017096
3493.5;0.015724726735506497;0.01726263871763255;0.017623877982923447
3495.0;0.030318091451292245;0.0185554688027144;0.017498443680569787
3496.5;0.037483266398929044;0.017094017094017096;0.01485852872552252
3498.0;0.015095605501509561;0.015001087035292413;0.031723651744800845
3499.5;0.015871286409530037;0.014945495799148322;0.018010291595197254
3501.0;0.024464831804281346;0.029874213836477988;0.01597712748065927
3502.5;0.01942319011183049;0.016863406408094434;0.02703900709219858
3504.0;0.016638225255972697;0.032697066101095795;0.024122807017543862
3505.5;0.017623877982923447;0.016863406408094434;0.015095605501509561
3507.0;0.0161839863713799;0.032697066101095795;0.023765996343692867
3508.5;0.032697066101095795;0.033697931493502586;0.016863406408094434
3510.0;0.017623877982923447;0.03441791502515164;0.032256841786066255
3511.5;0.017623877982923447;0.03441791502515164;0.038817005545286505
3513.0;0.017623877982923447;0.03435603223272361;0.04236902050113895
3514.5;0.017623877982923447;0.031567255350648166;0.040379839596140533
3516.0;0.03183910937543675;0.017094017094017096;0.040379839596140533
3517.5;0.03265254436585322;0.018010291595197254;0.0285204991087344
3519.0;0.01830736743700201;0.03617216117216117;0.036646406864497674
3520.5;0.016863406408094434;0.01597712748065927;0.026060070671378093
3522.0;0.0161839863713799;0.037753222836095765;0.015095605501509561
3523.5;0.03966822935448972;0.016863406408094434;0.024464831804281346
3525.0;0.03966822935448972;0.032256841786066255;0.01865038996269922
3526.5;0.024114774114774116;0.03460837887067396;0.03136882129277567
3528.0;0.017754480892796753;0.03130908265900325;0.02703900709219858
3529.5;0.03768591312195207;0.03130908265900325;0.03136882129277567
3531.0;0.030813820600779404;0.03130908265900325;0.038655160014383315
3532.5;0.022405660377358493;0.01836806645203033;0.024114774114774116
3534.0;0.016335052812576762;0.03265254436585322;0.02752293577981652
3535.5;0.02703900709219858;0.03764790247400502;0.03823174953203928
3537.0;0.015871286409530037;0.015871286409530037;0.035650623885918005
3538.5;0.02611218568665377;0.03746174588351344;0.017094017094017096
3540.0;0.017215791035915702;0.03441791502515164;0.015095605501509561
3541.5;0.018443932541639993;0.0161839863713799;0.03136882129277567
3543.0;0.015731292517006803;0.03466050479914682;0.03136882129277567
3544.5;0.016863406408094434;0.016863406408094434;0.017754480892796753
3546.0;0.0367279087083759;0.032697066101095795;0.031723651744800845
3547.5;0.03061868686868687;0.038041387799061466;0.026060070671378093
3549.0;0.03742802303262956;0.025573192239858905;0.03564899451553931
3550.5;0.015050831498364467;0.03902213310711807;0.02909270216962525
3552.0;0.015731292517006803;0.016676298192025096;0.025351205447518555
3553.5;0.016745540589734254;0.016676298192025096;0.036635944700460825
3555.0;0.016676298192025096;0.037312715311890364;0.024664750957854403
3556.5;0.015731292517006803;0.029135338345864664;0.04411161263848995
3558.0;0.03706545928938685;0.040968342644320296;0.03570872769972978
3559.5;0.015809071886378992;0.016863406408094434;0.03542094455852156
3561.0;0.015743018124095107;0.017498443680569787;0.01814552172099398
3562.5;0.015743018124095107;0.017754480892796753;0.023642732049036778
3564.0;0.024122807017543862;0.015871286409530037;0.03512773722627738
3565.5;0.017623877982923447;0.017498443680569787;0.029017857142857144
3567.0;0.017623877982923447;0.015743018124095107;0.029017857142857144
3568.5;0.017623877982923447;0.037210128013628566;0.03416622228993677
3570.0;0.017547197908565945;0.016557768507871926;0.03106789479980177
3571.5;0.03276661638370833;0.018010291595197254;0.029664014146772767
3573.0;0.017443347491498312;0.018010291595197254;0.03644513688296525
3574.5;0.017443347491498312;0.0175513698630137;0.017094017094017096
3576.0;0.017427438387099873;0.01850632726208763;0.01879117923894043
3577.5;0.01597712748065927;0.040968342644320296;0.027215631542219124
3579.0;0.01842179442537598;0.01865038996269922;0.02924672156145166
3580.5;0.01663225731761437;0.015871286409530037;0.027411490467381658
3582.0;0.017699115044247787;0.016429426632965278;0.015280135823429542
3583.5;0.018683274021352312;0.02495201535508637;0.014945495799148322
3585.0;0.017699115044247787;0.02891543420553659;0.016638225255972697
3586.5;0.015597920277296359;0.03476361919376734;0.026548672566371685
3588.0;0.022964015151515152;0.02460456942003515;0.026457750968564567
3589.5;0.017373380447585393;0.01672535211267606;0.02905476860041068
3591.0;0.0161839863713799;0.017094017094017096;0.03528138528138528
3592.5;0.016863406408094434;0.03609431217943811;0.0175513698630137
3594.0;0.0161839863713799;0.01842179442537598;0.033170912304587206
3595.5;0.015095605501509561;0.017498443680569787;0.025322619917214514
3597.0;0.017623877982923447;0.017498443680569787;0.03942389844989626
3598.5;0.017015706806282723;0.015095605501509561;0.018610372994783977
