#auto generated file!
6.0;0.03409733541798343;0.03409733541798343;0.03409733541798343
7.5;0.03409733541798343;0.03409733541798343;0.03409733541798343
9.0;0.03409733541798343;0.03409733541798343;0.03409733541798343
10.5;0.03409733541798343;0.03409733541798343;0.03409733541798343
12.0;0.03409733541798343;0.03409733541798343;0.03409733541798343
13.5;0.03409733541798343;0.03409733541798343;0.03409733541798343
15.0;0.01824212271973466;0.0173841059602649;0.0189328743545611
16.5;0.0173841059602649;0.017094017094017096;0.014827018121911038
18.0;0.014827018121911038;0.01824212271973466;0.03520671834625324
19.5;0.0363872644574399;0.0173841059602649;0.0838235294117647
21.0;0.014827018121911038;0.018683274021352312;0.040013227513227514
22.5;0.046489563567362426;0.037760416666666664;0.01824212271973466
24.0;0.017699115044247787;0.039603960396039604;0.01567656765676568
25.5;0.05281007751937984;0.0173841059602649;0.01824212271973466
27.0;0.0173841059602649;0.08712574850299402;0.01824212271973466
28.5;0.01672535211267606;0.04083665338645418;0.039603960396039604
30.0;0.01824212271973466;0.01567656765676568;0.018876611418047883
31.5;0.07339449541284404;0.044197031039136296;0.016638225255972697
33.0;0.017699115044247787;0.020625415834996677;0.01567656765676568
34.5;0.01567656765676568;0.0173841059602649;0.016638225255972697
36.0;0.05048076923076923;0.019013666072489603;0.01824212271973466
37.5;0.01834862385321101;0.041250831669993354;0.0170487948265726
39.0;0.01652892561983471;0.01652892561983471;0.07025547445255476
40.5;0.014827018121911038;0.08193668528864059;0.05929139551699204
42.0;0.01824212271973466;0.018683274021352312;0.01824212271973466
43.5;0.0175513698630137;0.01652892561983471;0.04334677419354839
45.0;0.01652892561983471;0.017094017094017096;0.0391281512605042
46.5;0.07025547445255476;0.01834862385321101;0.018010291595197254
48.0;0.018010291595197254;0.014827018121911038;0.0161839863713799
49.5;0.016638225255972697;0.018470790378006873;0.018612132352941176
51.0;0.01824212271973466;0.016638225255972697;0.017699115044247787
52.5;0.08674568965517242;0.01672535211267606;0.015731292517006803
54.0;0.014827018121911038;0.014827018121911038;0.06794294294294294
55.5;0.017094017094017096;0.017094017094017096;0.01824212271973466
57.0;0.0173841059602649;0.018876611418047883;0.01567656765676568
58.5;0.0175513698630137;0.049329501915708805;0.016638225255972697
60.0;0.01567656765676568;0.01608187134502924;0.01652892561983471
61.5;0.0161839863713799;0.03718199608610568;0.01824212271973466
63.0;0.01652892561983471;0.01824212271973466;0.01652892561983471
64.5;0.014827018121911038;0.0170487948265726;0.01567656765676568
66.0;0.019801980198019802;0.0175513698630137;0.014827018121911038
67.5;0.044811320754716985;0.01652892561983471;0.08747300215982722
69.0;0.03599221789883269;0.0173841059602649;0.01567656765676568
70.5;0.01567656765676568;0.04377104377104378;0.01567656765676568
72.0;0.04016913319238901;0.03798297314996725;0.01652892561983471
73.5;0.0175513698630137;0.017699115044247787;0.018470790378006873
75.0;0.01567656765676568;0.018026004728132386;0.0744485294117647
76.5;0.048187022900763356;0.0175513698630137;0.0173841059602649
78.0;0.048187022900763356;0.01567656765676568;0.018010291595197254
79.5;0.0470532319391635;0.014827018121911038;0.017373380447585393
81.0;0.01567656765676568;0.018354055654233276;0.01567656765676568
82.5;0.01567656765676568;0.016403046280023436;0.03798297314996725
84.0;0.0173841059602649;0.05743073047858943;0.017373380447585393
85.5;0.01567656765676568;0.0175513698630137;0.01652892561983471
87.0;0.036165577342047936;0.014827018121911038;0.017094017094017096
88.5;0.04990403071017274;0.014827018121911038;0.040424121935056324
90.0;0.016638225255972697;0.01567656765676568;0.046489563567362426
91.5;0.01567656765676568;0.015731292517006803;0.046489563567362426
93.0;0.0170487948265726;0.0173841059602649;0.018010291595197254
94.5;0.01824212271973466;0.0173841059602649;0.0173841059602649
96.0;0.01652892561983471;0.015731292517006803;0.014827018121911038
97.5;0.040013227513227514;0.051059730250481696;0.0173841059602649
99.0;0.018026004728132386;0.051059730250481696;0.01567656765676568
100.5;0.01567656765676568;0.051059730250481696;0.0173841059602649
102.0;0.0161839863713799;0.017094017094017096;0.08193668528864059
103.5;0.047619047619047616;0.014827018121911038;0.08085501858736059
105.0;0.0173841059602649;0.06715063520871144;0.08085501858736059
106.5;0.01824212271973466;0.01652892561983471;0.0173841059602649
108.0;0.014827018121911038;0.01652892561983471;0.0533675799086758
109.5;0.017373380447585393;0.051059730250481696;0.044811320754716985
111.0;0.0363872644574399;0.0175513698630137;0.018683274021352312
112.5;0.01567656765676568;0.01652892561983471;0.06715063520871144
114.0;0.0161839863713799;0.018086080586080584;0.01652892561983471
115.5;0.032696390658174104;0.01567656765676568;0.01652892561983471
117.0;0.01567656765676568;0.01567656765676568;0.0161839863713799
118.5;0.018010291595197254;0.08085501858736059;0.015731292517006803
120.0;0.01567656765676568;0.07339449541284404;0.0175513698630137
121.5;0.01904761904761905;0.0744485294117647;0.07763401109057301
123.0;0.018026004728132386;0.049164677804295946;0.051640926640926635
124.5;0.018086080586080584;0.0787037037037037;0.01567656765676568
126.0;0.049329501915708805;0.01567656765676568;0.014827018121911038
127.5;0.0175513698630137;0.0189328743545611;0.0175513698630137
129.0;0.035751028806584366;0.017094017094017096;0.03379065040650407
130.5;0.016638225255972697;0.0173841059602649;0.01567656765676568
132.0;0.046489563567362426;0.014827018121911038;0.01567656765676568
133.5;0.018683274021352312;0.01824212271973466;0.01824212271973466
135.0;0.018683274021352312;0.01824212271973466;0.0350922131147541
136.5;0.0161839863713799;0.0173841059602649;0.014827018121911038
138.0;0.04208416833667335;0.01904761904761905;0.01567656765676568
139.5;0.01567656765676568;0.01824212271973466;0.014827018121911038
141.0;0.0661231884057971;0.01567656765676568;0.017699115044247787
142.5;0.0661231884057971;0.0661231884057971;0.019345238095238096
144.0;0.01567656765676568;0.01567656765676568;0.019675925925925927
145.5;0.05281007751937984;0.018010291595197254;0.017373380447585393
147.0;0.015731292517006803;0.018026004728132386;0.0170487948265726
148.5;0.01567656765676568;0.0173841059602649;0.017094017094017096
150.0;0.01824212271973466;0.0173841059602649;0.040013227513227514
151.5;0.015280135823429542;0.018470790378006873;0.01567656765676568
153.0;0.015280135823429542;0.04425612052730697;0.017373380447585393
154.5;0.0173841059602649;0.04208416833667335;0.016638225255972697
156.0;0.01567656765676568;0.03919631093544137;0.019408502772643253
157.5;0.0175513698630137;0.017699115044247787;0.040424121935056324
159.0;0.06533036377134371;0.017094017094017096;0.04536862003780718
160.5;0.01567656765676568;0.014827018121911038;0.08033826638477802
162.0;0.0175513698630137;0.016403046280023436;0.0350922131147541
163.5;0.01567656765676568;0.017094017094017096;0.01824212271973466
165.0;0.01652892561983471;0.014827018121911038;0.07234432234432234
166.5;0.018876611418047883;0.05969267139479905;0.03476482617586912
168.0;0.01824212271973466;0.051059730250481696;0.018010291595197254
169.5;0.01567656765676568;0.014827018121911038;0.0170487948265726
171.0;0.07025547445255476;0.014827018121911038;0.018876611418047883
172.5;0.046489563567362426;0.01824212271973466;0.05518617021276595
174.0;0.01567656765676568;0.03758169934640523;0.017373380447585393
175.5;0.01567656765676568;0.05281007751937984;0.03318419090231171
177.0;0.06900452488687782;0.07763401109057301;0.017699115044247787
178.5;0.014827018121911038;0.03423626787057938;0.016403046280023436
180.0;0.0470532319391635;0.0173841059602649;0.038441422594142266
181.5;0.017094017094017096;0.05149558123725356;0.015489719503383037
183.0;0.049329501915708805;0.016830578931359627;0.01645021645021645
184.5;0.0175513698630137;0.017971946230274694;0.019408502772643253
186.0;0.04990403071017274;0.01771809624494277;0.01950286806883365
187.5;0.016638225255972697;0.04051906779661017;0.015597920277296359
189.0;0.016638225255972697;0.01612259159428971;0.03975700303746204
190.5;0.016863406408094434;0.01612259159428971;0.09807692307692305
192.0;0.019142066420664204;0.03411405295315682;0.019138359569179784
193.5;0.017699115044247787;0.03411405295315682;0.018876611418047883
195.0;0.06900452488687782;0.01783664661861255;0.017825311942959002
196.5;0.015001087035292413;0.07806511164146394;0.03542094455852156
198.0;0.018470790378006873;0.047619047619047616;0.01723920181864107
199.5;0.016638225255972697;0.017373380447585393;0.038100208768267224
201.0;0.0161839863713799;0.01726263871763255;0.04778672032193159
202.5;0.0882232252769799;0.036165577342047936;0.016656074568371995
204.0;0.0882232252769799;0.01871226912632689;0.015414729630535846
205.5;0.017094017094017096;0.015280135823429542;0.05664160401002506
207.0;0.017094017094017096;0.0161839863713799;0.018371212121212118
208.5;0.01597712748065927;0.016863406408094434;0.01916116737278125
210.0;0.07668608086435384;0.015731292517006803;0.018076978710534278
211.5;0.017547197908565945;0.0175513698630137;0.01818121304236884
213.0;0.017094017094017096;0.015001087035292413;0.01929824561403509
214.5;0.017094017094017096;0.01814552172099398;0.01780160609014529
216.0;0.01865038996269922;0.01601318781639348;0.018026004728132386
217.5;0.01865038996269922;0.01597712748065927;0.018143754361479414
219.0;0.07753473472714523;0.01770244821092279;0.018574581463896272
220.5;0.07753473472714523;0.016350508084219045;0.016348533050547898
222.0;0.07753473472714523;0.01608187134502924;0.018876611418047883
223.5;0.017465858520325457;0.018086080586080584;0.017432449259120908
225.0;0.051059730250481696;0.01772899957788096;0.01950286806883365
226.5;0.015001087035292413;0.019013666072489603;0.017824497257769654
228.0;0.017498443680569787;0.01784040701566475;0.018242207460398566
229.5;0.0161839863713799;0.017674350500443508;0.019801980198019802
231.0;0.015001087035292413;0.01834689361624974;0.019214401225636224
232.5;0.017094017094017096;0.019511066553559036;0.015191918528889408
234.0;0.016863406408094434;0.01537736404878336;0.03579467073259275
235.5;0.01850632726208763;0.018010291595197254;0.018558172733761598
237.0;0.015769487034319674;0.0161839863713799;0.01902784562774792
238.5;0.015769487034319674;0.016429426632965278;0.05124892334194659
240.0;0.017465858520325457;0.018470790378006873;0.04266256288741223
241.5;0.018470790378006873;0.017825311942959002;0.04880952380952381
243.0;0.017699115044247787;0.019877675840978597;0.020625415834996677
244.5;0.017094017094017096;0.019139945314441957;0.01800172265288544
246.0;0.017623877982923447;0.03919631093544137;0.03486394557823129
247.5;0.015095605501509561;0.017015706806282723;0.01764234161988773
249.0;0.0161839863713799;0.038849725858789305;0.01863154513331192
250.5;0.04425612052730697;0.018550316138650408;0.04988009592326139
252.0;0.015095605501509561;0.018876611418047883;0.017762719395689845
253.5;0.0175513698630137;0.01834061135371179;0.018832655731576244
255.0;0.01726263871763255;0.018197573656845753;0.018716969225741748
256.5;0.017824497257769654;0.01766843911960692;0.018197573656845753
258.0;0.0188212927756654;0.04813729593972374;0.018428184281842817
259.5;0.015195702225633155;0.019142066420664204;0.04083665338645418
261.0;0.017094017094017096;0.017122114923635367;0.019092388356535886
262.5;0.01850632726208763;0.016638225255972697;0.03853286185226506
264.0;0.0161839863713799;0.018683274021352312;0.020429159318048208
265.5;0.01597712748065927;0.018010291595197254;0.019284630721788317
267.0;0.0161839863713799;0.017373380447585393;0.03443877551020408
268.5;0.017015706806282723;0.01675203627508607;0.018543046357615892
270.0;0.016830578931359627;0.035751028806584366;0.01672535211267606
271.5;0.017699115044247787;0.01747700394218134;0.019679300291545188
273.0;0.017699115044247787;0.018595825426944972;0.03753351206434316
274.5;0.017699115044247787;0.019961612284069098;0.018022181146025877
276.0;0.018010291595197254;0.01778552746294682;0.02018348623853211
277.5;0.018010291595197254;0.03411405295315682;0.03318419090231171
279.0;0.015280135823429542;0.07818802358051505;0.018991486574983625
280.5;0.047619047619047616;0.01810895810084204;0.0488240235195296
282.0;0.047619047619047616;0.018354055654233276;0.03130252100840336
283.5;0.047619047619047616;0.018610244807272875;0.01904761904761905
285.0;0.017754480892796753;0.018612132352941176;0.01894057915399829
286.5;0.015871286409530037;0.01726263871763255;0.016835957338750634
288.0;0.015731292517006803;0.033445440956651716;0.018354055654233276
289.5;0.08024848949025615;0.03945431833079786;0.017623877982923447
291.0;0.08024848949025615;0.01688519787973838;0.018354055654233276
292.5;0.014945495799148322;0.018559686459415293;0.01678424862821045
294.0;0.01660281557997176;0.018612132352941176;0.017100908800752573
295.5;0.01830736743700201;0.016937514305333027;0.020304139678963676
297.0;0.01741601350785099;0.06807230884357585;0.0177185918711573
298.5;0.014836509492270044;0.03964465658976399;0.01675356994726551
300.0;0.01653549687010534;0.05819060166886253;0.01676764541378836
301.5;0.07796881247500999;0.015879968453896016;0.018010291595197254
303.0;0.016638225255972697;0.017699115044247787;0.017094017094017096
304.5;0.015095605501509561;0.017094017094017096;0.020618556701030927
306.0;0.0161839863713799;0.015871286409530037;0.01860046771001979
307.5;0.017623877982923447;0.0175513698630137;0.01967799642218247
309.0;0.017623877982923447;0.03758169934640523;0.0170487948265726
310.5;0.017547197908565945;0.016745540589734254;0.03498920086393088
312.0;0.06888939767675939;0.018026004728132386;0.041445641108074804
313.5;0.06888939767675939;0.049561699258260275;0.01723920181864107
315.0;0.06888939767675939;0.019269640210214257;0.017522464698331193
316.5;0.06804328160965284;0.01606832657788072;0.044811320754716985
318.0;0.06804328160965284;0.05422579136129736;0.038385826771653545
319.5;0.0182681206624895;0.018010291595197254;0.01654091700522345
321.0;0.017397154861764727;0.017094017094017096;0.019524316648917288
322.5;0.017393838281482624;0.07425742574257424;0.01749271137026239
324.0;0.015682478532320222;0.016745540589734254;0.09041394335511982
325.5;0.015280135823429542;0.01749271137026239;0.017019391672408703
327.0;0.016638225255972697;0.017754480892796753;0.036415289256198344
328.5;0.017547197908565945;0.017623877982923447;0.048642843194688534
330.0;0.017547197908565945;0.018470790378006873;0.041445641108074804
331.5;0.018332165356039182;0.0189328743545611;0.040745518437791915
333.0;0.015731292517006803;0.01597712748065927;0.0544885627967199
334.5;0.01865038996269922;0.08024848949025615;0.016937514305333027
336.0;0.01865038996269922;0.015001087035292413;0.0363872644574399
337.5;0.01865038996269922;0.017094017094017096;0.017883272962794156
339.0;0.01842179442537598;0.016638225255972697;0.019459271659139004
340.5;0.017498443680569787;0.07750759878419453;0.01920851222699272
342.0;0.017498443680569787;0.03758169934640523;0.018010291595197254
343.5;0.017754480892796753;0.0161839863713799;0.018323203432248837
345.0;0.014910112661872163;0.09300664333166654;0.017439620117133743
346.5;0.015095605501509561;0.0175513698630137;0.018558172733761598
348.0;0.015095605501509561;0.016745540589734254;0.017704903410906875
349.5;0.07434304424481572;0.018612132352941176;0.0363872644574399
351.0;0.01488644788002137;0.016293098349991132;0.041250831669993354
352.5;0.0175513698630137;0.018487434139972954;0.01834862385321101
354.0;0.016676298192025096;0.03646288209606987;0.017824497257769654
355.5;0.01660281557997176;0.01695388914764788;0.01739488140436253
357.0;0.014870091759449306;0.04425612052730697;0.018071815349245242
358.5;0.01741601350785099;0.019692619489951022;0.032924107142857144
360.0;0.01654477169890474;0.04425612052730697;0.07526573646964445
361.5;0.01865038996269922;0.017623877982923447;0.0470532319391635
363.0;0.015731292517006803;0.017498443680569787;0.049515381373788456
364.5;0.03758169934640523;0.01660281557997176;0.018197573656845753
366.0;0.017754480892796753;0.015225395561747438;0.03498920086393088
367.5;0.016745540589734254;0.047619047619047616;0.0393760170781641
369.0;0.01842179442537598;0.043703007518796994;0.045636553123800126
370.5;0.01660281557997176;0.017623877982923447;0.017824497257769654
372.0;0.01660281557997176;0.015001087035292413;0.018371212121212118
373.5;0.01660281557997176;0.016676298192025096;0.018283166109253065
375.0;0.015724726735506497;0.016676298192025096;0.017699115044247787
376.5;0.01485852872552252;0.017443347491498312;0.018314772574802095
378.0;0.01485852872552252;0.047619047619047616;0.01882395123700251
379.5;0.047619047619047616;0.08099593301892197;0.0185181325793626
381.0;0.047619047619047616;0.01865038996269922;0.05345699070313205
382.5;0.047619047619047616;0.01850632726208763;0.017215791035915702
384.0;0.017754480892796753;0.017498443680569787;0.038100208768267224
385.5;0.017754480892796753;0.014870091759449306;0.019408502772643253
387.0;0.016676298192025096;0.01850632726208763;0.04161416114800151
388.5;0.07659179563235237;0.016638225255972697;0.019395134779750165
390.0;0.07659179563235237;0.01597712748065927;0.01594765689784196
391.5;0.07659179563235237;0.08110292001505391;0.041250831669993354
393.0;0.01488644788002137;0.01672535211267606;0.047619047619047616
394.5;0.018010291595197254;0.0189328743545611;0.017824497257769654
396.0;0.017754480892796753;0.01597712748065927;0.018612132352941176
397.5;0.01850632726208763;0.01597712748065927;0.05432098765432099
399.0;0.016676298192025096;0.015809071886378992;0.019253489329975653
400.5;0.016676298192025096;0.016863406408094434;0.019395134779750165
402.0;0.016638225255972697;0.04315196998123827;0.019179429534916397
403.5;0.01597712748065927;0.0161839863713799;0.01904761904761905
405.0;0.01597712748065927;0.0175513698630137;0.01654091700522345
406.5;0.01663225731761437;0.01865038996269922;0.05483214649033571
408.0;0.01660281557997176;0.017094017094017096;0.017596390484003282
409.5;0.014870091759449306;0.015280135823429542;0.017824497257769654
411.0;0.018683274021352312;0.01654091700522345;0.018595825426944972
412.5;0.018683274021352312;0.019139945314441957;0.01576182136602452
414.0;0.018683274021352312;0.0189328743545611;0.0528117359413203
415.5;0.018010291595197254;0.01845342706502636;0.04562798092209857
417.0;0.0720250521920668;0.016043635035830027;0.01850815145440103
418.5;0.016676298192025096;0.01822145094387539;0.01958413926499033
420.0;0.014910112661872163;0.01880063742258095;0.019731800766283527
421.5;0.014910112661872163;0.018026004728132386;0.03530751708428246
423.0;0.018010291595197254;0.017883272962794156;0.01834862385321101
424.5;0.017094017094017096;0.0175884771057884;0.019944341372912802
426.0;0.017373380447585393;0.017094017094017096;0.07427736534512715
427.5;0.015188609731168737;0.015731292517006803;0.038385826771653545
429.0;0.015188609731168737;0.01865038996269922;0.01871401151631478
430.5;0.015188609731168737;0.049329501915708805;0.018724652687893695
432.0;0.015050831498364467;0.01733025239957341;0.01989226449978316
433.5;0.0175513698630137;0.0153103221203973;0.0370850622406639
435.0;0.0175513698630137;0.018671683262517162;0.016293098349991132
436.5;0.0175513698630137;0.015879968453896016;0.021966527196652718
438.0;0.016863406408094434;0.017373380447585393;0.018040457594249826
439.5;0.016745540589734254;0.01845342706502636;0.03878406708595388
441.0;0.015809071886378992;0.018848906360245943;0.01621205100827978
442.5;0.018470790378006873;0.01672535211267606;0.035685033507073714
444.0;0.07434304424481572;0.0175513698630137;0.0161839863713799
445.5;0.017498443680569787;0.019345238095238096;0.020826905276149332
447.0;0.016863406408094434;0.01865038996269922;0.01859099804305284
448.5;0.016863406408094434;0.017094017094017096;0.01712538226299694
450.0;0.017623877982923447;0.015001087035292413;0.01975889285328144
451.5;0.07639217169329678;0.01842179442537598;0.04033236293061621
453.0;0.014910112661872163;0.01842179442537598;0.01878110576175528
454.5;0.014910112661872163;0.019345238095238096;0.01904761904761905
456.0;0.041666666666666664;0.01865038996269922;0.019327580007191657
457.5;0.01612259159428971;0.015871286409530037;0.03540100250626566
459.0;0.01771809624494277;0.015731292517006803;0.10483042137718399
460.5;0.0175513698630137;0.017373380447585393;0.018614485468653384
462.0;0.0189328743545611;0.018010291595197254;0.019016635363563187
463.5;0.017547197908565945;0.018470790378006873;0.01862097440132122
465.0;0.014910112661872163;0.046489563567362426;0.04890257989988449
466.5;0.017094017094017096;0.015731292517006803;0.03913053868981932
468.0;0.017373380447585393;0.01597712748065927;0.05039739884393064
469.5;0.016403046280023436;0.018683274021352312;0.01661111326434376
471.0;0.015280135823429542;0.015225395561747438;0.09761904761904762
472.5;0.01597712748065927;0.017094017094017096;0.01811216999012306
474.0;0.01850632726208763;0.016745540589734254;0.017368069472277887
475.5;0.01836806645203033;0.037422037422037424;0.03674948240165632
477.0;0.0175513698630137;0.017679771605305417;0.04064736499674691
478.5;0.016863406408094434;0.017094017094017096;0.0429281518300949
480.0;0.017094017094017096;0.017094017094017096;0.01890359168241966
481.5;0.047619047619047616;0.015871286409530037;0.05607406518216193
483.0;0.018010291595197254;0.015731292517006803;0.017824497257769654
484.5;0.017623877982923447;0.04208416833667335;0.02023809523809524
486.0;0.018010291595197254;0.015095605501509561;0.018163597644995613
487.5;0.015001087035292413;0.016335052812576762;0.018235427337026582
489.0;0.015743018124095107;0.016043635035830027;0.032135306553911204
490.5;0.018289844042285466;0.014965094221118901;0.01982057751611999
492.0;0.015695763321720377;0.015783713313901306;0.03515625
493.5;0.016638225255972697;0.018316467275590206;0.03646288209606987
495.0;0.01865038996269922;0.0189328743545611;0.03608247422680412
496.5;0.017754480892796753;0.01865038996269922;0.01900256574727389
498.0;0.016676298192025096;0.017094017094017096;0.021577380952380952
499.5;0.015769487034319674;0.018470790378006873;0.01809480900600319
501.0;0.016863406408094434;0.07551140668406431;0.0497485632183908
502.5;0.017754480892796753;0.016863406408094434;0.04238763182143954
504.0;0.0425033467202142;0.016863406408094434;0.019102388803989383
505.5;0.017754480892796753;0.015095605501509561;0.0196078431372549
507.0;0.0175513698630137;0.017623877982923447;0.03498920086393088
508.5;0.016863406408094434;0.01488644788002137;0.05278436648139626
510.0;0.016863406408094434;0.01488644788002137;0.017424184803277086
511.5;0.018010291595197254;0.01702553830746119;0.01604193922834576
513.0;0.017015706806282723;0.018010291595197254;0.03718749662814661
514.5;0.01549874155517287;0.03879026955950033;0.04516111384649051
516.0;0.015050831498364467;0.041250831669993354;0.015271108952289683
517.5;0.014929429479221547;0.017754480892796753;0.018026004728132386
519.0;0.015871286409530037;0.01842179442537598;0.03412017167381975
520.5;0.018470790378006873;0.015769487034319674;0.015329448677722997
522.0;0.07786711807024968;0.01660281557997176;0.055844907407407406
523.5;0.07786711807024968;0.046489563567362426;0.018086080586080584
525.0;0.07786711807024968;0.016863406408094434;0.019032396269320767
526.5;0.014945495799148322;0.015001087035292413;0.018595825426944972
528.0;0.06945691490726251;0.014910112661872163;0.015963095712199653
529.5;0.08530042918454936;0.01488644788002137;0.01726263871763255
531.0;0.01865038996269922;0.018289844042285466;0.01862097440132122
532.5;0.01865038996269922;0.014850222990092551;0.08974358974358974
534.0;0.07905457014342697;0.017401635028469288;0.016064780466938034
535.5;0.016638225255972697;0.0189328743545611;0.049515381373788456
537.0;0.016638225255972697;0.0161839863713799;0.05819060166886253
538.5;0.016638225255972697;0.015095605501509561;0.03542094455852156
540.0;0.016863406408094434;0.018010291595197254;0.041649456147597415
541.5;0.015001087035292413;0.017754480892796753;0.01834862385321101
543.0;0.016863406408094434;0.04875717017208413;0.01942319011183049
544.5;0.015001087035292413;0.01865038996269922;0.1074561403508772
546.0;0.017547197908565945;0.01865038996269922;0.019801980198019802
547.5;0.01663225731761437;0.01865038996269922;0.03542094455852156
549.0;0.01488644788002137;0.01850632726208763;0.016335052812576762
550.5;0.017443347491498312;0.015809071886378992;0.015414729630535846
552.0;0.018289844042285466;0.01836806645203033;0.017699115044247787
553.5;0.016550266845809666;0.06945691490726251;0.01756386861313869
555.0;0.016550266845809666;0.018289844042285466;0.018708141721303972
556.5;0.017401635028469288;0.01733025239957341;0.01810699588477366
558.0;0.016537723722061845;0.01713180436584692;0.03542094455852156
559.5;0.015280135823429542;0.01713180436584692;0.0185554688027144
561.0;0.016745540589734254;0.0185181325793626;0.015225395561747438
562.5;0.0175513698630137;0.01491323364428604;0.017373380447585393
564.0;0.016638225255972697;0.016638225255972697;0.05294802172226532
565.5;0.016638225255972697;0.017623877982923447;0.016348533050547898
567.0;0.016638225255972697;0.017623877982923447;0.03599221789883269
568.5;0.017971946230274694;0.015809071886378992;0.0175513698630137
570.0;0.018470790378006873;0.014910112661872163;0.017373380447585393
571.5;0.017596390484003282;0.016568094782873223;0.017368069472277887
573.0;0.019188160152550326;0.07702838380033686;0.01769257756716558
574.5;0.01929824561403509;0.015687178238012765;0.019659185369908565
576.0;0.0161839863713799;0.016537723722061845;0.0537280701754386
577.5;0.015001087035292413;0.017389540773412943;0.03282828282828283
579.0;0.015517241379310345;0.01653260196570383;0.12886710239651414
580.5;0.04878444084278768;0.01653260196570383;0.017596390484003282
582.0;0.015329448677722997;0.06514217459715226;0.01528233017970999
583.5;0.01759950942134017;0.018470790378006873;0.031578947368421054
585.0;0.018612132352941176;0.043703007518796994;0.06419032475570359
586.5;0.015033359741139864;0.01865038996269922;0.03676148796498906
588.0;0.01597712748065927;0.015001087035292413;0.08887817422050787
589.5;0.015280135823429542;0.015001087035292413;0.019274809160305342
591.0;0.016863406408094434;0.015809071886378992;0.01846545686087233
592.5;0.04875717017208413;0.018332165356039182;0.015731292517006803
594.0;0.01850632726208763;0.018332165356039182;0.05084745762711864
595.5;0.017373380447585393;0.07203255908705936;0.017971946230274694
597.0;0.01771809624494277;0.015695763321720377;0.018010291595197254
598.5;0.03701091782897144;0.015095605501509561;0.01672535211267606
600.0;0.0334685598377282;0.016676298192025096;0.03088450292397661
601.5;0.015414729630535846;0.016638225255972697;0.017824497257769654
603.0;0.046236630571979;0.09041394335511982;0.0350922131147541
604.5;0.018699545475974563;0.015731292517006803;0.1006049447659127
606.0;0.017460979111666896;0.01597712748065927;0.020357941834451904
607.5;0.016917819729987117;0.040424121935056324;0.016640353814831945
609.0;0.016775307882501863;0.015280135823429542;0.01834862385321101
610.5;0.016694437748184725;0.016638225255972697;0.017256925767414787
612.0;0.0175513698630137;0.018242207460398566;0.019263204616067467
613.5;0.017754480892796753;0.01591511423210106;0.019675925925925927
615.0;0.017754480892796753;0.016638225255972697;0.01783664661861255
616.5;0.014945495799148322;0.017094017094017096;0.0185554688027144
618.0;0.04875717017208413;0.015414729630535846;0.018595825426944972
619.5;0.01850632726208763;0.0161839863713799;0.019961612284069098
621.0;0.017094017094017096;0.019327580007191657;0.01767166615651464
622.5;0.01612259159428971;0.016604605213162094;0.040091455309193384
624.0;0.015095605501509561;0.017901857742831786;0.018699545475974563
625.5;0.043703007518796994;0.015095605501509561;0.06847253574115876
627.0;0.044811320754716985;0.015095605501509561;0.01929824561403509
628.5;0.017623877982923447;0.017547197908565945;0.036783854166666664
630.0;0.018010291595197254;0.017094017094017096;0.017094017094017096
631.5;0.0161839863713799;0.01733025239957341;0.01749271137026239
633.0;0.01654091700522345;0.018470790378006873;0.018371212121212118
634.5;0.018792559974975337;0.01597712748065927;0.018803418803418803
636.0;0.015871286409530037;0.0170487948265726;0.018325444682184614
637.5;0.0161839863713799;0.017883272962794156;0.01749271137026239
639.0;0.015809071886378992;0.018010291595197254;0.01845342706502636
640.5;0.016638225255972697;0.018470790378006873;0.017094017094017096
642.0;0.01597712748065927;0.017754480892796753;0.038385826771653545
643.5;0.018026004728132386;0.017754480892796753;0.01749271137026239
645.0;0.01702553830746119;0.017015706806282723;0.017373380447585393
646.5;0.01702553830746119;0.017094017094017096;0.018052243358660087
648.0;0.018010291595197254;0.01597712748065927;0.018026004728132386
649.5;0.015871286409530037;0.018026004728132386;0.015225395561747438
651.0;0.016863406408094434;0.017883272962794156;0.01950286806883365
652.5;0.017754480892796753;0.016656297685317897;0.045214336202236916
654.0;0.017699115044247787;0.01749271137026239;0.01834862385321101
655.5;0.016863406408094434;0.018010291595197254;0.019408502772643253
657.0;0.017094017094017096;0.016863406408094434;0.017825311942959002
658.5;0.016863406408094434;0.017094017094017096;0.01874016537388138
660.0;0.017623877982923447;0.017971946230274694;0.0170487948265726
661.5;0.01488644788002137;0.018612132352941176;0.01597712748065927
663.0;0.016568094782873223;0.015033359741139864;0.01672535211267606
664.5;0.04425612052730697;0.018010291595197254;0.0189328743545611
666.0;0.0175513698630137;0.04990403071017274;0.01850632726208763
667.5;0.04377104377104378;0.0363872644574399;0.018026004728132386
669.0;0.01597712748065927;0.018143754361479414;0.01865038996269922
670.5;0.016745540589734254;0.01772143032255805;0.014910112661872163
672.0;0.016676298192025096;0.018086080586080584;0.08024848949025615
673.5;0.01967799642218247;0.016937514305333027;0.0161839863713799
675.0;0.015095605501509561;0.018683274021352312;0.01672535211267606
676.5;0.01850632726208763;0.08560945780676722;0.016335052812576762
678.0;0.014945495799148322;0.01663225731761437;0.01608187134502924
679.5;0.018332165356039182;0.018010291595197254;0.017824497257769654
681.0;0.017443347491498312;0.019944341372912802;0.042924211938296444
682.5;0.041250831669993354;0.018716969225741748;0.031578947368421054
684.0;0.017623877982923447;0.017623877982923447;0.017699115044247787
685.5;0.05048076923076923;0.017498443680569787;0.018314772574802095
687.0;0.016745540589734254;0.046489563567362426;0.018470790378006873
688.5;0.08175211949939443;0.016676298192025096;0.018595825426944972
690.0;0.014945495799148322;0.0189328743545611;0.01860022218695445
691.5;0.017443347491498312;0.01850632726208763;0.017045454545454544
693.0;0.03240740740740741;0.018010291595197254;0.019731800766283527
694.5;0.019408502772643253;0.01597712748065927;0.016835957338750634
696.0;0.01783664661861255;0.017547197908565945;0.01865038996269922
697.5;0.017094017094017096;0.014870091759449306;0.017094017094017096
699.0;0.048187022900763356;0.01597712748065927;0.03411405295315682
700.5;0.015154962909024714;0.0161839863713799;0.016335052812576762
702.0;0.016863406408094434;0.015001087035292413;0.01713180436584692
703.5;0.043703007518796994;0.01842179442537598;0.017768879853890487
705.0;0.05060240963855422;0.014910112661872163;0.0161839863713799
706.5;0.015446744068652195;0.07929144968115026;0.015871286409530037
708.0;0.015148575167527809;0.014870091759449306;0.017699115044247787
709.5;0.016745540589734254;0.014870091759449306;0.01645021645021645
711.0;0.017089125102207687;0.018289844042285466;0.018761128291631523
712.5;0.017699115044247787;0.01570251018973342;0.050211416490486264
714.0;0.017699115044247787;0.015095605501509561;0.018354055654233276
715.5;0.015280135823429542;0.018026004728132386;0.01771809624494277
717.0;0.016403046280023436;0.018026004728132386;0.018323203432248837
718.5;0.08161350844277673;0.018010291595197254;0.0185181325793626
720.0;0.015024970979036621;0.017094017094017096;0.017094017094017096
721.5;0.0189328743545611;0.01865038996269922;0.0161839863713799
723.0;0.01842179442537598;0.0175513698630137;0.01810699588477366
724.5;0.07007575757575758;0.017699115044247787;0.015283064065369568
726.0;0.0161839863713799;0.0170487948265726;0.017756375977508697
727.5;0.017754480892796753;0.018683274021352312;0.01842251363382594
729.0;0.0175513698630137;0.017699115044247787;0.016603078858204567
730.5;0.01645021645021645;0.017699115044247787;0.015414729630535846
732.0;0.017302798982188294;0.017373380447585393;0.018683274021352312
733.5;0.016293098349991132;0.017699115044247787;0.01702553830746119
735.0;0.018026004728132386;0.018197573656845753;0.07746641666452624
736.5;0.017754480892796753;0.017574219762933944;0.0470532319391635
738.0;0.0175513698630137;0.01726263871763255;0.017094017094017096
739.5;0.01834862385321101;0.016700099238231795;0.016863406408094434
741.0;0.01726263871763255;0.01918932786044125;0.04990403071017274
742.5;0.08219938905859484;0.01695388914764788;0.017699115044247787
744.0;0.0161839863713799;0.018612132352941176;0.04703135423615744
745.5;0.017373380447585393;0.016043635035830027;0.016821418488660245
747.0;0.015280135823429542;0.09340659340659341;0.019013666072489603
748.5;0.017754480892796753;0.032696390658174104;0.043703007518796994
750.0;0.01606832657788072;0.016317890407644853;0.017754480892796753
751.5;0.018026004728132386;0.05301047120418849;0.03251008064516129
753.0;0.018026004728132386;0.052328064929517304;0.017215791035915702
754.5;0.015731292517006803;0.016128420893033128;0.01676764541378836
756.0;0.019345238095238096;0.01834862385321101;0.0170487948265726
757.5;0.015446744068652195;0.015245106155354892;0.040424121935056324
759.0;0.015835579225178063;0.017368069472277887;0.018086080586080584
760.5;0.014925449957981155;0.015037639142305628;0.01783664661861255
762.0;0.0189328743545611;0.036415289256198344;0.04536862003780718
763.5;0.0189328743545611;0.01619224007193569;0.017623877982923447
765.0;0.017754480892796753;0.018354055654233276;0.017094017094017096
766.5;0.0175513698630137;0.03878406708595388;0.0175513698630137
768.0;0.03520671834625324;0.018010291595197254;0.01865038996269922
769.5;0.017368069472277887;0.015871286409530037;0.07894736842105263
771.0;0.016348533050547898;0.042924211938296444;0.01834862385321101
772.5;0.017916833801310334;0.05822784810126582;0.016043635035830027
774.0;0.01899046819374626;0.060471204188481675;0.06057007125890736
775.5;0.018520917216027152;0.016124755311231607;0.018047156089719053
777.0;0.018197573656845753;0.04536862003780718;0.01606325909416982
778.5;0.016043635035830027;0.040424121935056324;0.014926315357823973
780.0;0.01597712748065927;0.016821418488660245;0.06608822475534365
781.5;0.01850632726208763;0.04492753623188406;0.017094017094017096
783.0;0.09340659340659341;0.04964946672425823;0.01850632726208763
784.5;0.018026004728132386;0.018683274021352312;0.03088450292397661
786.0;0.017754480892796753;0.0170487948265726;0.015188609731168737
787.5;0.01865038996269922;0.03674948240165632;0.01882395123700251
789.0;0.017547197908565945;0.018354055654233276;0.015992751525289242
790.5;0.016638225255972697;0.018147448015122872;0.017754480892796753
792.0;0.015001087035292413;0.05418916000863744;0.016863406408094434
793.5;0.017094017094017096;0.034408602150537634;0.018026004728132386
795.0;0.046489563567362426;0.016187271319071658;0.01678765880217786
796.5;0.018010291595197254;0.03831780620032634;0.01672239597595953
798.0;0.018354055654233276;0.01672535211267606;0.015517241379310345
799.5;0.04918972634153799;0.018803418803418803;0.018323203432248837
801.0;0.018010291595197254;0.01645021645021645;0.018503600886795833
802.5;0.018026004728132386;0.017825311942959002;0.01675094658245598
804.0;0.017623877982923447;0.017391304347826087;0.0161839863713799
805.5;0.01842179442537598;0.018832655731576244;0.08103813559322035
807.0;0.017094017094017096;0.017094017094017096;0.017824497257769654
808.5;0.0175513698630137;0.09454610692500898;0.016263612953345514
810.0;0.01865038996269922;0.018314772574802095;0.018413173652694608
811.5;0.01672535211267606;0.017824497257769654;0.01834862385321101
813.0;0.017094017094017096;0.019082371238858645;0.0391281512605042
814.5;0.016838000708968452;0.015907941325240264;0.0495642198303075
816.0;0.089969561831953;0.015907941325240264;0.018876611418047883
817.5;0.015109552273918112;0.01770896702761893;0.01950286806883365
819.0;0.015109552273918112;0.0161839863713799;0.019731800766283527
820.5;0.017094017094017096;0.01850632726208763;0.017542083890636107
822.0;0.015095605501509561;0.016638225255972697;0.01780160609014529
823.5;0.016638225255972697;0.06859415127164278;0.04160206718346253
825.0;0.05281007751937984;0.04875717017208413;0.017094017094017096
826.5;0.016745540589734254;0.015001087035292413;0.037422037422037424
828.0;0.018470790378006873;0.016863406408094434;0.01783664661861255
829.5;0.01865038996269922;0.0175513698630137;0.05280246069719753
831.0;0.017623877982923447;0.020213754646840148;0.018010291595197254
832.5;0.018470790378006873;0.0826771653543307;0.017824497257769654
834.0;0.08302956662616444;0.01718287488267995;0.06953892668178382
835.5;0.08302956662616444;0.017094017094017096;0.016335052812576762
837.0;0.017547197908565945;0.043703007518796994;0.01890359168241966
838.5;0.01865038996269922;0.051059730250481696;0.020259533898305086
840.0;0.01865038996269922;0.017094017094017096;0.018836565096952907
841.5;0.01842179442537598;0.038441422594142266;0.01730418943533698
843.0;0.01842179442537598;0.017083111144968386;0.019274809160305342
844.5;0.01842179442537598;0.017961645808949312;0.018832655731576244
846.0;0.01842179442537598;0.01761087565350941;0.020212060967528162
847.5;0.01842179442537598;0.017094017094017096;0.01870196031698743
849.0;0.017498443680569787;0.017547197908565945;0.01715764423442915
850.5;0.017498443680569787;0.08244680851063829;0.019944341372912802
852.0;0.0175513698630137;0.07868285545991754;0.018884892086330932
853.5;0.015001087035292413;0.018026004728132386;0.016360098698017803
855.0;0.016676298192025096;0.07756813417190776;0.016275855890719563
856.5;0.08602150537634409;0.0161839863713799;0.01608187134502924
858.0;0.051059730250481696;0.041666666666666664;0.036783854166666664
859.5;0.015871286409530037;0.01702553830746119;0.015517241379310345
861.0;0.016676298192025096;0.016638225255972697;0.020423892100192676
862.5;0.016638225255972697;0.044811320754716985;0.01946445313393245
864.0;0.015095605501509561;0.040424121935056324;0.01904761904761905
865.5;0.03379065040650407;0.01597712748065927;0.02041832669322709
867.0;0.015907416444202047;0.03498920086393088;0.0170487948265726
868.5;0.017373380447585393;0.0518028178222353;0.016403046280023436
870.0;0.017934291168491913;0.017699115044247787;0.01890359168241966
871.5;0.0170487948265726;0.01950286806883365;0.015131553561289684
873.0;0.015731292517006803;0.020171743357096563;0.03619678568642238
874.5;0.03314777327935223;0.03886781071826775;0.01751881124362371
876.0;0.01897923971725942;0.04054054054054054;0.0175513698630137
877.5;0.015095605501509561;0.016903583394228514;0.015414729630535846
879.0;0.015731292517006803;0.031578947368421054;0.018010291595197254
880.5;0.01597712748065927;0.016812053925455987;0.018470790378006873
882.0;0.01850632726208763;0.019961612284069098;0.0161839863713799
883.5;0.01850632726208763;0.03427835051546392;0.0161839863713799
885.0;0.018470790378006873;0.017974390565013442;0.018470790378006873
886.5;0.017373380447585393;0.018026004728132386;0.016348533050547898
888.0;0.016863406408094434;0.015731292517006803;0.015078924549103066
889.5;0.069651277654558;0.018010291595197254;0.017825311942959002
891.0;0.015001087035292413;0.017094017094017096;0.015992751525289242
892.5;0.01597712748065927;0.017045454545454544;0.0189328743545611
894.0;0.017754480892796753;0.01810699588477366;0.017754480892796753
895.5;0.017094017094017096;0.01718895501083075;0.07922182109907742
897.0;0.016638225255972697;0.03676148796498906;0.039603960396039604
898.5;0.016638225255972697;0.0189328743545611;0.01702553830746119
900.0;0.016638225255972697;0.0170487948265726;0.017373380447585393
901.5;0.01597712748065927;0.017019391672408703;0.016897746967071057
903.0;0.07620041753653445;0.02335858585858586;0.01726263871763255
904.5;0.05222437137330754;0.01678765880217786;0.016043635035830027
906.0;0.017754480892796753;0.018716969225741748;0.015731292517006803
907.5;0.015280135823429542;0.0161839863713799;0.01654091700522345
909.0;0.016638225255972697;0.03831780620032634;0.018612132352941176
910.5;0.016638225255972697;0.01937190043703102;0.0363872644574399
912.0;0.05048076923076923;0.019214401225636224;0.019013666072489603
913.5;0.01865038996269922;0.017031591871428796;0.016897746967071057
915.0;0.01842179442537598;0.01897923971725942;0.018595825426944972
916.5;0.01842179442537598;0.018010291595197254;0.017699115044247787
918.0;0.017754480892796753;0.017094017094017096;0.01756386861313869
919.5;0.0470532319391635;0.03919631093544137;0.019598155467720684
921.0;0.0470532319391635;0.018391927083333332;0.018052243358660087
922.5;0.01597712748065927;0.07966947302775179;0.016403046280023436
924.0;0.01850632726208763;0.01726263871763255;0.01865038996269922
925.5;0.01842179442537598;0.019139945314441957;0.017094017094017096
927.0;0.018010291595197254;0.019179429534916397;0.018470790378006873
928.5;0.018010291595197254;0.032924107142857144;0.017596390484003282
930.0;0.018010291595197254;0.015225395561747438;0.018918918918918916
931.5;0.051640926640926635;0.08265594250021391;0.019139945314441957
933.0;0.03718199608610568;0.05143083866488122;0.016838000708968452
934.5;0.03718199608610568;0.015376240664556671;0.016403046280023436
936.0;0.08174097664543525;0.015280135823429542;0.06371737746658179
937.5;0.016863406408094434;0.0189328743545611;0.01772583585828775
939.0;0.01836806645203033;0.051640926640926635;0.04756361217362381
940.5;0.016403046280023436;0.018010291595197254;0.034866898148148154
942.0;0.016897746967071057;0.08420386198163977;0.052147564678893005
943.5;0.017674350500443508;0.0370850622406639;0.0424920757655906
945.0;0.01583385510480038;0.05230035190742459;0.01950286806883365
946.5;0.015095605501509561;0.017378863430747543;0.020423892100192676
948.0;0.015001087035292413;0.018143754361479414;0.017499542375983893
949.5;0.0189328743545611;0.01847256430674642;0.01769472665699081
951.0;0.015095605501509561;0.05664160401002506;0.04012304987914744
952.5;0.016638225255972697;0.040424121935056324;0.01740621458817916
954.0;0.015154962909024714;0.016638225255972697;0.036297416162726776
955.5;0.015831002263857863;0.019142066420664204;0.019659185369908565
957.0;0.015752650514276798;0.019139945314441957;0.016614200769499828
958.5;0.01983411467724486;0.018147448015122872;0.019408502772643253
960.0;0.0153103221203973;0.018902169101372285;0.01645021645021645
961.5;0.019345238095238096;0.03758169934640523;0.018937169700528483
963.0;0.015280135823429542;0.01589496047739557;0.018395573997233752
964.5;0.015280135823429542;0.035598705501618116;0.053412462908011875
966.0;0.015871286409530037;0.016403046280023436;0.017045454545454544
967.5;0.0175513698630137;0.01612259159428971;0.018759900757340124
969.0;0.0175513698630137;0.018086080586080584;0.01796953785165351
970.5;0.01850632726208763;0.018574581463896272;0.019801980198019802
972.0;0.015809071886378992;0.016403046280023436;0.020052693208430915
973.5;0.01663225731761437;0.016979552792060267;0.018147448015122872
975.0;0.08024848949025615;0.01839739098584907;0.01607742609273567
976.5;0.08024848949025615;0.0175513698630137;0.01904761904761905
978.0;0.07299742814770317;0.0189328743545611;0.01788152228049102
979.5;0.015769487034319674;0.017094017094017096;0.018595825426944972
981.0;0.015769487034319674;0.09087154068566708;0.03138766519823788
982.5;0.01488644788002137;0.016745540589734254;0.018426930440331845
984.0;0.016582472972657695;0.017754480892796753;0.053386259366325815
985.5;0.018277260861902424;0.017623877982923447;0.03498366237911085
987.0;0.01740771421307761;0.01814552172099398;0.018086080586080584
988.5;0.01654477169890474;0.017567282711368357;0.0153103221203973
990.0;0.014836509492270044;0.014874579685201417;0.018610372994783977
991.5;0.0161839863713799;0.017419184485127772;0.01749044044752868
993.0;0.0161839863713799;0.06546443127001876;0.03164091243561443
994.5;0.0161839863713799;0.047619047619047616;0.018832655731576244
996.0;0.017094017094017096;0.0175513698630137;0.017302798982188294
997.5;0.01865038996269922;0.04536862003780718;0.02247191011235955
999.0;0.015769487034319674;0.015095605501509561;0.017563401413958808
1000.5;0.016568094782873223;0.07318094281168887;0.04746136865342164
1002.0;0.0170487948265726;0.014910112661872163;0.018242207460398566
1003.5;0.07425742574257424;0.018010291595197254;0.0953125
1005.0;0.014945495799148322;0.08175211949939443;0.03314777327935223
1006.5;0.01597712748065927;0.017623877982923447;0.017121863302370723
1008.0;0.015809071886378992;0.014945495799148322;0.019120945859903808
1009.5;0.018332165356039182;0.014910112661872163;0.01939938722177165
1011.0;0.01485852872552252;0.042924211938296444;0.03498920086393088
1012.5;0.017094017094017096;0.03411405295315682;0.01857743019312759
1014.0;0.01597712748065927;0.017215791035915702;0.03469827586206897
1015.5;0.01597712748065927;0.017771545130035694;0.10864197530864197
1017.0;0.015809071886378992;0.015148575167527809;0.03263403263403263
1018.5;0.015769487034319674;0.01645021645021645;0.06196903907872381
1020.0;0.015769487034319674;0.03879026955950033;0.01910958285696259
1021.5;0.07378150182183574;0.044811320754716985;0.018086080586080584
1023.0;0.07378150182183574;0.015001087035292413;0.019408502772643253
1024.5;0.07378150182183574;0.01780160609014529;0.019408502772643253
1026.0;0.017443347491498312;0.017391304347826087;0.018716969225741748
1027.5;0.017443347491498312;0.017368069472277887;0.034670398009950254
1029.0;0.014850222990092551;0.01845342706502636;0.018377019054067124
1030.5;0.017401635028469288;0.03879026955950033;0.017094017094017096
1032.0;0.017397154861764727;0.016084484159220147;0.022122793934874475
1033.5;0.01825012709422827;0.015283064065369568;0.037422037422037424
1035.0;0.01825012709422827;0.03608247422680412;0.03542094455852156
1036.5;0.017389540773412943;0.01688081285952368;0.04099192988081877
1038.0;0.017389540773412943;0.017699115044247787;0.04703135423615744
1039.5;0.016403046280023436;0.04536862003780718;0.033547008547008546
1041.0;0.015280135823429542;0.07425742574257424;0.016348533050547898
1042.5;0.015095605501509561;0.018026004728132386;0.07966947302775179
1044.0;0.01836806645203033;0.019626168224299065;0.01904761904761905
1045.5;0.10487804878048781;0.018565943596639965;0.05561797752808989
1047.0;0.10487804878048781;0.01749271137026239;0.03623804463336876
1048.5;0.10487804878048781;0.016863406408094434;0.03608247422680412
1050.0;0.015931023572219587;0.0161839863713799;0.04719101123595506
1051.5;0.014977544128398844;0.015731292517006803;0.03318419090231171
1053.0;0.016657965543552467;0.049561699258260275;0.017094017094017096
1054.5;0.016657965543552467;0.017934291168491913;0.016638225255972697
1056.0;0.016657965543552467;0.01612259159428971;0.03878406708595388
1057.5;0.016657965543552467;0.018991486574983625;0.019173609203820684
1059.0;0.016657965543552467;0.01845342706502636;0.018612132352941176
1060.5;0.018353291649805165;0.0175513698630137;0.015195702225633155
1062.0;0.0835740432992399;0.014945495799148322;0.019524316648917288
1063.5;0.01743688800923686;0.01865038996269922;0.016937514305333027
1065.0;0.07950345690046165;0.0189328743545611;0.01845342706502636
1066.5;0.07950345690046165;0.017094017094017096;0.03318419090231171
1068.0;0.015280135823429542;0.048187022900763356;0.019076941523072183
1069.5;0.016863406408094434;0.016745540589734254;0.020357941834451904
1071.0;0.015001087035292413;0.017971946230274694;0.01898890258939581
1072.5;0.08333173436690525;0.016830578931359627;0.03263403263403263
1074.0;0.08333173436690525;0.020807540799099605;0.019408502772643253
1075.5;0.08333173436690525;0.018028727092620107;0.07443393522499282
1077.0;0.06997510553090161;0.015892051780230634;0.01771124570375607
1078.5;0.015743018124095107;0.016335052812576762;0.03842353438719403
1080.0;0.015743018124095107;0.017754480892796753;0.04460242232754081
1081.5;0.015743018124095107;0.017754480892796753;0.019142066420664204
1083.0;0.016582472972657695;0.015001087035292413;0.020429159318048208
1084.5;0.014850222990092551;0.016676298192025096;0.03450226244343891
1086.0;0.014850222990092551;0.01836806645203033;0.11676646706586827
1087.5;0.014850222990092551;0.0170487948265726;0.01916033943724877
1089.0;0.014844188506303903;0.018937169700528483;0.019365757070114415
1090.5;0.014844188506303903;0.016830578931359627;0.018543046357615892
1092.0;0.017094017094017096;0.016830578931359627;0.039753545275546996
1093.5;0.017094017094017096;0.015762630806304054;0.01849148418491484
1095.0;0.017094017094017096;0.018937169700528483;0.055378061767838105
1096.5;0.017094017094017096;0.015926980240613186;0.037556267643244066
1098.0;0.015095605501509561;0.019071369196057474;0.05651944095157737
1099.5;0.01842179442537598;0.019142066420664204;0.019570608535802853
1101.0;0.017498443680569787;0.015154962909024714;0.06535182539266951
1102.5;0.0175513698630137;0.018010291595197254;0.039834736513875896
1104.0;0.0161839863713799;0.0189328743545611;0.041228653803504094
1105.5;0.0882232252769799;0.04536862003780718;0.08445040214477212
1107.0;0.01663225731761437;0.051059730250481696;0.019421852221284435
1108.5;0.018332165356039182;0.016863406408094434;0.037672884213300284
1110.0;0.016568094782873223;0.018470790378006873;0.08806800536182442
1111.5;0.016568094782873223;0.015001087035292413;0.019497997680372893
1113.0;0.01570251018973342;0.014945495799148322;0.03498920086393088
1114.5;0.01570251018973342;0.015731292517006803;0.019527766042341455
1116.0;0.01570251018973342;0.016863406408094434;0.040748898678414094
1117.5;0.015695763321720377;0.058823529411764705;0.03266518188567186
1119.0;0.015690820879123473;0.018683274021352312;0.019465945857394435
1120.5;0.015690820879123473;0.016348533050547898;0.02055279943302622
1122.0;0.015690820879123473;0.0161839863713799;0.018588241489165633
1123.5;0.017397154861764727;0.015963095712199653;0.04124943104233045
1125.0;0.015684481542853023;0.018753527560063075;0.018729678541185898
1126.5;0.015684481542853023;0.018470790378006873;0.020212060967528162
1128.0;0.0161839863713799;0.018010291595197254;0.03240740740740741
1129.5;0.0161839863713799;0.01865038996269922;0.04952229299363058
1131.0;0.015871286409530037;0.018470790378006873;0.034850863422292
1132.5;0.016638225255972697;0.01865038996269922;0.017824497257769654
1134.0;0.015871286409530037;0.0175513698630137;0.019580419580419582
1135.5;0.015809071886378992;0.01606832657788072;0.019192913385826772
1137.0;0.01834862385321101;0.017934291168491913;0.020212060967528162
1138.5;0.018323203432248837;0.015069294547215105;0.03909016803326415
1140.0;0.018532729644693425;0.015069294547215105;0.03240740740740741
1141.5;0.04536862003780718;0.01848360454802751;0.017126035533788362
1143.0;0.019013666072489603;0.016624630520743856;0.0554726368159204
1144.5;0.017094017094017096;0.07765061060887946;0.017830478700043915
1146.0;0.07668608086435384;0.0161839863713799;0.018612132352941176
1147.5;0.0161839863713799;0.017623877982923447;0.017596390484003282
1149.0;0.01597712748065927;0.017623877982923447;0.03418935643564356
1150.5;0.016676298192025096;0.015809071886378992;0.03689464753252357
1152.0;0.01488644788002137;0.01597712748065927;0.018969266005902232
1153.5;0.016638225255972697;0.08386958386958387;0.064562609221458
1155.0;0.045928030303030304;0.017373380447585393;0.017924528301886795
1156.5;0.015280135823429542;0.07548669050456894;0.01925569586423465
1158.0;0.017754480892796753;0.0175513698630137;0.018960244648318046
1159.5;0.040424121935056324;0.017754480892796753;0.01730418943533698
1161.0;0.018026004728132386;0.036783854166666664;0.015861825872400422
1162.5;0.016830578931359627;0.015871286409530037;0.019263204616067467
1164.0;0.017603269400950756;0.015731292517006803;0.018169311931530208
1165.5;0.01597712748065927;0.015731292517006803;0.01835078161749423
1167.0;0.01850632726208763;0.0175513698630137;0.03913393432066967
1168.5;0.042924211938296444;0.016676298192025096;0.07747733410719553
1170.0;0.017015706806282723;0.016676298192025096;0.049872122762148335
1171.5;0.018354055654233276;0.017094017094017096;0.04330254041570439
1173.0;0.01865038996269922;0.01597712748065927;0.01950286806883365
1174.5;0.04205607476635514;0.016676298192025096;0.01788591374083602
1176.0;0.01597712748065927;0.018026004728132386;0.019192913385826772
1177.5;0.018354055654233276;0.015188609731168737;0.016335052812576762
1179.0;0.01865038996269922;0.06900452488687782;0.015517241379310345
1180.5;0.017754480892796753;0.018010291595197254;0.03318419090231171
1182.0;0.01597712748065927;0.07548669050456894;0.050211416490486264
1183.5;0.017623877982923447;0.017623877982923447;0.01983411467724486
1185.0;0.019013666072489603;0.01663225731761437;0.018497117972856802
1186.5;0.015095605501509561;0.017094017094017096;0.01862097440132122
1188.0;0.016638225255972697;0.045928030303030304;0.019139945314441957
1189.5;0.017699115044247787;0.016638225255972697;0.062143611404435056
1191.0;0.016638225255972697;0.017754480892796753;0.01904761904761905
1192.5;0.015095605501509561;0.015871286409530037;0.019961612284069098
1194.0;0.016676298192025096;0.015871286409530037;0.04946808510638298
1195.5;0.0170487948265726;0.017547197908565945;0.016838000708968452
1197.0;0.07485824586801786;0.018010291595197254;0.017096154858180498
1198.5;0.05222437137330754;0.017623877982923447;0.019179429534916397
1200.0;0.01865038996269922;0.018010291595197254;0.017796927688272762
1201.5;0.017498443680569787;0.0175513698630137;0.01645021645021645
1203.0;0.018010291595197254;0.017699115044247787;0.04374966075014927
1204.5;0.015871286409530037;0.07362507392075694;0.020833333333333332
1206.0;0.018612132352941176;0.01672535211267606;0.015069294547215105
1207.5;0.01783664661861255;0.044197031039136296;0.017824497257769654
1209.0;0.017460979111666896;0.0189328743545611;0.019939577039274924
1210.5;0.017814806907942786;0.016863406408094434;0.036415289256198344
1212.0;0.0175513698630137;0.017623877982923447;0.05230035190742459
1213.5;0.01597712748065927;0.017498443680569787;0.01608187134502924
1215.0;0.015001087035292413;0.0161839863713799;0.017824497257769654
1216.5;0.017754480892796753;0.01865038996269922;0.015597920277296359
1218.0;0.015871286409530037;0.014910112661872163;0.018683274021352312
1219.5;0.016863406408094434;0.016638225255972697;0.01597712748065927
1221.0;0.018010291595197254;0.07061592781482934;0.017754480892796753
1222.5;0.016745540589734254;0.01842179442537598;0.015001087035292413
1224.0;0.01836806645203033;0.01663225731761437;0.017754480892796753
1225.5;0.015280135823429542;0.07597140829130454;0.019138359569179784
1227.0;0.017094017094017096;0.06910227840912597;0.018945175681156216
1228.5;0.0363872644574399;0.06910227840912597;0.017754480892796753
1230.0;0.01654091700522345;0.06910227840912597;0.016151166473134172
1231.5;0.016830578931359627;0.015711796950363736;0.05024038461538461
1233.0;0.015798668573620674;0.01570251018973342;0.01827458407484204
1234.5;0.0175513698630137;0.016550266845809666;0.019071369196057474
1236.0;0.015280135823429542;0.016550266845809666;0.05483214649033571
1237.5;0.015414729630535846;0.01826142579350741;0.017465753424657532
1239.0;0.05281007751937984;0.017754480892796753;0.05336597810879763
1240.5;0.01879117923894043;0.016745540589734254;0.016420118343195265
1242.0;0.017822888102077248;0.017547197908565945;0.015112409009898865
1243.5;0.017971946230274694;0.01660281557997176;0.018487434139972954
1245.0;0.01769257756716558;0.01660281557997176;0.016542895683396897
1246.5;0.017824497257769654;0.01660281557997176;0.0334685598377282
1248.0;0.018147448015122872;0.018289844042285466;0.03379065040650407
1249.5;0.05488404778636684;0.01741601350785099;0.01810699588477366
1251.0;0.08108223575110601;0.01741601350785099;0.017699115044247787
1252.5;0.01606832657788072;0.0182681206624895;0.016638225255972697
1254.0;0.017603269400950756;0.01865038996269922;0.017391304347826087
1255.5;0.015762630806304054;0.01865038996269922;0.01834862385321101
1257.0;0.0175513698630137;0.017623877982923447;0.01897923971725942
1258.5;0.01608187134502924;0.017623877982923447;0.015731292517006803
1260.0;0.01672535211267606;0.016676298192025096;0.03412017167381975
1261.5;0.0161839863713799;0.018332165356039182;0.017015706806282723
1263.0;0.015871286409530037;0.018289844042285466;0.019142066420664204
1264.5;0.018470790378006873;0.0182681206624895;0.03789927328037857
1266.0;0.017699115044247787;0.0182681206624895;0.017699115044247787
1267.5;0.018848906360245943;0.016540721828503288;0.01783664661861255
1269.0;0.01672693391308206;0.017094017094017096;0.018354055654233276
1270.5;0.01672693391308206;0.018354055654233276;0.03379065040650407
1272.0;0.01672693391308206;0.018354055654233276;0.0857142857142857
1273.5;0.017824497257769654;0.018354055654233276;0.07504419964640283
1275.0;0.017824497257769654;0.0161839863713799;0.036783854166666664
1276.5;0.015414729630535846;0.08386958386958387;0.019877675840978597
1278.0;0.07699468813318001;0.014910112661872163;0.016285076905013504
1279.5;0.0175513698630137;0.01660281557997176;0.018612132352941176
1281.0;0.017547197908565945;0.01660281557997176;0.0175513698630137
1282.5;0.017547197908565945;0.05339805825242719;0.018354055654233276
1284.0;0.0175513698630137;0.08175211949939443;0.018816236238296122
1285.5;0.017094017094017096;0.017623877982923447;0.01710857414002294
1287.0;0.01865038996269922;0.017623877982923447;0.018876611418047883
1288.5;0.0175513698630137;0.017623877982923447;0.017830478700043915
1290.0;0.0175513698630137;0.01842179442537598;0.020833333333333332
1291.5;0.015095605501509561;0.015724726735506497;0.01754649070185963
1293.0;0.01597712748065927;0.016568094782873223;0.015323185121675935
1294.5;0.016745540589734254;0.0425033467202142;0.019731800766283527
1296.0;0.016745540589734254;0.038385826771653545;0.018937370139507272
1297.5;0.016676298192025096;0.018470790378006873;0.017554265099343522
1299.0;0.015769487034319674;0.0470532319391635;0.0161839863713799
1300.5;0.015769487034319674;0.018010291595197254;0.01733025239957341
1302.0;0.01830736743700201;0.051640926640926635;0.01845342706502636
1303.5;0.017427438387099873;0.018010291595197254;0.01733025239957341
1305.0;0.016638225255972697;0.07425742574257424;0.018197573656845753
1306.5;0.016638225255972697;0.016638225255972697;0.016043635035830027
1308.0;0.017094017094017096;0.017094017094017096;0.03798297314996725
1309.5;0.015095605501509561;0.0161839863713799;0.034408602150537634
1311.0;0.015095605501509561;0.019013666072489603;0.0175513698630137
1312.5;0.018010291595197254;0.01654091700522345;0.0161839863713799
1314.0;0.01865038996269922;0.018026004728132386;0.018354055654233276
1315.5;0.01865038996269922;0.016838000708968452;0.016863406408094434
1317.0;0.015809071886378992;0.0170487948265726;0.017824497257769654
1318.5;0.015809071886378992;0.018026004728132386;0.019020693899530733
1320.0;0.01663225731761437;0.018314772574802095;0.05169902912621359
1321.5;0.07230513049762272;0.015597920277296359;0.03879026955950033
1323.0;0.015280135823429542;0.01672535211267606;0.018012117242508598
1324.5;0.049329501915708805;0.057535046728971966;0.03919631093544137
1326.0;0.0175513698630137;0.0161839863713799;0.016821418488660245
1327.5;0.05545957152729785;0.03557483731019522;0.04208416833667335
1329.0;0.017015706806282723;0.01749271137026239;0.0161839863713799
1330.5;0.015069294547215105;0.015731292517006803;0.015154962909024714
1332.0;0.08315565031982942;0.018202378957949406;0.018185821224130337
1333.5;0.045928030303030304;0.018202378957949406;0.03953635787376619
1335.0;0.017754480892796753;0.01702795118737648;0.0170487948265726
1336.5;0.045928030303030304;0.015095605501509561;0.015963095712199653
1338.0;0.020484171322160148;0.017094017094017096;0.049561699258260275
1339.5;0.01583436633020483;0.01784040701566475;0.014986153377295074
1341.0;0.016917819729987117;0.018753527560063075;0.016285076905013504
1342.5;0.018010291595197254;0.0161839863713799;0.019524316648917288
1344.0;0.07796881247500999;0.016745540589734254;0.018026004728132386
1345.5;0.016403046280023436;0.01836806645203033;0.0809568630592382
1347.0;0.0189328743545611;0.015731292517006803;0.017699115044247787
1348.5;0.016745540589734254;0.0175513698630137;0.04852320675105485
1350.0;0.0161839863713799;0.017623877982923447;0.015485263812109516
1351.5;0.017094017094017096;0.0334685598377282;0.07027155099143369
1353.0;0.01865038996269922;0.015109552273918112;0.019179429534916397
1354.5;0.015095605501509561;0.019142066420664204;0.018612132352941176
1356.0;0.015731292517006803;0.01766843911960692;0.017699115044247787
1357.5;0.015731292517006803;0.019013666072489603;0.08431531897602601
1359.0;0.04536862003780718;0.05486947006409254;0.015095605501509561
1360.5;0.07905457014342697;0.018354055654233276;0.0170487948265726
1362.0;0.08224351322206593;0.017094017094017096;0.018612132352941176
1363.5;0.018683274021352312;0.017971946230274694;0.03982067510548524
1365.0;0.0189328743545611;0.017094017094017096;0.044444948784288806
1366.5;0.015871286409530037;0.017373380447585393;0.04516876240900066
1368.0;0.01842179442537598;0.018354055654233276;0.01775534628830588
1369.5;0.04745515227367544;0.047658862876254184;0.018010291595197254
1371.0;0.018027686896003935;0.018683274021352312;0.018026004728132386
1372.5;0.01882969887114336;0.017699115044247787;0.018937169700528483
1374.0;0.0189328743545611;0.07526573646964445;0.017699115044247787
1375.5;0.0175513698630137;0.015225395561747438;0.0161839863713799
1377.0;0.03599221789883269;0.018026004728132386;0.044811320754716985
1378.5;0.08747300215982722;0.08508990794115118;0.01865038996269922
1380.0;0.017754480892796753;0.016638225255972697;0.01836806645203033
1381.5;0.01850632726208763;0.015731292517006803;0.015743018124095107
1383.0;0.051640926640926635;0.049561699258260275;0.015095605501509561
1384.5;0.01597712748065927;0.05749128919860627;0.037760416666666664
1386.0;0.049329501915708805;0.04208416833667335;0.01834862385321101
1387.5;0.049329501915708805;0.015095605501509561;0.016838000708968452
1389.0;0.049329501915708805;0.05105498228861851;0.01704391595915832
1390.5;0.049329501915708805;0.01929824561403509;0.017754480892796753
1392.0;0.017754480892796753;0.0161839863713799;0.051059730250481696
1393.5;0.04425612052730697;0.018026004728132386;0.01850632726208763
1395.0;0.0882232252769799;0.03476482617586912;0.017971946230274694
1396.5;0.015809071886378992;0.018487434139972954;0.0875542284072342
1398.0;0.01836806645203033;0.05219945766797228;0.0170487948265726
1399.5;0.01488644788002137;0.01799009736360781;0.017368069472277887
1401.0;0.01865038996269922;0.015280135823429542;0.017824497257769654
1402.5;0.03718199608610568;0.044811320754716985;0.015154962909024714
1404.0;0.016979552792060267;0.0161839863713799;0.015095605501509561
1405.5;0.019013666072489603;0.015280135823429542;0.01612259159428971
1407.0;0.019013666072489603;0.01654091700522345;0.01771809624494277
1408.5;0.07922182109907742;0.01672693391308206;0.015280135823429542
1410.0;0.018354055654233276;0.01865038996269922;0.015280135823429542
1411.5;0.042924211938296444;0.015095605501509561;0.07796881247500999
1413.0;0.017094017094017096;0.01942319011183049;0.04315196998123827
1414.5;0.017215791035915702;0.018354055654233276;0.015095605501509561
1416.0;0.015280135823429542;0.015597920277296359;0.0175513698630137
1417.5;0.016863406408094434;0.015731292517006803;0.018026004728132386
1419.0;0.01663225731761437;0.01726263871763255;0.018010291595197254
1420.5;0.0175513698630137;0.016903583394228514;0.040013227513227514
1422.0;0.015095605501509561;0.018197573656845753;0.017015706806282723
1423.5;0.01850632726208763;0.018790849673202614;0.0161839863713799
1425.0;0.015769487034319674;0.018610244807272875;0.0175513698630137
1426.5;0.017754480892796753;0.017094017094017096;0.018470790378006873
1428.0;0.06780848193311179;0.0161839863713799;0.045540153683893324
1429.5;0.015743018124095107;0.017094017094017096;0.018122434188009157
1431.0;0.07503727202704219;0.07894736842105263;0.01597712748065927
1432.5;0.01740771421307761;0.01597712748065927;0.01597712748065927
1434.0;0.014834097312229661;0.017094017094017096;0.051640926640926635
1435.5;0.018354055654233276;0.015001087035292413;0.017754480892796753
1437.0;0.018354055654233276;0.017094017094017096;0.01865038996269922
1438.5;0.01749271137026239;0.0189328743545611;0.017094017094017096
1440.0;0.016979552792060267;0.015095605501509561;0.014945495799148322
1441.5;0.0867155943770588;0.05281007751937984;0.016638225255972697
1443.0;0.08265594250021391;0.017623877982923447;0.017754480892796753
1444.5;0.0334685598377282;0.017623877982923447;0.01672535211267606
1446.0;0.018027686896003935;0.0189328743545611;0.0189328743545611
1447.5;0.0175513698630137;0.015095605501509561;0.01865038996269922
1449.0;0.018487434139972954;0.015001087035292413;0.018010291595197254
1450.5;0.015024970979036621;0.07883717752634664;0.01842179442537598
1452.0;0.020212060967528162;0.018010291595197254;0.015769487034319674
1453.5;0.020259533898305086;0.018010291595197254;0.014870091759449306
1455.0;0.016986420528681198;0.01865038996269922;0.01741601350785099
1456.5;0.0161839863713799;0.03879026955950033;0.0175513698630137
1458.0;0.018683274021352312;0.07964135021097048;0.015001087035292413
1459.5;0.015095605501509561;0.01842179442537598;0.05970809376382132
1461.0;0.06847253574115876;0.01842179442537598;0.016755205752543818
1462.5;0.0161839863713799;0.017498443680569787;0.01597712748065927
1464.0;0.017094017094017096;0.06379056047197638;0.015871286409530037
1465.5;0.04425612052730697;0.01597712748065927;0.018010291595197254
1467.0;0.017754480892796753;0.021042084168336674;0.046489563567362426
1468.5;0.038385826771653545;0.018197573656845753;0.018197573656845753
1470.0;0.017015706806282723;0.041666666666666664;0.017373380447585393
1471.5;0.01594765689784196;0.07548669050456894;0.015963095712199653
1473.0;0.0189328743545611;0.040424121935056324;0.015225395561747438
1474.5;0.017754480892796753;0.039603960396039604;0.01608187134502924
1476.0;0.017971946230274694;0.04494213136930708;0.06878406314602518
1477.5;0.03412017167381975;0.015188609731168737;0.0547029702970297
1479.0;0.017089125102207687;0.01597712748065927;0.017810548929218788
1480.5;0.05061362674566229;0.015414729630535846;0.04813729593972374
1482.0;0.05149558123725356;0.04377104377104378;0.05394088669950739
1483.5;0.05149558123725356;0.01845342706502636;0.01903411557047368
1485.0;0.015225395561747438;0.019013666072489603;0.08129394815051644
1486.5;0.016638225255972697;0.018612132352941176;0.0153103221203973
1488.0;0.016638225255972697;0.01836395435418795;0.018595825426944972
1489.5;0.045928030303030304;0.018937169700528483;0.01731640784414803
1491.0;0.01865038996269922;0.018470790378006873;0.017699115044247787
1492.5;0.015001087035292413;0.08962912087912087;0.05222437137330754
1494.0;0.07922182109907742;0.017961645808949312;0.0175513698630137
1495.5;0.015809071886378992;0.01586074073577572;0.051617709663686666
1497.0;0.01836806645203033;0.019327580007191657;0.016348533050547898
1498.5;0.017094017094017096;0.016348533050547898;0.0170487948265726
1500.0;0.016863406408094434;0.01773141070098048;0.019327580007191657
1501.5;0.08024848949025615;0.03879026955950033;0.017094017094017096
1503.0;0.017015706806282723;0.015597920277296359;0.01834862385321101
1504.5;0.018848906360245943;0.01612259159428971;0.017570604905697253
1506.0;0.08220458215006982;0.04083665338645418;0.01809837338182759
1507.5;0.018358765104113217;0.0189328743545611;0.01845342706502636
1509.0;0.017094017094017096;0.017754480892796753;0.01834862385321101
1510.5;0.01850632726208763;0.016745540589734254;0.017460979111666896
1512.0;0.01865038996269922;0.017373380447585393;0.017410714285714286
1513.5;0.017623877982923447;0.0843149411035338;0.01897445852630411
1515.0;0.01488644788002137;0.019139945314441957;0.0161839863713799
1516.5;0.018289844042285466;0.0470532319391635;0.03758169934640523
1518.0;0.04260299625468165;0.0161839863713799;0.0370850622406639
1519.5;0.0161839863713799;0.045928030303030304;0.0334685598377282
1521.0;0.018010291595197254;0.015095605501509561;0.037422037422037424
1522.5;0.09492273730684328;0.01726263871763255;0.015414729630535846
1524.0;0.0161839863713799;0.017754480892796753;0.045086351826379344
1525.5;0.015731292517006803;0.018197573656845753;0.039603960396039604
1527.0;0.05412371134020618;0.01597712748065927;0.02118989405052975
1528.5;0.038441422594142266;0.015225395561747438;0.017672275524190022
1530.0;0.01537736404878336;0.015095605501509561;0.044540886249428965
1531.5;0.04428854988714763;0.015001087035292413;0.016335052812576762
1533.0;0.014956349311882165;0.07922182109907742;0.03585049580472921
1534.5;0.017699115044247787;0.0161839863713799;0.01672535211267606
1536.0;0.0189328743545611;0.016429426632965278;0.01942319011183049
1537.5;0.016745540589734254;0.05048076923076923;0.037422037422037424
1539.0;0.015769487034319674;0.01865038996269922;0.017971946230274694
1540.5;0.016638225255972697;0.0189328743545611;0.018026004728132386
1542.0;0.018026004728132386;0.017754480892796753;0.016638225255972697
1543.5;0.01597712748065927;0.015769487034319674;0.05084745762711864
1545.0;0.08386958386958387;0.01749271137026239;0.03215077605321508
1546.5;0.08216097234185091;0.01848360454802751;0.03379065040650407
1548.0;0.08152861826245252;0.017094017094017096;0.0162748643761302
1549.5;0.014870091759449306;0.018010291595197254;0.01992774510934317
1551.0;0.015001087035292413;0.041250831669993354;0.01764234161988773
1552.5;0.015001087035292413;0.018610244807272875;0.031135531135531136
1554.0;0.05339805825242719;0.08582485961450903;0.019263204616067467
1555.5;0.015095605501509561;0.016863406408094434;0.019397273031533303
1557.0;0.016676298192025096;0.048187022900763356;0.062143611404435056
1558.5;0.07883717752634664;0.0161839863713799;0.01707014276846679
1560.0;0.015743018124095107;0.05301047120418849;0.017617152611524214
1561.5;0.017443347491498312;0.03557483731019522;0.019877675840978597
1563.0;0.018277260861902424;0.018354055654233276;0.018699545475974563
1564.5;0.018277260861902424;0.03164091243561443;0.01929824561403509
1566.0;0.03919631093544137;0.018595825426944972;0.020006613756613757
1567.5;0.03919631093544137;0.01733025239957341;0.054544642325332064
1569.0;0.08033826638477802;0.03266518188567186;0.03852796379132368
1570.5;0.0425033467202142;0.019139945314441957;0.018876611418047883
1572.0;0.016863406408094434;0.015139193690331638;0.019139945314441957
1573.5;0.015001087035292413;0.01834061135371179;0.05573902011269077
1575.0;0.0175513698630137;0.017934291168491913;0.03503787878787879
1576.5;0.01865038996269922;0.01845342706502636;0.048445069542115964
1578.0;0.017547197908565945;0.018086080586080584;0.01676981545879932
1579.5;0.015731292517006803;0.01688081285952368;0.01756386861313869
1581.0;0.0161839863713799;0.017094017094017096;0.020788912579957356
1582.5;0.016745540589734254;0.01730418943533698;0.018022181146025877
1584.0;0.06673232664261046;0.017373380447585393;0.09008774774105532
1585.5;0.03718199608610568;0.01730418943533698;0.020213754646840148
1587.0;0.015225395561747438;0.01887912456608984;0.018595825426944972
1588.5;0.015280135823429542;0.04990403071017274;0.01834061135371179
1590.0;0.01597712748065927;0.018086080586080584;0.017356740642596888
1591.5;0.01597712748065927;0.038100208768267224;0.020625415834996677
1593.0;0.016638225255972697;0.015033359741139864;0.018423701999137062
1594.5;0.015095605501509561;0.018354055654233276;0.01834862385321101
1596.0;0.01967799642218247;0.06790123456790123;0.016263612953345514
1597.5;0.08691206543967281;0.016217853406024562;0.019801980198019802
1599.0;0.015769487034319674;0.017109646505052045;0.021191464137522226
1600.5;0.01606832657788072;0.04536862003780718;0.017320803390455133
1602.0;0.0363872644574399;0.051640926640926635;0.018086080586080584
1603.5;0.01784040701566475;0.04083665338645418;0.018487434139972954
1605.0;0.014975431187270396;0.056249999999999994;0.03189528023598819
1606.5;0.018470790378006873;0.017810548929218788;0.020966880341880344
1608.0;0.016745540589734254;0.017699115044247787;0.020005891416659115
1609.5;0.018010291595197254;0.01678424862821045;0.01724354671530596
1611.0;0.01865038996269922;0.05099302200751476;0.04054054054054054
1612.5;0.016638225255972697;0.015517241379310345;0.04000443475737528
1614.0;0.018354055654233276;0.017854807063440156;0.0935594122302085
1615.5;0.0161839863713799;0.016745540589734254;0.03608247422680412
1617.0;0.047619047619047616;0.040424121935056324;0.01983411467724486
1618.5;0.015809071886378992;0.0544885627967199;0.019731800766283527
1620.0;0.015743018124095107;0.0170487948265726;0.047874824848201776
1621.5;0.014870091759449306;0.04735151063301026;0.019103449844912447
1623.0;0.0688532784166215;0.03919631093544137;0.01707014276846679
1624.5;0.0688532784166215;0.01814552172099398;0.018423701999137062
1626.0;0.0688532784166215;0.01845342706502636;0.039603960396039604
1627.5;0.0688532784166215;0.01862097440132122;0.0196525928743502
1629.0;0.01741601350785099;0.03913393432066967;0.015322182768277178
1630.5;0.01741601350785099;0.016380945535282868;0.01780160609014529
1632.0;0.014844188506303903;0.018010291595197254;0.015517241379310345
1633.5;0.017393838281482624;0.018683274021352312;0.01834862385321101
1635.0;0.0788529140887569;0.03185654008438818;0.04563583371682774
1636.5;0.01597712748065927;0.060674157303370786;0.05175175175175176
1638.0;0.04536862003780718;0.01600243118867761;0.017078710866774205
1639.5;0.015095605501509561;0.019327580007191657;0.05145413870246085
1641.0;0.017094017094017096;0.0897029737629741;0.01678765880217786
1642.5;0.0882232252769799;0.018876611418047883;0.018026004728132386
1644.0;0.07905457014342697;0.05737101849546102;0.019013666072489603
1645.5;0.0161839863713799;0.018354055654233276;0.0425033467202142
1647.0;0.07182211727666273;0.016863406408094434;0.05048076923076923
1648.5;0.016638225255972697;0.017824497257769654;0.01672535211267606
1650.0;0.015731292517006803;0.12502408632539022;0.0425033467202142
1651.5;0.016638225255972697;0.016497705558986827;0.02247191011235955
1653.0;0.016638225255972697;0.01672535211267606;0.01686070441582878
1654.5;0.016863406408094434;0.035751028806584366;0.01834061135371179
1656.0;0.0161839863713799;0.018595825426944972;0.017373380447585393
1657.5;0.016745540589734254;0.016257905732192428;0.017934291168491913
1659.0;0.07868285545991754;0.0175513698630137;0.018354055654233276
1660.5;0.038100208768267224;0.016745540589734254;0.040424121935056324
1662.0;0.017679771605305417;0.015095605501509561;0.015001087035292413
1663.5;0.017679771605305417;0.016638225255972697;0.016638225255972697
1665.0;0.018443932541639993;0.017094017094017096;0.08569059601627427
1666.5;0.01865038996269922;0.08048289738430583;0.05595393307257713
1668.0;0.01865038996269922;0.015871286409530037;0.041666666666666664
1669.5;0.015731292517006803;0.01836806645203033;0.050912176495545185
1671.0;0.01865038996269922;0.017427438387099873;0.01812240047534165
1672.5;0.018197573656845753;0.07054265059643242;0.018202378957949406
1674.0;0.08118077005759025;0.018803418803418803;0.0779153766769866
1675.5;0.014922830014276238;0.01597712748065927;0.018354055654233276
1677.0;0.014922830014276238;0.015731292517006803;0.022749336019782036
1678.5;0.0175513698630137;0.07303592577970786;0.01892203047355004
1680.0;0.0161839863713799;0.03718199608610568;0.017006961793443267
1681.5;0.0161839863713799;0.016863406408094434;0.017094017094017096
1683.0;0.015095605501509561;0.01850632726208763;0.031578947368421054
1684.5;0.015001087035292413;0.018612132352941176;0.01746599856836077
1686.0;0.015809071886378992;0.015139193690331638;0.015731292517006803
1687.5;0.015809071886378992;0.046489563567362426;0.03646288209606987
1689.0;0.015743018124095107;0.0189328743545611;0.019056501575275074
1690.5;0.016582472972657695;0.018163597644995613;0.019274809160305342
1692.0;0.016863406408094434;0.038441422594142266;0.01903411557047368
1693.5;0.014945495799148322;0.038441422594142266;0.017373380447585393
1695.0;0.0175513698630137;0.018047156089719053;0.018147448015122872
1696.5;0.044811320754716985;0.016043635035830027;0.018832655731576244
1698.0;0.0175513698630137;0.047658862876254184;0.03208232445520581
1699.5;0.017754480892796753;0.08910306845003935;0.10669456066945608
1701.0;0.015731292517006803;0.01694768198513463;0.031135531135531136
1702.5;0.016745540589734254;0.015280135823429542;0.03625869377340631
1704.0;0.01660281557997176;0.019139945314441957;0.017824497257769654
1705.5;0.016568094782873223;0.0170487948265726;0.017645059094131093
1707.0;0.01741601350785099;0.018010291595197254;0.04674489023467071
1708.5;0.0182681206624895;0.018010291595197254;0.02026569066015996
1710.0;0.018010291595197254;0.07182211727666273;0.017371794140592728
1711.5;0.017754480892796753;0.07922182109907742;0.02079334612923865
1713.0;0.017754480892796753;0.017094017094017096;0.05351366106860276
1714.5;0.017754480892796753;0.017623877982923447;0.01979812054708171
1716.0;0.017754480892796753;0.016676298192025096;0.018470790378006873
1717.5;0.075255126101145;0.017498443680569787;0.019345238095238096
1719.0;0.017498443680569787;0.01830736743700201;0.01834061135371179
1720.5;0.018332165356039182;0.047619047619047616;0.0189328743545611
1722.0;0.018332165356039182;0.057535046728971966;0.01834862385321101
1723.5;0.07554733113661864;0.0363872644574399;0.03646288209606987
1725.0;0.07554733113661864;0.015095605501509561;0.019005143564034117
1726.5;0.07554733113661864;0.015095605501509561;0.01898799094726414
1728.0;0.014850222990092551;0.014945495799148322;0.0161839863713799
1729.5;0.014844188506303903;0.03718199608610568;0.041250831669993354
1731.0;0.015690820879123473;0.09041394335511982;0.03831780620032634
1732.5;0.018256492034823147;0.08302956662616444;0.07789002410745036
1734.0;0.015684481542853023;0.014945495799148322;0.01730418943533698
1735.5;0.016533838797490336;0.0161839863713799;0.017302798982188294
1737.0;0.01567987457984609;0.018197573656845753;0.018130653858620383
1738.5;0.0703052286655408;0.01783664661861255;0.01834862385321101
1740.0;0.016530987295071384;0.016638225255972697;0.01780160609014529
1741.5;0.01738538657899296;0.041250831669993354;0.057535046728971966
1743.0;0.01738538657899296;0.01749271137026239;0.09693877551020409
1744.5;0.01567734827379584;0.017373380447585393;0.020625415834996677
1746.0;0.014827541633468562;0.05222437137330754;0.042210077806595046
1747.5;0.014827541633468562;0.016863406408094434;0.016965127238454288
1749.0;0.014827541633468562;0.015809071886378992;0.03476946334089191
1750.5;0.01738451054966002;0.01836806645203033;0.019801980198019802
1752.0;0.05048076923076923;0.017015706806282723;0.019328632196396744
1753.5;0.05048076923076923;0.0189328743545611;0.038720289253749034
1755.0;0.0161839863713799;0.015095605501509561;0.034792478696257935
1756.5;0.017754480892796753;0.01865038996269922;0.016425354213049807
1758.0;0.017754480892796753;0.038100208768267224;0.01923284128865424
1759.5;0.017623877982923447;0.01950286806883365;0.018086080586080584
1761.0;0.01836806645203033;0.01871226912632689;0.017112577971766515
1762.5;0.017465858520325457;0.016863406408094434;0.03412017167381975
1764.0;0.03879026955950033;0.017094017094017096;0.020024461330280005
1765.5;0.01865038996269922;0.017373380447585393;0.03476946334089191
1767.0;0.015731292517006803;0.0161839863713799;0.018377019054067124
1768.5;0.016863406408094434;0.01834862385321101;0.015289584606767133
1770.0;0.015731292517006803;0.0185554688027144;0.01672535211267606
1771.5;0.017547197908565945;0.017754480892796753;0.033366867873910126
1773.0;0.017547197908565945;0.017547197908565945;0.05555555555555555
1774.5;0.01663225731761437;0.017498443680569787;0.05468119451170299
1776.0;0.01663225731761437;0.017498443680569787;0.019580775075714846
1777.5;0.01488644788002137;0.045928030303030304;0.05501576966120663
1779.0;0.016582472972657695;0.017623877982923447;0.01992774510934317
1780.5;0.01485852872552252;0.015809071886378992;0.01767622907113149
1782.0;0.01485852872552252;0.015743018124095107;0.019731800766283527
1783.5;0.01485852872552252;0.017443347491498312;0.03450226244343891
1785.0;0.07810706658548916;0.04425612052730697;0.03191137566137566
1786.5;0.06637751465633172;0.047619047619047616;0.10250516356852556
1788.0;0.015280135823429542;0.01865038996269922;0.019598155467720684
1789.5;0.0161839863713799;0.016638225255972697;0.04820740227876551
1791.0;0.0170487948265726;0.017623877982923447;0.04988354037267081
1792.5;0.01606832657788072;0.075255126101145;0.03488935715144497
1794.0;0.017934291168491913;0.018010291595197254;0.021628640326470043
1795.5;0.018086080586080584;0.018010291595197254;0.017355323999536317
1797.0;0.016838000708968452;0.018010291595197254;0.035869565217391305
1798.5;0.016755205752543818;0.0175513698630137;0.05488607286462776
1800.0;0.016863406408094434;0.017699115044247787;0.03436018957345971
1801.5;0.018026004728132386;0.015280135823429542;0.03190596137699412
1803.0;0.017094017094017096;0.017754480892796753;0.018356361026377176
1804.5;0.017623877982923447;0.07771195869669424;0.015551517345160387
1806.0;0.015743018124095107;0.017094017094017096;0.015990285677765705
1807.5;0.016335052812576762;0.015095605501509561;0.020497803806734993
1809.0;0.01601318781639348;0.0161839863713799;0.01880104335939407
1810.5;0.017699115044247787;0.018010291595197254;0.034611469290804206
1812.0;0.015280135823429542;0.016863406408094434;0.01672535211267606
1813.5;0.016863406408094434;0.016638225255972697;0.020019870839542972
1815.0;0.015871286409530037;0.01850632726208763;0.01898004080212848
1816.5;0.0170487948265726;0.01850632726208763;0.018937169700528483
1818.0;0.0189328743545611;0.015095605501509561;0.02132510729613734
1819.5;0.017754480892796753;0.018354055654233276;0.017086112989017438
1821.0;0.017623877982923447;0.017015706806282723;0.019527766042341455
1822.5;0.017094017094017096;0.018185821224130337;0.01654091700522345
1824.0;0.017094017094017096;0.018683274021352312;0.07787109995093372
1825.5;0.016863406408094434;0.017754480892796753;0.018354055654233276
1827.0;0.015731292517006803;0.017754480892796753;0.03692537951678426
1828.5;0.015280135823429542;0.015769487034319674;0.08248587570621468
1830.0;0.0175513698630137;0.016638225255972697;0.020600092615292418
1831.5;0.015001087035292413;0.017754480892796753;0.019669011341775736
1833.0;0.015001087035292413;0.015871286409530037;0.019719771665801765
1834.5;0.015769487034319674;0.016863406408094434;0.019492203118752497
1836.0;0.017094017094017096;0.0161839863713799;0.018010291595197254
1837.5;0.0175513698630137;0.015280135823429542;0.04064736499674691
1839.0;0.0175513698630137;0.015095605501509561;0.017596390484003282
1840.5;0.01865038996269922;0.017547197908565945;0.05542725173210161
1842.0;0.018683274021352312;0.01660281557997176;0.03992395437262357
1843.5;0.016830578931359627;0.01741601350785099;0.0170487948265726
1845.0;0.06984030590794733;0.01740771421307761;0.019731800766283527
1846.5;0.015738326756557706;0.017699115044247787;0.036783854166666664
1848.0;0.0175513698630137;0.0189328743545611;0.04258970358814352
1849.5;0.01842179442537598;0.015001087035292413;0.016281110168747993
1851.0;0.015743018124095107;0.017094017094017096;0.018010291595197254
1852.5;0.016638225255972697;0.017373380447585393;0.01826215022091311
1854.0;0.015095605501509561;0.0189328743545611;0.04667422524565381
1855.5;0.016676298192025096;0.07796881247500999;0.021162885266292713
1857.0;0.01663225731761437;0.07796881247500999;0.018803052027851885
1858.5;0.015731292517006803;0.01597712748065927;0.036783854166666664
1860.0;0.016863406408094434;0.015001087035292413;0.019598155467720684
1861.5;0.016638225255972697;0.014945495799148322;0.01763773473124277
1863.0;0.016863406408094434;0.015769487034319674;0.04203097046816688
1864.5;0.014945495799148322;0.015724726735506497;0.019877181641887523
1866.0;0.017754480892796753;0.01597712748065927;0.018014694580220727
1867.5;0.016676298192025096;0.017754480892796753;0.03988673139158575
1869.0;0.01660281557997176;0.0189328743545611;0.024940047961630695
1870.5;0.03879026955950033;0.07425742574257424;0.0586467340347953
1872.0;0.018010291595197254;0.01865038996269922;0.01922376899995081
1873.5;0.0189328743545611;0.0189328743545611;0.046529331797985476
1875.0;0.01850632726208763;0.017623877982923447;0.017971946230274694
1876.5;0.017547197908565945;0.01842179442537598;0.01834862385321101
1878.0;0.017094017094017096;0.01663225731761437;0.016838000708968452
1879.5;0.01597712748065927;0.0175513698630137;0.017830478700043915
1881.0;0.01850632726208763;0.0161839863713799;0.038100208768267224
1882.5;0.01850632726208763;0.04875717017208413;0.017699115044247787
1884.0;0.016676298192025096;0.015280135823429542;0.047948617585311167
1885.5;0.015769487034319674;0.039603960396039604;0.019098466389565714
1887.0;0.015743018124095107;0.039603960396039604;0.019179429534916397
1888.5;0.015743018124095107;0.09645232815964523;0.018185821224130337
1890.0;0.015743018124095107;0.016745540589734254;0.043284066915705695
1891.5;0.017443347491498312;0.016745540589734254;0.034921650143907905
1893.0;0.017443347491498312;0.015809071886378992;0.03479480883900386
1894.5;0.014850222990092551;0.015809071886378992;0.01681728568576999
1896.0;0.014850222990092551;0.015809071886378992;0.04083665338645418
1897.5;0.014850222990092551;0.015731292517006803;0.016988416988416986
1899.0;0.014844188506303903;0.015731292517006803;0.017754480892796753
1900.5;0.014844188506303903;0.048187022900763356;0.01537736404878336
1902.0;0.017754480892796753;0.048187022900763356;0.07007575757575758
1903.5;0.015809071886378992;0.04425612052730697;0.017094017094017096
1905.0;0.014910112661872163;0.04425612052730697;0.016089299461123942
1906.5;0.015743018124095107;0.042924211938296444;0.0749186191375638
1908.0;0.015743018124095107;0.042924211938296444;0.019939577039274924
1909.5;0.01747700394218134;0.04425612052730697;0.037628404998428934
1911.0;0.017699115044247787;0.015095605501509561;0.053613172004989
1912.5;0.01865038996269922;0.016745540589734254;0.017824497257769654
1914.0;0.017015706806282723;0.016745540589734254;0.016937514305333027
1915.5;0.018848906360245943;0.015095605501509561;0.07805867448344729
1917.0;0.014986153377295074;0.047619047619047616;0.040491315844332534
1918.5;0.015762630806304054;0.017094017094017096;0.12351190476190474
1920.0;0.017439295057023192;0.017094017094017096;0.0173898290707045
1921.5;0.0189328743545611;0.017754480892796753;0.018026004728132386
1923.0;0.018354055654233276;0.0170487948265726;0.019801980198019802
1924.5;0.019345238095238096;0.0189328743545611;0.056686046511627904
1926.0;0.016979552792060267;0.015001087035292413;0.01749271137026239
1927.5;0.017623877982923447;0.048187022900763356;0.016937514305333027
1929.0;0.01842179442537598;0.016863406408094434;0.03542094455852156
1930.5;0.03718199608610568;0.017547197908565945;0.03189528023598819
1932.0;0.01654091700522345;0.014910112661872163;0.018848906360245943
1933.5;0.018610244807272875;0.014910112661872163;0.03412017167381975
1935.0;0.0161839863713799;0.01660281557997176;0.01846102916835252
1936.5;0.017754480892796753;0.047619047619047616;0.015966725757991896
1938.0;0.018010291595197254;0.015095605501509561;0.016348533050547898
1939.5;0.017373380447585393;0.08174097664543525;0.09207534913933095
1941.0;0.0363872644574399;0.01865038996269922;0.0161839863713799
1942.5;0.0189328743545611;0.015001087035292413;0.01675203627508607
1944.0;0.014945495799148322;0.01597712748065927;0.07856718297613975
1945.5;0.03130252100840336;0.018026004728132386;0.035751028806584366
1947.0;0.017391304347826087;0.018010291595197254;0.04258970358814352
1948.5;0.07327188940092165;0.016745540589734254;0.041250831669993354
1950.0;0.019013666072489603;0.016638225255972697;0.07334869431643624
1951.5;0.017754480892796753;0.04260299625468165;0.018832655731576244
1953.0;0.017825311942959002;0.04260299625468165;0.015696677463323122
1954.5;0.07213892770371488;0.016638225255972697;0.01849784925885932
1956.0;0.051059730250481696;0.016676298192025096;0.01850632726208763
1957.5;0.045928030303030304;0.017094017094017096;0.018543046357615892
1959.0;0.017094017094017096;0.01850632726208763;0.01733025239957341
1960.5;0.016863406408094434;0.018010291595197254;0.039603960396039604
1962.0;0.018937169700528483;0.0161839863713799;0.07786711807024968
1963.5;0.04260299625468165;0.018937169700528483;0.07597140829130454
1965.0;0.01929824561403509;0.018026004728132386;0.01597712748065927
1966.5;0.07425742574257424;0.015095605501509561;0.017971946230274694
1968.0;0.06854651270894926;0.016638225255972697;0.03817204301075269
1969.5;0.019013666072489603;0.017373380447585393;0.03503787878787879
1971.0;0.017971946230274694;0.015095605501509561;0.018991486574983625
1972.5;0.018610244807272875;0.019675925925925927;0.01819363222871995
1974.0;0.0470532319391635;0.018671683262517162;0.03584015103838892
1975.5;0.01702553830746119;0.0189328743545611;0.01676489396313485
1977.0;0.01840766984546031;0.018683274021352312;0.031578947368421054
1978.5;0.015738326756557706;0.015001087035292413;0.019013666072489603
1980.0;0.01537736404878336;0.01597712748065927;0.016583311397736247
1981.5;0.015898024165091146;0.017699115044247787;0.01903541354417823
1983.0;0.040013227513227514;0.015069294547215105;0.017971946230274694
1984.5;0.0189328743545611;0.018010291595197254;0.017373380447585393
1986.0;0.017015706806282723;0.015001087035292413;0.015731292517006803
1987.5;0.0175513698630137;0.0175513698630137;0.0175513698630137
1989.0;0.016863406408094434;0.016335052812576762;0.03674948240165632
1990.5;0.01842179442537598;0.0848576383062035;0.019139945314441957
1992.0;0.01830736743700201;0.017094017094017096;0.01810895810084204
1993.5;0.0175513698630137;0.016863406408094434;0.01774780738044018
1995.0;0.08755082619603771;0.015280135823429542;0.016403046280023436
1996.5;0.020213754646840148;0.018612132352941176;0.017094017094017096
1998.0;0.019527766042341455;0.017679771605305417;0.04754992522213425
1999.5;0.017031591871428796;0.015898024165091146;0.017754480892796753
2001.0;0.018613877589638058;0.017511500713744025;0.017987706243934
2002.5;0.01576326655672182;0.01726263871763255;0.056249999999999994
2004.0;0.015095605501509561;0.01874107841782935;0.0177109440267335
2005.5;0.0470532319391635;0.08148062737193339;0.016359814339471687
2007.0;0.017094017094017096;0.018354055654233276;0.0913978494623656
2008.5;0.0161839863713799;0.0189328743545611;0.01726263871763255
2010.0;0.017623877982923447;0.0189328743545611;0.05222437137330754
2011.5;0.0175513698630137;0.015095605501509561;0.017754480892796753
2013.0;0.0175513698630137;0.019865614957639496;0.018612132352941176
2014.5;0.01842179442537598;0.019524316648917288;0.01705018909044292
2016.0;0.05048076923076923;0.040424121935056324;0.017623877982923447
2017.5;0.08674568965517242;0.019327580007191657;0.015731292517006803
2019.0;0.07922182109907742;0.018052243358660087;0.017094017094017096
2020.5;0.017094017094017096;0.017094017094017096;0.034408602150537634
2022.0;0.0161839863713799;0.017623877982923447;0.016988416988416986
2023.5;0.015001087035292413;0.015731292517006803;0.04208416833667335
2025.0;0.014910112661872163;0.015731292517006803;0.01784040701566475
2026.5;0.048187022900763356;0.015731292517006803;0.018143754361479414
2028.0;0.09087154068566708;0.07303592577970786;0.018683274021352312
2029.5;0.09087154068566708;0.018470790378006873;0.048187022900763356
2031.0;0.09087154068566708;0.017754480892796753;0.015414729630535846
2032.5;0.014945495799148322;0.0189328743545611;0.01733025239957341
2034.0;0.018470790378006873;0.017754480892796753;0.018013384383948113
2035.5;0.015809071886378992;0.015809071886378992;0.0170487948265726
2037.0;0.04315196998123827;0.014910112661872163;0.017368069472277887
2038.5;0.018683274021352312;0.01660281557997176;0.01678765880217786
2040.0;0.018792559974975337;0.017443347491498312;0.018197573656845753
2041.5;0.0161839863713799;0.016863406408094434;0.017094017094017096
2043.0;0.016863406408094434;0.04536862003780718;0.016897746967071057
2044.5;0.01865038996269922;0.014945495799148322;0.01869087161947359
2046.0;0.01929824561403509;0.01663225731761437;0.016522182331927985
2047.5;0.015054442165062335;0.015731292517006803;0.01918932786044125
2049.0;0.017623877982923447;0.017754480892796753;0.01873131091784793
2050.5;0.0175513698630137;0.07318094281168887;0.017015706806282723
2052.0;0.017623877982923447;0.015809071886378992;0.0189328743545611
2053.5;0.014910112661872163;0.01663225731761437;0.056249999999999994
2055.0;0.03718199608610568;0.018010291595197254;0.017771545130035694
2056.5;0.04536862003780718;0.08560945780676722;0.016638225255972697
2058.0;0.018010291595197254;0.015871286409530037;0.017547197908565945
2059.5;0.03798297314996725;0.017094017094017096;0.018026004728132386
2061.0;0.01771809624494277;0.017754480892796753;0.018532729644693425
2062.5;0.017699115044247787;0.017754480892796753;0.01873087294175672
2064.0;0.07485824586801786;0.017547197908565945;0.01672535211267606
2065.5;0.0175513698630137;0.01663225731761437;0.018792559974975337
2067.0;0.051059730250481696;0.0175513698630137;0.03718199608610568
2068.5;0.015001087035292413;0.017094017094017096;0.09578691253681648
2070.0;0.016638225255972697;0.01597712748065927;0.0170487948265726
2071.5;0.017699115044247787;0.018010291595197254;0.05681028492008339
2073.0;0.07922182109907742;0.01675356994726551;0.018792559974975337
2074.5;0.016676298192025096;0.018574581463896272;0.014975431187270396
2076.0;0.019675925925925927;0.018790849673202614;0.0189328743545611
2077.5;0.015033359741139864;0.018120923157925527;0.0189328743545611
2079.0;0.017699115044247787;0.01814552172099398;0.0175513698630137
2080.5;0.0189328743545611;0.01834862385321101;0.05048076923076923
2082.0;0.03266518188567186;0.018086080586080584;0.08302956662616444
2083.5;0.01678765880217786;0.017215791035915702;0.017094017094017096
2085.0;0.01726263871763255;0.01715933414707495;0.015095605501509561
2086.5;0.015831002263857863;0.018026004728132386;0.016863406408094434
2088.0;0.018387370467510947;0.017699115044247787;0.01942319011183049
2089.5;0.016745540589734254;0.0189328743545611;0.015854570888502284
2091.0;0.0161839863713799;0.0175513698630137;0.041666666666666664
2092.5;0.05819060166886253;0.018902169101372285;0.04208416833667335
2094.0;0.0170487948265726;0.017120196909613018;0.017754480892796753
2095.5;0.038441422594142266;0.017764514755371993;0.01663225731761437
2097.0;0.016556291390728478;0.0161839863713799;0.08152861826245252
2098.5;0.015052519024807578;0.06328182487122885;0.015711796950363736
2100.0;0.017373380447585393;0.0170487948265726;0.0182681206624895
2101.5;0.018010291595197254;0.01862097440132122;0.016638225255972697
2103.0;0.0175513698630137;0.01672535211267606;0.014945495799148322
2104.5;0.0175513698630137;0.018010291595197254;0.07818003821984446
2106.0;0.016745540589734254;0.04745515227367544;0.015724726735506497
2107.5;0.01672535211267606;0.03542094455852156;0.016638225255972697
2109.0;0.03411405295315682;0.01882395123700251;0.015001087035292413
2110.5;0.07699468813318001;0.017901857742831786;0.018470790378006873
2112.0;0.017754480892796753;0.018683274021352312;0.014945495799148322
2113.5;0.014945495799148322;0.01865038996269922;0.017373380447585393
2115.0;0.018612132352941176;0.016863406408094434;0.017934291168491913
2116.5;0.08096268898396088;0.08691206543967281;0.0170487948265726
2118.0;0.0857089505788622;0.040424121935056324;0.01654091700522345
2119.5;0.03919631093544137;0.0189328743545611;0.015188609731168737
2121.0;0.05105498228861851;0.05862944162436549;0.05839201877934272
2122.5;0.017094017094017096;0.0170487948265726;0.05276851914835726
2124.0;0.015280135823429542;0.017699115044247787;0.018547076045235124
2125.5;0.016638225255972697;0.03411405295315682;0.03476482617586912
2127.0;0.017094017094017096;0.01834862385321101;0.016937514305333027
2128.5;0.07318094281168887;0.01834061135371179;0.017094017094017096
2130.0;0.05358531653445326;0.017824497257769654;0.01865038996269922
2131.5;0.015926980240613186;0.018716969225741748;0.037422037422037424
2133.0;0.017525055235791037;0.01834862385321101;0.017373380447585393
2134.5;0.01865038996269922;0.016043635035830027;0.017045454545454544
2136.0;0.016335052812576762;0.016838000708968452;0.04336751462564912
2137.5;0.01814552172099398;0.0339469409853817;0.016371008616320324
2139.0;0.018699545475974563;0.01713523532366748;0.0170487948265726
2140.5;0.04083665338645418;0.015370218739033806;0.015001087035292413
2142.0;0.019269640210214257;0.03412017167381975;0.0161839863713799
2143.5;0.08602150537634409;0.018095838587641865;0.018470790378006873
2145.0;0.0175513698630137;0.01606832657788072;0.017971946230274694
2146.5;0.017094017094017096;0.01672535211267606;0.018413173652694608
2148.0;0.01865038996269922;0.03542094455852156;0.018532729644693425
2149.5;0.0175513698630137;0.019142066420664204;0.01749271137026239
2151.0;0.0175513698630137;0.016252279131443725;0.0189328743545611
2152.5;0.017094017094017096;0.017215791035915702;0.01814552172099398
2154.0;0.018470790378006873;0.046848312045347826;0.01862097440132122
2155.5;0.0175513698630137;0.01611348299132351;0.01939343350027824
2157.0;0.016745540589734254;0.017645059094131093;0.01694460859914383
2158.5;0.0189328743545611;0.0170487948265726;0.01950286806883365
2160.0;0.01850632726208763;0.015225395561747438;0.016814276581479114
2161.5;0.0175513698630137;0.015280135823429542;0.01678949286383308
2163.0;0.051059730250481696;0.015280135823429542;0.017699115044247787
2164.5;0.051059730250481696;0.016403046280023436;0.01606832657788072
2166.0;0.017623877982923447;0.053562653562653564;0.0161839863713799
2167.5;0.08691206543967281;0.015731292517006803;0.020212060967528162
2169.0;0.017547197908565945;0.015095605501509561;0.0170487948265726
2170.5;0.014910112661872163;0.01834862385321101;0.01919319521643928
2172.0;0.016863406408094434;0.016335052812576762;0.01730418943533698
2173.5;0.01749271137026239;0.017094017094017096;0.03964465658976399
2175.0;0.018010291595197254;0.08560945780676722;0.018612132352941176
2176.5;0.05020283975659229;0.046489563567362426;0.03831705484598046
2178.0;0.017847922818538867;0.017373380447585393;0.01733025239957341
2179.5;0.017373380447585393;0.017094017094017096;0.015992751525289242
2181.0;0.018010291595197254;0.08458244111349036;0.017754480892796753
2182.5;0.015095605501509561;0.01597712748065927;0.041250831669993354
2184.0;0.075255126101145;0.01597712748065927;0.01783664661861255
2185.5;0.075255126101145;0.0161839863713799;0.018918918918918916
2187.0;0.015769487034319674;0.0470532319391635;0.018143754361479414
2188.5;0.018332165356039182;0.048187022900763356;0.017134997433140575
2190.0;0.018332165356039182;0.04536862003780718;0.017825311942959002
2191.5;0.018010291595197254;0.035598705501618116;0.01842800035618964
2193.0;0.01865038996269922;0.018086080586080584;0.017215791035915702
2194.5;0.04536862003780718;0.016043635035830027;0.020625415834996677
2196.0;0.017094017094017096;0.08887817422050787;0.0161839863713799
2197.5;0.017094017094017096;0.08569338274508731;0.0188212927756654
2199.0;0.017094017094017096;0.01749271137026239;0.032924107142857144
2200.5;0.03919631093544137;0.018937169700528483;0.018047156089719053
2202.0;0.017754480892796753;0.016357261371818553;0.0188212927756654
2203.5;0.015095605501509561;0.0189328743545611;0.04208416833667335
2205.0;0.015809071886378992;0.017563955708285603;0.043703007518796994
2206.5;0.015724726735506497;0.01773141070098048;0.020212060967528162
2208.0;0.04536862003780718;0.015414729630535846;0.01671290791385916
2209.5;0.015095605501509561;0.05459770114942529;0.01949946200135496
2211.0;0.038385826771653545;0.017679771605305417;0.01619883796433508
2212.5;0.015001087035292413;0.017620235846214374;0.01882395123700251
2214.0;0.01488644788002137;0.08476788920794735;0.01726263871763255
2215.5;0.0170487948265726;0.017015706806282723;0.016285076905013504
2217.0;0.016863406408094434;0.049515381373788456;0.016335052812576762
2218.5;0.015001087035292413;0.017373380447585393;0.018026004728132386
2220.0;0.019139945314441957;0.01865038996269922;0.018612132352941176
2221.5;0.0189328743545611;0.037760416666666664;0.018532729644693425
2223.0;0.01865038996269922;0.017222129645059158;0.018086080586080584
2224.5;0.016676298192025096;0.03469827586206897;0.017814806907942786
2226.0;0.015769487034319674;0.01770896702761893;0.01834862385321101
2227.5;0.01830736743700201;0.01756386861313869;0.01756386861313869
2229.0;0.01830736743700201;0.019731800766283527;0.0161839863713799
2230.5;0.015095605501509561;0.01918932786044125;0.01726263871763255
2232.0;0.016676298192025096;0.018937169700528483;0.01612259159428971
2233.5;0.0175513698630137;0.017427675148135237;0.018086080586080584
2235.0;0.017754480892796753;0.10571309424520434;0.01648282717157388
2236.5;0.015871286409530037;0.01865038996269922;0.017094017094017096
2238.0;0.0175513698630137;0.03608247422680412;0.01845342706502636
2239.5;0.016863406408094434;0.017439620117133743;0.016821418488660245
2241.0;0.01749271137026239;0.016194455787724417;0.017657853344318776
2242.5;0.018848906360245943;0.01842407436388093;0.0175513698630137
2244.0;0.01771809624494277;0.0175513698630137;0.0170487948265726
2245.5;0.01848360454802751;0.018612132352941176;0.0857089505788622
2247.0;0.017824497257769654;0.03476946334089191;0.019013666072489603
2248.5;0.018197573656845753;0.017908195192579048;0.015963095712199653
2250.0;0.01583436633020483;0.03841351530351888;0.037422037422037424
2251.5;0.017971946230274694;0.019327580007191657;0.041666666666666664
2253.0;0.018026004728132386;0.019138359569179784;0.01796294199781124
2254.5;0.017934291168491913;0.017045454545454544;0.015883064181234877
2256.0;0.015731292517006803;0.01780160609014529;0.017089125102207687
2257.5;0.0161839863713799;0.016025963289428118;0.018876611418047883
2259.0;0.017754480892796753;0.019013666072489603;0.017122114923635367
2260.5;0.015809071886378992;0.015001087035292413;0.018086080586080584
2262.0;0.015809071886378992;0.017825311942959002;0.03608247422680412
2263.5;0.014910112661872163;0.04083665338645418;0.01950286806883365
2265.0;0.014910112661872163;0.019664981663197544;0.017267454473693152
2266.5;0.017465858520325457;0.01704267031533395;0.018785909145203016
2268.0;0.017465858520325457;0.015414729630535846;0.04773947287012237
2269.5;0.06675452592392313;0.01578659375538829;0.01865919207053071
2271.0;0.018277260861902424;0.03674948240165632;0.01910331384015595
2272.5;0.015280135823429542;0.03758169934640523;0.018010291595197254
2274.0;0.015001087035292413;0.01678424862821045;0.03528138528138528
2275.5;0.04083665338645418;0.018699545475974563;0.01950286806883365
2277.0;0.0882232252769799;0.018354055654233276;0.017302798982188294
2278.5;0.0882232252769799;0.08265594250021391;0.01645021645021645
2280.0;0.0882232252769799;0.033547008547008546;0.036415289256198344
2281.5;0.0161839863713799;0.017019391672408703;0.016209169954000083
2283.0;0.01865038996269922;0.016335052812576762;0.01942319011183049
2284.5;0.048187022900763356;0.015907416444202047;0.018010291595197254
2286.0;0.01597712748065927;0.015280135823429542;0.034670398009950254
2287.5;0.018010291595197254;0.01672535211267606;0.018177588981338134
2289.0;0.01850632726208763;0.01672535211267606;0.017391304347826087
2290.5;0.0726934956385968;0.018610244807272875;0.018354055654233276
2292.0;0.0161839863713799;0.08310502283105022;0.01879117923894043
2293.5;0.016745540589734254;0.045636553123800126;0.019961612284069098
2295.0;0.015280135823429542;0.016263612953345514;0.018143754361479414
2296.5;0.017094017094017096;0.03766519823788547;0.01950286806883365
2298.0;0.08691206543967281;0.019524316648917288;0.04435797665369649
2299.5;0.01597712748065927;0.018371212121212118;0.019525198770481787
2301.0;0.015871286409530037;0.017959282598158023;0.017824497257769654
2302.5;0.01842179442537598;0.019107737705915458;0.021042084168336674
2304.0;0.04087048832271763;0.017169810478778712;0.018444593057484665
2305.5;0.089969561831953;0.015123191205768593;0.017679771605305417
2307.0;0.017580992631420062;0.017094017094017096;0.03383297644539615
2308.5;0.015106013411607612;0.05681028492008339;0.03908629441624366
2310.0;0.015106013411607612;0.015095605501509561;0.018991486574983625
2311.5;0.017631881476637332;0.017623877982923447;0.03847391108537605
2313.0;0.015772101398119354;0.01672535211267606;0.041047978156286566
2314.5;0.015772101398119354;0.017825311942959002;0.08651399491094147
2316.0;0.015772101398119354;0.017699115044247787;0.01796953785165351
2317.5;0.018334579595316324;0.05231388329979879;0.018543046357615892
2319.0;0.015703152135616558;0.015517241379310345;0.018612132352941176
2320.5;0.014844607513802;0.01605832636760472;0.018595825426944972
2322.0;0.014844607513802;0.04425612052730697;0.020024461330280005
2323.5;0.014840075701463399;0.017094017094017096;0.020625415834996677
2325.0;0.01654100461593157;0.01850632726208763;0.01796294199781124
2326.5;0.07247337078281153;0.01663225731761437;0.019135093761959435
2328.0;0.016638225255972697;0.018332165356039182;0.034877867398890226
2329.5;0.016638225255972697;0.017443347491498312;0.04263449900889027
2331.0;0.016638225255972697;0.017443347491498312;0.035869565217391305
2332.5;0.07318094281168887;0.014850222990092551;0.057406565082253065
2334.0;0.015280135823429542;0.01597712748065927;0.017699115044247787
2335.5;0.01850632726208763;0.018470790378006873;0.018371212121212118
2337.0;0.015731292517006803;0.015809071886378992;0.03370786516853933
2338.5;0.0175513698630137;0.01663225731761437;0.019248810672344387
2340.0;0.014945495799148322;0.0726934956385968;0.01749271137026239
2341.5;0.014945495799148322;0.018277260861902424;0.021776787923781245
2343.0;0.015731292517006803;0.06959254644312274;0.0161839863713799
2344.5;0.015871286409530037;0.04536862003780718;0.017825311942959002
2346.0;0.015809071886378992;0.017754480892796753;0.017796927688272762
2347.5;0.017094017094017096;0.04536862003780718;0.015419602178873532
2349.0;0.015001087035292413;0.04536862003780718;0.019230769230769232
2350.5;0.039603960396039604;0.015731292517006803;0.018197573656845753
2352.0;0.039603960396039604;0.05048076923076923;0.018143754361479414
2353.5;0.01612259159428971;0.05048076923076923;0.019327580007191657
2355.0;0.07727196772576449;0.0161839863713799;0.016674644965693316
2356.5;0.015854570888502284;0.03919631093544137;0.018876611418047883
2358.0;0.015854570888502284;0.01606832657788072;0.018876611418047883
2359.5;0.014936197678611653;0.018792559974975337;0.0188212927756654
2361.0;0.014882253066380514;0.017094017094017096;0.01859099804305284
2362.5;0.014882253066380514;0.016676298192025096;0.056391901276777595
2364.0;0.014882253066380514;0.01836806645203033;0.01897261961255637
2365.5;0.014882253066380514;0.016582472972657695;0.018163597644995613
2367.0;0.014882253066380514;0.0161839863713799;0.03503787878787879
2368.5;0.01830290365337456;0.015414729630535846;0.021505376344086023
2370.0;0.01830290365337456;0.016785765670711238;0.018049837648946777
2371.5;0.04334677419354839;0.018197573656845753;0.04147972042972311
2373.0;0.04334677419354839;0.018716969225741748;0.017596390484003282
2374.5;0.07548669050456894;0.044197031039136296;0.017096763396592697
2376.0;0.017547197908565945;0.01597712748065927;0.04745515227367544
2377.5;0.017547197908565945;0.018010291595197254;0.05501152073732719
2379.0;0.015743018124095107;0.016335052812576762;0.01890359168241966
2380.5;0.015743018124095107;0.07493336115099224;0.018185821224130337
2382.0;0.01830736743700201;0.017567282711368357;0.017305300689073565
2383.5;0.018354055654233276;0.01731640784414803;0.0488240235195296
2385.0;0.01865038996269922;0.0189140997341924;0.01654091700522345
2386.5;0.038385826771653545;0.03798297314996725;0.01769257756716558
2388.0;0.0161839863713799;0.018354055654233276;0.019524316648917288
2389.5;0.016863406408094434;0.01612259159428971;0.0363872644574399
2391.0;0.017094017094017096;0.015414729630535846;0.019138359569179784
2392.5;0.06379056047197638;0.015225395561747438;0.0544885627967199
2394.0;0.017094017094017096;0.019082371238858645;0.038385826771653545
2395.5;0.016863406408094434;0.016937514305333027;0.038100208768267224
2397.0;0.015871286409530037;0.0161839863713799;0.018559977888336097
2398.5;0.016676298192025096;0.07818802358051505;0.04611520388308114
2400.0;0.048187022900763356;0.01512779241718377;0.03397147147147147
2401.5;0.01850632726208763;0.01491718899048849;0.01816174441070936
2403.0;0.01842179442537598;0.017699115044247787;0.05182435027525284
2404.5;0.015769487034319674;0.015095605501509561;0.017094017094017096
2406.0;0.0189328743545611;0.018010291595197254;0.018595825426944972
2407.5;0.017623877982923447;0.018010291595197254;0.01778552746294682
2409.0;0.07868285545991754;0.014945495799148322;0.0170487948265726
2410.5;0.0170487948265726;0.018010291595197254;0.018612132352941176
2412.0;0.0175513698630137;0.01834862385321101;0.0398891657678432
2413.5;0.016863406408094434;0.015139193690331638;0.019013666072489603
2415.0;0.01842179442537598;0.01865038996269922;0.11246867167919798
2416.5;0.01842179442537598;0.015280135823429542;0.018734008232283904
2418.0;0.01842179442537598;0.0175513698630137;0.039947607031672015
2419.5;0.015769487034319674;0.01865038996269922;0.01896341922532985
2421.0;0.07663693439238436;0.016745540589734254;0.03476946334089191
2422.5;0.07663693439238436;0.014945495799148322;0.17914128227444157
2424.0;0.07663693439238436;0.04260299625468165;0.0794092587333144
2425.5;0.01485852872552252;0.07318094281168887;0.019274809160305342
2427.0;0.017094017094017096;0.07318094281168887;0.016517030069830414
2428.5;0.018683274021352312;0.01842179442537598;0.11426592797783933
2430.0;0.0189328743545611;0.01842179442537598;0.03510298810559907
2431.5;0.01865038996269922;0.015731292517006803;0.019341334077588614
2433.0;0.017547197908565945;0.015731292517006803;0.019589314919135018
2434.5;0.017547197908565945;0.016863406408094434;0.03975903614457832
2436.0;0.01488644788002137;0.015809071886378992;0.01749044044752868
2437.5;0.014870091759449306;0.017015706806282723;0.10120481927710843
2439.0;0.016568094782873223;0.01749271137026239;0.01654091700522345
2440.5;0.016568094782873223;0.015069294547215105;0.056686046511627904
2442.0;0.01741601350785099;0.016624630520743856;0.03397147147147147
2443.5;0.01740771421307761;0.014867146669811973;0.017301892565234494
2445.0;0.01740771421307761;0.014867146669811973;0.05347682119205297
2446.5;0.014839767744728968;0.018266434271447484;0.019938108578320214
2448.0;0.014839767744728968;0.0161839863713799;0.02041832669322709
2449.5;0.08315565031982942;0.017754480892796753;0.01950286806883365
2451.0;0.08315565031982942;0.017094017094017096;0.04562798092209857
2452.5;0.016863406408094434;0.0170487948265726;0.036921369689283445
2454.0;0.08099593301892197;0.017563955708285603;0.020999704229517892
2455.5;0.017465858520325457;0.016842592473546844;0.019963381395252063
2457.0;0.017465858520325457;0.0189328743545611;0.017624894483813422
2458.5;0.017465858520325457;0.016745540589734254;0.01955819756348158
2460.0;0.017443347491498312;0.03476482617586912;0.018337281148858898
2461.5;0.017443347491498312;0.01836395435418795;0.04522747546833184
2463.0;0.017443347491498312;0.018470790378006873;0.017830478700043915
2464.5;0.017443347491498312;0.01865038996269922;0.01950286806883365
2466.0;0.0829083213135849;0.016745540589734254;0.018426930440331845
2467.5;0.0829083213135849;0.017094017094017096;0.020304139678963676
2469.0;0.017373380447585393;0.01850632726208763;0.01780160609014529
2470.5;0.08893709327548807;0.018354055654233276;0.018028727092620107
2472.0;0.01842179442537598;0.015731292517006803;0.01904761904761905
2473.5;0.01660281557997176;0.016863406408094434;0.03813587134886774
2475.0;0.018289844042285466;0.08175211949939443;0.06196903907872381
2476.5;0.014844188506303903;0.018010291595197254;0.020259533898305086
2478.0;0.014839767744728968;0.016863406408094434;0.018284611141753997
2479.5;0.07041469977942498;0.015809071886378992;0.019598155467720684
2481.0;0.0161839863713799;0.01663225731761437;0.058412775517639196
2482.5;0.017754480892796753;0.018470790378006873;0.018354055654233276
2484.0;0.01865038996269922;0.018470790378006873;0.019341334077588614
2485.5;0.016863406408094434;0.018470790378006873;0.019083758073811286
2487.0;0.01842179442537598;0.01730418943533698;0.018612132352941176
2488.5;0.017465858520325457;0.016043635035830027;0.05223585278986942
2490.0;0.07016556801787727;0.016043635035830027;0.01756386861313869
2491.5;0.07096861245658452;0.015033359741139864;0.01856510364258402
2493.0;0.07275493910551474;0.07180981499580179;0.03879026955950033
2494.5;0.017623877982923447;0.017451608467677262;0.09492273730684328
2496.0;0.017094017094017096;0.018010291595197254;0.0170487948265726
2497.5;0.015731292517006803;0.01865038996269922;0.01822145094387539
2499.0;0.017623877982923447;0.017754480892796753;0.06037952846463485
2500.5;0.014910112661872163;0.0189328743545611;0.016403046280023436
2502.0;0.018354055654233276;0.015001087035292413;0.018371212121212118
2503.5;0.01594765689784196;0.015001087035292413;0.019256960347113414
2505.0;0.08582485961450903;0.014910112661872163;0.032151143520053035
2506.5;0.014936197678611653;0.018010291595197254;0.01702211091999608
2508.0;0.01832580429276873;0.016403046280023436;0.018848906360245943
2509.5;0.014867146669811973;0.016403046280023436;0.051597582037996546
2511.0;0.01608187134502924;0.01865038996269922;0.03646288209606987
2512.5;0.0161839863713799;0.015001087035292413;0.018612132352941176
2514.0;0.017094017094017096;0.017547197908565945;0.017356740642596888
2515.5;0.017094017094017096;0.01663225731761437;0.01654091700522345
2517.0;0.018010291595197254;0.014870091759449306;0.04611450255733378
2518.5;0.01942319011183049;0.015711796950363736;0.01672535211267606
2520.0;0.03758169934640523;0.018277260861902424;0.01772899957788096
2521.5;0.01845342706502636;0.015695763321720377;0.05405268490374873
2523.0;0.017934291168491913;0.05048076923076923;0.019021321859770412
2524.5;0.016089299461123942;0.0161839863713799;0.10303030303030304
2526.0;0.07688302027152687;0.015871286409530037;0.03966309341500766
2527.5;0.0161839863713799;0.01865038996269922;0.018612132352941176
2529.0;0.015095605501509561;0.01842179442537598;0.016348533050547898
2530.5;0.016745540589734254;0.06430155210643015;0.0370850622406639
2532.0;0.017699115044247787;0.08174097664543525;0.01733025239957341
2533.5;0.01597712748065927;0.01865038996269922;0.019598155467720684
2535.0;0.01845342706502636;0.017623877982923447;0.05839201877934272
2536.5;0.017934291168491913;0.0533675799086758;0.01904761904761905
2538.0;0.015854570888502284;0.018354055654233276;0.04208416833667335
2539.5;0.015731292517006803;0.016357261371818553;0.017015706806282723
2541.0;0.0161839863713799;0.0189328743545611;0.016403046280023436
2542.5;0.018470790378006873;0.015001087035292413;0.017015706806282723
2544.0;0.01842179442537598;0.016676298192025096;0.01672693391308206
2545.5;0.016863406408094434;0.01663225731761437;0.042820886656946916
2547.0;0.015871286409530037;0.0810404299340659;0.016988416988416986
2548.5;0.08530042918454936;0.018026004728132386;0.018902169101372285
2550.0;0.01597712748065927;0.018010291595197254;0.03559602649006623
2551.5;0.0170487948265726;0.017754480892796753;0.05483214649033571
2553.0;0.01597712748065927;0.016676298192025096;0.05280246069719753
2554.5;0.015809071886378992;0.01850632726208763;0.015414729630535846
2556.0;0.0175513698630137;0.014910112661872163;0.017373380447585393
2557.5;0.019013666072489603;0.017427438387099873;0.01845400161997053
2559.0;0.08747300215982722;0.016403046280023436;0.01687639577956378
2560.5;0.08569059601627427;0.09087154068566708;0.044197031039136296
2562.0;0.014910112661872163;0.01663225731761437;0.016293098349991132
2563.5;0.018026004728132386;0.016638225255972697;0.018026004728132386
2565.0;0.017623877982923447;0.016863406408094434;0.018197573656845753
2566.5;0.016638225255972697;0.015871286409530037;0.017391304347826087
2568.0;0.01850632726208763;0.014945495799148322;0.017893106119287374
2569.5;0.04703135423615744;0.014945495799148322;0.017825311942959002
2571.0;0.0175513698630137;0.07106563743420853;0.03318419090231171
2572.5;0.015731292517006803;0.016335052812576762;0.017094017094017096
2574.0;0.015731292517006803;0.01675356994726551;0.01756386861313869
2575.5;0.01882395123700251;0.01675356994726551;0.017814806907942786
2577.0;0.01713180436584692;0.08304702671138935;0.01698283068612951
2578.5;0.015280135823429542;0.014919591597576132;0.0188212927756654
2580.0;0.017754480892796753;0.014919591597576132;0.051617709663686666
2581.5;0.01597712748065927;0.014874579685201417;0.021042084168336674
2583.0;0.01850632726208763;0.014874579685201417;0.018882279706736754
2584.5;0.016335052812576762;0.014874579685201417;0.01834061135371179
2586.0;0.015907416444202047;0.015715368597941672;0.01730418943533698
2587.5;0.045928030303030304;0.017419184485127772;0.03476482617586912
2589.0;0.016745540589734254;0.014845869292804873;0.017824497257769654
2590.5;0.019345238095238096;0.016863406408094434;0.017887070857162603
2592.0;0.01672535211267606;0.015871286409530037;0.035598705501618116
2593.5;0.015731292517006803;0.017094017094017096;0.03599221789883269
2595.0;0.017623877982923447;0.017623877982923447;0.01612259159428971
2596.5;0.017094017094017096;0.08569059601627427;0.03412017167381975
2598.0;0.016863406408094434;0.017498443680569787;0.019961612284069098
2599.5;0.015001087035292413;0.017498443680569787;0.03266518188567186
2601.0;0.017498443680569787;0.017498443680569787;0.0413881008970329
2602.5;0.038100208768267224;0.01488644788002137;0.017619387380041204
2604.0;0.016263612953345514;0.016568094782873223;0.05204409139704126
2605.5;0.015318691607385299;0.016638225255972697;0.019408502772643253
2607.0;0.015997007830274378;0.017754480892796753;0.01658812264133231
2608.5;0.017637474686341362;0.017754480892796753;0.017679771605305417
2610.0;0.017824497257769654;0.01850632726208763;0.01874107841782935
2611.5;0.017563955708285603;0.01850632726208763;0.018354055654233276
2613.0;0.01705018909044292;0.01850632726208763;0.03798297314996725
2614.5;0.0189328743545611;0.07639217169329678;0.01672535211267606
2616.0;0.047619047619047616;0.017498443680569787;0.04659498207885305
2617.5;0.015731292517006803;0.015280135823429542;0.020006613756613757
2619.0;0.01865038996269922;0.015280135823429542;0.016951159816197953
2620.5;0.016863406408094434;0.015280135823429542;0.05925707547169811
2622.0;0.014945495799148322;0.08175211949939443;0.017674869549113806
2623.5;0.017094017094017096;0.08175211949939443;0.018052243358660087
2625.0;0.015871286409530037;0.015001087035292413;0.015517241379310345
2626.5;0.017547197908565945;0.015001087035292413;0.015280135823429542
2628.0;0.015769487034319674;0.016638225255972697;0.018197573656845753
2629.5;0.015769487034319674;0.017094017094017096;0.040424121935056324
2631.0;0.01830736743700201;0.015001087035292413;0.0552187093980078
2632.5;0.015711796950363736;0.014910112661872163;0.06145584725536992
2634.0;0.015695763321720377;0.015001087035292413;0.01799009736360781
2635.5;0.015695763321720377;0.01836806645203033;0.016448125143777317
2637.0;0.06637751465633172;0.040424121935056324;0.0176170149769301
2638.5;0.01739137492247878;0.017971946230274694;0.019408502772643253
2640.0;0.018248107350266503;0.01597712748065927;0.018470790378006873
2641.5;0.017388172610590263;0.08954302181967888;0.01865038996269922
2643.0;0.017388172610590263;0.015809071886378992;0.03379065040650407
2644.5;0.015679043553987165;0.0726934956385968;0.015139193690331638
2646.0;0.015677957190639216;0.01570251018973342;0.0350922131147541
2647.5;0.015677957190639216;0.06534595498997915;0.016263612953345514
2649.0;0.01567760904807164;0.018010291595197254;0.03528138528138528
2650.5;0.017094017094017096;0.017699115044247787;0.016988416988416986
2652.0;0.01865038996269922;0.018848906360245943;0.03476482617586912
2653.5;0.015871286409530037;0.018010291595197254;0.01733025239957341
2655.0;0.01836806645203033;0.01842179442537598;0.018033536949715063
2656.5;0.01836806645203033;0.015731292517006803;0.016937514305333027
2658.0;0.017094017094017096;0.018848906360245943;0.01888356123838276
2659.5;0.018010291595197254;0.0161839863713799;0.045540153683893324
2661.0;0.018354055654233276;0.015280135823429542;0.018354055654233276
2662.5;0.017094017094017096;0.01597712748065927;0.0189328743545611
2664.0;0.017094017094017096;0.017498443680569787;0.015731292517006803
2665.5;0.017094017094017096;0.018332165356039182;0.0189328743545611
2667.0;0.01597712748065927;0.018277260861902424;0.017623877982923447
2668.5;0.016638225255972697;0.01672535211267606;0.043703007518796994
2670.0;0.04990403071017274;0.019120945859903808;0.015095605501509561
2671.5;0.0189328743545611;0.01929824561403509;0.017754480892796753
2673.0;0.015871286409530037;0.018354055654233276;0.018010291595197254
2674.5;0.08893709327548807;0.019139945314441957;0.049872122762148335
2676.0;0.01810699588477366;0.019013666072489603;0.049843486636166626
2677.5;0.016403046280023436;0.01678765880217786;0.015222996196964083
2679.0;0.09190371991247265;0.039473684210526314;0.041250831669993354
2680.5;0.018026004728132386;0.015139193690331638;0.039603960396039604
2682.0;0.09578691253681648;0.014919591597576132;0.0170487948265726
2683.5;0.0470532319391635;0.017699115044247787;0.01784040701566475
2685.0;0.019139945314441957;0.016638225255972697;0.015037639142305628
2686.5;0.04508169610372429;0.017373380447585393;0.041250831669993354
2688.0;0.01597712748065927;0.017971946230274694;0.016638225255972697
2689.5;0.09167283704505326;0.016863406408094434;0.06101190476190476
2691.0;0.015871286409530037;0.0170487948265726;0.016043635035830027
2692.5;0.08302956662616444;0.01771809624494277;0.014965094221118901
2694.0;0.01865038996269922;0.015280135823429542;0.06605626253722569
2695.5;0.015280135823429542;0.0161839863713799;0.016403046280023436
2697.0;0.043703007518796994;0.03879026955950033;0.017825311942959002
2698.5;0.0189328743545611;0.017754480892796753;0.0175513698630137
2700.0;0.017623877982923447;0.016863406408094434;0.01756386861313869
2701.5;0.017623877982923447;0.015871286409530037;0.08569338274508731
2703.0;0.016676298192025096;0.0161839863713799;0.017656852955616538
2704.5;0.018683274021352312;0.08175211949939443;0.01597712748065927
2706.0;0.01865038996269922;0.016638225255972697;0.015280135823429542
2707.5;0.01842179442537598;0.0189328743545611;0.018010291595197254
2709.0;0.0175513698630137;0.018010291595197254;0.016863406408094434
2710.5;0.017623877982923447;0.0161839863713799;0.0170487948265726
2712.0;0.0170487948265726;0.01842179442537598;0.017094017094017096
2713.5;0.017754480892796753;0.08602150537634409;0.018323203432248837
2715.0;0.01842179442537598;0.07905457014342697;0.018052243358660087
2716.5;0.015280135823429542;0.01606832657788072;0.015992751525289242
2718.0;0.01597712748065927;0.043703007518796994;0.018803418803418803
2719.5;0.0175513698630137;0.046489563567362426;0.05214723926380367
2721.0;0.0370850622406639;0.06859415127164278;0.0175513698630137
2722.5;0.0370850622406639;0.04083665338645418;0.017699115044247787
2724.0;0.04798756435113994;0.01775534628830588;0.06013264554163595
2725.5;0.018026004728132386;0.016348533050547898;0.016219198606977264
2727.0;0.05214723926380367;0.016755205752543818;0.08175211949939443
2728.5;0.01848360454802751;0.03599221789883269;0.01845342706502636
2730.0;0.08538583194255955;0.0161839863713799;0.0170487948265726
2731.5;0.018010291595197254;0.04536862003780718;0.0170487948265726
2733.0;0.016676298192025096;0.01865038996269922;0.01672535211267606
2734.5;0.016676298192025096;0.036415289256198344;0.018354055654233276
2736.0;0.016638225255972697;0.01783664661861255;0.018026004728132386
2737.5;0.03718199608610568;0.016863406408094434;0.05214723926380367
2739.0;0.017754480892796753;0.0170487948265726;0.01879117923894043
2740.5;0.017754480892796753;0.049329501915708805;0.018848906360245943
2742.0;0.08847156648580086;0.017094017094017096;0.039603960396039604
2743.5;0.06754426994760021;0.0161839863713799;0.018010291595197254
2745.0;0.016863406408094434;0.015414729630535846;0.015001087035292413
2746.5;0.020966880341880344;0.018612132352941176;0.019082371238858645
2748.0;0.020823748677737296;0.049521531100478466;0.01672535211267606
2749.5;0.018558172733761598;0.018876611418047883;0.017094017094017096
2751.0;0.017205654006040516;0.01780160609014529;0.017754480892796753
2752.5;0.01850104210143614;0.01703197690454738;0.051640926640926635
2754.0;0.016988416988416986;0.017373380447585393;0.051640926640926635
2755.5;0.016403046280023436;0.020833333333333332;0.01597712748065927
2757.0;0.018010291595197254;0.01537736404878336;0.0175513698630137
2758.5;0.015597920277296359;0.01950286806883365;0.018876611418047883
2760.0;0.019050942079553383;0.0527363184079602;0.016335052812576762
2761.5;0.01597350685051537;0.0483418313598247;0.08275677225525761
2763.0;0.016863406408094434;0.01589737116599835;0.05478980013783597
2764.5;0.01606832657788072;0.051640926640926635;0.015069294547215105
2766.0;0.01757469244288225;0.018026004728132386;0.015280135823429542
2767.5;0.016147939745618664;0.01775534628830588;0.0161839863713799
2769.0;0.07087532272840844;0.017094017094017096;0.018470790378006873
2770.5;0.046489563567362426;0.020625415834996677;0.0189328743545611
2772.0;0.018010291595197254;0.0170487948265726;0.018470790378006873
2773.5;0.08024848949025615;0.0175513698630137;0.015731292517006803
2775.0;0.01663225731761437;0.018832655731576244;0.04409448818897638
2776.5;0.06838710470185025;0.01772899957788096;0.016317890407644853
2778.0;0.015195702225633155;0.018612132352941176;0.0363872644574399
2779.5;0.016863406408094434;0.017773776536674248;0.017015706806282723
2781.0;0.017754480892796753;0.01491323364428604;0.017934291168491913
2782.5;0.0175513698630137;0.0470532319391635;0.015095605501509561
2784.0;0.07551140668406431;0.0175513698630137;0.017547197908565945
2785.5;0.01597712748065927;0.0175513698630137;0.07425742574257424
2787.0;0.01672535211267606;0.015280135823429542;0.01672535211267606
2788.5;0.019013666072489603;0.07303592577970786;0.0161839863713799
2790.0;0.033445440956651716;0.07303592577970786;0.01865038996269922
2791.5;0.038003142098705235;0.01597712748065927;0.017498443680569787
2793.0;0.015990884802765993;0.01672535211267606;0.017498443680569787
2794.5;0.035598705501618116;0.0189328743545611;0.07959975734703509
2796.0;0.015001087035292413;0.0882232252769799;0.014839767744728968
2797.5;0.018612132352941176;0.016676298192025096;0.01597712748065927
2799.0;0.0170487948265726;0.017498443680569787;0.01597712748065927
2800.5;0.0350922131147541;0.051059730250481696;0.0175513698630137
2802.0;0.017699115044247787;0.017094017094017096;0.048187022900763356
2803.5;0.017623877982923447;0.08265594250021391;0.015809071886378992
2805.0;0.01749271137026239;0.06854651270894926;0.03608247422680412
2806.5;0.08175211949939443;0.08265443723820964;0.018671683262517162
2808.0;0.015769487034319674;0.08265443723820964;0.018671683262517162
2809.5;0.04536862003780718;0.06593806286876763;0.017699115044247787
2811.0;0.018010291595197254;0.049329501915708805;0.06462378640776699
2812.5;0.08431531897602601;0.016745540589734254;0.017645059094131093
2814.0;0.017094017094017096;0.04536862003780718;0.015113351395288563
2815.5;0.017754480892796753;0.08508990794115118;0.01581584410598252
2817.0;0.017754480892796753;0.0161839863713799;0.07342733393584426
2818.5;0.0470532319391635;0.08954302181967888;0.0161839863713799
2820.0;0.015871286409530037;0.01836806645203033;0.03503787878787879
2821.5;0.016745540589734254;0.015001087035292413;0.015861825872400422
2823.0;0.014910112661872163;0.014945495799148322;0.07336589200400477
2824.5;0.018937169700528483;0.017094017094017096;0.01897923971725942
2826.0;0.018010291595197254;0.019139945314441957;0.015879968453896016
2827.5;0.015871286409530037;0.01874107841782935;0.018197573656845753
2829.0;0.016638225255972697;0.049329501915708805;0.018010291595197254
2830.5;0.016638225255972697;0.014945495799148322;0.09041394335511982
2832.0;0.015871286409530037;0.06945691490726251;0.019961612284069098
2833.5;0.018683274021352312;0.017373380447585393;0.02177154786758127
2835.0;0.0189328743545611;0.0370850622406639;0.042924211938296444
2836.5;0.0189328743545611;0.0161839863713799;0.019626168224299065
2838.0;0.0470532319391635;0.07182211727666273;0.033547008547008546
2839.5;0.01850632726208763;0.07672379434037466;0.019139945314441957
2841.0;0.01663225731761437;0.017547197908565945;0.08033826638477802
2842.5;0.018332165356039182;0.07548669050456894;0.037422037422037424
2844.0;0.017443347491498312;0.017094017094017096;0.038100208768267224
2845.5;0.016557768507871926;0.017094017094017096;0.05412371134020618
2847.0;0.015690820879123473;0.015731292517006803;0.018242207460398566
2848.5;0.015684481542853023;0.05880230880230881;0.052328064929517304
2850.0;0.08097272221961054;0.05486947006409254;0.019142066420664204
2851.5;0.015679043553987165;0.018753527560063075;0.015139193690331638
2853.0;0.01597712748065927;0.07061592781482934;0.042924211938296444
2854.5;0.017094017094017096;0.09492273730684328;0.036415289256198344
2856.0;0.0189328743545611;0.08048289738430583;0.018202378957949406
2857.5;0.0189328743545611;0.0674469940084216;0.016981202697948092
2859.0;0.016863406408094434;0.07668608086435384;0.043703007518796994
2860.5;0.016676298192025096;0.03875784919001636;0.0356286399451867
2862.0;0.01663225731761437;0.01612801998311728;0.03910520037743239
2863.5;0.01597712748065927;0.018202378957949406;0.05862944162436549
2865.0;0.0161839863713799;0.06190191387559808;0.018803418803418803
2866.5;0.018010291595197254;0.0161839863713799;0.038441422594142266
2868.0;0.01597712748065927;0.015871286409530037;0.03965496520152523
2869.5;0.017094017094017096;0.01836806645203033;0.01861305152546421
2871.0;0.016638225255972697;0.03469827586206897;0.015414729630535846
2872.5;0.016638225255972697;0.05049504950495049;0.035751028806584366
2874.0;0.01597712748065927;0.0175513698630137;0.01713180436584692
2875.5;0.01850632726208763;0.07061592781482934;0.017824497257769654
2877.0;0.017094017094017096;0.014945495799148322;0.02080873671782763
2878.5;0.0175513698630137;0.015280135823429542;0.0566273908350983
2880.0;0.0175513698630137;0.017754480892796753;0.015111143603015235
2881.5;0.04334677419354839;0.015414729630535846;0.01731640784414803
2883.0;0.08602150537634409;0.016638225255972697;0.018902169101372285
2884.5;0.04260299625468165;0.015280135823429542;0.03674948240165632
2886.0;0.017094017094017096;0.018937169700528483;0.036198738170347
2887.5;0.018010291595197254;0.0161839863713799;0.01919319521643928
2889.0;0.018470790378006873;0.01834862385321101;0.04988009592326139
2890.5;0.016863406408094434;0.016937514305333027;0.018487434139972954
2892.0;0.01842179442537598;0.0162748643761302;0.021191464137522226
2893.5;0.07597140829130454;0.01705018909044292;0.017432449259120908
2895.0;0.018010291595197254;0.017094017094017096;0.018832655731576244
2896.5;0.018010291595197254;0.01597712748065927;0.019032919097788068
2898.0;0.01865038996269922;0.01865038996269922;0.03528138528138528
2899.5;0.01865038996269922;0.017699115044247787;0.0391281512605042
2901.0;0.07966947302775179;0.015001087035292413;0.01810699588477366
2902.5;0.07966947302775179;0.05422579136129736;0.019731800766283527
2904.0;0.06927416073804471;0.01730418943533698;0.018683274021352312
2905.5;0.06927416073804471;0.05336832895888013;0.03512836568566061
2907.0;0.06927416073804471;0.017699115044247787;0.058197463768115944
2908.5;0.06927416073804471;0.041901692183722805;0.038977322285215873
2910.0;0.016648083640921553;0.0175513698630137;0.04396402628848149
2911.5;0.05048076923076923;0.03486394557823129;0.04730243161094225
2913.0;0.05048076923076923;0.019961612284069098;0.03788720881728157
2914.5;0.05048076923076923;0.05882658359293873;0.08033826638477802
2916.0;0.016745540589734254;0.01645021645021645;0.017373380447585393
2917.5;0.06888939767675939;0.0188212927756654;0.0554726368159204
2919.0;0.01488644788002137;0.01653499321682228;0.03503787878787879
2920.5;0.047619047619047616;0.0874185235713203;0.04561294956865591
2922.0;0.01749271137026239;0.01879117923894043;0.019408502772643253
2923.5;0.018848906360245943;0.01749271137026239;0.021384021384021387
2925.0;0.01771809624494277;0.05472382369350939;0.018086080586080584
2926.5;0.017094017094017096;0.018202378957949406;0.03903987050604873
2928.0;0.017623877982923447;0.01690079529961018;0.01951850282251796
2929.5;0.017623877982923447;0.04334677419354839;0.03498920086393088
2931.0;0.016403046280023436;0.044811320754716985;0.01886443118699856
2932.5;0.017934291168491913;0.018354055654233276;0.016838000708968452
2934.0;0.019013666072489603;0.09799554565701558;0.05969267139479905
2935.5;0.0189328743545611;0.06277533039647576;0.01950286806883365
2937.0;0.01850632726208763;0.016979552792060267;0.019798167574027352
2938.5;0.017094017094017096;0.018467296424989527;0.018630440809537012
2940.0;0.015809071886378992;0.018010291595197254;0.016403046280023436
2941.5;0.017623877982923447;0.018354055654233276;0.01900256574727389
2943.0;0.018010291595197254;0.01606832657788072;0.018487434139972954
2944.5;0.015001087035292413;0.015069294547215105;0.03240740740740741
2946.0;0.017094017094017096;0.08954302181967888;0.017883272962794156
2947.5;0.03879026955950033;0.01834061135371179;0.017373380447585393
2949.0;0.03718199608610568;0.017368069472277887;0.017824497257769654
2950.5;0.018610244807272875;0.0175884771057884;0.01741229204378933
2952.0;0.017534382187836362;0.016293098349991132;0.01950286806883365
2953.5;0.018202378957949406;0.018559977888336097;0.04866975130133024
2955.0;0.018202378957949406;0.01819154628143392;0.031578947368421054
2956.5;0.017756375977508697;0.017971946230274694;0.01949374454466104
2958.0;0.018354055654233276;0.01749271137026239;0.017824497257769654
2959.5;0.017368069472277887;0.015188609731168737;0.01834862385321101
2961.0;0.017754480892796753;0.018284611141753997;0.015654541329501625
2962.5;0.07551140668406431;0.017101881807267835;0.01678765880217786
2964.0;0.07551140668406431;0.06416464891041163;0.016217853406024562
2965.5;0.07551140668406431;0.020212060967528162;0.01834862385321101
2967.0;0.016638225255972697;0.019218522933233187;0.016838000708968452
2968.5;0.08386958386958387;0.037285441830896375;0.019274809160305342
2970.0;0.08386958386958387;0.042924211938296444;0.01623931623931624
2971.5;0.08386958386958387;0.017045454545454544;0.01882395123700251
2973.0;0.08386958386958387;0.016403046280023436;0.03646288209606987
2974.5;0.0161839863713799;0.019944341372912802;0.019568415890142226
2976.0;0.01850632726208763;0.015033359741139864;0.0547029702970297
2977.5;0.06854651270894926;0.017574219762933944;0.01871226912632689
2979.0;0.017498443680569787;0.0161839863713799;0.017373380447585393
2980.5;0.015095605501509561;0.019082371238858645;0.019274809160305342
2982.0;0.015095605501509561;0.018686830269800576;0.020833333333333332
2983.5;0.01865038996269922;0.018026004728132386;0.018354055654233276
2985.0;0.015001087035292413;0.0482897384305835;0.015069294547215105
2986.5;0.015001087035292413;0.018753527560063075;0.015517241379310345
2988.0;0.015001087035292413;0.01726263871763255;0.09585798816568047
2989.5;0.05222437137330754;0.01715933414707495;0.017824497257769654
2991.0;0.016863406408094434;0.01600386259123877;0.020611702127659573
2992.5;0.018354055654233276;0.018595825426944972;0.01913318835603373
2994.0;0.017460979111666896;0.04746689694876222;0.0188212927756654
2995.5;0.016025963289428118;0.016335052812576762;0.015329448677722997
2997.0;0.017511500713744025;0.014965094221118901;0.0161839863713799
2998.5;0.01747471169923275;0.08405867426476515;0.11272416737830913
3000.0;0.015729745445652022;0.05486947006409254;0.08853055590412849
3001.5;0.017419184485127772;0.017822888102077248;0.018866351764378994
3003.0;0.014841002164953898;0.01578144378739598;0.08864850061618514
3004.5;0.0161839863713799;0.017934291168491913;0.018543046357615892
3006.0;0.015731292517006803;0.015069294547215105;0.038100208768267224
3007.5;0.015731292517006803;0.016403046280023436;0.016917819729987117
3009.0;0.015095605501509561;0.05222437137330754;0.017830478700043915
3010.5;0.016745540589734254;0.016745540589734254;0.056686046511627904
3012.0;0.016745540589734254;0.014910112661872163;0.018612132352941176
3013.5;0.017547197908565945;0.016638225255972697;0.07499840632370752
3015.0;0.07436650111170809;0.015095605501509561;0.04988354037267081
3016.5;0.0189328743545611;0.015095605501509561;0.08962912087912087
3018.0;0.01865038996269922;0.0161839863713799;0.018354055654233276
3019.5;0.017498443680569787;0.018470790378006873;0.017699115044247787
3021.0;0.017498443680569787;0.01842179442537598;0.01733025239957341
3022.5;0.017465858520325457;0.017094017094017096;0.018047156089719053
3024.0;0.01597712748065927;0.041666666666666664;0.05168287787555967
3025.5;0.015001087035292413;0.01654091700522345;0.017045454545454544
3027.0;0.015001087035292413;0.015414729630535846;0.022647647647647647
3028.5;0.015769487034319674;0.015907416444202047;0.01707014276846679
3030.0;0.01660281557997176;0.07025609637347503;0.018927264931534342
3031.5;0.01660281557997176;0.016863406408094434;0.016937514305333027
3033.0;0.06972537892896573;0.016638225255972697;0.020006613756613757
3034.5;0.017754480892796753;0.0161839863713799;0.03379065040650407
3036.0;0.014910112661872163;0.09699769053117782;0.01836395435418795
3037.5;0.018086080586080584;0.0882034632034632;0.037760416666666664
3039.0;0.01983411467724486;0.049329501915708805;0.032696390658174104
3040.5;0.018041485106324483;0.01597712748065927;0.017824497257769654
3042.0;0.016197995277149012;0.0470532319391635;0.03443877551020408
3043.5;0.015004334813302054;0.018026004728132386;0.05595393307257713
3045.0;0.015004334813302054;0.016638225255972697;0.01723920181864107
3046.5;0.016678791594162218;0.019013666072489603;0.018026004728132386
3048.0;0.016633889943338195;0.01597712748065927;0.018323203432248837
3049.5;0.015744018171744326;0.08144892908951275;0.017915564697815654
3051.0;0.015744018171744326;0.01672535211267606;0.019731800766283527
3052.5;0.01744420887222671;0.019142066420664204;0.03411405295315682
3054.0;0.01829052060005505;0.0153103221203973;0.042820886656946916
3055.5;0.047619047619047616;0.08033826638477802;0.032696390658174104
3057.0;0.017754480892796753;0.018354055654233276;0.017699115044247787
3058.5;0.0175513698630137;0.018848906360245943;0.053124696592122725
3060.0;0.017623877982923447;0.017603269400950756;0.03219315895372234
3061.5;0.04536862003780718;0.017094017094017096;0.08605077470108147
3063.0;0.08048289738430583;0.016863406408094434;0.019675925925925927
3064.5;0.08048289738430583;0.06859415127164278;0.018595825426944972
3066.0;0.08048289738430583;0.016676298192025096;0.09356233204813647
3067.5;0.08048289738430583;0.017465858520325457;0.05149558123725356
3069.0;0.08048289738430583;0.017094017094017096;0.050211416490486264
3070.5;0.01850632726208763;0.015095605501509561;0.01654091700522345
3072.0;0.06854651270894926;0.018470790378006873;0.0982794218857536
3073.5;0.01660281557997176;0.051059730250481696;0.0177109440267335
3075.0;0.046489563567362426;0.017094017094017096;0.01730418943533698
3076.5;0.049329501915708805;0.015731292517006803;0.01982057751611999
3078.0;0.01850632726208763;0.0882232252769799;0.04612799112105909
3079.5;0.08333173436690525;0.048187022900763356;0.01654091700522345
3081.0;0.015871286409530037;0.015731292517006803;0.05318627450980391
3082.5;0.014945495799148322;0.017699115044247787;0.038530325465261445
3084.0;0.014945495799148322;0.01606832657788072;0.017227259432582628
3085.5;0.014945495799148322;0.0857089505788622;0.01733025239957341
3087.0;0.015769487034319674;0.01756386861313869;0.020212060967528162
3088.5;0.015769487034319674;0.0370850622406639;0.0186670525488899
3090.0;0.01660281557997176;0.016293098349991132;0.015946330209966823
3091.5;0.016582472972657695;0.08087902129587674;0.04691624670026398
3093.0;0.06675452592392313;0.01764836420273119;0.05290557978108036
3094.5;0.06675452592392313;0.016638225255972697;0.017699115044247787
3096.0;0.06675452592392313;0.039603960396039604;0.27136752136752135
3097.5;0.014844188506303903;0.017373380447585393;0.0863077823288473
3099.0;0.01654477169890474;0.016988416988416986;0.01788210066818556
3100.5;0.01654477169890474;0.016657965543552467;0.04254235369580802
3102.0;0.018256492034823147;0.01597712748065927;0.016227244820246782
3103.5;0.015684481542853023;0.07484407484407485;0.017094017094017096
3105.0;0.016403046280023436;0.01865038996269922;0.05230034722222222
3106.5;0.016403046280023436;0.018143754361479414;0.019731800766283527
3108.0;0.07796881247500999;0.018143754361479414;0.03831705484598046
3109.5;0.07796881247500999;0.016403046280023436;0.0769478221707521
3111.0;0.07796881247500999;0.018354055654233276;0.021382796281252822
3112.5;0.016745540589734254;0.01834862385321101;0.017784036626851903
3114.0;0.016745540589734254;0.017814806907942786;0.05970809376382132
3115.5;0.01850632726208763;0.017656852955616538;0.01733025239957341
3117.0;0.014945495799148322;0.038385826771653545;0.03676148796498906
3118.5;0.014945495799148322;0.015069294547215105;0.018532478954642544
3120.0;0.06732177216716176;0.037422037422037424;0.018163597644995613
3121.5;0.018010291595197254;0.01834862385321101;0.07996227287474089
3123.0;0.018010291595197254;0.01672239597595953;0.038325037870590786
3124.5;0.015001087035292413;0.01668394949817443;0.018876611418047883
3126.0;0.0718766971927262;0.017373380447585393;0.050902061855670096
3127.5;0.0718766971927262;0.018010291595197254;0.019408502772643253
3129.0;0.018332165356039182;0.08175211949939443;0.0191371160811115
3130.5;0.015724726735506497;0.0161839863713799;0.057535046728971966
3132.0;0.018277260861902424;0.0189328743545611;0.04857910906298003
3133.5;0.01740771421307761;0.016863406408094434;0.039014964643973034
3135.0;0.015690820879123473;0.017623877982923447;0.018612132352941176
3136.5;0.01942319011183049;0.01597712748065927;0.051311244326719026
3138.0;0.08185214371187578;0.0161839863713799;0.018595825426944972
3139.5;0.08185214371187578;0.0161839863713799;0.05072463768115942
3141.0;0.08185214371187578;0.016745540589734254;0.01950286806883365
3142.5;0.016745540589734254;0.017754480892796753;0.018846829579939307
3144.0;0.017699115044247787;0.017134997433140575;0.0196525928743502
3145.5;0.0161839863713799;0.017094017094017096;0.03263403263403263
3147.0;0.0161839863713799;0.016335052812576762;0.01655584723161
3148.5;0.0161839863713799;0.08275677225525761;0.017368069472277887
3150.0;0.018470790378006873;0.016403046280023436;0.020212060967528162
3151.5;0.017094017094017096;0.04083665338645418;0.01903700401248328
3153.0;0.01850632726208763;0.01597712748065927;0.051523297491039434
3154.5;0.01850632726208763;0.018010291595197254;0.054348438336102735
3156.0;0.017373380447585393;0.01606832657788072;0.03557483731019522
3157.5;0.01702553830746119;0.0175513698630137;0.01904761904761905
3159.0;0.017754480892796753;0.018848906360245943;0.021433850702143382
3160.5;0.017094017094017096;0.0161839863713799;0.09046849757673667
3162.0;0.017699115044247787;0.01865038996269922;0.03423626787057938
3163.5;0.0161839863713799;0.015809071886378992;0.051597315961421836
3165.0;0.0161839863713799;0.015001087035292413;0.017765336814973977
3166.5;0.016745540589734254;0.015871286409530037;0.04409448818897638
3168.0;0.0175513698630137;0.018010291595197254;0.018559977888336097
3169.5;0.014945495799148322;0.0175513698630137;0.018086080586080584
3171.0;0.01597712748065927;0.018354055654233276;0.033861185983827494
3172.5;0.01865038996269922;0.016897746967071057;0.03287716955941255
3174.0;0.018026004728132386;0.016713577195494413;0.01834862385321101
3175.5;0.015001087035292413;0.01839739098584907;0.03498920086393088
3177.0;0.018052243358660087;0.0189328743545611;0.061584494462307966
3178.5;0.019961612284069098;0.01842179442537598;0.019805455274769356
3180.0;0.01858759764068229;0.017094017094017096;0.05624119514162192
3181.5;0.0175513698630137;0.01850632726208763;0.0153103221203973
3183.0;0.016745540589734254;0.017699115044247787;0.019763642535856742
3184.5;0.0175513698630137;0.018354055654233276;0.01931806469448755
3186.0;0.016676298192025096;0.018354055654233276;0.03241525423728814
3187.5;0.015743018124095107;0.0161839863713799;0.03241525423728814
3189.0;0.015743018124095107;0.0161839863713799;0.018001482598556214
3190.5;0.01865038996269922;0.015095605501509561;0.020052693208430915
3192.0;0.018470790378006873;0.016638225255972697;0.019617224880382776
3193.5;0.01850632726208763;0.017373380447585393;0.018426930440331845
3195.0;0.017623877982923447;0.01942319011183049;0.01672535211267606
3196.5;0.018010291595197254;0.017934291168491913;0.018487434139972954
3198.0;0.016863406408094434;0.051640926640926635;0.01772143032255805
3199.5;0.015769487034319674;0.0170487948265726;0.015229020955813743
3201.0;0.0170487948265726;0.016863406408094434;0.03878406708595388
3202.5;0.018610244807272875;0.016745540589734254;0.03498920086393088
3204.0;0.04536862003780718;0.015414729630535846;0.03412017167381975
3205.5;0.017754480892796753;0.01861305152546421;0.018143754361479414
3207.0;0.016638225255972697;0.017656852955616538;0.018612132352941176
3208.5;0.015731292517006803;0.016863406408094434;0.01799009736360781
3210.0;0.015871286409530037;0.015871286409530037;0.018612132352941176
3211.5;0.015769487034319674;0.01842179442537598;0.016530797101449276
3213.0;0.015769487034319674;0.017465858520325457;0.0162748643761302
3214.5;0.014870091759449306;0.07096861245658452;0.01799009736360781
3216.0;0.016557768507871926;0.018354055654233276;0.016863406408094434
3217.5;0.016557768507871926;0.01749271137026239;0.018902169101372285
3219.0;0.01826142579350741;0.018848906360245943;0.0170487948265726
3220.5;0.018256492034823147;0.07004383600178157;0.017987706243934
3222.0;0.0161839863713799;0.04425612052730697;0.018684322436583762
3223.5;0.015095605501509561;0.016638225255972697;0.018010291595197254
3225.0;0.015871286409530037;0.016638225255972697;0.01672535211267606
3226.5;0.014910112661872163;0.016638225255972697;0.01845342706502636
3228.0;0.017465858520325457;0.06430155210643015;0.01784040701566475
3229.5;0.014850222990092551;0.016335052812576762;0.0189328743545611
3231.0;0.014850222990092551;0.01783664661861255;0.034408602150537634
3232.5;0.016550266845809666;0.015907416444202047;0.020625415834996677
3234.0;0.01826142579350741;0.014965094221118901;0.05894667254297046
3235.5;0.04208416833667335;0.016648083640921553;0.038100208768267224
3237.0;0.015280135823429542;0.016638225255972697;0.09609977651214766
3238.5;0.015280135823429542;0.01597712748065927;0.01789398508173306
3240.0;0.017754480892796753;0.016745540589734254;0.037285441830896375
3241.5;0.014945495799148322;0.01842179442537598;0.08638515774674821
3243.0;0.017498443680569787;0.01836806645203033;0.018876611418047883
3244.5;0.017465858520325457;0.01836806645203033;0.019013666072489603
3246.0;0.016582472972657695;0.01836806645203033;0.0161839863713799
3247.5;0.017754480892796753;0.039603960396039604;0.01850632726208763
3249.0;0.015280135823429542;0.07182211727666273;0.04919423240033926
3250.5;0.01597712748065927;0.015809071886378992;0.019142066420664204
3252.0;0.015095605501509561;0.01597712748065927;0.0334685598377282
3253.5;0.0161839863713799;0.01756386861313869;0.015414729630535846
3255.0;0.0161839863713799;0.05819060166886253;0.018197573656845753
3256.5;0.01865038996269922;0.05819060166886253;0.01712538226299694
3258.0;0.018197573656845753;0.016128420893033128;0.018645413460363993
3259.5;0.0161839863713799;0.016128420893033128;0.034408602150537634
3261.0;0.01874107841782935;0.01873087294175672;0.019013666072489603
3262.5;0.019395134779750165;0.015172472000448195;0.018026004728132386
3264.0;0.017368069472277887;0.015042523121772526;0.01675356994726551
3265.5;0.016821418488660245;0.01497053904721978;0.01654091700522345
3267.0;0.015912208009267122;0.01575526683162357;0.01899713737456353
3268.5;0.017971946230274694;0.015001087035292413;0.05839201877934272
3270.0;0.018683274021352312;0.016676298192025096;0.03879026955950033
3271.5;0.01549874155517287;0.0189328743545611;0.017522464698331193
3273.0;0.015731292517006803;0.017094017094017096;0.018028727092620107
3274.5;0.01597712748065927;0.015095605501509561;0.015354517600011507
3276.0;0.01834862385321101;0.069651277654558;0.040424121935056324
3277.5;0.09867330016583749;0.015769487034319674;0.03965496520152523
3279.0;0.016917819729987117;0.04536862003780718;0.05365548635457164
3280.5;0.018443932541639993;0.017754480892796753;0.0188212927756654
3282.0;0.018026004728132386;0.015809071886378992;0.019408502772643253
3283.5;0.01645021645021645;0.015731292517006803;0.018020513790726903
3285.0;0.041666666666666664;0.017754480892796753;0.01573456657793789
3286.5;0.018026004728132386;0.015769487034319674;0.017824497257769654
3288.0;0.017094017094017096;0.01865038996269922;0.015639890128370425
3289.5;0.017754480892796753;0.017623877982923447;0.016371008616320324
3291.0;0.014945495799148322;0.018010291595197254;0.017202407162777045
3292.5;0.01834061135371179;0.016335052812576762;0.015731292517006803
3294.0;0.03383297644539615;0.017215791035915702;0.0528117359413203
3295.5;0.01862097440132122;0.016903583394228514;0.03837047353760445
3297.0;0.01686511603347678;0.018683274021352312;0.017433138708478207
3298.5;0.08175211949939443;0.01865038996269922;0.032392026578073094
3300.0;0.017754480892796753;0.0161839863713799;0.017118894186917415
3301.5;0.0741235580813308;0.0189328743545611;0.05595393307257713
3303.0;0.020625415834996677;0.0188212927756654;0.038100208768267224
3304.5;0.019269640210214257;0.017699115044247787;0.01810895810084204
3306.0;0.015050831498364467;0.01771809624494277;0.01764836420273119
3307.5;0.016656297685317897;0.017699115044247787;0.0175513698630137
3309.0;0.016593743481628447;0.018197573656845753;0.015154962909024714
3310.5;0.01657609394073348;0.0161839863713799;0.07224770642201835
3312.0;0.01656353036834563;0.016403046280023436;0.03469827586206897
3313.5;0.019408502772643253;0.019524316648917288;0.01756386861313869
3315.0;0.017814806907942786;0.01730418943533698;0.018052243358660087
3316.5;0.017094017094017096;0.01583436633020483;0.021191464137522226
3318.0;0.01865038996269922;0.01756386861313869;0.01647485416995113
3319.5;0.017623877982923447;0.01672239597595953;0.0189328743545611
3321.0;0.017547197908565945;0.0189328743545611;0.08033826638477802
3322.5;0.01597712748065927;0.015095605501509561;0.03318419090231171
3324.0;0.017547197908565945;0.01597712748065927;0.0170487948265726
3325.5;0.05669428696031399;0.018026004728132386;0.01672535211267606
3327.0;0.015202013639811085;0.017373380447585393;0.0785025022148792
3328.5;0.016638225255972697;0.01597712748065927;0.016638225255972697
3330.0;0.01672535211267606;0.017651363509179743;0.01835078161749423
3331.5;0.01904761904761905;0.016043635035830027;0.016173860354530757
3333.0;0.017373380447585393;0.017121863302370723;0.035751028806584366
3334.5;0.019139945314441957;0.018086080586080584;0.07818802358051505
3336.0;0.01535109722361575;0.015907416444202047;0.051059730250481696
3337.5;0.015821216414337255;0.017373380447585393;0.0363872644574399
3339.0;0.017094017094017096;0.016863406408094434;0.01942319011183049
3340.5;0.018683274021352312;0.017623877982923447;0.016897746967071057
3342.0;0.01865038996269922;0.018010291595197254;0.0189328743545611
3343.5;0.01597712748065927;0.017754480892796753;0.019598155467720684
3345.0;0.018470790378006873;0.015597920277296359;0.03608247422680412
3346.5;0.015871286409530037;0.01672535211267606;0.03450226244343891
3348.0;0.016863406408094434;0.015414729630535846;0.017462905276233176
3349.5;0.016863406408094434;0.019269640210214257;0.017563955708285603
3351.0;0.03798297314996725;0.017934291168491913;0.07484407484407485
3352.5;0.015280135823429542;0.016638225255972697;0.043703007518796994
3354.0;0.06854651270894926;0.015280135823429542;0.015414729630535846
3355.5;0.05048076923076923;0.051059730250481696;0.017971946230274694
3357.0;0.05048076923076923;0.017373380447585393;0.05346127484578478
3358.5;0.017754480892796753;0.07905457014342697;0.01612259159428971
3360.0;0.06973170529113713;0.017971946230274694;0.017373380447585393
3361.5;0.017465858520325457;0.01597712748065927;0.047619047619047616
3363.0;0.047619047619047616;0.01726263871763255;0.046489563567362426
3364.5;0.04208416833667335;0.01726263871763255;0.0189328743545611
3366.0;0.08175211949939443;0.047619047619047616;0.042820886656946916
3367.5;0.015001087035292413;0.01597712748065927;0.049554781262098335
3369.0;0.08174097664543525;0.018470790378006873;0.037422037422037424
3370.5;0.048187022900763356;0.0175513698630137;0.016785765670711238
3372.0;0.017623877982923447;0.018010291595197254;0.019466094355962197
3373.5;0.016638225255972697;0.018010291595197254;0.01950286806883365
3375.0;0.017754480892796753;0.015095605501509561;0.017391304347826087
3376.5;0.015871286409530037;0.019013666072489603;0.037422037422037424
3378.0;0.014945495799148322;0.017754480892796753;0.018086080586080584
3379.5;0.017094017094017096;0.0175513698630137;0.017164417047507707
3381.0;0.015095605501509561;0.017754480892796753;0.018086080586080584
3382.5;0.015809071886378992;0.015001087035292413;0.016000445289352447
3384.0;0.018683274021352312;0.039603960396039604;0.01786090540478038
3385.5;0.01549874155517287;0.016745540589734254;0.019139945314441957
3387.0;0.016821418488660245;0.015280135823429542;0.017094017094017096
3388.5;0.0189328743545611;0.017373380447585393;0.017824497257769654
3390.0;0.0189328743545611;0.016863406408094434;0.09867330016583749
3391.5;0.017094017094017096;0.017094017094017096;0.016638225255972697
3393.0;0.018010291595197254;0.015001087035292413;0.017094017094017096
3394.5;0.015095605501509561;0.016638225255972697;0.0175513698630137
3396.0;0.015001087035292413;0.0175513698630137;0.037760416666666664
3397.5;0.017094017094017096;0.018010291595197254;0.09657294439184724
3399.0;0.017094017094017096;0.015095605501509561;0.0161839863713799
3400.5;0.015095605501509561;0.018354055654233276;0.0189328743545611
3402.0;0.08954302181967888;0.08144892908951275;0.015280135823429542
3403.5;0.017094017094017096;0.017373380447585393;0.01865038996269922
3405.0;0.0189328743545611;0.016863406408094434;0.017971946230274694
3406.5;0.0161839863713799;0.01850632726208763;0.016897746967071057
3408.0;0.018010291595197254;0.01836806645203033;0.0851134680921915
3409.5;0.018010291595197254;0.017754480892796753;0.017699115044247787
3411.0;0.01850632726208763;0.015001087035292413;0.04918972634153799
3412.5;0.015095605501509561;0.015809071886378992;0.015037639142305628
3414.0;0.016638225255972697;0.016863406408094434;0.01865038996269922
3415.5;0.04425612052730697;0.015731292517006803;0.01663225731761437
3417.0;0.03718199608610568;0.01672535211267606;0.01730418943533698
3418.5;0.03646288209606987;0.015280135823429542;0.01983411467724486
3420.0;0.015168071117696084;0.01597712748065927;0.06896737906373315
3421.5;0.01845779733547949;0.017754480892796753;0.01834204985759394
3423.0;0.017083111144968386;0.015731292517006803;0.01789364902084286
3424.5;0.017094017094017096;0.017824497257769654;0.08560945780676722
3426.0;0.016638225255972697;0.018086080586080584;0.051059730250481696
3427.5;0.0161839863713799;0.018937169700528483;0.045928030303030304
3429.0;0.018612132352941176;0.01608187134502924;0.016863406408094434
3430.5;0.017121863302370723;0.016937514305333027;0.045928030303030304
3432.0;0.018944170972160067;0.016638225255972697;0.01597712748065927
3433.5;0.08834068134979892;0.019013666072489603;0.018683274021352312
3435.0;0.01597712748065927;0.018026004728132386;0.01612259159428971
3436.5;0.017391304347826087;0.07061592781482934;0.01730418943533698
3438.0;0.018354055654233276;0.018683274021352312;0.017563955708285603
3439.5;0.03599221789883269;0.018197573656845753;0.0161839863713799
3441.0;0.016821418488660245;0.016371008616320324;0.017094017094017096
3442.5;0.020212060967528162;0.017202407162777045;0.016863406408094434
3444.0;0.01811216999012306;0.018354055654233276;0.0189328743545611
3445.5;0.01834862385321101;0.018683274021352312;0.08560945780676722
3447.0;0.018026004728132386;0.017934291168491913;0.01865038996269922
3448.5;0.018086080586080584;0.016638225255972697;0.01597712748065927
3450.0;0.015414729630535846;0.016745540589734254;0.046489563567362426
3451.5;0.017094017094017096;0.03758169934640523;0.0175513698630137
3453.0;0.0189328743545611;0.08995842257780017;0.07672379434037466
3454.5;0.01733025239957341;0.017603269400950756;0.017094017094017096
3456.0;0.017545514574096786;0.04334677419354839;0.01842179442537598
3457.5;0.01684196309405504;0.01740157808859345;0.015743018124095107
3459.0;0.01606060953289322;0.0170487948265726;0.06554917200591014
3460.5;0.017094017094017096;0.05358531653445326;0.019013666072489603
3462.0;0.015095605501509561;0.015414729630535846;0.018026004728132386
3463.5;0.018197573656845753;0.01834061135371179;0.017934291168491913
3465.0;0.018086080586080584;0.018354055654233276;0.016335052812576762
3466.5;0.0161839863713799;0.015963095712199653;0.016025963289428118
3468.0;0.01874107841782935;0.017754480892796753;0.015095605501509561
3469.5;0.01749271137026239;0.0175513698630137;0.018010291595197254
3471.0;0.019139945314441957;0.0175513698630137;0.041666666666666664
3472.5;0.03241525423728814;0.015597920277296359;0.018683274021352312
3474.0;0.017302798982188294;0.018026004728132386;0.018612132352941176
3475.5;0.017094017094017096;0.015280135823429542;0.01861305152546421
3477.0;0.01597712748065927;0.017924528301886795;0.018026004728132386
3478.5;0.0175513698630137;0.05483214649033571;0.016897746967071057
3480.0;0.016676298192025096;0.016335052812576762;0.017699115044247787
3481.5;0.01663225731761437;0.018052243358660087;0.018086080586080584
3483.0;0.01749271137026239;0.01665806179880234;0.05149558123725356
3484.5;0.044811320754716985;0.03370786516853933;0.01606832657788072
3486.0;0.01597712748065927;0.0363872644574399;0.01769786396640252
3487.5;0.015731292517006803;0.01874107841782935;0.017373380447585393
3489.0;0.0863169700629799;0.017094017094017096;0.050912176495545185
3490.5;0.017498443680569787;0.0170487948265726;0.015414729630535846
3492.0;0.017443347491498312;0.0189328743545611;0.018354055654233276
3493.5;0.06658720862876988;0.016335052812576762;0.015280135823429542
3495.0;0.017754480892796753;0.018876611418047883;0.0170487948265726
3496.5;0.016863406408094434;0.019020693899530733;0.01845342706502636
3498.0;0.016863406408094434;0.017699115044247787;0.019395134779750165
3499.5;0.017623877982923447;0.019013666072489603;0.018741633199464522
3501.0;0.06673232664261046;0.015095605501509561;0.015156981494764432
3502.5;0.016568094782873223;0.017547197908565945;0.017934291168491913
3504.0;0.015690820879123473;0.017373380447585393;0.016638225255972697
3505.5;0.016217853406024562;0.01865038996269922;0.015095605501509561
3507.0;0.01687639577956378;0.01865038996269922;0.018010291595197254
3508.5;0.03798297314996725;0.01663225731761437;0.017487517572349606
3510.0;0.017754480892796753;0.01660281557997176;0.017811385420829395
3511.5;0.049329501915708805;0.0457863304578633;0.018202378957949406
3513.0;0.017754480892796753;0.0170487948265726;0.016604605213162094
3514.5;0.016863406408094434;0.018937169700528483;0.01756386861313869
3516.0;0.015731292517006803;0.0161839863713799;0.016263612953345514
3517.5;0.07061592781482934;0.01597712748065927;0.0188212927756654
3519.0;0.015871286409530037;0.01842179442537598;0.039603960396039604
3520.5;0.0161839863713799;0.0161839863713799;0.017934291168491913
3522.0;0.015095605501509561;0.018470790378006873;0.01767622907113149
3523.5;0.015095605501509561;0.01597712748065927;0.037422037422037424
3525.0;0.015871286409530037;0.01850632726208763;0.05395755695891817
3526.5;0.015809071886378992;0.01608187134502924;0.017825311942959002
3528.0;0.017094017094017096;0.01654091700522345;0.017462905276233176
3529.5;0.016863406408094434;0.018354055654233276;0.019673731176798662
3531.0;0.017623877982923447;0.04536862003780718;0.015804766516886046
3532.5;0.017623877982923447;0.0175513698630137;0.016293098349991132
3534.0;0.051640926640926635;0.015095605501509561;0.01882395123700251
3535.5;0.01865038996269922;0.014945495799148322;0.039094011790257524
3537.0;0.01842179442537598;0.018026004728132386;0.017015706806282723
3538.5;0.08454031981241;0.08431531897602601;0.02003537967634148
3540.0;0.07378150182183574;0.041666666666666664;0.018371212121212118
3541.5;0.07378150182183574;0.040013227513227514;0.016187271319071658
3543.0;0.018277260861902424;0.03919631093544137;0.017215791035915702
3544.5;0.014836509492270044;0.01865038996269922;0.019179429534916397
3546.0;0.01653549687010534;0.017094017094017096;0.018696455568620863
3547.5;0.01597712748065927;0.01834061135371179;0.02247191011235955
3549.0;0.018470790378006873;0.01584493527338707;0.0371931110296812
3550.5;0.03798297314996725;0.01575859574363595;0.015677659380511324
3552.0;0.01850632726208763;0.01865038996269922;0.015414729630535846
3553.5;0.01597712748065927;0.0659462999345121;0.018010291595197254
3555.0;0.01597712748065927;0.017660443813087397;0.060275962236746555
3556.5;0.01865038996269922;0.01672535211267606;0.018876611418047883
3558.0;0.04875717017208413;0.0175513698630137;0.019142066420664204
3559.5;0.019408502772643253;0.015095605501509561;0.016025963289428118
3561.0;0.017825311942959002;0.017094017094017096;0.017910447761194027
3562.5;0.017462905276233176;0.06754596322941649;0.017139677239844185
3564.0;0.016873111933413492;0.015287493145371624;0.01672535211267606
3565.5;0.0175513698630137;0.01784040701566475;0.01726263871763255
3567.0;0.015095605501509561;0.0161839863713799;0.017094017094017096
3568.5;0.015095605501509561;0.019142066420664204;0.018026004728132386
3570.0;0.015871286409530037;0.018683274021352312;0.01834862385321101
3571.5;0.045928030303030304;0.017934291168491913;0.041901692183722805
3573.0;0.01865038996269922;0.0189328743545611;0.018026004728132386
3574.5;0.01842179442537598;0.018487434139972954;0.018937169700528483
3576.0;0.01597712748065927;0.015446744068652195;0.018582093618876354
3577.5;0.01612259159428971;0.01719518862766539;0.04157043879907621
3579.0;0.016638225255972697;0.0982794218857536;0.017373380447585393
3580.5;0.016043635035830027;0.018683274021352312;0.015188609731168737
3582.0;0.0161839863713799;0.017934291168491913;0.0161839863713799
3583.5;0.0470532319391635;0.03878406708595388;0.01834862385321101
3585.0;0.016863406408094434;0.017830478700043915;0.0189328743545611
3586.5;0.015871286409530037;0.015168071117696084;0.018010291595197254
3588.0;0.10380856083586112;0.016638225255972697;0.017934291168491913
3589.5;0.016638225255972697;0.017373380447585393;0.017391304347826087
3591.0;0.017094017094017096;0.01924500859447309;0.018323203432248837
3592.5;0.0161839863713799;0.10120481927710843;0.017094017094017096
3594.0;0.0161839863713799;0.03411405295315682;0.015731292517006803
3595.5;0.015095605501509561;0.01672535211267606;0.020410766679423396
3597.0;0.0175513698630137;0.01834862385321101;0.017373380447585393
3598.5;0.015095605501509561;0.018197573656845753;0.01597712748065927
