#auto generated file!
6.0;0.03455289120614873;0.03455289120614873;0.03455289120614873
7.5;0.03455289120614873;0.03455289120614873;0.03455289120614873
9.0;0.03455289120614873;0.03455289120614873;0.03455289120614873
10.5;0.03455289120614873;0.03455289120614873;0.03455289120614873
12.0;0.03455289120614873;0.03455289120614873;0.03455289120614873
13.5;0.01824212271973466;0.016638225255972697;0.03455289120614873
15.0;0.07656826568265682;0.01824212271973466;0.016638225255972697
16.5;0.0189328743545611;0.0175513698630137;0.01567656765676568
18.0;0.051640926640926635;0.0173841059602649;0.01567656765676568
19.5;0.04083665338645418;0.015731292517006803;0.01824212271973466
21.0;0.01567656765676568;0.0170487948265726;0.01824212271973466
22.5;0.01567656765676568;0.07550644567219153;0.014827018121911038
24.0;0.014827018121911038;0.05222437137330754;0.01567656765676568
25.5;0.046489563567362426;0.01824212271973466;0.0173841059602649
27.0;0.046489563567362426;0.08386752136752137;0.07763401109057301
28.5;0.018026004728132386;0.0650994575045208;0.046489563567362426
30.0;0.017094017094017096;0.015731292517006803;0.0175513698630137
31.5;0.07339449541284404;0.049329501915708805;0.014827018121911038
33.0;0.07550644567219153;0.0173841059602649;0.015731292517006803
34.5;0.01824212271973466;0.01652892561983471;0.0173841059602649
36.0;0.01567656765676568;0.0173841059602649;0.01824212271973466
37.5;0.018026004728132386;0.0173841059602649;0.0175513698630137
39.0;0.017094017094017096;0.01730418943533698;0.0175513698630137
40.5;0.018612132352941176;0.0175513698630137;0.01652892561983471
42.0;0.07025547445255476;0.0161839863713799;0.0173841059602649
43.5;0.01567656765676568;0.018010291595197254;0.01824212271973466
45.0;0.01824212271973466;0.018683274021352312;0.01567656765676568
46.5;0.017699115044247787;0.040013227513227514;0.01652892561983471
48.0;0.018010291595197254;0.014827018121911038;0.01652892561983471
49.5;0.01652892561983471;0.0173841059602649;0.014827018121911038
51.0;0.05048076923076923;0.06900452488687782;0.01652892561983471
52.5;0.01672535211267606;0.0744485294117647;0.0175513698630137
54.0;0.09115720524017466;0.01567656765676568;0.01824212271973466
55.5;0.01567656765676568;0.0470532319391635;0.05222437137330754
57.0;0.017824497257769654;0.016638225255972697;0.06818181818181818
58.5;0.0161839863713799;0.0175513698630137;0.06818181818181818
60.0;0.018010291595197254;0.0175513698630137;0.01824212271973466
61.5;0.018026004728132386;0.08193668528864059;0.01824212271973466
63.0;0.019142066420664204;0.01824212271973466;0.0161839863713799
64.5;0.018470790378006873;0.0170487948265726;0.0173841059602649
66.0;0.014827018121911038;0.03608247422680412;0.01824212271973466
67.5;0.019013666072489603;0.018876611418047883;0.01824212271973466
69.0;0.017699115044247787;0.017094017094017096;0.01824212271973466
70.5;0.0175513698630137;0.036783854166666664;0.051640926640926635
72.0;0.01652892561983471;0.017373380447585393;0.015280135823429542
73.5;0.0173841059602649;0.03674948240165632;0.01824212271973466
75.0;0.01652892561983471;0.019013666072489603;0.01567656765676568
76.5;0.018612132352941176;0.01652892561983471;0.014827018121911038
78.0;0.0173841059602649;0.017094017094017096;0.014827018121911038
79.5;0.01567656765676568;0.015280135823429542;0.0650994575045208
81.0;0.07129798903107862;0.09261838440111422;0.0173841059602649
82.5;0.01824212271973466;0.017094017094017096;0.0547029702970297
84.0;0.016638225255972697;0.10817941952506596;0.01652892561983471
85.5;0.015731292517006803;0.018010291595197254;0.015731292517006803
87.0;0.01824212271973466;0.01567656765676568;0.015731292517006803
88.5;0.07170099160945842;0.014827018121911038;0.018086080586080584
90.0;0.040013227513227514;0.0661231884057971;0.015280135823429542
91.5;0.01567656765676568;0.01824212271973466;0.01756386861313869
93.0;0.07339449541284404;0.01652892561983471;0.01567656765676568
94.5;0.01652892561983471;0.01652892561983471;0.0370850622406639
96.0;0.0173841059602649;0.018876611418047883;0.0173841059602649
97.5;0.017094017094017096;0.07025547445255476;0.01567656765676568
99.0;0.016638225255972697;0.014827018121911038;0.0173841059602649
100.5;0.01652892561983471;0.014827018121911038;0.017094017094017096
102.0;0.015280135823429542;0.01567656765676568;0.01652892561983471
103.5;0.01824212271973466;0.0173841059602649;0.04990403071017274
105.0;0.04990403071017274;0.01824212271973466;0.03879026955950033
106.5;0.017094017094017096;0.017094017094017096;0.0173841059602649
108.0;0.017094017094017096;0.018010291595197254;0.0173841059602649
109.5;0.01652892561983471;0.016638225255972697;0.01567656765676568
111.0;0.0175513698630137;0.055844907407407406;0.01652892561983471
112.5;0.018470790378006873;0.0175513698630137;0.051640926640926635
114.0;0.01824212271973466;0.014827018121911038;0.014827018121911038
115.5;0.01567656765676568;0.016638225255972697;0.0173841059602649
117.0;0.016403046280023436;0.017094017094017096;0.0173841059602649
118.5;0.018354055654233276;0.01576182136602452;0.018026004728132386
120.0;0.03798297314996725;0.017699115044247787;0.08085501858736059
121.5;0.014827018121911038;0.014827018121911038;0.018470790378006873
123.0;0.01652892561983471;0.0173841059602649;0.0175513698630137
124.5;0.0175513698630137;0.01756386861313869;0.019345238095238096
126.0;0.0173841059602649;0.0161839863713799;0.017094017094017096
127.5;0.01567656765676568;0.0175513698630137;0.041666666666666664
129.0;0.0161839863713799;0.04536862003780718;0.01672535211267606
130.5;0.018086080586080584;0.014827018121911038;0.01567656765676568
132.0;0.01652892561983471;0.03138766519823788;0.017260787992495308
133.5;0.01824212271973466;0.0363872644574399;0.01672535211267606
135.0;0.01567656765676568;0.035869565217391305;0.014827018121911038
136.5;0.05281007751937984;0.04315196998123827;0.018026004728132386
138.0;0.017094017094017096;0.03412017167381975;0.018086080586080584
139.5;0.07656826568265682;0.014827018121911038;0.017699115044247787
141.0;0.01652892561983471;0.01652892561983471;0.020618556701030927
142.5;0.01652892561983471;0.0334685598377282;0.0173841059602649
144.0;0.014827018121911038;0.01567656765676568;0.01652892561983471
145.5;0.0661231884057971;0.01824212271973466;0.01652892561983471
147.0;0.04990403071017274;0.017373380447585393;0.014827018121911038
148.5;0.01567656765676568;0.017373380447585393;0.04990403071017274
150.0;0.014827018121911038;0.03639846743295019;0.0161839863713799
151.5;0.0173841059602649;0.0173841059602649;0.017094017094017096
153.0;0.038385826771653545;0.0175513698630137;0.07129798903107862
154.5;0.0170487948265726;0.0173841059602649;0.018010291595197254
156.0;0.014827018121911038;0.049329501915708805;0.0175513698630137
157.5;0.01567656765676568;0.01819363222871995;0.017924528301886795
159.0;0.016638225255972697;0.05230034722222222;0.019013666072489603
160.5;0.0173841059602649;0.0175513698630137;0.03599221789883269
162.0;0.01652892561983471;0.01672535211267606;0.01672535211267606
163.5;0.018010291595197254;0.019274809160305342;0.018991486574983625
165.0;0.01824212271973466;0.0175513698630137;0.01567656765676568
166.5;0.017094017094017096;0.01652892561983471;0.017824497257769654
168.0;0.01652892561983471;0.03379065040650407;0.020052693208430915
169.5;0.018010291595197254;0.014827018121911038;0.01567656765676568
171.0;0.01824212271973466;0.04260299625468165;0.049329501915708805
172.5;0.017094017094017096;0.01567656765676568;0.03982067510548524
174.0;0.016638225255972697;0.018026004728132386;0.017094017094017096
175.5;0.014827018121911038;0.018010291595197254;0.018470790378006873
177.0;0.018354055654233276;0.0173841059602649;0.014827018121911038
178.5;0.018354055654233276;0.0161839863713799;0.02019230769230769
180.0;0.017094017094017096;0.017373380447585393;0.03879026955950033
181.5;0.018010291595197254;0.018559977888336097;0.019276956137024393
183.0;0.041666666666666664;0.017844514284227356;0.019162705638454684
184.5;0.01612259159428971;0.03879026955950033;0.06900452488687782
186.0;0.016863406408094434;0.017373380447585393;0.032696390658174104
187.5;0.0189328743545611;0.018197573656845753;0.016862556968097867
189.0;0.015001087035292413;0.01874107841782935;0.017825311942959002
190.5;0.018010291595197254;0.014965094221118901;0.018871433747959736
192.0;0.0161839863713799;0.0175513698630137;0.01608187134502924
193.5;0.01845342706502636;0.017094017094017096;0.017824497257769654
195.0;0.01672693391308206;0.015414729630535846;0.01810895810084204
196.5;0.09492273730684328;0.07620041753653445;0.10669456066945608
198.0;0.016638225255972697;0.015731292517006803;0.01795552931916568
199.5;0.017094017094017096;0.016638225255972697;0.016050458471550608
201.0;0.07548669050456894;0.017754480892796753;0.041445641108074804
202.5;0.016638225255972697;0.017679771605305417;0.05295138888888887
204.0;0.018026004728132386;0.05224167576034565;0.015188609731168737
205.5;0.015095605501509561;0.016089299461123942;0.018612132352941176
207.0;0.0161839863713799;0.0189328743545611;0.0363872644574399
208.5;0.018010291595197254;0.018876611418047883;0.038385826771653545
210.0;0.017623877982923447;0.018969016775117902;0.016530797101449276
211.5;0.017547197908565945;0.017276472249544716;0.019408502772643253
213.0;0.045928030303030304;0.0161839863713799;0.05186080549936684
214.5;0.016745540589734254;0.019139945314441957;0.03599221789883269
216.0;0.017094017094017096;0.018612132352941176;0.018147448015122872
217.5;0.0161839863713799;0.01537736404878336;0.019311776920795016
219.0;0.015731292517006803;0.041666666666666664;0.017824497257769654
220.5;0.014945495799148322;0.018197573656845753;0.047066614343176695
222.0;0.0170487948265726;0.018010291595197254;0.01505763452236346
223.5;0.0882232252769799;0.019142066420664204;0.019142066420664204
225.0;0.017893106119287374;0.018185821224130337;0.019801980198019802
226.5;0.0170487948265726;0.01788842784693407;0.05394088669950739
228.0;0.0175513698630137;0.036915316416997856;0.06277533039647576
229.5;0.016863406408094434;0.0952723795919778;0.019961612284069098
231.0;0.015095605501509561;0.018525288631046053;0.03919631093544137
232.5;0.08302956662616444;0.01730418943533698;0.03674948240165632
234.0;0.051617709663686666;0.01718287488267995;0.018197573656845753
235.5;0.018876611418047883;0.10981912144702843;0.04083665338645418
237.0;0.016293098349991132;0.017094017094017096;0.06057007125890736
238.5;0.01764836420273119;0.036783854166666664;0.05555555555555555
240.0;0.01612259159428971;0.133398485218666;0.036415289256198344
241.5;0.01597712748065927;0.017100908800752573;0.015806516463475927
243.0;0.018470790378006873;0.017215791035915702;0.03379065040650407
244.5;0.018876611418047883;0.017924528301886795;0.03185386473429951
246.0;0.017373380447585393;0.03805266855633888;0.060275962236746555
247.5;0.018937169700528483;0.015125554237353003;0.01999107541276216
249.0;0.0189328743545611;0.015225395561747438;0.04512646514497225
250.5;0.018470790378006873;0.018612132352941176;0.019801261306115675
252.0;0.016335052812576762;0.015033359741139864;0.019574500953483072
253.5;0.015907416444202047;0.07619624965263151;0.018612132352941176
255.0;0.018470790378006873;0.0189328743545611;0.05413234362270299
256.5;0.015095605501509561;0.01645021645021645;0.03423626787057938
258.0;0.01850632726208763;0.018803418803418803;0.01904761904761905
259.5;0.014945495799148322;0.017893106119287374;0.018095838587641865
261.0;0.014945495799148322;0.07153736532055298;0.017089125102207687
262.5;0.01488644788002137;0.01850632726208763;0.01780160609014529
264.0;0.017443347491498312;0.015731292517006803;0.03831780620032634
265.5;0.017427438387099873;0.045928030303030304;0.08168604651162792
267.0;0.078274430155538;0.015001087035292413;0.08692897905687683
268.5;0.015690820879123473;0.017373380447585393;0.01834862385321101
270.0;0.017397154861764727;0.018010291595197254;0.01754649070185963
271.5;0.017397154861764727;0.0170487948265726;0.07705382436260622
273.0;0.01865038996269922;0.02041832669322709;0.019408502772643253
274.5;0.01850632726208763;0.01784040701566475;0.01882395123700251
276.0;0.014945495799148322;0.018848906360245943;0.01834862385321101
277.5;0.01663225731761437;0.01672693391308206;0.01672535211267606
279.0;0.014870091759449306;0.01865038996269922;0.03798297314996725
280.5;0.014870091759449306;0.018010291595197254;0.043284066915705695
282.0;0.016557768507871926;0.019327580007191657;0.03383297644539615
283.5;0.015695763321720377;0.019139945314441957;0.017924528301886795
285.0;0.014839767744728968;0.016638225255972697;0.0686052773290253
286.5;0.014839767744728968;0.045928030303030304;0.01851851851851852
288.0;0.017397154861764727;0.01850632726208763;0.05001819473117801
289.5;0.018354055654233276;0.07484407484407485;0.018595825426944972
291.0;0.01865038996269922;0.018010291595197254;0.01717650438029585
292.5;0.01865038996269922;0.017094017094017096;0.09507042253521127
294.0;0.01865038996269922;0.052961275626423686;0.04771873322597961
295.5;0.017623877982923447;0.01713180436584692;0.018964994904844528
297.0;0.017623877982923447;0.015008842899186362;0.018163597644995613
298.5;0.015095605501509561;0.017094017094017096;0.06152568361870687
300.0;0.016676298192025096;0.038100208768267224;0.056249999999999994
301.5;0.016676298192025096;0.018532729644693425;0.051554506099960644
303.0;0.017465858520325457;0.017699115044247787;0.0174812030075188
304.5;0.014850222990092551;0.01612259159428971;0.03599221789883269
306.0;0.016550266845809666;0.01612259159428971;0.020229405630865484
307.5;0.014836509492270044;0.018937169700528483;0.03814011171438616
309.0;0.014836509492270044;0.016830578931359627;0.032696390658174104
310.5;0.03879026955950033;0.01749000201260901;0.01834862385321101
312.0;0.03879026955950033;0.01756386861313869;0.01856510364258402
313.5;0.03879026955950033;0.017825311942959002;0.03476946334089191
315.0;0.015095605501509561;0.017773776536674248;0.0404471418411804
316.5;0.015001087035292413;0.0185181325793626;0.07801258992805754
318.0;0.017547197908565945;0.040013227513227514;0.017897604611988496
319.5;0.017094017094017096;0.016830578931359627;0.07529812606473595
321.0;0.016863406408094434;0.016830578931359627;0.018620022569724327
322.5;0.01865038996269922;0.016624630520743856;0.017674869549113806
324.0;0.017623877982923447;0.016624630520743856;0.04890257989988449
325.5;0.01663225731761437;0.01780160609014529;0.0356286399451867
327.0;0.015517241379310345;0.016263612953345514;0.03929952521431718
328.5;0.016638225255972697;0.015997007830274378;0.017874430554821363
330.0;0.016638225255972697;0.017637474686341362;0.04051906779661017
331.5;0.016638225255972697;0.01491406908503138;0.018543046357615892
333.0;0.016638225255972697;0.017094017094017096;0.019313448878140533
334.5;0.016638225255972697;0.017045454545454544;0.05557668278372359
336.0;0.016638225255972697;0.01688081285952368;0.03555126968820316
337.5;0.018010291595197254;0.018595825426944972;0.03851502359076236
339.0;0.016863406408094434;0.019731800766283527;0.01958413926499033
340.5;0.016863406408094434;0.01569115815691158;0.01910331384015595
342.0;0.016745540589734254;0.03481624758220503;0.033445440956651716
343.5;0.015809071886378992;0.0189328743545611;0.020304139678963676
345.0;0.017498443680569787;0.015731292517006803;0.08608078547595288
346.5;0.016582472972657695;0.01675356994726551;0.033713054187192115
348.0;0.017427438387099873;0.01601318781639348;0.03589420654911838
349.5;0.01741601350785099;0.018533328860806126;0.032242996398323315
351.0;0.015695763321720377;0.017679771605305417;0.05409742501629571
352.5;0.015695763321720377;0.04083665338645418;0.02080873671782763
354.0;0.017401635028469288;0.016357261371818553;0.05024038461538461
355.5;0.017754480892796753;0.0189328743545611;0.01845342706502636
357.0;0.0189328743545611;0.017754480892796753;0.05630026809651474
358.5;0.018470790378006873;0.020006613756613757;0.02034425929316975
360.0;0.016863406408094434;0.015414729630535846;0.017699115044247787
361.5;0.017623877982923447;0.018716969225741748;0.017373380447585393
363.0;0.017623877982923447;0.038385826771653545;0.018538209281526382
364.5;0.01597712748065927;0.017094017094017096;0.018086080586080584
366.0;0.015001087035292413;0.017971946230274694;0.0188212927756654
367.5;0.01663225731761437;0.017824497257769654;0.016849116328145605
369.0;0.01663225731761437;0.018323203432248837;0.020618556701030927
370.5;0.015731292517006803;0.01836395435418795;0.018991486574983625
372.0;0.015731292517006803;0.01720895751257582;0.01941684776984373
373.5;0.015731292517006803;0.018531918968392763;0.03548336472065286
375.0;0.09087154068566708;0.017094017094017096;0.019731800766283527
376.5;0.015001087035292413;0.01850632726208763;0.033445440956651716
378.0;0.017094017094017096;0.01663225731761437;0.01636751798845576
379.5;0.07548669050456894;0.019192913385826772;0.04463569480415301
381.0;0.017623877982923447;0.01612259159428971;0.03469827586206897
382.5;0.017623877982923447;0.01645021645021645;0.019292604501607715
384.0;0.017623877982923447;0.017094017094017096;0.07948695422999208
385.5;0.017623877982923447;0.07548669050456894;0.0196348806464173
387.0;0.017623877982923447;0.015225395561747438;0.020625415834996677
388.5;0.017623877982923447;0.03992395437262357;0.038175424694170665
390.0;0.017623877982923447;0.017259605220165675;0.020980872491525002
391.5;0.017623877982923447;0.018542099907395866;0.042258371968954725
393.0;0.015809071886378992;0.049329501915708805;0.03780687397708675
394.5;0.01663225731761437;0.017373380447585393;0.01722002059475146
396.0;0.06593806286876763;0.07905457014342697;0.019274417923561285
397.5;0.07850573814074081;0.01749271137026239;0.020212060967528162
399.0;0.014850222990092551;0.017824497257769654;0.07569721115537849
400.5;0.015095605501509561;0.015731292517006803;0.020212060967528162
402.0;0.015001087035292413;0.01845400161997053;0.017134997433140575
403.5;0.017547197908565945;0.020999704229517892;0.01890359168241966
405.0;0.017547197908565945;0.018442686843281333;0.020847168626043255
406.5;0.016863406408094434;0.019274809160305342;0.017663711171845
408.0;0.016863406408094434;0.0161839863713799;0.019395134779750165
409.5;0.015001087035292413;0.019192913385826772;0.03324808184143222
411.0;0.017094017094017096;0.01726263871763255;0.021402364451691806
412.5;0.015095605501509561;0.0161839863713799;0.019944341372912802
414.0;0.014945495799148322;0.017547197908565945;0.040626605033384694
415.5;0.015280135823429542;0.018086080586080584;0.04700137341675569
417.0;0.017094017094017096;0.03920012696397398;0.01780160609014529
418.5;0.015280135823429542;0.10386338185890258;0.017799021627615652
420.0;0.016745540589734254;0.018017942087714626;0.07258064516129031
421.5;0.016745540589734254;0.041666666666666664;0.038616190781734575
423.0;0.07076132648295189;0.01784040701566475;0.01937971447744345
424.5;0.015743018124095107;0.015731292517006803;0.048630745285123185
426.0;0.017094017094017096;0.07672379434037466;0.04113644096631507
427.5;0.016745540589734254;0.015769487034319674;0.03939724830749071
429.0;0.016676298192025096;0.018026004728132386;0.017924528301886795
430.5;0.07773101809313682;0.015280135823429542;0.017910447761194027
432.0;0.08674568965517242;0.015280135823429542;0.046189376443418015
433.5;0.015095605501509561;0.015280135823429542;0.05432489451476795
435.0;0.015095605501509561;0.048187022900763356;0.03710134178410087
436.5;0.015095605501509561;0.016863406408094434;0.01884973658089639
438.0;0.015731292517006803;0.016638225255972697;0.019659185369908565
439.5;0.018470790378006873;0.015001087035292413;0.03530751708428246
441.0;0.018470790378006873;0.018010291595197254;0.02012072434607646
442.5;0.018470790378006873;0.017754480892796753;0.018487937285272288
444.0;0.017094017094017096;0.017754480892796753;0.02012072434607646
445.5;0.05281007751937984;0.017623877982923447;0.018278839373247795
447.0;0.01865038996269922;0.014945495799148322;0.03476600662678081
448.5;0.0470532319391635;0.01836806645203033;0.059033078880407125
450.0;0.05339805825242719;0.01660281557997176;0.017824497257769654
451.5;0.01865038996269922;0.01660281557997176;0.04258970358814352
453.0;0.01842179442537598;0.01660281557997176;0.02085655470201336
454.5;0.015280135823429542;0.018277260861902424;0.019220039412279594
456.0;0.07922182109907742;0.018277260861902424;0.03640441683919944
457.5;0.08099593301892197;0.017094017094017096;0.03716783732010414
459.0;0.01726263871763255;0.017094017094017096;0.016485151660338544
460.5;0.015898024165091146;0.017094017094017096;0.07849462365591398
462.0;0.015898024165091146;0.015731292517006803;0.05669428696031399
463.5;0.01838245406174913;0.016863406408094434;0.06689088191330343
465.0;0.01838245406174913;0.016745540589734254;0.01645021645021645
466.5;0.06852303306239828;0.01836806645203033;0.01904761904761905
468.0;0.06852303306239828;0.018010291595197254;0.01838990104503838
469.5;0.015729745445652022;0.015095605501509561;0.01845342706502636
471.0;0.01485252840939509;0.017094017094017096;0.020618556701030927
472.5;0.018263295125833846;0.017094017094017096;0.020712756157959585
474.0;0.018263295125833846;0.017754480892796753;0.019877181641887523
475.5;0.016541854755715804;0.015095605501509561;0.05707748603906769
477.0;0.017754480892796753;0.01865038996269922;0.017089125102207687
478.5;0.015809071886378992;0.015871286409530037;0.0188212927756654
480.0;0.01488644788002137;0.015871286409530037;0.01678424862821045
481.5;0.01488644788002137;0.015769487034319674;0.01749271137026239
483.0;0.017699115044247787;0.017094017094017096;0.03548336472065286
484.5;0.0175513698630137;0.019013666072489603;0.017045454545454544
486.0;0.01672535211267606;0.01749271137026239;0.031435154707044104
487.5;0.017971946230274694;0.01771809624494277;0.017320016028725495
489.0;0.07004383600178157;0.017603269400950756;0.035751028806584366
490.5;0.017094017094017096;0.015762630806304054;0.0188212927756654
492.0;0.018937169700528483;0.017460084355449466;0.0378636798251605
493.5;0.018026004728132386;0.014867146669811973;0.019341334077588614
495.0;0.0161839863713799;0.0189328743545611;0.01678424862821045
496.5;0.01675356994726551;0.01597712748065927;0.040091455309193384
498.0;0.018542690508967015;0.015001087035292413;0.017645059094131093
499.5;0.019345238095238096;0.01836806645203033;0.017824497257769654
501.0;0.016830578931359627;0.015724726735506497;0.017045454545454544
502.5;0.0470532319391635;0.018354055654233276;0.03919631093544137
504.0;0.015871286409530037;0.015095605501509561;0.017368069472277887
505.5;0.017699115044247787;0.016676298192025096;0.01890359168241966
507.0;0.015225395561747438;0.01660281557997176;0.016838000708968452
508.5;0.014936197678611653;0.01660281557997176;0.01834862385321101
510.0;0.015738326756557706;0.01660281557997176;0.015154962909024714
511.5;0.015731292517006803;0.01741601350785099;0.0334685598377282
513.0;0.016638225255972697;0.01597712748065927;0.018610372994783977
514.5;0.016745540589734254;0.014945495799148322;0.03215077605321508
516.0;0.016638225255972697;0.014945495799148322;0.01904761904761905
517.5;0.018010291595197254;0.01836806645203033;0.05155482465507667
519.0;0.01865038996269922;0.01836806645203033;0.01772899957788096
520.5;0.019139945314441957;0.015743018124095107;0.0363872644574399
522.0;0.01715933414707495;0.014870091759449306;0.019527766042341455
523.5;0.0161839863713799;0.017427438387099873;0.019944341372912802
525.0;0.0189328743545611;0.08691206543967281;0.015139193690331638
526.5;0.017094017094017096;0.015871286409530037;0.015095605501509561
528.0;0.018026004728132386;0.015769487034319674;0.018010291595197254
529.5;0.017754480892796753;0.015769487034319674;0.03138766519823788
531.0;0.017623877982923447;0.01660281557997176;0.049112497001679065
532.5;0.018470790378006873;0.01660281557997176;0.04613153389824099
534.0;0.017623877982923447;0.017443347491498312;0.08602150537634409
535.5;0.015095605501509561;0.017094017094017096;0.03379065040650407
537.0;0.018026004728132386;0.017094017094017096;0.016838000708968452
538.5;0.017971946230274694;0.016863406408094434;0.06554878048780488
540.0;0.01594765689784196;0.07434304424481572;0.01904761904761905
541.5;0.01594765689784196;0.01836806645203033;0.019114380899500277
543.0;0.015854570888502284;0.01836806645203033;0.01594815769672719
544.5;0.015738326756557706;0.017465858520325457;0.01608187134502924
546.0;0.017094017094017096;0.017465858520325457;0.019345238095238096
547.5;0.0161839863713799;0.017465858520325457;0.01645021645021645
549.0;0.0170487948265726;0.015711796950363736;0.018022181146025877
550.5;0.04334677419354839;0.0824638077394375;0.017824497257769654
552.0;0.018010291595197254;0.01826142579350741;0.019114380899500277
553.5;0.0175513698630137;0.0175513698630137;0.05518617021276595
555.0;0.016745540589734254;0.015871286409530037;0.017427675148135237
556.5;0.015769487034319674;0.01836806645203033;0.019877181641887523
558.0;0.017443347491498312;0.018289844042285466;0.017320518245380726
559.5;0.041666666666666664;0.07936196740601566;0.01904761904761905
561.0;0.017934291168491913;0.01826142579350741;0.01813557316928901
562.5;0.10303030303030304;0.015687178238012765;0.03736263736263736
564.0;0.015054442165062335;0.017934291168491913;0.02041832669322709
565.5;0.01612259159428971;0.0786415867897998;0.01856510364258402
567.0;0.0161839863713799;0.017094017094017096;0.05738458708846791
568.5;0.016745540589734254;0.017094017094017096;0.018354055654233276
570.0;0.015769487034319674;0.016863406408094434;0.05894667254297046
571.5;0.017465858520325457;0.016403046280023436;0.01645021645021645
573.0;0.0175513698630137;0.018470790378006873;0.01801413602827206
574.5;0.01834862385321101;0.017094017094017096;0.01859099804305284
576.0;0.015992751525289242;0.017094017094017096;0.03240740740740741
577.5;0.04083665338645418;0.018683274021352312;0.019529006318207927
579.0;0.018010291595197254;0.041250831669993354;0.10154578378041135
580.5;0.017754480892796753;0.09492273730684328;0.03706140350877192
582.0;0.01850632726208763;0.016676298192025096;0.015168071117696084
583.5;0.015225395561747438;0.017498443680569787;0.018026004728132386
585.0;0.09190371991247265;0.019142066420664204;0.03557483731019522
586.5;0.016863406408094434;0.01749271137026239;0.016361807781758754
588.0;0.051640926640926635;0.017603269400950756;0.05790640140191732
589.5;0.051640926640926635;0.0175513698630137;0.04511357633386159
591.0;0.01597712748065927;0.0175513698630137;0.03443877551020408
592.5;0.014945495799148322;0.017699115044247787;0.018197573656845753
594.0;0.01488644788002137;0.08691206543967281;0.018543046357615892
595.5;0.014870091759449306;0.05222437137330754;0.01929824561403509
597.0;0.014870091759449306;0.014945495799148322;0.018086080586080584
598.5;0.05542725173210161;0.018052243358660087;0.01851219928339874
600.0;0.01672535211267606;0.01654091700522345;0.019617224880382776
601.5;0.0161839863713799;0.01771809624494277;0.018371212121212118
603.0;0.015095605501509561;0.0175513698630137;0.019138359569179784
604.5;0.01834862385321101;0.015095605501509561;0.09150326797385622
606.0;0.018937169700528483;0.03919631093544137;0.018595825426944972
607.5;0.040013227513227514;0.037422037422037424;0.019408502772643253
609.0;0.017699115044247787;0.01874107841782935;0.01756386861313869
610.5;0.016863406408094434;0.014965094221118901;0.01747700394218134
612.0;0.04315196998123827;0.016613529195963463;0.0170973696354407
613.5;0.051059730250481696;0.0161839863713799;0.0161839863713799
615.0;0.05020283975659229;0.016638225255972697;0.017613265439352398
616.5;0.01702553830746119;0.017754480892796753;0.03575902519088269
618.0;0.03798297314996725;0.08755082619603771;0.06879436739304635
619.5;0.05358531653445326;0.07868285545991754;0.01787537375123508
621.0;0.018470790378006873;0.015743018124095107;0.015414729630535846
622.5;0.08024848949025615;0.018470790378006873;0.019142066420664204
624.0;0.015743018124095107;0.08333173436690525;0.019944341372912802
625.5;0.01834862385321101;0.01612259159428971;0.01897923971725942
627.0;0.045567082339717783;0.015854570888502284;0.04334677419354839
628.5;0.017114956021708434;0.01840766984546031;0.03623804463336876
630.0;0.04380531220954244;0.01832580429276873;0.018407793080282165
631.5;0.015983643142131795;0.017094017094017096;0.04212767001607224
633.0;0.014911424685572943;0.017094017094017096;0.0188212927756654
634.5;0.01572542673800007;0.08265594250021391;0.01730418943533698
636.0;0.014858975237881149;0.015809071886378992;0.017391304347826087
637.5;0.018010291595197254;0.0726934956385968;0.01726263871763255
639.0;0.017754480892796753;0.0161839863713799;0.016863406408094434
640.5;0.015095605501509561;0.015280135823429542;0.015871286409530037
642.0;0.016863406408094434;0.015731292517006803;0.01597712748065927
643.5;0.015001087035292413;0.016863406408094434;0.04425612052730697
645.0;0.015095605501509561;0.016745540589734254;0.08420386198163977
646.5;0.01842179442537598;0.014945495799148322;0.04208416833667335
648.0;0.01660281557997176;0.015731292517006803;0.017754480892796753
649.5;0.019408502772643253;0.015001087035292413;0.017094017094017096
651.0;0.01874107841782935;0.01645021645021645;0.016676298192025096
652.5;0.016348533050547898;0.043342776203965996;0.018010291595197254
654.0;0.01705018909044292;0.01672535211267606;0.018010291595197254
655.5;0.015731292517006803;0.018683274021352312;0.018832655731576244
657.0;0.016863406408094434;0.015001087035292413;0.0391281512605042
658.5;0.018595825426944972;0.018683274021352312;0.01688081285952368
660.0;0.01577120185154571;0.01812240047534165;0.039603960396039604
661.5;0.015414729630535846;0.016839556624530412;0.01850632726208763
663.0;0.01597712748065927;0.017460979111666896;0.017547197908565945
664.5;0.015095605501509561;0.018832655731576244;0.017623877982923447
666.0;0.015414729630535846;0.01710322537202882;0.019013666072489603
667.5;0.01597712748065927;0.0170487948265726;0.017934291168491913
669.0;0.017971946230274694;0.01597712748065927;0.017971946230274694
670.5;0.0175513698630137;0.08144892908951275;0.019020693899530733
672.0;0.017623877982923447;0.0175513698630137;0.017887070857162603
673.5;0.032696390658174104;0.018197573656845753;0.016638225255972697
675.0;0.01813557316928901;0.018010291595197254;0.018010291595197254
676.5;0.01834061135371179;0.019139945314441957;0.016863406408094434
678.0;0.017824497257769654;0.015095605501509561;0.01835078161749423
679.5;0.015139193690331638;0.016638225255972697;0.08530152370099435
681.0;0.01813557316928901;0.015095605501509561;0.09617971638377719
682.5;0.01669319822511807;0.07061592781482934;0.015280135823429542
684.0;0.017094017094017096;0.015731292517006803;0.015095605501509561
685.5;0.069651277654558;0.017699115044247787;0.017498443680569787
687.0;0.01836806645203033;0.01850632726208763;0.019408502772643253
688.5;0.018332165356039182;0.019013666072489603;0.018503600886795833
690.0;0.018010291595197254;0.016217853406024562;0.017094017094017096
691.5;0.018010291595197254;0.01783664661861255;0.017699115044247787
693.0;0.0175513698630137;0.016863406408094434;0.01771809624494277
694.5;0.01749271137026239;0.017373380447585393;0.01771809624494277
696.0;0.018582093618876354;0.015188609731168737;0.015095605501509561
697.5;0.01606832657788072;0.014975431187270396;0.017699115044247787
699.0;0.01713180436584692;0.016638225255972697;0.016043635035830027
700.5;0.015988786911306178;0.0189328743545611;0.017094017094017096
702.0;0.01654091700522345;0.01865038996269922;0.017754480892796753
703.5;0.01730418943533698;0.014910112661872163;0.017623877982923447
705.0;0.01897923971725942;0.015731292517006803;0.08747300215982722
706.5;0.01862097440132122;0.015731292517006803;0.017825311942959002
708.0;0.01669574577356287;0.09492273730684328;0.08895670700826042
709.5;0.016884043186405354;0.018848906360245943;0.015006885229596255
711.0;0.01672535211267606;0.015854570888502284;0.014949066276482285
712.5;0.01702553830746119;0.015370218739033806;0.01837161352103319
714.0;0.01597712748065927;0.018531478799368978;0.0161839863713799
715.5;0.018026004728132386;0.1191483361534123;0.014945495799148322
717.0;0.04054054054054054;0.018027686896003935;0.015731292517006803
718.5;0.016335052812576762;0.017824497257769654;0.016863406408094434
720.0;0.017645059094131093;0.016209169954000083;0.019013666072489603
721.5;0.018010291595197254;0.05265448215839861;0.015280135823429542
723.0;0.016638225255972697;0.0170487948265726;0.01865038996269922
724.5;0.01730418943533698;0.04425612052730697;0.05149558123725356
726.0;0.01826215022091311;0.038385826771653545;0.01749271137026239
727.5;0.01645021645021645;0.017373380447585393;0.01771809624494277
729.0;0.017094017094017096;0.01749271137026239;0.014936197678611653
730.5;0.017373380447585393;0.07620041753653445;0.01865038996269922
732.0;0.09087154068566708;0.015095605501509561;0.019375364664178694
733.5;0.018470790378006873;0.017754480892796753;0.0350922131147541
735.0;0.01770244821092279;0.0161839863713799;0.016025963289428118
736.5;0.020212060967528162;0.07672379434037466;0.01672535211267606
738.0;0.059652066407629815;0.040424121935056324;0.01845342706502636
739.5;0.018010291595197254;0.0857089505788622;0.01672693391308206
741.0;0.0161839863713799;0.0470532319391635;0.018358765104113217
742.5;0.016638225255972697;0.015001087035292413;0.017439295057023192
744.0;0.0161839863713799;0.01784040701566475;0.017373380447585393
745.5;0.017015706806282723;0.046489563567362426;0.01612259159428971
747.0;0.018683274021352312;0.048187022900763356;0.017754480892796753
748.5;0.04875717017208413;0.0175513698630137;0.0470532319391635
750.0;0.01672535211267606;0.05377574370709383;0.015095605501509561
751.5;0.017373380447585393;0.017792037334111128;0.047619047619047616
753.0;0.017094017094017096;0.0865543868705771;0.016676298192025096
754.5;0.0175513698630137;0.016194455787724417;0.01663225731761437
756.0;0.017754480892796753;0.0363872644574399;0.016582472972657695
757.5;0.016676298192025096;0.015069294547215105;0.038441422594142266
759.0;0.016863406408094434;0.03599221789883269;0.016937514305333027
760.5;0.015001087035292413;0.038385826771653545;0.015033359741139864
762.0;0.015001087035292413;0.01672535211267606;0.018387370467510947
763.5;0.016863406408094434;0.04703135423615744;0.0189328743545611
765.0;0.016745540589734254;0.01597712748065927;0.018086080586080584
766.5;0.017699115044247787;0.01597712748065927;0.03919631093544137
768.0;0.048187022900763356;0.015095605501509561;0.017699115044247787
769.5;0.048187022900763356;0.018470790378006873;0.019345238095238096
771.0;0.017094017094017096;0.017547197908565945;0.04614106630418366
772.5;0.08048289738430583;0.015280135823429542;0.08799034292120703
774.0;0.08048289738430583;0.016863406408094434;0.018354055654233276
775.5;0.08048289738430583;0.07905457014342697;0.05048076923076923
777.0;0.016638225255972697;0.015769487034319674;0.047619047619047616
778.5;0.01865038996269922;0.017094017094017096;0.017754480892796753
780.0;0.017094017094017096;0.018010291595197254;0.01663225731761437
781.5;0.01654091700522345;0.018010291595197254;0.0383888532991672
783.0;0.016429426632965278;0.050902061855670096;0.05024038461538461
784.5;0.01856198874464861;0.01882008296099356;0.016089299461123942
786.0;0.0175513698630137;0.017094017094017096;0.017699115044247787
787.5;0.07115677321156774;0.015095605501509561;0.018610244807272875
789.0;0.0175513698630137;0.017094017094017096;0.016664722618075594
790.5;0.017094017094017096;0.0189328743545611;0.016638225255972697
792.0;0.017094017094017096;0.0370850622406639;0.019071369196057474
793.5;0.01672535211267606;0.01810895810084204;0.019408502772643253
795.0;0.015095605501509561;0.017094017094017096;0.0843149411035338
796.5;0.019731800766283527;0.018876611418047883;0.015731292517006803
798.0;0.05067021486300019;0.018683274021352312;0.017547197908565945
799.5;0.01528233017970999;0.0161839863713799;0.016335052812576762
801.0;0.040424121935056324;0.015095605501509561;0.04536862003780718
802.5;0.016863406408094434;0.018026004728132386;0.04083665338645418
804.0;0.018010291595197254;0.043703007518796994;0.018010291595197254
805.5;0.0189328743545611;0.051640926640926635;0.07318094281168887
807.0;0.018010291595197254;0.03542094455852156;0.040013227513227514
808.5;0.015095605501509561;0.015154962909024714;0.07604893024584117
810.0;0.018470790378006873;0.019675925925925927;0.017015706806282723
811.5;0.01850632726208763;0.016403046280023436;0.016357261371818553
813.0;0.015809071886378992;0.05214723926380367;0.04871303977877047
814.5;0.01836806645203033;0.015163102542134104;0.01601793203541463
816.0;0.01660281557997176;0.019395134779750165;0.018683274021352312
817.5;0.01570251018973342;0.01549874155517287;0.05084745762711864
819.0;0.015095605501509561;0.033445440956651716;0.019013666072489603
820.5;0.01834862385321101;0.018532478954642544;0.016863406408094434
822.0;0.016403046280023436;0.019389076446376545;0.01658516707416463
823.5;0.017094017094017096;0.01621894935594517;0.01589617555803519
825.0;0.01749271137026239;0.03557483731019522;0.0166432531712506
826.5;0.05048076923076923;0.017699115044247787;0.015517241379310345
828.0;0.05048076923076923;0.018354055654233276;0.04315196998123827
829.5;0.04315196998123827;0.018354055654233276;0.01942319011183049
831.0;0.015280135823429542;0.016937514305333027;0.039115646258503396
832.5;0.015871286409530037;0.015370218739033806;0.048954646989433526
834.0;0.018470790378006873;0.0189328743545611;0.0170487948265726
835.5;0.01597712748065927;0.01783664661861255;0.015095605501509561
837.0;0.015280135823429542;0.09442662389735366;0.018026004728132386
838.5;0.017754480892796753;0.017699115044247787;0.040091455309193384
840.0;0.016863406408094434;0.0161839863713799;0.03423626787057938
841.5;0.017623877982923447;0.03498920086393088;0.016429426632965278
843.0;0.0175513698630137;0.016682035039890953;0.06077147016011644
844.5;0.015871286409530037;0.07894736842105263;0.01654091700522345
846.0;0.03251008064516129;0.018612132352941176;0.09262948207171313
847.5;0.03251008064516129;0.015992751525289242;0.01584887731663337
849.0;0.015033359741139864;0.017373380447585393;0.01645021645021645
850.5;0.015033359741139864;0.07974060285817221;0.03814700788916683
852.0;0.015033359741139864;0.015225395561747438;0.018992947834609405
853.5;0.08178761246665875;0.07842582534964647;0.05053234452753683
855.0;0.0175513698630137;0.017825311942959002;0.03674948240165632
856.5;0.017094017094017096;0.017825311942959002;0.018097324617982736
858.0;0.015871286409530037;0.017699115044247787;0.017373380447585393
859.5;0.017547197908565945;0.017699115044247787;0.0175513698630137
861.0;0.01663225731761437;0.0175513698630137;0.019345238095238096
862.5;0.01865038996269922;0.017754480892796753;0.017015706806282723
864.0;0.01865038996269922;0.017934291168491913;0.019276956137024393
865.5;0.0470532319391635;0.01882395123700251;0.019162210338680926
867.0;0.0882232252769799;0.01749271137026239;0.019408502772643253
868.5;0.0161839863713799;0.06847253574115876;0.03646288209606987
870.0;0.0170487948265726;0.01995528228060369;0.032392026578073094
871.5;0.0170487948265726;0.018216756341275942;0.03830414143067606
873.0;0.01597712748065927;0.01678765880217786;0.020598494584174773
874.5;0.016638225255972697;0.017215791035915702;0.019613366510394664
876.0;0.016638225255972697;0.018937169700528483;0.015867056182277198
877.5;0.01842179442537598;0.036783854166666664;0.019142066420664204
879.0;0.018470790378006873;0.07705615012461516;0.016664843504300385
880.5;0.016638225255972697;0.017699115044247787;0.017987706243934
882.0;0.016638225255972697;0.05280246069719753;0.03282828282828283
883.5;0.01850632726208763;0.018696834582424188;0.017462905276233176
885.0;0.017498443680569787;0.06101190476190476;0.03476946334089191
886.5;0.018332165356039182;0.01918932786044125;0.0188212927756654
888.0;0.017443347491498312;0.01834061135371179;0.016674644965693316
889.5;0.0161839863713799;0.02041832669322709;0.019865614957639496
891.0;0.04315196998123827;0.018152473523864794;0.01964311411713916
892.5;0.04315196998123827;0.017973068526982307;0.01890359168241966
894.0;0.0470532319391635;0.01584913603479292;0.018612132352941176
895.5;0.01865038996269922;0.01726263871763255;0.01967799642218247
897.0;0.0161839863713799;0.016403046280023436;0.018595825426944972
898.5;0.0161839863713799;0.05168287787555967;0.01793488957997087
900.0;0.0175513698630137;0.01608187134502924;0.04358974358974358
901.5;0.0161839863713799;0.018532729644693425;0.018410134813952244
903.0;0.015871286409530037;0.017824497257769654;0.01882395123700251
904.5;0.018683274021352312;0.016217853406024562;0.020598494584174773
906.0;0.016863406408094434;0.045636553123800126;0.018559977888336097
907.5;0.015809071886378992;0.01814552172099398;0.021191464137522226
909.0;0.048187022900763356;0.040424121935056324;0.0175513698630137
910.5;0.07894736842105263;0.057109557109557105;0.017792037334111128
912.0;0.017015706806282723;0.11240703177822853;0.016497060868465963
913.5;0.01597712748065927;0.0161839863713799;0.04248211498941578
915.0;0.01842179442537598;0.05175175175175176;0.01945009521581615
916.5;0.017443347491498312;0.0170487948265726;0.015597920277296359
918.0;0.018902169101372285;0.01810699588477366;0.03189528023598819
919.5;0.05526315789473684;0.015346012374896637;0.0520706455542022
921.0;0.05526315789473684;0.015095605501509561;0.019395134779750165
922.5;0.017065556711758585;0.015095605501509561;0.019096357350965387
924.0;0.019139945314441957;0.07216102560980384;0.018354055654233276
925.5;0.07874458630969121;0.10120481927710843;0.03297872340425532
927.0;0.018345227946508485;0.01767793611602543;0.018595825426944972
928.5;0.017451608467677262;0.015517241379310345;0.018281168036369994
930.0;0.017623877982923447;0.01695388914764788;0.03318419090231171
931.5;0.01663225731761437;0.016638225255972697;0.032542579075425786
933.0;0.015095605501509561;0.01842179442537598;0.015476460854612115
934.5;0.0720250521920668;0.018026004728132386;0.018325444682184614
936.0;0.04875717017208413;0.05020283975659229;0.018197573656845753
937.5;0.04875717017208413;0.0175513698630137;0.01904761904761905
939.0;0.04875717017208413;0.017373380447585393;0.018612132352941176
940.5;0.04875717017208413;0.04536862003780718;0.016263612953345514
942.0;0.04875717017208413;0.07061592781482934;0.037285441830896375
943.5;0.04875717017208413;0.014945495799148322;0.019274809160305342
945.0;0.016863406408094434;0.04990403071017274;0.017373380447585393
946.5;0.016863406408094434;0.015001087035292413;0.019877063826745766
948.0;0.016863406408094434;0.0189328743545611;0.04294834590829948
949.5;0.016863406408094434;0.019139945314441957;0.020425167419405078
951.0;0.016863406408094434;0.0161839863713799;0.017341654059908593
952.5;0.016863406408094434;0.09867330016583749;0.017825311942959002
954.0;0.069651277654558;0.053377871702229185;0.018371212121212118
955.5;0.069651277654558;0.017656852955616538;0.019408502772643253
957.0;0.069651277654558;0.015597920277296359;0.016217853406024562
958.5;0.01836806645203033;0.019139945314441957;0.039473684210526314
960.0;0.01660281557997176;0.01756386861313869;0.10931174089068825
961.5;0.01660281557997176;0.018052243358660087;0.01860046771001979
963.0;0.014870091759449306;0.01865038996269922;0.018346994867803373
964.5;0.014870091759449306;0.016838000708968452;0.03443877551020408
966.0;0.014870091759449306;0.017215791035915702;0.01780160609014529
967.5;0.014870091759449306;0.017391304347826087;0.017460979111666896
969.0;0.015001087035292413;0.014977544128398844;0.018086080586080584
970.5;0.017547197908565945;0.015370218739033806;0.040424121935056324
972.0;0.017547197908565945;0.01606832657788072;0.0528117359413203
973.5;0.017547197908565945;0.016638225255972697;0.01950286806883365
975.0;0.017547197908565945;0.01597712748065927;0.017499542375983893
976.5;0.015769487034319674;0.01842179442537598;0.021042084168336674
978.0;0.015769487034319674;0.03608247422680412;0.01814843954891162
979.5;0.014870091759449306;0.015154962909024714;0.051361681796464415
981.0;0.016568094782873223;0.017699115044247787;0.018612132352941176
982.5;0.016557768507871926;0.0161839863713799;0.01621205100827978
984.0;0.014839767744728968;0.017373380447585393;0.018026004728132386
985.5;0.016540721828503288;0.019274809160305342;0.016348533050547898
987.0;0.016638225255972697;0.01641928887129758;0.017824497257769654
988.5;0.016638225255972697;0.015861825872400422;0.04778672032193159
990.0;0.016638225255972697;0.08088093244896645;0.01784040701566475
991.5;0.015001087035292413;0.05084745762711864;0.036783854166666664
993.0;0.017498443680569787;0.01594765689784196;0.017830478700043915
994.5;0.015743018124095107;0.01840766984546031;0.017176930275971808
996.0;0.0470532319391635;0.018358765104113217;0.01658516707416463
997.5;0.01865038996269922;0.01742454262104108;0.020429159318048208
999.0;0.015871286409530037;0.08431531897602601;0.049872122762148335
1000.5;0.017498443680569787;0.01842179442537598;0.019598155467720684
1002.0;0.018010291595197254;0.018332165356039182;0.016979552792060267
1003.5;0.01597712748065927;0.016863406408094434;0.03646288209606987
1005.0;0.01597712748065927;0.016863406408094434;0.020290639251758523
1006.5;0.01597712748065927;0.01842179442537598;0.020792079207920793
1008.0;0.015001087035292413;0.015769487034319674;0.018426930440331845
1009.5;0.014910112661872163;0.015769487034319674;0.020966880341880344
1011.0;0.014910112661872163;0.015769487034319674;0.019274809160305342
1012.5;0.015743018124095107;0.08315565031982942;0.037760416666666664
1014.0;0.018010291595197254;0.01597712748065927;0.03919631093544137
1015.5;0.08024848949025615;0.051059730250481696;0.03839973217274858
1017.0;0.08024848949025615;0.0175513698630137;0.01608187134502924
1018.5;0.01842179442537598;0.01850632726208763;0.020999704229517892
1020.0;0.01842179442537598;0.015280135823429542;0.018876611418047883
1021.5;0.015769487034319674;0.016745540589734254;0.021604938271604937
1023.0;0.015769487034319674;0.0482897384305835;0.020397462516624724
1024.5;0.015769487034319674;0.017934291168491913;0.01862271420198313
1026.0;0.07487412953639226;0.017699115044247787;0.017373380447585393
1027.5;0.0810404299340659;0.01597712748065927;0.018354055654233276
1029.0;0.0810404299340659;0.04990403071017274;0.07265073329712113
1030.5;0.0810404299340659;0.049561699258260275;0.05088062622309198
1032.0;0.0810404299340659;0.018010291595197254;0.03088450292397661
1033.5;0.0810404299340659;0.03919631093544137;0.03895553820307139
1035.0;0.0810404299340659;0.017015706806282723;0.018125860376331904
1036.5;0.016568094782873223;0.015926980240613186;0.016339463584699745
1038.0;0.016568094782873223;0.015871286409530037;0.03608247422680412
1039.5;0.08045378870507562;0.0470532319391635;0.019598155467720684
1041.0;0.08045378870507562;0.017754480892796753;0.017924528301886795
1042.5;0.015690820879123473;0.016988416988416986;0.03476946334089191
1044.0;0.015690820879123473;0.03798297314996725;0.01897636087616569
1045.5;0.016540721828503288;0.03469827586206897;0.03439838802533104
1047.0;0.0161839863713799;0.016988416988416986;0.018677092031680963
1048.5;0.01597712748065927;0.0175513698630137;0.019274809160305342
1050.0;0.01597712748065927;0.049329501915708805;0.040424121935056324
1051.5;0.015871286409530037;0.014945495799148322;0.020966880341880344
1053.0;0.018332165356039182;0.015724726735506497;0.017699115044247787
1054.5;0.047619047619047616;0.07548669050456894;0.03620620217478856
1056.0;0.016863406408094434;0.018026004728132386;0.018489255790994127
1057.5;0.018470790378006873;0.01865038996269922;0.01719518862766539
1059.0;0.03674948240165632;0.018470790378006873;0.044529343778091694
1060.5;0.015414729630535846;0.017971946230274694;0.01956950306768348
1062.0;0.015154962909024714;0.07484407484407485;0.03706140350877192
1063.5;0.016785765670711238;0.0882232252769799;0.020446735395189
1065.0;0.0175513698630137;0.016676298192025096;0.020423892100192676
1066.5;0.016745540589734254;0.016897746967071057;0.046747025189306145
1068.0;0.046489563567362426;0.017094017094017096;0.01945305237062287
1069.5;0.018354055654233276;0.017094017094017096;0.03512836568566061
1071.0;0.0189328743545611;0.03718199608610568;0.01900256574727389
1072.5;0.0189328743545611;0.017368069472277887;0.018323203432248837
1074.0;0.017754480892796753;0.07287555446893226;0.019602915305353106
1075.5;0.05281007751937984;0.019139945314441957;0.12061492963491738
1077.0;0.05281007751937984;0.07633630476360911;0.03439838802533104
1078.5;0.09087154068566708;0.08560945780676722;0.020523138832997983
1080.0;0.06859415127164278;0.016745540589734254;0.041396875707493765
1081.5;0.06859415127164278;0.017015706806282723;0.03715402149137089
1083.0;0.015809071886378992;0.017754480892796753;0.03874317524890269
1084.5;0.0175513698630137;0.09799554565701558;0.018283667904195552
1086.0;0.0175513698630137;0.01850632726208763;0.0189328743545611
1087.5;0.0175513698630137;0.01865038996269922;0.0220508658008658
1089.0;0.0175513698630137;0.07182211727666273;0.04793735676088616
1090.5;0.08431531897602601;0.07905457014342697;0.0714860552240877
1092.0;0.016745540589734254;0.015809071886378992;0.02027906069082157
1093.5;0.016676298192025096;0.017094017094017096;0.03879907621247114
1095.0;0.016676298192025096;0.015871286409530037;0.040547153603873294
1096.5;0.017699115044247787;0.017498443680569787;0.018147448015122872
1098.0;0.018010291595197254;0.06910227840912597;0.018612132352941176
1099.5;0.015871286409530037;0.018010291595197254;0.02128445581131003
1101.0;0.01663225731761437;0.015095605501509561;0.01846647932557206
1102.5;0.0425033467202142;0.017547197908565945;0.020547558566186848
1104.0;0.018010291595197254;0.017465858520325457;0.01919057581715151
1105.5;0.017547197908565945;0.017465858520325457;0.039509360877985795
1107.0;0.017465858520325457;0.017465858520325457;0.0193486851069628
1108.5;0.015724726735506497;0.016582472972657695;0.017685233697731007
1110.0;0.015724726735506497;0.06762923989174582;0.03379065040650407
1111.5;0.018277260861902424;0.06762923989174582;0.04258970358814352
1113.0;0.016863406408094434;0.08136827196111146;0.017771051778186144
1114.5;0.018683274021352312;0.0789035796453523;0.018836565096952907
1116.0;0.0161839863713799;0.014832305600435561;0.020240539747726608
1117.5;0.017623877982923447;0.014832305600435561;0.018756555539559468
1119.0;0.014945495799148322;0.015731292517006803;0.01859099804305284
1120.5;0.015095605501509561;0.01597712748065927;0.03990015944119658
1122.0;0.01836806645203033;0.015280135823429542;0.01730418943533698
1123.5;0.017824497257769654;0.016863406408094434;0.017857142857142856
1125.0;0.018197573656845753;0.017094017094017096;0.019138359569179784
1126.5;0.016638225255972697;0.017094017094017096;0.019408502772643253
1128.0;0.016638225255972697;0.017094017094017096;0.018532478954642544
1129.5;0.0170487948265726;0.017547197908565945;0.0188212927756654
1131.0;0.016863406408094434;0.017547197908565945;0.018683274021352312
1132.5;0.017498443680569787;0.017547197908565945;0.05376344086021505
1134.0;0.01488644788002137;0.017465858520325457;0.0203560474729964
1135.5;0.018010291595197254;0.018470790378006873;0.018694140721745856
1137.0;0.01597712748065927;0.01597712748065927;0.038100208768267224
1138.5;0.01702553830746119;0.01850632726208763;0.01766843911960692
1140.0;0.014986153377295074;0.018937169700528483;0.018487434139972954
1141.5;0.0189328743545611;0.018937169700528483;0.018086080586080584
1143.0;0.018026004728132386;0.018937169700528483;0.03397147147147147
1144.5;0.01845342706502636;0.015225395561747438;0.032392026578073094
1146.0;0.017883272962794156;0.014986153377295074;0.09032609787240148
1147.5;0.015001087035292413;0.018010291595197254;0.018323203432248837
1149.0;0.017547197908565945;0.015001087035292413;0.018487434139972954
1150.5;0.017094017094017096;0.017465858520325457;0.017373380447585393
1152.0;0.03379065040650407;0.01830736743700201;0.01756386861313869
1153.5;0.018026004728132386;0.016557768507871926;0.03674948240165632
1155.0;0.018010291595197254;0.016638225255972697;0.01730418943533698
1156.5;0.0161839863713799;0.016638225255972697;0.0350922131147541
1158.0;0.01865038996269922;0.016638225255972697;0.018532478954642544
1159.5;0.01597712748065927;0.01865038996269922;0.019568415890142226
1161.0;0.016676298192025096;0.017094017094017096;0.03443877551020408
1162.5;0.016043635035830027;0.015095605501509561;0.017545514574096786
1164.0;0.016648083640921553;0.01850632726208763;0.016267481785445105
1165.5;0.016638225255972697;0.017094017094017096;0.019180588061227237
1167.0;0.016638225255972697;0.01865038996269922;0.0370850622406639
1168.5;0.01850632726208763;0.07087532272840844;0.038100208768267224
1170.0;0.01834862385321101;0.07087532272840844;0.01749271137026239
1171.5;0.017215791035915702;0.015280135823429542;0.01834061135371179
1173.0;0.01512779241718377;0.08048289738430583;0.015280135823429542
1174.5;0.0161839863713799;0.015001087035292413;0.02000645369474024
1176.0;0.01865038996269922;0.014945495799148322;0.08293460925039868
1177.5;0.015809071886378992;0.06780848193311179;0.019274809160305342
1179.0;0.015731292517006803;0.06945691490726251;0.017227259432582628
1180.5;0.015095605501509561;0.015724726735506497;0.018143754361479414
1182.0;0.0161839863713799;0.01485852872552252;0.03976964272613895
1183.5;0.08175211949939443;0.01485852872552252;0.01903411557047368
1185.0;0.017754480892796753;0.01485852872552252;0.016403046280023436
1186.5;0.017623877982923447;0.01485852872552252;0.015280135823429542
1188.0;0.03758169934640523;0.01485852872552252;0.017094017094017096
1189.5;0.017094017094017096;0.01485852872552252;0.0175513698630137
1191.0;0.018612132352941176;0.01485852872552252;0.05542725173210161
1192.5;0.017887070857162603;0.01485852872552252;0.03312144529943125
1194.0;0.015202013639811085;0.01485852872552252;0.03937762463658879
1195.5;0.08440241923543648;0.016557768507871926;0.018629785184987025
1197.0;0.08081383311652975;0.015695763321720377;0.018595825426944972
1198.5;0.01493194743560183;0.015695763321720377;0.017410714285714286
1200.0;0.0175513698630137;0.01826142579350741;0.017830478700043915
1201.5;0.017623877982923447;0.07356828460517201;0.019679300291545188
1203.0;0.018470790378006873;0.07356828460517201;0.015410590075693127
1204.5;0.015095605501509561;0.014830971492820427;0.018143754361479414
1206.0;0.017623877982923447;0.015679043553987165;0.03266518188567186
1207.5;0.031578947368421054;0.017094017094017096;0.017373380447585393
1209.0;0.10303030303030304;0.01850632726208763;0.01654091700522345
1210.5;0.10303030303030304;0.01850632726208763;0.01851851851851852
1212.0;0.10303030303030304;0.01850632726208763;0.01712772486042623
1213.5;0.07674418604651162;0.017547197908565945;0.018302175503958486
1215.0;0.048187022900763356;0.017754480892796753;0.018302175503958486
1216.5;0.016638225255972697;0.015280135823429542;0.01967799642218247
1218.0;0.01850632726208763;0.015280135823429542;0.016650623542749578
1219.5;0.08110292001505391;0.016745540589734254;0.019013666072489603
1221.0;0.08110292001505391;0.016745540589734254;0.03831780620032634
1222.5;0.015871286409530037;0.017498443680569787;0.03215077605321508
1224.0;0.01842179442537598;0.014870091759449306;0.09716200236499803
1225.5;0.01663225731761437;0.017699115044247787;0.08532936642371021
1227.0;0.01597712748065927;0.01612259159428971;0.018683274021352312
1228.5;0.01845342706502636;0.016830578931359627;0.01904761904761905
1230.0;0.07966947302775179;0.017603269400950756;0.01672535211267606
1231.5;0.017574219762933944;0.015798668573620674;0.017699115044247787
1233.0;0.016648083640921553;0.015798668573620674;0.04425612052730697
1234.5;0.0170487948265726;0.015798668573620674;0.01606832657788072
1236.0;0.015597920277296359;0.01749000201260901;0.052930019959734904
1237.5;0.017094017094017096;0.0175513698630137;0.03450226244343891
1239.0;0.015225395561747438;0.015095605501509561;0.019321795921840596
1240.5;0.014986153377295074;0.015095605501509561;0.09195567562309168
1242.0;0.0189328743545611;0.017094017094017096;0.01654091700522345
1243.5;0.047619047619047616;0.017623877982923447;0.015163102542134104
1245.0;0.019139945314441957;0.01836806645203033;0.0170487948265726
1246.5;0.03718199608610568;0.01836806645203033;0.06277533039647576
1248.0;0.016745540589734254;0.0189328743545611;0.043043193208209714
1249.5;0.015731292517006803;0.015001087035292413;0.03412017167381975
1251.0;0.017094017094017096;0.05048076923076923;0.0429281518300949
1252.5;0.01597712748065927;0.016676298192025096;0.017824497257769654
1254.0;0.015871286409530037;0.017215791035915702;0.01733025239957341
1255.5;0.017465858520325457;0.015898024165091146;0.08206131767775604
1257.0;0.04990403071017274;0.01850632726208763;0.018876611418047883
1258.5;0.01850632726208763;0.014945495799148322;0.0541357901061486
1260.0;0.04875717017208413;0.018332165356039182;0.015978277889844638
1261.5;0.01865038996269922;0.015711796950363736;0.01849909760499488
1263.0;0.01865038996269922;0.0175513698630137;0.04934459077862564
1264.5;0.015001087035292413;0.01597712748065927;0.018143754361479414
1266.0;0.08224351322206593;0.01597712748065927;0.09157257502439413
1267.5;0.01485852872552252;0.01597712748065927;0.01834862385321101
1269.0;0.018010291595197254;0.0175513698630137;0.016838000708968452
1270.5;0.01597712748065927;0.017699115044247787;0.0185181325793626
1272.0;0.06462378640776699;0.015517241379310345;0.016638225255972697
1273.5;0.015154962909024714;0.01847050971300102;0.01733025239957341
1275.0;0.015033359741139864;0.015280135823429542;0.017065665405680087
1276.5;0.017574219762933944;0.0170487948265726;0.07182211727666273
1278.0;0.045928030303030304;0.018314772574802095;0.0189328743545611
1279.5;0.016745540589734254;0.01672535211267606;0.018595825426944972
1281.0;0.07076132648295189;0.0161839863713799;0.019116387223106105
1282.5;0.017498443680569787;0.0161839863713799;0.018683274021352312
1284.0;0.01865038996269922;0.01756386861313869;0.05412371134020618
1285.5;0.042924211938296444;0.03919631093544137;0.046489563567362426
1287.0;0.03919631093544137;0.015280135823429542;0.05894667254297046
1288.5;0.01865038996269922;0.0425033467202142;0.01834862385321101
1290.0;0.017547197908565945;0.017391304347826087;0.01672239597595953
1291.5;0.017373380447585393;0.04585316111488783;0.060471204188481675
1293.0;0.08602150537634409;0.016020805231283342;0.01765061454765263
1294.5;0.01597712748065927;0.017015706806282723;0.0170487948265726
1296.0;0.05925707547169811;0.019345238095238096;0.018010291595197254
1297.5;0.018197573656845753;0.01672535211267606;0.0189328743545611
1299.0;0.016043635035830027;0.01749271137026239;0.017368069472277887
1300.5;0.020833333333333332;0.01756386861313869;0.03379065040650407
1302.0;0.10042302740481883;0.018595825426944972;0.051632976044888854
1303.5;0.017094017094017096;0.0170487948265726;0.03798297314996725
1305.0;0.01672535211267606;0.037879981099385736;0.018010291595197254
1306.5;0.05048076923076923;0.017799021627615652;0.01865038996269922
1308.0;0.018010291595197254;0.017015706806282723;0.0425033467202142
1309.5;0.016863406408094434;0.019020693899530733;0.018026004728132386
1311.0;0.015871286409530037;0.020423892100192676;0.01606832657788072
1312.5;0.0189328743545611;0.017373380447585393;0.015225395561747438
1314.0;0.08302956662616444;0.017971946230274694;0.01865038996269922
1315.5;0.018086080586080584;0.015280135823429542;0.015769487034319674
1317.0;0.0185554688027144;0.017754480892796753;0.01783664661861255
1318.5;0.06794294294294294;0.019142066420664204;0.015831002263857863
1320.0;0.07434304424481572;0.015139193690331638;0.08174097664543525
1321.5;0.05231388329979879;0.017910447761194027;0.09190371991247265
1323.0;0.040424121935056324;0.016681479835573824;0.019013666072489603
1324.5;0.016638225255972697;0.015010418151962432;0.04975636845688079
1326.0;0.01882395123700251;0.01726263871763255;0.07182211727666273
1327.5;0.018497117972856802;0.016043635035830027;0.04083665338645418
1329.0;0.01865038996269922;0.016745540589734254;0.04083665338645418
1330.5;0.016638225255972697;0.017547197908565945;0.017094017094017096
1332.0;0.017934291168491913;0.05595393307257713;0.017971946230274694
1333.5;0.015854570888502284;0.015280135823429542;0.040013227513227514
1335.0;0.044197031039136296;0.046489563567362426;0.017623877982923447
1336.5;0.017391304347826087;0.03798297314996725;0.017015706806282723
1338.0;0.015168071117696084;0.045540153683893324;0.01594765689784196
1339.5;0.03185654008438818;0.018026004728132386;0.0189328743545611
1341.0;0.019013666072489603;0.08221574344023323;0.016863406408094434
1342.5;0.019527766042341455;0.01672535211267606;0.01850632726208763
1344.0;0.01835078161749423;0.018937169700528483;0.01836806645203033
1345.5;0.036415289256198344;0.018610244807272875;0.015095605501509561
1347.0;0.01874107841782935;0.018323203432248837;0.04990403071017274
1348.5;0.0769478221707521;0.018047156089719053;0.016897746967071057
1350.0;0.04813729593972374;0.016842592473546844;0.017699115044247787
1351.5;0.03297872340425532;0.015517241379310345;0.018010291595197254
1353.0;0.015931023572219587;0.015054442165062335;0.015001087035292413
1354.5;0.018470790378006873;0.0175513698630137;0.017547197908565945
1356.0;0.0161839863713799;0.0175513698630137;0.0161839863713799
1357.5;0.016638225255972697;0.01850632726208763;0.016745540589734254
1359.0;0.0170487948265726;0.0161839863713799;0.016403046280023436
1360.5;0.016638225255972697;0.015871286409530037;0.01594765689784196
1362.0;0.014945495799148322;0.017570604905697253;0.017603269400950756
1363.5;0.014945495799148322;0.018550316138650408;0.07957196422882255
1365.0;0.015095605501509561;0.04536862003780718;0.015738326756557706
1366.5;0.015871286409530037;0.01865038996269922;0.014867146669811973
1368.0;0.016838000708968452;0.01865038996269922;0.018274952446558405
1369.5;0.039603960396039604;0.015001087035292413;0.018470790378006873
1371.0;0.017754480892796753;0.017754480892796753;0.015871286409530037
1372.5;0.018683274021352312;0.01865038996269922;0.018470790378006873
1374.0;0.018010291595197254;0.07668608086435384;0.018010291595197254
1375.5;0.017623877982923447;0.016838000708968452;0.015095605501509561
1377.0;0.017754480892796753;0.05395755695891817;0.016863406408094434
1378.5;0.015731292517006803;0.01967799642218247;0.016863406408094434
1380.0;0.07061592781482934;0.08174097664543525;0.01850632726208763
1381.5;0.03383297644539615;0.0161839863713799;0.07216102560980384
1383.0;0.01813557316928901;0.039603960396039604;0.038385826771653545
1384.5;0.017654572722154673;0.07894736842105263;0.015095605501509561
1386.0;0.0170487948265726;0.01942319011183049;0.0170487948265726
1387.5;0.017623877982923447;0.017094017094017096;0.01597712748065927
1389.0;0.04494213136930708;0.017094017094017096;0.015280135823429542
1390.5;0.035751028806584366;0.016084484159220147;0.0189328743545611
1392.0;0.01772899957788096;0.018323203432248837;0.0189328743545611
1393.5;0.017094017094017096;0.015879968453896016;0.015871286409530037
1395.0;0.018683274021352312;0.017468783651818188;0.015871286409530037
1396.5;0.017699115044247787;0.01865038996269922;0.0175513698630137
1398.0;0.01749271137026239;0.019142066420664204;0.08967391304347826
1399.5;0.018010291595197254;0.017699115044247787;0.017754480892796753
1401.0;0.01608187134502924;0.07620041753653445;0.01842179442537598
1402.5;0.0161839863713799;0.016863406408094434;0.01842179442537598
1404.0;0.01733025239957341;0.016638225255972697;0.03718199608610568
1405.5;0.0370850622406639;0.09953236750412617;0.016830578931359627
1407.0;0.04160206718346253;0.06953892668178382;0.014986153377295074
1408.5;0.019274809160305342;0.015069294547215105;0.0161839863713799
1410.0;0.042094349403836176;0.05048076923076923;0.0175513698630137
1411.5;0.017811854910056032;0.017623877982923447;0.017754480892796753
1413.0;0.01845342706502636;0.01488644788002137;0.0175513698630137
1414.5;0.01917044266294876;0.01606832657788072;0.0175513698630137
1416.0;0.017934291168491913;0.01726263871763255;0.016745540589734254
1417.5;0.017934291168491913;0.05681028492008339;0.016863406408094434
1419.0;0.017603269400950756;0.058823529411764705;0.01865038996269922
1420.5;0.016624630520743856;0.019082371238858645;0.01865038996269922
1422.0;0.014882253066380514;0.01715933414707495;0.07551140668406431
1423.5;0.0161839863713799;0.01865038996269922;0.07551140668406431
1425.0;0.016638225255972697;0.01612259159428971;0.01663225731761437
1426.5;0.08691206543967281;0.017754480892796753;0.017094017094017096
1428.0;0.044811320754716985;0.018143754361479414;0.01606832657788072
1429.5;0.016863406408094434;0.04334677419354839;0.018010291595197254
1431.0;0.01842179442537598;0.016403046280023436;0.08691206543967281
1432.5;0.01836806645203033;0.0161839863713799;0.017094017094017096
1434.0;0.017443347491498312;0.014945495799148322;0.016267481785445105
1435.5;0.017443347491498312;0.05969267139479905;0.018509250038554966
1437.0;0.018470790378006873;0.01814552172099398;0.01581039777838237
1438.5;0.017754480892796753;0.016429426632965278;0.017094017094017096
1440.0;0.016638225255972697;0.01863310550496908;0.049329501915708805
1441.5;0.017754480892796753;0.015095605501509561;0.016638225255972697
1443.0;0.017754480892796753;0.016638225255972697;0.018010291595197254
1444.5;0.016745540589734254;0.015414729630535846;0.04536862003780718
1446.0;0.016335052812576762;0.017094017094017096;0.0175513698630137
1447.5;0.04703135423615744;0.057109557109557105;0.018010291595197254
1449.0;0.07974060285817221;0.018020513790726903;0.01654091700522345
1450.5;0.05339805825242719;0.017094017094017096;0.018937169700528483
1452.0;0.016863406408094434;0.0170487948265726;0.01733025239957341
1453.5;0.01597712748065927;0.05681028492008339;0.018026004728132386
1455.0;0.016863406408094434;0.017368069472277887;0.0161839863713799
1456.5;0.0161839863713799;0.052328064929517304;0.038385826771653545
1458.0;0.016745540589734254;0.015302583076023234;0.017754480892796753
1459.5;0.016638225255972697;0.018323203432248837;0.0161839863713799
1461.0;0.016638225255972697;0.018026004728132386;0.01770244821092279
1462.5;0.01929824561403509;0.017094017094017096;0.015414729630535846
1464.0;0.01770896702761893;0.01612259159428971;0.014965094221118901
1465.5;0.01496307123438496;0.015517241379310345;0.017623877982923447
1467.0;0.016638225255972697;0.01608187134502924;0.018026004728132386
1468.5;0.017094017094017096;0.06689088191330343;0.017094017094017096
1470.0;0.01865038996269922;0.01771809624494277;0.016863406408094434
1471.5;0.01865038996269922;0.01850632726208763;0.01678765880217786
1473.0;0.01850632726208763;0.019792926462346244;0.05819060166886253
1474.5;0.01756386861313869;0.018952049124775258;0.018197573656845753
1476.0;0.01756386861313869;0.016937514305333027;0.017373380447585393
1477.5;0.015907416444202047;0.017754480892796753;0.015597920277296359
1479.0;0.017574219762933944;0.017623877982923447;0.03542094455852156
1480.5;0.017094017094017096;0.018010291595197254;0.01765330501725511
1482.0;0.05222437137330754;0.01645021645021645;0.019408502772643253
1483.5;0.017754480892796753;0.017825311942959002;0.01834862385321101
1485.0;0.015001087035292413;0.017768879853890487;0.01810699588477366
1486.5;0.07639217169329678;0.015731292517006803;0.0186961257540321
1488.0;0.04425612052730697;0.017094017094017096;0.018683274021352312
1489.5;0.017754480892796753;0.016335052812576762;0.01730418943533698
1491.0;0.04315196998123827;0.01810699588477366;0.01939343350027824
1492.5;0.016745540589734254;0.018540175755592546;0.01733025239957341
1494.0;0.018332165356039182;0.01890330264597953;0.018876611418047883
1495.5;0.016568094782873223;0.10697961422433494;0.017699115044247787
1497.0;0.01741601350785099;0.018832655731576244;0.018595825426944972
1498.5;0.01826142579350741;0.017368069472277887;0.01716659425622656
1500.0;0.017397154861764727;0.03597662323735992;0.020625415834996677
1501.5;0.01653549687010534;0.017015706806282723;0.019408502772643253
1503.0;0.017094017094017096;0.018323203432248837;0.01826215022091311
1504.5;0.01865038996269922;0.022122793934874475;0.060471204188481675
1506.0;0.015769487034319674;0.10473815461346633;0.018026004728132386
1507.5;0.015095605501509561;0.015095605501509561;0.01746599856836077
1509.0;0.018612132352941176;0.018147448015122872;0.03412017167381975
1510.5;0.016335052812576762;0.01770896702761893;0.019013666072489603
1512.0;0.0185554688027144;0.017391304347826087;0.018143754361479414
1513.5;0.0189328743545611;0.017215791035915702;0.019192913385826772
1515.0;0.01865038996269922;0.017015706806282723;0.018086080586080584
1516.5;0.0170487948265726;0.017222129645059158;0.017460979111666896
1518.0;0.017094017094017096;0.017373380447585393;0.05230034722222222
1519.5;0.016745540589734254;0.04377104377104378;0.01950286806883365
1521.0;0.01660281557997176;0.07727196772576449;0.01862097440132122
1522.5;0.016745540589734254;0.016863406408094434;0.020213754646840148
1524.0;0.040424121935056324;0.07170099160945842;0.03208232445520581
1525.5;0.01784040701566475;0.040013227513227514;0.017847353230461636
1527.0;0.016863406408094434;0.017699115044247787;0.0188212927756654
1528.5;0.014945495799148322;0.01749271137026239;0.01917668766304002
1530.0;0.016335052812576762;0.018876611418047883;0.04054054054054054
1531.5;0.016785765670711238;0.017460979111666896;0.017302798982188294
1533.0;0.01597712748065927;0.01814552172099398;0.016403046280023436
1534.5;0.016676298192025096;0.018197573656845753;0.01822513964717392
1536.0;0.018026004728132386;0.0170487948265726;0.018143754361479414
1537.5;0.015095605501509561;0.017373380447585393;0.016838000708968452
1539.0;0.016745540589734254;0.016745540589734254;0.0363872644574399
1540.5;0.014945495799148322;0.08823529411764704;0.017987706243934
1542.0;0.017498443680569787;0.07672379434037466;0.03655913978494623
1543.5;0.015095605501509561;0.04677754677754677;0.01821191147101469
1545.0;0.08450826136298063;0.0334685598377282;0.019142066420664204
1546.5;0.08602150537634409;0.019214401225636224;0.018612132352941176
1548.0;0.018470790378006873;0.046489563567362426;0.05214723926380367
1549.5;0.016638225255972697;0.018010291595197254;0.015280135823429542
1551.0;0.018371212121212118;0.019643114117139156;0.015731292517006803
1552.5;0.018371212121212118;0.02126119010005266;0.01918932786044125
1554.0;0.016371008616320324;0.0188212927756654;0.020213754646840148
1555.5;0.01766376725659062;0.019008640291041382;0.037422037422037424
1557.0;0.017571429944150063;0.0188212927756654;0.017460979111666896
1558.5;0.019013666072489603;0.07604456824512534;0.03542094455852156
1560.0;0.01597712748065927;0.017094017094017096;0.042902001974895305
1561.5;0.018470790378006873;0.018026004728132386;0.015074677538020323
1563.0;0.016676298192025096;0.01749271137026239;0.017971946230274694
1564.5;0.05048076923076923;0.01608187134502924;0.01756386861313869
1566.0;0.019345238095238096;0.02018348623853211;0.017460979111666896
1567.5;0.015871286409530037;0.038441422594142266;0.03715402149137089
1569.0;0.015001087035292413;0.017825311942959002;0.03442928039702233
1570.5;0.018010291595197254;0.01645021645021645;0.06190191387559808
1572.0;0.01865038996269922;0.041250831669993354;0.018371212121212118
1573.5;0.0161839863713799;0.04892400806993947;0.06363807373965387
1575.0;0.018010291595197254;0.0189328743545611;0.017699115044247787
1576.5;0.0189328743545611;0.018010291595197254;0.11777003484320553
1578.0;0.018010291595197254;0.01726263871763255;0.03758169934640523
1579.5;0.017623877982923447;0.015731292517006803;0.018147448015122872
1581.0;0.015095605501509561;0.018086080586080584;0.03585049580472921
1582.5;0.0161839863713799;0.07245418477234083;0.03676074816658817
1584.0;0.017094017094017096;0.043284066915705695;0.01882395123700251
1585.5;0.05501152073732719;0.018086080586080584;0.05801447776628749
1587.0;0.01756386861313869;0.018876611418047883;0.018991486574983625
1588.5;0.016335052812576762;0.05013428827215756;0.06794294294294294
1590.0;0.018010291595197254;0.016043635035830027;0.04421768707482994
1591.5;0.01597712748065927;0.017215791035915702;0.07120500782472615
1593.0;0.01597712748065927;0.017656852955616538;0.056423494702963664
1594.5;0.016676298192025096;0.018010291595197254;0.019961612284069098
1596.0;0.014910112661872163;0.017824497257769654;0.03663366336633664
1597.5;0.017443347491498312;0.04798756435113994;0.018197573656845753
1599.0;0.01904761904761905;0.040424121935056324;0.01834862385321101
1600.5;0.015195702225633155;0.03758169934640523;0.018538209281526382
1602.0;0.016716209127469836;0.0189328743545611;0.04083665338645418
1603.5;0.08893709327548807;0.018876611418047883;0.057813911472448055
1605.0;0.015871286409530037;0.0334685598377282;0.05542725173210161
1606.5;0.015743018124095107;0.01834862385321101;0.036198738170347
1608.0;0.018277260861902424;0.05099302200751476;0.043759863559226356
1609.5;0.018277260861902424;0.016809655552629973;0.05231388329979879
1611.0;0.0182681206624895;0.017589840699926782;0.03469827586206897
1612.5;0.0182681206624895;0.01672535211267606;0.07938994491673829
1614.0;0.014839767744728968;0.017699115044247787;0.06456692913385827
1615.5;0.07670948171061369;0.05043017360577662;0.015983958751074192
1617.0;0.018248107350266503;0.018683274021352312;0.01791342411916822
1618.5;0.018248107350266503;0.01865038996269922;0.01756386861313869
1620.0;0.018248107350266503;0.01865038996269922;0.019263204616067467
1621.5;0.01653260196570383;0.01678424862821045;0.01941684776984373
1623.0;0.014829232922191612;0.01619224007193569;0.018457650866945414
1624.5;0.014829232922191612;0.08831118435512218;0.07646810308407267
1626.0;0.014829232922191612;0.018836565096952907;0.01845342706502636
1627.5;0.014829232922191612;0.018579364550064592;0.0711217820461518
1629.0;0.016530470370958342;0.0189328743545611;0.05128205128205128
1630.5;0.016530470370958342;0.018026004728132386;0.015597920277296359
1632.0;0.016530470370958342;0.015280135823429542;0.048187022900763356
1633.5;0.016530470370958342;0.05149558123725356;0.04160206718346253
1635.0;0.016530470370958342;0.0189328743545611;0.05782828282828282
1636.5;0.016530470370958342;0.017754480892796753;0.036165577342047936
1638.0;0.015280135823429542;0.075255126101145;0.05586034912718204
1639.5;0.015871286409530037;0.018470790378006873;0.01800172265288544
1641.0;0.018470790378006873;0.08560945780676722;0.019076229815996996
1642.5;0.017623877982923447;0.017373380447585393;0.01817849243987746
1644.0;0.015731292517006803;0.018848906360245943;0.0391281512605042
1645.5;0.016863406408094434;0.08175211949939443;0.01904761904761905
1647.0;0.06973170529113713;0.018010291595197254;0.038698043458660174
1648.5;0.06973170529113713;0.017094017094017096;0.017710309930423784
1650.0;0.016676298192025096;0.01675203627508607;0.042820886656946916
1651.5;0.016676298192025096;0.08480837179422156;0.01983411467724486
1653.0;0.01597712748065927;0.017699115044247787;0.03476482617586912
1654.5;0.017547197908565945;0.015280135823429542;0.03347578347578348
1656.0;0.01830736743700201;0.015280135823429542;0.04267698210523005
1657.5;0.01570251018973342;0.018086080586080584;0.08234534569785185
1659.0;0.01570251018973342;0.01874107841782935;0.019580419580419582
1660.5;0.0175513698630137;0.016863406408094434;0.0170487948265726
1662.0;0.0175513698630137;0.015597920277296359;0.03498435360844905
1663.5;0.08144892908951275;0.01769786396640252;0.01712538226299694
1665.0;0.0175513698630137;0.016638225255972697;0.03722993827160494
1666.5;0.017754480892796753;0.015095605501509561;0.05739145221630201
1668.0;0.017754480892796753;0.017699115044247787;0.017367050283391642
1669.5;0.017754480892796753;0.01597712748065927;0.06020942408376963
1671.0;0.018470790378006873;0.019013666072489603;0.019731800766283527
1672.5;0.016638225255972697;0.0161839863713799;0.019182948490230906
1674.0;0.016638225255972697;0.017754480892796753;0.016266933354859736
1675.5;0.015809071886378992;0.01834061135371179;0.05918974168370191
1677.0;0.01660281557997176;0.018010291595197254;0.018010456796917998
1678.5;0.015724726735506497;0.0161839863713799;0.03326226012793177
1680.0;0.016638225255972697;0.01645021645021645;0.019274809160305342
1681.5;0.017623877982923447;0.07446847846182289;0.03411405295315682
1683.0;0.01842179442537598;0.018026004728132386;0.03736263736263736
1684.5;0.01842179442537598;0.07182771394487347;0.022824178580386253
1686.0;0.017094017094017096;0.018371212121212118;0.048445069542115964
1687.5;0.017094017094017096;0.01834862385321101;0.023199758963543236
1689.0;0.015095605501509561;0.03798297314996725;0.021369102682701202
1690.5;0.016638225255972697;0.01597712748065927;0.063615518850696
1692.0;0.015871286409530037;0.018242207460398566;0.056249999999999994
1693.5;0.015871286409530037;0.015903629364206962;0.047683559393021685
1695.0;0.014945495799148322;0.015731292517006803;0.01900256574727389
1696.5;0.014910112661872163;0.017754480892796753;0.055740212628795575
1698.0;0.014910112661872163;0.01834862385321101;0.058008416883277625
1699.5;0.017465858520325457;0.07834231098941873;0.01913318835603373
1701.0;0.016582472972657695;0.06481481481481483;0.019198751300728407
1702.5;0.018470790378006873;0.015095605501509561;0.018070966697860305
1704.0;0.07922182109907742;0.018848906360245943;0.016962900268020876
1705.5;0.017547197908565945;0.018026004728132386;0.018595825426944972
1707.0;0.017547197908565945;0.01726263871763255;0.01886443118699856
1708.5;0.017547197908565945;0.045540153683893324;0.03754471278610339
1710.0;0.017498443680569787;0.018164580390260854;0.020240539747726608
1711.5;0.017498443680569787;0.016908869962573046;0.019520322368166143
1713.0;0.017498443680569787;0.017094017094017096;0.01754649070185963
1714.5;0.017443347491498312;0.017824497257769654;0.059846547314578
1716.0;0.017443347491498312;0.016217853406024562;0.018595825426944972
1717.5;0.017094017094017096;0.0161839863713799;0.020625415834996677
1719.0;0.017094017094017096;0.016745540589734254;0.04910714285714285
1720.5;0.07425742574257424;0.01865038996269922;0.0185308895203327
1722.0;0.015871286409530037;0.09492273730684328;0.03469827586206897
1723.5;0.017547197908565945;0.01597712748065927;0.019839679358717437
1725.0;0.01663225731761437;0.018532729644693425;0.025120192307692305
1726.5;0.017465858520325457;0.016335052812576762;0.01863154513331192
1728.0;0.017465858520325457;0.017373380447585393;0.03297872340425532
1729.5;0.017465858520325457;0.0161839863713799;0.017924528301886795
1731.0;0.017465858520325457;0.018612132352941176;0.038100208768267224
1732.5;0.017443347491498312;0.057535046728971966;0.02003052270125906
1734.0;0.017443347491498312;0.017814806907942786;0.019580419580419582
1735.5;0.017443347491498312;0.016638225255972697;0.020618556701030927
1737.0;0.017443347491498312;0.035751028806584366;0.023419547767693196
1738.5;0.017443347491498312;0.017015706806282723;0.01834061135371179
1740.0;0.015711796950363736;0.05533199195171027;0.018683274021352312
1741.5;0.015711796950363736;0.017368069472277887;0.01859099804305284
1743.0;0.01597712748065927;0.07308445455119703;0.018685699955876794
1744.5;0.01597712748065927;0.07914416285832987;0.0210044690359651
1746.0;0.017623877982923447;0.017121863302370723;0.07275718506580715
1747.5;0.0161839863713799;0.01715933414707495;0.017994891216392753
1749.0;0.015001087035292413;0.017129822678643967;0.017121863302370723
1750.5;0.014945495799148322;0.05882658359293873;0.019274809160305342
1752.0;0.07326130256843867;0.01903411557047368;0.08168642951251649
1753.5;0.07326130256843867;0.01749271137026239;0.03639846743295019
1755.0;0.017094017094017096;0.018354055654233276;0.04010027565818385
1756.5;0.017094017094017096;0.018470790378006873;0.01796953785165351
1758.0;0.051059730250481696;0.018612132352941176;0.01904761904761905
1759.5;0.015001087035292413;0.053377871702229185;0.020435244161358813
1761.0;0.01488644788002137;0.017814806907942786;0.0220508658008658
1762.5;0.017427438387099873;0.017373380447585393;0.03826311263972485
1764.0;0.04425612052730697;0.017934291168491913;0.021604938271604937
1765.5;0.015095605501509561;0.05020283975659229;0.06988884271763973
1767.0;0.017094017094017096;0.017094017094017096;0.023356807511737087
1768.5;0.017094017094017096;0.018197573656845753;0.0503048780487805
1770.0;0.01850632726208763;0.0175513698630137;0.019215226176508927
1771.5;0.014910112661872163;0.015871286409530037;0.01580448805793955
1773.0;0.015743018124095107;0.017498443680569787;0.041112828438949
1774.5;0.016582472972657695;0.0175513698630137;0.08651597817614964
1776.0;0.01741601350785099;0.016863406408094434;0.01578551741418191
1777.5;0.044811320754716985;0.017623877982923447;0.01904761904761905
1779.0;0.015095605501509561;0.01836806645203033;0.018371242245904248
1780.5;0.01842179442537598;0.01488644788002137;0.017060054570982017
1782.0;0.01842179442537598;0.01488644788002137;0.019731800766283527
1783.5;0.014870091759449306;0.015711796950363736;0.04236010125491464
1785.0;0.0882034632034632;0.01570251018973342;0.0190312422910046
1786.5;0.08386958386958387;0.017401635028469288;0.0370850622406639
1788.0;0.08386958386958387;0.017401635028469288;0.018395573997233752
1789.5;0.017547197908565945;0.017401635028469288;0.01924519107116267
1791.0;0.017699115044247787;0.015687178238012765;0.0171664433509483
1792.5;0.017699115044247787;0.015001087035292413;0.015280135823429542
1794.0;0.0189328743545611;0.016676298192025096;0.04536862003780718
1795.5;0.06859415127164278;0.016582472972657695;0.03450226244343891
1797.0;0.015095605501509561;0.016582472972657695;0.019389076446376545
1798.5;0.017547197908565945;0.016582472972657695;0.019142066420664204
1800.0;0.01865038996269922;0.018026004728132386;0.03297872340425532
1801.5;0.016676298192025096;0.015280135823429542;0.018185480622028842
1803.0;0.01663225731761437;0.015280135823429542;0.08033826638477802
1804.5;0.01660281557997176;0.015095605501509561;0.03608247422680412
1806.0;0.04875717017208413;0.017623877982923447;0.019408502772643253
1807.5;0.04875717017208413;0.0161839863713799;0.020745684027274044
1809.0;0.07425742574257424;0.045928030303030304;0.016282382024492854
1810.5;0.07425742574257424;0.015095605501509561;0.01730418943533698
1812.0;0.08747300215982722;0.01663225731761437;0.04988354037267081
1813.5;0.0161839863713799;0.015095605501509561;0.0188212927756654
1815.0;0.01597712748065927;0.0189328743545611;0.0532795156407669
1816.5;0.01850632726208763;0.015871286409530037;0.018876611418047883
1818.0;0.01597712748065927;0.01597712748065927;0.050902061855670096
1819.5;0.016745540589734254;0.014945495799148322;0.017089125102207687
1821.0;0.016745540589734254;0.0161839863713799;0.038100208768267224
1822.5;0.016676298192025096;0.0882232252769799;0.03383297644539615
1824.0;0.016676298192025096;0.0882232252769799;0.020625415834996677
1825.5;0.016676298192025096;0.017623877982923447;0.04083665338645418
1827.0;0.016863406408094434;0.0175513698630137;0.021382796281252822
1828.5;0.04315196998123827;0.016863406408094434;0.042398319075491527
1830.0;0.018354055654233276;0.01865038996269922;0.049712321475088625
1831.5;0.01865038996269922;0.016638225255972697;0.017410714285714286
1833.0;0.01749271137026239;0.017623877982923447;0.08129472999349383
1834.5;0.0161839863713799;0.015731292517006803;0.020410766679423396
1836.0;0.017623877982923447;0.08175211949939443;0.019939577039274924
1837.5;0.018026004728132386;0.08175211949939443;0.03964465658976399
1839.0;0.01749271137026239;0.01597712748065927;0.01512779241718377
1840.5;0.01612259159428971;0.01597712748065927;0.05362144857943176
1842.0;0.0189328743545611;0.017623877982923447;0.037285441830896375
1843.5;0.019082371238858645;0.017094017094017096;0.01939343350027824
1845.0;0.018876611418047883;0.0161839863713799;0.03718199608610568
1846.5;0.01814552172099398;0.018026004728132386;0.016429426632965278
1848.0;0.01718287488267995;0.01702553830746119;0.018612132352941176
1849.5;0.016242522094412855;0.016745540589734254;0.018876611418047883
1851.0;0.018677485194924924;0.018010291595197254;0.01757469244288225
1852.5;0.018677485194924924;0.01597712748065927;0.05292479108635098
1854.0;0.019327580007191657;0.01597712748065927;0.01844415390362346
1855.5;0.017768879853890487;0.0175513698630137;0.019263204616067467
1857.0;0.019327580007191657;0.0175513698630137;0.017460979111666896
1858.5;0.0170487948265726;0.0175513698630137;0.05412064570943075
1860.0;0.017934291168491913;0.016745540589734254;0.01708541049040229
1861.5;0.014986153377295074;0.01836806645203033;0.018197573656845753
1863.0;0.018197573656845753;0.018332165356039182;0.02012855209742896
1864.5;0.018026004728132386;0.018332165356039182;0.020410766679423396
1866.0;0.015280135823429542;0.01597712748065927;0.01942319011183049
1867.5;0.0161839863713799;0.01597712748065927;0.019527766042341455
1869.0;0.015871286409530037;0.018010291595197254;0.018832655731576244
1870.5;0.01850632726208763;0.043703007518796994;0.01834862385321101
1872.0;0.01663225731761437;0.018010291595197254;0.018371212121212118
1873.5;0.01865038996269922;0.015095605501509561;0.041250831669993354
1875.0;0.0175513698630137;0.015095605501509561;0.015280135823429542
1876.5;0.018470790378006873;0.015095605501509561;0.0882232252769799
1878.0;0.01850632726208763;0.015001087035292413;0.020656370656370653
1879.5;0.018010291595197254;0.046489563567362426;0.036165577342047936
1881.0;0.016863406408094434;0.046489563567362426;0.09420979369663224
1882.5;0.016863406408094434;0.01597712748065927;0.015963095712199653
1884.0;0.015731292517006803;0.015871286409530037;0.018354055654233276
1885.5;0.01850632726208763;0.015871286409530037;0.0188212927756654
1887.0;0.01865038996269922;0.015871286409530037;0.018242207460398566
1888.5;0.0175513698630137;0.017547197908565945;0.020006613756613757
1890.0;0.015095605501509561;0.017547197908565945;0.04376477082578619
1891.5;0.07753473472714523;0.06673232664261046;0.017373380447585393
1893.0;0.01597712748065927;0.045928030303030304;0.018224866440019426
1894.5;0.017094017094017096;0.045928030303030304;0.019675925925925927
1896.0;0.017015706806282723;0.015095605501509561;0.018832655731576244
1897.5;0.016863406408094434;0.014945495799148322;0.018876611418047883
1899.0;0.0161839863713799;0.01836806645203033;0.01810895810084204
1900.5;0.015871286409530037;0.01836806645203033;0.015597920277296359
1902.0;0.017391304347826087;0.018332165356039182;0.018371212121212118
1903.5;0.0161839863713799;0.017427438387099873;0.04590183047685672
1905.0;0.016745540589734254;0.017094017094017096;0.01904761904761905
1906.5;0.018332165356039182;0.0175513698630137;0.01995528228060369
1908.0;0.016863406408094434;0.017754480892796753;0.01756386861313869
1909.5;0.01672535211267606;0.018470790378006873;0.041961744983050005
1911.0;0.01850632726208763;0.018470790378006873;0.04377104377104378
1912.5;0.08691206543967281;0.018470790378006873;0.02080873671782763
1914.0;0.0161839863713799;0.015871286409530037;0.0554726368159204
1915.5;0.016638225255972697;0.015769487034319674;0.05043017360577662
1917.0;0.050556983718937444;0.015871286409530037;0.03240740740740741
1918.5;0.01726263871763255;0.015871286409530037;0.07799928503920042
1920.0;0.015095605501509561;0.014945495799148322;0.019961612284069098
1921.5;0.07672379434037466;0.014910112661872163;0.019147076366179225
1923.0;0.015280135823429542;0.0175513698630137;0.019274809160305342
1924.5;0.0161839863713799;0.017373380447585393;0.015280135823429542
1926.0;0.0161839863713799;0.01771809624494277;0.043754674644727
1927.5;0.015731292517006803;0.01771809624494277;0.01784040701566475
1929.0;0.017754480892796753;0.017971946230274694;0.018836565096952907
1930.5;0.08048289738430583;0.01749271137026239;0.02038295243977764
1932.0;0.01597712748065927;0.043754674644727;0.03215077605321508
1933.5;0.04260299625468165;0.08544854220099643;0.020135504924126024
1935.0;0.015001087035292413;0.016863406408094434;0.019192913385826772
1936.5;0.015095605501509561;0.016745540589734254;0.018314772574802095
1938.0;0.08569059601627427;0.016676298192025096;0.033547008547008546
1939.5;0.01836806645203033;0.017465858520325457;0.017507501903246923
1941.0;0.06732177216716176;0.04875717017208413;0.017293114339861023
1942.5;0.01830736743700201;0.04875717017208413;0.016904049039846027
1944.0;0.018876611418047883;0.0161839863713799;0.018876611418047883
1945.5;0.05276851914835726;0.01865038996269922;0.01869087161947359
1947.0;0.016903583394228514;0.015871286409530037;0.01882395123700251
1948.5;0.016903583394228514;0.014945495799148322;0.017122114923635367
1950.0;0.0470532319391635;0.014945495799148322;0.018937169700528483
1951.5;0.016745540589734254;0.07786711807024968;0.033445440956651716
1953.0;0.01865038996269922;0.018010291595197254;0.019643114117139156
1954.5;0.051059730250481696;0.015095605501509561;0.05021367521367521
1956.0;0.0175513698630137;0.09645232815964523;0.01805416248746239
1957.5;0.040013227513227514;0.08144892908951275;0.01870529267789542
1959.0;0.019139945314441957;0.048187022900763356;0.019408502772643253
1960.5;0.015033359741139864;0.015095605501509561;0.05230034722222222
1962.0;0.015280135823429542;0.015095605501509561;0.050794146515570626
1963.5;0.017623877982923447;0.07786711807024968;0.03879026955950033
1965.0;0.0175513698630137;0.015809071886378992;0.015731292517006803
1966.5;0.017754480892796753;0.017498443680569787;0.015225395561747438
1968.0;0.017623877982923447;0.017498443680569787;0.015095605501509561
1969.5;0.0175513698630137;0.017754480892796753;0.0334685598377282
1971.0;0.07303592577970786;0.01850632726208763;0.01845342706502636
1972.5;0.037760416666666664;0.01663225731761437;0.01834061135371179
1974.0;0.01766843911960692;0.018010291595197254;0.017674869549113806
1975.5;0.015783713313901306;0.01597712748065927;0.04421768707482994
1977.0;0.016863406408094434;0.01597712748065927;0.019626168224299065
1978.5;0.015001087035292413;0.01597712748065927;0.01774897649906132
1980.0;0.017498443680569787;0.01597712748065927;0.016255075028363077
1981.5;0.07818003821984446;0.01597712748065927;0.01834061135371179
1983.0;0.016638225255972697;0.014945495799148322;0.016988416988416986
1984.5;0.015001087035292413;0.015743018124095107;0.018010291595197254
1986.0;0.01865038996269922;0.0161839863713799;0.015001087035292413
1987.5;0.015871286409530037;0.03608247422680412;0.07996748642690851
1989.0;0.01865038996269922;0.015033359741139864;0.04536862003780718
1990.5;0.017623877982923447;0.047619047619047616;0.040424121935056324
1992.0;0.017094017094017096;0.047619047619047616;0.016638225255972697
1993.5;0.017754480892796753;0.015871286409530037;0.017754480892796753
1995.0;0.0863169700629799;0.01606832657788072;0.017754480892796753
1996.5;0.018612132352941176;0.018876611418047883;0.018470790378006873
1998.0;0.017215791035915702;0.016043635035830027;0.0457863304578633
1999.5;0.018026004728132386;0.016700702455922763;0.01594765689784196
2001.0;0.01865038996269922;0.016638225255972697;0.016624630520743856
2002.5;0.0175513698630137;0.015280135823429542;0.014867146669811973
2004.0;0.018052243358660087;0.015095605501509561;0.017413917505226417
2005.5;0.03511762700306853;0.016863406408094434;0.014835903937508495
2007.0;0.050612433842787186;0.015001087035292413;0.09867330016583749
2008.5;0.016772553788559897;0.017893106119287374;0.017373380447585393
2010.0;0.05048076923076923;0.016217853406024562;0.017094017094017096
2011.5;0.015280135823429542;0.017596390484003282;0.017754480892796753
2013.0;0.01597712748065927;0.016022517410942752;0.017094017094017096
2014.5;0.015809071886378992;0.08033826638477802;0.01597712748065927
2016.0;0.055731346330509336;0.01850632726208763;0.01612259159428971
2017.5;0.018010291595197254;0.018143754361479414;0.018610244807272875
2019.0;0.08024848949025615;0.01835078161749423;0.018470790378006873
2020.5;0.016638225255972697;0.016263612953345514;0.0170487948265726
2022.0;0.01597712748065927;0.017462905276233176;0.018876611418047883
2023.5;0.04990403071017274;0.01756784719931273;0.05328653122983468
2025.0;0.016638225255972697;0.08642461174707067;0.015076491161892115
2026.5;0.051640926640926635;0.019659185369908565;0.01493878058239223
2028.0;0.014945495799148322;0.015125554237353003;0.01726263871763255
2029.5;0.01488644788002137;0.017015706806282723;0.01749271137026239
2031.0;0.01845342706502636;0.018026004728132386;0.015854570888502284
2032.5;0.01594765689784196;0.017373380447585393;0.0482897384305835
2034.0;0.01848360454802751;0.018010291595197254;0.0482897384305835
2035.5;0.016403046280023436;0.01845342706502636;0.018848906360245943
2037.0;0.020006613756613757;0.03528138528138528;0.0161839863713799
2038.5;0.01733025239957341;0.01605832636760472;0.0189328743545611
2040.0;0.018197573656845753;0.017094017094017096;0.01850632726208763
2041.5;0.018314772574802095;0.015871286409530037;0.018470790378006873
2043.0;0.016979552792060267;0.018354055654233276;0.018010291595197254
2044.5;0.016638225255972697;0.017368069472277887;0.015095605501509561
2046.0;0.017824497257769654;0.017368069472277887;0.015001087035292413
2047.5;0.015533947399900884;0.016638225255972697;0.015809071886378992
2049.0;0.018876611418047883;0.0882232252769799;0.014910112661872163
2050.5;0.018595825426944972;0.017094017094017096;0.017427438387099873
2052.0;0.016802496965493324;0.017094017094017096;0.019675925925925927
2053.5;0.041334743661785606;0.015871286409530037;0.016335052812576762
2055.0;0.017122114923635367;0.0189328743545611;0.017699115044247787
2056.5;0.016638225255972697;0.016676298192025096;0.017699115044247787
2058.0;0.017754480892796753;0.017825311942959002;0.048187022900763356
2059.5;0.07756813417190776;0.03411405295315682;0.015001087035292413
2061.0;0.016676298192025096;0.017083111144968386;0.0161839863713799
2062.5;0.015095605501509561;0.018491990778470125;0.016863406408094434
2064.0;0.01784040701566475;0.016863406408094434;0.016863406408094434
2065.5;0.03758169934640523;0.03608247422680412;0.015871286409530037
2067.0;0.018010291595197254;0.01766843911960692;0.07161008172674148
2068.5;0.049329501915708805;0.015280135823429542;0.018026004728132386
2070.0;0.05099700897308076;0.03412017167381975;0.018026004728132386
2071.5;0.017792037334111128;0.032151143520053035;0.016638225255972697
2073.0;0.018958563905059844;0.01808078311568865;0.015280135823429542
2074.5;0.016749587747684248;0.015280135823429542;0.0161839863713799
2076.0;0.05048076923076923;0.018026004728132386;0.0161839863713799
2077.5;0.017094017094017096;0.07756813417190776;0.0161839863713799
2079.0;0.017699115044247787;0.0470532319391635;0.017754480892796753
2080.5;0.01658516707416463;0.01850632726208763;0.015001087035292413
2082.0;0.018026004728132386;0.07620041753653445;0.016676298192025096
2083.5;0.017373380447585393;0.05478980013783597;0.016582472972657695
2085.0;0.040013227513227514;0.016807551075732556;0.0182681206624895
2086.5;0.018792559974975337;0.018010291595197254;0.016540721828503288
2088.0;0.017094017094017096;0.01597712748065927;0.017699115044247787
2089.5;0.016676298192025096;0.0161839863713799;0.0189328743545611
2091.0;0.018010291595197254;0.01672535211267606;0.015095605501509561
2092.5;0.015414729630535846;0.017699115044247787;0.016676298192025096
2094.0;0.018683274021352312;0.018010291595197254;0.018026004728132386
2095.5;0.01597712748065927;0.017824497257769654;0.04892400806993947
2097.0;0.015001087035292413;0.08887817422050787;0.017971946230274694
2098.5;0.015001087035292413;0.01865038996269922;0.018354055654233276
2100.0;0.0175513698630137;0.0175513698630137;0.015225395561747438
2101.5;0.018683274021352312;0.018010291595197254;0.07362507392075694
2103.0;0.08155984745971215;0.018010291595197254;0.016624630520743856
2104.5;0.015069294547215105;0.015001087035292413;0.015095605501509561
2106.0;0.07728513903229667;0.040424121935056324;0.0170487948265726
2107.5;0.017754480892796753;0.015095605501509561;0.04425612052730697
2109.0;0.016638225255972697;0.041666666666666664;0.015095605501509561
2110.5;0.015095605501509561;0.041666666666666664;0.08302956662616444
2112.0;0.017623877982923447;0.04990403071017274;0.016745540589734254
2113.5;0.08338930129741895;0.07796881247500999;0.015731292517006803
2115.0;0.017443347491498312;0.016863406408094434;0.017754480892796753
2116.5;0.017427438387099873;0.0718766971927262;0.015095605501509561
2118.0;0.017094017094017096;0.01830736743700201;0.04892400806993947
2119.5;0.015001087035292413;0.015871286409530037;0.04990403071017274
2121.0;0.01865038996269922;0.04083665338645418;0.0161839863713799
2122.5;0.0391281512605042;0.0175513698630137;0.0175513698630137
2124.0;0.05289672544080604;0.015280135823429542;0.015001087035292413
2125.5;0.016867693203934914;0.015731292517006803;0.0170487948265726
2127.0;0.07302570573179053;0.016863406408094434;0.04083665338645418
2128.5;0.018354055654233276;0.0175513698630137;0.01850632726208763
2130.0;0.015280135823429542;0.018470790378006873;0.015769487034319674
2131.5;0.016745540589734254;0.017934291168491913;0.04377104377104378
2133.0;0.015769487034319674;0.017094017094017096;0.016081348496769426
2134.5;0.018010291595197254;0.017754480892796753;0.08787465940054497
2136.0;0.01597712748065927;0.08954302181967888;0.016209169954000083
2137.5;0.048187022900763356;0.016530797101449276;0.017373380447585393
2139.0;0.017094017094017096;0.017699115044247787;0.018470790378006873
2140.5;0.016638225255972697;0.017094017094017096;0.05021367521367521
2142.0;0.015871286409530037;0.017699115044247787;0.019082371238858645
2143.5;0.017547197908565945;0.0482897384305835;0.015024970979036621
2145.0;0.07106563743420853;0.015280135823429542;0.08954302181967888
2146.5;0.017824497257769654;0.017699115044247787;0.018470790378006873
2148.0;0.017824497257769654;0.0161839863713799;0.08954302181967888
2149.5;0.0574398249452954;0.018470790378006873;0.018026004728132386
2151.0;0.016604605213162094;0.0161839863713799;0.03469827586206897
2152.5;0.015202013639811085;0.018354055654233276;0.017391304347826087
2154.0;0.015847018745455917;0.0161839863713799;0.015931023572219587
2155.5;0.015847018745455917;0.032696390658174104;0.016638225255972697
2157.0;0.01597712748065927;0.018945175681156216;0.018354055654233276
2158.5;0.017547197908565945;0.01606832657788072;0.019408502772643253
2160.0;0.018010291595197254;0.017094017094017096;0.016043635035830027
2161.5;0.01850632726208763;0.05385097056981841;0.016403046280023436
2163.0;0.01850632726208763;0.015517241379310345;0.01845342706502636
2164.5;0.0175513698630137;0.04425612052730697;0.018610244807272875
2166.0;0.0161839863713799;0.03758169934640523;0.0189328743545611
2167.5;0.018354055654233276;0.015225395561747438;0.018086080586080584
2169.0;0.01967799642218247;0.0161839863713799;0.01710322537202882
2170.5;0.017754480892796753;0.0175513698630137;0.017094017094017096
2172.0;0.014910112661872163;0.014945495799148322;0.018026004728132386
2173.5;0.014910112661872163;0.04425612052730697;0.018242207460398566
2175.0;0.018332165356039182;0.018010291595197254;0.05149558123725356
2176.5;0.016863406408094434;0.01834862385321101;0.019020693899530733
2178.0;0.016863406408094434;0.01733902966659057;0.03704735376044569
2179.5;0.07299742814770317;0.09263016078608845;0.01904761904761905
2181.0;0.015731292517006803;0.017623877982923447;0.018836565096952907
2182.5;0.016863406408094434;0.018683274021352312;0.03498962501852675
2184.0;0.015001087035292413;0.03584015103838892;0.03639846743295019
2185.5;0.015001087035292413;0.016975180048806618;0.01897923971725942
2187.0;0.015001087035292413;0.015731292517006803;0.019865614957639496
2188.5;0.09207534913933095;0.018612132352941176;0.019395134779750165
2190.0;0.016785765670711238;0.017545514574096786;0.016043635035830027
2191.5;0.014922830014276238;0.018010291595197254;0.03528138528138528
2193.0;0.014876094763841663;0.048187022900763356;0.03805266855633888
2194.5;0.016573402642033924;0.039603960396039604;0.017821450026941046
2196.0;0.0165615965666496;0.01749271137026239;0.019801980198019802
2197.5;0.0165615965666496;0.035751028806584366;0.017261054113431307
2199.0;0.017410800109383524;0.015139193690331638;0.020423892100192676
2200.5;0.016546819469001776;0.016937514305333027;0.034110097939885176
2202.0;0.016538844107747152;0.01654091700522345;0.018502356432187117
2203.5;0.015683227717368065;0.017699115044247787;0.021384021384021387
2205.0;0.015683227717368065;0.03964465658976399;0.016387125188094105
2206.5;0.044811320754716985;0.016638225255972697;0.015414729630535846
2208.0;0.01842179442537598;0.03361696380334953;0.019013666072489603
2209.5;0.08265443723820964;0.0425033467202142;0.018902169101372285
2211.0;0.01850632726208763;0.017432449259120908;0.018876611418047883
2212.5;0.01749271137026239;0.017570604905697253;0.019659185369908565
2214.0;0.04735164668386705;0.02079334612923865;0.01770797136701647
2215.5;0.01589496047739557;0.01676981545879932;0.01755299664376568
2217.0;0.0175513698630137;0.017015706806282723;0.018497592665217614
2218.5;0.0170487948265726;0.018683274021352312;0.01929282065071256
2220.0;0.0161839863713799;0.017699115044247787;0.03185654008438818
2221.5;0.019139945314441957;0.015731292517006803;0.018086080586080584
2223.0;0.015154962909024714;0.017134997433140575;0.04933929860640137
2224.5;0.015831002263857863;0.038100208768267224;0.017771545130035694
2226.0;0.06916171969681409;0.01887912456608984;0.0350922131147541
2227.5;0.0720250521920668;0.01834862385321101;0.01995528228060369
2229.0;0.019013666072489603;0.04283216783216783;0.01888356123838276
2230.5;0.017699115044247787;0.015175646491892002;0.019659185369908565
2232.0;0.016863406408094434;0.018876611418047883;0.018790849673202614
2233.5;0.017699115044247787;0.01815193274574063;0.01890359168241966
2235.0;0.016429426632965278;0.019013666072489603;0.019332161687170474
2236.5;0.015188609731168737;0.03964465658976399;0.01672535211267606
2238.0;0.08927285817134628;0.03765137029955386;0.047874824848201776
2239.5;0.01839739098584907;0.016526630749285617;0.018086080586080584
2241.0;0.016638225255972697;0.01749271137026239;0.03774174450730167
2242.5;0.05149558123725356;0.017847922818538867;0.019100868476765655
2244.0;0.016638225255972697;0.015731292517006803;0.019327580007191657
2245.5;0.016638225255972697;0.02019230769230769;0.08927402272289622
2247.0;0.016863406408094434;0.05526315789473684;0.018937169700528483
2248.5;0.016676298192025096;0.01756386861313869;0.03503787878787879
2250.0;0.018332165356039182;0.05486947006409254;0.040002868292535645
2251.5;0.014850222990092551;0.0170487948265726;0.020382509968236803
2253.0;0.042820886656946916;0.030753138075313803;0.03411405295315682
2254.5;0.018017942087714626;0.018876611418047883;0.019274809160305342
2256.0;0.014946384057988031;0.05432098765432099;0.03961682682819451
2257.5;0.017824497257769654;0.015280135823429542;0.015308666489215568
2259.0;0.03599221789883269;0.017699115044247787;0.018710404810479975
2260.5;0.0161839863713799;0.018937169700528483;0.019142066420664204
2262.0;0.018470790378006873;0.050364491686716695;0.017824497257769654
2263.5;0.017623877982923447;0.017661161356374806;0.01754649070185963
2265.0;0.017623877982923447;0.0175513698630137;0.019142066420664204
2266.5;0.016638225255972697;0.0674469940084216;0.018371212121212118
2268.0;0.015095605501509561;0.015280135823429542;0.01761923560546247
2269.5;0.015414729630535846;0.016863406408094434;0.016341522079555058
2271.0;0.048187022900763356;0.01834862385321101;0.05943877551020409
2272.5;0.016638225255972697;0.017679771605305417;0.039473684210526314
2274.0;0.044811320754716985;0.017656852955616538;0.040491315844332534
2275.5;0.016863406408094434;0.07303592577970786;0.017391304347826087
2277.0;0.046489563567362426;0.018010291595197254;0.02006566946369938
2278.5;0.046489563567362426;0.07182211727666273;0.017018070534504118
2280.0;0.016863406408094434;0.0170487948265726;0.018876611418047883
2281.5;0.016863406408094434;0.04208416833667335;0.019944341372912802
2283.0;0.017623877982923447;0.017934291168491913;0.0175513698630137
2284.5;0.017623877982923447;0.03758169934640523;0.032696390658174104
2286.0;0.017623877982923447;0.0161839863713799;0.05496404266615183
2287.5;0.017547197908565945;0.04536862003780718;0.0161839863713799
2289.0;0.017547197908565945;0.035751028806584366;0.03901027636436197
2290.5;0.017547197908565945;0.015414729630535846;0.032696390658174104
2292.0;0.017547197908565945;0.01783664661861255;0.016894307452562107
2293.5;0.017547197908565945;0.017368069472277887;0.037760416666666664
2295.0;0.07230513049762272;0.019103449844912447;0.017019391672408703
2296.5;0.07230513049762272;0.04919423240033926;0.019643114117139156
2298.0;0.015711796950363736;0.016830578931359627;0.10867733782645324
2299.5;0.015711796950363736;0.06343671621704289;0.03557838660578387
2301.0;0.015711796950363736;0.017737506864360243;0.050546448087431695
2302.5;0.016745540589734254;0.016371314401645454;0.07594291539245666
2304.0;0.016745540589734254;0.01888524688472905;0.01738180959688367
2305.5;0.014945495799148322;0.01606832657788072;0.03498920086393088
2307.0;0.01836806645203033;0.04875717017208413;0.03655913978494623
2308.5;0.01488644788002137;0.01654091700522345;0.015907941325240264
2310.0;0.018289844042285466;0.0161839863713799;0.019848771266540645
2311.5;0.016863406408094434;0.019071369196057474;0.019276956137024393
2313.0;0.014910112661872163;0.016863406408094434;0.038100208768267224
2314.5;0.01488644788002137;0.03469827586206897;0.051597582037996546
2316.0;0.016582472972657695;0.04411724976360934;0.032135306553911204
2317.5;0.018289844042285466;0.017094017094017096;0.016257905732192428
2319.0;0.0161839863713799;0.017373380447585393;0.017015706806282723
2320.5;0.0161839863713799;0.01612259159428971;0.07893369699331128
2322.0;0.01597712748065927;0.017754480892796753;0.01730418943533698
2323.5;0.015871286409530037;0.0161839863713799;0.01999107541276216
2325.0;0.014910112661872163;0.01672535211267606;0.04766055861946273
2326.5;0.018470790378006873;0.08024848949025615;0.019311776920795016
2328.0;0.017754480892796753;0.017699115044247787;0.017872757296006982
2329.5;0.01850632726208763;0.017883272962794156;0.01834862385321101
2331.0;0.01850632726208763;0.017094017094017096;0.03443877551020408
2332.5;0.01842179442537598;0.015871286409530037;0.01849148418491484
2334.0;0.01842179442537598;0.018010291595197254;0.0383521035815814
2335.5;0.01663225731761437;0.01850632726208763;0.01859099804305284
2337.0;0.015724726735506497;0.016285076905013504;0.0170487948265726
2338.5;0.0175513698630137;0.016638225255972697;0.0188212927756654
2340.0;0.01850632726208763;0.016863406408094434;0.01769472665699081
2341.5;0.01850632726208763;0.05819060166886253;0.03215077605321508
2343.0;0.016676298192025096;0.045646863822734016;0.0153103221203973
2344.5;0.01660281557997176;0.017094017094017096;0.033445440956651716
2346.0;0.01830736743700201;0.016745540589734254;0.01904761904761905
2347.5;0.016568094782873223;0.01608187134502924;0.01900256574727389
2349.0;0.016638225255972697;0.016830578931359627;0.058823529411764705
2350.5;0.016638225255972697;0.015854570888502284;0.03920012696397398
2352.0;0.01597712748065927;0.018010291595197254;0.03737309042603663
2353.5;0.01597712748065927;0.015871286409530037;0.01919319521643928
2355.0;0.01597712748065927;0.019274809160305342;0.023014018691588783
2356.5;0.01597712748065927;0.01810699588477366;0.058333333333333334
2358.0;0.01597712748065927;0.015370218739033806;0.019598155467720684
2359.5;0.08144892908951275;0.01726263871763255;0.018525011110562442
2361.0;0.08144892908951275;0.015033359741139864;0.0188212927756654
2362.5;0.08144892908951275;0.017094017094017096;0.04523107177974434
2364.0;0.08144892908951275;0.015001087035292413;0.0533675799086758
2365.5;0.08144892908951275;0.08302956662616444;0.020006613756613757
2367.0;0.08144892908951275;0.018026004728132386;0.01839292759028799
2368.5;0.08144892908951275;0.018848906360245943;0.016856566592994015
2370.0;0.08144892908951275;0.018086080586080584;0.05432098765432099
2371.5;0.08144892908951275;0.015414729630535846;0.0184946522287916
2373.0;0.08144892908951275;0.016937514305333027;0.0188212927756654
2374.5;0.08144892908951275;0.016638225255972697;0.0383888532991672
2376.0;0.014945495799148322;0.08458244111349036;0.0188212927756654
2377.5;0.014945495799148322;0.047619047619047616;0.01860022218695445
2379.0;0.06945691490726251;0.01576182136602452;0.018727115371812795
2380.5;0.017443347491498312;0.0843149411035338;0.020192168761739633
2382.0;0.017443347491498312;0.015517241379310345;0.01882395123700251
2383.5;0.0175513698630137;0.017771545130035694;0.033476658476658476
2385.0;0.01865038996269922;0.016794337244254824;0.017824497257769654
2386.5;0.018010291595197254;0.015871286409530037;0.022647647647647647
2388.0;0.01865038996269922;0.017623877982923447;0.020212060967528162
2389.5;0.01865038996269922;0.07182211727666273;0.01771883068210211
2391.0;0.015001087035292413;0.0175513698630137;0.018544683857294242
2392.5;0.015809071886378992;0.01597712748065927;0.018957359351356232
2394.0;0.018010291595197254;0.014945495799148322;0.01958413926499033
2395.5;0.0189328743545611;0.017094017094017096;0.018088484054094748
2397.0;0.0175513698630137;0.01865038996269922;0.034921650143907905
2398.5;0.0189328743545611;0.015809071886378992;0.035331827784657974
2400.0;0.0161839863713799;0.018470790378006873;0.019355216195658533
2401.5;0.04990403071017274;0.01597712748065927;0.0714015867019267
2403.0;0.04990403071017274;0.014945495799148322;0.03245142505179461
2404.5;0.016863406408094434;0.015517241379310345;0.01916033943724877
2406.0;0.016745540589734254;0.019274809160305342;0.03088450292397661
2407.5;0.01842179442537598;0.0172434729811779;0.02031765860622825
2409.0;0.01663225731761437;0.04083665338645418;0.059012335319291766
2410.5;0.01660281557997176;0.018010291595197254;0.019801980198019802
2412.0;0.015724726735506497;0.017699115044247787;0.020006613756613757
2413.5;0.015731292517006803;0.04208416833667335;0.016442338391221792
2415.0;0.016863406408094434;0.04208416833667335;0.020052770448548814
2416.5;0.015001087035292413;0.016863406408094434;0.042660043214446504
2418.0;0.015001087035292413;0.015280135823429542;0.019731800766283527
2419.5;0.017547197908565945;0.015731292517006803;0.03397147147147147
2421.0;0.017547197908565945;0.016403046280023436;0.03257191201353638
2422.5;0.017547197908565945;0.017373380447585393;0.0487906205684383
2424.0;0.017547197908565945;0.018010291595197254;0.01678765880217786
2425.5;0.017547197908565945;0.0175513698630137;0.022122793934874475
2427.0;0.017547197908565945;0.05545957152729785;0.04366130558183538
2428.5;0.017547197908565945;0.018792559974975337;0.055038445973290155
2430.0;0.017547197908565945;0.017623877982923447;0.019116530650977414
2431.5;0.017547197908565945;0.0798365745414373;0.018729678541185898
2433.0;0.017547197908565945;0.015769487034319674;0.018026004728132386
2434.5;0.01663225731761437;0.0882232252769799;0.0801417631073865
2436.0;0.07929144968115026;0.01850632726208763;0.017672244682121353
2437.5;0.07929144968115026;0.01842179442537598;0.06333780160857909
2439.0;0.015711796950363736;0.01842179442537598;0.01711023395280286
2440.5;0.015711796950363736;0.01836806645203033;0.01896082698585419
2442.0;0.01741601350785099;0.08386752136752137;0.04562920268972142
2443.5;0.015695763321720377;0.01597712748065927;0.035000896539358076
2445.0;0.015695763321720377;0.01850632726208763;0.019305792064687795
2446.5;0.014834097312229661;0.016676298192025096;0.07120500782472615
2448.0;0.01567987457984609;0.07771195869669424;0.035057849473252
2449.5;0.017386386504641093;0.018289844042285466;0.017459271993969072
2451.0;0.018354055654233276;0.018277260861902424;0.050902061855670096
2452.5;0.018010291595197254;0.016863406408094434;0.016583311397736247
2454.0;0.015809071886378992;0.015095605501509561;0.01772583585828775
2455.5;0.015809071886378992;0.015095605501509561;0.02012072434607646
2457.0;0.01488644788002137;0.06854651270894926;0.037285441830896375
2458.5;0.01830736743700201;0.017094017094017096;0.08542030673655601
2460.0;0.01850632726208763;0.016638225255972697;0.0350922131147541
2461.5;0.038100208768267224;0.016638225255972697;0.017824497257769654
2463.0;0.018197573656845753;0.017094017094017096;0.03266518188567186
2464.5;0.015907416444202047;0.017094017094017096;0.01738180959688367
2466.0;0.03798297314996725;0.015095605501509561;0.020212060967528162
2467.5;0.018010291595197254;0.017547197908565945;0.01810699588477366
2469.0;0.018026004728132386;0.01660281557997176;0.01733025239957341
2470.5;0.01702553830746119;0.01660281557997176;0.021384021384021387
2472.0;0.017699115044247787;0.017443347491498312;0.017283016437782753
2473.5;0.018010291595197254;0.01741601350785099;0.018242207460398566
2475.0;0.017094017094017096;0.01741601350785099;0.01672535211267606
2476.5;0.015095605501509561;0.01741601350785099;0.049167394077754646
2478.0;0.018354055654233276;0.014844188506303903;0.040424121935056324
2479.5;0.01672535211267606;0.017397154861764727;0.046489563567362426
2481.0;0.016863406408094434;0.01825283975007182;0.049872122762148335
2482.5;0.015095605501509561;0.014832305600435561;0.016303293489128654
2484.0;0.01606832657788072;0.014832305600435561;0.05445326278659612
2485.5;0.01848360454802751;0.018248107350266503;0.03312144529943125
2487.0;0.017094017094017096;0.018248107350266503;0.016240883986790078
2488.5;0.017094017094017096;0.01865038996269922;0.03412017167381975
2490.0;0.0175513698630137;0.016676298192025096;0.05478980013783597
2491.5;0.0161839863713799;0.015769487034319674;0.01672535211267606
2493.0;0.018086080586080584;0.018470790378006873;0.020398251578436135
2494.5;0.01814552172099398;0.0161839863713799;0.0195523462351111
2496.0;0.01814552172099398;0.08893709327548807;0.01756386861313869
2497.5;0.019626168224299065;0.016863406408094434;0.03646288209606987
2499.0;0.016317890407644853;0.018354055654233276;0.04098289860079461
2500.5;0.01496307123438496;0.01749271137026239;0.01654091700522345
2502.0;0.01834862385321101;0.01771809624494277;0.0425033467202142
2503.5;0.016293098349991132;0.01771809624494277;0.05889101338432121
2505.0;0.044811320754716985;0.01771809624494277;0.018353992651117052
2506.5;0.014945495799148322;0.014986153377295074;0.03557838660578387
2508.0;0.014910112661872163;0.014936197678611653;0.018683274021352312
2509.5;0.05048076923076923;0.015095605501509561;0.018960244648318046
2511.0;0.015871286409530037;0.015095605501509561;0.018086080586080584
2512.5;0.018010291595197254;0.017094017094017096;0.033445440956651716
2514.0;0.017754480892796753;0.016638225255972697;0.01549874155517287
2515.5;0.015871286409530037;0.015809071886378992;0.01780160609014529
2517.0;0.01663225731761437;0.017498443680569787;0.019731800766283527
2518.5;0.0161839863713799;0.015743018124095107;0.033366867873910126
2520.0;0.019345238095238096;0.07446218085988703;0.018178527663545694
2521.5;0.016638225255972697;0.07446218085988703;0.018876611418047883
2523.0;0.016676298192025096;0.01485852872552252;0.039509360877985795
2524.5;0.07597140829130454;0.018277260861902424;0.01924500859447309
2526.0;0.015724726735506497;0.018277260861902424;0.018797029887687965
2527.5;0.018010291595197254;0.01740771421307761;0.01995238481724968
2529.0;0.0189328743545611;0.01740771421307761;0.1038872487505531
2530.5;0.018470790378006873;0.01740771421307761;0.06619654231119199
2532.0;0.017094017094017096;0.01740771421307761;0.01890502910482983
2533.5;0.018010291595197254;0.01740771421307761;0.015195702225633155
2535.0;0.016863406408094434;0.01740771421307761;0.06953892668178382
2536.5;0.07182211727666273;0.017094017094017096;0.01834862385321101
2538.0;0.015095605501509561;0.017094017094017096;0.018716969225741748
2539.5;0.01850632726208763;0.01597712748065927;0.018937169700528483
2541.0;0.08691206543967281;0.01597712748065927;0.017094017094017096
2542.5;0.0161839863713799;0.016638225255972697;0.01730418943533698
2544.0;0.016863406408094434;0.016638225255972697;0.016937514305333027
2545.5;0.016863406408094434;0.016638225255972697;0.015731292517006803
2547.0;0.015095605501509561;0.016638225255972697;0.01983411467724486
2548.5;0.015095605501509561;0.017754480892796753;0.03423626787057938
2550.0;0.015095605501509561;0.017754480892796753;0.047961357066788377
2551.5;0.016745540589734254;0.01836806645203033;0.036415289256198344
2553.0;0.016638225255972697;0.0175513698630137;0.018395573997233752
2554.5;0.036783854166666664;0.01865038996269922;0.019142066420664204
2556.0;0.01702553830746119;0.017971946230274694;0.019139945314441957
2557.5;0.01845342706502636;0.017971946230274694;0.01834862385321101
2559.0;0.015225395561747438;0.018314772574802095;0.01882395123700251
2560.5;0.015225395561747438;0.017094017094017096;0.04425612052730697
2562.0;0.07397770653564457;0.015871286409530037;0.018086080586080584
2563.5;0.0782563025210084;0.017547197908565945;0.049561699258260275
2565.0;0.0782563025210084;0.07216102560980384;0.015517241379310345
2566.5;0.01865038996269922;0.019944341372912802;0.0490583866582673
2568.0;0.01865038996269922;0.01874107841782935;0.018683274021352312
2569.5;0.043703007518796994;0.017754480892796753;0.0161839863713799
2571.0;0.0482897384305835;0.017094017094017096;0.018937169700528483
2572.5;0.04675711097729446;0.017094017094017096;0.01597712748065927
2574.0;0.01694768198513463;0.01850632726208763;0.017094017094017096
2575.5;0.016703877388545722;0.01850632726208763;0.017824497257769654
2577.0;0.01838985191190526;0.069651277654558;0.034611469290804206
2578.5;0.0170487948265726;0.069651277654558;0.018612132352941176
2580.0;0.017754480892796753;0.017754480892796753;0.0370850622406639
2581.5;0.01942319011183049;0.015809071886378992;0.019327580007191657
2583.0;0.017373380447585393;0.017498443680569787;0.017750162457605242
2584.5;0.049561699258260275;0.04205607476635514;0.032696390658174104
2586.0;0.01594765689784196;0.018026004728132386;0.018026004728132386
2587.5;0.017302798982188294;0.0470532319391635;0.018937169700528483
2589.0;0.01766565689244434;0.0470532319391635;0.0175513698630137
2590.5;0.01865038996269922;0.05048076923076923;0.05194805194805195
2592.0;0.017623877982923447;0.015280135823429542;0.017699115044247787
2593.5;0.014945495799148322;0.017623877982923447;0.018323203432248837
2595.0;0.014910112661872163;0.0189328743545611;0.035751028806584366
2596.5;0.0189328743545611;0.018010291595197254;0.01606832657788072
2598.0;0.015731292517006803;0.0175513698630137;0.019801980198019802
2599.5;0.017547197908565945;0.0175513698630137;0.01983411467724486
2601.0;0.047658862876254184;0.0175513698630137;0.01608187134502924
2602.5;0.01771809624494277;0.01597712748065927;0.04334677419354839
2604.0;0.047619047619047616;0.01597712748065927;0.019692619489951022
2605.5;0.047619047619047616;0.015095605501509561;0.016335052812576762
2607.0;0.040424121935056324;0.016745540589734254;0.0425033467202142
2608.5;0.018010291595197254;0.01663225731761437;0.019274809160305342
2610.0;0.0161839863713799;0.015001087035292413;0.12460063897763578
2611.5;0.018683274021352312;0.015731292517006803;0.0451196497320148
2613.0;0.015280135823429542;0.041250831669993354;0.01950286806883365
2614.5;0.0175513698630137;0.0161839863713799;0.01925569586423465
2616.0;0.016638225255972697;0.01865038996269922;0.0189328743545611
2617.5;0.01597712748065927;0.0189328743545611;0.03798297314996725
2619.0;0.014945495799148322;0.01597712748065927;0.03758169934640523
2620.5;0.014945495799148322;0.017754480892796753;0.017373380447585393
2622.0;0.01663225731761437;0.01836806645203033;0.03411405295315682
2623.5;0.017465858520325457;0.014870091759449306;0.09657243757941812
2625.0;0.05222437137330754;0.019013666072489603;0.018624934405591875
2626.5;0.019013666072489603;0.015095605501509561;0.017373380447585393
2628.0;0.08113456464379948;0.015280135823429542;0.018163597644995613
2629.5;0.01874107841782935;0.015280135823429542;0.0554726368159204
2631.0;0.019179429534916397;0.017015706806282723;0.03528138528138528
2632.5;0.09459459459459459;0.018470790378006873;0.018645413460363993
2634.0;0.015285642307294463;0.049329501915708805;0.01502249751102595
2635.5;0.01612259159428971;0.01770244821092279;0.0848576383062035
2637.0;0.016863406408094434;0.01672535211267606;0.04614106630418366
2638.5;0.0189328743545611;0.03411405295315682;0.017657853344318776
2640.0;0.018010291595197254;0.018323203432248837;0.019731800766283527
2641.5;0.015280135823429542;0.017961645808949312;0.017893106119287374
2643.0;0.016863406408094434;0.0161839863713799;0.05595393307257713
2644.5;0.01672535211267606;0.017547197908565945;0.016939604011490892
2646.0;0.018314772574802095;0.017094017094017096;0.03469827586206897
2647.5;0.01769786396640252;0.0189328743545611;0.01645021645021645
2649.0;0.017368069472277887;0.03450226244343891;0.017015706806282723
2650.5;0.08319906254577414;0.01713180436584692;0.016638225255972697
2652.0;0.08144892908951275;0.017109646505052045;0.017094017094017096
2653.5;0.016638225255972697;0.017627235599963365;0.050248262164846076
2655.0;0.016863406408094434;0.017754480892796753;0.016022517410942752
2656.5;0.08691206543967281;0.017094017094017096;0.015280135823429542
2658.0;0.015731292517006803;0.01967799642218247;0.017094017094017096
2659.5;0.015731292517006803;0.016821418488660245;0.07303592577970786
2661.0;0.0161839863713799;0.01856198874464861;0.016838000708968452
2662.5;0.015871286409530037;0.017373380447585393;0.01845342706502636
2664.0;0.051640926640926635;0.01606832657788072;0.07629741209261336
2665.5;0.016745540589734254;0.015854570888502284;0.016863406408094434
2667.0;0.015001087035292413;0.015762630806304054;0.05048076923076923
2668.5;0.0161839863713799;0.018487434139972954;0.01967799642218247
2670.0;0.017094017094017096;0.0170487948265726;0.03599221789883269
2671.5;0.0175513698630137;0.01612259159428971;0.016863406408094434
2673.0;0.0161839863713799;0.017094017094017096;0.07182211727666273
2674.5;0.018544683857294242;0.015414729630535846;0.07318094281168887
2676.0;0.03798297314996725;0.017754480892796753;0.019408502772643253
2677.5;0.0170487948265726;0.017015706806282723;0.0170487948265726
2679.0;0.0161839863713799;0.01769257756716558;0.017094017094017096
2680.5;0.04522020419853759;0.015001087035292413;0.01865038996269922
2682.0;0.044918886544103545;0.01608187134502924;0.015280135823429542
2683.5;0.015731292517006803;0.01813557316928901;0.016638225255972697
2685.0;0.01702553830746119;0.016257905732192428;0.015809071886378992
2686.5;0.01594765689784196;0.01779592331824472;0.01660281557997176
2688.0;0.01840766984546031;0.017754480892796753;0.015414729630535846
2689.5;0.017094017094017096;0.01862097440132122;0.0185554688027144
2691.0;0.0161839863713799;0.016733260517911214;0.0175513698630137
2692.5;0.0170487948265726;0.01654549259761413;0.01850632726208763
2694.0;0.01850632726208763;0.08574610244988864;0.016676298192025096
2695.5;0.018612132352941176;0.017699115044247787;0.018354055654233276
2697.0;0.016043635035830027;0.018026004728132386;0.015095605501509561
2698.5;0.0189328743545611;0.017971946230274694;0.017547197908565945
2700.0;0.016638225255972697;0.017603269400950756;0.0425033467202142
2701.5;0.015731292517006803;0.018683274021352312;0.0189328743545611
2703.0;0.03326226012793177;0.01771809624494277;0.015001087035292413
2704.5;0.0812591839041483;0.01756386861313869;0.015001087035292413
2706.0;0.015095605501509561;0.01882395123700251;0.017498443680569787
2707.5;0.017094017094017096;0.018871433747959736;0.017699115044247787
2709.0;0.017094017094017096;0.015731292517006803;0.017699115044247787
2710.5;0.01904761904761905;0.017754480892796753;0.01865038996269922
2712.0;0.016022517410942752;0.01950286806883365;0.01836806645203033
2713.5;0.016638225255972697;0.01796566169095522;0.016638225255972697
2715.0;0.07484407484407485;0.015001087035292413;0.035598705501618116
2716.5;0.08691206543967281;0.01865038996269922;0.035598705501618116
2718.0;0.016638225255972697;0.016638225255972697;0.043703007518796994
2719.5;0.017754480892796753;0.019961612284069098;0.049329501915708805
2721.0;0.018010291595197254;0.018095838587641865;0.015809071886378992
2722.5;0.01784040701566475;0.044811320754716985;0.014910112661872163
2724.0;0.017822888102077248;0.017754480892796753;0.019142066420664204
2725.5;0.0189328743545611;0.04785894206549119;0.015033359741139864
2727.0;0.016335052812576762;0.015597920277296359;0.015783713313901306
2728.5;0.0175513698630137;0.018010291595197254;0.015095605501509561
2730.0;0.01597712748065927;0.01597712748065927;0.0189328743545611
2731.5;0.015809071886378992;0.016676298192025096;0.015280135823429542
2733.0;0.016638225255972697;0.016745540589734254;0.017699115044247787
2734.5;0.01865038996269922;0.06780848193311179;0.015095605501509561
2736.0;0.017094017094017096;0.04875717017208413;0.043703007518796994
2737.5;0.018010291595197254;0.018429899149693493;0.043703007518796994
2739.0;0.01597712748065927;0.017893106119287374;0.018470790378006873
2740.5;0.016335052812576762;0.017094017094017096;0.014945495799148322
2742.0;0.015280135823429542;0.01756386861313869;0.017465858520325457
2743.5;0.015963095712199653;0.016335052812576762;0.018289844042285466
2745.0;0.018582093618876354;0.01726263871763255;0.01740771421307761
2746.5;0.016335052812576762;0.01845342706502636;0.07370796421183616
2748.0;0.01814552172099398;0.01672535211267606;0.0363872644574399
2749.5;0.017699115044247787;0.01865038996269922;0.018848906360245943
2751.0;0.01672535211267606;0.018026004728132386;0.014986153377295074
2752.5;0.08460256118814884;0.01983411467724486;0.0175513698630137
2754.0;0.01612259159428971;0.019142066420664204;0.0161839863713799
2755.5;0.018832655731576244;0.04481279201517525;0.0161839863713799
2757.0;0.019598155467720684;0.06481481481481483;0.015871286409530037
2758.5;0.017287443030017287;0.036927877947295414;0.015871286409530037
2760.0;0.017971946230274694;0.02019230769230769;0.03411405295315682
2761.5;0.03599221789883269;0.04643684425671072;0.044444948784288806
2763.0;0.01597712748065927;0.017094017094017096;0.05242030423152783
2764.5;0.016745540589734254;0.01850632726208763;0.015985839376975106
2766.0;0.01597712748065927;0.016604605213162094;0.018086080586080584
2767.5;0.015280135823429542;0.016000445289352447;0.016043635035830027
2769.0;0.015095605501509561;0.040013227513227514;0.016745540589734254
2770.5;0.016838000708968452;0.015069294547215105;0.016348533050547898
2772.0;0.03599221789883269;0.01490398320124353;0.017114956021708434
2773.5;0.015225395561747438;0.0175513698630137;0.016194455787724417
2775.0;0.018610244807272875;0.01608187134502924;0.0175513698630137
2776.5;0.01865038996269922;0.03879026955950033;0.015871286409530037
2778.0;0.0175513698630137;0.016638225255972697;0.015871286409530037
2779.5;0.04208416833667335;0.018470790378006873;0.01654091700522345
2781.0;0.08853055590412849;0.03411405295315682;0.015731292517006803
2782.5;0.015854570888502284;0.017814806907942786;0.017547197908565945
2784.0;0.015762630806304054;0.01606832657788072;0.018332165356039182
2785.5;0.01742454262104108;0.038100208768267224;0.016863406408094434
2787.0;0.07620041753653445;0.016664843504300385;0.01678765880217786
2788.5;0.01850632726208763;0.018470790378006873;0.019041938815588494
2790.0;0.047619047619047616;0.015280135823429542;0.01942319011183049
2791.5;0.015095605501509561;0.017623877982923447;0.0161839863713799
2793.0;0.017547197908565945;0.018612132352941176;0.01865038996269922
2794.5;0.014870091759449306;0.05150665732305536;0.017094017094017096
2796.0;0.01865038996269922;0.04819144243493604;0.015095605501509561
2797.5;0.017094017094017096;0.01773141070098048;0.0175513698630137
2799.0;0.017094017094017096;0.018412909295538002;0.059033078880407125
2800.5;0.01597712748065927;0.04315196998123827;0.01749271137026239
2802.0;0.01865038996269922;0.017824497257769654;0.015163102542134104
2803.5;0.016745540589734254;0.015280135823429542;0.018010291595197254
2805.0;0.01597712748065927;0.08315565031982942;0.017754480892796753
2806.5;0.0175513698630137;0.05048076923076923;0.017373380447585393
2808.0;0.016638225255972697;0.06124721603563474;0.019395134779750165
2809.5;0.01865038996269922;0.018026004728132386;0.019944341372912802
2811.0;0.016676298192025096;0.08088438762521445;0.016335052812576762
2812.5;0.015769487034319674;0.07501933488012374;0.0189328743545611
2814.0;0.015731292517006803;0.017094017094017096;0.017373380447585393
2815.5;0.01865038996269922;0.016403046280023436;0.0175513698630137
2817.0;0.01865038996269922;0.018086080586080584;0.01904761904761905
2818.5;0.01672535211267606;0.015139193690331638;0.018026004728132386
2820.0;0.015871286409530037;0.017094017094017096;0.0175513698630137
2821.5;0.01597712748065927;0.017674869549113806;0.017206835592221567
2823.0;0.0161839863713799;0.018063880198607787;0.018612132352941176
2824.5;0.017094017094017096;0.03798297314996725;0.016043635035830027
2826.0;0.0161839863713799;0.018010291595197254;0.01861305152546421
2827.5;0.01850632726208763;0.01950286806883365;0.017825311942959002
2829.0;0.01842179442537598;0.07170099160945842;0.018902169101372285
2830.5;0.01663225731761437;0.015861825872400422;0.019408502772643253
2832.0;0.017443347491498312;0.018532478954642544;0.017824497257769654
2833.5;0.014850222990092551;0.019730986054791812;0.018937169700528483
2835.0;0.014844188506303903;0.017245498577354967;0.01845342706502636
2836.5;0.048187022900763356;0.016021354796844352;0.03476482617586912
2838.0;0.01865038996269922;0.018010291595197254;0.018470790378006873
2839.5;0.017015706806282723;0.01845342706502636;0.01850632726208763
2841.0;0.01848360454802751;0.020006613756613757;0.018612132352941176
2842.5;0.01597712748065927;0.019617301817012378;0.016209169954000083
2844.0;0.017094017094017096;0.0370850622406639;0.047658862876254184
2845.5;0.0161839863713799;0.01834061135371179;0.019013666072489603
2847.0;0.01597712748065927;0.02041832669322709;0.017373380447585393
2848.5;0.017623877982923447;0.017164417047507707;0.015280135823429542
2850.0;0.017498443680569787;0.036911110063594516;0.018010291595197254
2851.5;0.018289844042285466;0.01737602202787949;0.01780160609014529
2853.0;0.018289844042285466;0.015414729630535846;0.018354055654233276
2854.5;0.018026004728132386;0.0848576383062035;0.019456303057068552
2856.0;0.016745540589734254;0.01733025239957341;0.01904761904761905
2857.5;0.016638225255972697;0.017373380447585393;0.01890359168241966
2859.0;0.01834862385321101;0.017754480892796753;0.017137603137926366
2860.5;0.017825311942959002;0.019327580007191657;0.017137291262122448
2862.0;0.018532729644693425;0.05096618357487923;0.03412017167381975
2863.5;0.018470790378006873;0.03646288209606987;0.03498920086393088
2865.0;0.06057007125890736;0.01834061135371179;0.030495759947814744
2866.5;0.01799009736360781;0.016448125143777317;0.03476482617586912
2868.0;0.01498752181209934;0.03411405295315682;0.033861185983827494
2869.5;0.01666579096790006;0.036165577342047936;0.016170154538701697
2871.0;0.015280135823429542;0.03599221789883269;0.020006613756613757
2872.5;0.017015706806282723;0.016830578931359627;0.01733025239957341
2874.0;0.017934291168491913;0.015280135823429542;0.02080873671782763
2875.5;0.019408502772643253;0.01903935793642449;0.019408502772643253
2877.0;0.015414729630535846;0.017373380447585393;0.01756386861313869
2878.5;0.07796881247500999;0.017771545130035694;0.019274809160305342
2880.0;0.01834862385321101;0.05346127484578478;0.018612132352941176
2881.5;0.018052243358660087;0.017232945780185874;0.017824497257769654
2883.0;0.016755205752543818;0.0398891657678432;0.017089125102207687
2884.5;0.017553774980973956;0.018082813426555547;0.03189528023598819
2886.0;0.018354055654233276;0.03476482617586912;0.018016244154565594
2887.5;0.018354055654233276;0.017094017094017096;0.016335052812576762
2889.0;0.016638225255972697;0.015871286409530037;0.018302175503958486
2890.5;0.01597712748065927;0.018197573656845753;0.018683274021352312
2892.0;0.015731292517006803;0.01726263871763255;0.019873626501266062
2893.5;0.017754480892796753;0.018470790378006873;0.0152400907758678
2895.0;0.017754480892796753;0.0470532319391635;0.01929824561403509
2896.5;0.01842179442537598;0.017699115044247787;0.0457863304578633
2898.0;0.016638225255972697;0.018026004728132386;0.018790622743180933
2899.5;0.015871286409530037;0.016217853406024562;0.016406008217908503
2901.0;0.014945495799148322;0.017121863302370723;0.020240539747726608
2902.5;0.015414729630535846;0.0370850622406639;0.017733344356391206
2904.0;0.05155773789366746;0.037760416666666664;0.0189328743545611
2905.5;0.01764836420273119;0.018770331246283536;0.049515381373788456
2907.0;0.01491718899048849;0.017975311614128537;0.01704391595915832
2908.5;0.017754480892796753;0.017368069472277887;0.0170487948265726
2910.0;0.015871286409530037;0.019524316648917288;0.01658516707416463
2911.5;0.018026004728132386;0.01733025239957341;0.017830478700043915
2913.0;0.0470532319391635;0.01942319011183049;0.017292521300094666
2914.5;0.016676298192025096;0.019274809160305342;0.03879026955950033
2916.0;0.015769487034319674;0.01942319011183049;0.0547029702970297
2917.5;0.018354055654233276;0.08048289738430583;0.017121863302370723
2919.0;0.044811320754716985;0.018163597644995613;0.018010291595197254
2920.5;0.018470790378006873;0.015434504692713043;0.1052779732582688
2922.0;0.01783664661861255;0.018026004728132386;0.09687743950039032
2923.5;0.049329501915708805;0.016335052812576762;0.04468816500245539
2925.0;0.018314772574802095;0.018612132352941176;0.017045454545454544
2926.5;0.016335052812576762;0.01851219928339874;0.03282828282828283
2928.0;0.015907416444202047;0.016839556624530412;0.015154962909024714
2929.5;0.016648083640921553;0.09645232815964523;0.03443877551020408
2931.0;0.017015706806282723;0.07425742574257424;0.038100208768267224
2932.5;0.017824497257769654;0.018026004728132386;0.06285274499743458
2934.0;0.017824497257769654;0.0189328743545611;0.018086080586080584
2935.5;0.01705018909044292;0.015871286409530037;0.019801980198019802
2937.0;0.019013666072489603;0.01865038996269922;0.01882395123700251
2938.5;0.015095605501509561;0.01929824561403509;0.019961612284069098
2940.0;0.015731292517006803;0.017697567180791858;0.01772583585828775
2941.5;0.01597712748065927;0.01606832657788072;0.03189528023598819
2943.0;0.01850632726208763;0.01769786396640252;0.018305265740219637
2944.5;0.018026004728132386;0.015028090593903158;0.018558172733761598
2946.0;0.05294802172226532;0.017825311942959002;0.018065656349227195
2947.5;0.01589496047739557;0.01904761904761905;0.03436018957345971
2949.0;0.01589496047739557;0.09033816425120773;0.053562653562653564
2950.5;0.017822888102077248;0.01672535211267606;0.01923284128865424
2952.0;0.014961939656692416;0.01749271137026239;0.021966527196652718
2953.5;0.0791369275416616;0.03498920086393088;0.018412447367813556
2955.0;0.0791369275416616;0.0177109440267335;0.06325301204819277
2956.5;0.01573037954265232;0.036783854166666664;0.017699115044247787
2958.0;0.016572566760467512;0.03542094455852156;0.019408502772643253
2959.5;0.0161839863713799;0.017961645808949312;0.01842800035618964
2961.0;0.017094017094017096;0.017623877982923447;0.050556983718937444
2962.5;0.01850632726208763;0.09492273730684328;0.04172622319956021
2964.0;0.016676298192025096;0.0170487948265726;0.018693344605701937
2965.5;0.016676298192025096;0.019375364664178694;0.018371212121212118
2967.0;0.01836806645203033;0.017620235846214374;0.02018348623853211
2968.5;0.015743018124095107;0.08174014596035224;0.015125554237353003
2970.0;0.015743018124095107;0.03758169934640523;0.017373380447585393
2971.5;0.015743018124095107;0.015280135823429542;0.018185821224130337
2973.0;0.015743018124095107;0.01713180436584692;0.04083665338645418
2974.5;0.017443347491498312;0.03187751004016064;0.06291516416777376
2976.0;0.017443347491498312;0.01847256430674642;0.052961275626423686
2977.5;0.017443347491498312;0.021540560540190545;0.04659498207885305
2979.0;0.017443347491498312;0.01834862385321101;0.016838000708968452
2980.5;0.017443347491498312;0.018354055654233276;0.04892400806993947
2982.0;0.0189328743545611;0.018010291595197254;0.05251256281407036
2983.5;0.0189328743545611;0.01865038996269922;0.03718749662814661
2985.0;0.017754480892796753;0.019408502772643253;0.032151143520053035
2986.5;0.01836806645203033;0.018716969225741748;0.050556983718937444
2988.0;0.017094017094017096;0.0189328743545611;0.036748329621380846
2989.5;0.017754480892796753;0.12378653940018439;0.039094011790257524
2991.0;0.04990403071017274;0.015271108952289683;0.018595825426944972
2992.5;0.04990403071017274;0.040013227513227514;0.019139945314441957
2994.0;0.015871286409530037;0.015225395561747438;0.019142066420664204
2995.5;0.01663225731761437;0.01834061135371179;0.0174812030075188
2997.0;0.015280135823429542;0.01784040701566475;0.03646288209606987
2998.5;0.015001087035292413;0.01845342706502636;0.01730418943533698
3000.0;0.015001087035292413;0.04875717017208413;0.01949946200135496
3001.5;0.015095605501509561;0.017623877982923447;0.01834862385321101
3003.0;0.015001087035292413;0.017754480892796753;0.04762661580843399
3004.5;0.018010291595197254;0.018010291595197254;0.018876611418047883
3006.0;0.01597712748065927;0.015095605501509561;0.021462105969148222
3007.5;0.018010291595197254;0.0189328743545611;0.04135350119002882
3009.0;0.017373380447585393;0.016745540589734254;0.02219794227442411
3010.5;0.015001087035292413;0.01842179442537598;0.017319521206447003
3012.0;0.015001087035292413;0.017094017094017096;0.053562653562653564
3013.5;0.01597712748065927;0.015280135823429542;0.07037533512064344
3015.0;0.0175513698630137;0.08216097234185091;0.01731640784414803
3016.5;0.018010291595197254;0.018470790378006873;0.04151916857982177
3018.0;0.01865038996269922;0.015280135823429542;0.018532478954642544
3019.5;0.01865038996269922;0.0175513698630137;0.017243936761483166
3021.0;0.01842179442537598;0.01597712748065927;0.033366867873910126
3022.5;0.01842179442537598;0.01726263871763255;0.019948892120054688
3024.0;0.01842179442537598;0.053377871702229185;0.02111421114211142
3025.5;0.01842179442537598;0.019274809160305342;0.06005577657383898
3027.0;0.01663225731761437;0.016862556968097867;0.018724789469959667
3028.5;0.01663225731761437;0.017373380447585393;0.0188212927756654
3030.0;0.016568094782873223;0.01882395123700251;0.016775599128540302
3031.5;0.0161839863713799;0.017699115044247787;0.019276956137024393
3033.0;0.01865038996269922;0.04425612052730697;0.017432449259120908
3034.5;0.014910112661872163;0.017623877982923447;0.020212060967528162
3036.0;0.017754480892796753;0.017924528301886795;0.09034464234059258
3037.5;0.017547197908565945;0.018086080586080584;0.08672086720867209
3039.0;0.018470790378006873;0.01678424862821045;0.031435154707044104
3040.5;0.018470790378006873;0.018643237617094226;0.019287638695999965
3042.0;0.018470790378006873;0.0189328743545611;0.019118110600207804
3043.5;0.018470790378006873;0.017373380447585393;0.02023809523809524
3045.0;0.018470790378006873;0.01606832657788072;0.015334767893556102
3046.5;0.015095605501509561;0.017287443030017287;0.037049589725294325
3048.0;0.015095605501509561;0.015446744068652195;0.0532795156407669
3049.5;0.017094017094017096;0.017202407162777045;0.07943349753694581
3051.0;0.017094017094017096;0.017373380447585393;0.020240539747726608
3052.5;0.01865038996269922;0.01845342706502636;0.016932391380132188
3054.0;0.015871286409530037;0.019675925925925927;0.03683013965573238
3055.5;0.015871286409530037;0.017122114923635367;0.053422756706753005
3057.0;0.045928030303030304;0.09699769053117782;0.04901960784313726
3058.5;0.045928030303030304;0.01865038996269922;0.05223585278986942
3060.0;0.017754480892796753;0.017623877982923447;0.015663069961712496
3061.5;0.017754480892796753;0.016638225255972697;0.02019230769230769
3063.0;0.01850632726208763;0.017094017094017096;0.12658564375237372
3064.5;0.016676298192025096;0.01597712748065927;0.01904761904761905
3066.0;0.07016556801787727;0.016676298192025096;0.020547558566186848
3067.5;0.01485852872552252;0.06741573033707866;0.04993514915693905
3069.0;0.01485852872552252;0.017094017094017096;0.018876611418047883
3070.5;0.016550266845809666;0.0189328743545611;0.0350922131147541
3072.0;0.016550266845809666;0.03282828282828283;0.016371008616320324
3073.5;0.01826142579350741;0.04376148527824246;0.01929824561403509
3075.0;0.01826142579350741;0.01886572605391963;0.018010291595197254
3076.5;0.01826142579350741;0.015731292517006803;0.0497485632183908
3078.0;0.01826142579350741;0.018323203432248837;0.03680555555555556
3079.5;0.01826142579350741;0.018026004728132386;0.019679300291545188
3081.0;0.01826142579350741;0.017094017094017096;0.018899567611368302
3082.5;0.01826142579350741;0.04377104377104378;0.03871514694800301
3084.0;0.01826142579350741;0.017094017094017096;0.08799797122832904
3085.5;0.01826142579350741;0.017015706806282723;0.03558913979988794
3087.0;0.06833177282325804;0.018354055654233276;0.034912718204488775
3088.5;0.06833177282325804;0.01749271137026239;0.020663985625053477
3090.0;0.06833177282325804;0.017391304347826087;0.018702827745365153
3091.5;0.014832305600435561;0.017854807063440156;0.01756386861313869
3093.0;0.018246600758721136;0.01733025239957341;0.05265448215839861
3094.5;0.05048076923076923;0.017887070857162603;0.03676148796498906
3096.0;0.05048076923076923;0.01786090540478038;0.03533589422905128
3097.5;0.051640926640926635;0.017754480892796753;0.019565007974471776
3099.0;0.015001087035292413;0.016745540589734254;0.020006613756613757
3100.5;0.017498443680569787;0.036415289256198344;0.019765354813290725
3102.0;0.01488644788002137;0.017373380447585393;0.03868026915563273
3103.5;0.08265038510424652;0.06973170529113713;0.0188212927756654
3105.0;0.08265038510424652;0.05613305613305613;0.01853959561795172
3106.5;0.01826142579350741;0.0161839863713799;0.05468119451170299
3108.0;0.014836509492270044;0.01842179442537598;0.017686206625982217
3109.5;0.014836509492270044;0.018848906360245943;0.019427710843373493
3111.0;0.017094017094017096;0.017094017094017096;0.016335052812576762
3112.5;0.017754480892796753;0.016638225255972697;0.01983411467724486
3114.0;0.01865038996269922;0.015095605501509561;0.10493865700995847
3115.5;0.014910112661872163;0.017699115044247787;0.03878406708595388
3117.0;0.014870091759449306;0.017094017094017096;0.01904761904761905
3118.5;0.018470790378006873;0.017754480892796753;0.015907941325240264
3120.0;0.01865038996269922;0.014945495799148322;0.01834862385321101
3121.5;0.015001087035292413;0.01597712748065927;0.019801980198019802
3123.0;0.015001087035292413;0.01597712748065927;0.01726263871763255
3124.5;0.01663225731761437;0.0175513698630137;0.032392026578073094
3126.0;0.05339805825242719;0.09087154068566708;0.02034425929316975
3127.5;0.038385826771653545;0.09087154068566708;0.05630026809651474
3129.0;0.018848906360245943;0.015001087035292413;0.01780160609014529
3130.5;0.01594765689784196;0.01842179442537598;0.020618556701030927
3132.0;0.08340490877384764;0.01836806645203033;0.03503787878787879
3133.5;0.01490398320124353;0.016638225255972697;0.019515329206935245
3135.0;0.01490398320124353;0.016638225255972697;0.019710022305976464
3136.5;0.01490398320124353;0.08560945780676722;0.06916126042632066
3138.0;0.017439295057023192;0.0175513698630137;0.019865614957639496
3139.5;0.017439295057023192;0.017754480892796753;0.03411405295315682
3141.0;0.07844700998986143;0.015769487034319674;0.053562653562653564
3142.5;0.018010291595197254;0.0170487948265726;0.03469827586206897
3144.0;0.01865038996269922;0.09645232815964523;0.05819060166886253
3145.5;0.01597712748065927;0.09645232815964523;0.038441422594142266
3147.0;0.08216097234185091;0.09645232815964523;0.05529197080291971
3148.5;0.014910112661872163;0.09645232815964523;0.06483790523690772
3150.0;0.01488644788002137;0.015871286409530037;0.020833333333333332
3151.5;0.01488644788002137;0.0470532319391635;0.019328632196396744
3153.0;0.047619047619047616;0.016863406408094434;0.03589420654911838
3154.5;0.047619047619047616;0.016676298192025096;0.01723190238003628
3156.0;0.08691206543967281;0.017094017094017096;0.019341334077588614
3157.5;0.08691206543967281;0.01850632726208763;0.018354055654233276
3159.0;0.08691206543967281;0.017547197908565945;0.05432098765432099
3160.5;0.049329501915708805;0.015769487034319674;0.020338109093587714
3162.0;0.049329501915708805;0.015095605501509561;0.08420253660447578
3163.5;0.01597712748065927;0.0882232252769799;0.05121664050235479
3165.0;0.016745540589734254;0.01865038996269922;0.019408502772643253
3166.5;0.016745540589734254;0.016745540589734254;0.01645021645021645
3168.0;0.016676298192025096;0.01842179442537598;0.019276956137024393
3169.5;0.017094017094017096;0.01836806645203033;0.046550290939318374
3171.0;0.017754480892796753;0.018026004728132386;0.05459770114942529
3172.5;0.0175513698630137;0.015095605501509561;0.019390261522901315
3174.0;0.016429426632965278;0.08265594250021391;0.08108252086586548
3175.5;0.018086080586080584;0.017754480892796753;0.01756386861313869
3177.0;0.017215791035915702;0.017754480892796753;0.09050971988366754
3178.5;0.016025963289428118;0.017754480892796753;0.019408502772643253
3180.0;0.07851497072299662;0.016863406408094434;0.01825884185952887
3181.5;0.018341918796016078;0.018354055654233276;0.019944341372912802
3183.0;0.015001087035292413;0.0189328743545611;0.018141311266709103
3184.5;0.016638225255972697;0.0175513698630137;0.01918074160357212
3186.0;0.018683274021352312;0.0175513698630137;0.051617709663686666
3187.5;0.07894736842105263;0.017754480892796753;0.01862097440132122
3189.0;0.01865038996269922;0.015731292517006803;0.018487434139972954
3190.5;0.0161839863713799;0.016638225255972697;0.019274809160305342
3192.0;0.018026004728132386;0.01865038996269922;0.03379065040650407
3193.5;0.043703007518796994;0.018010291595197254;0.016403046280023436
3195.0;0.01726263871763255;0.018470790378006873;0.03412017167381975
3196.5;0.01678765880217786;0.016745540589734254;0.015354517600011507
3198.0;0.015414729630535846;0.01836806645203033;0.03423626787057938
3199.5;0.015731292517006803;0.06945691490726251;0.017617152611524214
3201.0;0.01865038996269922;0.015724726735506497;0.01904761904761905
3202.5;0.016638225255972697;0.017094017094017096;0.03528138528138528
3204.0;0.017373380447585393;0.01865038996269922;0.03848370973038054
3205.5;0.0189328743545611;0.01850632726208763;0.032924107142857144
3207.0;0.01874107841782935;0.01597712748065927;0.015538812707021126
3208.5;0.015095605501509561;0.01597712748065927;0.017227259432582628
3210.0;0.018470790378006873;0.017623877982923447;0.01809837338182759
3211.5;0.015001087035292413;0.015809071886378992;0.018937169700528483
3213.0;0.016638225255972697;0.017465858520325457;0.01702553830746119
3214.5;0.016638225255972697;0.017465858520325457;0.019274809160305342
3216.0;0.01608187134502924;0.018470790378006873;0.05432595573440643
3217.5;0.01654091700522345;0.018470790378006873;0.03668182717025904
3219.0;0.015069294547215105;0.015809071886378992;0.015848352059835067
3220.5;0.032696390658174104;0.015809071886378992;0.017094017094017096
3222.0;0.018803418803418803;0.015769487034319674;0.017373380447585393
3223.5;0.015095605501509561;0.017094017094017096;0.018314772574802095
3225.0;0.0175513698630137;0.017754480892796753;0.01654091700522345
3226.5;0.016863406408094434;0.04425612052730697;0.01726263871763255
3228.0;0.01842179442537598;0.017754480892796753;0.017465753424657532
3229.5;0.01488644788002137;0.017754480892796753;0.05542725173210161
3231.0;0.01485852872552252;0.01850632726208763;0.01842800035618964
3232.5;0.0161839863713799;0.01850632726208763;0.016101443153492302
3234.0;0.0170487948265726;0.01850632726208763;0.015280135823429542
3235.5;0.08431531897602601;0.01850632726208763;0.019395134779750165
3237.0;0.01597712748065927;0.01842179442537598;0.019944341372912802
3238.5;0.017094017094017096;0.01842179442537598;0.01995238481724968
3240.0;0.015871286409530037;0.018332165356039182;0.07425002048770064
3241.5;0.015743018124095107;0.015724726735506497;0.019142066420664204
3243.0;0.01597712748065927;0.08560945780676722;0.039473684210526314
3244.5;0.01842179442537598;0.08560945780676722;0.043375515247724795
3246.0;0.017824497257769654;0.015001087035292413;0.01749271137026239
3247.5;0.015154962909024714;0.015809071886378992;0.01775534628830588
3249.0;0.08691206543967281;0.015809071886378992;0.0391281512605042
3250.5;0.017094017094017096;0.01830736743700201;0.04198841698841698
3252.0;0.0175513698630137;0.016557768507871926;0.018543046357615892
3253.5;0.017825311942959002;0.016557768507871926;0.018454164170161776
3255.0;0.017373380447585393;0.014839767744728968;0.019138359569179784
3256.5;0.016335052812576762;0.052961275626423686;0.019308943089430895
3258.0;0.08891716143624541;0.015154962909024714;0.019315929102552063
3259.5;0.04208416833667335;0.01766843911960692;0.03476946334089191
3261.0;0.01749271137026239;0.01766843911960692;0.018086867914915296
3262.5;0.03718199608610568;0.015731292517006803;0.018991486574983625
3264.0;0.019142066420664204;0.017754480892796753;0.017699115044247787
3265.5;0.016217853406024562;0.017754480892796753;0.018413173652694608
3267.0;0.04875717017208413;0.0175513698630137;0.02105263157894737
3268.5;0.08954302181967888;0.018010291595197254;0.08011298509906663
3270.0;0.016863406408094434;0.07425742574257424;0.018737131091283457
3271.5;0.01865038996269922;0.017699115044247787;0.03798297314996725
3273.0;0.01865038996269922;0.017623877982923447;0.039603960396039604
3274.5;0.018354055654233276;0.014945495799148322;0.020618556701030927
3276.0;0.016897746967071057;0.06804328160965284;0.07070801488242516
3277.5;0.016897746967071057;0.045928030303030304;0.04703135423615744
3279.0;0.017287443030017287;0.018197573656845753;0.01822513964717392
3280.5;0.01856198874464861;0.08613880653395758;0.06101190476190476
3282.0;0.015095605501509561;0.08048289738430583;0.01882395123700251
3283.5;0.014910112661872163;0.0175513698630137;0.018323203432248837
3285.0;0.06593806286876763;0.0175513698630137;0.017825311942959002
3286.5;0.017427438387099873;0.018354055654233276;0.018671683262517162
3288.0;0.016557768507871926;0.01606832657788072;0.03674948240165632
3289.5;0.048187022900763356;0.017368069472277887;0.019524316648917288
3291.0;0.048187022900763356;0.017368069472277887;0.036783854166666664
3292.5;0.048187022900763356;0.1006049447659127;0.03919631093544137
3294.0;0.017754480892796753;0.017773776536674248;0.01846647932557206
3295.5;0.08144892908951275;0.08530042918454936;0.018741943040540446
3297.0;0.018010291595197254;0.08530042918454936;0.018832655731576244
3298.5;0.017094017094017096;0.08560945780676722;0.017082720679343785
3300.0;0.047619047619047616;0.01756386861313869;0.01672535211267606
3301.5;0.07182211727666273;0.04054054054054054;0.039603960396039604
3303.0;0.017373380447585393;0.03903175848621898;0.018354055654233276
3304.5;0.01917044266294876;0.0176170149769301;0.0161839863713799
3306.0;0.015912208009267122;0.016851055402653543;0.05048076923076923
3307.5;0.016703877388545722;0.016672001244570175;0.01741884402216944
3309.0;0.08069175260573003;0.016638225255972697;0.017373380447585393
3310.5;0.08069175260573003;0.01597712748065927;0.019408502772643253
3312.0;0.015095605501509561;0.018010291595197254;0.039509360877985795
3313.5;0.0170487948265726;0.017754480892796753;0.017753283929479117
3315.0;0.017373380447585393;0.018010291595197254;0.018086080586080584
3316.5;0.018848906360245943;0.016676298192025096;0.018371212121212118
3318.0;0.015069294547215105;0.017498443680569787;0.017910447761194027
3319.5;0.0189328743545611;0.017465858520325457;0.017373380447585393
3321.0;0.017094017094017096;0.016582472972657695;0.016979552792060267
3322.5;0.017094017094017096;0.017824497257769654;0.040765100838347224
3324.0;0.015001087035292413;0.01783664661861255;0.03584015103838892
3325.5;0.01672535211267606;0.01845157937014199;0.047335759531697934
3327.0;0.015280135823429542;0.018354055654233276;0.01904761904761905
3328.5;0.018010291595197254;0.016897746967071057;0.015399445716351367
3330.0;0.01834862385321101;0.015188609731168737;0.04692434116868556
3331.5;0.01780160609014529;0.0189328743545611;0.018354055654233276
3333.0;0.016403046280023436;0.016745540589734254;0.0189328743545611
3334.5;0.01929824561403509;0.01660281557997176;0.018937169700528483
3336.0;0.01605832636760472;0.01660281557997176;0.016429426632965278
3337.5;0.0161839863713799;0.01874107841782935;0.03798297314996725
3339.0;0.015001087035292413;0.03411405295315682;0.01597712748065927
3340.5;0.014945495799148322;0.04260299625468165;0.0175513698630137
3342.0;0.014945495799148322;0.0189328743545611;0.016043635035830027
3343.5;0.0161839863713799;0.016448125143777317;0.016785765670711238
3345.0;0.01678424862821045;0.01822145094387539;0.015414729630535846
3346.5;0.018542690508967015;0.01672535211267606;0.03450226244343891
3348.0;0.016897746967071057;0.017015706806282723;0.03450226244343891
3349.5;0.015517241379310345;0.018010291595197254;0.018163597644995613
3351.0;0.07286108555657773;0.018354055654233276;0.017287443030017287
3352.5;0.031435154707044104;0.01865038996269922;0.0175513698630137
3354.0;0.017416748873543605;0.018026004728132386;0.015446744068652195
3355.5;0.016003131646310193;0.017699115044247787;0.0161839863713799
3357.0;0.017699115044247787;0.016403046280023436;0.018683274021352312
3358.5;0.017094017094017096;0.018937169700528483;0.018683274021352312
3360.0;0.016863406408094434;0.01654091700522345;0.05294802172226532
3361.5;0.016638225255972697;0.0552187093980078;0.015280135823429542
3363.0;0.017094017094017096;0.045567082339717783;0.033547008547008546
3364.5;0.017754480892796753;0.01672535211267606;0.018413173652694608
3366.0;0.042924211938296444;0.018010291595197254;0.017006635536986975
3367.5;0.045576360238372304;0.017094017094017096;0.07835067415970921
3369.0;0.018753527560063075;0.01672535211267606;0.047619047619047616
3370.5;0.0170487948265726;0.0189328743545611;0.018612132352941176
3372.0;0.0170487948265726;0.01950286806883365;0.018323203432248837
3373.5;0.04674489023467071;0.019659185369908565;0.07975986277873069
3375.0;0.017373380447585393;0.09121619107853714;0.017015706806282723
3376.5;0.018010291595197254;0.017561144802089385;0.017015706806282723
3378.0;0.01756386861313869;0.0175513698630137;0.045636553123800126
3379.5;0.015280135823429542;0.015095605501509561;0.01710322537202882
3381.0;0.018010291595197254;0.018937169700528483;0.017971946230274694
3382.5;0.0161839863713799;0.017699115044247787;0.0170487948265726
3384.0;0.01882395123700251;0.018314772574802095;0.015280135823429542
3385.5;0.03718199608610568;0.018876611418047883;0.044811320754716985
3387.0;0.018696834582424188;0.018197573656845753;0.07905457014342697
3388.5;0.018010291595197254;0.07672379434037466;0.018371212121212118
3390.0;0.017754480892796753;0.017391304347826087;0.015185110687790623
3391.5;0.016638225255972697;0.018683274021352312;0.015731292517006803
3393.0;0.017754480892796753;0.016293098349991132;0.0161839863713799
3394.5;0.017094017094017096;0.015280135823429542;0.016863406408094434
3396.0;0.041250831669993354;0.019408502772643253;0.0175513698630137
3397.5;0.01942319011183049;0.016937514305333027;0.015280135823429542
3399.0;0.017287443030017287;0.016863406408094434;0.015095605501509561
3400.5;0.019675925925925927;0.016863406408094434;0.0189328743545611
3402.0;0.01675356994726551;0.015597920277296359;0.016293098349991132
3403.5;0.018470790378006873;0.018010291595197254;0.016694437748184725
3405.0;0.0528117359413203;0.018010291595197254;0.0161839863713799
3406.5;0.01807884005437245;0.016128420893033128;0.015095605501509561
3408.0;0.018010291595197254;0.019139945314441957;0.018876611418047883
3409.5;0.06533036377134371;0.018010291595197254;0.019139945314441957
3411.0;0.0175513698630137;0.041666666666666664;0.038441422594142266
3412.5;0.01749271137026239;0.053562653562653564;0.01713180436584692
3414.0;0.01694768198513463;0.01576182136602452;0.01665806179880234
3415.5;0.015280135823429542;0.016863406408094434;0.017560580694800747
3417.0;0.01756386861313869;0.019013666072489603;0.038385826771653545
3418.5;0.016335052812576762;0.05486947006409254;0.09492273730684328
3420.0;0.017015706806282723;0.05048076923076923;0.015871286409530037
3421.5;0.01749271137026239;0.017094017094017096;0.017547197908565945
3423.0;0.017699115044247787;0.01865038996269922;0.07773101809313682
3424.5;0.01749271137026239;0.018143754361479414;0.0189328743545611
3426.0;0.019345238095238096;0.016263612953345514;0.015871286409530037
3427.5;0.01730418943533698;0.01845342706502636;0.01672535211267606
3429.0;0.06190191387559808;0.07425742574257424;0.03411405295315682
3430.5;0.0363872644574399;0.018683274021352312;0.016838000708968452
3432.0;0.017015706806282723;0.03919631093544137;0.01713180436584692
3433.5;0.018470790378006873;0.01702553830746119;0.0189328743545611
3435.0;0.05149558123725356;0.01834862385321101;0.018470790378006873
3436.5;0.015188609731168737;0.01672239597595953;0.015095605501509561
3438.0;0.044811320754716985;0.0776056792513714;0.0161839863713799
3439.5;0.01842179442537598;0.01835078161749423;0.017094017094017096
3441.0;0.015743018124095107;0.018699545475974563;0.018010291595197254
3442.5;0.016568094782873223;0.01589114201095965;0.04208416833667335
3444.0;0.014850222990092551;0.03314777327935223;0.018010291595197254
3445.5;0.0175513698630137;0.08967391304347826;0.01865038996269922
3447.0;0.016863406408094434;0.0175513698630137;0.017623877982923447
3448.5;0.0161839863713799;0.01842179442537598;0.017094017094017096
3450.0;0.015095605501509561;0.10380856083586112;0.018010291595197254
3451.5;0.014945495799148322;0.07575467366027468;0.017754480892796753
3453.0;0.014945495799148322;0.017934291168491913;0.018010291595197254
3454.5;0.017498443680569787;0.0846116507388057;0.018803418803418803
3456.0;0.018332165356039182;0.0175513698630137;0.017373380447585393
3457.5;0.014850222990092551;0.07007575757575758;0.03476482617586912
3459.0;0.016863406408094434;0.016838000708968452;0.019139945314441957
3460.5;0.035598705501618116;0.017122114923635367;0.01783664661861255
3462.0;0.05222437137330754;0.015005425219293338;0.09087154068566708
3463.5;0.05222437137330754;0.018197573656845753;0.017754480892796753
3465.0;0.01672535211267606;0.0185554688027144;0.03383297644539615
3466.5;0.041250831669993354;0.016700702455922763;0.03383297644539615
3468.0;0.01612259159428971;0.038385826771653545;0.017987706243934
3469.5;0.08954302181967888;0.01612259159428971;0.018354055654233276
3471.0;0.016403046280023436;0.015871286409530037;0.01865038996269922
3472.5;0.01780160609014529;0.019345238095238096;0.051640926640926635
3474.0;0.01825884185952887;0.01879117923894043;0.04875717017208413
3475.5;0.015119469629254152;0.017287443030017287;0.07796881247500999
3477.0;0.045928030303030304;0.015037639142305628;0.01606832657788072
3478.5;0.020625415834996677;0.016403046280023436;0.040013227513227514
3480.0;0.018143754361479414;0.017934291168491913;0.016147939745618664
3481.5;0.017620235846214374;0.018683274021352312;0.04260299625468165
3483.0;0.018677485194924924;0.018683274021352312;0.018323203432248837
3484.5;0.015280135823429542;0.01845342706502636;0.01749271137026239
3486.0;0.0175513698630137;0.017934291168491913;0.016979552792060267
3487.5;0.016676298192025096;0.018010291595197254;0.11120162932790224
3489.0;0.015743018124095107;0.01597712748065927;0.08787465940054497
3490.5;0.0161839863713799;0.018026004728132386;0.0826771653543307
3492.0;0.014945495799148322;0.017754480892796753;0.01756386861313869
3493.5;0.01488644788002137;0.01606832657788072;0.015139193690331638
3495.0;0.017754480892796753;0.020304139678963676;0.0175513698630137
3496.5;0.0161839863713799;0.01611403703978439;0.01756386861313869
3498.0;0.016863406408094434;0.01672535211267606;0.07775810428422499
3499.5;0.0175513698630137;0.0189328743545611;0.01597712748065927
3501.0;0.07796881247500999;0.01834862385321101;0.0161839863713799
3502.5;0.017547197908565945;0.016335052812576762;0.0170487948265726
3504.0;0.0161839863713799;0.016604605213162094;0.01730418943533698
3505.5;0.018470790378006873;0.018876611418047883;0.016293098349991132
3507.0;0.01865038996269922;0.038385826771653545;0.06885403028196797
3508.5;0.016676298192025096;0.018876611418047883;0.017094017094017096
3510.0;0.017443347491498312;0.0391281512605042;0.015280135823429542
3511.5;0.016638225255972697;0.08233944536499208;0.015225395561747438
3513.0;0.015809071886378992;0.015280135823429542;0.040013227513227514
3514.5;0.017754480892796753;0.0175513698630137;0.019408502772643253
3516.0;0.017094017094017096;0.01929824561403509;0.01766843911960692
3517.5;0.018086080586080584;0.03798297314996725;0.01730418943533698
3519.0;0.01675356994726551;0.01845342706502636;0.040013227513227514
3520.5;0.016917819729987117;0.01612259159428971;0.036165577342047936
3522.0;0.01865038996269922;0.017094017094017096;0.020726783310901747
3523.5;0.01836806645203033;0.016638225255972697;0.017062225393368134
3525.0;0.017465858520325457;0.0175513698630137;0.017460979111666896
3526.5;0.018010291595197254;0.0170487948265726;0.045086351826379344
3528.0;0.0175513698630137;0.01756386861313869;0.021673387096774195
3529.5;0.048187022900763356;0.015907416444202047;0.01874107841782935
3531.0;0.015871286409530037;0.01784040701566475;0.041666666666666664
3532.5;0.0175513698630137;0.017094017094017096;0.019427710843373493
3534.0;0.017754480892796753;0.017699115044247787;0.019114380899500277
3535.5;0.06973170529113713;0.03798297314996725;0.018876611418047883
3537.0;0.015769487034319674;0.046489563567362426;0.01834061135371179
3538.5;0.015769487034319674;0.018470790378006873;0.042418987753332624
3540.0;0.07993273782747468;0.018052243358660087;0.05501152073732719
3541.5;0.016568094782873223;0.016638225255972697;0.04064736499674691
3543.0;0.07503727202704219;0.05021367521367521;0.038441422594142266
3544.5;0.016550266845809666;0.017924528301886795;0.018683274021352312
3546.0;0.01654477169890474;0.016089299461123942;0.01924500859447309
3547.5;0.01726263871763255;0.016863406408094434;0.017373380447585393
3549.0;0.015898024165091146;0.018197573656845753;0.0188212927756654
3550.5;0.017094017094017096;0.016638225255972697;0.020656370656370653
3552.0;0.017094017094017096;0.018086080586080584;0.01866458752950859
3553.5;0.015871286409530037;0.015109552273918112;0.020006613756613757
3555.0;0.014945495799148322;0.01756386861313869;0.017391304347826087
3556.5;0.015769487034319674;0.019408502772643253;0.01747700394218134
3558.0;0.018289844042285466;0.015302583076023234;0.018086080586080584
3559.5;0.01570251018973342;0.01713180436584692;0.018902169101372285
3561.0;0.042924211938296444;0.036783854166666664;0.017521195475515235
3562.5;0.01612259159428971;0.016897746967071057;0.01763230690438348
3564.0;0.01597712748065927;0.01845342706502636;0.0161839863713799
3565.5;0.015001087035292413;0.017603269400950756;0.017971946230274694
3567.0;0.015809071886378992;0.015095605501509561;0.015195702225633155
3568.5;0.04260299625468165;0.016745540589734254;0.022789301310043666
3570.0;0.045928030303030304;0.017596390484003282;0.018876611418047883
3571.5;0.01865038996269922;0.018093752767418748;0.03287716955941255
3573.0;0.018010291595197254;0.018276750261740245;0.015242232916405257
3574.5;0.03481624758220503;0.016403046280023436;0.015597920277296359
3576.0;0.0161839863713799;0.019274809160305342;0.03469827586206897
3577.5;0.04990403071017274;0.020398251578436135;0.019274809160305342
3579.0;0.03879026955950033;0.048857868020304576;0.017222129645059158
3580.5;0.017094017094017096;0.0188212927756654;0.02080873671782763
3582.0;0.01597712748065927;0.018026004728132386;0.016354521819002692
3583.5;0.044811320754716985;0.018026004728132386;0.019541564255541218
3585.0;0.04425612052730697;0.01845400161997053;0.018086080586080584
3586.5;0.016745540589734254;0.016128420893033128;0.01816174441070936
3588.0;0.01663225731761437;0.017373380447585393;0.018086080586080584
3589.5;0.015724726735506497;0.017460979111666896;0.060668380462724936
3591.0;0.01597712748065927;0.016835957338750634;0.03450226244343891
3592.5;0.01597712748065927;0.0170487948265726;0.02041832669322709
3594.0;0.08569059601627427;0.01882395123700251;0.03383297644539615
3595.5;0.01830736743700201;0.01859099804305284;0.03567270913021787
3597.0;0.01865038996269922;0.018197573656845753;0.017643628794101234
3598.5;0.017094017094017096;0.017825311942959002;0.03072899640405361
