#auto generated file!
6.0;0.022155118652968785;0.022155118652968785;0.022155118652968785
7.5;0.022155118652968785;0.022155118652968785;0.022155118652968785
9.0;0.022155118652968785;0.022155118652968785;0.022155118652968785
10.5;0.022155118652968785;0.01652892561983471;0.022155118652968785
12.0;0.022155118652968785;0.01652892561983471;0.022155118652968785
13.5;0.022155118652968785;0.01652892561983471;0.02460456942003515
15.0;0.022155118652968785;0.0173841059602649;0.029516994633273706
16.5;0.022155118652968785;0.029504080351537978;0.027531083481349913
18.0;0.022155118652968785;0.03828413284132841;0.01672535211267606
19.5;0.01567656765676568;0.024816176470588234;0.01652892561983471
21.0;0.014827018121911038;0.03418803418803419;0.0173841059602649
22.5;0.017699115044247787;0.02623456790123457;0.0378657487091222
24.0;0.021301498127340824;0.01567656765676568;0.018354055654233276
25.5;0.023642732049036778;0.030993042378241617;0.017094017094017096
27.0;0.0323679727427598;0.030627490039840638;0.02703900709219858
28.5;0.03602058319039451;0.02703900709219858;0.031462585034013606
30.0;0.026060070671378093;0.039821029082774045;0.01567656765676568
31.5;0.033276450511945395;0.014827018121911038;0.01652892561983471
33.0;0.02802491103202847;0.014827018121911038;0.026060070671378093
34.5;0.02623456790123457;0.018010291595197254;0.01824212271973466
36.0;0.022789783889980354;0.02703900709219858;0.029017857142857144
37.5;0.01567656765676568;0.02623456790123457;0.018470790378006873
39.0;0.0175513698630137;0.01567656765676568;0.031746031746031744
40.5;0.02460456942003515;0.016638225255972697;0.04520697167755991
42.0;0.016638225255972697;0.01824212271973466;0.017094017094017096
43.5;0.016638225255972697;0.0230722525804493;0.027531083481349913
45.0;0.025573192239858905;0.026060070671378093;0.027531083481349913
46.5;0.01652892561983471;0.0189328743545611;0.018010291595197254
48.0;0.03418803418803419;0.01567656765676568;0.015280135823429542
49.5;0.03212468193384224;0.014827018121911038;0.01652892561983471
51.0;0.0378657487091222;0.03602058319039451;0.01567656765676568
52.5;0.0378657487091222;0.015280135823429542;0.02495201535508637
54.0;0.0351027397260274;0.042924211938296444;0.03442728442728442
55.5;0.018010291595197254;0.014827018121911038;0.01824212271973466
57.0;0.017094017094017096;0.023642732049036778;0.029017857142857144
58.5;0.02703900709219858;0.014827018121911038;0.01567656765676568
60.0;0.033276450511945395;0.0173841059602649;0.01567656765676568
61.5;0.036941580756013746;0.018010291595197254;0.01824212271973466
63.0;0.033276450511945395;0.0161839863713799;0.018470790378006873
64.5;0.03418803418803419;0.01567656765676568;0.017373380447585393
66.0;0.03418803418803419;0.030560271646859084;0.01672535211267606
67.5;0.0173841059602649;0.01824212271973466;0.0161839863713799
69.0;0.03136882129277567;0.018470790378006873;0.024114774114774116
70.5;0.03357531760435572;0.03722426470588235;0.0161839863713799
72.0;0.014827018121911038;0.03418803418803419;0.0175513698630137
73.5;0.02833675564681725;0.016638225255972697;0.01567656765676568
75.0;0.0173841059602649;0.033276450511945395;0.0175513698630137
76.5;0.014827018121911038;0.0285204991087344;0.019013666072489603
78.0;0.014827018121911038;0.02703900709219858;0.01567656765676568
79.5;0.030560271646859084;0.03617216117216117;0.014827018121911038
81.0;0.014827018121911038;0.0173841059602649;0.022727272727272728
82.5;0.0323679727427598;0.017094017094017096;0.01652892561983471
84.0;0.0323679727427598;0.02238354506957048;0.0173841059602649
85.5;0.014827018121911038;0.030318091451292245;0.01652892561983471
87.0;0.024378585086042064;0.02802491103202847;0.024122807017543862
88.5;0.01567656765676568;0.025088028169014082;0.024122807017543862
90.0;0.03935185185185185;0.0161839863713799;0.0323679727427598
91.5;0.014827018121911038;0.01652892561983471;0.02516881522406384
93.0;0.01567656765676568;0.01652892561983471;0.01608187134502924
94.5;0.018470790378006873;0.039347749025168376;0.01824212271973466
96.0;0.0173841059602649;0.022727272727272728;0.015731292517006803
97.5;0.01567656765676568;0.014827018121911038;0.018470790378006873
99.0;0.017094017094017096;0.017373380447585393;0.018354055654233276
100.5;0.027531083481349913;0.0175513698630137;0.0378657487091222
102.0;0.03602058319039451;0.018010291595197254;0.026548672566371685
103.5;0.026060070671378093;0.0170487948265726;0.01652892561983471
105.0;0.01567656765676568;0.02802491103202847;0.03326935380678182
106.5;0.0175513698630137;0.0173841059602649;0.017373380447585393
108.0;0.014827018121911038;0.0161839863713799;0.024114774114774116
109.5;0.0173841059602649;0.0173841059602649;0.01567656765676568
111.0;0.018354055654233276;0.0170487948265726;0.017699115044247787
112.5;0.0173841059602649;0.023642732049036778;0.014827018121911038
114.0;0.0173841059602649;0.03669724770642202;0.0175513698630137
115.5;0.01652892561983471;0.014827018121911038;0.017094017094017096
117.0;0.0173841059602649;0.027531083481349913;0.017094017094017096
118.5;0.0285204991087344;0.023809523809523808;0.019142066420664204
120.0;0.0161839863713799;0.014827018121911038;0.016638225255972697
121.5;0.0173841059602649;0.0161839863713799;0.01824212271973466
123.0;0.018470790378006873;0.0173841059602649;0.02611218568665377
124.5;0.017373380447585393;0.03418803418803419;0.01824212271973466
126.0;0.01567656765676568;0.02268431001890359;0.01652892561983471
127.5;0.0173841059602649;0.0173841059602649;0.029397233201581028
129.0;0.018470790378006873;0.030560271646859084;0.0285204991087344
130.5;0.01652892561983471;0.0216998191681736;0.03136882129277567
132.0;0.01567656765676568;0.024114774114774116;0.01652892561983471
133.5;0.01652892561983471;0.02909270216962525;0.02460456942003515
135.0;0.018010291595197254;0.018086080586080584;0.027531083481349913
136.5;0.0173841059602649;0.014827018121911038;0.0378657487091222
138.0;0.018010291595197254;0.026548672566371685;0.015280135823429542
139.5;0.0175513698630137;0.017699115044247787;0.01567656765676568
141.0;0.01824212271973466;0.03614457831325302;0.016638225255972697
142.5;0.01824212271973466;0.030938123752495012;0.017094017094017096
144.0;0.036941580756013746;0.0378657487091222;0.01824212271973466
145.5;0.033276450511945395;0.018876611418047883;0.01652892561983471
147.0;0.03460837887067396;0.02867383512544803;0.018010291595197254
148.5;0.016638225255972697;0.024464831804281346;0.01567656765676568
150.0;0.03251008064516129;0.025529865125240848;0.01672535211267606
151.5;0.031462585034013606;0.02795584045584046;0.017094017094017096
153.0;0.0378657487091222;0.024093511450381678;0.0175513698630137
154.5;0.0351027397260274;0.018470790378006873;0.0188212927756654
156.0;0.038817005545286505;0.018086080586080584;0.017373380447585393
157.5;0.014827018121911038;0.024114774114774116;0.019408502772643253
159.0;0.0173841059602649;0.0285204991087344;0.02703900709219858
160.5;0.015280135823429542;0.017373380447585393;0.01824212271973466
162.0;0.03418803418803419;0.018354055654233276;0.018026004728132386
163.5;0.036941580756013746;0.026008064516129033;0.0175513698630137
165.0;0.01824212271973466;0.0175513698630137;0.018026004728132386
166.5;0.03722426470588235;0.01950286806883365;0.03602058319039451
168.0;0.03722426470588235;0.024254473161033796;0.024816176470588234
169.5;0.01652892561983471;0.01652892561983471;0.01652892561983471
171.0;0.01652892561983471;0.029017857142857144;0.0161839863713799
172.5;0.0175513698630137;0.018010291595197254;0.03136882129277567
174.0;0.0173841059602649;0.01652892561983471;0.025522755227552277
175.5;0.036941580756013746;0.018354055654233276;0.02460456942003515
177.0;0.0173841059602649;0.018086080586080584;0.0351027397260274
178.5;0.027531083481349913;0.025573192239858905;0.014827018121911038
180.0;0.01567656765676568;0.025522755227552277;0.018470790378006873
181.5;0.01824212271973466;0.033676001417936904;0.03858520900321543
183.0;0.0173841059602649;0.03403665485907901;0.0189328743545611
184.5;0.016638225255972697;0.023809523809523808;0.018010291595197254
186.0;0.01850632726208763;0.03423209093312186;0.03828413284132841
187.5;0.0161839863713799;0.022128060263653486;0.016863406408094434
189.0;0.016863406408094434;0.01814552172099398;0.027055702917771884
190.5;0.017754480892796753;0.02909270216962525;0.025322194256603085
192.0;0.017754480892796753;0.039764681502630635;0.018047156089719053
193.5;0.016638225255972697;0.017373380447585393;0.03754432031269191
195.0;0.016335052812576762;0.0175513698630137;0.01666901672197272
196.5;0.017754480892796753;0.030627490039840638;0.015414729630535846
198.0;0.0161839863713799;0.017814806907942786;0.015414729630535846
199.5;0.023765996343692867;0.024412296564195298;0.0189328743545611
201.0;0.01874107841782935;0.029874213836477988;0.037483266398929044
202.5;0.03219315895372234;0.018010291595197254;0.028865979381443297
204.0;0.035813733041056936;0.03617216117216117;0.03010438592723055
205.5;0.015280135823429542;0.019269640210214257;0.023765996343692867
207.0;0.027531083481349913;0.0380952380952381;0.027731151209959438
208.5;0.027531083481349913;0.01834061135371179;0.024464831804281346
210.0;0.029504080351537978;0.02878937007874016;0.01749271137026239
211.5;0.030185758513931894;0.02833675564681725;0.0340398201669878
213.0;0.02460456942003515;0.03288773188864654;0.017015706806282723
214.5;0.015871286409530037;0.023244781783681213;0.018876611418047883
216.0;0.014910112661872163;0.039603960396039604;0.033547008547008546
217.5;0.036275860696139695;0.0189328743545611;0.03260679399329348
219.0;0.015711796950363736;0.0230722525804493;0.022974179246821717
220.5;0.015280135823429542;0.02835538752362949;0.016659939273759503
222.0;0.032697066101095795;0.017786040107414757;0.03617216117216117
223.5;0.032000890578704894;0.038817005545286505;0.018010291595197254
225.0;0.032000890578704894;0.03466050479914682;0.03961091054953871
226.5;0.032000890578704894;0.017094017094017096;0.04195042222827568
228.0;0.03746174588351344;0.03061868686868687;0.03950892857142857
229.5;0.03637335441877961;0.028186274509803922;0.016371008616320324
231.0;0.03637335441877961;0.019527766042341455;0.028186274509803922
232.5;0.03637335441877961;0.024816176470588234;0.03836189717018733
234.0;0.032573955124637066;0.032994121736931926;0.03836189717018733
235.5;0.015731292517006803;0.026060070671378093;0.04004201618069938
237.0;0.03306159420289855;0.03466050479914682;0.03742165865034251
238.5;0.03306159420289855;0.017373380447585393;0.04308815858111633
240.0;0.027531083481349913;0.032256841786066255;0.03316662279547249
241.5;0.03609431217943811;0.017754480892796753;0.015024970979036621
243.0;0.018332165356039182;0.033676001417936904;0.030495759947814744
244.5;0.014870091759449306;0.015280135823429542;0.04271844660194175
246.0;0.01570251018973342;0.03902213310711807;0.017134997433140575
247.5;0.01826142579350741;0.014945495799148322;0.017373380447585393
249.0;0.01826142579350741;0.01836806645203033;0.029397233201581028
250.5;0.03700055563850478;0.01660281557997176;0.01904761904761905
252.0;0.014830971492820427;0.018354055654233276;0.02400793650793651
253.5;0.018470790378006873;0.03966822935448972;0.02400793650793651
255.0;0.015001087035292413;0.018026004728132386;0.0222889463026325
256.5;0.016676298192025096;0.036646406864497674;0.02860082304526749
258.0;0.016676298192025096;0.0189328743545611;0.03308264075851575
259.5;0.026548672566371685;0.015731292517006803;0.028383523710626513
261.0;0.016638225255972697;0.018470790378006873;0.019332161687170474
262.5;0.016638225255972697;0.027531083481349913;0.024464831804281346
264.0;0.018010291595197254;0.026548672566371685;0.0350922131147541
265.5;0.031723651744800845;0.016745540589734254;0.01713180436584692
267.0;0.018470790378006873;0.016863406408094434;0.02806480418420717
268.5;0.018470790378006873;0.017547197908565945;0.04369918699186992
270.0;0.017699115044247787;0.01654091700522345;0.025992437996968005
271.5;0.01612259159428971;0.01848360454802751;0.02569922389808171
273.0;0.0285204991087344;0.01490398320124353;0.03156312625250501
274.5;0.024122807017543862;0.038655160014383315;0.025522755227552277
276.0;0.017754480892796753;0.035751028806584366;0.019918961230315866
277.5;0.035774141714325206;0.018354055654233276;0.02890375903856553
279.0;0.03764790247400502;0.038817005545286505;0.027070647685437925
280.5;0.038041387799061466;0.033676001417936904;0.025
282.0;0.030813820600779404;0.015280135823429542;0.01648940082675022
283.5;0.036275860696139695;0.025573192239858905;0.028981264637002343
285.0;0.036275860696139695;0.0175513698630137;0.01941684776984373
286.5;0.03065901496568101;0.017547197908565945;0.026142865947461267
288.0;0.03065901496568101;0.0189328743545611;0.027557808045612926
289.5;0.030633304926385805;0.017754480892796753;0.02550632882606303
291.0;0.030633304926385805;0.0175513698630137;0.028186274509803922
292.5;0.03357531760435572;0.02623456790123457;0.02317655078391275
294.0;0.036646406864497674;0.031456657730116175;0.019231626102365312
295.5;0.03357531760435572;0.01810188254965837;0.01816518467731098
297.0;0.03966822935448972;0.015889781833151987;0.02549198831138255
298.5;0.03416622228993677;0.01865038996269922;0.017302798982188294
300.0;0.03722426470588235;0.017094017094017096;0.02699544655118414
301.5;0.03722426470588235;0.016348533050547898;0.02352661596958175
303.0;0.01597712748065927;0.01814552172099398;0.02352661596958175
304.5;0.01597712748065927;0.03989126480097258;0.03028503562945368
306.0;0.01597712748065927;0.022727272727272728;0.033547008547008546
307.5;0.03669724770642202;0.0230722525804493;0.024691358024691357
309.0;0.03669724770642202;0.03638309256286784;0.039509360877985795
310.5;0.017754480892796753;0.0161839863713799;0.025400139178844813
312.0;0.017699115044247787;0.017094017094017096;0.03715402149137089
313.5;0.01865038996269922;0.03404835945928794;0.01807460017107753
315.0;0.01865038996269922;0.03435168571158749;0.03436018957345971
316.5;0.01865038996269922;0.03739447559606958;0.03191137566137566
318.0;0.01865038996269922;0.02802491103202847;0.02250580046403712
319.5;0.017094017094017096;0.029516994633273706;0.029215002400990727
321.0;0.015095605501509561;0.03466050479914682;0.02805755395683453
322.5;0.038041387799061466;0.025088028169014082;0.023258184306808222
324.0;0.038041387799061466;0.033676001417936904;0.03418935643564356
325.5;0.014945495799148322;0.033676001417936904;0.026797822557539874
327.0;0.034633078205669056;0.027886497064579255;0.035578885972586766
328.5;0.036275860696139695;0.02909270216962525;0.031571703826039084
330.0;0.017427438387099873;0.01688081285952368;0.05313531353135315
331.5;0.017427438387099873;0.04093567251461988;0.035174849738505966
333.0;0.01741601350785099;0.026060070671378093;0.033814763869784506
334.5;0.03517428528980739;0.03460837887067396;0.04069303544967514
336.0;0.037753222836095765;0.016863406408094434;0.019569569569569567
337.5;0.037753222836095765;0.017498443680569787;0.03153858193770543
339.0;0.037753222836095765;0.01865038996269922;0.019274809160305342
340.5;0.037753222836095765;0.019142066420664204;0.039838125264693436
342.0;0.03935185185185185;0.01718287488267995;0.04440507850484165
343.5;0.03416622228993677;0.024501992031872512;0.017824497257769654
345.0;0.03416622228993677;0.015168071117696084;0.03591105863833136
346.5;0.03416622228993677;0.017699115044247787;0.04393732970027248
348.0;0.0367279087083759;0.01850632726208763;0.03969072164948454
349.5;0.0367279087083759;0.024664750957854403;0.03463873709775349
351.0;0.01488644788002137;0.017094017094017096;0.04094975911906401
352.5;0.015724726735506497;0.017971946230274694;0.038293216630196934
354.0;0.015724726735506497;0.016081348496769426;0.01910065551060562
355.5;0.03527987093940073;0.0170487948265726;0.0249922863313792
357.0;0.03527987093940073;0.03530661003451022;0.03683888985861407
358.5;0.032449913274663476;0.017656852955616538;0.030203244712675055
360.0;0.017401635028469288;0.018010291595197254;0.02654711673699016
361.5;0.03240172884776326;0.01654091700522345;0.03630217519106407
363.0;0.029017857142857144;0.02494777243356168;0.028168598649087096
364.5;0.015871286409530037;0.015271108952289683;0.0447820802484943
366.0;0.017547197908565945;0.022727272727272728;0.023824097581727852
367.5;0.017094017094017096;0.01845342706502636;0.0249922863313792
369.0;0.031723651744800845;0.03846568257730848;0.0291847428024114
370.5;0.038041387799061466;0.03061615001913509;0.021637129031774803
372.0;0.01842179442537598;0.01645021645021645;0.019617301817012378
373.5;0.03828413284132841;0.02640902786533855;0.027886497064579255
375.0;0.03466050479914682;0.025708972570897257;0.025621118012422364
376.5;0.040968342644320296;0.03959633514805471;0.027477824913227922
378.0;0.03609431217943811;0.03966822935448972;0.020625415834996677
379.5;0.03609431217943811;0.03276661638370833;0.027633625823387856
381.0;0.03276661638370833;0.024464831804281346;0.030894498987065602
382.5;0.014870091759449306;0.015280135823429542;0.02953225313359829
384.0;0.014870091759449306;0.04460242232754081;0.03038689286190286
385.5;0.014870091759449306;0.01605832636760472;0.036432622088042106
387.0;0.0161839863713799;0.015835579225178063;0.03067160232681121
388.5;0.0161839863713799;0.03565950307166952;0.018443907668507686
390.0;0.016863406408094434;0.033676001417936904;0.03207212533254508
391.5;0.0367279087083759;0.017623877982923447;0.029702970297029705
393.0;0.035572080214829514;0.015809071886378992;0.024371551195585532
394.5;0.01660281557997176;0.015095605501509561;0.03277439024390244
396.0;0.027531083481349913;0.016745540589734254;0.025655611340571646
397.5;0.03764790247400502;0.016745540589734254;0.025908806596090576
399.0;0.038041387799061466;0.02802491103202847;0.03298485940879596
400.5;0.027531083481349913;0.01865038996269922;0.028892455858747997
402.0;0.016863406408094434;0.017094017094017096;0.026798179782240965
403.5;0.016745540589734254;0.040968342644320296;0.02976566614007372
405.0;0.03722426470588235;0.03212468193384224;0.015489719503383037
406.5;0.033676001417936904;0.015280135823429542;0.018683274021352312
408.0;0.031723651744800845;0.02703900709219858;0.02908805031446541
409.5;0.03306159420289855;0.015597920277296359;0.023809523809523808
411.0;0.0285204991087344;0.02619146866750035;0.019139945314441957
412.5;0.027531083481349913;0.017674350500443508;0.015861825872400422
414.0;0.036646406864497674;0.03685386088066369;0.017245959707770646
415.5;0.03609431217943811;0.017603269400950756;0.026518218623481783
417.0;0.03091538715963386;0.0165975978705743;0.03160923700593601
418.5;0.036275860696139695;0.02703900709219858;0.03815374921235034
420.0;0.017754480892796753;0.027332170880557977;0.029334663057415587
421.5;0.039888682745825604;0.0167163622810287;0.02800632911392405
423.0;0.038817005545286505;0.017121863302370723;0.026457750968564567
424.5;0.01597712748065927;0.01814552172099398;0.024816176470588234
426.0;0.03722426470588235;0.0285204991087344;0.023244781783681213
427.5;0.039888682745825604;0.01608187134502924;0.025393013799506935
429.0;0.016676298192025096;0.03460837887067396;0.019114380899500277
430.5;0.016863406408094434;0.022405660377358493;0.025326037704237636
432.0;0.0189328743545611;0.016917819729987117;0.04260811334406176
433.5;0.01597712748065927;0.017373380447585393;0.018086080586080584
435.0;0.032256841786066255;0.03354534045223458;0.033208596285373
436.5;0.0175513698630137;0.015095605501509561;0.018143754361479414
438.0;0.033676001417936904;0.015001087035292413;0.018354055654233276
439.5;0.03828413284132841;0.031723651744800845;0.035148828372387586
441.0;0.026060070671378093;0.03106789479980177;0.027551020408163263
442.5;0.03669724770642202;0.04087605974969721;0.03942422689219204
444.0;0.029017857142857144;0.0161839863713799;0.03892801251956181
445.5;0.029702970297029705;0.035127911416571206;0.018378465357914577
447.0;0.016217853406024562;0.017498443680569787;0.03095400353760041
448.5;0.015008842899186362;0.015095605501509561;0.03754621368839146
450.0;0.01612259159428971;0.035572080214829514;0.019142066420664204
451.5;0.03848310366392789;0.037210128013628566;0.029588002850294746
453.0;0.015095605501509561;0.037210128013628566;0.018026004728132386
454.5;0.016745540589734254;0.03251852018092068;0.01810699588477366
456.0;0.017498443680569787;0.03427946190269746;0.02826035357309258
457.5;0.037210128013628566;0.03617216117216117;0.022964015151515152
459.0;0.037210128013628566;0.031723651744800845;0.017563955708285603
460.5;0.037210128013628566;0.03919631093544137;0.024948024948024946
462.0;0.018277260861902424;0.038817005545286505;0.019944341372912802
463.5;0.03250478011472275;0.033676001417936904;0.017373380447585393
465.0;0.03250478011472275;0.02703900709219858;0.017094017094017096
466.5;0.01597712748065927;0.016745540589734254;0.017971946230274694
468.0;0.03106789479980177;0.032697066101095795;0.018143754361479414
469.5;0.03106789479980177;0.015095605501509561;0.02860082304526749
471.0;0.03416622228993677;0.030993042378241617;0.01607742609273567
472.5;0.03416622228993677;0.015280135823429542;0.01665546692304182
474.0;0.03764790247400502;0.015280135823429542;0.01733025239957341
475.5;0.033879208022981784;0.015280135823429542;0.017114956021708434
477.0;0.015769487034319674;0.015280135823429542;0.018323203432248837
478.5;0.02703900709219858;0.01597712748065927;0.018666279410617808
480.0;0.016745540589734254;0.01597712748065927;0.025066940124195296
481.5;0.03512773722627738;0.015731292517006803;0.019044247550562457
483.0;0.017623877982923447;0.015731292517006803;0.024816176470588234
484.5;0.030813820600779404;0.01865038996269922;0.018086080586080584
486.0;0.03620712313994087;0.016676298192025096;0.027394900068917986
487.5;0.030614484288885975;0.017498443680569787;0.025502008032128515
489.0;0.0189328743545611;0.016582472972657695;0.02793585100879462
490.5;0.015001087035292413;0.017094017094017096;0.027649769585253458
492.0;0.03637335441877961;0.036646406864497674;0.02000645369474024
493.5;0.016568094782873223;0.036646406864497674;0.02703900709219858
495.0;0.016568094782873223;0.03706545928938685;0.020409547057228097
496.5;0.01597712748065927;0.03293798595973293;0.03297872340425532
498.0;0.01597712748065927;0.03293798595973293;0.029937629937629936
499.5;0.015001087035292413;0.033676001417936904;0.015446744068652195
501.0;0.015001087035292413;0.03902213310711807;0.02495201535508637
502.5;0.026548672566371685;0.03564899451553931;0.024959396197573328
504.0;0.0161839863713799;0.03564899451553931;0.02673063742289239
505.5;0.024816176470588234;0.03828413284132841;0.026531550730164423
507.0;0.02703900709219858;0.018197573656845753;0.027521563105087132
508.5;0.016638225255972697;0.02784833653429156;0.027718550106609806
510.0;0.015001087035292413;0.016694437748184725;0.027250706499798143
511.5;0.02703900709219858;0.036646406864497674;0.01991298527443106
513.0;0.023642732049036778;0.017547197908565945;0.026963547907398834
514.5;0.03466050479914682;0.017547197908565945;0.019071369196057474
516.0;0.016863406408094434;0.015095605501509561;0.020618556701030927
517.5;0.015871286409530037;0.03966822935448972;0.039670099925350026
519.0;0.02352661596958175;0.03156312625250501;0.017830478700043915
520.5;0.035111196074682986;0.0293705204113431;0.018584070796460177
522.0;0.02676362545917985;0.016917819729987117;0.019738440359543283
523.5;0.036793523533227984;0.018542690508967015;0.031168398244346914
525.0;0.03481624758220503;0.016638225255972697;0.017631300202822626
526.5;0.039888682745825604;0.035650623885918005;0.027798718431963815
528.0;0.038655160014383315;0.015809071886378992;0.028580208973570994
529.5;0.03609431217943811;0.015743018124095107;0.031746031746031744
531.0;0.035774141714325206;0.037137807788150325;0.03669724770642202
532.5;0.035774141714325206;0.015001087035292413;0.01949754232659749
534.0;0.018010291595197254;0.01836806645203033;0.024359277731260693
535.5;0.015280135823429542;0.036275860696139695;0.023923359137926644
537.0;0.024114774114774116;0.037137807788150325;0.02934537246049661
538.5;0.03638309256286784;0.016557768507871926;0.026407273699692473
540.0;0.03764790247400502;0.016557768507871926;0.03919821826280624
541.5;0.03416622228993677;0.014836509492270044;0.03544988088693421
543.0;0.017094017094017096;0.01825283975007182;0.033547008547008546
544.5;0.01850632726208763;0.015731292517006803;0.023911382734912147
546.0;0.03701091782897144;0.03512773722627738;0.02631323991974418
547.5;0.03156312625250501;0.03800513149454778;0.019139945314441957
549.0;0.039888682745825604;0.03061868686868687;0.019570196712476423
550.5;0.017094017094017096;0.038655160014383315;0.018197573656845753
552.0;0.017623877982923447;0.01850632726208763;0.025605214152700187
553.5;0.03442728442728442;0.033697931493502586;0.01849909760499488
555.0;0.0189328743545611;0.039754363283775046;0.01730418943533698
556.5;0.016638225255972697;0.03892124243888933;0.035631682832612824
558.0;0.01597712748065927;0.015762630806304054;0.03736263736263736
559.5;0.015280135823429542;0.015762630806304054;0.019071369196057474
561.0;0.015280135823429542;0.014867146669811973;0.02531293463143254
562.5;0.017623877982923447;0.026060070671378093;0.01929824561403509
564.0;0.017623877982923447;0.024464831804281346;0.017674869549113806
565.5;0.026548672566371685;0.032302332946268345;0.025170468894688103
567.0;0.03136882129277567;0.031027742835050626;0.01622780265629589
568.5;0.016863406408094434;0.02724539646749342;0.037422037422037424
570.0;0.018026004728132386;0.016335052812576762;0.01815193274574063
571.5;0.01730418943533698;0.019659185369908565;0.019345238095238096
573.0;0.018716969225741748;0.03587741095728316;0.04483695652173913
574.5;0.017373380447585393;0.01677324964013498;0.017887070857162603
576.0;0.017699115044247787;0.03374309916964249;0.03297682709447416
577.5;0.026148673888681355;0.0189328743545611;0.026262626262626262
579.0;0.015109552273918112;0.015095605501509561;0.01774897649906132
580.5;0.015095605501509561;0.01842179442537598;0.029655147793802655
582.0;0.026548672566371685;0.03091538715963386;0.03361344537815126
583.5;0.03966822935448972;0.026060070671378093;0.03282828282828283
585.0;0.016638225255972697;0.02703900709219858;0.02569922389808171
586.5;0.03919631093544137;0.01850632726208763;0.015332305325385591
588.0;0.025522755227552277;0.035572080214829514;0.0161839863713799
589.5;0.015280135823429542;0.03136882129277567;0.019427710843373493
591.0;0.015001087035292413;0.023809523809523808;0.025
592.5;0.017498443680569787;0.016043635035830027;0.017810548929218788
594.0;0.0189328743545611;0.01597712748065927;0.026518218623481783
595.5;0.017699115044247787;0.03460837887067396;0.03231119442956615
597.0;0.016863406408094434;0.0189328743545611;0.027332170880557977
598.5;0.02703900709219858;0.017094017094017096;0.02900414405946939
600.0;0.0175513698630137;0.015095605501509561;0.01518304778348685
601.5;0.024664750957854403;0.04208416833667335;0.03397147147147147
603.0;0.016785765670711238;0.03599221789883269;0.019488288898020355
604.5;0.016648083640921553;0.040819094114456195;0.03557483731019522
606.0;0.018316467275590206;0.015095605501509561;0.019141127055425266
607.5;0.018683274021352312;0.017754480892796753;0.017699115044247787
609.0;0.018010291595197254;0.017547197908565945;0.016863406408094434
610.5;0.0175513698630137;0.02460456942003515;0.01850632726208763
612.0;0.015871286409530037;0.03864818325709216;0.02516881522406384
613.5;0.015871286409530037;0.02460456942003515;0.028050275904353158
615.0;0.015871286409530037;0.0161839863713799;0.022549019607843137
616.5;0.015871286409530037;0.01865038996269922;0.018803418803418803
618.0;0.016863406408094434;0.015871286409530037;0.018683274021352312
619.5;0.015871286409530037;0.033676001417936904;0.024923586347427404
621.0;0.016863406408094434;0.033879208022981784;0.01599998917950924
622.5;0.015871286409530037;0.03742802303262956;0.015280135823429542
624.0;0.01836806645203033;0.04057719431485299;0.01850632726208763
625.5;0.03450566571561023;0.017094017094017096;0.029478889311525296
627.0;0.015724726735506497;0.03669724770642202;0.017114956021708434
628.5;0.0175513698630137;0.04337284482758621;0.024924471299093656
630.0;0.016638225255972697;0.02669539153240914;0.02866752081998719
631.5;0.03966822935448972;0.017887070857162603;0.03709147501296905
633.0;0.039888682745825604;0.017718839216707832;0.02752293577981652
634.5;0.026548672566371685;0.016039984527112083;0.01612259159428971
636.0;0.0161839863713799;0.017094017094017096;0.03326935380678182
637.5;0.03706545928938685;0.016745540589734254;0.024122807017543862
639.0;0.016638225255972697;0.018848906360245943;0.018026004728132386
640.5;0.015095605501509561;0.016335052812576762;0.028865979381443297
642.0;0.038817005545286505;0.029874213836477988;0.039908643914928287
643.5;0.015731292517006803;0.03669724770642202;0.026822615308315426
645.0;0.018470790378006873;0.03669724770642202;0.017703338343801975
646.5;0.017373380447585393;0.040819094114456195;0.017699115044247787
648.0;0.017094017094017096;0.03191676745851877;0.016863406408094434
649.5;0.03902213310711807;0.01865038996269922;0.029397233201581028
651.0;0.029017857142857144;0.015809071886378992;0.03203883495145632
652.5;0.017094017094017096;0.0175513698630137;0.03639029592108771
654.0;0.018010291595197254;0.0175513698630137;0.028264541327984796
655.5;0.035650623885918005;0.016638225255972697;0.0257196566567555
657.0;0.035650623885918005;0.02352661596958175;0.02703900709219858
658.5;0.035650623885918005;0.01783664661861255;0.018197573656845753
660.0;0.017623877982923447;0.016638225255972697;0.01766843911960692
661.5;0.03637335441877961;0.0170487948265726;0.029017857142857144
663.0;0.021851503759398497;0.015280135823429542;0.025088028169014082
664.5;0.040013227513227514;0.02703900709219858;0.032256841786066255
666.0;0.015597920277296359;0.019082371238858645;0.026548672566371685
667.5;0.03848310366392789;0.023765996343692867;0.015280135823429542
669.0;0.026548672566371685;0.03466050479914682;0.03598346705567712
670.5;0.026548672566371685;0.016638225255972697;0.02587800369685767
672.0;0.03564899451553931;0.022128060263653486;0.02587800369685767
673.5;0.038655160014383315;0.04009504902845455;0.03409090909090909
675.0;0.025956284153005466;0.03212468193384224;0.030185758513931894
676.5;0.03798392987582177;0.029647930821494754;0.039888682745825604
678.0;0.026060070671378093;0.029135338345864664;0.016863406408094434
679.5;0.016863406408094434;0.0161839863713799;0.03293798595973293
681.0;0.029017857142857144;0.0189328743545611;0.03282828282828283
682.5;0.03136882129277567;0.023418491484184917;0.03657236668067161
684.0;0.01678765880217786;0.016638225255972697;0.018010291595197254
685.5;0.017089125102207687;0.02802491103202847;0.038655160014383315
687.0;0.01709768189736031;0.02833675564681725;0.01597712748065927
688.5;0.02802491103202847;0.023809523809523808;0.03609431217943811
690.0;0.022964015151515152;0.016604605213162094;0.01850632726208763
691.5;0.019139945314441957;0.017971946230274694;0.03722426470588235
693.0;0.019139945314441957;0.018683274021352312;0.03130908265900325
694.5;0.01597712748065927;0.019643114117139156;0.0285204991087344
696.0;0.017623877982923447;0.038801777211053774;0.024412296564195298
697.5;0.018197573656845753;0.017664265407670347;0.017883272962794156
699.0;0.01874107841782935;0.026592455163883737;0.017825311942959002
700.5;0.016638225255972697;0.03968662645284684;0.017825311942959002
702.0;0.015280135823429542;0.026548672566371685;0.024093511450381678
703.5;0.015414729630535846;0.01845342706502636;0.03913843540624705
705.0;0.027531083481349913;0.016403046280023436;0.03867203667626302
706.5;0.015809071886378992;0.015414729630535846;0.027531083481349913
708.0;0.015731292517006803;0.017656852955616538;0.025088028169014082
709.5;0.017623877982923447;0.024093511450381678;0.036646406864497674
711.0;0.040968342644320296;0.03191676745851877;0.015809071886378992
712.5;0.022727272727272728;0.029132231404958676;0.030993042378241617
714.0;0.030185758513931894;0.033739962262495066;0.016863406408094434
715.5;0.0189328743545611;0.017844514284227356;0.03072625698324023
717.0;0.017094017094017096;0.022964015151515152;0.017603269400950756
718.5;0.015280135823429542;0.023833646933950885;0.02400793650793651
720.0;0.03669724770642202;0.01780160609014529;0.015054442165062335
721.5;0.015095605501509561;0.01512779241718377;0.022727272727272728
723.0;0.0367279087083759;0.025529865125240848;0.03764790247400502
724.5;0.016638225255972697;0.019082371238858645;0.014945495799148322
726.0;0.036646406864497674;0.0285204991087344;0.03951778570656288
727.5;0.03076071086945577;0.018026004728132386;0.01865038996269922
729.0;0.018542690508967015;0.016863406408094434;0.03020833333333333
730.5;0.038817005545286505;0.018010291595197254;0.01858759764068229
732.0;0.037753222836095765;0.01834862385321101;0.025573192239858905
733.5;0.026060070671378093;0.0411860619602633;0.015280135823429542
735.0;0.026548672566371685;0.03361344537815126;0.037938033550235804
736.5;0.03320921042632419;0.02843438638296324;0.032733573488742805
738.0;0.03326935380678182;0.01871068342386438;0.016863406408094434
739.5;0.03742080962095995;0.017094017094017096;0.015809071886378992
741.0;0.024114774114774116;0.018371212121212118;0.0161839863713799
742.5;0.0325497287522604;0.03048016701461378;0.016863406408094434
744.0;0.039603960396039604;0.0172434729811779;0.028248983597364368
745.5;0.03669724770642202;0.017825311942959002;0.01694768198513463
747.0;0.0189328743545611;0.02941765423333879;0.023765996343692867
748.5;0.02802491103202847;0.016863406408094434;0.028050275904353158
750.0;0.037722668529514496;0.01942319011183049;0.02489343033954763
751.5;0.03709147501296905;0.02413793103448276;0.017699115044247787
753.0;0.015203965770306572;0.024464831804281346;0.02802491103202847
754.5;0.016348533050547898;0.018354055654233276;0.0189328743545611
756.0;0.030993042378241617;0.0285204991087344;0.018354055654233276
757.5;0.027531083481349913;0.017094017094017096;0.03212468193384224
759.0;0.01850632726208763;0.015095605501509561;0.026998169615619284
760.5;0.016638225255972697;0.0170487948265726;0.015095605501509561
762.0;0.02703900709219858;0.028580208973570994;0.015095605501509561
763.5;0.015095605501509561;0.029516994633273706;0.03276661638370833
765.0;0.031190019193857967;0.016638225255972697;0.04373650107991361
766.5;0.033745489100308834;0.016638225255972697;0.03608247422680412
768.0;0.024816176470588234;0.02802491103202847;0.03191676745851877
769.5;0.01784040701566475;0.016745540589734254;0.015861825872400422
771.0;0.03357531760435572;0.01488644788002137;0.023765996343692867
772.5;0.02695167286245353;0.01830736743700201;0.03859078991100115
774.0;0.015001087035292413;0.0175513698630137;0.024114774114774116
775.5;0.017699115044247787;0.017373380447585393;0.032886334610472544
777.0;0.017015706806282723;0.018026004728132386;0.03638309256286784
778.5;0.017699115044247787;0.015280135823429542;0.02703900709219858
780.0;0.0189328743545611;0.015095605501509561;0.015871286409530037
781.5;0.0175513698630137;0.032697066101095795;0.03416622228993677
783.0;0.018143754361479414;0.014945495799148322;0.03156312625250501
784.5;0.016043635035830027;0.015731292517006803;0.02684356680037026
786.0;0.025573192239858905;0.02802491103202847;0.02352661596958175
787.5;0.038817005545286505;0.017754480892796753;0.026077596751308774
789.0;0.028580208973570994;0.015809071886378992;0.026060070671378093
790.5;0.017302798982188294;0.01488644788002137;0.02867383512544803
792.0;0.017825311942959002;0.016582472972657695;0.016217853406024562
793.5;0.015414729630535846;0.017373380447585393;0.023244781783681213
795.0;0.017825311942959002;0.029478889311525296;0.01845400161997053
796.5;0.01812240047534165;0.0153103221203973;0.01772804601347754
798.0;0.018351361912818685;0.01688081285952368;0.015597920277296359
799.5;0.017094017094017096;0.014950266845029822;0.02670240913521794
801.0;0.026592455163883737;0.030009920634920632;0.04229122055674518
802.5;0.01749271137026239;0.037753222836095765;0.016604605213162094
804.0;0.017094017094017096;0.018026004728132386;0.039297781695313644
805.5;0.026548672566371685;0.024816176470588234;0.03706140350877192
807.0;0.017368069472277887;0.032302332946268345;0.029702970297029705
808.5;0.028186274509803922;0.03764790247400502;0.03961091054953871
810.0;0.028186274509803922;0.014910112661872163;0.039754363283775046
811.5;0.015861825872400422;0.025522755227552277;0.018559977888336097
813.0;0.018143754361479414;0.041413542747073644;0.017162418631050568
814.5;0.019032396269320767;0.024378585086042064;0.023809523809523808
816.0;0.016263612953345514;0.024114774114774116;0.01749271137026239
817.5;0.018010291595197254;0.032697066101095795;0.026998169615619284
819.0;0.016863406408094434;0.017094017094017096;0.03268701306308945
820.5;0.02460456942003515;0.0189328743545611;0.033170912304587206
822.0;0.036646406864497674;0.022964015151515152;0.01549874155517287
823.5;0.01865038996269922;0.02669539153240914;0.024093511450381678
825.0;0.029397233201581028;0.03473411919538013;0.016263612953345514
826.5;0.01726263871763255;0.01581441031817882;0.015018823802332298
828.0;0.01783664661861255;0.015597920277296359;0.01850632726208763
829.5;0.015831002263857863;0.017934291168491913;0.030318091451292245
831.0;0.018010291595197254;0.034522108226862615;0.026077596751308774
832.5;0.015731292517006803;0.015798668573620674;0.02734495764545848
834.0;0.03669724770642202;0.017439295057023192;0.0411860619602633
835.5;0.018010291595197254;0.029135338345864664;0.03706140350877192
837.0;0.033676001417936904;0.025522755227552277;0.022727272727272728
838.5;0.01842179442537598;0.03916827852998066;0.025716433527362123
840.0;0.024464831804281346;0.017391304347826087;0.03608247422680412
841.5;0.039888682745825604;0.01605832636760472;0.024761522688775964
843.0;0.016863406408094434;0.023418491484184917;0.029504080351537978
844.5;0.018010291595197254;0.017934291168491913;0.03048016701461378
846.0;0.025573192239858905;0.0285204991087344;0.03531602585168145
847.5;0.015095605501509561;0.032697066101095795;0.016348533050547898
849.0;0.015001087035292413;0.016089299461123942;0.018097324617982736
850.5;0.03706545928938685;0.029647930821494754;0.036381809095452265
852.0;0.016147939745618664;0.027215631542219124;0.03243839721395453
853.5;0.015095605501509561;0.016979552792060267;0.01723920181864107
855.0;0.018010291595197254;0.01612259159428971;0.022727272727272728
856.5;0.018683274021352312;0.016348533050547898;0.032696390658174104
858.0;0.01597712748065927;0.017825311942959002;0.01761006289308176
859.5;0.03864818325709216;0.01756386861313869;0.040819094114456195
861.0;0.03061868686868687;0.01770244821092279;0.01576182136602452
862.5;0.015095605501509561;0.019274809160305342;0.017094017094017096
864.0;0.01850632726208763;0.01770896702761893;0.04112671361306721
865.5;0.034633078205669056;0.016638225255972697;0.024114774114774116
867.0;0.018332165356039182;0.03320921042632419;0.021832358674463936
868.5;0.016582472972657695;0.018683274021352312;0.01730418943533698
870.0;0.016582472972657695;0.04038461538461538;0.025439127801332527
871.5;0.036157843689975176;0.0161839863713799;0.03403665485907901
873.0;0.025573192239858905;0.019598155467720684;0.030321773065311832
874.5;0.025573192239858905;0.027332170880557977;0.016802847439563347
876.0;0.01850632726208763;0.016682035039890953;0.031190019193857967
877.5;0.03864818325709216;0.02400793650793651;0.018354055654233276
879.0;0.015743018124095107;0.018242207460398566;0.018010291595197254
880.5;0.017443347491498312;0.03433803891644411;0.029702970297029705
882.0;0.0161839863713799;0.025351205447518555;0.016043635035830027
883.5;0.033879208022981784;0.037753222836095765;0.018323203432248837
885.0;0.025088028169014082;0.01597712748065927;0.039509360877985795
886.5;0.015809071886378992;0.017015706806282723;0.03308821796412831
888.0;0.030813820600779404;0.039504716981132074;0.03125
889.5;0.02587800369685767;0.016303293489128654;0.017134997433140575
891.0;0.01654091700522345;0.040968342644320296;0.034408602150537634
892.5;0.018010291595197254;0.02729044834307992;0.017878422428924522
894.0;0.032697066101095795;0.03674948240165632;0.03004578405188859
895.5;0.015871286409530037;0.02584670231729055;0.024642730899358683
897.0;0.014945495799148322;0.028200901542812205;0.030164342897409907
898.5;0.014945495799148322;0.023765996343692867;0.016517030069830414
900.0;0.017465858520325457;0.04373650107991361;0.017391304347826087
901.5;0.033435588205396154;0.035751028806584366;0.018926044497054154
903.0;0.033435588205396154;0.01896734857158622;0.024378585086042064
904.5;0.03708596418846531;0.02506498329001114;0.023244781783681213
906.0;0.03708596418846531;0.03412112259970458;0.0249922863313792
907.5;0.0182681206624895;0.039504716981132074;0.032041579991870496
909.0;0.030614484288885975;0.04059000861326442;0.03370536280826528
910.5;0.036062392589235694;0.03912146297634048;0.024501992031872512
912.0;0.036062392589235694;0.030009920634920632;0.025756445890674075
913.5;0.02802491103202847;0.04516970883214227;0.022789783889980354
915.0;0.017754480892796753;0.03136882129277567;0.019139945314441957
916.5;0.017754480892796753;0.05088062622309198;0.024203298031819725
918.0;0.016676298192025096;0.027477824913227922;0.018012117242508598
919.5;0.017498443680569787;0.03646288209606987;0.01756386861313869
921.0;0.03966822935448972;0.016988416988416986;0.02351778656126482
922.5;0.033879208022981784;0.035127911416571206;0.024114774114774116
924.0;0.01836806645203033;0.024122807017543862;0.03696682464454976
925.5;0.017094017094017096;0.034408602150537634;0.019568415890142226
927.0;0.017094017094017096;0.018197573656845753;0.0188673720548283
928.5;0.035650623885918005;0.02525050100200401;0.018876611418047883
930.0;0.017094017094017096;0.015054442165062335;0.02400793650793651
931.5;0.03966822935448972;0.025625539257981018;0.016645807259073844
933.0;0.016745540589734254;0.01717650438029585;0.02468109889485497
934.5;0.03293798595973293;0.017596390484003282;0.023762376237623763
936.0;0.01597712748065927;0.024122807017543862;0.020618556701030927
937.5;0.01597712748065927;0.03136882129277567;0.018656325136509697
939.0;0.01597712748065927;0.03423209093312186;0.017460979111666896
940.5;0.032000890578704894;0.028050275904353158;0.022959183673469385
942.0;0.01488644788002137;0.025756445890674075;0.016414282429458332
943.5;0.01830736743700201;0.019079345850999394;0.017893106119287374
945.0;0.02802491103202847;0.018487434139972954;0.016043635035830027
946.5;0.02802491103202847;0.017699115044247787;0.019139945314441957
948.0;0.033676001417936904;0.023765996343692867;0.019142066420664204
949.5;0.033676001417936904;0.0161839863713799;0.01929824561403509
951.0;0.03416622228993677;0.02909270216962525;0.017934291168491913
952.5;0.03416622228993677;0.016403046280023436;0.014986153377295074
954.0;0.03864818325709216;0.018086080586080584;0.024664750957854403
955.5;0.035572080214829514;0.0189328743545611;0.019408502772643253
957.0;0.015743018124095107;0.03370786516853933;0.0153103221203973
958.5;0.015743018124095107;0.02623456790123457;0.017916951191753648
960.0;0.036275860696139695;0.01654091700522345;0.03832848133644411
961.5;0.018289844042285466;0.017699115044247787;0.03125
963.0;0.018289844042285466;0.02400793650793651;0.01741229204378933
964.5;0.01654477169890474;0.03331518780620577;0.02772277227722772
966.0;0.021575984990619135;0.01749271137026239;0.01754187841144363
967.5;0.016335052812576762;0.024464831804281346;0.023762376237623763
969.0;0.0185554688027144;0.03617373582983059;0.018354055654233276
970.5;0.02703900709219858;0.015001087035292413;0.02860082304526749
972.0;0.01865038996269922;0.01871657754010695;0.015546189456228841
973.5;0.016676298192025096;0.01834862385321101;0.01862097440132122
975.0;0.016676298192025096;0.026267153524983915;0.01897923971725942
976.5;0.015743018124095107;0.03530661003451022;0.018086080586080584
978.0;0.015743018124095107;0.015154962909024714;0.018086080586080584
979.5;0.030743823668949708;0.018010291595197254;0.03004578405188859
981.0;0.015095605501509561;0.039888682745825604;0.018784610708007875
982.5;0.032000890578704894;0.02268431001890359;0.017391304347826087
984.0;0.035572080214829514;0.016939604011490892;0.019139945314441957
985.5;0.015743018124095107;0.01749271137026239;0.03423626787057938
987.0;0.017443347491498312;0.03638365090848527;0.017674869549113806
988.5;0.017443347491498312;0.03473747828254942;0.029017857142857144
990.0;0.03065901496568101;0.029937629937629936;0.04151478331308222
991.5;0.02703900709219858;0.030627490039840638;0.023418491484184917
993.0;0.015095605501509561;0.024816176470588234;0.028233920953070916
994.5;0.03416622228993677;0.029291649063512178;0.01770197907882672
996.0;0.03416622228993677;0.02516881522406384;0.03764790247400502
997.5;0.01842179442537598;0.01865038996269922;0.02703900709219858
999.0;0.01836806645203033;0.026401230348598766;0.018595825426944972
1000.5;0.030813820600779404;0.027259611989386708;0.03923444976076555
1002.0;0.03722426470588235;0.03488732114845998;0.016735914907761343
1003.5;0.03966822935448972;0.035192780968006564;0.03370786516853933
1005.0;0.03966822935448972;0.02460456942003515;0.04043543399955373
1006.5;0.035127911416571206;0.03706545928938685;0.017094017094017096
1008.0;0.03768591312195207;0.023765996343692867;0.03546944858420268
1009.5;0.03768591312195207;0.026060070671378093;0.030137981118373278
1011.0;0.03768591312195207;0.032000890578704894;0.018086080586080584
1012.5;0.03091538715963386;0.01733025239957341;0.017923531483583142
1014.0;0.03091538715963386;0.01609637517087528;0.03423626787057938
1015.5;0.03091538715963386;0.025088028169014082;0.03608506100429696
1017.0;0.03091538715963386;0.032256841786066255;0.027798718431963815
1018.5;0.03091538715963386;0.032256841786066255;0.025779315491333398
1020.0;0.03091538715963386;0.015809071886378992;0.01672535211267606
1021.5;0.018332165356039182;0.01865038996269922;0.02343480758184951
1023.0;0.014870091759449306;0.02238354506957048;0.025172165690204543
1024.5;0.015711796950363736;0.016863406408094434;0.024464831804281346
1026.0;0.015711796950363736;0.018026004728132386;0.03010752688172043
1027.5;0.0182681206624895;0.03951778570656288;0.02934537246049661
1029.0;0.035650623885918005;0.03948705750059468;0.01544029707006141
1030.5;0.01865038996269922;0.027531083481349913;0.018683274021352312
1032.0;0.01865038996269922;0.01850632726208763;0.026073619631901836
1033.5;0.017094017094017096;0.01842179442537598;0.02720543495747536
1035.0;0.01726263871763255;0.03825578292372061;0.026297136376523953
1036.5;0.016043635035830027;0.01672535211267606;0.018804198995892286
1038.0;0.01865038996269922;0.03669724770642202;0.03676148796498906
1039.5;0.018026004728132386;0.01597712748065927;0.039788943518407484
1041.0;0.01597712748065927;0.01597712748065927;0.0334685598377282
1042.5;0.015095605501509561;0.038817005545286505;0.023418491484184917
1044.0;0.015095605501509561;0.017754480892796753;0.029702970297029705
1045.5;0.015095605501509561;0.017699115044247787;0.017580992631420062
1047.0;0.015095605501509561;0.024816176470588234;0.02569922389808171
1048.5;0.016745540589734254;0.015095605501509561;0.032886334610472544
1050.0;0.01865038996269922;0.03476361919376734;0.024114774114774116
1051.5;0.01850632726208763;0.028050275904353158;0.02231237322515213
1053.0;0.015809071886378992;0.016081348496769426;0.025621118012422364
1054.5;0.017465858520325457;0.017094017094017096;0.027827552813081895
1056.0;0.017465858520325457;0.025088028169014082;0.03671328671328671
1057.5;0.016582472972657695;0.018010291595197254;0.0366662646242914
1059.0;0.017427438387099873;0.030318091451292245;0.0406870122414783
1060.5;0.014850222990092551;0.03460837887067396;0.024114774114774116
1062.0;0.016550266845809666;0.028580208973570994;0.04240898528272656
1063.5;0.016550266845809666;0.027531083481349913;0.028472756261852323
1065.0;0.016550266845809666;0.027531083481349913;0.03704735376044569
1066.5;0.016550266845809666;0.018683274021352312;0.028507596067917782
1068.0;0.017401635028469288;0.019527766042341455;0.02891522988505747
1069.5;0.017401635028469288;0.01847256430674642;0.03663908645770042
1071.0;0.016745540589734254;0.03674948240165632;0.03153858193770543
1072.5;0.01842179442537598;0.03674948240165632;0.042531020996502265
1074.0;0.01842179442537598;0.03316662279547249;0.04083994708994709
1075.5;0.015280135823429542;0.039046777597801015;0.02667070037443331
1077.0;0.015280135823429542;0.039046777597801015;0.01658516707416463
1078.5;0.015280135823429542;0.01766843911960692;0.022405660377358493
1080.0;0.016863406408094434;0.01766843911960692;0.03418935643564356
1081.5;0.016863406408094434;0.03669724770642202;0.03630201641744528
1083.0;0.016745540589734254;0.038655160014383315;0.029891304347826088
1084.5;0.016745540589734254;0.038984406237504994;0.040086887835703
1086.0;0.016745540589734254;0.019511066553559036;0.03137771666475689
1087.5;0.016676298192025096;0.018813083797617845;0.043283582089552235
1089.0;0.0161839863713799;0.019013666072489603;0.023805939510058848
1090.5;0.016863406408094434;0.016638225255972697;0.03427752329313514
1092.0;0.017623877982923447;0.017754480892796753;0.024303096632974964
1093.5;0.014945495799148322;0.0175513698630137;0.025627615062761504
1095.0;0.017498443680569787;0.017547197908565945;0.029303334766800894
1096.5;0.017443347491498312;0.03173139329252938;0.02358346908588153
1098.0;0.0352330815985435;0.03173139329252938;0.03742802303262956
1099.5;0.016550266845809666;0.014870091759449306;0.022128060263653486
1101.0;0.016550266845809666;0.0175513698630137;0.03411405295315682
1102.5;0.016550266845809666;0.038655160014383315;0.03418935643564356
1104.0;0.016550266845809666;0.04208416833667335;0.030428079085797206
1105.5;0.016550266845809666;0.02460456942003515;0.029411764705882353
1107.0;0.014834097312229661;0.035650623885918005;0.03880070546737213
1108.5;0.017389540773412943;0.01865038996269922;0.055218855218855195
1110.0;0.015095605501509561;0.01850632726208763;0.03212468193384224
1111.5;0.014910112661872163;0.014945495799148322;0.017830478700043915
1113.0;0.027531083481349913;0.018470790378006873;0.02516881522406384
1114.5;0.015731292517006803;0.036646406864497674;0.03747959516813581
1116.0;0.017754480892796753;0.018010291595197254;0.03485141475133449
1117.5;0.016745540589734254;0.035127911416571206;0.02285021332239298
1119.0;0.016638225255972697;0.035127911416571206;0.01765330501725511
1120.5;0.01850632726208763;0.035127911416571206;0.029132231404958676
1122.0;0.01842179442537598;0.017094017094017096;0.030013380578338324
1123.5;0.01882395123700251;0.017094017094017096;0.025101419878296144
1125.0;0.01882395123700251;0.017094017094017096;0.0363257085311466
1126.5;0.01688081285952368;0.03293798595973293;0.017342349900996746
1128.0;0.024122807017543862;0.037210128013628566;0.025055483785484785
1129.5;0.016863406408094434;0.015711796950363736;0.02682763246143528
1131.0;0.035127911416571206;0.03708596418846531;0.023765996343692867
1132.5;0.035127911416571206;0.03708596418846531;0.03185386473429951
1134.0;0.017094017094017096;0.03466050479914682;0.028566551949951936
1135.5;0.03835236436358944;0.03609431217943811;0.02489068281197444
1137.0;0.018542690508967015;0.03091538715963386;0.03052749719416386
1138.5;0.02516881522406384;0.03061868686868687;0.022890617524474625
1140.0;0.015280135823429542;0.018610244807272875;0.018267889176798884
1141.5;0.024464831804281346;0.01848360454802751;0.03530751708428246
1143.0;0.033676001417936904;0.03828413284132841;0.027246992215145083
1144.5;0.03357531760435572;0.038041387799061466;0.025034501651427357
1146.0;0.03357531760435572;0.03864818325709216;0.035906118636151334
1147.5;0.01850632726208763;0.038655160014383315;0.024114774114774116
1149.0;0.03841245791927793;0.017623877982923447;0.03896103896103897
1150.5;0.03534512971343672;0.036514961411379304;0.02662153354498244
1152.0;0.016863406408094434;0.017465858520325457;0.025487565782684966
1153.5;0.016676298192025096;0.04373650107991361;0.02003052270125906
1155.0;0.030813820600779404;0.016348533050547898;0.020212060967528162
1156.5;0.016582472972657695;0.0377347693223307;0.020032700093428835
1158.0;0.03527987093940073;0.03828413284132841;0.030710095083957112
1159.5;0.036157843689975176;0.032697066101095795;0.023790577853963553
1161.0;0.03427946190269746;0.03617216117216117;0.019845885431811573
1162.5;0.03150535334704598;0.017094017094017096;0.018181936772741165
1164.0;0.016533838797490336;0.03212468193384224;0.03250478011472275
1165.5;0.016533838797490336;0.017971946230274694;0.02878937007874016
1167.0;0.017388172610590263;0.015188609731168737;0.027811860940695293
1168.5;0.017388172610590263;0.034987549219048265;0.017184987686483626
1170.0;0.03237852960092877;0.03568222720997275;0.028373410935824777
1171.5;0.017094017094017096;0.03568222720997275;0.030257320319432124
1173.0;0.017623877982923447;0.018351935602610465;0.023556231003039513
1174.5;0.017547197908565945;0.03072190423726438;0.02275467148884871
1176.0;0.033697931493502586;0.03564899451553931;0.03318419090231171
1177.5;0.033676001417936904;0.02703900709219858;0.032793150894358664
1179.0;0.033676001417936904;0.017754480892796753;0.03004578405188859
1180.5;0.015001087035292413;0.017373380447585393;0.03370786516853933
1182.0;0.03768591312195207;0.036646406864497674;0.02915766738660907
1183.5;0.034633078205669056;0.017094017094017096;0.01746599856836077
1185.0;0.032573955124637066;0.015095605501509561;0.033422858848105044
1186.5;0.038817005545286505;0.016745540589734254;0.03962331201137172
1188.0;0.03722426470588235;0.01836806645203033;0.031095311301980254
1189.5;0.03902213310711807;0.01836806645203033;0.031746031746031744
1191.0;0.03669724770642202;0.03466050479914682;0.018832655731576244
1192.5;0.016863406408094434;0.01842179442537598;0.016293098349991132
1194.0;0.015871286409530037;0.01865038996269922;0.03233896458896963
1195.5;0.016676298192025096;0.016745540589734254;0.02355671598491442
1197.0;0.0189328743545611;0.015809071886378992;0.0192713997858546
1198.5;0.02460456942003515;0.01865038996269922;0.026178761082246618
1200.0;0.017094017094017096;0.016863406408094434;0.023418491484184917
1201.5;0.017547197908565945;0.015871286409530037;0.04057719431485299
1203.0;0.014910112661872163;0.02491909385113269;0.027699718988358095
1204.5;0.024122807017543862;0.01608187134502924;0.0285204991087344
1206.0;0.01850632726208763;0.015225395561747438;0.016913946587537095
1207.5;0.02703900709219858;0.016863406408094434;0.025522755227552277
1209.0;0.017623877982923447;0.017547197908565945;0.017699115044247787
1210.5;0.01865038996269922;0.01660281557997176;0.024412296564195298
1212.0;0.015280135823429542;0.016638225255972697;0.018010291595197254
1213.5;0.017094017094017096;0.01865038996269922;0.02928870292887029
1215.0;0.03706545928938685;0.017094017094017096;0.019142066420664204
1216.5;0.017045454545454544;0.017094017094017096;0.037422037422037424
1218.0;0.01726263871763255;0.017094017094017096;0.02516881522406384
1219.5;0.028861105927722834;0.017094017094017096;0.018937169700528483
1221.0;0.034290370024975876;0.01850632726208763;0.02317655078391275
1222.5;0.016694437748184725;0.014945495799148322;0.016404391880884894
1224.0;0.01838245406174913;0.014945495799148322;0.019142066420664204
1225.5;0.01838245406174913;0.01663225731761437;0.04297752808988764
1227.0;0.017094017094017096;0.01663225731761437;0.01639707906283901
1228.5;0.01597712748065927;0.01488644788002137;0.015597920277296359
1230.0;0.0175513698630137;0.017427438387099873;0.024816176470588234
1231.5;0.0175513698630137;0.017427438387099873;0.041293250141803746
1233.0;0.03130908265900325;0.017427438387099873;0.04192931086159592
1234.5;0.03130908265900325;0.018277260861902424;0.023765996343692867
1236.0;0.03130908265900325;0.018256492034823147;0.015095605501509561
1237.5;0.016676298192025096;0.018256492034823147;0.018470790378006873
1239.0;0.024122807017543862;0.017393838281482624;0.03423209093312186
1240.5;0.03460837887067396;0.015680987109796585;0.040080752375793983
1242.0;0.016863406408094434;0.015680987109796585;0.024924471299093656
1243.5;0.017094017094017096;0.014829976303317897;0.023762376237623763
1245.0;0.03466050479914682;0.016638225255972697;0.02352661596958175
1246.5;0.035774141714325206;0.015095605501509561;0.0153103221203973
1248.0;0.040968342644320296;0.023765996343692867;0.029029358897543437
1249.5;0.015731292517006803;0.016863406408094434;0.01574004887210453
1251.0;0.031723651744800845;0.016863406408094434;0.026475958612294584
1252.5;0.016638225255972697;0.016863406408094434;0.023765996343692867
1254.0;0.018323203432248837;0.024122807017543862;0.030993042378241617
1255.5;0.024816176470588234;0.01842179442537598;0.027551020408163263
1257.0;0.01865038996269922;0.015769487034319674;0.03317033414832926
1258.5;0.015001087035292413;0.0161839863713799;0.040819094114456195
1260.0;0.015809071886378992;0.015095605501509561;0.025088028169014082
1261.5;0.030743823668949708;0.016638225255972697;0.028433476394849784
1263.0;0.015095605501509561;0.015871286409530037;0.01929282065071256
1264.5;0.0285204991087344;0.015743018124095107;0.016404391880884894
1266.0;0.0161839863713799;0.01830736743700201;0.029135338345864664
1267.5;0.016863406408094434;0.016557768507871926;0.01597712748065927
1269.0;0.02238354506957048;0.015687178238012765;0.014910112661872163
1270.5;0.016745540589734254;0.017754480892796753;0.037760416666666664
1272.0;0.01597712748065927;0.02703900709219858;0.040080752375793983
1273.5;0.028580208973570994;0.02703900709219858;0.01597712748065927
1275.0;0.015391049145315102;0.015095605501509561;0.0170487948265726
1276.5;0.026060070671378093;0.017373380447585393;0.032886334610472544
1278.0;0.024114774114774116;0.015095605501509561;0.036415289256198344
1279.5;0.01597712748065927;0.017754480892796753;0.03792018942157062
1281.0;0.018010291595197254;0.01842179442537598;0.01496006376714652
1282.5;0.024093511450381678;0.01663225731761437;0.024378585086042064
1284.0;0.017045454545454544;0.015095605501509561;0.017679771605305417
1285.5;0.03858564130142512;0.014910112661872163;0.03564899451553931
1287.0;0.025522755227552277;0.018010291595197254;0.03466050479914682
1288.5;0.03535245814226298;0.015280135823429542;0.025573192239858905
1290.0;0.01672693391308206;0.016638225255972697;0.017754480892796753
1291.5;0.03969754253308129;0.03584905660377359;0.024816176470588234
1293.0;0.01874107841782935;0.03838639043287856;0.03969754253308129
1294.5;0.015831002263857863;0.018197573656845753;0.016025963289428118
1296.0;0.026060070671378093;0.024122807017543862;0.016775307882501863
1297.5;0.028050275904353158;0.01606832657788072;0.029291649063512178
1299.0;0.03669724770642202;0.03460837887067396;0.018725889831170253
1300.5;0.01597712748065927;0.019013666072489603;0.026060070671378093
1302.0;0.023765996343692867;0.017623877982923447;0.03411405295315682
1303.5;0.023765996343692867;0.016863406408094434;0.017824497257769654
1305.0;0.026998169615619284;0.03130908265900325;0.024464831804281346
1306.5;0.028248983597364368;0.017094017094017096;0.0189328743545611
1308.0;0.017699115044247787;0.016745540589734254;0.029664014146772767
1309.5;0.024816176470588234;0.016745540589734254;0.018612132352941176
1311.0;0.02351778656126482;0.015769487034319674;0.01810895810084204
1312.5;0.027551020408163263;0.03534512971343672;0.014956349311882165
1314.0;0.03722426470588235;0.025088028169014082;0.027531083481349913
1315.5;0.025176372942315672;0.03764790247400502;0.040279602176768625
1317.0;0.02848722986247544;0.03764790247400502;0.018010291595197254
1318.5;0.01874107841782935;0.017623877982923447;0.016638225255972697
1320.0;0.024501992031872512;0.038817005545286505;0.022405660377358493
1321.5;0.042820886656946916;0.025522755227552277;0.015992751525289242
1323.0;0.01819363222871995;0.02802491103202847;0.027531083481349913
1324.5;0.028139262627462292;0.02802491103202847;0.016745540589734254
1326.0;0.022789783889980354;0.03966822935448972;0.04212932723709994
1327.5;0.025657700266036067;0.016638225255972697;0.03072625698324023
1329.0;0.016817853050649274;0.03669724770642202;0.028248983597364368
1330.5;0.03250478011472275;0.03669724770642202;0.03617216117216117
1332.0;0.03372140883165756;0.038655160014383315;0.02802491103202847
1333.5;0.018612132352941176;0.015871286409530037;0.03466050479914682
1335.0;0.03969754253308129;0.01842179442537598;0.016745540589734254
1336.5;0.015831002263857863;0.015743018124095107;0.042820886656946916
1338.0;0.018848906360245943;0.041250831669993354;0.040013227513227514
1339.5;0.0285204991087344;0.03798297314996725;0.03722426470588235
1341.0;0.015001087035292413;0.03828413284132841;0.038385826771653545
1342.5;0.03639029592108771;0.03564899451553931;0.03564899451553931
1344.0;0.028264541327984796;0.03564899451553931;0.0285204991087344
1345.5;0.0161839863713799;0.0370850622406639;0.024816176470588234
1347.0;0.04057719431485299;0.02676362545917985;0.029017857142857144
1348.5;0.01865038996269922;0.016893192636230753;0.017754480892796753
1350.0;0.01842179442537598;0.016893192636230753;0.033879208022981784
1351.5;0.0325497287522604;0.03061868686868687;0.016745540589734254
1353.0;0.0325497287522604;0.02703900709219858;0.017754480892796753
1354.5;0.018010291595197254;0.02703900709219858;0.018470790378006873
1356.0;0.0161839863713799;0.03764790247400502;0.040424121935056324
1357.5;0.01865038996269922;0.02703900709219858;0.017287443030017287
1359.0;0.016676298192025096;0.01865038996269922;0.01581678262588239
1360.5;0.018332165356039182;0.03320921042632419;0.018470790378006873
1362.0;0.024122807017543862;0.03617216117216117;0.023809523809523808
1363.5;0.015001087035292413;0.017754480892796753;0.037483266398929044
1365.0;0.025716433527362123;0.024114774114774116;0.015033359741139864
1366.5;0.016403046280023436;0.015280135823429542;0.03466050479914682
1368.0;0.03320921042632419;0.0230722525804493;0.038817005545286505
1369.5;0.01678424862821045;0.03557483731019522;0.038817005545286505
1371.0;0.01944439275812664;0.01709768189736031;0.029017857142857144
1372.5;0.02460456942003515;0.028029058848148224;0.027531083481349913
1374.0;0.0230722525804493;0.01674594333784738;0.032697066101095795
1375.5;0.01845342706502636;0.017094017094017096;0.01749271137026239
1377.0;0.02238354506957048;0.035774141714325206;0.02460456942003515
1378.5;0.017373380447585393;0.038655160014383315;0.015280135823429542
1380.0;0.01645021645021645;0.014910112661872163;0.027531083481349913
1381.5;0.018354055654233276;0.017465858520325457;0.014945495799148322
1383.0;0.035127911416571206;0.0175513698630137;0.015871286409530037
1384.5;0.01749271137026239;0.022727272727272728;0.015414729630535846
1386.0;0.0175513698630137;0.015731292517006803;0.015597920277296359
1387.5;0.017971946230274694;0.03609431217943811;0.015854570888502284
1389.0;0.019327580007191657;0.023642732049036778;0.015762630806304054
1390.5;0.017015706806282723;0.016863406408094434;0.03532849512878568
1392.0;0.017094017094017096;0.016863406408094434;0.017094017094017096
1393.5;0.017623877982923447;0.017094017094017096;0.015095605501509561
1395.0;0.018470790378006873;0.026548672566371685;0.0175513698630137
1396.5;0.016863406408094434;0.026548672566371685;0.017754480892796753
1398.0;0.026060070671378093;0.02623456790123457;0.0367279087083759
1399.5;0.03617216117216117;0.01879117923894043;0.018937169700528483
1401.0;0.03130908265900325;0.026475958612294584;0.016429426632965278
1402.5;0.01645021645021645;0.016081348496769426;0.029017857142857144
1404.0;0.03317033414832926;0.017094017094017096;0.02703900709219858
1405.5;0.02891543420553659;0.025522755227552277;0.015095605501509561
1407.0;0.01688081285952368;0.01865038996269922;0.01597712748065927
1408.5;0.026548672566371685;0.04038461538461538;0.0175513698630137
1410.0;0.02460456942003515;0.035751028806584366;0.015001087035292413
1411.5;0.03250478011472275;0.016335052812576762;0.01663225731761437
1413.0;0.030245746691871456;0.016348533050547898;0.015711796950363736
1414.5;0.036646406864497674;0.01983411467724486;0.018277260861902424
1416.0;0.024464831804281346;0.04113010574176276;0.024122807017543862
1417.5;0.03669724770642202;0.015095605501509561;0.017094017094017096
1419.0;0.017623877982923447;0.02516881522406384;0.03466050479914682
1420.5;0.017754480892796753;0.018314772574802095;0.0175513698630137
1422.0;0.02516881522406384;0.03476361919376734;0.016676298192025096
1423.5;0.03466050479914682;0.0175513698630137;0.01865038996269922
1425.0;0.014945495799148322;0.024924471299093656;0.030318091451292245
1426.5;0.027531083481349913;0.02587800369685767;0.017825311942959002
1428.0;0.01672535211267606;0.026998169615619284;0.017563955708285603
1429.5;0.018848906360245943;0.018010291595197254;0.01773141070098048
1431.0;0.024114774114774116;0.024501992031872512;0.01580252790020322
1432.5;0.024114774114774116;0.01612259159428971;0.016627468908954935
1434.0;0.016863406408094434;0.026548672566371685;0.017015706806282723
1435.5;0.016863406408094434;0.035650623885918005;0.016830578931359627
1437.0;0.03416622228993677;0.018010291595197254;0.015798668573620674
1438.5;0.018470790378006873;0.026548672566371685;0.01749000201260901
1440.0;0.0170487948265726;0.026839699159416013;0.01850632726208763
1441.5;0.03212468193384224;0.01621205100827978;0.036514961411379304
1443.0;0.01775534628830588;0.0380260646449757;0.015743018124095107
1444.5;0.017754480892796753;0.023765996343692867;0.015280135823429542
1446.0;0.024122807017543862;0.01756386861313869;0.015001087035292413
1447.5;0.02460456942003515;0.01675356994726551;0.015001087035292413
1449.0;0.038817005545286505;0.01612259159428971;0.017547197908565945
1450.5;0.016638225255972697;0.0175513698630137;0.018937169700528483
1452.0;0.032256841786066255;0.018848906360245943;0.032302332946268345
1453.5;0.01663225731761437;0.015871286409530037;0.01850632726208763
1455.0;0.016582472972657695;0.01836806645203033;0.02802491103202847
1456.5;0.016863406408094434;0.026457750968564567;0.017460979111666896
1458.0;0.017094017094017096;0.03404835945928794;0.027531083481349913
1459.5;0.017094017094017096;0.024574669187145556;0.01967799642218247
1461.0;0.01850632726208763;0.03528138528138528;0.026475958612294584
1462.5;0.015731292517006803;0.039347749025168376;0.017934291168491913
1464.0;0.017754480892796753;0.017447535383113714;0.019292604501607715
1465.5;0.016745540589734254;0.01856600548055409;0.01719518862766539
1467.0;0.029478889311525296;0.0230722525804493;0.025088028169014082
1468.5;0.018671683262517162;0.029702970297029705;0.02019230769230769
1470.0;0.02802491103202847;0.01741229204378933;0.01903411557047368
1471.5;0.0161839863713799;0.03212468193384224;0.018354055654233276
1473.0;0.017094017094017096;0.02400793650793651;0.023274161735700197
1474.5;0.016638225255972697;0.024501992031872512;0.04170616113744076
1476.0;0.017015706806282723;0.023765996343692867;0.01779592331824472
1477.5;0.017232945780185874;0.02516881522406384;0.018026004728132386
1479.0;0.017661161356374806;0.01852093813288038;0.017094017094017096
1480.5;0.017971946230274694;0.0196525928743502;0.0175513698630137
1482.0;0.01784040701566475;0.015391049145315102;0.024114774114774116
1483.5;0.015188609731168737;0.023274161735700197;0.027587890625
1485.0;0.02352661596958175;0.03907355021216407;0.018944170972160067
1486.5;0.04009504902845455;0.025173611111111115;0.02623456790123457
1488.0;0.03276256866659899;0.024378585086042064;0.01672535211267606
1489.5;0.029647930821494754;0.033547008547008546;0.024672187715665976
1491.0;0.024464831804281346;0.03646288209606987;0.01749271137026239
1492.5;0.01850632726208763;0.022847115790408924;0.019540415891253337
1494.0;0.02619146866750035;0.02682763246143528;0.029311313078060352
1495.5;0.037483266398929044;0.03450226244343891;0.0175513698630137
1497.0;0.030245746691871456;0.018026004728132386;0.03512773722627738
1498.5;0.029874213836477988;0.01941684776984373;0.029017857142857144
1500.0;0.03718199608610568;0.02919658820647877;0.01733902966659057
1501.5;0.035148828372387586;0.02623456790123457;0.018103179589676104
1503.0;0.030993042378241617;0.017287443030017287;0.018086080586080584
1504.5;0.0189328743545611;0.03693904632803682;0.01810895810084204
1506.0;0.015731292517006803;0.040968342644320296;0.01676764541378836
1507.5;0.03357531760435572;0.023031496062992124;0.01750819090067639
1509.0;0.015871286409530037;0.01608187134502924;0.019961612284069098
1510.5;0.032000890578704894;0.030009920634920632;0.036282622533418206
1512.0;0.039888682745825604;0.027021031147395506;0.02401436010220253
1513.5;0.02703900709219858;0.02705625442238047;0.014967643488370664
1515.0;0.016863406408094434;0.03665777156172911;0.025176372942315672
1516.5;0.0175513698630137;0.023765996343692867;0.025306163572231626
1518.0;0.017094017094017096;0.01862097440132122;0.0170487948265726
1519.5;0.01865038996269922;0.01709768189736031;0.0161839863713799
1521.0;0.0189328743545611;0.016676887562826235;0.03314777327935223
1522.5;0.017754480892796753;0.01833248633732731;0.03618273721927187
1524.0;0.02703900709219858;0.025573192239858905;0.0170487948265726
1525.5;0.015095605501509561;0.029702970297029705;0.039504716981132074
1527.0;0.017623877982923447;0.035751028806584366;0.02848722986247544
1528.5;0.014910112661872163;0.022041062801932364;0.023762376237623763
1530.0;0.01749271137026239;0.017883272962794156;0.03061868686868687
1531.5;0.017883272962794156;0.037753222836095765;0.0230722525804493
1533.0;0.017883272962794156;0.038073038073038065;0.038385826771653545
1534.5;0.017094017094017096;0.015225395561747438;0.03460837887067396
1536.0;0.01865038996269922;0.0170487948265726;0.024114774114774116
1537.5;0.03609431217943811;0.018010291595197254;0.024122807017543862
1539.0;0.017094017094017096;0.03004578405188859;0.027531083481349913
1540.5;0.01865038996269922;0.04170616113744076;0.018323203432248837
1542.0;0.015280135823429542;0.015267904439895624;0.030318091451292245
1543.5;0.024203298031819725;0.021851503759398497;0.03657236668067161
1545.0;0.032062780269058296;0.023465703971119134;0.03669724770642202
1546.5;0.01866458752950859;0.030724681359721912;0.0175513698630137
1548.0;0.018010291595197254;0.03219315895372234;0.038817005545286505
1549.5;0.02516881522406384;0.0353626703389308;0.027168254985184596
1551.0;0.031746031746031744;0.023244781783681213;0.018052243358660087
1552.5;0.0392709217668699;0.02966804979253112;0.025439127801332527
1554.0;0.03308373537095415;0.03160923700593601;0.03669724770642202
1555.5;0.03564899451553931;0.039473684210526314;0.029291649063512178
1557.0;0.017094017094017096;0.04055812138164314;0.03712871287128712
1558.5;0.017094017094017096;0.019877675840978597;0.019408502772643253
1560.0;0.0161839863713799;0.01879117923894043;0.016025963289428118
1561.5;0.01597712748065927;0.017699115044247787;0.026548672566371685
1563.0;0.01865038996269922;0.024464831804281346;0.03466050479914682
1564.5;0.014945495799148322;0.03564899451553931;0.0170487948265726
1566.0;0.0285204991087344;0.030009920634920632;0.02460456942003515
1567.5;0.015095605501509561;0.03577141515387212;0.018026004728132386
1569.0;0.015095605501509561;0.01749271137026239;0.02878937007874016
1570.5;0.015095605501509561;0.024816176470588234;0.03969754253308129
1572.0;0.015095605501509561;0.037753222836095765;0.018937169700528483
1573.5;0.015095605501509561;0.02802491103202847;0.030894498987065602
1575.0;0.029516994633273706;0.024114774114774116;0.019566956695669567
1576.5;0.029516994633273706;0.017934291168491913;0.029702970297029705
1578.0;0.016863406408094434;0.031244100868812533;0.024276859504132234
1579.5;0.03609431217943811;0.027531083481349913;0.023288051011921263
1581.0;0.016676298192025096;0.017623877982923447;0.043010752688172046
1582.5;0.016676298192025096;0.04208416833667335;0.025756445890674075
1584.0;0.015769487034319674;0.024464831804281346;0.0249922863313792
1585.5;0.0175513698630137;0.024464831804281346;0.03383297644539615
1587.0;0.01850632726208763;0.017754480892796753;0.02549198831138255
1588.5;0.016676298192025096;0.016676298192025096;0.03365384615384615
1590.0;0.01488644788002137;0.028248983597364368;0.02966804979253112
1591.5;0.018086080586080584;0.039888682745825604;0.030009920634920632
1593.0;0.015154962909024714;0.039888682745825604;0.015517241379310345
1594.5;0.017574219762933944;0.02516881522406384;0.02793585100879462
1596.0;0.017623877982923447;0.016745540589734254;0.018876611418047883
1597.5;0.017824497257769654;0.0161839863713799;0.02491909385113269
1599.0;0.015414729630535846;0.017547197908565945;0.03476946334089191
1600.5;0.015907416444202047;0.02587800369685767;0.025464057231098926
1602.0;0.015907416444202047;0.01597712748065927;0.03696682464454976
1603.5;0.0383127117749023;0.01702553830746119;0.0189328743545611
1605.0;0.016573402642033924;0.029478889311525296;0.029819184799264483
1606.5;0.016553056202420053;0.03359309836609864;0.028006647495376895
1608.0;0.01826392058688452;0.01666901672197272;0.03072625698324023
1609.5;0.03460837887067396;0.017699115044247787;0.028569650192954064
1611.0;0.01654091700522345;0.016863406408094434;0.01995528228060369
1612.5;0.032302332946268345;0.02802491103202847;0.02706185567010309
1614.0;0.023418491484184917;0.018010291595197254;0.02833675564681725
1615.5;0.03669724770642202;0.0175513698630137;0.01765330501725511
1617.0;0.03669724770642202;0.017094017094017096;0.020999704229517892
1618.5;0.015809071886378992;0.0189328743545611;0.027108617966560396
1620.0;0.025088028169014082;0.016403046280023436;0.026107226107226107
1621.5;0.032256841786066255;0.027531083481349913;0.020006613756613757
1623.0;0.029647930821494754;0.02729044834307992;0.015414729630535846
1624.5;0.015225395561747438;0.01710322537202882;0.017699115044247787
1626.0;0.01771809624494277;0.022727272727272728;0.025240384615384616
1627.5;0.02703900709219858;0.017754480892796753;0.029937629937629936
1629.0;0.017754480892796753;0.017754480892796753;0.017849964223471185
1630.5;0.03293798595973293;0.014910112661872163;0.01812240047534165
1632.0;0.03293798595973293;0.0189328743545611;0.024816176470588234
1633.5;0.034633078205669056;0.018010291595197254;0.029132231404958676
1635.0;0.037312715311890364;0.018010291595197254;0.02456524458901539
1636.5;0.016863406408094434;0.017699115044247787;0.018147448015122872
1638.0;0.01865038996269922;0.017094017094017096;0.018970180762633595
1639.5;0.0367279087083759;0.016863406408094434;0.04878917378917379
1641.0;0.0367279087083759;0.01597712748065927;0.01672535211267606
1642.5;0.01488644788002137;0.025522755227552277;0.02848722986247544
1644.0;0.03722426470588235;0.02802491103202847;0.023969617731291252
1645.5;0.03706545928938685;0.018429899149693493;0.01888356123838276
1647.0;0.03706545928938685;0.018063742037492433;0.026994163424124515
1648.5;0.03706545928938685;0.04520697167755991;0.024203298031819725
1650.0;0.035774141714325206;0.016808306987266874;0.017389453485934243
1651.5;0.035774141714325206;0.03212468193384224;0.017737506864360243
1653.0;0.035774141714325206;0.03564899451553931;0.031135531135531136
1654.5;0.0175513698630137;0.01882395123700251;0.03236563358179679
1656.0;0.01850632726208763;0.0332004224895421;0.0220703125
1657.5;0.016745540589734254;0.015847018745455917;0.019876952200662566
1659.0;0.017547197908565945;0.01865038996269922;0.026077097505668934
1660.5;0.017547197908565945;0.01897923971725942;0.0298263801060711
1662.0;0.03276661638370833;0.01897923971725942;0.0162748643761302
1663.5;0.017427438387099873;0.022964015151515152;0.024371551195585532
1665.0;0.032697066101095795;0.01641928887129758;0.03719886632026453
1666.5;0.032697066101095795;0.016805318325366494;0.02867383512544803
1668.0;0.032697066101095795;0.015095605501509561;0.03028503562945368
1669.5;0.015871286409530037;0.017623877982923447;0.026609609870536097
1671.0;0.015871286409530037;0.02587800369685767;0.03125502332745211
1672.5;0.014945495799148322;0.0230722525804493;0.027718550106609806
1674.0;0.017498443680569787;0.01850632726208763;0.03188821633519377
1675.5;0.017498443680569787;0.03617216117216117;0.023809523809523808
1677.0;0.03617216117216117;0.01842179442537598;0.031175059952038366
1678.5;0.017754480892796753;0.024464831804281346;0.023613963039014373
1680.0;0.01850632726208763;0.0189328743545611;0.025679961937990645
1681.5;0.03450566571561023;0.015871286409530037;0.024888143176733782
1683.0;0.03450566571561023;0.02860082304526749;0.030495608632356938
1684.5;0.033435588205396154;0.02860082304526749;0.01780160609014529
1686.0;0.033435588205396154;0.03317033414832926;0.027070647685437925
1687.5;0.031567255350648166;0.0189328743545611;0.024276859504132234
1689.0;0.031567255350648166;0.015095605501509561;0.02520098948670377
1690.5;0.039888682745825604;0.01865038996269922;0.024254473161033796
1692.0;0.017623877982923447;0.01850632726208763;0.026898936851543487
1693.5;0.017623877982923447;0.017094017094017096;0.01855093780355918
1695.0;0.01942319011183049;0.018010291595197254;0.017121863302370723
1696.5;0.038153883046144366;0.0175513698630137;0.042388201712654616
1698.0;0.038153883046144366;0.023765996343692867;0.03197423804452559
1699.5;0.016703877388545722;0.015280135823429542;0.03159260820374026
1701.0;0.016703877388545722;0.0161839863713799;0.023274161735700197
1702.5;0.016703877388545722;0.017934291168491913;0.026077097505668934
1704.0;0.016703877388545722;0.0175513698630137;0.024729215484686866
1705.5;0.016614895233859124;0.017015706806282723;0.01918362627844165
1707.0;0.02695167286245353;0.04083665338645418;0.035578885972586766
1708.5;0.036646406864497674;0.017015706806282723;0.026026580337365827
1710.0;0.015001087035292413;0.04038461538461538;0.020776495278069258
1711.5;0.023642732049036778;0.037979102523697544;0.0271378868339132
1713.0;0.03482458408757866;0.016638225255972697;0.04513888888888889
1714.5;0.016863406408094434;0.0189328743545611;0.017558729382238153
1716.0;0.017547197908565945;0.014945495799148322;0.016638685693728266
1717.5;0.035437678433415665;0.022727272727272728;0.023613963039014373
1719.0;0.026060070671378093;0.016081348496769426;0.027482269503546097
1720.5;0.03320921042632419;0.022727272727272728;0.01678424862821045
1722.0;0.017094017094017096;0.016638225255972697;0.02819414703783012
1723.5;0.017094017094017096;0.024122807017543862;0.05772900763358778
1725.0;0.017094017094017096;0.02802491103202847;0.021513839350346807
1726.5;0.017623877982923447;0.026548672566371685;0.02724539646749342
1728.0;0.016863406408094434;0.02587800369685767;0.027282976324689966
1729.5;0.016863406408094434;0.03902213310711807;0.019203171703016487
1731.0;0.016863406408094434;0.01929824561403509;0.024462004034969734
1732.5;0.014945495799148322;0.01858759764068229;0.030938123752495012
1734.0;0.01663225731761437;0.01847050971300102;0.02919600938967136
1735.5;0.01663225731761437;0.033676001417936904;0.028186274509803922
1737.0;0.03173139329252938;0.038385826771653545;0.01799009736360781
1738.5;0.016582472972657695;0.018010291595197254;0.03407395898073338
1740.0;0.015731292517006803;0.029017857142857144;0.04336043360433604
1741.5;0.017623877982923447;0.0189328743545611;0.017480905680842408
1743.0;0.017623877982923447;0.015095605501509561;0.04151575196227516
1744.5;0.01865038996269922;0.015095605501509561;0.03551162365000916
1746.0;0.032256841786066255;0.01850632726208763;0.018318410636744418
1747.5;0.017498443680569787;0.015731292517006803;0.019372787616805442
1749.0;0.029874213836477988;0.032256841786066255;0.025490088708794215
1750.5;0.017094017094017096;0.01967799642218247;0.018751296157923005
1752.0;0.01845342706502636;0.041530944625407164;0.03608247422680412
1753.5;0.03742080962095995;0.016821418488660245;0.0279090113735783
1755.0;0.024122807017543862;0.023765996343692867;0.026881720430107524
1756.5;0.016863406408094434;0.02802491103202847;0.03013026472026262
1758.0;0.016863406408094434;0.032697066101095795;0.027463987253276104
1759.5;0.016863406408094434;0.016335052812576762;0.02833675564681725
1761.0;0.033879208022981784;0.024378585086042064;0.024941894247530506
1762.5;0.03746174588351344;0.018010291595197254;0.0325497287522604
1764.0;0.037137807788150325;0.015095605501509561;0.02800632911392405
1765.5;0.01740771421307761;0.014945495799148322;0.025832555244319953
1767.0;0.01740771421307761;0.017498443680569787;0.026779422128259334
1768.5;0.03758169934640523;0.017498443680569787;0.02867383512544803
1770.0;0.01597712748065927;0.016568094782873223;0.026514314137283078
1771.5;0.023765996343692867;0.017699115044247787;0.018197573656845753
1773.0;0.02802491103202847;0.0170487948265726;0.027886497064579255
1774.5;0.016863406408094434;0.017015706806282723;0.03726309026662384
1776.0;0.015809071886378992;0.017015706806282723;0.01537736404878336
1777.5;0.01836806645203033;0.029063046996268042;0.0153103221203973
1779.0;0.027531083481349913;0.035148828372387586;0.03557483731019522
1780.5;0.027531083481349913;0.018610244807272875;0.015597920277296359
1782.0;0.03106789479980177;0.015095605501509561;0.026077596751308774
1783.5;0.016863406408094434;0.03293798595973293;0.03892801251956181
1785.0;0.017391304347826087;0.03320921042632419;0.03801927875911337
1786.5;0.03250478011472275;0.02703900709219858;0.03476361919376734
1788.0;0.015280135823429542;0.03764790247400502;0.026475958612294584
1789.5;0.027531083481349913;0.026548672566371685;0.0161839863713799
1791.0;0.027531083481349913;0.03902213310711807;0.02802491103202847
1792.5;0.03357531760435572;0.03841245791927793;0.018558172733761598
1794.0;0.03357531760435572;0.017443347491498312;0.017987706243934
1795.5;0.015095605501509561;0.032478764464558434;0.0188212927756654
1797.0;0.015095605501509561;0.03764790247400502;0.016988416988416986
1798.5;0.015871286409530037;0.03293798595973293;0.02752293577981652
1800.0;0.026839699159416013;0.03293798595973293;0.018026004728132386
1801.5;0.030896333182435492;0.018470790378006873;0.03423626787057938
1803.0;0.01865563356469833;0.018470790378006873;0.02352661596958175
1804.5;0.03578093187186535;0.038655160014383315;0.02938799614583657
1806.0;0.029017857142857144;0.03106789479980177;0.018143754361479414
1807.5;0.031723651744800845;0.03106789479980177;0.025466333735969404
1809.0;0.01865038996269922;0.03106789479980177;0.01597712748065927
1810.5;0.029516994633273706;0.03183910937543675;0.0161839863713799
1812.0;0.02516881522406384;0.03564899451553931;0.018143754361479414
1813.5;0.0175513698630137;0.03564899451553931;0.01707014276846679
1815.0;0.0175513698630137;0.038041387799061466;0.01694768198513463
1816.5;0.04337284482758621;0.0367279087083759;0.017824497257769654
1818.0;0.026548672566371685;0.036514961411379304;0.025550954726534136
1819.5;0.015001087035292413;0.014870091759449306;0.015654541329501625
1821.0;0.015001087035292413;0.018277260861902424;0.027811860940695293
1822.5;0.015001087035292413;0.0370850622406639;0.018612132352941176
1824.0;0.03482458408757866;0.016335052812576762;0.026548438327157226
1825.5;0.03482458408757866;0.015139193690331638;0.016043635035830027
1827.0;0.015769487034319674;0.015024970979036621;0.016335052812576762
1828.5;0.01749271137026239;0.018443932541639993;0.023556231003039513
1830.0;0.02802491103202847;0.018443932541639993;0.01736197703278825
1831.5;0.018026004728132386;0.03547414345409964;0.018429899149693493
1833.0;0.0285204991087344;0.0380929221441361;0.019408502772643253
1834.5;0.016745540589734254;0.016552356215462534;0.024378585086042064
1836.0;0.016745540589734254;0.016552356215462534;0.0411860619602633
1837.5;0.035650623885918005;0.024122807017543862;0.025573192239858905
1839.0;0.035650623885918005;0.03966822935448972;0.024378585086042064
1840.5;0.027531083481349913;0.015809071886378992;0.04157782515991471
1842.0;0.015001087035292413;0.03460837887067396;0.018026004728132386
1843.5;0.015809071886378992;0.015095605501509561;0.02848722986247544
1845.0;0.015809071886378992;0.034633078205669056;0.018960244648318046
1846.5;0.018010291595197254;0.034633078205669056;0.017373380447585393
1848.0;0.017699115044247787;0.037312715311890364;0.025439127801332527
1849.5;0.017699115044247787;0.039754363283775046;0.03433803891644411
1851.0;0.0285204991087344;0.03951778570656288;0.01904761904761905
1852.5;0.02238354506957048;0.02460456942003515;0.01757339238794336
1854.0;0.03416622228993677;0.032256841786066255;0.047405660377358494
1855.5;0.01597712748065927;0.030813820600779404;0.019274809160305342
1857.0;0.033676001417936904;0.02703900709219858;0.018544683857294242
1858.5;0.015280135823429542;0.015001087035292413;0.017487517572349606
1860.0;0.015095605501509561;0.0161839863713799;0.024378585086042064
1861.5;0.026548672566371685;0.03768591312195207;0.016335052812576762
1863.0;0.017623877982923447;0.02802491103202847;0.027587890625
1864.5;0.015095605501509561;0.01597712748065927;0.02352661596958175
1866.0;0.026060070671378093;0.0325497287522604;0.04186698717948718
1867.5;0.032697066101095795;0.02911275415896488;0.019902111895297586
1869.0;0.03276661638370833;0.031244100868812533;0.016674644965693316
1870.5;0.03276661638370833;0.031244100868812533;0.029937629937629936
1872.0;0.01488644788002137;0.016863406408094434;0.03297872340425532
1873.5;0.01597712748065927;0.016676298192025096;0.018612132352941176
1875.0;0.017547197908565945;0.016676298192025096;0.019395134779750165
1876.5;0.025088028169014082;0.016676298192025096;0.018876611418047883
1878.0;0.0285204991087344;0.016676298192025096;0.032541687721071244
1879.5;0.036646406864497674;0.01663225731761437;0.018782451895451878
1881.0;0.025522755227552277;0.017427438387099873;0.017462905276233176
1882.5;0.02516881522406384;0.03250478011472275;0.02654302042479993
1884.0;0.02516881522406384;0.035650623885918005;0.0188212927756654
1885.5;0.018792559974975337;0.035127911416571206;0.018314772574802095
1887.0;0.017623877982923447;0.0161839863713799;0.017699115044247787
1888.5;0.018595825426944972;0.016863406408094434;0.02268431001890359
1890.0;0.016089299461123942;0.026548672566371685;0.028580208973570994
1891.5;0.037392911137241726;0.03609431217943811;0.021042084168336674
1893.0;0.015280135823429542;0.024203298031819725;0.03013979272113762
1894.5;0.015280135823429542;0.03997064167198084;0.017114792766348856
1896.0;0.024816176470588234;0.03997064167198084;0.02587800369685767
1897.5;0.038655160014383315;0.018443932541639993;0.02724539646749342
1899.0;0.038655160014383315;0.02703900709219858;0.016202753976515587
1900.5;0.017094017094017096;0.02703900709219858;0.017560580694800747
1902.0;0.03212468193384224;0.029478889311525296;0.017699115044247787
1903.5;0.018010291595197254;0.03629820769558761;0.024378585086042064
1905.0;0.016745540589734254;0.03629820769558761;0.0325497287522604
1906.5;0.0189328743545611;0.03629820769558761;0.02793585100879462
1908.0;0.026475958612294584;0.03906139201327408;0.016556409925970475
1909.5;0.018470790378006873;0.03173862719866306;0.024464831804281346
1911.0;0.02460456942003515;0.03173862719866306;0.018354055654233276
1912.5;0.015095605501509561;0.0161839863713799;0.029702970297029705
1914.0;0.01756386861313869;0.024816176470588234;0.019032396269320767
1915.5;0.01726263871763255;0.017623877982923447;0.0325497287522604
1917.0;0.01726263871763255;0.017015706806282723;0.01756386861313869
1918.5;0.015139193690331638;0.03638309256286784;0.029017857142857144
1920.0;0.018026004728132386;0.03669724770642202;0.018010291595197254
1921.5;0.015597920277296359;0.026060070671378093;0.037753222836095765
1923.0;0.015597920277296359;0.026548672566371685;0.017094017094017096
1924.5;0.015069294547215105;0.03966822935448972;0.027886497064579255
1926.0;0.014936197678611653;0.038041387799061466;0.018197573656845753
1927.5;0.016863406408094434;0.025573192239858905;0.017825311942959002
1929.0;0.027531083481349913;0.03564899451553931;0.01918932786044125
1930.5;0.018876611418047883;0.03136882129277567;0.033950617283950615
1932.0;0.02400793650793651;0.016638225255972697;0.03817673923646521
1933.5;0.02400793650793651;0.03966822935448972;0.024114774114774116
1935.0;0.016812053925455987;0.018937169700528483;0.017754480892796753
1936.5;0.017094017094017096;0.01597712748065927;0.03106789479980177
1938.0;0.0189328743545611;0.02802491103202847;0.030009920634920632
1939.5;0.036646406864497674;0.0189328743545611;0.02494777243356168
1941.0;0.0161839863713799;0.024464831804281346;0.02352661596958175
1942.5;0.01850632726208763;0.01597712748065927;0.017563955708285603
1944.0;0.019013666072489603;0.018010291595197254;0.02939958592132505
1945.5;0.01654091700522345;0.0285204991087344;0.031163260156447138
1947.0;0.01606832657788072;0.015871286409530037;0.02376786446781401
1948.5;0.01702553830746119;0.018332165356039182;0.038126422959053684
1950.0;0.0161839863713799;0.03638309256286784;0.024093511450381678
1951.5;0.017754480892796753;0.03758169934640523;0.029478889311525296
1953.0;0.014945495799148322;0.01597712748065927;0.03326935380678182
1954.5;0.018332165356039182;0.038655160014383315;0.042157659488013005
1956.0;0.0161839863713799;0.038655160014383315;0.039074658151710524
1957.5;0.015095605501509561;0.038655160014383315;0.02516881522406384
1959.0;0.015095605501509561;0.016863406408094434;0.026060070671378093
1960.5;0.017623877982923447;0.025573192239858905;0.029722271675271496
1962.0;0.017623877982923447;0.0175513698630137;0.02352661596958175
1963.5;0.017623877982923447;0.03966822935448972;0.03389369971765095
1965.0;0.0175513698630137;0.015446744068652195;0.03466050479914682
1966.5;0.0175513698630137;0.025088028169014082;0.026518218623481783
1968.0;0.038041387799061466;0.018010291595197254;0.018242207460398566
1969.5;0.038041387799061466;0.03512773722627738;0.024093511450381678
1971.0;0.016745540589734254;0.018197573656845753;0.01718287488267995
1972.5;0.01836806645203033;0.016025963289428118;0.018202378957949406
1974.0;0.02703900709219858;0.018542690508967015;0.018323203432248837
1975.5;0.02460456942003515;0.018010291595197254;0.02658079919052378
1977.0;0.024464831804281346;0.02703900709219858;0.01713180436584692
1978.5;0.018790849673202614;0.015001087035292413;0.024664750957854403
1980.0;0.017934291168491913;0.02516881522406384;0.025806525446035178
1981.5;0.016863406408094434;0.032302332946268345;0.018900762181744215
1983.0;0.026548672566371685;0.03923444976076555;0.025522755227552277
1984.5;0.015731292517006803;0.033038955941517026;0.017089125102207687
1986.0;0.017623877982923447;0.01865038996269922;0.017154737992035804
1987.5;0.017094017094017096;0.01865038996269922;0.02973003922017692
1989.0;0.019138359569179784;0.02802491103202847;0.034255097411296516
1990.5;0.0189328743545611;0.032256841786066255;0.022789783889980354
1992.0;0.017623877982923447;0.03212468193384224;0.015446744068652195
1993.5;0.01672535211267606;0.03800513149454778;0.023765996343692867
1995.0;0.01850632726208763;0.0175513698630137;0.030627490039840638
1996.5;0.017498443680569787;0.01865038996269922;0.018020513790726903
1998.0;0.037753222836095765;0.03416622228993677;0.015099040540647314
1999.5;0.01850632726208763;0.014945495799148322;0.015280135823429542
2001.0;0.01850632726208763;0.025573192239858905;0.024114774114774116
2002.5;0.034633078205669056;0.015095605501509561;0.017391304347826087
2004.0;0.030813820600779404;0.015095605501509561;0.025088028169014082
2005.5;0.017427438387099873;0.0161839863713799;0.033676001417936904
2007.0;0.018277260861902424;0.0230722525804493;0.016745540589734254
2008.5;0.031746031746031744;0.01775534628830588;0.026060070671378093
2010.0;0.03706545928938685;0.016348533050547898;0.017971946230274694
2011.5;0.03706545928938685;0.018671683262517162;0.027531083481349913
2013.0;0.03106789479980177;0.017502742449495224;0.037483266398929044
2014.5;0.037753222836095765;0.036646406864497674;0.041250831669993354
2016.0;0.017094017094017096;0.026548672566371685;0.03136882129277567
2017.5;0.01842179442537598;0.0189328743545611;0.0425033467202142
2019.0;0.03669724770642202;0.03968662645284684;0.025439127801332527
2020.5;0.017623877982923447;0.03501841784293656;0.026512304323670712
2022.0;0.015280135823429542;0.03474178403755869;0.026512304323670712
2023.5;0.036646406864497674;0.015054442165062335;0.03798297314996725
2025.0;0.02915766738660907;0.01597712748065927;0.03130908265900325
2026.5;0.016043635035830027;0.018010291595197254;0.015743018124095107
2028.0;0.026548672566371685;0.026479957525882662;0.018289844042285466
2029.5;0.01780160609014529;0.0159809754693413;0.0285204991087344
2031.0;0.01799009736360781;0.01749951343472306;0.03764790247400502
2032.5;0.03874567024920151;0.037753222836095765;0.03807390817469205
2034.0;0.016277578625739156;0.025573192239858905;0.03729162317716876
2035.5;0.0175513698630137;0.017623877982923447;0.018197573656845753
2037.0;0.01850632726208763;0.01834061135371179;0.033972841057362396
2038.5;0.01836806645203033;0.018130653858620383;0.016648083640921553
2040.0;0.033676001417936904;0.024464831804281346;0.026548672566371685
2041.5;0.02833675564681725;0.030343754420710144;0.03236009732360097
2043.0;0.020833333333333332;0.026295516287651786;0.028317430123032554
2044.5;0.01695984385042013;0.02976566614007372;0.017565225771894673
2046.0;0.015280135823429542;0.0379642241262152;0.01661000573965943
2047.5;0.018354055654233276;0.02703900709219858;0.029478889311525296
2049.0;0.0161839863713799;0.017623877982923447;0.043047308944646624
2050.5;0.038817005545286505;0.022041062801932364;0.015198620126267775
2052.0;0.017623877982923447;0.01702553830746119;0.03609431217943811
2053.5;0.016676298192025096;0.02460456942003515;0.03212468193384224
2055.0;0.016638225255972697;0.023418491484184917;0.019139945314441957
2056.5;0.017094017094017096;0.017373380447585393;0.0185554688027144
2058.0;0.018010291595197254;0.01749271137026239;0.018010291595197254
2059.5;0.017754480892796753;0.01917044266294876;0.022405660377358493
2061.0;0.02460456942003515;0.026592455163883737;0.0340398201669878
2062.5;0.016863406408094434;0.017596390484003282;0.016745540589734254
2064.0;0.015154962909024714;0.017654572722154673;0.01850632726208763
2065.5;0.03924126754390435;0.0175513698630137;0.027531083481349913
2067.0;0.015095605501509561;0.01897923971725942;0.01942319011183049
2068.5;0.015095605501509561;0.02516881522406384;0.018753527560063075
2070.0;0.015809071886378992;0.024664750957854403;0.018010291595197254
2071.5;0.04254495397057559;0.01658516707416463;0.017699115044247787
2073.0;0.04020345437064881;0.018354055654233276;0.040343486714193126
2074.5;0.02848722986247544;0.024114774114774116;0.037938033550235804
2076.0;0.03618273721927187;0.03481624758220503;0.029579482719908196
2077.5;0.03861331624646528;0.02835538752362949;0.027078133222983365
2079.0;0.03798297314996725;0.017961645808949312;0.031746031746031744
2080.5;0.037753222836095765;0.01597712748065927;0.026475958612294584
2082.0;0.038655160014383315;0.02703900709219858;0.018010291595197254
2083.5;0.038041387799061466;0.018876611418047883;0.02623456790123457
2085.0;0.04195042222827568;0.025522755227552277;0.03800513149454778
2086.5;0.016785765670711238;0.037753222836095765;0.024464831804281346
2088.0;0.03966822935448972;0.023765996343692867;0.03848310366392789
2089.5;0.026548672566371685;0.026639507947919163;0.015854570888502284
2091.0;0.019139945314441957;0.022041062801932364;0.027886497064579255
2092.5;0.039754363283775046;0.023765996343692867;0.02684356680037026
2094.0;0.03617373582983059;0.015095605501509561;0.0175513698630137
2095.5;0.02802491103202847;0.017754480892796753;0.03966822935448972
2097.0;0.04557860262008733;0.01672535211267606;0.025439127801332527
2098.5;0.016335052812576762;0.016863406408094434;0.01726263871763255
2100.0;0.02460456942003515;0.024816176470588234;0.03061868686868687
2101.5;0.016745540589734254;0.018487434139972954;0.0189328743545611
2103.0;0.03864818325709216;0.01822145094387539;0.01733025239957341
2104.5;0.026998169615619284;0.039691958229128015;0.01705018909044292
2106.0;0.015163102542134104;0.01587343606875064;0.02915766738660907
2107.5;0.0161839863713799;0.030009052504526255;0.020410766679423396
2109.0;0.026060070671378093;0.017747389514222646;0.03414239072663309
2110.5;0.016863406408094434;0.01874976438826494;0.028050275904353158
2112.0;0.018470790378006873;0.01591076373804979;0.0230722525804493
2113.5;0.032886334610472544;0.015095605501509561;0.01874107841782935
2115.0;0.016745540589734254;0.0189328743545611;0.03336778829267314
2116.5;0.03276661638370833;0.017754480892796753;0.016863406408094434
2118.0;0.01814552172099398;0.01842179442537598;0.031746031746031744
2119.5;0.030993042378241617;0.015731292517006803;0.01672535211267606
2121.0;0.015001087035292413;0.017754480892796753;0.03187751004016064
2122.5;0.017094017094017096;0.015095605501509561;0.03282828282828283
2124.0;0.018323203432248837;0.03902213310711807;0.029478889311525296
2125.5;0.03326935380678182;0.014945495799148322;0.032886334610472544
2127.0;0.01702553830746119;0.017465858520325457;0.036282622533418206
2128.5;0.019877675840978597;0.018010291595197254;0.0161839863713799
2130.0;0.027798718431963815;0.03764790247400502;0.033556149732620326
2131.5;0.018026004728132386;0.018470790378006873;0.025240384615384616
2133.0;0.017462905276233176;0.04273084479371316;0.018020513790726903
2134.5;0.015106013411607612;0.016807551075732556;0.03423209093312186
2136.0;0.01865038996269922;0.014929429479221547;0.016604605213162094
2137.5;0.017971946230274694;0.01597712748065927;0.017373380447585393
2139.0;0.01848360454802751;0.03187751004016064;0.029874213836477988
2140.5;0.037753222836095765;0.03423209093312186;0.03798392987582177
2142.0;0.0189328743545611;0.036646406864497674;0.02450980392156863
2143.5;0.018026004728132386;0.0161839863713799;0.018725889831170253
2145.0;0.03888888888888889;0.015280135823429542;0.026475958612294584
2146.5;0.024114774114774116;0.015001087035292413;0.0368124729320052
2148.0;0.017368069472277887;0.02703900709219858;0.015346856070605526
2149.5;0.017094017094017096;0.016676298192025096;0.03364485981308411
2151.0;0.017094017094017096;0.016638225255972697;0.017094017094017096
2152.5;0.029397233201581028;0.0175513698630137;0.019013666072489603
2154.0;0.016403046280023436;0.038655160014383315;0.03935185185185185
2155.5;0.016403046280023436;0.017498443680569787;0.01834061135371179
2157.0;0.015001087035292413;0.016863406408094434;0.02268431001890359
2158.5;0.01749271137026239;0.019626168224299065;0.01675356994726551
2160.0;0.01749271137026239;0.029937629937629936;0.018612132352941176
2161.5;0.018470790378006873;0.017089125102207687;0.0377347693223307
2163.0;0.015001087035292413;0.017094017094017096;0.037753222836095765
2164.5;0.0175513698630137;0.016745540589734254;0.019214401225636224
2166.0;0.01597712748065927;0.015769487034319674;0.03460837887067396
2167.5;0.015769487034319674;0.032697066101095795;0.025088028169014082
2169.0;0.015769487034319674;0.027055702917771884;0.031723651744800845
2170.5;0.01488644788002137;0.03739302172481896;0.03828413284132841
2172.0;0.02460456942003515;0.03764790247400502;0.018010291595197254
2173.5;0.0189328743545611;0.016676298192025096;0.01904761904761905
2175.0;0.03331214913674399;0.016676298192025096;0.03423626787057938
2176.5;0.03948705750059468;0.016676298192025096;0.04149568085146251
2178.0;0.02460456942003515;0.02352661596958175;0.037753222836095765
2179.5;0.03476482617586912;0.028264541327984796;0.016838000708968452
2181.0;0.019139945314441957;0.016638225255972697;0.03061868686868687
2182.5;0.026548672566371685;0.018354055654233276;0.03414239072663309
2184.0;0.038041387799061466;0.023642732049036778;0.024378585086042064
2185.5;0.03250478011472275;0.01845342706502636;0.0175513698630137
2187.0;0.034328834095015415;0.017215791035915702;0.022172204118654885
2188.5;0.0161839863713799;0.024664750957854403;0.015280135823429542
2190.0;0.01850632726208763;0.026548672566371685;0.02495201535508637
2191.5;0.033697931493502586;0.036646406864497674;0.0370850622406639
2193.0;0.01865038996269922;0.0189328743545611;0.015414729630535846
2194.5;0.028580208973570994;0.015095605501509561;0.01834862385321101
2196.0;0.01702553830746119;0.031746031746031744;0.024378585086042064
2197.5;0.038655160014383315;0.025956284153005466;0.017121863302370723
2199.0;0.038041387799061466;0.01694768198513463;0.026507713884992984
2200.5;0.017498443680569787;0.026548672566371685;0.023809523809523808
2202.0;0.01660281557997176;0.017754480892796753;0.026457750968564567
2203.5;0.017443347491498312;0.03423209093312186;0.023809523809523808
2205.0;0.017427438387099873;0.018470790378006873;0.019765354813290725
2206.5;0.01741601350785099;0.02835538752362949;0.03969072164948454
2208.0;0.032449913274663476;0.028050275904353158;0.026555297542716533
2209.5;0.032449913274663476;0.015280135823429542;0.028770882091840855
2211.0;0.032449913274663476;0.017015706806282723;0.01845342706502636
2212.5;0.015690820879123473;0.029664014146772767;0.024114774114774116
2214.0;0.014836509492270044;0.024730566300648092;0.01772899957788096
2215.5;0.01739137492247878;0.01852506094518331;0.018543046357615892
2217.0;0.024924471299093656;0.02752293577981652;0.01811216999012306
2218.5;0.014986153377295074;0.018832655731576244;0.017391304347826087
2220.0;0.017094017094017096;0.018941328903879267;0.032886334610472544
2221.5;0.017094017094017096;0.018532729644693425;0.030245746691871456
2223.0;0.0175513698630137;0.015280135823429542;0.01772899957788096
2224.5;0.01865038996269922;0.01918932786044125;0.017762891587251473
2226.0;0.0433355219960604;0.028238764233964125;0.019214401225636224
2227.5;0.01784040701566475;0.03722993827160494;0.018487434139972954
2229.0;0.015188609731168737;0.02516881522406384;0.025322619917214514
2230.5;0.027531083481349913;0.03331214913674399;0.018323203432248837
2232.0;0.02623456790123457;0.02352661596958175;0.030302841940376444
2233.5;0.033547008547008546;0.022549019607843137;0.02674949649675205
2235.0;0.016089299461123942;0.02851328885722305;0.03885337546916536
2236.5;0.03789035136231243;0.0363872644574399;0.016403046280023436
2238.0;0.018399425774035628;0.03655913978494623;0.0189328743545611
2239.5;0.018353291649805165;0.03984184980401879;0.02516881522406384
2241.0;0.018353291649805165;0.026548672566371685;0.017971946230274694
2242.5;0.0353998628397089;0.0441017316017316;0.024816176470588234
2244.0;0.01743688800923686;0.027762308282785714;0.022405660377358493
2245.5;0.03357531760435572;0.040013227513227514;0.026616509333522605
2247.0;0.017754480892796753;0.02703900709219858;0.026639507947919163
2248.5;0.017754480892796753;0.040819094114456195;0.02351567711807872
2250.0;0.01850632726208763;0.03240643424121398;0.035362194599228465
2251.5;0.035774141714325206;0.039603960396039604;0.029128447175468284
2253.0;0.015769487034319674;0.015280135823429542;0.030137981118373278
2254.5;0.03564899451553931;0.031027253668763105;0.03726309026662384
2256.0;0.014945495799148322;0.04099192988081877;0.015414729630535846
2257.5;0.01836806645203033;0.039743030853920384;0.029573367808661925
2259.0;0.015724726735506497;0.018010291595197254;0.02423963854187447
2260.5;0.035650623885918005;0.03858520900321543;0.024203298031819725
2262.0;0.017094017094017096;0.03061868686868687;0.03365384615384615
2263.5;0.016638225255972697;0.040013227513227514;0.01834061135371179
2265.0;0.018010291595197254;0.02669539153240914;0.018538209281526382
2266.5;0.01865038996269922;0.015958442650909548;0.03620663662707919
2268.0;0.01663225731761437;0.029132231404958676;0.025529865125240848
2269.5;0.01663225731761437;0.040172569479281627;0.02475049900199601
2271.0;0.01663225731761437;0.016403046280023436;0.019626168224299065
2272.5;0.037312715311890364;0.03902894491129786;0.018028727092620107
2274.0;0.03620712313994087;0.019408502772643253;0.029874213836477988
2275.5;0.03620712313994087;0.026639507947919163;0.01845342706502636
2277.0;0.016557768507871926;0.036921369689283445;0.018354055654233276
2278.5;0.016557768507871926;0.024378585086042064;0.015654541329501625
2280.0;0.03519913210701956;0.025322619917214514;0.01904761904761905
2281.5;0.017754480892796753;0.02352661596958175;0.016779784268573506
2283.0;0.017754480892796753;0.02891543420553659;0.017679771605305417
2284.5;0.015871286409530037;0.029664014146772767;0.017934291168491913
2286.0;0.017547197908565945;0.025240384615384616;0.01834862385321101
2287.5;0.01660281557997176;0.0189328743545611;0.016556291390728478
2289.0;0.03620712313994087;0.017222129645059158;0.017754480892796753
2290.5;0.03620712313994087;0.02833675564681725;0.019408502772643253
2292.0;0.01570251018973342;0.045993031358885016;0.03469827586206897
2293.5;0.01570251018973342;0.02819414703783012;0.0279090113735783
2295.0;0.01740771421307761;0.03227108083253571;0.03476946334089191
2296.5;0.037020826875429826;0.023779957216924694;0.018487434139972954
2298.0;0.014836509492270044;0.01917618218179472;0.018147448015122872
2299.5;0.014836509492270044;0.038105043368383745;0.03364485981308411
2301.0;0.014836509492270044;0.028489903424056193;0.020547558566186848
2302.5;0.037900253133938556;0.02375875723423698;0.01727616154535187
2304.0;0.030577071180984263;0.03047703180212014;0.018354055654233276
2305.5;0.01597712748065927;0.0319262493934983;0.026060070671378093
2307.0;0.0367279087083759;0.015329448677722997;0.015414729630535846
2308.5;0.034633078205669056;0.015759991234557756;0.019139945314441957
2310.0;0.034633078205669056;0.017699115044247787;0.01835078161749423
2311.5;0.01660281557997176;0.0170487948265726;0.028073770491803277
2313.0;0.015724726735506497;0.022789783889980354;0.02896257986005476
2314.5;0.018470790378006873;0.016638225255972697;0.03125
2316.0;0.016863406408094434;0.02352661596958175;0.019139945314441957
2317.5;0.01850632726208763;0.016917819729987117;0.026148673888681355
2319.0;0.017754480892796753;0.03442728442728442;0.017679771605305417
2320.5;0.01850632726208763;0.02802491103202847;0.0175513698630137
2322.0;0.025573192239858905;0.01606832657788072;0.02673063742289239
2323.5;0.018010291595197254;0.019408502772643253;0.019218522933233187
2325.0;0.038655160014383315;0.01535109722361575;0.029132231404958676
2326.5;0.0175513698630137;0.03911161452755869;0.029763808029923684
2328.0;0.03966822935448972;0.01865038996269922;0.025439127801332527
2329.5;0.03326935380678182;0.023765996343692867;0.02114561027837259
2331.0;0.03466050479914682;0.0161839863713799;0.024054982817869414
2332.5;0.03466050479914682;0.027531083481349913;0.024378585086042064
2334.0;0.015731292517006803;0.016745540589734254;0.023765996343692867
2335.5;0.015731292517006803;0.03048016701461378;0.018848906360245943
2337.0;0.032697066101095795;0.023809523809523808;0.02019230769230769
2338.5;0.03564899451553931;0.016335052812576762;0.032886334610472544
2340.0;0.038041387799061466;0.0285204991087344;0.025502008032128515
2341.5;0.038041387799061466;0.016863406408094434;0.02914012738853503
2343.0;0.032000890578704894;0.027886497064579255;0.017967275829089874
2344.5;0.035437678433415665;0.024501992031872512;0.025439127801332527
2346.0;0.02802491103202847;0.028590496529631602;0.028489903424056193
2347.5;0.031723651744800845;0.017373380447585393;0.018138661064199427
2349.0;0.03466050479914682;0.026998169615619284;0.017875562922459325
2350.5;0.03130908265900325;0.024574669187145556;0.03614457831325302
2352.0;0.016676298192025096;0.04200800630860955;0.01909033111672423
2353.5;0.01836806645203033;0.015280135823429542;0.026714565986924118
2355.0;0.033676001417936904;0.02516881522406384;0.029516994633273706
2356.5;0.015001087035292413;0.02854859440398115;0.037969094922737305
2358.0;0.015001087035292413;0.0170487948265726;0.017015706806282723
2359.5;0.015001087035292413;0.015280135823429542;0.02833675564681725
2361.0;0.03091538715963386;0.016676298192025096;0.016429426632965278
2362.5;0.015743018124095107;0.031723651744800845;0.02400793650793651
2364.0;0.0381479518588489;0.026060070671378093;0.03469827586206897
2365.5;0.015711796950363736;0.01865038996269922;0.03880070546737213
2367.0;0.014850222990092551;0.018683274021352312;0.01749271137026239
2368.5;0.015695763321720377;0.024114774114774116;0.017089125102207687
2370.0;0.017401635028469288;0.015414729630535846;0.024371551195585532
2371.5;0.015684481542853023;0.015731292517006803;0.024366309137120595
2373.0;0.01653549687010534;0.02460456942003515;0.03212468193384224
2374.5;0.014830971492820427;0.02703900709219858;0.0230722525804493
2376.0;0.01567987457984609;0.015001087035292413;0.028169014084507043
2377.5;0.017094017094017096;0.02703900709219858;0.04511019283746556
2379.0;0.017094017094017096;0.03320921042632419;0.02343480758184951
2380.5;0.016863406408094434;0.015769487034319674;0.018614299369695053
2382.0;0.01597712748065927;0.03173139329252938;0.019327580007191657
2383.5;0.017547197908565945;0.039888682745825604;0.018612132352941176
2385.0;0.0285204991087344;0.016638225255972697;0.016519477970758513
2386.5;0.017754480892796753;0.03764790247400502;0.026008064516129033
2388.0;0.016745540589734254;0.0170487948265726;0.03931657501963865
2389.5;0.016745540589734254;0.016429426632965278;0.01904761904761905
2391.0;0.016745540589734254;0.017287443030017287;0.022789783889980354
2392.5;0.016745540589734254;0.018010291595197254;0.039225260416666664
2394.0;0.018010291595197254;0.015871286409530037;0.02879995888232048
2395.5;0.017754480892796753;0.032000890578704894;0.03498920086393088
2397.0;0.016745540589734254;0.03276661638370833;0.03254934901301974
2398.5;0.016745540589734254;0.01597712748065927;0.036415289256198344
2400.0;0.016745540589734254;0.038817005545286505;0.03766519823788547
2401.5;0.016745540589734254;0.015414729630535846;0.03177795655671762
2403.0;0.016676298192025096;0.017368069472277887;0.04168822529381329
2404.5;0.017498443680569787;0.032487730519463805;0.024637681159420288
2406.0;0.017498443680569787;0.016638225255972697;0.030816381516906906
2407.5;0.01488644788002137;0.02238354506957048;0.0314927708873473
2409.0;0.01488644788002137;0.02238354506957048;0.019138359569179784
2410.5;0.01488644788002137;0.0285204991087344;0.036198738170347
2412.0;0.01488644788002137;0.01865038996269922;0.04116372640049521
2413.5;0.01488644788002137;0.0189328743545611;0.021078829744006503
2415.0;0.018470790378006873;0.03564899451553931;0.023866461093105945
2416.5;0.018010291595197254;0.025573192239858905;0.030938123752495012
2418.0;0.018010291595197254;0.033676001417936904;0.024637681159420288
2419.5;0.01865038996269922;0.033676001417936904;0.039754363283775046
2421.0;0.01865038996269922;0.033676001417936904;0.03574825793606902
2422.5;0.01865038996269922;0.025573192239858905;0.030009920634920632
2424.0;0.01865038996269922;0.01865038996269922;0.01641928887129758
2425.5;0.01865038996269922;0.015809071886378992;0.029573367808661925
2427.0;0.01865038996269922;0.03183910937543675;0.017571455975446
2428.5;0.01865038996269922;0.024122807017543862;0.030710095083957112
2430.0;0.01865038996269922;0.024122807017543862;0.046918767507002794
2431.5;0.015001087035292413;0.03212468193384224;0.04570637119113574
2433.0;0.016676298192025096;0.015280135823429542;0.017517146274831412
2434.5;0.017498443680569787;0.015280135823429542;0.030338777979431342
2436.0;0.017465858520325457;0.018026004728132386;0.03939724830749071
2437.5;0.017465858520325457;0.037753222836095765;0.04018198152079538
2439.0;0.015724726735506497;0.015871286409530037;0.03633380215658697
2440.5;0.024464831804281346;0.035598705501618116;0.033396330782704896
2442.0;0.024464831804281346;0.035598705501618116;0.02654711673699016
2443.5;0.017094017094017096;0.017934291168491913;0.04009595613433859
2445.0;0.017094017094017096;0.0369744210049458;0.028050275904353158
2446.5;0.027531083481349913;0.0319582924595652;0.024575138438037044
2448.0;0.017754480892796753;0.0175513698630137;0.04161126536721937
2449.5;0.023642732049036778;0.0175513698630137;0.018012117242508598
2451.0;0.0175513698630137;0.017094017094017096;0.01726263871763255
2452.5;0.024122807017543862;0.01865038996269922;0.02909270216962525
2454.0;0.014945495799148322;0.01842179442537598;0.02970469021424435
2455.5;0.017094017094017096;0.01488644788002137;0.03874094023774324
2457.0;0.01850632726208763;0.026548672566371685;0.032796154933559515
2458.5;0.01663225731761437;0.03722426470588235;0.026575993992239973
2460.0;0.023765996343692867;0.017094017094017096;0.029157258055701896
2461.5;0.016863406408094434;0.03564899451553931;0.018612132352941176
2463.0;0.016863406408094434;0.015809071886378992;0.039834736513875896
2464.5;0.015769487034319674;0.03409090909090909;0.03511762700306853
2466.0;0.014870091759449306;0.01597712748065927;0.029132231404958676
2467.5;0.01865038996269922;0.026548672566371685;0.03706140350877192
2469.0;0.017206835592221567;0.014945495799148322;0.02835932493057039
2470.5;0.01764668659556791;0.016403046280023436;0.02947064711770595
2472.0;0.017825311942959002;0.035650623885918005;0.03476946334089191
2473.5;0.03316686294180079;0.03276661638370833;0.01810699588477366
2475.0;0.025088028169014082;0.037210128013628566;0.01670998886000743
2476.5;0.01597712748065927;0.016638225255972697;0.018140859029723195
2478.0;0.0161839863713799;0.016863406408094434;0.028767523364485983
2479.5;0.01672535211267606;0.03609431217943811;0.03082919914953933
2481.0;0.03966822935448972;0.014945495799148322;0.018532478954642544
2482.5;0.017547197908565945;0.015743018124095107;0.03880070546737213
2484.0;0.034633078205669056;0.026060070671378093;0.028587643331456507
2485.5;0.034633078205669056;0.03902213310711807;0.04187228951697324
2487.0;0.016638225255972697;0.03130908265900325;0.02480888663364698
2488.5;0.01850632726208763;0.015769487034319674;0.04216867469879518
2490.0;0.03183910937543675;0.017465858520325457;0.018876611418047883
2491.5;0.014870091759449306;0.035650623885918005;0.04481456043956043
2493.0;0.03365384615384615;0.03564899451553931;0.036859278971044795
2494.5;0.016863406408094434;0.03365384615384615;0.01779994985680941
2496.0;0.015095605501509561;0.03460837887067396;0.030495759947814744
2497.5;0.015095605501509561;0.03466050479914682;0.0331114225648213
2499.0;0.01850632726208763;0.017547197908565945;0.019848374643316735
2500.5;0.018010291595197254;0.014910112661872163;0.03436018957345971
2502.0;0.03935185185185185;0.0381479518588489;0.027404631498030175
2503.5;0.03130908265900325;0.03251852018092068;0.01614075102630294
2505.0;0.03130908265900325;0.01570251018973342;0.019274809160305342
2506.5;0.01836806645203033;0.038041387799061466;0.032151143520053035
2508.0;0.015731292517006803;0.0367279087083759;0.03975903614457832
2509.5;0.015001087035292413;0.0367279087083759;0.03484948156501582
2511.0;0.015769487034319674;0.03416622228993677;0.01726263871763255
2512.5;0.03534512971343672;0.038817005545286505;0.03033312268664801
2514.0;0.018289844042285466;0.03130908265900325;0.029573367808661925
2515.5;0.01741601350785099;0.03130908265900325;0.033445440956651716
2517.0;0.033363061427410384;0.018332165356039182;0.023394808743169397
2518.5;0.01654477169890474;0.03764790247400502;0.017708804633064883
2520.0;0.01654477169890474;0.03764790247400502;0.018371212121212118
2521.5;0.01654477169890474;0.026060070671378093;0.030009920634920632
2523.0;0.03515598531696909;0.017094017094017096;0.02772277227722772
2524.5;0.030577071180984263;0.01850632726208763;0.018902169101372285
2526.0;0.03420376599409057;0.01663225731761437;0.029535025596138038
2527.5;0.03420376599409057;0.0161839863713799;0.03423626787057938
2529.0;0.024122807017543862;0.01865038996269922;0.019730986054791812
2530.5;0.03564899451553931;0.015809071886378992;0.019395134779750165
2532.0;0.03764790247400502;0.01597712748065927;0.023274161735700197
2533.5;0.026548672566371685;0.014910112661872163;0.017824497257769654
2535.0;0.03706545928938685;0.01830736743700201;0.024501992031872512
2536.5;0.034633078205669056;0.014850222990092551;0.03196844102666534
2538.0;0.035437678433415665;0.014844188506303903;0.017974390565013442
2539.5;0.03466050479914682;0.015687178238012765;0.017596390484003282
2541.0;0.027531083481349913;0.017094017094017096;0.023581448122822347
2542.5;0.029647930821494754;0.0175513698630137;0.019139945314441957
2544.0;0.02238354506957048;0.01942319011183049;0.034830661821911545
2545.5;0.016638225255972697;0.0170487948265726;0.030009920634920632
2547.0;0.027531083481349913;0.015095605501509561;0.032924107142857144
2548.5;0.0340398201669878;0.018010291595197254;0.01792370667131162
2550.0;0.03414239072663309;0.017094017094017096;0.029132231404958676
2551.5;0.01865038996269922;0.017094017094017096;0.0393939393939394
2553.0;0.018354055654233276;0.016676298192025096;0.018143754361479414
2554.5;0.039888682745825604;0.016676298192025096;0.01950286806883365
2556.0;0.03512773722627738;0.018332165356039182;0.02848722986247544
2557.5;0.015871286409530037;0.01741601350785099;0.025522755227552277
2559.0;0.026060070671378093;0.01741601350785099;0.034522108226862615
2560.5;0.015095605501509561;0.01741601350785099;0.03481624758220503
2562.0;0.035572080214829514;0.014836509492270044;0.03919631093544137
2563.5;0.017623877982923447;0.014832305600435561;0.029647930821494754
2565.0;0.03482458408757866;0.014832305600435561;0.02352661596958175
2566.5;0.024114774114774116;0.017389540773412943;0.03950892857142857
2568.0;0.01606832657788072;0.018246600758721136;0.017596390484003282
2569.5;0.03160767554530645;0.017387150648592545;0.025
2571.0;0.03160767554530645;0.01567842217100666;0.022405660377358493
2572.5;0.0175513698630137;0.017094017094017096;0.025406951165860097
2574.0;0.0175513698630137;0.017094017094017096;0.022964015151515152
2575.5;0.036646406864497674;0.017094017094017096;0.027032520325203254
2577.0;0.036646406864497674;0.017094017094017096;0.016779784268573506
2578.5;0.035127911416571206;0.01597712748065927;0.02795584045584046
2580.0;0.035127911416571206;0.01597712748065927;0.019902111895297586
2581.5;0.01597712748065927;0.01597712748065927;0.035819077929131075
2583.0;0.03482458408757866;0.015871286409530037;0.038817005545286505
2584.5;0.0189328743545611;0.015871286409530037;0.038385826771653545
2586.0;0.016745540589734254;0.014945495799148322;0.01784040701566475
2587.5;0.024122807017543862;0.017498443680569787;0.0161839863713799
2589.0;0.01749271137026239;0.017498443680569787;0.0340398201669878
2590.5;0.0161839863713799;0.015743018124095107;0.02724539646749342
2592.0;0.017623877982923447;0.0175513698630137;0.025148597325954054
2593.5;0.018683274021352312;0.022041062801932364;0.042388201712654616
2595.0;0.028580208973570994;0.018848906360245943;0.015782703483277604
2596.5;0.016335052812576762;0.018026004728132386;0.04087605974969721
2598.0;0.017679771605305417;0.016863406408094434;0.017634583975364486
2599.5;0.015731292517006803;0.01842179442537598;0.016403046280023436
2601.0;0.017754480892796753;0.01663225731761437;0.017094017094017096
2602.5;0.031746031746031744;0.01830736743700201;0.026998169615619284
2604.0;0.016979552792060267;0.016638225255972697;0.03298485940879596
2605.5;0.01769257756716558;0.01672535211267606;0.016101498579458855
2607.0;0.01839739098584907;0.01576182136602452;0.02703900709219858
2608.5;0.01743628907678895;0.017754480892796753;0.038817005545286505
2610.0;0.025088028169014082;0.032256841786066255;0.026548672566371685
2611.5;0.015001087035292413;0.01865038996269922;0.016863406408094434
2613.0;0.02695167286245353;0.01865038996269922;0.023418491484184917
2614.5;0.0175513698630137;0.024464831804281346;0.01784040701566475
2616.0;0.023244781783681213;0.018010291595197254;0.015414729630535846
2617.5;0.017215791035915702;0.017015706806282723;0.0381893893141721
2619.0;0.017045454545454544;0.0170487948265726;0.015280135823429542
2620.5;0.018786847740005278;0.019013666072489603;0.01862097440132122
2622.0;0.016139070681667353;0.016863406408094434;0.017206835592221567
2623.5;0.01850632726208763;0.03416622228993677;0.017094017094017096
2625.0;0.01836806645203033;0.014910112661872163;0.02623456790123457
2626.5;0.016568094782873223;0.016863406408094434;0.016081348496769426
2628.0;0.016863406408094434;0.0175513698630137;0.018937169700528483
2629.5;0.017754480892796753;0.024464831804281346;0.01594765689784196
2631.0;0.015280135823429542;0.026548672566371685;0.025573192239858905
2632.5;0.017094017094017096;0.01865038996269922;0.015280135823429542
2634.0;0.017094017094017096;0.015731292517006803;0.016638225255972697
2635.5;0.015731292517006803;0.015095605501509561;0.03409090909090909
2637.0;0.015001087035292413;0.017094017094017096;0.029132231404958676
2638.5;0.016638225255972697;0.023244781783681213;0.015346012374896637
2640.0;0.0161839863713799;0.018052243358660087;0.016688894524326037
2641.5;0.01597712748065927;0.01726263871763255;0.016688894524326037
2643.0;0.027531083481349913;0.01845157937014199;0.03655456200927231
2644.5;0.015809071886378992;0.029647930821494754;0.038655160014383315
2646.0;0.015809071886378992;0.01702553830746119;0.040968342644320296
2647.5;0.032697066101095795;0.018610244807272875;0.015280135823429542
2649.0;0.0175513698630137;0.014986153377295074;0.01597712748065927
2650.5;0.035127911416571206;0.027531083481349913;0.026060070671378093
2652.0;0.018487434139972954;0.015871286409530037;0.016348533050547898
2653.5;0.03615052757419824;0.019013666072489603;0.030245746691871456
2655.0;0.040903516753036114;0.018010291595197254;0.03858520900321543
2656.5;0.019274809160305342;0.015731292517006803;0.019345238095238096
2658.0;0.029074889867841413;0.03669724770642202;0.015095605501509561
2659.5;0.030245746691871456;0.03669724770642202;0.026548672566371685
2661.0;0.028892455858747997;0.016745540589734254;0.03669724770642202
2662.5;0.02607212634853009;0.03091538715963386;0.0340398201669878
2664.0;0.016335052812576762;0.033435588205396154;0.017699115044247787
2665.5;0.025240384615384616;0.01741601350785099;0.039888682745825604
2667.0;0.01842800035618964;0.018256492034823147;0.039888682745825604
2668.5;0.017994989435364615;0.025088028169014082;0.028580208973570994
2670.0;0.018276742928530137;0.03130908265900325;0.028248983597364368
2671.5;0.015282120722087754;0.03130908265900325;0.03787683157908026
2673.0;0.0189328743545611;0.016676298192025096;0.030938123752495012
2674.5;0.01733025239957341;0.024816176470588234;0.03858564130142512
2676.0;0.01887912456608984;0.039888682745825604;0.015907416444202047
2677.5;0.02284162378502001;0.039888682745825604;0.017623877982923447
2679.0;0.02592112237383379;0.03902213310711807;0.030993042378241617
2680.5;0.016775599128540302;0.036514961411379304;0.015731292517006803
2682.0;0.01569115815691158;0.017215791035915702;0.029647930821494754
2683.5;0.017065556711758585;0.031130911966997434;0.03136882129277567
2685.0;0.018836565096952907;0.03361002991041804;0.016638225255972697
2686.5;0.018470790378006873;0.026548672566371685;0.037483266398929044
2688.0;0.01897923971725942;0.01842179442537598;0.02268431001890359
2689.5;0.017109646505052045;0.03173139329252938;0.03639029592108771
2691.0;0.016191817602957532;0.017443347491498312;0.01749271137026239
2692.5;0.016867474489406807;0.017443347491498312;0.03722426470588235
2694.0;0.017548748270347116;0.017443347491498312;0.031723651744800845
2695.5;0.018369185234880566;0.029504080351537978;0.016863406408094434
2697.0;0.03265496243191388;0.018010291595197254;0.03902213310711807
2698.5;0.03265496243191388;0.030993042378241617;0.015769487034319674
2700.0;0.0174438317345027;0.017934291168491913;0.0175513698630137
2701.5;0.0161839863713799;0.03848310366392789;0.0175513698630137
2703.0;0.03764790247400502;0.03969754253308129;0.01850632726208763
2704.5;0.029017857142857144;0.03873272576116453;0.03746174588351344
2706.0;0.015871286409530037;0.017562160958357272;0.02587800369685767
2707.5;0.015769487034319674;0.03175324332809633;0.015871286409530037
2709.0;0.0161839863713799;0.025088028169014082;0.032000890578704894
2710.5;0.0189328743545611;0.01597712748065927;0.030813820600779404
2712.0;0.015871286409530037;0.03212468193384224;0.01865038996269922
2713.5;0.014910112661872163;0.025573192239858905;0.03136882129277567
2715.0;0.018086080586080584;0.03742080962095995;0.01612259159428971
2716.5;0.03212468193384224;0.024464831804281346;0.015871286409530037
2718.0;0.026998169615619284;0.024464831804281346;0.036646406864497674
2719.5;0.015414729630535846;0.017623877982923447;0.015280135823429542
2721.0;0.018197573656845753;0.038655160014383315;0.038817005545286505
2722.5;0.017814806907942786;0.015095605501509561;0.02833675564681725
2724.0;0.02878937007874016;0.03722426470588235;0.03566493707536622
2725.5;0.01897923971725942;0.0230722525804493;0.026548672566371685
2727.0;0.022549019607843137;0.018848906360245943;0.0189328743545611
2728.5;0.03724194880264244;0.01597712748065927;0.02802491103202847
2730.0;0.025956284153005466;0.015809071886378992;0.03320921042632419
2731.5;0.026548672566371685;0.01865038996269922;0.03320921042632419
2733.0;0.027551020408163263;0.0161839863713799;0.036282622533418206
2734.5;0.015907941325240264;0.015001087035292413;0.025088028169014082
2736.0;0.015835579225178063;0.018010291595197254;0.016863406408094434
2737.5;0.038817005545286505;0.03609431217943811;0.015769487034319674
2739.0;0.02460456942003515;0.025573192239858905;0.01597712748065927
2740.5;0.015001087035292413;0.02352661596958175;0.017373380447585393
2742.0;0.015001087035292413;0.023765996343692867;0.027526172426241342
2743.5;0.03512773722627738;0.02802491103202847;0.01597712748065927
2745.0;0.03706545928938685;0.015809071886378992;0.015095605501509561
2746.5;0.023244781783681213;0.0189328743545611;0.016863406408094434
2748.0;0.03599221789883269;0.016937514305333027;0.017754480892796753
2749.5;0.03951778570656288;0.018010291595197254;0.015280135823429542
2751.0;0.02703900709219858;0.032696390658174104;0.016638225255972697
2752.5;0.015095605501509561;0.024540682414698162;0.015001087035292413
2754.0;0.03966822935448972;0.03061868686868687;0.018354055654233276
2755.5;0.03466050479914682;0.0285204991087344;0.015095605501509561
2757.0;0.03276661638370833;0.015095605501509561;0.01865038996269922
2758.5;0.016582472972657695;0.018010291595197254;0.015809071886378992
2760.0;0.016568094782873223;0.03061868686868687;0.016863406408094434
2761.5;0.023765996343692867;0.0216998191681736;0.038655160014383315
2763.0;0.018010291595197254;0.024093511450381678;0.015809071886378992
2764.5;0.016863406408094434;0.01783664661861255;0.0189328743545611
2766.0;0.017754480892796753;0.015871286409530037;0.017754480892796753
2767.5;0.026548672566371685;0.016293098349991132;0.014910112661872163
2769.0;0.03966822935448972;0.025708972570897257;0.016403046280023436
2770.5;0.025088028169014082;0.01749271137026239;0.017368069472277887
2772.0;0.038655160014383315;0.032796486090775984;0.016979552792060267
2773.5;0.0175513698630137;0.01730418943533698;0.015926980240613186
2775.0;0.016863406408094434;0.02866284793699096;0.01865038996269922
2776.5;0.017094017094017096;0.017094017094017096;0.016638225255972697
2778.0;0.017623877982923447;0.018010291595197254;0.016638225255972697
2779.5;0.017754480892796753;0.0175513698630137;0.017094017094017096
2781.0;0.01842179442537598;0.028050275904353158;0.017094017094017096
2782.5;0.015871286409530037;0.02802491103202847;0.017754480892796753
2784.0;0.0161839863713799;0.0189328743545611;0.01756386861313869
2785.5;0.0161839863713799;0.017373380447585393;0.027262006700016522
2787.0;0.015871286409530037;0.017094017094017096;0.018699545475974563
2788.5;0.014945495799148322;0.03460837887067396;0.01865038996269922
2790.0;0.014910112661872163;0.01608187134502924;0.015809071886378992
2791.5;0.024093511450381678;0.03807390817469205;0.026548672566371685
2793.0;0.023465703971119134;0.017373380447585393;0.01597712748065927
2794.5;0.03404835945928794;0.017094017094017096;0.025088028169014082
2796.0;0.01601318781639348;0.0189328743545611;0.02675933970460469
2797.5;0.03329626063595693;0.029017857142857144;0.029256360078277886
2799.0;0.02516881522406384;0.0170487948265726;0.01537736404878336
2800.5;0.0189328743545611;0.026475958612294584;0.0175513698630137
2802.0;0.016863406408094434;0.040968342644320296;0.017971946230274694
2803.5;0.016863406408094434;0.022727272727272728;0.01594765689784196
2805.0;0.014945495799148322;0.03464918599625414;0.017094017094017096
2806.5;0.015743018124095107;0.027565186437661298;0.019274809160305342
2808.0;0.026548672566371685;0.02669539153240914;0.017638341342695173
2809.5;0.017623877982923447;0.0170487948265726;0.015889781833151987
2811.0;0.0175513698630137;0.015280135823429542;0.016638225255972697
2812.5;0.017623877982923447;0.04446583253128008;0.03466050479914682
2814.0;0.016676298192025096;0.03085485307212823;0.026475958612294584
2815.5;0.016745540589734254;0.018086080586080584;0.01784040701566475
2817.0;0.015769487034319674;0.017679771605305417;0.02703900709219858
2818.5;0.01485852872552252;0.03498920086393088;0.017699115044247787
2820.0;0.014850222990092551;0.027886497064579255;0.0170487948265726
2821.5;0.018937169700528483;0.03196574505687411;0.01882395123700251
2823.0;0.01612259159428971;0.02352661596958175;0.024054982817869414
2824.5;0.01597712748065927;0.0188212927756654;0.027886497064579255
2826.0;0.0175513698630137;0.026289339782649662;0.01749271137026239
2827.5;0.016745540589734254;0.018086080586080584;0.02400793650793651
2829.0;0.03828413284132841;0.028489903424056193;0.04195042222827568
2830.5;0.029874213836477988;0.03263403263403263;0.038942267324001106
2832.0;0.032302332946268345;0.034408602150537634;0.02669539153240914
2833.5;0.03354534045223458;0.03215077605321508;0.016664843504300385
2835.0;0.025088028169014082;0.019381871048891646;0.03669724770642202
2836.5;0.03365384615384615;0.019013666072489603;0.01814552172099398
2838.0;0.03257387725662403;0.01882395123700251;0.0175513698630137
2839.5;0.015095605501509561;0.0196525928743502;0.02703900709219858
2841.0;0.0390124048660634;0.022702180513386697;0.042045454545454546
2842.5;0.039888682745825604;0.025761124121779857;0.018559977888336097
2844.0;0.015871286409530037;0.018832655731576244;0.03646708713075531
2845.5;0.02623456790123457;0.01918932786044125;0.02486058115644262
2847.0;0.040013227513227514;0.017825311942959002;0.027005745228325707
2848.5;0.040343486714193126;0.02878937007874016;0.032009494859710136
2850.0;0.034088854059919224;0.031746031746031744;0.019626168224299065
2851.5;0.031712339986811826;0.01861305152546421;0.025240384615384616
2853.0;0.018286654614341546;0.022405660377358493;0.01971494409831868
2854.5;0.035650623885918005;0.02941765423333879;0.016335052812576762
2856.0;0.032000890578704894;0.018010291595197254;0.022727272727272728
2857.5;0.017094017094017096;0.016638225255972697;0.026548672566371685
2859.0;0.01597712748065927;0.015871286409530037;0.022727272727272728
2860.5;0.01597712748065927;0.027531083481349913;0.016897746967071057
2862.0;0.038041387799061466;0.027531083481349913;0.026885297225374714
2863.5;0.016638225255972697;0.015597920277296359;0.0230722525804493
2865.0;0.017623877982923447;0.030318091451292245;0.03684210526315789
2866.5;0.018354055654233276;0.017460979111666896;0.03685386088066369
2868.0;0.01865038996269922;0.028277549794373205;0.029874213836477988
2869.5;0.01850632726208763;0.04195042222827568;0.03858520900321543
2871.0;0.017498443680569787;0.01766843911960692;0.03638365090848527
2872.5;0.016582472972657695;0.016838000708968452;0.03320921042632419
2874.0;0.017427438387099873;0.03574018269998069;0.0386416861826698
2875.5;0.02703900709219858;0.01874107841782935;0.017015706806282723
2877.0;0.015001087035292413;0.019082371238858645;0.04516111384649051
2878.5;0.01597712748065927;0.030185758513931894;0.0391952350890676
2880.0;0.015001087035292413;0.0161839863713799;0.03722426470588235
2881.5;0.014910112661872163;0.018848906360245943;0.029702970297029705
2883.0;0.018470790378006873;0.01672693391308206;0.017825311942959002
2884.5;0.031723651744800845;0.026475958612294584;0.018871433747959736
2886.0;0.031723651744800845;0.03910085718364586;0.03365384615384615
2887.5;0.017094017094017096;0.01723920181864107;0.028580208973570994
2889.0;0.016638225255972697;0.02891522988505747;0.034088854059919224
2890.5;0.018354055654233276;0.024475524475524472;0.023762376237623763
2892.0;0.017368069472277887;0.04038461538461538;0.017699115044247787
2893.5;0.015731292517006803;0.019020693899530733;0.025522755227552277
2895.0;0.01862097440132122;0.02407054238872778;0.034522108226862615
2896.5;0.0398054371953265;0.01591767670310033;0.021851503759398497
2898.0;0.01674150740322209;0.03423209093312186;0.018354055654233276
2899.5;0.03617216117216117;0.03403665485907901;0.024074613815214224
2901.0;0.0175513698630137;0.038602050283171714;0.039754363283775046
2902.5;0.031746031746031744;0.02495201535508637;0.017847922818538867
2904.0;0.01865038996269922;0.03241525423728814;0.024203298031819725
2905.5;0.01865038996269922;0.017094017094017096;0.03890038140797724
2907.0;0.03409090909090909;0.023418491484184917;0.0285204991087344
2908.5;0.03466050479914682;0.015414729630535846;0.027798718431963815
2910.0;0.0285204991087344;0.015033359741139864;0.025570275322555798
2911.5;0.03706545928938685;0.03966822935448972;0.01606325909416982
2913.0;0.03106789479980177;0.03722426470588235;0.015280135823429542
2914.5;0.03265254436585322;0.016429426632965278;0.02860082304526749
2916.0;0.0381479518588489;0.03630665374767477;0.02848722986247544
2917.5;0.03620712313994087;0.0161839863713799;0.017083111144968386
2919.0;0.027531083481349913;0.03674948240165632;0.029478889311525296
2920.5;0.027531083481349913;0.027262006700016522;0.024501992031872512
2922.0;0.027531083481349913;0.015280135823429542;0.02741486264084061
2923.5;0.03764790247400502;0.0175513698630137;0.041878172588832495
2925.0;0.03091538715963386;0.015095605501509561;0.017856128616246088
2926.5;0.01865038996269922;0.02909270216962525;0.033676001417936904
2928.0;0.014945495799148322;0.03389369971765095;0.01749271137026239
2929.5;0.029017857142857144;0.014919591597576132;0.04526748971193415
2931.0;0.029017857142857144;0.0161839863713799;0.0395104952309278
2932.5;0.032256841786066255;0.015731292517006803;0.03479749439201219
2934.0;0.015743018124095107;0.017094017094017096;0.030627490039840638
2935.5;0.01612259159428971;0.01606832657788072;0.01645021645021645
2937.0;0.015095605501509561;0.035154762207043645;0.025956284153005466
2938.5;0.017623877982923447;0.01769257756716558;0.030245746691871456
2940.0;0.017373380447585393;0.016863406408094434;0.04013452914798206
2941.5;0.0161839863713799;0.035774141714325206;0.02939958592132505
2943.0;0.015001087035292413;0.024816176470588234;0.027783691718117943
2944.5;0.0175513698630137;0.03764790247400502;0.01733025239957341
2946.0;0.01842179442537598;0.01756386861313869;0.02833675564681725
2947.5;0.015095605501509561;0.018052243358660087;0.019879060998321568
2949.0;0.015871286409530037;0.0161839863713799;0.02352661596958175
2950.5;0.018332165356039182;0.015001087035292413;0.027762308282785714
2952.0;0.018470790378006873;0.01488644788002137;0.018195147960543855
2953.5;0.038655160014383315;0.025573192239858905;0.024254473161033796
2955.0;0.01597712748065927;0.017094017094017096;0.02848722986247544
2956.5;0.038041387799061466;0.015095605501509561;0.018716969225741748
2958.0;0.01836806645203033;0.018470790378006873;0.02516881522406384
2959.5;0.01488644788002137;0.018470790378006873;0.0285204991087344
2961.0;0.017443347491498312;0.016863406408094434;0.023834019204389576
2962.5;0.016557768507871926;0.018470790378006873;0.024093511450381678
2964.0;0.016557768507871926;0.02752293577981652;0.023418491484184917
2965.5;0.014839767744728968;0.016979552792060267;0.03357531760435572
2967.0;0.03423853899517871;0.015050831498364467;0.02915766738660907
2968.5;0.033303095021156505;0.01865038996269922;0.03528138528138528
2970.0;0.03695994941159246;0.024501992031872512;0.029937629937629936
2971.5;0.03695994941159246;0.024501992031872512;0.018216756341275942
2973.0;0.030569682092653955;0.017391304347826087;0.020618556701030927
2974.5;0.037876570372820405;0.018026004728132386;0.028418153463385935
2976.0;0.02703900709219858;0.01672535211267606;0.0366662646242914
2977.5;0.02703900709219858;0.01654091700522345;0.03262041696621135
2979.0;0.03798297314996725;0.01771809624494277;0.035924265072247136
2980.5;0.030185758513931894;0.025529865125240848;0.019327580007191657
2982.0;0.030185758513931894;0.018323203432248837;0.019206228959638964
2983.5;0.02400793650793651;0.026616509333522605;0.029401154401154404
2985.0;0.04154589371980676;0.01672535211267606;0.018595825426944972
2986.5;0.016812053925455987;0.01654091700522345;0.027246992215145083
2988.0;0.03617216117216117;0.018197573656845753;0.031332655137334686
2989.5;0.03617216117216117;0.024114774114774116;0.018595825426944972
2991.0;0.015095605501509561;0.01733025239957341;0.022959183673469385
2992.5;0.03746174588351344;0.03362011573718442;0.03949086161879895
2994.0;0.03764790247400502;0.02623456790123457;0.029357474205610183
2995.5;0.017623877982923447;0.03166189562427255;0.026779422128259334
2997.0;0.03768591312195207;0.041058231546558736;0.025457781075862825
2998.5;0.033697931493502586;0.030993042378241617;0.02351567711807872
3000.0;0.033697931493502586;0.01749271137026239;0.03326226012793177
3001.5;0.016638225255972697;0.02703900709219858;0.02980239714933592
3003.0;0.015871286409530037;0.0325497287522604;0.031467557783347255
3004.5;0.035572080214829514;0.022727272727272728;0.04029605263157895
3006.0;0.02802491103202847;0.01850632726208763;0.02866752081998719
3007.5;0.02802491103202847;0.03198693626626963;0.01808662541646835
3009.0;0.02802491103202847;0.03481624758220503;0.01904761904761905
3010.5;0.016745540589734254;0.02703900709219858;0.033739962262495066
3012.0;0.014945495799148322;0.015871286409530037;0.028383523710626513
3013.5;0.025573192239858905;0.03460837887067396;0.019589314919135018
3015.0;0.015871286409530037;0.017623877982923447;0.024766067126127646
3016.5;0.016676298192025096;0.03173139329252938;0.03182232940102978
3018.0;0.017498443680569787;0.030938123752495012;0.028767523364485983
3019.5;0.017498443680569787;0.016043635035830027;0.025640954788912075
3021.0;0.017465858520325457;0.03336778829267314;0.02396214896214896
3022.5;0.017465858520325457;0.01606832657788072;0.049511002444987774
3024.0;0.017465858520325457;0.02460456942003515;0.04197877652933833
3025.5;0.017465858520325457;0.02703900709219858;0.02067315115022387
3027.0;0.017465858520325457;0.016638225255972697;0.0212516733601071
3028.5;0.017465858520325457;0.018010291595197254;0.016620171166485415
3030.0;0.016582472972657695;0.01597712748065927;0.03125
3031.5;0.03669724770642202;0.018147448015122872;0.02752883342786916
3033.0;0.038817005545286505;0.026748173550022365;0.04902945113788488
3034.5;0.032256841786066255;0.02460456942003515;0.025410598078710874
3036.0;0.03293798595973293;0.015001087035292413;0.03510298810559907
3037.5;0.01836806645203033;0.031723651744800845;0.02520098948670377
3039.0;0.01836806645203033;0.014910112661872163;0.01563371527833113
3040.5;0.03450566571561023;0.01871401151631478;0.019801980198019802
3042.0;0.03450566571561023;0.01732653226459396;0.03871131405377981
3043.5;0.033494196742055664;0.018107292876882168;0.030495759947814744
3045.0;0.036646406864497674;0.018937169700528483;0.025198558754019603
3046.5;0.024122807017543862;0.017368069472277887;0.03425655976676385
3048.0;0.016638225255972697;0.03464797256405083;0.03879830917874396
3049.5;0.03706545928938685;0.018354055654233276;0.03867650187956593
3051.0;0.017498443680569787;0.026592455163883737;0.03843669250645995
3052.5;0.017465858520325457;0.027731151209959438;0.01752750326309901
3054.0;0.03251852018092068;0.015050831498364467;0.023980678533394188
3055.5;0.0352330815985435;0.017373380447585393;0.027491408934707903
3057.0;0.018010291595197254;0.015095605501509561;0.02819111803948121
3058.5;0.01842179442537598;0.0189328743545611;0.018991486574983625
3060.0;0.015769487034319674;0.015280135823429542;0.024462004034969734
3061.5;0.018332165356039182;0.019675925925925927;0.02755773736472163
3063.0;0.014850222990092551;0.040996095609941906;0.02640586797066015
3064.5;0.031520049278972326;0.038984406237504994;0.025045998160073597
3066.0;0.03423853899517871;0.030185758513931894;0.035362194599228465
3067.5;0.03902213310711807;0.023765996343692867;0.019139945314441957
3069.0;0.03902213310711807;0.03187751004016064;0.034866898148148154
3070.5;0.03902213310711807;0.03801927875911337;0.022801885259223144
3072.0;0.014945495799148322;0.02802491103202847;0.023762376237623763
3073.5;0.014945495799148322;0.033676001417936904;0.02400793650793651
3075.0;0.015769487034319674;0.032886334610472544;0.029432375613174487
3076.5;0.015743018124095107;0.038655160014383315;0.03287716955941255
3078.0;0.018289844042285466;0.015001087035292413;0.03681948802906503
3079.5;0.026060070671378093;0.015001087035292413;0.03858520900321543
3081.0;0.03669724770642202;0.022964015151515152;0.01918932786044125
3082.5;0.03669724770642202;0.02734495764545848;0.030938123752495012
3084.0;0.03669724770642202;0.02734495764545848;0.027225633955800646
3085.5;0.017754480892796753;0.02734495764545848;0.02582939690212018
3087.0;0.032256841786066255;0.032367478784020215;0.03542094455852156
3088.5;0.032256841786066255;0.016694437748184725;0.02396214896214896
3090.0;0.014910112661872163;0.0293705204113431;0.02817395354571794
3091.5;0.030743823668949708;0.02752293577981652;0.021851503759398497
3093.0;0.03722426470588235;0.018753527560063075;0.04301112257768605
3094.5;0.032697066101095795;0.014967643488370664;0.019617301817012378
3096.0;0.03130908265900325;0.017368069472277887;0.017255726360968775
3097.5;0.036514961411379304;0.018725889831170253;0.016638225255972697
3099.0;0.015743018124095107;0.017045454545454544;0.03442928039702233
3100.5;0.0306944381170478;0.016043635035830027;0.02411203605053323
3102.0;0.02802491103202847;0.015831002263857863;0.03167271527548663
3103.5;0.02802491103202847;0.015871286409530037;0.035362194599228465
3105.0;0.035650623885918005;0.01612259159428971;0.01810699588477366
3106.5;0.035650623885918005;0.01874107841782935;0.02358293970547374
3108.0;0.029135338345864664;0.0161839863713799;0.03443877551020408
3109.5;0.032697066101095795;0.030627490039840638;0.023921460176991153
3111.0;0.032697066101095795;0.01814552172099398;0.03736263736263736
3112.5;0.0441017316017316;0.018533328860806126;0.02132510729613734
3114.0;0.0441017316017316;0.015517241379310345;0.02079334612923865
3115.5;0.016335052812576762;0.023418491484184917;0.01954624439186735
3117.0;0.015095605501509561;0.015731292517006803;0.017373380447585393
3118.5;0.016676298192025096;0.016638225255972697;0.030039399424981364
3120.0;0.017498443680569787;0.025088028169014082;0.02748340459710378
3121.5;0.017498443680569787;0.01597712748065927;0.03297872340425532
3123.0;0.017443347491498312;0.01842179442537598;0.02878937007874016
3124.5;0.032478764464558434;0.03706545928938685;0.029397233201581028
3126.0;0.017754480892796753;0.016638225255972697;0.024501992031872512
3127.5;0.014945495799148322;0.03482458408757866;0.029118404118404117
3129.0;0.018332165356039182;0.035437678433415665;0.02617712051674316
3130.5;0.026060070671378093;0.0285204991087344;0.026762251625097967
3132.0;0.025573192239858905;0.035774141714325206;0.02806365258774539
3133.5;0.018010291595197254;0.015743018124095107;0.01899195006442055
3135.0;0.01606832657788072;0.038041387799061466;0.03669724770642202
3136.5;0.0321371991852541;0.03512773722627738;0.0175513698630137
3138.0;0.018683274021352312;0.03564899451553931;0.02516881522406384
3139.5;0.0161839863713799;0.032697066101095795;0.024816176470588234
3141.0;0.03320921042632419;0.026060070671378093;0.025522755227552277
3142.5;0.03320921042632419;0.0189328743545611;0.01597712748065927
3144.0;0.01836806645203033;0.035774141714325206;0.015731292517006803
3145.5;0.015731292517006803;0.015769487034319674;0.018683274021352312
3147.0;0.03061868686868687;0.035650623885918005;0.03085485307212823
3148.5;0.015280135823429542;0.038041387799061466;0.02351778656126482
3150.0;0.015871286409530037;0.03183910937543675;0.01770797136701647
3151.5;0.014910112661872163;0.03825578292372061;0.016217853406024562
3153.0;0.015724726735506497;0.016568094782873223;0.03061868686868687
3154.5;0.01597712748065927;0.016568094782873223;0.017699115044247787
3156.0;0.032697066101095795;0.03460837887067396;0.018026004728132386
3157.5;0.03293798595973293;0.015095605501509561;0.017699115044247787
3159.0;0.037312715311890364;0.030627490039840638;0.021832358674463936
3160.5;0.038817005545286505;0.015861825872400422;0.02400793650793651
3162.0;0.017623877982923447;0.03134288677424068;0.02589694074601077
3163.5;0.017498443680569787;0.0175513698630137;0.029874213836477988
3165.0;0.036646406864497674;0.0175513698630137;0.023809523809523808
3166.5;0.03320921042632419;0.033676001417936904;0.02351778656126482
3168.0;0.017094017094017096;0.033676001417936904;0.018138661064199427
3169.5;0.02460456942003515;0.033676001417936904;0.015280135823429542
3171.0;0.015871286409530037;0.033676001417936904;0.015280135823429542
3172.5;0.015769487034319674;0.015001087035292413;0.025508209309893552
3174.0;0.01488644788002137;0.03746174588351344;0.01935334830806614
3175.5;0.026475958612294584;0.017465858520325457;0.029454526159397216
3177.0;0.015854570888502284;0.0306944381170478;0.02619146866750035
3178.5;0.01490398320124353;0.029017857142857144;0.022405660377358493
3180.0;0.017460084355449466;0.017623877982923447;0.01675203627508607
3181.5;0.014867146669811973;0.017623877982923447;0.03014508328855454
3183.0;0.014867146669811973;0.03409090909090909;0.01723920181864107
3184.5;0.015280135823429542;0.01865038996269922;0.023642732049036778
3186.0;0.015280135823429542;0.032256841786066255;0.027731151209959438
3187.5;0.017754480892796753;0.033879208022981784;0.017373380447585393
3189.0;0.016745540589734254;0.033879208022981784;0.02833675564681725
3190.5;0.01836806645203033;0.03608247422680412;0.01862097440132122
3192.0;0.017465858520325457;0.033972841057362396;0.02413793103448276
3193.5;0.015711796950363736;0.03924126754390435;0.029478889311525296
3195.0;0.016863406408094434;0.02460456942003515;0.037112845707117974
3196.5;0.01865038996269922;0.017623877982923447;0.024816176470588234
3198.0;0.03722426470588235;0.01660281557997176;0.026113457095052188
3199.5;0.03320921042632419;0.01830736743700201;0.02516881522406384
3201.0;0.017373380447585393;0.01830736743700201;0.025754527162977867
3202.5;0.03320921042632419;0.026060070671378093;0.03730454429830467
3204.0;0.0175513698630137;0.01597712748065927;0.0395185746777862
3205.5;0.0285204991087344;0.017754480892796753;0.03674948240165632
3207.0;0.017754480892796753;0.03481624758220503;0.019139945314441957
3208.5;0.01597712748065927;0.037753222836095765;0.04793735676088616
3210.0;0.01597712748065927;0.017754480892796753;0.017825311942959002
3211.5;0.031190019193857967;0.01842179442537598;0.024816176470588234
3213.0;0.02752293577981652;0.01836806645203033;0.04263512741400983
3214.5;0.017934291168491913;0.01830736743700201;0.025529865125240848
3216.0;0.017934291168491913;0.01740771421307761;0.03754010106155943
3217.5;0.017934291168491913;0.015687178238012765;0.02516881522406384
3219.0;0.014986153377295074;0.01739137492247878;0.023765996343692867
3220.5;0.018358765104113217;0.022128060263653486;0.026164032464758652
3222.0;0.02352661596958175;0.01874107841782935;0.018876611418047883
3223.5;0.039527285071713485;0.01874107841782935;0.03789054991201999
3225.0;0.017094017094017096;0.01874107841782935;0.04057719431485299
3226.5;0.037753222836095765;0.017094017094017096;0.02400793650793651
3228.0;0.015095605501509561;0.03864818325709216;0.017267454473693152
3229.5;0.032886334610472544;0.035572080214829514;0.03380048682083858
3231.0;0.018848906360245943;0.03966822935448972;0.01654091700522345
3232.5;0.018848906360245943;0.016745540589734254;0.021575984990619135
3234.0;0.036282622533418206;0.025088028169014082;0.02352661596958175
3235.5;0.030318091451292245;0.03706545928938685;0.029702970297029705
3237.0;0.03372140883165756;0.03106789479980177;0.017830478700043915
3238.5;0.018470790378006873;0.03825578292372061;0.02687334704672348
3240.0;0.015095605501509561;0.016638225255972697;0.02867981790591806
3241.5;0.018937169700528483;0.032697066101095795;0.026839699159416013
3243.0;0.017847922818538867;0.024122807017543862;0.0380952380952381
3244.5;0.01597712748065927;0.038655160014383315;0.03212468193384224
3246.0;0.018010291595197254;0.038655160014383315;0.01672535211267606
3247.5;0.01850632726208763;0.038655160014383315;0.018876611418047883
3249.0;0.016676298192025096;0.03416622228993677;0.019488312727411274
3250.5;0.015769487034319674;0.01597712748065927;0.027699718988358095
3252.0;0.017094017094017096;0.015095605501509561;0.02911275415896488
3253.5;0.01597712748065927;0.037753222836095765;0.027811860940695293
3255.0;0.016676298192025096;0.016863406408094434;0.016835957338750634
3256.5;0.017498443680569787;0.0189328743545611;0.016863406408094434
3258.0;0.017094017094017096;0.024114774114774116;0.02619047619047619
3259.5;0.0189328743545611;0.024816176470588234;0.02475049900199601
3261.0;0.016745540589734254;0.02516881522406384;0.0167163622810287
3262.5;0.014945495799148322;0.015001087035292413;0.02428760067333958
3264.0;0.03130908265900325;0.03061868686868687;0.020484171322160148
3265.5;0.01645021645021645;0.032302332946268345;0.03356861116877724
3267.0;0.035421888053467;0.03257387725662403;0.02475049900199601
3268.5;0.017094017094017096;0.029874213836477988;0.019142066420664204
3270.0;0.01850632726208763;0.016863406408094434;0.025806525446035178
3271.5;0.01836806645203033;0.016863406408094434;0.015091358886514935
3273.0;0.015724726735506497;0.025522755227552277;0.023244781783681213
3274.5;0.016638225255972697;0.038984406237504994;0.029588002850294746
3276.0;0.01726263871763255;0.018052243358660087;0.017094017094017096
3277.5;0.017971946230274694;0.018052243358660087;0.02703900709219858
3279.0;0.015963095712199653;0.015988786911306178;0.0230722525804493
3280.5;0.016308462709056427;0.026548672566371685;0.016403046280023436
3282.0;0.018683274021352312;0.01597712748065927;0.017368069472277887
3283.5;0.01749271137026239;0.023765996343692867;0.02597981694437925
3285.0;0.015280135823429542;0.01702553830746119;0.02495201535508637
3286.5;0.018010291595197254;0.02802491103202847;0.015287493145371624
3288.0;0.0175513698630137;0.025573192239858905;0.01726263871763255
3289.5;0.016863406408094434;0.041530944625407164;0.0230722525804493
3291.0;0.016863406408094434;0.018848906360245943;0.026998169615619284
3292.5;0.018010291595197254;0.01597712748065927;0.015370218739033806
3294.0;0.01597712748065927;0.0189328743545611;0.0350922131147541
3295.5;0.015001087035292413;0.025573192239858905;0.03927824843217075
3297.0;0.015001087035292413;0.015871286409530037;0.016242522094412855
3298.5;0.016638225255972697;0.016638225255972697;0.025522755227552277
3300.0;0.016638225255972697;0.015001087035292413;0.024093511450381678
3301.5;0.01850632726208763;0.031746031746031744;0.03476482617586912
3303.0;0.01850632726208763;0.018937169700528483;0.02587800369685767
3304.5;0.01850632726208763;0.017754480892796753;0.018010291595197254
3306.0;0.01850632726208763;0.01850632726208763;0.02238354506957048
3307.5;0.014945495799148322;0.016863406408094434;0.02670240913521794
3309.0;0.015769487034319674;0.01597712748065927;0.018026004728132386
3310.5;0.02703900709219858;0.015809071886378992;0.02935435435435435
3312.0;0.040013227513227514;0.03326935380678182;0.01800073785775299
3313.5;0.038817005545286505;0.02724539646749342;0.027609028498049096
3315.0;0.03460837887067396;0.017563955708285603;0.04775413711583924
3316.5;0.040968342644320296;0.02587800369685767;0.016403046280023436
3318.0;0.017623877982923447;0.01597712748065927;0.018197573656845753
3319.5;0.03966822935448972;0.023809523809523808;0.02695167286245353
3321.0;0.01663225731761437;0.018612132352941176;0.019139945314441957
3322.5;0.015724726735506497;0.030009920634920632;0.016988416988416986
3324.0;0.017754480892796753;0.0354589081363394;0.022727272727272728
3325.5;0.034633078205669056;0.023765996343692867;0.029874213836477988
3327.0;0.02909270216962525;0.018848906360245943;0.0325497287522604
3328.5;0.023765996343692867;0.0170487948265726;0.032886334610472544
3330.0;0.03512773722627738;0.0340398201669878;0.016897746967071057
3331.5;0.015871286409530037;0.0161839863713799;0.03858520900321543
3333.0;0.03564899451553931;0.03130908265900325;0.018354055654233276
3334.5;0.018010291595197254;0.018612132352941176;0.016897746967071057
3336.0;0.016676298192025096;0.027844062403962613;0.024501992031872512
3337.5;0.017094017094017096;0.015280135823429542;0.030009920634920632
3339.0;0.026060070671378093;0.01865038996269922;0.022964015151515152
3340.5;0.015095605501509561;0.01597712748065927;0.018671683262517162
3342.0;0.015095605501509561;0.015809071886378992;0.036756734911880494
3343.5;0.035650623885918005;0.01836806645203033;0.0175513698630137
3345.0;0.015871286409530037;0.017465858520325457;0.03542094455852156
3346.5;0.027531083481349913;0.016863406408094434;0.017094017094017096
3348.0;0.03768591312195207;0.0161839863713799;0.017391304347826087
3349.5;0.015769487034319674;0.0161839863713799;0.03512773722627738
3351.0;0.03966822935448972;0.0189328743545611;0.015225395561747438
3352.5;0.03320921042632419;0.02587800369685767;0.03667180735901979
3354.0;0.01836806645203033;0.018086080586080584;0.027531083481349913
3355.5;0.032573955124637066;0.01713180436584692;0.016863406408094434
3357.0;0.015095605501509561;0.018666279410617808;0.030009920634920632
3358.5;0.03320921042632419;0.026060070671378093;0.01874107841782935
3360.0;0.03320921042632419;0.026548672566371685;0.039527285071713485
3361.5;0.03136882129277567;0.038817005545286505;0.02752293577981652
3363.0;0.03858564130142512;0.03706545928938685;0.0161839863713799
3364.5;0.02527989385649756;0.015871286409530037;0.026548672566371685
3366.0;0.03393503137334687;0.035192780968006564;0.035650623885918005
3367.5;0.03640206779910151;0.033471829815522686;0.01850632726208763
3369.0;0.03564899451553931;0.027531083481349913;0.033879208022981784
3370.5;0.01850632726208763;0.0285204991087344;0.03165717058169511
3372.0;0.0285204991087344;0.03293798595973293;0.016863406408094434
3373.5;0.03061868686868687;0.0189328743545611;0.03512773722627738
3375.0;0.017094017094017096;0.03250478011472275;0.03742802303262956
3376.5;0.015095605501509561;0.03130908265900325;0.025522755227552277
3378.0;0.01836806645203033;0.017596390484003282;0.031723651744800845
3379.5;0.026548672566371685;0.01845342706502636;0.04099192988081877
3381.0;0.015871286409530037;0.03742802303262956;0.03568906630542866
3382.5;0.01850632726208763;0.018848906360245943;0.018653333061029172
3384.0;0.017373380447585393;0.018010291595197254;0.017754480892796753
3385.5;0.016863406408094434;0.038041387799061466;0.038817005545286505
3387.0;0.01865038996269922;0.016638225255972697;0.018010291595197254
3388.5;0.024114774114774116;0.015731292517006803;0.028580208973570994
3390.0;0.019327580007191657;0.032886334610472544;0.017603269400950756
3391.5;0.016996305811885253;0.02752293577981652;0.0382280923071801
3393.0;0.0189328743545611;0.02695167286245353;0.024664750957854403
3394.5;0.015280135823429542;0.023765996343692867;0.024664750957854403
3396.0;0.017623877982923447;0.016638225255972697;0.02729044834307992
3397.5;0.016638225255972697;0.018010291595197254;0.025529865125240848
3399.0;0.01834862385321101;0.016745540589734254;0.017083111144968386
3400.5;0.03404835945928794;0.03357729479429107;0.03859174001354096
3402.0;0.01578659375538829;0.041530944625407164;0.015078924549103066
3403.5;0.016835957338750634;0.023809523809523808;0.015414729630535846
3405.0;0.017579860376560185;0.01756386861313869;0.04093567251461988
3406.5;0.01865038996269922;0.01814552172099398;0.01594765689784196
3408.0;0.023765996343692867;0.018010291595197254;0.01865038996269922
3409.5;0.024464831804281346;0.015280135823429542;0.038041387799061466
3411.0;0.038100208768267224;0.015001087035292413;0.03598346705567712
3412.5;0.02734495764545848;0.025088028169014082;0.03669724770642202
3414.0;0.023418491484184917;0.015001087035292413;0.02516881522406384
3415.5;0.016863406408094434;0.016676298192025096;0.0189328743545611
3417.0;0.04151478331308222;0.02669539153240914;0.024464831804281346
3418.5;0.04087605974969721;0.017767866776966516;0.023765996343692867
3420.0;0.01705018909044292;0.03357202700349586;0.016897746967071057
3421.5;0.03966822935448972;0.017015706806282723;0.040091455309193384
3423.0;0.03768591312195207;0.024378585086042064;0.03915545696744157
3424.5;0.035650623885918005;0.0191371160811115;0.01852132024073414
3426.0;0.015809071886378992;0.015280135823429542;0.0175513698630137
3427.5;0.025522755227552277;0.016745540589734254;0.026475958612294584
3429.0;0.03476361919376734;0.029017857142857144;0.03585049580472921
3430.5;0.03521627489989126;0.01845342706502636;0.03004578405188859
3432.0;0.0351517091560509;0.018876611418047883;0.01810699588477366
3433.5;0.036646406864497674;0.015302583076023234;0.017554265099343522
3435.0;0.03858520900321543;0.018683274021352312;0.03326935380678182
3436.5;0.0425033467202142;0.018696455568620863;0.02724539646749342
3438.0;0.015095605501509561;0.01850749411491396;0.025522755227552277
3439.5;0.019944341372912802;0.015095605501509561;0.016863406408094434
3441.0;0.017699115044247787;0.015225395561747438;0.023834019204389576
3442.5;0.0285204991087344;0.01594765689784196;0.016335052812576762
3444.0;0.015280135823429542;0.0319582924595652;0.01865038996269922
3445.5;0.02691045475855602;0.03719169211356351;0.03935185185185185
3447.0;0.03865541869371701;0.0175513698630137;0.027798718431963815
3448.5;0.015116012441562156;0.0161839863713799;0.018612132352941176
3450.0;0.027531083481349913;0.024114774114774116;0.016838000708968452
3451.5;0.015280135823429542;0.017094017094017096;0.040968342644320296
3453.0;0.018354055654233276;0.01865038996269922;0.01597712748065927
3454.5;0.0325497287522604;0.017547197908565945;0.03858564130142512
3456.0;0.025573192239858905;0.02623456790123457;0.01756386861313869
3457.5;0.023244781783681213;0.0175513698630137;0.03991828727071865
3459.0;0.03268701306308945;0.016676298192025096;0.026592455163883737
3460.5;0.03613924649180025;0.01834862385321101;0.027531083481349913
3462.0;0.0175513698630137;0.018354055654233276;0.028383523710626513
3463.5;0.024464831804281346;0.017971946230274694;0.02814548258578589
3465.0;0.01597712748065927;0.02670240913521794;0.029335684666837166
3466.5;0.02623456790123457;0.015188609731168737;0.030938123752495012
3468.0;0.017824497257769654;0.016863406408094434;0.035111196074682986
3469.5;0.016917819729987117;0.016863406408094434;0.016937514305333027
3471.0;0.018612132352941176;0.02703900709219858;0.032696390658174104
3472.5;0.01723920181864107;0.016863406408094434;0.035044929396662386
3474.0;0.01612801998311728;0.036646406864497674;0.026060070671378093
3475.5;0.032256841786066255;0.017094017094017096;0.02802491103202847
3477.0;0.038041387799061466;0.015225395561747438;0.038817005545286505
3478.5;0.017015706806282723;0.01848360454802751;0.026548438327157226
3480.0;0.025529865125240848;0.017089125102207687;0.038655160014383315
3481.5;0.01710322537202882;0.019071369196057474;0.015001087035292413
3483.0;0.016747933613131292;0.03917293346092376;0.023581448122822347
3484.5;0.014910889343542582;0.0161839863713799;0.015076491161892115
3486.0;0.018197573656845753;0.023809523809523808;0.016863406408094434
3487.5;0.018716969225741748;0.01583436633020483;0.025439127801332527
3489.0;0.04151478331308222;0.024114774114774116;0.031746031746031744
3490.5;0.017373380447585393;0.026060070671378093;0.033170912304587206
3492.0;0.03318419090231171;0.018010291595197254;0.024826486908815094
3493.5;0.029291649063512178;0.015001087035292413;0.015963095712199653
3495.0;0.024464831804281346;0.03466050479914682;0.032697066101095795
3496.5;0.02587800369685767;0.01749271137026239;0.026475958612294584
3498.0;0.01597712748065927;0.018792559974975337;0.018143754361479414
3499.5;0.019013666072489603;0.038655160014383315;0.03323543808125306
3501.0;0.01726263871763255;0.018354055654233276;0.034796051849209184
3502.5;0.016043635035830027;0.0189328743545611;0.03110257231294695
3504.0;0.017515962224757837;0.028767979987492184;0.03858520900321543
3505.5;0.015752650514276798;0.019675925925925927;0.02813238770685579
3507.0;0.014862797581572475;0.017215791035915702;0.015830315571650284
3508.5;0.017015706806282723;0.017094017094017096;0.017563955708285603
3510.0;0.028036307429210382;0.031723651744800845;0.014991665723917283
3511.5;0.016925107458198935;0.01842179442537598;0.018010291595197254
3513.0;0.0189328743545611;0.036646406864497674;0.016348533050547898
3514.5;0.0189328743545611;0.025088028169014082;0.016848965746751293
3516.0;0.01865038996269922;0.015001087035292413;0.028580208973570994
3517.5;0.040968342644320296;0.025088028169014082;0.03638309256286784
3519.0;0.015731292517006803;0.03212468193384224;0.036569222283508
3520.5;0.025088028169014082;0.04208416833667335;0.03902894491129786
3522.0;0.015731292517006803;0.0428880345987506;0.02848722986247544
3523.5;0.017547197908565945;0.035669788473114666;0.01810699588477366
3525.0;0.01726263871763255;0.016863406408094434;0.02516881522406384
3526.5;0.03460837887067396;0.03564899451553931;0.026548672566371685
3528.0;0.023765996343692867;0.0230722525804493;0.017302798982188294
3529.5;0.0170487948265726;0.01784040701566475;0.01874107841782935
3531.0;0.018197573656845753;0.016357261371818553;0.03966822935448972
3532.5;0.0185554688027144;0.041674831798288584;0.023274161735700197
3534.0;0.018010291595197254;0.017825311942959002;0.026322874598736667
3535.5;0.01597712748065927;0.01849524044069107;0.01834862385321101
3537.0;0.01842179442537598;0.024093511450381678;0.029401154401154404
3538.5;0.02802491103202847;0.01726263871763255;0.017699115044247787
3540.0;0.03764790247400502;0.01576182136602452;0.026060070671378093
3541.5;0.017623877982923447;0.02966804979253112;0.018741633199464522
3543.0;0.01756386861313869;0.018595825426944972;0.01749271137026239
3544.5;0.03297682709447416;0.019071369196057474;0.03638309256286784
3546.0;0.01865038996269922;0.03146281667120676;0.017094017094017096
3547.5;0.014945495799148322;0.015230236508150008;0.017699115044247787
3549.0;0.0175513698630137;0.03125;0.03364485981308411
3550.5;0.016638225255972697;0.016000445289352447;0.01812240047534165
3552.0;0.016638225255972697;0.017252832857805114;0.024378585086042064
3553.5;0.026548672566371685;0.017373380447585393;0.017083111144968386
3555.0;0.035127911416571206;0.0230722525804493;0.025173611111111115
3556.5;0.03482458408757866;0.016897746967071057;0.018378465357914577
3558.0;0.03482458408757866;0.018047156089719053;0.028073770491803277
3559.5;0.014910112661872163;0.019675925925925927;0.01927732874958856
3561.0;0.015724726735506497;0.026148673888681355;0.03282828282828283
3562.5;0.015724726735506497;0.03212468193384224;0.01783664661861255
3564.0;0.01485852872552252;0.02867383512544803;0.01733025239957341
3565.5;0.01485852872552252;0.015928000128743625;0.024857650156125635
3567.0;0.016550266845809666;0.03297206768581765;0.03297872340425532
3568.5;0.017623877982923447;0.018086080586080584;0.01778552746294682
3570.0;0.023418491484184917;0.03178530857393515;0.02692817234030298
3571.5;0.030343754420710144;0.016147939745618664;0.01919297665619777
3573.0;0.02481434352509534;0.025088028169014082;0.03892801251956181
3574.5;0.024758244295235474;0.02491909385113269;0.032924107142857144
3576.0;0.018026004728132386;0.03471585768074487;0.024093511450381678
3577.5;0.03466050479914682;0.019139945314441957;0.029937629937629936
3579.0;0.0161839863713799;0.044009216589861753;0.030627490039840638
3580.5;0.024924471299093656;0.026063150209892312;0.02494777243356168
3582.0;0.018010291595197254;0.027531083481349913;0.023274161735700197
3583.5;0.03466050479914682;0.04302059496567506;0.018089085345120708
3585.0;0.017547197908565945;0.0269997558792416;0.034110097939885176
3586.5;0.017547197908565945;0.01757667745946118;0.02848722986247544
3588.0;0.01836806645203033;0.028865979381443297;0.019142066420664204
3589.5;0.03637335441877961;0.04271844660194175;0.023762376237623763
3591.0;0.03637335441877961;0.023765996343692867;0.03088450292397661
3592.5;0.016638225255972697;0.038817005545286505;0.017796927688272762
3594.0;0.017754480892796753;0.041901692183722805;0.020006613756613757
3595.5;0.017623877982923447;0.017825311942959002;0.02393384239278061
3597.0;0.015095605501509561;0.039821029082774045;0.02848722986247544
3598.5;0.031746031746031744;0.0314927708873473;0.017824497257769654
