#auto generated file!
6.0;0.03322133511954279;0.03322133511954279;0.03322133511954279
7.5;0.03322133511954279;0.03322133511954279;0.03322133511954279
9.0;0.03322133511954279;0.03322133511954279;0.03322133511954279
10.5;0.03322133511954279;0.03322133511954279;0.03322133511954279
12.0;0.03322133511954279;0.03322133511954279;0.03322133511954279
13.5;0.03322133511954279;0.01652892561983471;0.03322133511954279
15.0;0.03322133511954279;0.01824212271973466;0.03322133511954279
16.5;0.03322133511954279;0.0173841059602649;0.014827018121911038
18.0;0.01567656765676568;0.01652892561983471;0.014827018121911038
19.5;0.014827018121911038;0.018010291595197254;0.014827018121911038
21.0;0.014827018121911038;0.018010291595197254;0.0175513698630137
22.5;0.01567656765676568;0.01652892561983471;0.01652892561983471
24.0;0.014827018121911038;0.01652892561983471;0.014827018121911038
25.5;0.01567656765676568;0.05048076923076923;0.01567656765676568
27.0;0.016638225255972697;0.05048076923076923;0.014827018121911038
28.5;0.014827018121911038;0.05048076923076923;0.01567656765676568
30.0;0.014827018121911038;0.01824212271973466;0.01567656765676568
31.5;0.01652892561983471;0.01824212271973466;0.0173841059602649
33.0;0.01652892561983471;0.0173841059602649;0.01824212271973466
34.5;0.01652892561983471;0.015731292517006803;0.01824212271973466
36.0;0.01567656765676568;0.0173841059602649;0.015280135823429542
37.5;0.014827018121911038;0.0175513698630137;0.01652892561983471
39.0;0.014827018121911038;0.014827018121911038;0.0175513698630137
40.5;0.0189328743545611;0.014827018121911038;0.01652892561983471
42.0;0.0189328743545611;0.01824212271973466;0.01652892561983471
43.5;0.0173841059602649;0.0650994575045208;0.0173841059602649
45.0;0.0173841059602649;0.0650994575045208;0.0173841059602649
46.5;0.0173841059602649;0.0650994575045208;0.0661231884057971
48.0;0.0173841059602649;0.01652892561983471;0.0661231884057971
49.5;0.0173841059602649;0.01652892561983471;0.0661231884057971
51.0;0.0173841059602649;0.01652892561983471;0.07339449541284404
52.5;0.0173841059602649;0.0787037037037037;0.07339449541284404
54.0;0.0173841059602649;0.07763401109057301;0.07339449541284404
55.5;0.06715063520871144;0.07763401109057301;0.07339449541284404
57.0;0.014827018121911038;0.07763401109057301;0.07339449541284404
58.5;0.08193668528864059;0.07234432234432234;0.07339449541284404
60.0;0.08193668528864059;0.051059730250481696;0.07339449541284404
61.5;0.014827018121911038;0.051059730250481696;0.07339449541284404
63.0;0.014827018121911038;0.0173841059602649;0.07339449541284404
64.5;0.0173841059602649;0.0173841059602649;0.07339449541284404
66.0;0.01652892561983471;0.01652892561983471;0.07339449541284404
67.5;0.01652892561983471;0.0661231884057971;0.017094017094017096
69.0;0.06921675774134792;0.016638225255972697;0.01567656765676568
70.5;0.06921675774134792;0.01567656765676568;0.01824212271973466
72.0;0.06921675774134792;0.01567656765676568;0.01824212271973466
73.5;0.01824212271973466;0.01567656765676568;0.01824212271973466
75.0;0.014827018121911038;0.01567656765676568;0.08193668528864059
76.5;0.014827018121911038;0.01567656765676568;0.015731292517006803
78.0;0.014827018121911038;0.01567656765676568;0.015731292517006803
79.5;0.014827018121911038;0.01567656765676568;0.0173841059602649
81.0;0.014827018121911038;0.01652892561983471;0.0173841059602649
82.5;0.014827018121911038;0.01652892561983471;0.0173841059602649
84.0;0.014827018121911038;0.01652892561983471;0.0173841059602649
85.5;0.01652892561983471;0.016638225255972697;0.0173841059602649
87.0;0.0173841059602649;0.016638225255972697;0.01567656765676568
88.5;0.0173841059602649;0.01824212271973466;0.01567656765676568
90.0;0.0173841059602649;0.01824212271973466;0.01567656765676568
91.5;0.01652892561983471;0.0161839863713799;0.0173841059602649
93.0;0.01652892561983471;0.0161839863713799;0.014827018121911038
94.5;0.01652892561983471;0.0161839863713799;0.01652892561983471
96.0;0.014827018121911038;0.0161839863713799;0.01652892561983471
97.5;0.014827018121911038;0.0173841059602649;0.014827018121911038
99.0;0.0173841059602649;0.0173841059602649;0.01824212271973466
100.5;0.0173841059602649;0.01652892561983471;0.01824212271973466
102.0;0.0173841059602649;0.01824212271973466;0.01824212271973466
103.5;0.0173841059602649;0.01824212271973466;0.01567656765676568
105.0;0.01824212271973466;0.018010291595197254;0.01567656765676568
106.5;0.045928030303030304;0.014827018121911038;0.0173841059602649
108.0;0.01652892561983471;0.0661231884057971;0.014827018121911038
109.5;0.01652892561983471;0.01824212271973466;0.014827018121911038
111.0;0.0650994575045208;0.01824212271973466;0.01652892561983471
112.5;0.0744485294117647;0.01652892561983471;0.0173841059602649
114.0;0.0744485294117647;0.014827018121911038;0.01824212271973466
115.5;0.07977736549165121;0.0173841059602649;0.07763401109057301
117.0;0.07977736549165121;0.0173841059602649;0.07763401109057301
118.5;0.07977736549165121;0.0173841059602649;0.07763401109057301
120.0;0.014827018121911038;0.0173841059602649;0.018010291595197254
121.5;0.014827018121911038;0.0173841059602649;0.0173841059602649
123.0;0.014827018121911038;0.0173841059602649;0.038385826771653545
124.5;0.0173841059602649;0.07025547445255476;0.038385826771653545
126.0;0.01567656765676568;0.07025547445255476;0.038385826771653545
127.5;0.01567656765676568;0.01567656765676568;0.038385826771653545
129.0;0.01824212271973466;0.01567656765676568;0.08193668528864059
130.5;0.01824212271973466;0.01567656765676568;0.018010291595197254
132.0;0.01824212271973466;0.01567656765676568;0.05048076923076923
133.5;0.01824212271973466;0.01567656765676568;0.05048076923076923
135.0;0.07234432234432234;0.01567656765676568;0.0173841059602649
136.5;0.01652892561983471;0.01567656765676568;0.017094017094017096
138.0;0.01652892561983471;0.01567656765676568;0.01824212271973466
139.5;0.01652892561983471;0.01824212271973466;0.01824212271973466
141.0;0.01652892561983471;0.0173841059602649;0.017094017094017096
142.5;0.01652892561983471;0.0173841059602649;0.01652892561983471
144.0;0.01652892561983471;0.014827018121911038;0.014827018121911038
145.5;0.01652892561983471;0.01652892561983471;0.0175513698630137
147.0;0.01652892561983471;0.01652892561983471;0.014827018121911038
148.5;0.01652892561983471;0.01652892561983471;0.0173841059602649
150.0;0.01652892561983471;0.01652892561983471;0.0173841059602649
151.5;0.01652892561983471;0.0173841059602649;0.01567656765676568
153.0;0.01652892561983471;0.01567656765676568;0.01567656765676568
154.5;0.01652892561983471;0.016638225255972697;0.01567656765676568
156.0;0.01652892561983471;0.0189328743545611;0.014827018121911038
157.5;0.01652892561983471;0.0189328743545611;0.0173841059602649
159.0;0.01652892561983471;0.0189328743545611;0.015280135823429542
160.5;0.01652892561983471;0.0189328743545611;0.0787037037037037
162.0;0.01652892561983471;0.0170487948265726;0.01824212271973466
163.5;0.01652892561983471;0.01652892561983471;0.0173841059602649
165.0;0.01652892561983471;0.07129798903107862;0.015280135823429542
166.5;0.01652892561983471;0.07129798903107862;0.015280135823429542
168.0;0.01652892561983471;0.047619047619047616;0.014827018121911038
169.5;0.01652892561983471;0.01567656765676568;0.0787037037037037
171.0;0.01567656765676568;0.01567656765676568;0.01652892561983471
172.5;0.01567656765676568;0.0173841059602649;0.018470790378006873
174.0;0.016638225255972697;0.01824212271973466;0.015731292517006803
175.5;0.016638225255972697;0.01824212271973466;0.0173841059602649
177.0;0.016638225255972697;0.01824212271973466;0.0175513698630137
178.5;0.016638225255972697;0.0173841059602649;0.016638225255972697
180.0;0.016638225255972697;0.06818181818181818;0.01567656765676568
181.5;0.016638225255972697;0.01865038996269922;0.0173841059602649
183.0;0.016638225255972697;0.01663225731761437;0.0173841059602649
184.5;0.016638225255972697;0.0175513698630137;0.0173841059602649
186.0;0.016638225255972697;0.016863406408094434;0.018470790378006873
187.5;0.016638225255972697;0.015809071886378992;0.017094017094017096
189.0;0.01865038996269922;0.017498443680569787;0.016745540589734254
190.5;0.01865038996269922;0.016638225255972697;0.014910112661872163
192.0;0.01865038996269922;0.016638225255972697;0.048187022900763356
193.5;0.01865038996269922;0.016863406408094434;0.048187022900763356
195.0;0.01865038996269922;0.018323203432248837;0.07672379434037466
196.5;0.01850632726208763;0.01897923971725942;0.016676298192025096
198.0;0.01850632726208763;0.016755205752543818;0.018683274021352312
199.5;0.015809071886378992;0.0161839863713799;0.01850632726208763
201.0;0.015809071886378992;0.017623877982923447;0.018332165356039182
202.5;0.015809071886378992;0.017094017094017096;0.015711796950363736
204.0;0.017498443680569787;0.01865038996269922;0.015711796950363736
205.5;0.018332165356039182;0.015280135823429542;0.07396662127824268
207.0;0.01865038996269922;0.016638225255972697;0.06845225933546357
208.5;0.01865038996269922;0.016745540589734254;0.01597712748065927
210.0;0.018470790378006873;0.016863406408094434;0.017623877982923447
211.5;0.017754480892796753;0.017094017094017096;0.017623877982923447
213.0;0.017623877982923447;0.017754480892796753;0.017547197908565945
214.5;0.015809071886378992;0.01850632726208763;0.017547197908565945
216.0;0.015724726735506497;0.01850632726208763;0.017547197908565945
217.5;0.016638225255972697;0.015280135823429542;0.018332165356039182
219.0;0.016863406408094434;0.015731292517006803;0.015731292517006803
220.5;0.016863406408094434;0.01850632726208763;0.016676298192025096
222.0;0.017754480892796753;0.01850632726208763;0.016676298192025096
223.5;0.017754480892796753;0.014945495799148322;0.0161839863713799
225.0;0.048187022900763356;0.014945495799148322;0.0161839863713799
226.5;0.048187022900763356;0.014945495799148322;0.01865038996269922
228.0;0.018683274021352312;0.01663225731761437;0.075255126101145
229.5;0.016863406408094434;0.0175513698630137;0.0189328743545611
231.0;0.01850632726208763;0.016863406408094434;0.0189328743545611
232.5;0.07753473472714523;0.016745540589734254;0.018026004728132386
234.0;0.014910112661872163;0.016745540589734254;0.017971946230274694
235.5;0.014910112661872163;0.01842179442537598;0.01702553830746119
237.0;0.0161839863713799;0.07487412953639226;0.017754480892796753
238.5;0.01597712748065927;0.07487412953639226;0.016676298192025096
240.0;0.01597712748065927;0.07487412953639226;0.01488644788002137
241.5;0.016745540589734254;0.07487412953639226;0.014870091759449306
243.0;0.014945495799148322;0.015724726735506497;0.018289844042285466
244.5;0.014945495799148322;0.015724726735506497;0.019139945314441957
246.0;0.015769487034319674;0.06972537892896573;0.015907416444202047
247.5;0.015769487034319674;0.016550266845809666;0.014922830014276238
249.0;0.015769487034319674;0.01826142579350741;0.015095605501509561
250.5;0.015769487034319674;0.01826142579350741;0.01836806645203033
252.0;0.015769487034319674;0.016863406408094434;0.017754480892796753
253.5;0.015769487034319674;0.01850632726208763;0.014945495799148322
255.0;0.015769487034319674;0.017498443680569787;0.017465858520325457
256.5;0.015769487034319674;0.017443347491498312;0.015095605501509561
258.0;0.015769487034319674;0.017443347491498312;0.015095605501509561
259.5;0.015769487034319674;0.017443347491498312;0.01850632726208763
261.0;0.015769487034319674;0.07503727202704219;0.01597712748065927
262.5;0.015769487034319674;0.01740771421307761;0.016676298192025096
264.0;0.015769487034319674;0.04425612052730697;0.014910112661872163
265.5;0.015769487034319674;0.015095605501509561;0.015743018124095107
267.0;0.015769487034319674;0.015095605501509561;0.01830736743700201
268.5;0.015769487034319674;0.0175513698630137;0.015711796950363736
270.0;0.015769487034319674;0.045928030303030304;0.017754480892796753
271.5;0.015769487034319674;0.045928030303030304;0.01850632726208763
273.0;0.015769487034319674;0.016863406408094434;0.0189328743545611
274.5;0.015769487034319674;0.07106563743420853;0.016863406408094434
276.0;0.06945691490726251;0.07106563743420853;0.015001087035292413
277.5;0.06945691490726251;0.017443347491498312;0.015001087035292413
279.0;0.06945691490726251;0.017427438387099873;0.0175513698630137
280.5;0.06945691490726251;0.017427438387099873;0.0175513698630137
282.0;0.06945691490726251;0.017427438387099873;0.015095605501509561
283.5;0.06945691490726251;0.014850222990092551;0.01842179442537598
285.0;0.06945691490726251;0.014850222990092551;0.01842179442537598
286.5;0.06945691490726251;0.014850222990092551;0.042924211938296444
288.0;0.06945691490726251;0.015690820879123473;0.042924211938296444
289.5;0.06945691490726251;0.014834097312229661;0.015095605501509561
291.0;0.06945691490726251;0.07777918934517698;0.015001087035292413
292.5;0.06945691490726251;0.017389540773412943;0.016638225255972697
294.0;0.06945691490726251;0.07452317050200985;0.017754480892796753
295.5;0.06945691490726251;0.07452317050200985;0.051059730250481696
297.0;0.06945691490726251;0.015679043553987165;0.016638225255972697
298.5;0.06945691490726251;0.015679043553987165;0.015731292517006803
300.0;0.06945691490726251;0.015679043553987165;0.015001087035292413
301.5;0.06945691490726251;0.015679043553987165;0.01836806645203033
303.0;0.06945691490726251;0.01567842217100666;0.015280135823429542
304.5;0.06945691490726251;0.01567842217100666;0.014945495799148322
306.0;0.06945691490726251;0.018244004306380245;0.014945495799148322
307.5;0.06945691490726251;0.01567760904807164;0.018332165356039182
309.0;0.06945691490726251;0.01567760904807164;0.01830736743700201
310.5;0.06945691490726251;0.01567760904807164;0.016638225255972697
312.0;0.06945691490726251;0.016529793433502835;0.016638225255972697
313.5;0.01830736743700201;0.016529793433502835;0.017754480892796753
315.0;0.01830736743700201;0.016529793433502835;0.01865038996269922
316.5;0.017427438387099873;0.014827541633468562;0.017094017094017096
318.0;0.017427438387099873;0.014827541633468562;0.017623877982923447
319.5;0.017427438387099873;0.014827541633468562;0.015769487034319674
321.0;0.0175513698630137;0.014827541633468562;0.017373380447585393
322.5;0.016863406408094434;0.014827541633468562;0.016638225255972697
324.0;0.016863406408094434;0.014827410635276744;0.017094017094017096
325.5;0.016863406408094434;0.014827410635276744;0.015095605501509561
327.0;0.016863406408094434;0.014827410635276744;0.014945495799148322
328.5;0.016863406408094434;0.014827410635276744;0.018010291595197254
330.0;0.016863406408094434;0.014827410635276744;0.0175513698630137
331.5;0.016863406408094434;0.014827410635276744;0.016863406408094434
333.0;0.016863406408094434;0.014827410635276744;0.017547197908565945
334.5;0.016863406408094434;0.014827410635276744;0.017465858520325457
336.0;0.016863406408094434;0.015676896668012225;0.0161839863713799
337.5;0.016863406408094434;0.015676896668012225;0.04875717017208413
339.0;0.016863406408094434;0.015676896668012225;0.08265594250021391
340.5;0.016863406408094434;0.015676896668012225;0.015095605501509561
342.0;0.016863406408094434;0.015676896668012225;0.015095605501509561
343.5;0.016863406408094434;0.015676896668012225;0.0161839863713799
345.0;0.016863406408094434;0.015676896668012225;0.07548669050456894
346.5;0.016863406408094434;0.015676896668012225;0.016863406408094434
348.0;0.016863406408094434;0.01652919989388306;0.01850632726208763
349.5;0.047619047619047616;0.01652919989388306;0.014945495799148322
351.0;0.017623877982923447;0.017384333472854088;0.0161839863713799
352.5;0.017547197908565945;0.017384333472854088;0.017094017094017096
354.0;0.017547197908565945;0.017384333472854088;0.01850632726208763
355.5;0.017498443680569787;0.017384333472854088;0.0189328743545611
357.0;0.017465858520325457;0.017384276578092637;0.018354055654233276
358.5;0.015724726735506497;0.01567667170887434;0.018026004728132386
360.0;0.06554917200591014;0.01567667170887434;0.01865038996269922
361.5;0.016550266845809666;0.01567667170887434;0.015809071886378992
363.0;0.016550266845809666;0.015676645691587714;0.017094017094017096
364.5;0.016550266845809666;0.014827057385090844;0.017094017094017096
366.0;0.016550266845809666;0.014827057385090844;0.01865038996269922
367.5;0.017401635028469288;0.014827057385090844;0.01645021645021645
369.0;0.017401635028469288;0.017094017094017096;0.0189328743545611
370.5;0.017401635028469288;0.017094017094017096;0.01865038996269922
372.0;0.017401635028469288;0.017094017094017096;0.017623877982923447
373.5;0.017401635028469288;0.015095605501509561;0.015731292517006803
375.0;0.017401635028469288;0.015095605501509561;0.018010291595197254
376.5;0.017401635028469288;0.015095605501509561;0.016863406408094434
378.0;0.017401635028469288;0.01850632726208763;0.0161839863713799
379.5;0.017401635028469288;0.017547197908565945;0.016638225255972697
381.0;0.018256492034823147;0.01488644788002137;0.01865038996269922
382.5;0.07356828460517201;0.016582472972657695;0.017094017094017096
384.0;0.07356828460517201;0.01570251018973342;0.015414729630535846
385.5;0.07356828460517201;0.016550266845809666;0.07548669050456894
387.0;0.07356828460517201;0.01654477169890474;0.016863406408094434
388.5;0.07356828460517201;0.0175513698630137;0.016745540589734254
390.0;0.07356828460517201;0.08302956662616444;0.0175513698630137
391.5;0.07356828460517201;0.018010291595197254;0.0170487948265726
393.0;0.07356828460517201;0.018010291595197254;0.018790849673202614
394.5;0.07356828460517201;0.016745540589734254;0.019276956137024393
396.0;0.0745820279297793;0.016745540589734254;0.019269640210214257
397.5;0.017389540773412943;0.017094017094017096;0.018026004728132386
399.0;0.017389540773412943;0.015095605501509561;0.015095605501509561
400.5;0.07558322423330886;0.0161839863713799;0.015871286409530037
402.0;0.07558322423330886;0.0161839863713799;0.017754480892796753
403.5;0.07984152641220815;0.01865038996269922;0.015769487034319674
405.0;0.07984152641220815;0.015871286409530037;0.017754480892796753
406.5;0.07133636550746557;0.015871286409530037;0.01834862385321101
408.0;0.07133636550746557;0.015871286409530037;0.01896734857158622
409.5;0.07132674038766314;0.039603960396039604;0.01865926901429922
411.0;0.07132674038766314;0.039603960396039604;0.015874921963427446
412.5;0.07132674038766314;0.017094017094017096;0.015874921963427446
414.0;0.07132674038766314;0.017094017094017096;0.017549958562464378
415.5;0.07132674038766314;0.017094017094017096;0.018370057655210645
417.0;0.01567760904807164;0.0882232252769799;0.0161839863713799
418.5;0.01567760904807164;0.08144892908951275;0.01597712748065927
420.0;0.015280135823429542;0.07753473472714523;0.017699115044247787
421.5;0.015280135823429542;0.07753473472714523;0.015154962909024714
423.0;0.015280135823429542;0.07753473472714523;0.08103813559322035
424.5;0.015280135823429542;0.07753473472714523;0.015001087035292413
426.0;0.016638225255972697;0.07753473472714523;0.020212060967528162
427.5;0.016638225255972697;0.07753473472714523;0.01979697681634824
429.0;0.017754480892796753;0.07753473472714523;0.01896852845141204
430.5;0.016676298192025096;0.07753473472714523;0.015280135823429542
432.0;0.01865038996269922;0.07753473472714523;0.016863406408094434
433.5;0.016403046280023436;0.07753473472714523;0.01850632726208763
435.0;0.08747300215982722;0.07753473472714523;0.01672535211267606
436.5;0.08747300215982722;0.07753473472714523;0.01672535211267606
438.0;0.017754480892796753;0.07753473472714523;0.0161839863713799
439.5;0.017754480892796753;0.07753473472714523;0.0161839863713799
441.0;0.017754480892796753;0.07753473472714523;0.01865038996269922
442.5;0.017754480892796753;0.07753473472714523;0.01865038996269922
444.0;0.017754480892796753;0.07753473472714523;0.018010291595197254
445.5;0.017754480892796753;0.07753473472714523;0.08508990794115118
447.0;0.015871286409530037;0.07753473472714523;0.016638225255972697
448.5;0.016676298192025096;0.07753473472714523;0.01597712748065927
450.0;0.01663225731761437;0.07753473472714523;0.01597712748065927
451.5;0.01663225731761437;0.07753473472714523;0.01597712748065927
453.0;0.01663225731761437;0.07753473472714523;0.01865038996269922
454.5;0.01663225731761437;0.07753473472714523;0.016676298192025096
456.0;0.014870091759449306;0.07753473472714523;0.017498443680569787
457.5;0.018289844042285466;0.07753473472714523;0.017498443680569787
459.0;0.016557768507871926;0.07753473472714523;0.014870091759449306
460.5;0.016550266845809666;0.07753473472714523;0.016557768507871926
462.0;0.015690820879123473;0.01663225731761437;0.015690820879123473
463.5;0.016540721828503288;0.01663225731761437;0.07575323625364809
465.0;0.015684481542853023;0.01663225731761437;0.01825283975007182
466.5;0.014832305600435561;0.01663225731761437;0.06520150941804949
468.0;0.014832305600435561;0.01663225731761437;0.018010291595197254
469.5;0.018248107350266503;0.01663225731761437;0.015001087035292413
471.0;0.018246600758721136;0.01663225731761437;0.016863406408094434
472.5;0.016531678096401558;0.01663225731761437;0.016745540589734254
474.0;0.017386386504641093;0.01663225731761437;0.09041394335511982
475.5;0.017386386504641093;0.01663225731761437;0.016745540589734254
477.0;0.015677957190639216;0.01663225731761437;0.015809071886378992
478.5;0.015677957190639216;0.01663225731761437;0.017498443680569787
480.0;0.016529793433502835;0.01663225731761437;0.015743018124095107
481.5;0.016529793433502835;0.018683274021352312;0.017443347491498312
483.0;0.015677152879889675;0.018683274021352312;0.07310072533111989
484.5;0.01652941341487852;0.015280135823429542;0.01740771421307761
486.0;0.01738451054966002;0.015280135823429542;0.01826142579350741
487.5;0.01738451054966002;0.01597712748065927;0.01826142579350741
489.0;0.01738451054966002;0.017547197908565945;0.01739137492247878
490.5;0.01738451054966002;0.017094017094017096;0.0161839863713799
492.0;0.01738451054966002;0.015095605501509561;0.016863406408094434
493.5;0.01738451054966002;0.015095605501509561;0.041666666666666664
495.0;0.01738451054966002;0.015871286409530037;0.0189328743545611
496.5;0.01738451054966002;0.016676298192025096;0.01865038996269922
498.0;0.01738451054966002;0.016676298192025096;0.017623877982923447
499.5;0.01738451054966002;0.016676298192025096;0.01597712748065927
501.0;0.01738451054966002;0.016676298192025096;0.07318094281168887
502.5;0.01738451054966002;0.016676298192025096;0.07076132648295189
504.0;0.01738451054966002;0.016676298192025096;0.04260299625468165
505.5;0.01738451054966002;0.016676298192025096;0.016638225255972697
507.0;0.01738451054966002;0.01663225731761437;0.08302956662616444
508.5;0.01738451054966002;0.01663225731761437;0.016676298192025096
510.0;0.01738451054966002;0.01660281557997176;0.018470790378006873
511.5;0.01738451054966002;0.01660281557997176;0.016745540589734254
513.0;0.01738451054966002;0.01660281557997176;0.016745540589734254
514.5;0.01738451054966002;0.01660281557997176;0.017547197908565945
516.0;0.01738451054966002;0.015711796950363736;0.017547197908565945
517.5;0.01738451054966002;0.015711796950363736;0.01836806645203033
519.0;0.01738451054966002;0.01741601350785099;0.015743018124095107
520.5;0.01738451054966002;0.01741601350785099;0.01830736743700201
522.0;0.01738451054966002;0.014844188506303903;0.017427438387099873
523.5;0.01738451054966002;0.014844188506303903;0.017427438387099873
525.0;0.01738451054966002;0.014839767744728968;0.01570251018973342
526.5;0.01738451054966002;0.018256492034823147;0.01570251018973342
528.0;0.01738451054966002;0.015280135823429542;0.01570251018973342
529.5;0.01652919989388306;0.01597712748065927;0.01570251018973342
531.0;0.01567675266971058;0.01597712748065927;0.01570251018973342
532.5;0.017384233914291836;0.01597712748065927;0.01570251018973342
534.0;0.014827087928111741;0.01850632726208763;0.01826142579350741
535.5;0.014827087928111741;0.017498443680569787;0.015687178238012765
537.0;0.014827087928111741;0.017498443680569787;0.015687178238012765
538.5;0.014827087928111741;0.017498443680569787;0.0175513698630137
540.0;0.014827087928111741;0.018332165356039182;0.017754480892796753
541.5;0.014827087928111741;0.018332165356039182;0.01850632726208763
543.0;0.014827087928111741;0.018332165356039182;0.018010291595197254
544.5;0.014827087928111741;0.018332165356039182;0.015001087035292413
546.0;0.014827087928111741;0.07230513049762272;0.016676298192025096
547.5;0.014827087928111741;0.01485852872552252;0.01663225731761437
549.0;0.017094017094017096;0.01485852872552252;0.017443347491498312
550.5;0.017094017094017096;0.01485852872552252;0.017427438387099873
552.0;0.017094017094017096;0.07611210733696298;0.01654477169890474
553.5;0.017623877982923447;0.016550266845809666;0.017393838281482624
555.0;0.017623877982923447;0.016550266845809666;0.017389540773412943
556.5;0.017623877982923447;0.016550266845809666;0.01653260196570383
558.0;0.016676298192025096;0.01826142579350741;0.01865038996269922
559.5;0.016676298192025096;0.01826142579350741;0.0161839863713799
561.0;0.016676298192025096;0.01826142579350741;0.015280135823429542
562.5;0.016676298192025096;0.01826142579350741;0.015001087035292413
564.0;0.016676298192025096;0.01826142579350741;0.017094017094017096
565.5;0.044811320754716985;0.01826142579350741;0.015001087035292413
567.0;0.044811320754716985;0.01826142579350741;0.01702553830746119
568.5;0.015809071886378992;0.01826142579350741;0.016664722618075594
570.0;0.017498443680569787;0.01826142579350741;0.017699115044247787
571.5;0.016568094782873223;0.01826142579350741;0.015225395561747438
573.0;0.016557768507871926;0.01826142579350741;0.0161839863713799
574.5;0.016557768507871926;0.017397154861764727;0.017094017094017096
576.0;0.04536862003780718;0.015684481542853023;0.017094017094017096
577.5;0.016863406408094434;0.015684481542853023;0.01597712748065927
579.0;0.014945495799148322;0.016533838797490336;0.015809071886378992
580.5;0.01672535211267606;0.016533838797490336;0.01597712748065927
582.0;0.01594765689784196;0.016533838797490336;0.01597712748065927
583.5;0.01594765689784196;0.016533838797490336;0.017547197908565945
585.0;0.01672693391308206;0.016533838797490336;0.018937169700528483
586.5;0.017460084355449466;0.08202710566410806;0.01775534628830588
588.0;0.017460084355449466;0.08202710566410806;0.01514502933989791
589.5;0.015731292517006803;0.08202710566410806;0.01514502933989791
591.0;0.07303592577970786;0.08202710566410806;0.014961939656692416
592.5;0.017547197908565945;0.07769476942671755;0.01749271137026239
594.0;0.019013666072489603;0.017386386504641093;0.01771809624494277
595.5;0.0189328743545611;0.017385814700674008;0.016664722618075594
597.0;0.017623877982923447;0.01738538657899296;0.017439295057023192
598.5;0.06854651270894926;0.01738538657899296;0.01597712748065927
600.0;0.014910112661872163;0.01738538657899296;0.014945495799148322
601.5;0.017465858520325457;0.0161839863713799;0.015743018124095107
603.0;0.017465858520325457;0.016745540589734254;0.0425033467202142
604.5;0.017465858520325457;0.016745540589734254;0.015225395561747438
606.0;0.016582472972657695;0.016745540589734254;0.015854570888502284
607.5;0.0182681206624895;0.016745540589734254;0.015798668573620674
609.0;0.044811320754716985;0.015809071886378992;0.0170487948265726
610.5;0.044811320754716985;0.01836806645203033;0.01749271137026239
612.0;0.016863406408094434;0.016403046280023436;0.018848906360245943
613.5;0.016863406408094434;0.015280135823429542;0.018848906360245943
615.0;0.015001087035292413;0.015280135823429542;0.01594765689784196
616.5;0.015809071886378992;0.015280135823429542;0.018470790378006873
618.0;0.01836806645203033;0.015280135823429542;0.015095605501509561
619.5;0.018026004728132386;0.015280135823429542;0.015095605501509561
621.0;0.01749271137026239;0.01850632726208763;0.015095605501509561
622.5;0.018792559974975337;0.01850632726208763;0.015095605501509561
624.0;0.016656297685317897;0.01842179442537598;0.014945495799148322
625.5;0.018321105561060706;0.014910112661872163;0.06997510553090161
627.0;0.01571899044635121;0.06838710470185025;0.06997510553090161
628.5;0.01656353036834563;0.01597712748065927;0.06838710470185025
630.0;0.01656353036834563;0.017547197908565945;0.015724726735506497
631.5;0.018273231435648636;0.018332165356039182;0.017427438387099873
633.0;0.0182651750543823;0.018332165356039182;0.017427438387099873
634.5;0.016863406408094434;0.018332165356039182;0.017427438387099873
636.0;0.018197573656845753;0.015724726735506497;0.017427438387099873
637.5;0.018197573656845753;0.015724726735506497;0.017427438387099873
639.0;0.015154962909024714;0.015711796950363736;0.017427438387099873
640.5;0.017094017094017096;0.015711796950363736;0.014850222990092551
642.0;0.01865038996269922;0.015711796950363736;0.014844188506303903
643.5;0.016335052812576762;0.015711796950363736;0.015690820879123473
645.0;0.015154962909024714;0.0161839863713799;0.015690820879123473
646.5;0.015154962909024714;0.0161839863713799;0.015690820879123473
648.0;0.015907416444202047;0.0161839863713799;0.015690820879123473
649.5;0.017574219762933944;0.0161839863713799;0.07789492941230503
651.0;0.017574219762933944;0.0161839863713799;0.016537723722061845
652.5;0.015783713313901306;0.0161839863713799;0.015682478532320222
654.0;0.01658993849415681;0.0161839863713799;0.08097272221961054
655.5;0.017433311232636223;0.0161839863713799;0.08097272221961054
657.0;0.017433311232636223;0.0161839863713799;0.08097272221961054
658.5;0.017433311232636223;0.08954302181967888;0.08097272221961054
660.0;0.015705952959386024;0.08954302181967888;0.018246600758721136
661.5;0.01827151917897185;0.08954302181967888;0.017387150648592545
663.0;0.01827151917897185;0.08954302181967888;0.0671846758072845
664.5;0.016546819469001776;0.08954302181967888;0.07981336395719324
666.0;0.016542233453845485;0.08954302181967888;0.01567760904807164
667.5;0.015685489297718524;0.08954302181967888;0.01567760904807164
669.0;0.015685489297718524;0.08954302181967888;0.01567760904807164
670.5;0.017388684926829115;0.08954302181967888;0.01567760904807164
672.0;0.016532024171541957;0.08954302181967888;0.01567760904807164
673.5;0.016532024171541957;0.08954302181967888;0.018243179757112683
675.0;0.014828417011058805;0.08954302181967888;0.018243179757112683
676.5;0.017385547051272612;0.08954302181967888;0.018243179757112683
678.0;0.01652965764995324;0.08954302181967888;0.018243179757112683
679.5;0.01652965764995324;0.08954302181967888;0.018243179757112683
681.0;0.015677061344050617;0.08954302181967888;0.018243179757112683
682.5;0.0175513698630137;0.08954302181967888;0.018243179757112683
684.0;0.0175513698630137;0.08954302181967888;0.018242716875351634
685.5;0.017754480892796753;0.015871286409530037;0.018242716875351634
687.0;0.017754480892796753;0.018470790378006873;0.015676896668012225
688.5;0.017754480892796753;0.018470790378006873;0.01652919989388306
690.0;0.015871286409530037;0.018470790378006873;0.01652919989388306
691.5;0.015871286409530037;0.015001087035292413;0.01652919989388306
693.0;0.015871286409530037;0.015001087035292413;0.0175513698630137
694.5;0.015871286409530037;0.015001087035292413;0.01597712748065927
696.0;0.015871286409530037;0.015809071886378992;0.016745540589734254
697.5;0.0175513698630137;0.017094017094017096;0.016745540589734254
699.0;0.0175513698630137;0.016863406408094434;0.014945495799148322
700.5;0.016638225255972697;0.016863406408094434;0.017465858520325457
702.0;0.016638225255972697;0.01850632726208763;0.015711796950363736
703.5;0.016638225255972697;0.01850632726208763;0.014844188506303903
705.0;0.016638225255972697;0.015809071886378992;0.017094017094017096
706.5;0.015001087035292413;0.017094017094017096;0.017094017094017096
708.0;0.016676298192025096;0.017094017094017096;0.017754480892796753
709.5;0.016676298192025096;0.016863406408094434;0.07087532272840844
711.0;0.01663225731761437;0.0161839863713799;0.07087532272840844
712.5;0.01663225731761437;0.0189328743545611;0.01663225731761437
714.0;0.01660281557997176;0.01672535211267606;0.018332165356039182
715.5;0.01660281557997176;0.01865038996269922;0.015724726735506497
717.0;0.018010291595197254;0.01865038996269922;0.016568094782873223
718.5;0.01865038996269922;0.017623877982923447;0.016568094782873223
720.0;0.03879026955950033;0.01488644788002137;0.07396662127824268
721.5;0.01606832657788072;0.014870091759449306;0.015695763321720377
723.0;0.04918972634153799;0.046489563567362426;0.015690820879123473
724.5;0.015188609731168737;0.046489563567362426;0.015684481542853023
726.0;0.015188609731168737;0.01597712748065927;0.01653549687010534
727.5;0.018467296424989527;0.015809071886378992;0.016533838797490336
729.0;0.017699115044247787;0.036165577342047936;0.01567987457984609
730.5;0.0175513698630137;0.01645021645021645;0.014828677071017829
732.0;0.0175513698630137;0.015195702225633155;0.018243179757112683
733.5;0.01842179442537598;0.017373380447585393;0.018243179757112683
735.0;0.01836806645203033;0.017373380447585393;0.016638225255972697
736.5;0.015724726735506497;0.017373380447585393;0.01850632726208763
738.0;0.016568094782873223;0.01597712748065927;0.01663225731761437
739.5;0.015695763321720377;0.01597712748065927;0.01663225731761437
741.0;0.015687178238012765;0.016745540589734254;0.07053123107281715
742.5;0.01653549687010534;0.017547197908565945;0.016582472972657695
744.0;0.016863406408094434;0.01488644788002137;0.01485852872552252
745.5;0.015871286409530037;0.017373380447585393;0.06762923989174582
747.0;0.051059730250481696;0.018010291595197254;0.06762923989174582
748.5;0.051059730250481696;0.01597712748065927;0.08014786536595958
750.0;0.051059730250481696;0.017699115044247787;0.051059730250481696
751.5;0.015095605501509561;0.017094017094017096;0.07753473472714523
753.0;0.08386958386958387;0.017754480892796753;0.018470790378006873
754.5;0.017547197908565945;0.017754480892796753;0.049561699258260275
756.0;0.017498443680569787;0.040424121935056324;0.051059730250481696
757.5;0.018332165356039182;0.015225395561747438;0.051059730250481696
759.0;0.016582472972657695;0.01771809624494277;0.015095605501509561
760.5;0.08180102222876223;0.0175513698630137;0.015001087035292413
762.0;0.016557768507871926;0.0175513698630137;0.01836806645203033
763.5;0.016550266845809666;0.0175513698630137;0.01660281557997176
765.0;0.016550266845809666;0.016745540589734254;0.014870091759449306
766.5;0.015280135823429542;0.01842179442537598;0.016568094782873223
768.0;0.017623877982923447;0.017498443680569787;0.07396662127824268
769.5;0.017623877982923447;0.018470790378006873;0.0175513698630137
771.0;0.017623877982923447;0.018937169700528483;0.0175513698630137
772.5;0.017623877982923447;0.018848906360245943;0.04536862003780718
774.0;0.017623877982923447;0.0175513698630137;0.04536862003780718
775.5;0.07547665433531073;0.016863406408094434;0.04536862003780718
777.0;0.07547665433531073;0.0826771653543307;0.04536862003780718
778.5;0.07547665433531073;0.019082371238858645;0.015095605501509561
780.0;0.06593806286876763;0.01718287488267995;0.01850632726208763
781.5;0.017427438387099873;0.018354055654233276;0.01850632726208763
783.0;0.016550266845809666;0.0161839863713799;0.014910112661872163
784.5;0.016638225255972697;0.018010291595197254;0.014910112661872163
786.0;0.016638225255972697;0.015001087035292413;0.014910112661872163
787.5;0.01597712748065927;0.016638225255972697;0.015743018124095107
789.0;0.01850632726208763;0.016745540589734254;0.016638225255972697
790.5;0.017547197908565945;0.07922182109907742;0.017754480892796753
792.0;0.017547197908565945;0.018010291595197254;0.018026004728132386
793.5;0.01836806645203033;0.014945495799148322;0.015095605501509561
795.0;0.016582472972657695;0.045928030303030304;0.0798365745414373
796.5;0.016582472972657695;0.01608187134502924;0.0189328743545611
798.0;0.07850573814074081;0.017971946230274694;0.01865038996269922
799.5;0.01740771421307761;0.018696834582424188;0.04536862003780718
801.0;0.01740771421307761;0.015912208009267122;0.018010291595197254
802.5;0.01740771421307761;0.017754480892796753;0.016638225255972697
804.0;0.01654477169890474;0.018010291595197254;0.017623877982923447
805.5;0.016540721828503288;0.018010291595197254;0.016638225255972697
807.0;0.016540721828503288;0.01597712748065927;0.01865038996269922
808.5;0.016540721828503288;0.07786711807024968;0.018470790378006873
810.0;0.016540721828503288;0.0161839863713799;0.01865038996269922
811.5;0.017393838281482624;0.0161839863713799;0.017094017094017096
813.0;0.017393838281482624;0.018010291595197254;0.015871286409530037
814.5;0.017393838281482624;0.015001087035292413;0.017547197908565945
816.0;0.016638225255972697;0.0189328743545611;0.01488644788002137
817.5;0.0161839863713799;0.018010291595197254;0.04990403071017274
819.0;0.0161839863713799;0.017754480892796753;0.03718199608610568
820.5;0.015095605501509561;0.016745540589734254;0.08747300215982722
822.0;0.017623877982923447;0.014945495799148322;0.015095605501509561
823.5;0.04425612052730697;0.07929144968115026;0.015095605501509561
825.0;0.04425612052730697;0.016582472972657695;0.015095605501509561
826.5;0.04425612052730697;0.01485852872552252;0.015095605501509561
828.0;0.016863406408094434;0.016557768507871926;0.015871286409530037
829.5;0.016863406408094434;0.08014786536595958;0.016676298192025096
831.0;0.016863406408094434;0.017397154861764727;0.014910112661872163
832.5;0.015871286409530037;0.01825012709422827;0.018010291595197254
834.0;0.016676298192025096;0.018248107350266503;0.015095605501509561
835.5;0.016676298192025096;0.014829976303317897;0.08386958386958387
837.0;0.01663225731761437;0.014829976303317897;0.08386958386958387
838.5;0.017465858520325457;0.014828677071017829;0.014945495799148322
840.0;0.017465858520325457;0.018470790378006873;0.01663225731761437
841.5;0.017465858520325457;0.015001087035292413;0.016745540589734254
843.0;0.017465858520325457;0.015001087035292413;0.016676298192025096
844.5;0.017465858520325457;0.015809071886378992;0.016676298192025096
846.0;0.017465858520325457;0.01836806645203033;0.014910112661872163
847.5;0.017465858520325457;0.01836806645203033;0.07663693439238436
849.0;0.017465858520325457;0.017443347491498312;0.07663693439238436
850.5;0.017465858520325457;0.017699115044247787;0.01570251018973342
852.0;0.017465858520325457;0.019269640210214257;0.01570251018973342
853.5;0.017465858520325457;0.019269640210214257;0.01570251018973342
855.0;0.01830736743700201;0.015095605501509561;0.017094017094017096
856.5;0.01830736743700201;0.014945495799148322;0.017094017094017096
858.0;0.01830736743700201;0.017498443680569787;0.017094017094017096
859.5;0.01830736743700201;0.01830736743700201;0.017754480892796753
861.0;0.015711796950363736;0.017427438387099873;0.016745540589734254
862.5;0.015711796950363736;0.014850222990092551;0.016745540589734254
864.0;0.0815499194163898;0.016550266845809666;0.017547197908565945
865.5;0.0815499194163898;0.09416299559471365;0.017547197908565945
867.0;0.0815499194163898;0.09416299559471365;0.017547197908565945
868.5;0.0815499194163898;0.09416299559471365;0.07436650111170809
870.0;0.0815499194163898;0.01865038996269922;0.017465858520325457
871.5;0.016550266845809666;0.015001087035292413;0.018277260861902424
873.0;0.015690820879123473;0.017547197908565945;0.06750426682707018
874.5;0.015690820879123473;0.01836806645203033;0.01826142579350741
876.0;0.015690820879123473;0.015743018124095107;0.014834097312229661
877.5;0.014836509492270044;0.018683274021352312;0.017389540773412943
879.0;0.014836509492270044;0.0189328743545611;0.07452317050200985
880.5;0.014836509492270044;0.0175513698630137;0.0189328743545611
882.0;0.014836509492270044;0.017623877982923447;0.0189328743545611
883.5;0.08215334206275562;0.01836806645203033;0.015001087035292413
885.0;0.015682478532320222;0.017754480892796753;0.015001087035292413
886.5;0.015680987109796585;0.016863406408094434;0.016676298192025096
888.0;0.06721135402515525;0.017547197908565945;0.01663225731761437
889.5;0.06721135402515525;0.015769487034319674;0.01663225731761437
891.0;0.06721135402515525;0.01660281557997176;0.01488644788002137
892.5;0.015679043553987165;0.01830736743700201;0.01488644788002137
894.0;0.015731292517006803;0.018289844042285466;0.01488644788002137
895.5;0.07303592577970786;0.0161839863713799;0.016582472972657695
897.0;0.07303592577970786;0.018010291595197254;0.01570251018973342
898.5;0.07303592577970786;0.01865038996269922;0.01740771421307761
900.0;0.015001087035292413;0.018848906360245943;0.01740771421307761
901.5;0.015001087035292413;0.08691206543967281;0.051640926640926635
903.0;0.015001087035292413;0.0161839863713799;0.051640926640926635
904.5;0.015001087035292413;0.01597712748065927;0.016863406408094434
906.0;0.015001087035292413;0.017623877982923447;0.016745540589734254
907.5;0.015001087035292413;0.01842179442537598;0.017373380447585393
909.0;0.016676298192025096;0.014910112661872163;0.017934291168491913
910.5;0.016676298192025096;0.01660281557997176;0.018610244807272875
912.0;0.016676298192025096;0.016863406408094434;0.018010291595197254
913.5;0.016676298192025096;0.01850632726208763;0.017754480892796753
915.0;0.01836806645203033;0.01850632726208763;0.015001087035292413
916.5;0.01836806645203033;0.017547197908565945;0.016676298192025096
918.0;0.015724726735506497;0.01660281557997176;0.015743018124095107
919.5;0.015724726735506497;0.01660281557997176;0.047619047619047616
921.0;0.015724726735506497;0.01597712748065927;0.0161839863713799
922.5;0.015724726735506497;0.01597712748065927;0.0161839863713799
924.0;0.015724726735506497;0.01597712748065927;0.01850632726208763
925.5;0.015711796950363736;0.016863406408094434;0.017015706806282723
927.0;0.014850222990092551;0.014910112661872163;0.018683274021352312
928.5;0.016550266845809666;0.018332165356039182;0.01749271137026239
930.0;0.014836509492270044;0.018332165356039182;0.018848906360245943
931.5;0.014836509492270044;0.014870091759449306;0.017824497257769654
933.0;0.014836509492270044;0.014870091759449306;0.018786847740005278
934.5;0.01825283975007182;0.01485852872552252;0.015302583076023234
936.0;0.01825012709422827;0.01570251018973342;0.07007575757575758
937.5;0.01825012709422827;0.01570251018973342;0.017373380447585393
939.0;0.01567987457984609;0.01570251018973342;0.0425033467202142
940.5;0.01567987457984609;0.014839767744728968;0.01702553830746119
942.0;0.016638225255972697;0.0161839863713799;0.0175513698630137
943.5;0.016638225255972697;0.0161839863713799;0.0674469940084216
945.0;0.01865038996269922;0.01865038996269922;0.015871286409530037
946.5;0.01865038996269922;0.01865038996269922;0.04875717017208413
948.0;0.01865038996269922;0.01865038996269922;0.01597712748065927
949.5;0.015871286409530037;0.01865038996269922;0.016863406408094434
951.0;0.015871286409530037;0.01865038996269922;0.018487434139972954
952.5;0.015871286409530037;0.01865038996269922;0.018354055654233276
954.0;0.01842179442537598;0.016745540589734254;0.018010291595197254
955.5;0.014910112661872163;0.016745540589734254;0.01865038996269922
957.0;0.014910112661872163;0.014945495799148322;0.019013666072489603
958.5;0.014910112661872163;0.08338930129741895;0.015095605501509561
960.0;0.014910112661872163;0.08338930129741895;0.018026004728132386
961.5;0.014910112661872163;0.015724726735506497;0.017934291168491913
963.0;0.014910112661872163;0.01741601350785099;0.01942319011183049
964.5;0.014910112661872163;0.014844188506303903;0.01713180436584692
966.0;0.014910112661872163;0.014844188506303903;0.08431531897602601
967.5;0.014910112661872163;0.014844188506303903;0.018026004728132386
969.0;0.014910112661872163;0.017397154861764727;0.017094017094017096
970.5;0.014910112661872163;0.015684481542853023;0.01730418943533698
972.0;0.014910112661872163;0.014832305600435561;0.015611590921540344
973.5;0.014910112661872163;0.017388172610590263;0.017373380447585393
975.0;0.014910112661872163;0.015679043553987165;0.017934291168491913
976.5;0.018332165356039182;0.015679043553987165;0.017094017094017096
978.0;0.018332165356039182;0.017386386504641093;0.016638225255972697
979.5;0.018332165356039182;0.017386386504641093;0.018470790378006873
981.0;0.018332165356039182;0.017385814700674008;0.018876611418047883
982.5;0.017427438387099873;0.017385814700674008;0.041250831669993354
984.0;0.016403046280023436;0.017385814700674008;0.017971946230274694
985.5;0.017094017094017096;0.018086080586080584;0.039603960396039604
987.0;0.017094017094017096;0.018086080586080584;0.017373380447585393
988.5;0.017094017094017096;0.01874107841782935;0.01749271137026239
990.0;0.017094017094017096;0.015033359741139864;0.01942319011183049
991.5;0.01597712748065927;0.017574219762933944;0.017825311942959002
993.0;0.015809071886378992;0.018387370467510947;0.015280135823429542
994.5;0.01488644788002137;0.016638225255972697;0.01712538226299694
996.0;0.01488644788002137;0.015095605501509561;0.016779784268573506
997.5;0.01488644788002137;0.015095605501509561;0.01678154888258163
999.0;0.015724726735506497;0.015095605501509561;0.017094017094017096
1000.5;0.016557768507871926;0.015809071886378992;0.017623877982923447
1002.0;0.016557768507871926;0.01836806645203033;0.01882395123700251
1003.5;0.016557768507871926;0.01836806645203033;0.017773776536674248
1005.0;0.016557768507871926;0.017465858520325457;0.015095605501509561
1006.5;0.016557768507871926;0.017465858520325457;0.04315196998123827
1008.0;0.016557768507871926;0.04875717017208413;0.01845342706502636
1009.5;0.016557768507871926;0.04875717017208413;0.016979552792060267
1011.0;0.016557768507871926;0.04875717017208413;0.018010291595197254
1012.5;0.016557768507871926;0.017754480892796753;0.016863406408094434
1014.0;0.016557768507871926;0.017754480892796753;0.017094017094017096
1015.5;0.016557768507871926;0.01850632726208763;0.0170487948265726
1017.0;0.016557768507871926;0.01850632726208763;0.01702553830746119
1018.5;0.016557768507871926;0.01850632726208763;0.017623877982923447
1020.0;0.016557768507871926;0.01850632726208763;0.015280135823429542
1021.5;0.016557768507871926;0.017547197908565945;0.03758169934640523
1023.0;0.016557768507871926;0.017547197908565945;0.018010291595197254
1024.5;0.016557768507871926;0.017547197908565945;0.01597712748065927
1026.0;0.016557768507871926;0.017547197908565945;0.015095605501509561
1027.5;0.016557768507871926;0.08302956662616444;0.01983411467724486
1029.0;0.016557768507871926;0.017498443680569787;0.019488312727411274
1030.5;0.016557768507871926;0.017498443680569787;0.017897152020068193
1032.0;0.016557768507871926;0.017465858520325457;0.019142066420664204
1033.5;0.07810706658548916;0.01830736743700201;0.0185554688027144
1035.0;0.07810706658548916;0.017427438387099873;0.01672535211267606
1036.5;0.01826142579350741;0.039603960396039604;0.01672535211267606
1038.0;0.014836509492270044;0.018010291595197254;0.017971946230274694
1039.5;0.014836509492270044;0.018010291595197254;0.08704458752472857
1041.0;0.014836509492270044;0.01597712748065927;0.016863406408094434
1042.5;0.016537723722061845;0.01597712748065927;0.018197573656845753
1044.0;0.016537723722061845;0.016745540589734254;0.0170487948265726
1045.5;0.016537723722061845;0.01842179442537598;0.01612259159428971
1047.0;0.016537723722061845;0.01842179442537598;0.016638225255972697
1048.5;0.016537723722061845;0.01663225731761437;0.0170487948265726
1050.0;0.016537723722061845;0.015743018124095107;0.01597712748065927
1051.5;0.016537723722061845;0.015743018124095107;0.0170487948265726
1053.0;0.016537723722061845;0.015743018124095107;0.015280135823429542
1054.5;0.016537723722061845;0.016568094782873223;0.015731292517006803
1056.0;0.016537723722061845;0.016568094782873223;0.019013666072489603
1057.5;0.016537723722061845;0.016568094782873223;0.015731292517006803
1059.0;0.016537723722061845;0.01570251018973342;0.016863406408094434
1060.5;0.016537723722061845;0.014844188506303903;0.017754480892796753
1062.0;0.016537723722061845;0.014844188506303903;0.04425612052730697
1063.5;0.016537723722061845;0.015690820879123473;0.08386958386958387
1065.0;0.016537723722061845;0.018256492034823147;0.017094017094017096
1066.5;0.016537723722061845;0.018256492034823147;0.0161839863713799
1068.0;0.016537723722061845;0.07777918934517698;0.0161839863713799
1069.5;0.016537723722061845;0.07777918934517698;0.0161839863713799
1071.0;0.016537723722061845;0.07777918934517698;0.0175513698630137
1072.5;0.016537723722061845;0.07777918934517698;0.0175513698630137
1074.0;0.014832305600435561;0.07777918934517698;0.03798297314996725
1075.5;0.014832305600435561;0.07777918934517698;0.01865038996269922
1077.0;0.014832305600435561;0.017388172610590263;0.015001087035292413
1078.5;0.014832305600435561;0.016530987295071384;0.019013666072489603
1080.0;0.014832305600435561;0.014828261126484797;0.016638225255972697
1081.5;0.018248107350266503;0.018243179757112683;0.015809071886378992
1083.0;0.018248107350266503;0.018243179757112683;0.036783854166666664
1084.5;0.018248107350266503;0.018243179757112683;0.017373380447585393
1086.0;0.018248107350266503;0.016529576213227;0.017094017094017096
1087.5;0.018248107350266503;0.014827312439301472;0.017094017094017096
1089.0;0.018248107350266503;0.017384333472854088;0.015225395561747438
1090.5;0.018246600758721136;0.016638225255972697;0.01597712748065927
1092.0;0.0175513698630137;0.015731292517006803;0.015280135823429542
1093.5;0.016863406408094434;0.016863406408094434;0.03599221789883269
1095.0;0.015731292517006803;0.0161839863713799;0.01597712748065927
1096.5;0.015731292517006803;0.0161839863713799;0.01726263871763255
1098.0;0.015731292517006803;0.0161839863713799;0.01672535211267606
1099.5;0.015731292517006803;0.0161839863713799;0.017824497257769654
1101.0;0.015731292517006803;0.016863406408094434;0.018323203432248837
1102.5;0.015731292517006803;0.016863406408094434;0.040366345486322154
1104.0;0.01865038996269922;0.015871286409530037;0.047874824848201776
1105.5;0.01865038996269922;0.015809071886378992;0.016179910800082176
1107.0;0.01865038996269922;0.015809071886378992;0.01597712748065927
1108.5;0.01865038996269922;0.017498443680569787;0.01865038996269922
1110.0;0.01865038996269922;0.017498443680569787;0.017373380447585393
1111.5;0.01865038996269922;0.014870091759449306;0.016979552792060267
1113.0;0.01865038996269922;0.014870091759449306;0.08954302181967888
1114.5;0.016745540589734254;0.01485852872552252;0.01850632726208763
1116.0;0.014945495799148322;0.01485852872552252;0.016676298192025096
1117.5;0.014945495799148322;0.01485852872552252;0.01942319011183049
1119.0;0.014945495799148322;0.016557768507871926;0.017754480892796753
1120.5;0.07929144968115026;0.016557768507871926;0.016638225255972697
1122.0;0.07929144968115026;0.016557768507871926;0.01597712748065927
1123.5;0.07929144968115026;0.016557768507871926;0.03476482617586912
1125.0;0.017094017094017096;0.016557768507871926;0.01713180436584692
1126.5;0.016863406408094434;0.016557768507871926;0.08205830504991475
1128.0;0.016745540589734254;0.016557768507871926;0.01749271137026239
1129.5;0.017547197908565945;0.016557768507871926;0.016081348496769426
1131.0;0.014910112661872163;0.016557768507871926;0.018582093618876354
1132.5;0.014910112661872163;0.016557768507871926;0.018010291595197254
1134.0;0.015743018124095107;0.016557768507871926;0.018470790378006873
1135.5;0.015743018124095107;0.016557768507871926;0.016863406408094434
1137.0;0.015743018124095107;0.016557768507871926;0.015871286409530037
1138.5;0.015743018124095107;0.016557768507871926;0.09087154068566708
1140.0;0.01830736743700201;0.016557768507871926;0.09087154068566708
1141.5;0.015095605501509561;0.016557768507871926;0.08216097234185091
1143.0;0.015095605501509561;0.016557768507871926;0.08216097234185091
1144.5;0.016638225255972697;0.016557768507871926;0.07061503416856492
1146.0;0.01865038996269922;0.016557768507871926;0.01612259159428971
1147.5;0.01842179442537598;0.016557768507871926;0.015095605501509561
1149.0;0.01842179442537598;0.015695763321720377;0.016638225255972697
1150.5;0.01842179442537598;0.015695763321720377;0.016863406408094434
1152.0;0.08265443723820964;0.015695763321720377;0.017498443680569787
1153.5;0.017443347491498312;0.015695763321720377;0.05222437137330754
1155.0;0.017427438387099873;0.015695763321720377;0.017754480892796753
1156.5;0.018277260861902424;0.015695763321720377;0.017623877982923447
1158.0;0.016638225255972697;0.015695763321720377;0.05020283975659229
1159.5;0.016638225255972697;0.01826142579350741;0.015963095712199653
1161.0;0.016638225255972697;0.01826142579350741;0.01730418943533698
1162.5;0.016638225255972697;0.01826142579350741;0.07835234647175354
1164.0;0.016638225255972697;0.01826142579350741;0.015755085912057668
1165.5;0.016638225255972697;0.01826142579350741;0.08650929625783949
1167.0;0.016638225255972697;0.015280135823429542;0.0175513698630137
1168.5;0.016638225255972697;0.015280135823429542;0.032135306553911204
1170.0;0.016638225255972697;0.015280135823429542;0.015370218739033806
1171.5;0.016638225255972697;0.08560945780676722;0.01779592331824472
1173.0;0.016638225255972697;0.08560945780676722;0.0161839863713799
1174.5;0.016638225255972697;0.08560945780676722;0.017754480892796753
1176.0;0.015095605501509561;0.08560945780676722;0.016638225255972697
1177.5;0.015095605501509561;0.08560945780676722;0.017094017094017096
1179.0;0.015095605501509561;0.08560945780676722;0.015001087035292413
1180.5;0.015095605501509561;0.0720250521920668;0.01597712748065927
1182.0;0.015095605501509561;0.0720250521920668;0.016745540589734254
1183.5;0.015095605501509561;0.0720250521920668;0.016745540589734254
1185.0;0.015095605501509561;0.07076132648295189;0.01842179442537598
1186.5;0.015095605501509561;0.07076132648295189;0.018332165356039182
1188.0;0.017623877982923447;0.07076132648295189;0.015724726735506497
1189.5;0.017623877982923447;0.07076132648295189;0.01672535211267606
1191.0;0.01842179442537598;0.07076132648295189;0.015280135823429542
1192.5;0.01836806645203033;0.01836806645203033;0.015280135823429542
1194.0;0.0175513698630137;0.01836806645203033;0.018470790378006873
1195.5;0.015095605501509561;0.01836806645203033;0.018470790378006873
1197.0;0.015001087035292413;0.01836806645203033;0.01865038996269922
1198.5;0.015001087035292413;0.01836806645203033;0.01865038996269922
1200.0;0.01842179442537598;0.01836806645203033;0.016676298192025096
1201.5;0.015743018124095107;0.01488644788002137;0.08560945780676722
1203.0;0.015743018124095107;0.01488644788002137;0.018026004728132386
1204.5;0.015724726735506497;0.016582472972657695;0.01597712748065927
1206.0;0.015724726735506497;0.01485852872552252;0.015809071886378992
1207.5;0.015724726735506497;0.01485852872552252;0.051059730250481696
1209.0;0.07310072533111989;0.018277260861902424;0.040013227513227514
1210.5;0.016557768507871926;0.018277260861902424;0.040013227513227514
1212.0;0.0161839863713799;0.018277260861902424;0.015225395561747438
1213.5;0.0718766971927262;0.018277260861902424;0.015225395561747438
1215.0;0.016638225255972697;0.018277260861902424;0.017603269400950756
1216.5;0.08302956662616444;0.018277260861902424;0.01840766984546031
1218.0;0.08302956662616444;0.018277260861902424;0.08033826638477802
1219.5;0.08302956662616444;0.018277260861902424;0.09087154068566708
1221.0;0.08302956662616444;0.018277260861902424;0.015001087035292413
1222.5;0.017094017094017096;0.018277260861902424;0.017498443680569787
1224.0;0.017094017094017096;0.018277260861902424;0.016568094782873223
1225.5;0.017754480892796753;0.015690820879123473;0.0182681206624895
1227.0;0.017754480892796753;0.015690820879123473;0.08024848949025615
1228.5;0.08508990794115118;0.015690820879123473;0.07659179563235237
1230.0;0.08508990794115118;0.016540721828503288;0.018026004728132386
1231.5;0.01842179442537598;0.015682478532320222;0.07548669050456894
1233.0;0.01842179442537598;0.015682478532320222;0.07786711807024968
1234.5;0.017498443680569787;0.01567987457984609;0.07786711807024968
1236.0;0.017498443680569787;0.01567987457984609;0.0161839863713799
1237.5;0.017498443680569787;0.01567987457984609;0.0161839863713799
1239.0;0.017498443680569787;0.01567987457984609;0.01865038996269922
1240.5;0.017498443680569787;0.017387150648592545;0.015280135823429542
1242.0;0.017498443680569787;0.017387150648592545;0.017754480892796753
1243.5;0.017498443680569787;0.017387150648592545;0.016863406408094434
1245.0;0.017498443680569787;0.017385814700674008;0.016863406408094434
1246.5;0.017498443680569787;0.017385814700674008;0.015731292517006803
1248.0;0.017498443680569787;0.017385814700674008;0.015095605501509561
1249.5;0.017498443680569787;0.017385814700674008;0.01597712748065927
1251.0;0.015743018124095107;0.017385814700674008;0.018010291595197254
1252.5;0.015743018124095107;0.018243532876687153;0.015095605501509561
1254.0;0.015743018124095107;0.014827716422686422;0.07786711807024968
1255.5;0.06910227840912597;0.014827716422686422;0.015095605501509561
1257.0;0.06910227840912597;0.01738482561800834;0.01850632726208763
1258.5;0.06910227840912597;0.01738482561800834;0.015731292517006803
1260.0;0.06910227840912597;0.01738482561800834;0.015095605501509561
1261.5;0.06910227840912597;0.01738482561800834;0.017094017094017096
1263.0;0.01570251018973342;0.015677006439402855;0.08024848949025615
1264.5;0.015280135823429542;0.018242568233389038;0.0170487948265726
1266.0;0.015280135823429542;0.018242568233389038;0.01850632726208763
1267.5;0.015280135823429542;0.018242568233389038;0.01850632726208763
1269.0;0.016863406408094434;0.015676814372618864;0.01850632726208763
1270.5;0.016638225255972697;0.015676814372618864;0.014945495799148322
1272.0;0.01865038996269922;0.015676814372618864;0.015743018124095107
1273.5;0.016745540589734254;0.015676814372618864;0.016638225255972697
1275.0;0.01836806645203033;0.01824237324511988;0.01597712748065927
1276.5;0.01836806645203033;0.015676706403008348;0.015769487034319674
1278.0;0.017465858520325457;0.015676706403008348;0.018332165356039182
1279.5;0.015711796950363736;0.016529041294521166;0.018026004728132386
1281.0;0.016557768507871926;0.016529041294521166;0.018026004728132386
1282.5;0.0182681206624895;0.016529041294521166;0.01749271137026239
1284.0;0.017397154861764727;0.016529041294521166;0.016807551075732556
1285.5;0.01825283975007182;0.016529041294521166;0.07030624282794623
1287.0;0.015682478532320222;0.018242228386297764;0.043703007518796994
1288.5;0.0175513698630137;0.018242228386297764;0.044811320754716985
1290.0;0.0175513698630137;0.015676626180486486;0.016676298192025096
1291.5;0.01865038996269922;0.015676611548208787;0.017498443680569787
1293.0;0.01850632726208763;0.015676611548208787;0.04875717017208413
1294.5;0.01850632726208763;0.018354055654233276;0.051059730250481696
1296.0;0.01836806645203033;0.016745540589734254;0.07548669050456894
1297.5;0.01660281557997176;0.015809071886378992;0.01850632726208763
1299.0;0.01660281557997176;0.016638225255972697;0.016676298192025096
1300.5;0.01660281557997176;0.016638225255972697;0.014910112661872163
1302.0;0.01660281557997176;0.01850632726208763;0.015743018124095107
1303.5;0.01660281557997176;0.01842179442537598;0.08386752136752137
1305.0;0.01660281557997176;0.017498443680569787;0.08431531897602601
1306.5;0.01660281557997176;0.015743018124095107;0.017547197908565945
1308.0;0.016582472972657695;0.017443347491498312;0.017547197908565945
1309.5;0.016582472972657695;0.017427438387099873;0.015769487034319674
1311.0;0.016582472972657695;0.07611210733696298;0.015769487034319674
1312.5;0.017427438387099873;0.01740771421307761;0.015743018124095107
1314.0;0.017427438387099873;0.01740771421307761;0.015743018124095107
1315.5;0.018277260861902424;0.015690820879123473;0.015743018124095107
1317.0;0.018277260861902424;0.051059730250481696;0.015743018124095107
1318.5;0.014844188506303903;0.0189328743545611;0.016638225255972697
1320.0;0.014844188506303903;0.0189328743545611;0.017623877982923447
1321.5;0.01865038996269922;0.0189328743545611;0.01663225731761437
1323.0;0.01865038996269922;0.015095605501509561;0.017443347491498312
1324.5;0.01865038996269922;0.015001087035292413;0.017427438387099873
1326.0;0.01865038996269922;0.017498443680569787;0.0182681206624895
1327.5;0.01865038996269922;0.06732177216716176;0.017401635028469288
1329.0;0.01865038996269922;0.017443347491498312;0.017401635028469288
1330.5;0.01865038996269922;0.017443347491498312;0.015684481542853023
1332.0;0.01865038996269922;0.017443347491498312;0.015680987109796585
1333.5;0.01850632726208763;0.015711796950363736;0.017388172610590263
1335.0;0.01850632726208763;0.01570251018973342;0.015679043553987165
1336.5;0.017498443680569787;0.01570251018973342;0.014828677071017829
1338.0;0.017498443680569787;0.01570251018973342;0.014828677071017829
1339.5;0.01660281557997176;0.01570251018973342;0.014828677071017829
1341.0;0.01660281557997176;0.01570251018973342;0.0161839863713799
1342.5;0.01830736743700201;0.01570251018973342;0.0161839863713799
1344.0;0.01830736743700201;0.01570251018973342;0.0161839863713799
1345.5;0.01830736743700201;0.01570251018973342;0.0161839863713799
1347.0;0.01830736743700201;0.01570251018973342;0.08144892908951275
1348.5;0.017427438387099873;0.0182681206624895;0.016676298192025096
1350.0;0.016557768507871926;0.0189328743545611;0.018332165356039182
1351.5;0.016557768507871926;0.017754480892796753;0.018332165356039182
1353.0;0.016557768507871926;0.015095605501509561;0.018332165356039182
1354.5;0.018256492034823147;0.015095605501509561;0.07338145632027426
1356.0;0.018010291595197254;0.015095605501509561;0.07338145632027426
1357.5;0.017754480892796753;0.0175513698630137;0.07338145632027426
1359.0;0.015871286409530037;0.0161839863713799;0.07338145632027426
1360.5;0.018010291595197254;0.0161839863713799;0.07338145632027426
1362.0;0.017754480892796753;0.01865038996269922;0.07338145632027426
1363.5;0.015001087035292413;0.015001087035292413;0.017094017094017096
1365.0;0.01842179442537598;0.015001087035292413;0.017094017094017096
1366.5;0.015769487034319674;0.017754480892796753;0.016863406408094434
1368.0;0.015743018124095107;0.01850632726208763;0.016863406408094434
1369.5;0.017443347491498312;0.017547197908565945;0.016863406408094434
1371.0;0.018277260861902424;0.016863406408094434;0.016863406408094434
1372.5;0.014844188506303903;0.01842179442537598;0.016863406408094434
1374.0;0.01826142579350741;0.017699115044247787;0.016863406408094434
1375.5;0.0161839863713799;0.01749271137026239;0.017623877982923447
1377.0;0.017754480892796753;0.018848906360245943;0.016676298192025096
1378.5;0.01850632726208763;0.01865038996269922;0.016676298192025096
1380.0;0.017498443680569787;0.0175513698630137;0.07929144968115026
1381.5;0.0161839863713799;0.01597712748065927;0.08326962055585943
1383.0;0.0161839863713799;0.015001087035292413;0.08326962055585943
1384.5;0.018470790378006873;0.049329501915708805;0.016568094782873223
1386.0;0.016863406408094434;0.08033826638477802;0.016568094782873223
1387.5;0.017623877982923447;0.01865038996269922;0.01570251018973342
1389.0;0.016863406408094434;0.07668608086435384;0.01570251018973342
1390.5;0.016863406408094434;0.01842179442537598;0.01570251018973342
1392.0;0.015001087035292413;0.014910112661872163;0.01570251018973342
1393.5;0.015001087035292413;0.07053123107281715;0.01570251018973342
1395.0;0.01488644788002137;0.07053123107281715;0.01570251018973342
1396.5;0.01485852872552252;0.07053123107281715;0.049329501915708805
1398.0;0.016557768507871926;0.06910227840912597;0.01865038996269922
1399.5;0.0175513698630137;0.06910227840912597;0.016745540589734254
1401.0;0.016863406408094434;0.0829083213135849;0.0798365745414373
1402.5;0.014945495799148322;0.014850222990092551;0.0798365745414373
1404.0;0.01663225731761437;0.06543176162088517;0.0798365745414373
1405.5;0.017465858520325457;0.06543176162088517;0.0798365745414373
1407.0;0.015724726735506497;0.01654477169890474;0.017498443680569787
1408.5;0.048187022900763356;0.015684481542853023;0.08326962055585943
1410.0;0.08315565031982942;0.06933213812504281;0.07741609250709174
1411.5;0.01865038996269922;0.017389540773412943;0.018470790378006873
1413.0;0.01865038996269922;0.017389540773412943;0.015095605501509561
1414.5;0.017623877982923447;0.07346703691438482;0.015095605501509561
1416.0;0.017623877982923447;0.06616726002455299;0.015001087035292413
1417.5;0.017623877982923447;0.06616726002455299;0.015001087035292413
1419.0;0.017623877982923447;0.014828677071017829;0.015809071886378992
1420.5;0.017623877982923447;0.014828677071017829;0.015769487034319674
1422.0;0.017623877982923447;0.014827949697411927;0.015769487034319674
1423.5;0.017623877982923447;0.014827949697411927;0.015769487034319674
1425.0;0.01842179442537598;0.014827716422686422;0.01660281557997176
1426.5;0.017498443680569787;0.016529576213227;0.01660281557997176
1428.0;0.017498443680569787;0.014827238821925121;0.01660281557997176
1429.5;0.08315565031982942;0.014827142237604233;0.07773101809313682
1431.0;0.08315565031982942;0.016528990680620817;0.07773101809313682
1432.5;0.08315565031982942;0.016528974413923803;0.01570251018973342
1434.0;0.08315565031982942;0.016528974413923803;0.016550266845809666
1435.5;0.08315565031982942;0.01482704020656128;0.015690820879123473
1437.0;0.0175513698630137;0.018026004728132386;0.015690820879123473
1438.5;0.015095605501509561;0.015095605501509561;0.018256492034823147
1440.0;0.016745540589734254;0.014945495799148322;0.015684481542853023
1441.5;0.01488644788002137;0.017498443680569787;0.015684481542853023
1443.0;0.01488644788002137;0.017498443680569787;0.0745820279297793
1444.5;0.01488644788002137;0.017465858520325457;0.0745820279297793
1446.0;0.01488644788002137;0.017465858520325457;0.0745820279297793
1447.5;0.07016556801787727;0.05048076923076923;0.0745820279297793
1449.0;0.018277260861902424;0.018010291595197254;0.017388172610590263
1450.5;0.018277260861902424;0.07061592781482934;0.017388172610590263
1452.0;0.07488345175291837;0.07061592781482934;0.017094017094017096
1453.5;0.07488345175291837;0.07061592781482934;0.015095605501509561
1455.0;0.015690820879123473;0.0175513698630137;0.07434304424481572
1456.5;0.015687178238012765;0.017623877982923447;0.07434304424481572
1458.0;0.015687178238012765;0.018332165356039182;0.01842179442537598
1459.5;0.015687178238012765;0.01485852872552252;0.015731292517006803
1461.0;0.015687178238012765;0.01570251018973342;0.017754480892796753
1462.5;0.015684481542853023;0.015690820879123473;0.017623877982923447
1464.0;0.015684481542853023;0.01597712748065927;0.017623877982923447
1465.5;0.018248107350266503;0.015731292517006803;0.015809071886378992
1467.0;0.017388172610590263;0.016863406408094434;0.016582472972657695
1468.5;0.018470790378006873;0.01850632726208763;0.016557768507871926
1470.0;0.017754480892796753;0.01850632726208763;0.015695763321720377
1471.5;0.017754480892796753;0.01850632726208763;0.015695763321720377
1473.0;0.016745540589734254;0.017547197908565945;0.06949548810173209
1474.5;0.0674469940084216;0.01488644788002137;0.01825283975007182
1476.0;0.0674469940084216;0.01488644788002137;0.016638225255972697
1477.5;0.0674469940084216;0.01488644788002137;0.015001087035292413
1479.0;0.018332165356039182;0.015724726735506497;0.015769487034319674
1480.5;0.018332165356039182;0.015724726735506497;0.05149558123725356
1482.0;0.018332165356039182;0.016568094782873223;0.01612259159428971
1483.5;0.018332165356039182;0.016568094782873223;0.018610244807272875
1485.0;0.018332165356039182;0.016568094782873223;0.017094017094017096
1486.5;0.018332165356039182;0.016568094782873223;0.017094017094017096
1488.0;0.018332165356039182;0.018277260861902424;0.0175513698630137
1489.5;0.018332165356039182;0.018277260861902424;0.0175513698630137
1491.0;0.018332165356039182;0.018277260861902424;0.016638225255972697
1492.5;0.018332165356039182;0.018277260861902424;0.015809071886378992
1494.0;0.018332165356039182;0.0175513698630137;0.016638225255972697
1495.5;0.018332165356039182;0.0175513698630137;0.016863406408094434
1497.0;0.018332165356039182;0.0175513698630137;0.015871286409530037
1498.5;0.018332165356039182;0.01865038996269922;0.0170487948265726
1500.0;0.018332165356039182;0.015001087035292413;0.017373380447585393
1501.5;0.018332165356039182;0.015769487034319674;0.0161839863713799
1503.0;0.018332165356039182;0.017465858520325457;0.0161839863713799
1504.5;0.018332165356039182;0.017465858520325457;0.08265594250021391
1506.0;0.018332165356039182;0.018683274021352312;0.0882232252769799
1507.5;0.018332165356039182;0.015225395561747438;0.0882232252769799
1509.0;0.018332165356039182;0.08223978346504265;0.01850632726208763
1510.5;0.014870091759449306;0.017094017094017096;0.017547197908565945
1512.0;0.014870091759449306;0.017754480892796753;0.017547197908565945
1513.5;0.018289844042285466;0.014945495799148322;0.017547197908565945
1515.0;0.018289844042285466;0.01597712748065927;0.01830736743700201
1516.5;0.018289844042285466;0.016638225255972697;0.018289844042285466
1518.0;0.018289844042285466;0.016638225255972697;0.016863406408094434
1519.5;0.018289844042285466;0.015001087035292413;0.015809071886378992
1521.0;0.018289844042285466;0.045928030303030304;0.017498443680569787
1522.5;0.018289844042285466;0.01865038996269922;0.017498443680569787
1524.0;0.018289844042285466;0.015001087035292413;0.01488644788002137
1525.5;0.018289844042285466;0.038385826771653545;0.06972537892896573
1527.0;0.014844188506303903;0.0161839863713799;0.06845225933546357
1528.5;0.014844188506303903;0.015731292517006803;0.048187022900763356
1530.0;0.014844188506303903;0.015731292517006803;0.01865038996269922
1531.5;0.014844188506303903;0.0189328743545611;0.016676298192025096
1533.0;0.017401635028469288;0.017754480892796753;0.017443347491498312
1534.5;0.017401635028469288;0.01850632726208763;0.01741601350785099
1536.0;0.017401635028469288;0.016676298192025096;0.014836509492270044
1537.5;0.017401635028469288;0.017094017094017096;0.0161839863713799
1539.0;0.017401635028469288;0.015095605501509561;0.07087532272840844
1540.5;0.015687178238012765;0.018470790378006873;0.016676298192025096
1542.0;0.015687178238012765;0.018470790378006873;0.018010291595197254
1543.5;0.01825283975007182;0.017754480892796753;0.015095605501509561
1545.0;0.01825283975007182;0.01597712748065927;0.015871286409530037
1546.5;0.01825283975007182;0.015280135823429542;0.014945495799148322
1548.0;0.01825283975007182;0.0170487948265726;0.01836806645203033
1549.5;0.0175513698630137;0.016863406408094434;0.017094017094017096
1551.0;0.0175513698630137;0.015871286409530037;0.015731292517006803
1552.5;0.016863406408094434;0.0175513698630137;0.0720250521920668
1554.0;0.015871286409530037;0.015095605501509561;0.01663225731761437
1555.5;0.015769487034319674;0.017094017094017096;0.018470790378006873
1557.0;0.015769487034319674;0.01597712748065927;0.016745540589734254
1558.5;0.017465858520325457;0.01597712748065927;0.01663225731761437
1560.0;0.017465858520325457;0.017547197908565945;0.017699115044247787
1561.5;0.016582472972657695;0.015769487034319674;0.0161839863713799
1563.0;0.016568094782873223;0.015724726735506497;0.06859415127164278
1564.5;0.0182681206624895;0.015711796950363736;0.0175513698630137
1566.0;0.014834097312229661;0.015711796950363736;0.016863406408094434
1567.5;0.01739137492247878;0.01570251018973342;0.04536862003780718
1569.0;0.014830971492820427;0.01570251018973342;0.07425742574257424
1570.5;0.017094017094017096;0.01570251018973342;0.017547197908565945
1572.0;0.016745540589734254;0.01570251018973342;0.051059730250481696
1573.5;0.016745540589734254;0.01570251018973342;0.051059730250481696
1575.0;0.016745540589734254;0.0182681206624895;0.018010291595197254
1576.5;0.01842179442537598;0.0182681206624895;0.09115720524017466
1578.0;0.01842179442537598;0.0182681206624895;0.0175513698630137
1579.5;0.01842179442537598;0.0182681206624895;0.04990403071017274
1581.0;0.01842179442537598;0.0182681206624895;0.014945495799148322
1582.5;0.01842179442537598;0.01865038996269922;0.016638225255972697
1584.0;0.0161839863713799;0.07434304424481572;0.07182211727666273
1585.5;0.017754480892796753;0.0674469940084216;0.015809071886378992
1587.0;0.017754480892796753;0.06888939767675939;0.015809071886378992
1588.5;0.017754480892796753;0.06888939767675939;0.047619047619047616
1590.0;0.08265594250021391;0.06888939767675939;0.047619047619047616
1591.5;0.08265594250021391;0.015280135823429542;0.015871286409530037
1593.0;0.08265594250021391;0.018470790378006873;0.048187022900763356
1594.5;0.08265594250021391;0.016863406408094434;0.01597712748065927
1596.0;0.08265594250021391;0.017547197908565945;0.01597712748065927
1597.5;0.08265594250021391;0.014910112661872163;0.01663225731761437
1599.0;0.08265594250021391;0.014910112661872163;0.018470790378006873
1600.5;0.08265594250021391;0.014910112661872163;0.015001087035292413
1602.0;0.08265594250021391;0.018332165356039182;0.06888939767675939
1603.5;0.08265594250021391;0.018332165356039182;0.06732177216716176
1605.0;0.0718766971927262;0.017443347491498312;0.0788296099311738
1606.5;0.0718766971927262;0.015711796950363736;0.0788296099311738
1608.0;0.0718766971927262;0.01741601350785099;0.017427438387099873
1609.5;0.0718766971927262;0.01741601350785099;0.017427438387099873
1611.0;0.0718766971927262;0.01741601350785099;0.04083665338645418
1612.5;0.08110292001505391;0.01741601350785099;0.017934291168491913
1614.0;0.08110292001505391;0.014839767744728968;0.01771809624494277
1615.5;0.08110292001505391;0.0662642151537611;0.017603269400950756
1617.0;0.08110292001505391;0.08101250575766289;0.05280246069719753
1618.5;0.08110292001505391;0.014830971492820427;0.017368069472277887
1620.0;0.08110292001505391;0.01567987457984609;0.0161839863713799
1621.5;0.08110292001505391;0.045928030303030304;0.017373380447585393
1623.0;0.08110292001505391;0.045928030303030304;0.018470790378006873
1624.5;0.07487412953639226;0.045928030303030304;0.018470790378006873
1626.0;0.07487412953639226;0.01865038996269922;0.05222437137330754
1627.5;0.07487412953639226;0.01865038996269922;0.016863406408094434
1629.0;0.07487412953639226;0.01865038996269922;0.08569059601627427
1630.5;0.07487412953639226;0.01865038996269922;0.08674568965517242
1632.0;0.07487412953639226;0.01865038996269922;0.01597712748065927
1633.5;0.07487412953639226;0.01865038996269922;0.01597712748065927
1635.0;0.07487412953639226;0.08175211949939443;0.015871286409530037
1636.5;0.07487412953639226;0.07434304424481572;0.04083665338645418
1638.0;0.07487412953639226;0.017547197908565945;0.018010291595197254
1639.5;0.07487412953639226;0.017547197908565945;0.015095605501509561
1641.0;0.07487412953639226;0.016863406408094434;0.06741573033707866
1642.5;0.07487412953639226;0.016863406408094434;0.035751028806584366
1644.0;0.07487412953639226;0.0720250521920668;0.01766843911960692
1645.5;0.07487412953639226;0.0720250521920668;0.018010291595197254
1647.0;0.07487412953639226;0.0720250521920668;0.016863406408094434
1648.5;0.07487412953639226;0.0720250521920668;0.015871286409530037
1650.0;0.07487412953639226;0.01842179442537598;0.016863406408094434
1651.5;0.07487412953639226;0.014910112661872163;0.0161839863713799
1653.0;0.017443347491498312;0.017465858520325457;0.044811320754716985
1654.5;0.015711796950363736;0.017465858520325457;0.06859415127164278
1656.0;0.016557768507871926;0.017465858520325457;0.015280135823429542
1657.5;0.016557768507871926;0.01830736743700201;0.017623877982923447
1659.0;0.016557768507871926;0.01830736743700201;0.015731292517006803
1660.5;0.016557768507871926;0.01830736743700201;0.018470790378006873
1662.0;0.016557768507871926;0.01830736743700201;0.018470790378006873
1663.5;0.015695763321720377;0.015711796950363736;0.017754480892796753
1665.0;0.015695763321720377;0.015711796950363736;0.04990403071017274
1666.5;0.014839767744728968;0.015711796950363736;0.016745540589734254
1668.0;0.014839767744728968;0.015711796950363736;0.017498443680569787
1669.5;0.018256492034823147;0.015711796950363736;0.016582472972657695
1671.0;0.018256492034823147;0.015711796950363736;0.016582472972657695
1672.5;0.018256492034823147;0.015711796950363736;0.017094017094017096
1674.0;0.018256492034823147;0.018277260861902424;0.014945495799148322
1675.5;0.018256492034823147;0.018277260861902424;0.014945495799148322
1677.0;0.018256492034823147;0.01826142579350741;0.01663225731761437
1678.5;0.018256492034823147;0.01826142579350741;0.015724726735506497
1680.0;0.018256492034823147;0.01826142579350741;0.016557768507871926
1681.5;0.018256492034823147;0.017397154861764727;0.016557768507871926
1683.0;0.018256492034823147;0.017094017094017096;0.016557768507871926
1684.5;0.018256492034823147;0.017094017094017096;0.015095605501509561
1686.0;0.018256492034823147;0.017094017094017096;0.0161839863713799
1687.5;0.018256492034823147;0.017094017094017096;0.0175513698630137
1689.0;0.018256492034823147;0.017094017094017096;0.015095605501509561
1690.5;0.01825283975007182;0.017094017094017096;0.015095605501509561
1692.0;0.01825283975007182;0.017094017094017096;0.018197573656845753
1693.5;0.01825283975007182;0.017094017094017096;0.016937514305333027
1695.0;0.01825283975007182;0.01865038996269922;0.017515962224757837
1696.5;0.016533838797490336;0.01865038996269922;0.018010291595197254
1698.0;0.01567987457984609;0.01865038996269922;0.017754480892796753
1699.5;0.018244633954786142;0.017623877982923447;0.016676298192025096
1701.0;0.018244633954786142;0.015731292517006803;0.017373380447585393
1702.5;0.017385814700674008;0.015731292517006803;0.0175513698630137
1704.0;0.017094017094017096;0.015731292517006803;0.018010291595197254
1705.5;0.0161839863713799;0.016863406408094434;0.019142066420664204
1707.0;0.017754480892796753;0.015001087035292413;0.0153103221203973
1708.5;0.016745540589734254;0.01842179442537598;0.01688081285952368
1710.0;0.01842179442537598;0.015769487034319674;0.015772978195049962
1711.5;0.01842179442537598;0.0189328743545611;0.017754480892796753
1713.0;0.01663225731761437;0.0189328743545611;0.0161839863713799
1714.5;0.0804076327636537;0.0189328743545611;0.015001087035292413
1716.0;0.0688532784166215;0.015809071886378992;0.0161839863713799
1717.5;0.0688532784166215;0.015809071886378992;0.016745540589734254
1719.0;0.018277260861902424;0.016745540589734254;0.015731292517006803
1720.5;0.018277260861902424;0.016745540589734254;0.01850632726208763
1722.0;0.018277260861902424;0.016745540589734254;0.0189328743545611
1723.5;0.018277260861902424;0.017699115044247787;0.015095605501509561
1725.0;0.018277260861902424;0.017094017094017096;0.015809071886378992
1726.5;0.018277260861902424;0.015871286409530037;0.017699115044247787
1728.0;0.018277260861902424;0.0189328743545611;0.016335052812576762
1729.5;0.018277260861902424;0.018683274021352312;0.017754480892796753
1731.0;0.018277260861902424;0.018683274021352312;0.018010291595197254
1732.5;0.018277260861902424;0.0161839863713799;0.0189328743545611
1734.0;0.018277260861902424;0.015095605501509561;0.018197573656845753
1735.5;0.06750426682707018;0.015871286409530037;0.017045454545454544
1737.0;0.06750426682707018;0.0175513698630137;0.01845342706502636
1738.5;0.06750426682707018;0.015095605501509561;0.01845342706502636
1740.0;0.07370796421183616;0.015095605501509561;0.016897746967071057
1741.5;0.018256492034823147;0.01850632726208763;0.020833333333333332
1743.0;0.0672960834790718;0.01850632726208763;0.01713180436584692
1744.5;0.0672960834790718;0.0175513698630137;0.015008842899186362
1746.0;0.0672960834790718;0.0175513698630137;0.018026004728132386
1747.5;0.0672960834790718;0.017623877982923447;0.01749271137026239
1749.0;0.0672960834790718;0.017547197908565945;0.01594765689784196
1750.5;0.0672960834790718;0.017498443680569787;0.043703007518796994
1752.0;0.0672960834790718;0.01488644788002137;0.0189328743545611
1753.5;0.0672960834790718;0.01488644788002137;0.017094017094017096
1755.0;0.0672960834790718;0.01488644788002137;0.019139945314441957
1756.5;0.015682478532320222;0.01488644788002137;0.016638225255972697
1758.0;0.015682478532320222;0.014870091759449306;0.016638225255972697
1759.5;0.07664721997497584;0.014870091759449306;0.015095605501509561
1761.0;0.07664721997497584;0.014870091759449306;0.019179429534916397
1762.5;0.07664721997497584;0.014870091759449306;0.01718287488267995
1764.0;0.017386386504641093;0.014870091759449306;0.018438286940629205
1765.5;0.017386386504641093;0.014870091759449306;0.01750819090067639
1767.0;0.017386386504641093;0.014870091759449306;0.0170487948265726
1768.5;0.017386386504641093;0.014870091759449306;0.018937169700528483
1770.0;0.017386386504641093;0.014870091759449306;0.016429426632965278
1771.5;0.05281007751937984;0.014870091759449306;0.0189328743545611
1773.0;0.05281007751937984;0.014870091759449306;0.04990403071017274
1774.5;0.015095605501509561;0.014870091759449306;0.018612132352941176
1776.0;0.015095605501509561;0.014870091759449306;0.018197573656845753
1777.5;0.015095605501509561;0.014870091759449306;0.016937514305333027
1779.0;0.018026004728132386;0.014870091759449306;0.016638225255972697
1780.5;0.01749271137026239;0.014870091759449306;0.015001087035292413
1782.0;0.01749271137026239;0.0688532784166215;0.014945495799148322
1783.5;0.01749271137026239;0.0688532784166215;0.015769487034319674
1785.0;0.01702553830746119;0.0688532784166215;0.01660281557997176
1786.5;0.01702553830746119;0.0688532784166215;0.017094017094017096
1788.0;0.01702553830746119;0.0688532784166215;0.01865038996269922
1789.5;0.01702553830746119;0.0688532784166215;0.016745540589734254
1791.0;0.01702553830746119;0.0688532784166215;0.015809071886378992
1792.5;0.01702553830746119;0.0688532784166215;0.060130331753554506
1794.0;0.01702553830746119;0.0688532784166215;0.01713180436584692
1795.5;0.01771809624494277;0.0688532784166215;0.015879968453896016
1797.0;0.01848360454802751;0.0688532784166215;0.01850632726208763
1798.5;0.016664722618075594;0.0688532784166215;0.018143754361479414
1800.0;0.016624630520743856;0.0688532784166215;0.017215791035915702
1801.5;0.016624630520743856;0.0688532784166215;0.01718287488267995
1803.0;0.016624630520743856;0.0688532784166215;0.01718287488267995
1804.5;0.016638225255972697;0.014850222990092551;0.018683274021352312
1806.0;0.017094017094017096;0.014850222990092551;0.0189328743545611
1807.5;0.017094017094017096;0.014850222990092551;0.05281007751937984
1809.0;0.015095605501509561;0.015871286409530037;0.016638225255972697
1810.5;0.0175513698630137;0.015871286409530037;0.046489563567362426
1812.0;0.01597712748065927;0.015871286409530037;0.046489563567362426
1813.5;0.01597712748065927;0.015871286409530037;0.017754480892796753
1815.0;0.01597712748065927;0.01842179442537598;0.016676298192025096
1816.5;0.01597712748065927;0.01488644788002137;0.08431531897602601
1818.0;0.035598705501618116;0.015711796950363736;0.09041394335511982
1819.5;0.08602150537634409;0.015711796950363736;0.017754480892796753
1821.0;0.08602150537634409;0.015711796950363736;0.01678765880217786
1822.5;0.08602150537634409;0.015711796950363736;0.018197573656845753
1824.0;0.015095605501509561;0.015711796950363736;0.016700702455922763
1825.5;0.015095605501509561;0.014850222990092551;0.015783713313901306
1827.0;0.015095605501509561;0.014850222990092551;0.018345227946508485
1828.5;0.015095605501509561;0.016550266845809666;0.017451608467677262
1830.0;0.015095605501509561;0.016550266845809666;0.017451608467677262
1831.5;0.016745540589734254;0.0189328743545611;0.01569827205876974
1833.0;0.016745540589734254;0.0189328743545611;0.06537791122745583
1834.5;0.016745540589734254;0.0189328743545611;0.017398827083106926
1836.0;0.016745540589734254;0.0189328743545611;0.016538844107747152
1837.5;0.016745540589734254;0.015871286409530037;0.016538844107747152
1839.0;0.016745540589734254;0.015871286409530037;0.01825114169428237
1840.5;0.016745540589734254;0.015871286409530037;0.017390227244491588
1842.0;0.016745540589734254;0.015871286409530037;0.01653306510542159
1843.5;0.016745540589734254;0.015871286409530037;0.01567935485116797
1845.0;0.016745540589734254;0.015871286409530037;0.01567935485116797
1846.5;0.016745540589734254;0.07076132648295189;0.07344027079426536
1848.0;0.016745540589734254;0.07076132648295189;0.014828417011058805
1849.5;0.016745540589734254;0.017498443680569787;0.018243709581917015
1851.0;0.016745540589734254;0.016582472972657695;0.018243709581917015
1852.5;0.016745540589734254;0.016582472972657695;0.014827803870899806
1854.0;0.016745540589734254;0.018277260861902424;0.01652965764995324
1855.5;0.016745540589734254;0.016550266845809666;0.016529337137603375
1857.0;0.016745540589734254;0.016550266845809666;0.018242498581134
1858.5;0.016745540589734254;0.017401635028469288;0.0882232252769799
1860.0;0.016745540589734254;0.018256492034823147;0.0882232252769799
1861.5;0.016745540589734254;0.014834097312229661;0.016745540589734254
1863.0;0.016745540589734254;0.014834097312229661;0.016745540589734254
1864.5;0.016745540589734254;0.014834097312229661;0.016745540589734254
1866.0;0.016745540589734254;0.016533838797490336;0.017547197908565945
1867.5;0.016745540589734254;0.016533838797490336;0.0175513698630137
1869.0;0.016745540589734254;0.016533838797490336;0.0175513698630137
1870.5;0.016745540589734254;0.016531678096401558;0.0175513698630137
1872.0;0.016745540589734254;0.016531678096401558;0.0175513698630137
1873.5;0.01842179442537598;0.016531678096401558;0.01865038996269922
1875.0;0.017465858520325457;0.0470532319391635;0.015871286409530037
1876.5;0.017465858520325457;0.0470532319391635;0.015871286409530037
1878.0;0.018354055654233276;0.015095605501509561;0.01842179442537598
1879.5;0.0189328743545611;0.016676298192025096;0.014910112661872163
1881.0;0.0189328743545611;0.016676298192025096;0.018332165356039182
1882.5;0.0189328743545611;0.016676298192025096;0.01830736743700201
1884.0;0.0161839863713799;0.016676298192025096;0.01830736743700201
1885.5;0.018010291595197254;0.01836806645203033;0.018277260861902424
1887.0;0.017754480892796753;0.07597140829130454;0.01740771421307761
1888.5;0.017094017094017096;0.07597140829130454;0.016638225255972697
1890.0;0.017623877982923447;0.07597140829130454;0.01597712748065927
1891.5;0.016676298192025096;0.07597140829130454;0.01612259159428971
1893.0;0.017498443680569787;0.07597140829130454;0.018683274021352312
1894.5;0.01488644788002137;0.07597140829130454;0.018683274021352312
1896.0;0.01488644788002137;0.07597140829130454;0.017754480892796753
1897.5;0.01830736743700201;0.07597140829130454;0.017094017094017096
1899.0;0.01830736743700201;0.07597140829130454;0.0170487948265726
1900.5;0.01830736743700201;0.06804328160965284;0.015069294547215105
1902.0;0.01830736743700201;0.06804328160965284;0.016863406408094434
1903.5;0.017427438387099873;0.018470790378006873;0.01842179442537598
1905.0;0.017427438387099873;0.07548669050456894;0.015769487034319674
1906.5;0.017427438387099873;0.07548669050456894;0.01485852872552252
1908.0;0.07381715481025414;0.07548669050456894;0.01485852872552252
1909.5;0.07381715481025414;0.07548669050456894;0.016557768507871926
1911.0;0.044811320754716985;0.07548669050456894;0.014844188506303903
1912.5;0.016745540589734254;0.07548669050456894;0.014839767744728968
1914.0;0.01842179442537598;0.01850632726208763;0.015684481542853023
1915.5;0.01842179442537598;0.01842179442537598;0.015095605501509561
1917.0;0.051640926640926635;0.014910112661872163;0.01865038996269922
1918.5;0.01597712748065927;0.014910112661872163;0.01865038996269922
1920.0;0.01865038996269922;0.014910112661872163;0.015731292517006803
1921.5;0.01842179442537598;0.016582472972657695;0.017094017094017096
1923.0;0.08560945780676722;0.016582472972657695;0.01865038996269922
1924.5;0.07786711807024968;0.01485852872552252;0.045928030303030304
1926.0;0.014945495799148322;0.016638225255972697;0.017754480892796753
1927.5;0.01663225731761437;0.015095605501509561;0.015001087035292413
1929.0;0.018010291595197254;0.08024848949025615;0.015001087035292413
1930.5;0.016863406408094434;0.08024848949025615;0.0161839863713799
1932.0;0.014945495799148322;0.015095605501509561;0.07796881247500999
1933.5;0.014945495799148322;0.015809071886378992;0.014945495799148322
1935.0;0.01836806645203033;0.015809071886378992;0.014910112661872163
1936.5;0.017465858520325457;0.014910112661872163;0.01488644788002137
1938.0;0.014870091759449306;0.014910112661872163;0.016638225255972697
1939.5;0.018277260861902424;0.04315196998123827;0.017623877982923447
1941.0;0.018277260861902424;0.04315196998123827;0.0189328743545611
1942.5;0.018277260861902424;0.04315196998123827;0.01597712748065927
1944.0;0.01740771421307761;0.015095605501509561;0.016676298192025096
1945.5;0.017401635028469288;0.07318094281168887;0.016676298192025096
1947.0;0.01865038996269922;0.07318094281168887;0.016676298192025096
1948.5;0.01865038996269922;0.01663225731761437;0.016676298192025096
1950.0;0.01865038996269922;0.01663225731761437;0.016676298192025096
1951.5;0.01850632726208763;0.01660281557997176;0.01836806645203033
1953.0;0.01850632726208763;0.015724726735506497;0.017443347491498312
1954.5;0.015809071886378992;0.0161839863713799;0.08045378870507562
1956.0;0.015769487034319674;0.016863406408094434;0.014839767744728968
1957.5;0.01485852872552252;0.016863406408094434;0.014839767744728968
1959.0;0.01597712748065927;0.016863406408094434;0.016638225255972697
1960.5;0.014910112661872163;0.016863406408094434;0.015095605501509561
1962.0;0.01488644788002137;0.016863406408094434;0.01836806645203033
1963.5;0.016582472972657695;0.016676298192025096;0.01836806645203033
1965.0;0.018470790378006873;0.01836806645203033;0.01660281557997176
1966.5;0.016863406408094434;0.01836806645203033;0.01660281557997176
1968.0;0.016638225255972697;0.01836806645203033;0.015724726735506497
1969.5;0.015095605501509561;0.015731292517006803;0.0829083213135849
1971.0;0.015095605501509561;0.015731292517006803;0.0829083213135849
1972.5;0.018010291595197254;0.01865038996269922;0.0829083213135849
1974.0;0.01850632726208763;0.017754480892796753;0.0829083213135849
1975.5;0.01842179442537598;0.017754480892796753;0.0829083213135849
1977.0;0.016582472972657695;0.017754480892796753;0.0829083213135849
1978.5;0.019675925925925927;0.045928030303030304;0.0829083213135849
1980.0;0.019675925925925927;0.016863406408094434;0.07396662127824268
1981.5;0.017773776536674248;0.015001087035292413;0.07396662127824268
1983.0;0.017773776536674248;0.015001087035292413;0.07396662127824268
1984.5;0.016636140987988515;0.015001087035292413;0.06854642359929727
1986.0;0.017445393036008935;0.015809071886378992;0.06854642359929727
1987.5;0.017445393036008935;0.015731292517006803;0.06854642359929727
1989.0;0.017428896363451227;0.015731292517006803;0.06854642359929727
1990.5;0.04425612052730697;0.015731292517006803;0.01826142579350741
1992.0;0.04425612052730697;0.01597712748065927;0.01826142579350741
1993.5;0.017094017094017096;0.07551140668406431;0.01826142579350741
1995.0;0.017094017094017096;0.07551140668406431;0.014834097312229661
1996.5;0.017094017094017096;0.07551140668406431;0.01739137492247878
1998.0;0.017094017094017096;0.07551140668406431;0.01739137492247878
1999.5;0.017094017094017096;0.07551140668406431;0.01739137492247878
2001.0;0.017754480892796753;0.07551140668406431;0.016533838797490336
2002.5;0.017094017094017096;0.07551140668406431;0.01824547540373295
2004.0;0.016863406408094434;0.07551140668406431;0.01824547540373295
2005.5;0.016863406408094434;0.07551140668406431;0.01824547540373295
2007.0;0.015809071886378992;0.07551140668406431;0.01567842217100666
2008.5;0.015809071886378992;0.07551140668406431;0.01567842217100666
2010.0;0.01663225731761437;0.07551140668406431;0.01567842217100666
2011.5;0.014870091759449306;0.07551140668406431;0.01567842217100666
2013.0;0.017427438387099873;0.07551140668406431;0.01567842217100666
2014.5;0.0175513698630137;0.07551140668406431;0.015677957190639216
2016.0;0.0175513698630137;0.07551140668406431;0.015677957190639216
2017.5;0.0175513698630137;0.07551140668406431;0.018243532876687153
2019.0;0.015001087035292413;0.07551140668406431;0.014827716422686422
2020.5;0.0161839863713799;0.07551140668406431;0.014827716422686422
2022.0;0.015095605501509561;0.07551140668406431;0.014827541633468562
2023.5;0.015095605501509561;0.07551140668406431;0.014827410635276744
2025.0;0.015095605501509561;0.07551140668406431;0.018242568233389038
2026.5;0.015731292517006803;0.07551140668406431;0.018242568233389038
2028.0;0.01865038996269922;0.07551140668406431;0.018242456797028576
2029.5;0.016745540589734254;0.07551140668406431;0.014827183625536878
2031.0;0.016676298192025096;0.01842179442537598;0.014827183625536878
2032.5;0.018332165356039182;0.01842179442537598;0.014827183625536878
2034.0;0.014870091759449306;0.01663225731761437;0.014827111201917353
2035.5;0.017427438387099873;0.015743018124095107;0.016528990680620817
2037.0;0.017427438387099873;0.015743018124095107;0.016638225255972697
2038.5;0.06854642359929727;0.015743018124095107;0.015095605501509561
2040.0;0.08123561955924931;0.015743018124095107;0.015871286409530037
2041.5;0.08123561955924931;0.01830736743700201;0.015871286409530037
2043.0;0.014836509492270044;0.01830736743700201;0.049329501915708805
2044.5;0.014836509492270044;0.01830736743700201;0.015095605501509561
2046.0;0.014836509492270044;0.016568094782873223;0.015095605501509561
2047.5;0.015682478532320222;0.016557768507871926;0.015871286409530037
2049.0;0.0161839863713799;0.016557768507871926;0.017547197908565945
2050.5;0.017623877982923447;0.015695763321720377;0.015095605501509561
2052.0;0.01836806645203033;0.01654477169890474;0.01850632726208763
2053.5;0.01660281557997176;0.01654477169890474;0.015809071886378992
2055.0;0.0470532319391635;0.016537723722061845;0.018332165356039182
2056.5;0.01842179442537598;0.016537723722061845;0.014870091759449306
2058.0;0.0175513698630137;0.015682478532320222;0.017427438387099873
2059.5;0.0882034632034632;0.01567987457984609;0.017427438387099873
2061.0;0.01865038996269922;0.015679043553987165;0.017427438387099873
2062.5;0.01836806645203033;0.014828677071017829;0.01740771421307761
2064.0;0.0161839863713799;0.0161839863713799;0.017397154861764727
2065.5;0.01850632726208763;0.015871286409530037;0.01825283975007182
2067.0;0.0175513698630137;0.01663225731761437;0.07777918934517698
2068.5;0.015095605501509561;0.01663225731761437;0.07777918934517698
2070.0;0.0189328743545611;0.01488644788002137;0.015680987109796585
2071.5;0.017754480892796753;0.01488644788002137;0.07452317050200985
2073.0;0.015280135823429542;0.06698855167485213;0.0189328743545611
2074.5;0.015280135823429542;0.017094017094017096;0.0189328743545611
2076.0;0.015001087035292413;0.017094017094017096;0.0189328743545611
2077.5;0.015769487034319674;0.017094017094017096;0.0189328743545611
2079.0;0.015769487034319674;0.017094017094017096;0.017754480892796753
2080.5;0.016638225255972697;0.07672379434037466;0.07922182109907742
2082.0;0.0161839863713799;0.07668608086435384;0.07922182109907742
2083.5;0.01597712748065927;0.015769487034319674;0.017754480892796753
2085.0;0.01663225731761437;0.04875717017208413;0.015871286409530037
2086.5;0.018332165356039182;0.015095605501509561;0.017498443680569787
2088.0;0.015724726735506497;0.042924211938296444;0.017498443680569787
2089.5;0.015711796950363736;0.01597712748065927;0.015743018124095107
2091.0;0.015711796950363736;0.01597712748065927;0.01830736743700201
2092.5;0.015711796950363736;0.01597712748065927;0.017754480892796753
2094.0;0.016557768507871926;0.016638225255972697;0.0175513698630137
2095.5;0.01740771421307761;0.01865038996269922;0.017094017094017096
2097.0;0.015690820879123473;0.01850632726208763;0.07922182109907742
2098.5;0.015687178238012765;0.017754480892796753;0.049329501915708805
2100.0;0.015687178238012765;0.018086080586080584;0.049329501915708805
2101.5;0.0746273521754212;0.016604605213162094;0.016863406408094434
2103.0;0.01739137492247878;0.015245106155354892;0.015001087035292413
2104.5;0.017754480892796753;0.01773141070098048;0.014945495799148322
2106.0;0.016863406408094434;0.01773141070098048;0.014945495799148322
2107.5;0.016863406408094434;0.01749314361608699;0.014945495799148322
2109.0;0.016863406408094434;0.01744080872307984;0.017498443680569787
2110.5;0.01850632726208763;0.01744080872307984;0.01830736743700201
2112.0;0.01850632726208763;0.016566456171234336;0.017427438387099873
2113.5;0.014945495799148322;0.014843491912750337;0.08265038510424652
2115.0;0.01488644788002137;0.0175513698630137;0.08265038510424652
2116.5;0.01488644788002137;0.0175513698630137;0.015690820879123473
2118.0;0.07016556801787727;0.01834862385321101;0.015687178238012765
2119.5;0.07016556801787727;0.017814806907942786;0.07434304424481572
2121.0;0.07310072533111989;0.0170487948265726;0.051640926640926635
2122.5;0.017094017094017096;0.018010291595197254;0.015095605501509561
2124.0;0.08048289738430583;0.016745540589734254;0.015871286409530037
2125.5;0.016745540589734254;0.06101190476190476;0.075255126101145
2127.0;0.015809071886378992;0.018716969225741748;0.075255126101145
2128.5;0.017623877982923447;0.07796881247500999;0.044811320754716985
2130.0;0.016676298192025096;0.018683274021352312;0.08175211949939443
2131.5;0.01836806645203033;0.017094017094017096;0.08175211949939443
2133.0;0.01836806645203033;0.01842179442537598;0.014945495799148322
2134.5;0.01836806645203033;0.015743018124095107;0.015095605501509561
2136.0;0.01836806645203033;0.018289844042285466;0.015001087035292413
2137.5;0.01836806645203033;0.051059730250481696;0.01488644788002137
2139.0;0.01836806645203033;0.04990403071017274;0.018026004728132386
2140.5;0.01488644788002137;0.01845342706502636;0.0161839863713799
2142.0;0.01488644788002137;0.018848906360245943;0.0741235580813308
2143.5;0.01488644788002137;0.01594765689784196;0.01836806645203033
2145.0;0.015724726735506497;0.01865038996269922;0.018332165356039182
2146.5;0.015724726735506497;0.017094017094017096;0.014870091759449306
2148.0;0.01485852872552252;0.017094017094017096;0.018289844042285466
2149.5;0.01485852872552252;0.08755082619603771;0.0182681206624895
2151.0;0.01485852872552252;0.01597712748065927;0.01654477169890474
2152.5;0.01570251018973342;0.017623877982923447;0.01654477169890474
2154.0;0.01570251018973342;0.015769487034319674;0.015095605501509561
2155.5;0.01597712748065927;0.01830736743700201;0.017094017094017096
2157.0;0.01597712748065927;0.018289844042285466;0.016745540589734254
2158.5;0.01597712748065927;0.01740771421307761;0.016745540589734254
2160.0;0.01597712748065927;0.015687178238012765;0.01597712748065927
2161.5;0.01597712748065927;0.01739137492247878;0.017373380447585393
2163.0;0.015001087035292413;0.01865038996269922;0.018876611418047883
2164.5;0.01836806645203033;0.01865038996269922;0.018876611418047883
2166.0;0.01836806645203033;0.015809071886378992;0.018143754361479414
2167.5;0.01836806645203033;0.01836806645203033;0.0159809754693413
2169.0;0.018332165356039182;0.01488644788002137;0.0159809754693413
2170.5;0.018332165356039182;0.018010291595197254;0.0159809754693413
2172.0;0.017443347491498312;0.018010291595197254;0.01597712748065927
2173.5;0.017427438387099873;0.016745540589734254;0.0175513698630137
2175.0;0.014850222990092551;0.016745540589734254;0.0175513698630137
2176.5;0.014850222990092551;0.016745540589734254;0.0175513698630137
2178.0;0.016550266845809666;0.043703007518796994;0.016638225255972697
2179.5;0.014839767744728968;0.017094017094017096;0.017754480892796753
2181.0;0.014834097312229661;0.015095605501509561;0.01850632726208763
2182.5;0.014834097312229661;0.015095605501509561;0.05048076923076923
2184.0;0.014834097312229661;0.01842179442537598;0.015095605501509561
2185.5;0.014834097312229661;0.016638225255972697;0.015095605501509561
2187.0;0.014834097312229661;0.016638225255972697;0.017623877982923447
2188.5;0.014834097312229661;0.016863406408094434;0.017623877982923447
2190.0;0.015682478532320222;0.017623877982923447;0.017623877982923447
2191.5;0.015682478532320222;0.017498443680569787;0.015871286409530037
2193.0;0.015682478532320222;0.017443347491498312;0.015871286409530037
2194.5;0.015682478532320222;0.01597712748065927;0.016676298192025096
2196.0;0.015682478532320222;0.015769487034319674;0.017498443680569787
2197.5;0.015682478532320222;0.015095605501509561;0.01660281557997176
2199.0;0.015682478532320222;0.01850632726208763;0.01660281557997176
2200.5;0.015682478532320222;0.01850632726208763;0.016582472972657695
2202.0;0.015682478532320222;0.0175513698630137;0.016582472972657695
2203.5;0.015682478532320222;0.015001087035292413;0.01485852872552252
2205.0;0.07034432362209864;0.01663225731761437;0.01485852872552252
2206.5;0.07134923133455648;0.01660281557997176;0.051640926640926635
2208.0;0.07134923133455648;0.018289844042285466;0.01597712748065927
2209.5;0.07134923133455648;0.01741601350785099;0.01850632726208763
2211.0;0.046489563567362426;0.01741601350785099;0.06780848193311179
2212.5;0.08175211949939443;0.015280135823429542;0.07597140829130454
2214.0;0.016745540589734254;0.016638225255972697;0.07597140829130454
2215.5;0.07868285545991754;0.017754480892796753;0.07597140829130454
2217.0;0.07868285545991754;0.017547197908565945;0.07597140829130454
2218.5;0.07868285545991754;0.0161839863713799;0.016582472972657695
2220.0;0.06673232664261046;0.018470790378006873;0.016863406408094434
2221.5;0.06673232664261046;0.01865038996269922;0.015871286409530037
2223.0;0.06673232664261046;0.015001087035292413;0.015871286409530037
2224.5;0.01488644788002137;0.01836806645203033;0.016676298192025096
2226.0;0.01488644788002137;0.01836806645203033;0.014910112661872163
2227.5;0.07959975734703509;0.015711796950363736;0.014910112661872163
2229.0;0.07959975734703509;0.015711796950363736;0.014910112661872163
2230.5;0.07959975734703509;0.015280135823429542;0.014910112661872163
2232.0;0.014844188506303903;0.017094017094017096;0.018332165356039182
2233.5;0.016638225255972697;0.018876611418047883;0.018289844042285466
2235.0;0.016863406408094434;0.07043457165856186;0.018289844042285466
2236.5;0.016863406408094434;0.018470790378006873;0.018277260861902424
2238.0;0.016863406408094434;0.018010291595197254;0.015095605501509561
2239.5;0.016863406408094434;0.015095605501509561;0.017547197908565945
2241.0;0.016863406408094434;0.01850632726208763;0.017547197908565945
2242.5;0.04990403071017274;0.018332165356039182;0.017547197908565945
2244.0;0.04990403071017274;0.016638225255972697;0.015743018124095107
2245.5;0.04990403071017274;0.017754480892796753;0.015724726735506497
2247.0;0.01597712748065927;0.017623877982923447;0.015724726735506497
2248.5;0.01597712748065927;0.016638225255972697;0.01485852872552252
2250.0;0.07905457014342697;0.016638225255972697;0.01865038996269922
2251.5;0.07905457014342697;0.01850632726208763;0.016676298192025096
2253.0;0.07905457014342697;0.015095605501509561;0.015769487034319674
2254.5;0.016676298192025096;0.017498443680569787;0.0170487948265726
2256.0;0.016676298192025096;0.015280135823429542;0.0170487948265726
2257.5;0.08338930129741895;0.015280135823429542;0.017883272962794156
2259.0;0.08338930129741895;0.01597712748065927;0.014975431187270396
2260.5;0.017465858520325457;0.017547197908565945;0.017094017094017096
2262.0;0.017465858520325457;0.015769487034319674;0.017094017094017096
2263.5;0.017465858520325457;0.01660281557997176;0.03718199608610568
2265.0;0.017465858520325457;0.0175513698630137;0.015095605501509561
2266.5;0.017465858520325457;0.08954302181967888;0.014945495799148322
2268.0;0.014870091759449306;0.017623877982923447;0.015769487034319674
2269.5;0.016557768507871926;0.014945495799148322;0.014870091759449306
2271.0;0.016557768507871926;0.015769487034319674;0.016863406408094434
2272.5;0.016557768507871926;0.015724726735506497;0.01942319011183049
2274.0;0.016557768507871926;0.015695763321720377;0.01810699588477366
2275.5;0.017401635028469288;0.015695763321720377;0.016901814595331032
2277.0;0.017401635028469288;0.017373380447585393;0.01679170584955357
2278.5;0.017401635028469288;0.017754480892796753;0.01575401715067495
2280.0;0.01825283975007182;0.017754480892796753;0.015597920277296359
2281.5;0.0170487948265726;0.015809071886378992;0.018544683857294242
2283.0;0.0170487948265726;0.01836806645203033;0.01826222107093957
2284.5;0.0189328743545611;0.01836806645203033;0.01897923971725942
2286.0;0.01850632726208763;0.0788296099311738;0.0189328743545611
2287.5;0.01850632726208763;0.016863406408094434;0.016745540589734254
2289.0;0.01842179442537598;0.014945495799148322;0.016863406408094434
2290.5;0.017498443680569787;0.014945495799148322;0.017094017094017096
2292.0;0.017498443680569787;0.014945495799148322;0.01865038996269922
2293.5;0.017498443680569787;0.014910112661872163;0.0189328743545611
2295.0;0.015743018124095107;0.0175513698630137;0.0175513698630137
2296.5;0.014870091759449306;0.07905457014342697;0.017373380447585393
2298.0;0.018289844042285466;0.08450826136298063;0.016863406408094434
2299.5;0.018289844042285466;0.017465858520325457;0.01865038996269922
2301.0;0.018289844042285466;0.01830736743700201;0.018010291595197254
2302.5;0.018289844042285466;0.01830736743700201;0.01749271137026239
2304.0;0.018289844042285466;0.0688532784166215;0.015280135823429542
2305.5;0.018289844042285466;0.014850222990092551;0.01850632726208763
2307.0;0.018289844042285466;0.01740771421307761;0.045928030303030304
2308.5;0.018289844042285466;0.015690820879123473;0.018683274021352312
2310.0;0.018289844042285466;0.01825283975007182;0.017373380447585393
2311.5;0.018289844042285466;0.01825283975007182;0.037327061427780854
2313.0;0.018289844042285466;0.015682478532320222;0.01759482600049283
2314.5;0.018289844042285466;0.015682478532320222;0.03476482617586912
2316.0;0.018289844042285466;0.01567987457984609;0.018047156089719053
2317.5;0.018289844042285466;0.01824547540373295;0.017094017094017096
2319.0;0.018289844042285466;0.06925292588475296;0.01874107841782935
2320.5;0.018289844042285466;0.014828261126484797;0.0161839863713799
2322.0;0.018289844042285466;0.05222437137330754;0.017373380447585393
2323.5;0.018289844042285466;0.01597712748065927;0.017368069472277887
2325.0;0.016550266845809666;0.017547197908565945;0.015095605501509561
2326.5;0.017401635028469288;0.017465858520325457;0.0161839863713799
2328.0;0.017393838281482624;0.017465858520325457;0.019659185369908565
2329.5;0.017393838281482624;0.016582472972657695;0.017824497257769654
2331.0;0.01653549687010534;0.015711796950363736;0.016293098349991132
2332.5;0.014829976303317897;0.017094017094017096;0.015731292517006803
2334.0;0.016638225255972697;0.015871286409530037;0.017094017094017096
2335.5;0.01865038996269922;0.015871286409530037;0.017373380447585393
2337.0;0.01850632726208763;0.017547197908565945;0.015188609731168737
2338.5;0.01850632726208763;0.017547197908565945;0.0161839863713799
2340.0;0.01850632726208763;0.017547197908565945;0.01842179442537598
2341.5;0.01850632726208763;0.016638225255972697;0.016638225255972697
2343.0;0.01850632726208763;0.01865038996269922;0.01597712748065927
2344.5;0.01850632726208763;0.01865038996269922;0.014945495799148322
2346.0;0.01850632726208763;0.01865038996269922;0.05048076923076923
2347.5;0.01850632726208763;0.015001087035292413;0.017754480892796753
2349.0;0.01850632726208763;0.015001087035292413;0.01654091700522345
2350.5;0.01850632726208763;0.06673232664261046;0.017015706806282723
2352.0;0.01850632726208763;0.06673232664261046;0.018354055654233276
2353.5;0.01850632726208763;0.017443347491498312;0.042924211938296444
2355.0;0.01850632726208763;0.01485852872552252;0.01597712748065927
2356.5;0.01850632726208763;0.06762923989174582;0.016838000708968452
2358.0;0.01850632726208763;0.016550266845809666;0.0175513698630137
2359.5;0.01850632726208763;0.016550266845809666;0.015280135823429542
2361.0;0.01850632726208763;0.01826142579350741;0.016267481785445105
2362.5;0.01850632726208763;0.017397154861764727;0.01865563356469833
2364.0;0.01850632726208763;0.017397154861764727;0.017548831392833922
2365.5;0.01850632726208763;0.017397154861764727;0.01967799642218247
2367.0;0.01850632726208763;0.017397154861764727;0.015095605501509561
2368.5;0.01850632726208763;0.017397154861764727;0.015001087035292413
2370.0;0.01850632726208763;0.016537723722061845;0.018052243358660087
2371.5;0.01850632726208763;0.01825012709422827;0.01896734857158622
2373.0;0.01850632726208763;0.01825012709422827;0.015988786911306178
2374.5;0.01850632726208763;0.015680987109796585;0.0175513698630137
2376.0;0.01850632726208763;0.015680987109796585;0.017094017094017096
2377.5;0.01850632726208763;0.05222437137330754;0.047619047619047616
2379.0;0.01850632726208763;0.05222437137330754;0.06859415127164278
2380.5;0.014910112661872163;0.05222437137330754;0.017623877982923447
2382.0;0.017465858520325457;0.015095605501509561;0.08338930129741895
2383.5;0.017465858520325457;0.017754480892796753;0.0175513698630137
2385.0;0.017465858520325457;0.016676298192025096;0.01850632726208763
2386.5;0.017465858520325457;0.01663225731761437;0.017015706806282723
2388.0;0.017465858520325457;0.0189328743545611;0.016830578931359627
2389.5;0.017465858520325457;0.075255126101145;0.036783854166666664
2391.0;0.017465858520325457;0.017498443680569787;0.017094017094017096
2392.5;0.017465858520325457;0.017498443680569787;0.017094017094017096
2394.0;0.016582472972657695;0.07993273782747468;0.01783664661861255
2395.5;0.016582472972657695;0.07993273782747468;0.041250831669993354
2397.0;0.016582472972657695;0.017427438387099873;0.019408502772643253
2398.5;0.018289844042285466;0.017427438387099873;0.019139945314441957
2400.0;0.014850222990092551;0.017754480892796753;0.0189328743545611
2401.5;0.014850222990092551;0.06859415127164278;0.01672535211267606
2403.0;0.014850222990092551;0.017547197908565945;0.01597712748065927
2404.5;0.014850222990092551;0.01836806645203033;0.049329501915708805
2406.0;0.014850222990092551;0.015743018124095107;0.018683274021352312
2407.5;0.014850222990092551;0.016582472972657695;0.016979552792060267
2409.0;0.014850222990092551;0.015711796950363736;0.017699115044247787
2410.5;0.014850222990092551;0.07182211727666273;0.016638225255972697
2412.0;0.014850222990092551;0.07182211727666273;0.01865038996269922
2413.5;0.014850222990092551;0.017754480892796753;0.01663225731761437
2415.0;0.014850222990092551;0.017754480892796753;0.0170487948265726
2416.5;0.070642658041859;0.017754480892796753;0.01612259159428971
2418.0;0.070642658041859;0.07905457014342697;0.018470790378006873
2419.5;0.070642658041859;0.018010291595197254;0.07796881247500999
2421.0;0.070642658041859;0.07548669050456894;0.01836806645203033
2422.5;0.070642658041859;0.07548669050456894;0.018612132352941176
2424.0;0.070642658041859;0.07548669050456894;0.015154962909024714
2425.5;0.070642658041859;0.014910112661872163;0.01942319011183049
2427.0;0.070642658041859;0.01660281557997176;0.015280135823429542
2428.5;0.070642658041859;0.014870091759449306;0.01749271137026239
2430.0;0.070642658041859;0.017623877982923447;0.017373380447585393
2431.5;0.070642658041859;0.015809071886378992;0.01822513964717392
2433.0;0.015690820879123473;0.015769487034319674;0.017674350500443508
2434.5;0.015690820879123473;0.015769487034319674;0.08458244111349036
2436.0;0.017393838281482624;0.015769487034319674;0.07557391481004944
2437.5;0.017393838281482624;0.015769487034319674;0.017094017094017096
2439.0;0.017393838281482624;0.01488644788002137;0.01810699588477366
2440.5;0.017393838281482624;0.01597712748065927;0.018581870912373115
2442.0;0.017393838281482624;0.01597712748065927;0.018470790378006873
2443.5;0.017393838281482624;0.01850632726208763;0.01730418943533698
2445.0;0.017393838281482624;0.01850632726208763;0.017961645808949312
2446.5;0.017393838281482624;0.01850632726208763;0.01586074073577572
2448.0;0.017393838281482624;0.01865038996269922;0.015001087035292413
2449.5;0.017393838281482624;0.018010291595197254;0.016863406408094434
2451.0;0.017393838281482624;0.015095605501509561;0.019527766042341455
2452.5;0.017393838281482624;0.015871286409530037;0.015280135823429542
2454.0;0.017393838281482624;0.015871286409530037;0.016638225255972697
2455.5;0.017393838281482624;0.015871286409530037;0.01749271137026239
2457.0;0.01739137492247878;0.015809071886378992;0.017883272962794156
2458.5;0.017388172610590263;0.017498443680569787;0.016530797101449276
2460.0;0.017388172610590263;0.017498443680569787;0.01882395123700251
2461.5;0.017388172610590263;0.017498443680569787;0.03718199608610568
2463.0;0.017388172610590263;0.018332165356039182;0.04425612052730697
2464.5;0.017388172610590263;0.018332165356039182;0.040424121935056324
2466.0;0.01824547540373295;0.018332165356039182;0.015414729630535846
2467.5;0.01824547540373295;0.018332165356039182;0.01766843911960692
2469.0;0.018244633954786142;0.014870091759449306;0.03318419090231171
2470.5;0.01738538657899296;0.014870091759449306;0.01834862385321101
2472.0;0.01738538657899296;0.014870091759449306;0.017094017094017096
2473.5;0.016529793433502835;0.014870091759449306;0.017094017094017096
2475.0;0.018242915171642324;0.014870091759449306;0.051059730250481696
2476.5;0.015676896668012225;0.014870091759449306;0.01850632726208763
2478.0;0.015676896668012225;0.014870091759449306;0.01663225731761437
2479.5;0.015676896668012225;0.014870091759449306;0.043703007518796994
2481.0;0.018242456797028576;0.014870091759449306;0.015871286409530037
2482.5;0.01652913129870731;0.014870091759449306;0.014910112661872163
2484.0;0.015095605501509561;0.01485852872552252;0.014910112661872163
2485.5;0.016745540589734254;0.01570251018973342;0.044811320754716985
2487.0;0.016676298192025096;0.01570251018973342;0.016638225255972697
2488.5;0.018470790378006873;0.015695763321720377;0.016863406408094434
2490.0;0.018470790378006873;0.015695763321720377;0.015095605501509561
2491.5;0.07796881247500999;0.015695763321720377;0.019013666072489603
2493.0;0.07796881247500999;0.01826142579350741;0.015280135823429542
2494.5;0.017623877982923447;0.016537723722061845;0.01597712748065927
2496.0;0.015809071886378992;0.016537723722061845;0.051640926640926635
2497.5;0.015809071886378992;0.014832305600435561;0.01597712748065927
2499.0;0.015809071886378992;0.014832305600435561;0.018470790378006873
2500.5;0.01663225731761437;0.014832305600435561;0.01865038996269922
2502.0;0.015095605501509561;0.014832305600435561;0.015001087035292413
2503.5;0.015095605501509561;0.014829976303317897;0.0161839863713799
2505.0;0.015095605501509561;0.014829976303317897;0.017547197908565945
2506.5;0.015095605501509561;0.01567842217100666;0.018010291595197254
2508.0;0.015095605501509561;0.015677957190639216;0.0175513698630137
2509.5;0.015095605501509561;0.01567760904807164;0.04990403071017274
2511.0;0.015095605501509561;0.01567760904807164;0.04990403071017274
2512.5;0.015095605501509561;0.014827716422686422;0.016863406408094434
2514.0;0.015095605501509561;0.016529576213227;0.0175513698630137
2515.5;0.015095605501509561;0.016529576213227;0.017094017094017096
2517.0;0.015001087035292413;0.016529576213227;0.01865038996269922
2518.5;0.015001087035292413;0.016529576213227;0.04425612052730697
2520.0;0.015001087035292413;0.016529576213227;0.01850632726208763
2521.5;0.015001087035292413;0.016529576213227;0.017094017094017096
2523.0;0.015001087035292413;0.016529576213227;0.015871286409530037
2524.5;0.015001087035292413;0.016529576213227;0.015871286409530037
2526.0;0.015001087035292413;0.016529576213227;0.015095605501509561
2527.5;0.08099593301892197;0.016529576213227;0.017094017094017096
2529.0;0.08099593301892197;0.016529576213227;0.015095605501509561
2530.5;0.07771195869669424;0.016529576213227;0.015871286409530037
2532.0;0.07771195869669424;0.07551662600371893;0.015871286409530037
2533.5;0.07771195869669424;0.07026208292157007;0.01836806645203033
2535.0;0.07771195869669424;0.07026208292157007;0.07905457014342697
2536.5;0.01660281557997176;0.07026208292157007;0.017547197908565945
2538.0;0.01660281557997176;0.07026208292157007;0.01663225731761437
2539.5;0.0161839863713799;0.017384409349774463;0.018470790378006873
2541.0;0.0161839863713799;0.017384409349774463;0.016676298192025096
2542.5;0.08560945780676722;0.017384409349774463;0.0175513698630137
2544.0;0.015001087035292413;0.017384409349774463;0.0175513698630137
2545.5;0.015001087035292413;0.017384409349774463;0.07756813417190776
2547.0;0.017547197908565945;0.017384409349774463;0.015095605501509561
2548.5;0.01836806645203033;0.017384409349774463;0.016676298192025096
2550.0;0.017465858520325457;0.017384409349774463;0.017498443680569787
2551.5;0.015724726735506497;0.017384409349774463;0.016582472972657695
2553.0;0.016568094782873223;0.017384409349774463;0.016335052812576762
2554.5;0.01570251018973342;0.017384409349774463;0.01783664661861255
2556.0;0.01570251018973342;0.01652913129870731;0.0161839863713799
2557.5;0.015695763321720377;0.01652913129870731;0.01583436633020483
2559.0;0.015695763321720377;0.01652913129870731;0.018470790378006873
2560.5;0.015695763321720377;0.01652913129870731;0.015095605501509561
2562.0;0.0779848264098129;0.06818444281913448;0.0189328743545611
2563.5;0.014836509492270044;0.06818444281913448;0.045928030303030304
2565.0;0.07998273908856848;0.06818444281913448;0.01597712748065927
2566.5;0.07998273908856848;0.06818444281913448;0.017623877982923447
2568.0;0.01825012709422827;0.06818444281913448;0.06673232664261046
2569.5;0.01825012709422827;0.06818444281913448;0.01660281557997176
2571.0;0.06517573693882246;0.06818444281913448;0.018289844042285466
2572.5;0.017388172610590263;0.06818444281913448;0.07936196740601566
2574.0;0.017388172610590263;0.06818444281913448;0.01740771421307761
2575.5;0.017388172610590263;0.06818444281913448;0.01740771421307761
2577.0;0.016531678096401558;0.06818444281913448;0.017401635028469288
2578.5;0.01567842217100666;0.06818444281913448;0.017393838281482624
2580.0;0.07132674038766314;0.06818444281913448;0.014832305600435561
2581.5;0.07132674038766314;0.017384233914291836;0.017387150648592545
2583.0;0.07132674038766314;0.017384233914291836;0.018470790378006873
2584.5;0.01567760904807164;0.017384233914291836;0.07548669050456894
2586.0;0.01567760904807164;0.017384233914291836;0.05048076923076923
2587.5;0.01567760904807164;0.0175513698630137;0.016863406408094434
2589.0;0.07235678719359716;0.015095605501509561;0.042924211938296444
2590.5;0.07235366779652488;0.07318094281168887;0.0189328743545611
2592.0;0.07235366779652488;0.07318094281168887;0.01597712748065927
2593.5;0.08194567413774308;0.07318094281168887;0.01850632726208763
2595.0;0.014827238821925121;0.016676298192025096;0.01850632726208763
2596.5;0.018242310595448556;0.014910112661872163;0.016863406408094434
2598.0;0.018242310595448556;0.014910112661872163;0.01850632726208763
2599.5;0.01567667170887434;0.014910112661872163;0.01842179442537598
2601.0;0.01567667170887434;0.014910112661872163;0.01488644788002137
2602.5;0.01567667170887434;0.014910112661872163;0.017094017094017096
2604.0;0.014827087928111741;0.017465858520325457;0.01845342706502636
2605.5;0.014827087928111741;0.014870091759449306;0.01702553830746119
2607.0;0.014827087928111741;0.014870091759449306;0.016830578931359627
2608.5;0.016528990680620817;0.014870091759449306;0.016830578931359627
2610.0;0.016528990680620817;0.014870091759449306;0.016830578931359627
2611.5;0.016528990680620817;0.014870091759449306;0.015854570888502284
2613.0;0.016528990680620817;0.014870091759449306;0.015854570888502284
2614.5;0.0651002144009745;0.014870091759449306;0.072776148526368
2616.0;0.0651002144009745;0.014870091759449306;0.0161839863713799
2617.5;0.01597712748065927;0.014870091759449306;0.01850632726208763
2619.0;0.01597712748065927;0.014870091759449306;0.05048076923076923
2620.5;0.01597712748065927;0.014870091759449306;0.08691206543967281
2622.0;0.015001087035292413;0.014870091759449306;0.0161839863713799
2623.5;0.014945495799148322;0.014870091759449306;0.017373380447585393
2625.0;0.018332165356039182;0.016638225255972697;0.01771809624494277
2626.5;0.049329501915708805;0.015871286409530037;0.01771809624494277
2628.0;0.017094017094017096;0.015871286409530037;0.07548669050456894
2629.5;0.016863406408094434;0.07659179563235237;0.016745540589734254
2631.0;0.016638225255972697;0.017465858520325457;0.01865038996269922
2632.5;0.015731292517006803;0.017443347491498312;0.01865038996269922
2634.0;0.015095605501509561;0.08069817651061116;0.018876611418047883
2635.5;0.015095605501509561;0.016557768507871926;0.018876611418047883
2637.0;0.015001087035292413;0.08560945780676722;0.018041485106324483
2638.5;0.01842179442537598;0.015871286409530037;0.01587777695652498
2640.0;0.017498443680569787;0.01663225731761437;0.051640926640926635
2641.5;0.018010291595197254;0.014870091759449306;0.016863406408094434
2643.0;0.018010291595197254;0.016863406408094434;0.016863406408094434
2644.5;0.018010291595197254;0.016745540589734254;0.038385826771653545
2646.0;0.01597712748065927;0.017547197908565945;0.0175513698630137
2647.5;0.01597712748065927;0.01663225731761437;0.015871286409530037
2649.0;0.01597712748065927;0.017443347491498312;0.0175513698630137
2650.5;0.01597712748065927;0.017443347491498312;0.016863406408094434
2652.0;0.016745540589734254;0.017094017094017096;0.017623877982923447
2653.5;0.016745540589734254;0.017094017094017096;0.016676298192025096
2655.0;0.017547197908565945;0.017094017094017096;0.017754480892796753
2656.5;0.017547197908565945;0.019408502772643253;0.017754480892796753
2658.0;0.01663225731761437;0.019139945314441957;0.015871286409530037
2659.5;0.016582472972657695;0.015154962909024714;0.017547197908565945
2661.0;0.016582472972657695;0.01845157937014199;0.0175513698630137
2662.5;0.016557768507871926;0.01845157937014199;0.0175513698630137
2664.0;0.016557768507871926;0.01845157937014199;0.0175513698630137
2665.5;0.016550266845809666;0.014922830014276238;0.016745540589734254
2667.0;0.016550266845809666;0.01747771530769917;0.01865038996269922
2668.5;0.016550266845809666;0.01747771530769917;0.016745540589734254
2670.0;0.016550266845809666;0.017433311232636223;0.015809071886378992
2671.5;0.016550266845809666;0.0165615965666496;0.018010291595197254
2673.0;0.014839767744728968;0.016553056202420053;0.016863406408094434
2674.5;0.014839767744728968;0.016553056202420053;0.01836806645203033
2676.0;0.014836509492270044;0.07163213002822927;0.01850632726208763
2677.5;0.014836509492270044;0.07163213002822927;0.01597712748065927
2679.0;0.014834097312229661;0.07465017216868813;0.01597712748065927
2680.5;0.014834097312229661;0.07465017216868813;0.014910112661872163
2682.0;0.01739137492247878;0.07465017216868813;0.0175513698630137
2683.5;0.015680987109796585;0.07465017216868813;0.01865038996269922
2685.0;0.015680987109796585;0.014832975756424343;0.0161839863713799
2686.5;0.04260299625468165;0.014832975756424343;0.01865038996269922
2688.0;0.017754480892796753;0.014832975756424343;0.01865038996269922
2689.5;0.014945495799148322;0.018248863281899293;0.01865038996269922
2691.0;0.01663225731761437;0.01824716490900038;0.017623877982923447
2692.5;0.019013666072489603;0.0161839863713799;0.014945495799148322
2694.0;0.01865038996269922;0.01865038996269922;0.014945495799148322
2695.5;0.014945495799148322;0.01597712748065927;0.07996748642690851
2697.0;0.01865038996269922;0.01597712748065927;0.07996748642690851
2698.5;0.01865038996269922;0.017623877982923447;0.07996748642690851
2700.0;0.015809071886378992;0.017498443680569787;0.01488644788002137
2701.5;0.018332165356039182;0.0726934956385968;0.01488644788002137
2703.0;0.016582472972657695;0.018010291595197254;0.01488644788002137
2704.5;0.018289844042285466;0.018010291595197254;0.07663693439238436
2706.0;0.01741601350785099;0.018010291595197254;0.07663693439238436
2707.5;0.016335052812576762;0.01850632726208763;0.015711796950363736
2709.0;0.019142066420664204;0.015280135823429542;0.015711796950363736
2710.5;0.019142066420664204;0.07905457014342697;0.015711796950363736
2712.0;0.016604605213162094;0.01836806645203033;0.01570251018973342
2713.5;0.016468992979866464;0.015743018124095107;0.01570251018973342
2715.0;0.01505763452236346;0.015743018124095107;0.016550266845809666
2716.5;0.0161839863713799;0.017094017094017096;0.016550266845809666
2718.0;0.018470790378006873;0.018010291595197254;0.016550266845809666
2719.5;0.018470790378006873;0.016745540589734254;0.07583825514009619
2721.0;0.015871286409530037;0.015809071886378992;0.01597712748065927
2722.5;0.018332165356039182;0.01663225731761437;0.01597712748065927
2724.0;0.01570251018973342;0.015743018124095107;0.01850632726208763
2725.5;0.01826142579350741;0.015743018124095107;0.01850632726208763
2727.0;0.016638225255972697;0.08326962055585943;0.01850632726208763
2728.5;0.015095605501509561;0.016557768507871926;0.01850632726208763
2730.0;0.015095605501509561;0.016557768507871926;0.07639217169329678
2731.5;0.015001087035292413;0.014844188506303903;0.015769487034319674
2733.0;0.017547197908565945;0.014844188506303903;0.015769487034319674
2734.5;0.01663225731761437;0.014844188506303903;0.07378150182183574
2736.0;0.01663225731761437;0.014844188506303903;0.07378150182183574
2737.5;0.01663225731761437;0.014844188506303903;0.07378150182183574
2739.0;0.01660281557997176;0.014844188506303903;0.07378150182183574
2740.5;0.016568094782873223;0.014844188506303903;0.07378150182183574
2742.0;0.014850222990092551;0.015690820879123473;0.07378150182183574
2743.5;0.015695763321720377;0.015690820879123473;0.07378150182183574
2745.0;0.015695763321720377;0.017397154861764727;0.07378150182183574
2746.5;0.015687178238012765;0.017397154861764727;0.07378150182183574
2748.0;0.014832305600435561;0.017397154861764727;0.01830736743700201
2749.5;0.017699115044247787;0.0672960834790718;0.0815499194163898
2751.0;0.05613305613305613;0.01865038996269922;0.0815499194163898
2752.5;0.05613305613305613;0.01865038996269922;0.0815499194163898
2754.0;0.05613305613305613;0.016745540589734254;0.0182681206624895
2755.5;0.05613305613305613;0.016745540589734254;0.0182681206624895
2757.0;0.05613305613305613;0.015809071886378992;0.0182681206624895
2758.5;0.0843149411035338;0.015809071886378992;0.01654477169890474
2760.0;0.0843149411035338;0.08747300215982722;0.01654477169890474
2761.5;0.0843149411035338;0.08747300215982722;0.01654477169890474
2763.0;0.0843149411035338;0.01865038996269922;0.015731292517006803
2764.5;0.0843149411035338;0.07786711807024968;0.015731292517006803
2766.0;0.0843149411035338;0.017498443680569787;0.01597712748065927
2767.5;0.0843149411035338;0.018332165356039182;0.016745540589734254
2769.0;0.01771809624494277;0.01485852872552252;0.016745540589734254
2770.5;0.01771809624494277;0.01485852872552252;0.016676298192025096
2772.0;0.01771809624494277;0.01485852872552252;0.01663225731761437
2773.5;0.01771809624494277;0.01485852872552252;0.01663225731761437
2775.0;0.014986153377295074;0.01485852872552252;0.017465858520325457
2776.5;0.015798668573620674;0.0161839863713799;0.01830736743700201
2778.0;0.018470790378006873;0.0161839863713799;0.01830736743700201
2779.5;0.018470790378006873;0.01865038996269922;0.01830736743700201
2781.0;0.017754480892796753;0.015001087035292413;0.015711796950363736
2782.5;0.015001087035292413;0.015001087035292413;0.015711796950363736
2784.0;0.015769487034319674;0.01488644788002137;0.01570251018973342
2785.5;0.0175513698630137;0.01488644788002137;0.01570251018973342
2787.0;0.0175513698630137;0.018289844042285466;0.01570251018973342
2788.5;0.0175513698630137;0.01570251018973342;0.01570251018973342
2790.0;0.0175513698630137;0.06854642359929727;0.01570251018973342
2791.5;0.017754480892796753;0.017401635028469288;0.015695763321720377
2793.0;0.017754480892796753;0.016540721828503288;0.015695763321720377
2794.5;0.017754480892796753;0.015731292517006803;0.015695763321720377
2796.0;0.017754480892796753;0.016863406408094434;0.015695763321720377
2797.5;0.017754480892796753;0.016863406408094434;0.015695763321720377
2799.0;0.017754480892796753;0.018470790378006873;0.017401635028469288
2800.5;0.017754480892796753;0.01597712748065927;0.016638225255972697
2802.0;0.08386958386958387;0.08024848949025615;0.016638225255972697
2803.5;0.08386958386958387;0.016638225255972697;0.016638225255972697
2805.0;0.08386958386958387;0.01597712748065927;0.016638225255972697
2806.5;0.01842179442537598;0.01842179442537598;0.01597712748065927
2808.0;0.01842179442537598;0.01842179442537598;0.016745540589734254
2809.5;0.015743018124095107;0.01836806645203033;0.08450826136298063
2811.0;0.017427438387099873;0.0175513698630137;0.015769487034319674
2812.5;0.017427438387099873;0.0175513698630137;0.01830736743700201
2814.0;0.017427438387099873;0.0175513698630137;0.0470532319391635
2815.5;0.016550266845809666;0.0175513698630137;0.0470532319391635
2817.0;0.016550266845809666;0.0175513698630137;0.017094017094017096
2818.5;0.016550266845809666;0.0175513698630137;0.01865038996269922
2820.0;0.016550266845809666;0.0175513698630137;0.0161839863713799
2821.5;0.016550266845809666;0.0175513698630137;0.017754480892796753
2823.0;0.016550266845809666;0.01865038996269922;0.01850632726208763
2824.5;0.014839767744728968;0.017623877982923447;0.018683274021352312
2826.0;0.015687178238012765;0.017623877982923447;0.017754480892796753
2827.5;0.014834097312229661;0.015809071886378992;0.015809071886378992
2829.0;0.014834097312229661;0.015809071886378992;0.01663225731761437
2830.5;0.014834097312229661;0.015769487034319674;0.017443347491498312
2832.0;0.014834097312229661;0.015743018124095107;0.0161839863713799
2833.5;0.014834097312229661;0.015743018124095107;0.0161839863713799
2835.0;0.014834097312229661;0.017427438387099873;0.0161839863713799
2836.5;0.014834097312229661;0.017427438387099873;0.01865038996269922
2838.0;0.014834097312229661;0.017427438387099873;0.018470790378006873
2839.5;0.014834097312229661;0.01741601350785099;0.018595825426944972
2841.0;0.014834097312229661;0.016638225255972697;0.018595825426944972
2842.5;0.014834097312229661;0.016638225255972697;0.018595825426944972
2844.0;0.014834097312229661;0.016638225255972697;0.017302798982188294
2845.5;0.01739137492247878;0.08691206543967281;0.016794337244254824
2847.0;0.01739137492247878;0.08691206543967281;0.014925449957981155
2848.5;0.01739137492247878;0.08691206543967281;0.01748013751772921
2850.0;0.01739137492247878;0.08691206543967281;0.08237363333208655
2851.5;0.01739137492247878;0.017623877982923447;0.017094017094017096
2853.0;0.01739137492247878;0.017498443680569787;0.016638225255972697
2854.5;0.01739137492247878;0.018354055654233276;0.01865038996269922
2856.0;0.01739137492247878;0.018354055654233276;0.018937169700528483
2857.5;0.01739137492247878;0.01612259159428971;0.04208416833667335
2859.0;0.01739137492247878;0.018026004728132386;0.0189328743545611
2860.5;0.01739137492247878;0.016863406408094434;0.015871286409530037
2862.0;0.01739137492247878;0.01597712748065927;0.014910112661872163
2863.5;0.01739137492247878;0.0175513698630137;0.07053123107281715
2865.0;0.01739137492247878;0.01865038996269922;0.01485852872552252
2866.5;0.01739137492247878;0.01850632726208763;0.0182681206624895
2868.0;0.01739137492247878;0.014945495799148322;0.08014786536595958
2869.5;0.01739137492247878;0.015769487034319674;0.014834097312229661
2871.0;0.01739137492247878;0.017094017094017096;0.01653260196570383
2872.5;0.01739137492247878;0.016638225255972697;0.016530987295071384
2874.0;0.01739137492247878;0.01850632726208763;0.05339805825242719
2875.5;0.01739137492247878;0.01842179442537598;0.017754480892796753
2877.0;0.01739137492247878;0.017094017094017096;0.017754480892796753
2878.5;0.01739137492247878;0.017094017094017096;0.016745540589734254
2880.0;0.01739137492247878;0.018354055654233276;0.08175211949939443
2881.5;0.01739137492247878;0.01865038996269922;0.015871286409530037
2883.0;0.01739137492247878;0.015871286409530037;0.017547197908565945
2884.5;0.01739137492247878;0.018010291595197254;0.0175513698630137
2886.0;0.01739137492247878;0.0161839863713799;0.01597712748065927
2887.5;0.015680987109796585;0.0161839863713799;0.05048076923076923
2889.0;0.015680987109796585;0.018683274021352312;0.015095605501509561
2890.5;0.015680987109796585;0.016638225255972697;0.015095605501509561
2892.0;0.01567987457984609;0.01597712748065927;0.015001087035292413
2893.5;0.01567987457984609;0.017094017094017096;0.014910112661872163
2895.0;0.017387150648592545;0.01597712748065927;0.014910112661872163
2896.5;0.017387150648592545;0.014945495799148322;0.017465858520325457
2898.0;0.01606832657788072;0.01663225731761437;0.06910227840912597
2899.5;0.018848906360245943;0.015743018124095107;0.016429426632965278
2901.0;0.018848906360245943;0.017699115044247787;0.018164580390260854
2902.5;0.01594765689784196;0.01865038996269922;0.017804883221787336
2904.0;0.017534382187836362;0.016676298192025096;0.01756407358266513
2905.5;0.01749000201260901;0.016676298192025096;0.06636830414600717
2907.0;0.01832580429276873;0.016638225255972697;0.016863406408094434
2908.5;0.01832580429276873;0.017094017094017096;0.01597712748065927
2910.0;0.01832580429276873;0.01865038996269922;0.015871286409530037
2911.5;0.01832580429276873;0.017623877982923447;0.017094017094017096
2913.0;0.01830290365337456;0.017623877982923447;0.015095605501509561
2914.5;0.014856423693944118;0.017623877982923447;0.0189328743545611
2916.0;0.017413917505226417;0.018010291595197254;0.018010291595197254
2917.5;0.0175513698630137;0.01597712748065927;0.06847253574115876
2919.0;0.0175513698630137;0.01842179442537598;0.04892400806993947
2920.5;0.0175513698630137;0.014910112661872163;0.08455612079865911
2922.0;0.0175513698630137;0.014910112661872163;0.01839739098584907
2923.5;0.047619047619047616;0.018470790378006873;0.07520502827268001
2925.0;0.047619047619047616;0.01597712748065927;0.017455819026846356
2926.5;0.047619047619047616;0.01597712748065927;0.05281007751937984
2928.0;0.016863406408094434;0.01597712748065927;0.016863406408094434
2929.5;0.015001087035292413;0.01597712748065927;0.016863406408094434
2931.0;0.07771195869669424;0.01597712748065927;0.018010291595197254
2932.5;0.018332165356039182;0.01597712748065927;0.018010291595197254
2934.0;0.018332165356039182;0.015001087035292413;0.04208416833667335
2935.5;0.018332165356039182;0.017094017094017096;0.018010291595197254
2937.0;0.018332165356039182;0.016638225255972697;0.01850632726208763
2938.5;0.018332165356039182;0.016638225255972697;0.01850632726208763
2940.0;0.018332165356039182;0.07922182109907742;0.01850632726208763
2941.5;0.018332165356039182;0.015001087035292413;0.01850632726208763
2943.0;0.018332165356039182;0.014945495799148322;0.016863406408094434
2944.5;0.018332165356039182;0.014870091759449306;0.016676298192025096
2946.0;0.018332165356039182;0.0688532784166215;0.0161839863713799
2947.5;0.018332165356039182;0.0688532784166215;0.0863169700629799
2949.0;0.018332165356039182;0.01741601350785099;0.07378150182183574
2950.5;0.018332165356039182;0.0175513698630137;0.016582472972657695
2952.0;0.018332165356039182;0.0175513698630137;0.01485852872552252
2953.5;0.018332165356039182;0.015095605501509561;0.016863406408094434
2955.0;0.018332165356039182;0.015095605501509561;0.016863406408094434
2956.5;0.018332165356039182;0.069651277654558;0.017623877982923447
2958.0;0.018332165356039182;0.040424121935056324;0.051059730250481696
2959.5;0.018332165356039182;0.01879117923894043;0.01597712748065927
2961.0;0.018332165356039182;0.07526573646964445;0.015871286409530037
2962.5;0.018332165356039182;0.017094017094017096;0.07597140829130454
2964.0;0.018332165356039182;0.016745540589734254;0.017699115044247787
2965.5;0.018332165356039182;0.014910112661872163;0.018937169700528483
2967.0;0.018332165356039182;0.07993273782747468;0.018610244807272875
2968.5;0.018332165356039182;0.07993273782747468;0.017534382187836362
2970.0;0.018332165356039182;0.07993273782747468;0.017534382187836362
2971.5;0.018332165356039182;0.018289844042285466;0.017534382187836362
2973.0;0.018332165356039182;0.07396662127824268;0.01749000201260901
2974.5;0.018332165356039182;0.014844188506303903;0.017439295057023192
2976.0;0.018332165356039182;0.014844188506303903;0.018010291595197254
2977.5;0.018332165356039182;0.07690949409019684;0.018371212121212118
2979.0;0.018332165356039182;0.07690949409019684;0.017302798982188294
2980.5;0.018332165356039182;0.07690949409019684;0.018761128291631523
2982.0;0.018332165356039182;0.07690949409019684;0.016705796196178947
2983.5;0.018332165356039182;0.018256492034823147;0.015731292517006803
2985.0;0.018332165356039182;0.018256492034823147;0.01597712748065927
2986.5;0.018332165356039182;0.01825283975007182;0.016638225255972697
2988.0;0.018332165356039182;0.01825283975007182;0.01850632726208763
2989.5;0.018332165356039182;0.01825283975007182;0.017547197908565945
2991.0;0.018332165356039182;0.01825283975007182;0.015095605501509561
2992.5;0.018332165356039182;0.01825012709422827;0.017547197908565945
2994.0;0.018332165356039182;0.01825012709422827;0.018086080586080584
2995.5;0.016582472972657695;0.016533838797490336;0.01766843911960692
2997.0;0.016582472972657695;0.016533838797490336;0.01865038996269922
2998.5;0.016582472972657695;0.016533838797490336;0.07796881247500999
3000.0;0.016582472972657695;0.016533838797490336;0.017015706806282723
3001.5;0.016568094782873223;0.016533838797490336;0.016830578931359627
3003.0;0.016557768507871926;0.01567987457984609;0.017015706806282723
3004.5;0.0182681206624895;0.01567987457984609;0.01702553830746119
3006.0;0.0182681206624895;0.015679043553987165;0.01702553830746119
3007.5;0.0182681206624895;0.017386386504641093;0.01594765689784196
3009.0;0.0182681206624895;0.018244004306380245;0.017094017094017096
3010.5;0.014839767744728968;0.018244004306380245;0.01850632726208763
3012.0;0.017397154861764727;0.018244004306380245;0.0161839863713799
3013.5;0.017397154861764727;0.018244004306380245;0.0161839863713799
3015.0;0.01825283975007182;0.018244004306380245;0.017754480892796753
3016.5;0.01825283975007182;0.018244004306380245;0.017623877982923447
3018.0;0.01825283975007182;0.018010291595197254;0.017094017094017096
3019.5;0.01825283975007182;0.018010291595197254;0.01865038996269922
3021.0;0.01825283975007182;0.01865038996269922;0.015871286409530037
3022.5;0.01825283975007182;0.01865038996269922;0.0170487948265726
3024.0;0.01825283975007182;0.01865038996269922;0.04892400806993947
3025.5;0.01825283975007182;0.01865038996269922;0.016081348496769426
3027.0;0.01825283975007182;0.01865038996269922;0.017699115044247787
3028.5;0.01825283975007182;0.01865038996269922;0.016429426632965278
3030.0;0.01825283975007182;0.01865038996269922;0.01730418943533698
3031.5;0.01825283975007182;0.015001087035292413;0.01713180436584692
3033.0;0.01825283975007182;0.015001087035292413;0.015008842899186362
3034.5;0.01825283975007182;0.015001087035292413;0.015772978195049962
3036.0;0.01825283975007182;0.015001087035292413;0.017468783651818188
3037.5;0.01825283975007182;0.01842179442537598;0.018470790378006873
3039.0;0.01825283975007182;0.01663225731761437;0.01865038996269922
3040.5;0.01825283975007182;0.01663225731761437;0.01865038996269922
3042.0;0.01825283975007182;0.01663225731761437;0.017547197908565945
3043.5;0.01739137492247878;0.01663225731761437;0.01663225731761437
3045.0;0.01739137492247878;0.014870091759449306;0.015743018124095107
3046.5;0.01739137492247878;0.018289844042285466;0.016403046280023436
3048.0;0.01739137492247878;0.018289844042285466;0.01749271137026239
3049.5;0.01739137492247878;0.018289844042285466;0.015225395561747438
3051.0;0.014830971492820427;0.01740771421307761;0.016838000708968452
3052.5;0.014830971492820427;0.017754480892796753;0.017122114923635367
3054.0;0.01567987457984609;0.017754480892796753;0.017094017094017096
3055.5;0.01567987457984609;0.016745540589734254;0.016638225255972697
3057.0;0.015677957190639216;0.01842179442537598;0.01865038996269922
3058.5;0.015677957190639216;0.014910112661872163;0.015095605501509561
3060.0;0.015677957190639216;0.015724726735506497;0.019527766042341455
3061.5;0.01738538657899296;0.015095605501509561;0.019139945314441957
3063.0;0.01738538657899296;0.015095605501509561;0.018010291595197254
3064.5;0.01738538657899296;0.015095605501509561;0.017094017094017096
3066.0;0.01738538657899296;0.015871286409530037;0.015001087035292413
3067.5;0.01738538657899296;0.015769487034319674;0.0161839863713799
3069.0;0.01738538657899296;0.01830736743700201;0.018026004728132386
3070.5;0.01738538657899296;0.015711796950363736;0.09799554565701558
3072.0;0.01567734827379584;0.018277260861902424;0.016863406408094434
3073.5;0.014827541633468562;0.0161839863713799;0.014945495799148322
3075.0;0.06715868690968538;0.01850632726208763;0.016043635035830027
3076.5;0.06715868690968538;0.01850632726208763;0.017623877982923447
3078.0;0.06715868690968538;0.015769487034319674;0.018470790378006873
3079.5;0.06715868690968538;0.01660281557997176;0.01882395123700251
3081.0;0.06715868690968538;0.01660281557997176;0.01576182136602452
3082.5;0.06715667245594423;0.015724726735506497;0.016638225255972697
3084.0;0.06715667245594423;0.015695763321720377;0.019408502772643253
3085.5;0.06715667245594423;0.01865038996269922;0.01814552172099398
3087.0;0.06715667245594423;0.01842179442537598;0.03798297314996725
3088.5;0.06715667245594423;0.01842179442537598;0.01850632726208763
3090.0;0.06715667245594423;0.01597712748065927;0.03481624758220503
3091.5;0.06715667245594423;0.01597712748065927;0.017924528301886795
3093.0;0.06715667245594423;0.015871286409530037;0.0170487948265726
3094.5;0.06715667245594423;0.017547197908565945;0.019408502772643253
3096.0;0.06715667245594423;0.017465858520325457;0.017674869549113806
3097.5;0.06612757800292389;0.017465858520325457;0.016903583394228514
3099.0;0.06612757800292389;0.017465858520325457;0.0161839863713799
3100.5;0.06612757800292389;0.017465858520325457;0.0161839863713799
3102.0;0.01652913129870731;0.017465858520325457;0.0161839863713799
3103.5;0.01567667170887434;0.017465858520325457;0.017094017094017096
3105.0;0.01567667170887434;0.017465858520325457;0.016745540589734254
3106.5;0.01567667170887434;0.017465858520325457;0.0175513698630137
3108.0;0.016638225255972697;0.017465858520325457;0.017699115044247787
3109.5;0.016638225255972697;0.017465858520325457;0.01865038996269922
3111.0;0.015871286409530037;0.017465858520325457;0.018354055654233276
3112.5;0.015871286409530037;0.017465858520325457;0.01865038996269922
3114.0;0.015871286409530037;0.017465858520325457;0.042924211938296444
3115.5;0.015871286409530037;0.017465858520325457;0.015731292517006803
3117.0;0.018470790378006873;0.017465858520325457;0.06847253574115876
3118.5;0.018470790378006873;0.017465858520325457;0.018470790378006873
3120.0;0.043703007518796994;0.017465858520325457;0.017623877982923447
3121.5;0.043703007518796994;0.06910227840912597;0.015809071886378992
3123.0;0.043703007518796994;0.06910227840912597;0.042924211938296444
3124.5;0.017623877982923447;0.06910227840912597;0.08508990794115118
3126.0;0.017623877982923447;0.06910227840912597;0.019675925925925927
3127.5;0.017547197908565945;0.06910227840912597;0.01783664661861255
3129.0;0.040424121935056324;0.06910227840912597;0.04208416833667335
3130.5;0.015280135823429542;0.06910227840912597;0.04208416833667335
3132.0;0.015280135823429542;0.06910227840912597;0.019139945314441957
3133.5;0.01597712748065927;0.06910227840912597;0.016785765670711238
3135.0;0.01597712748065927;0.06910227840912597;0.016648083640921553
3136.5;0.01597712748065927;0.06910227840912597;0.06605626253722569
3138.0;0.01597712748065927;0.06910227840912597;0.08174097664543525
3139.5;0.01597712748065927;0.06910227840912597;0.046489563567362426
3141.0;0.01597712748065927;0.06910227840912597;0.041666666666666664
3142.5;0.01597712748065927;0.06910227840912597;0.08737294761532445
3144.0;0.01597712748065927;0.06910227840912597;0.017094017094017096
3145.5;0.016745540589734254;0.06910227840912597;0.015095605501509561
3147.0;0.01663225731761437;0.06910227840912597;0.07753473472714523
3148.5;0.01663225731761437;0.06910227840912597;0.015769487034319674
3150.0;0.015743018124095107;0.06910227840912597;0.07123317659128059
3151.5;0.015743018124095107;0.06910227840912597;0.048187022900763356
3153.0;0.015743018124095107;0.01741601350785099;0.015001087035292413
3154.5;0.018277260861902424;0.01741601350785099;0.017498443680569787
3156.0;0.01740771421307761;0.01741601350785099;0.017094017094017096
3157.5;0.01740771421307761;0.01741601350785099;0.015095605501509561
3159.0;0.01740771421307761;0.01741601350785099;0.01850632726208763
3160.5;0.01740771421307761;0.016550266845809666;0.01850632726208763
3162.0;0.015690820879123473;0.015690820879123473;0.07883717752634664
3163.5;0.015690820879123473;0.015690820879123473;0.07016556801787727
3165.0;0.015690820879123473;0.015690820879123473;0.0882034632034632
3166.5;0.015690820879123473;0.015690820879123473;0.016638225255972697
3168.0;0.017397154861764727;0.018256492034823147;0.017824497257769654
3169.5;0.017397154861764727;0.018256492034823147;0.019139945314441957
3171.0;0.017393838281482624;0.018256492034823147;0.016863406408094434
3172.5;0.017393838281482624;0.018256492034823147;0.048187022900763356
3174.0;0.017393838281482624;0.014834097312229661;0.017623877982923447
3175.5;0.017393838281482624;0.0161839863713799;0.015809071886378992
3177.0;0.017393838281482624;0.0161839863713799;0.015743018124095107
3178.5;0.017393838281482624;0.0161839863713799;0.018683274021352312
3180.0;0.017393838281482624;0.0161839863713799;0.018683274021352312
3181.5;0.017393838281482624;0.0161839863713799;0.018683274021352312
3183.0;0.017393838281482624;0.0161839863713799;0.017971946230274694
3184.5;0.017393838281482624;0.01865038996269922;0.04614106630418366
3186.0;0.017393838281482624;0.017094017094017096;0.08319906254577414
3187.5;0.017393838281482624;0.017094017094017096;0.015095605501509561
3189.0;0.017393838281482624;0.017094017094017096;0.07753473472714523
3190.5;0.017393838281482624;0.017094017094017096;0.01660281557997176
3192.0;0.017393838281482624;0.017094017094017096;0.06698855167485213
3193.5;0.017393838281482624;0.016863406408094434;0.06972537892896573
3195.0;0.017393838281482624;0.016863406408094434;0.0182681206624895
3196.5;0.017393838281482624;0.016745540589734254;0.014839767744728968
3198.0;0.017393838281482624;0.016638225255972697;0.017397154861764727
3199.5;0.017393838281482624;0.016638225255972697;0.014834097312229661
3201.0;0.017393838281482624;0.016638225255972697;0.014834097312229661
3202.5;0.017393838281482624;0.01850632726208763;0.014830971492820427
3204.0;0.017393838281482624;0.01850632726208763;0.014830971492820427
3205.5;0.017393838281482624;0.01836806645203033;0.014830971492820427
3207.0;0.017393838281482624;0.017443347491498312;0.01653260196570383
3208.5;0.017393838281482624;0.014850222990092551;0.01653260196570383
3210.0;0.017393838281482624;0.014850222990092551;0.017386386504641093
3211.5;0.017393838281482624;0.014850222990092551;0.018244004306380245
3213.0;0.017393838281482624;0.08232756223905804;0.018244004306380245
3214.5;0.017393838281482624;0.08232756223905804;0.016529793433502835
3216.0;0.017393838281482624;0.018354055654233276;0.016529793433502835
3217.5;0.017393838281482624;0.018354055654233276;0.016529793433502835
3219.0;0.017393838281482624;0.01942319011183049;0.016529793433502835
3220.5;0.017393838281482624;0.01942319011183049;0.017384645537373677
3222.0;0.014832305600435561;0.01942319011183049;0.018242568233389038
3223.5;0.014832305600435561;0.01612259159428971;0.01567675266971058
3225.0;0.018248107350266503;0.01594765689784196;0.016529041294521166
3226.5;0.018246600758721136;0.01594765689784196;0.016529041294521166
3228.0;0.016530987295071384;0.01594765689784196;0.016529041294521166
3229.5;0.016530987295071384;0.01594765689784196;0.016638225255972697
3231.0;0.018010291595197254;0.01594765689784196;0.017623877982923447
3232.5;0.01597712748065927;0.01594765689784196;0.014910112661872163
3234.0;0.017623877982923447;0.01594765689784196;0.017094017094017096
3235.5;0.01842179442537598;0.015854570888502284;0.017094017094017096
3237.0;0.014910112661872163;0.015854570888502284;0.017094017094017096
3238.5;0.014910112661872163;0.048187022900763356;0.01850632726208763
3240.0;0.01488644788002137;0.07182211727666273;0.016676298192025096
3241.5;0.01488644788002137;0.07182211727666273;0.017754480892796753
3243.0;0.01488644788002137;0.07182211727666273;0.017754480892796753
3244.5;0.01488644788002137;0.07182211727666273;0.016745540589734254
3246.0;0.01488644788002137;0.015871286409530037;0.016745540589734254
3247.5;0.01830736743700201;0.015871286409530037;0.01663225731761437
3249.0;0.01830736743700201;0.015871286409530037;0.020213754646840148
3250.5;0.07850573814074081;0.015871286409530037;0.020213754646840148
3252.0;0.07850573814074081;0.0718766971927262;0.020213754646840148
3253.5;0.07850573814074081;0.0718766971927262;0.01897923971725942
3255.0;0.07850573814074081;0.0718766971927262;0.01687639577956378
3256.5;0.01741601350785099;0.01663225731761437;0.08174097664543525
3258.0;0.08136827196111146;0.01488644788002137;0.015871286409530037
3259.5;0.01826142579350741;0.08326962055585943;0.01836806645203033
3261.0;0.018256492034823147;0.08326962055585943;0.01488644788002137
3262.5;0.01825012709422827;0.05048076923076923;0.01485852872552252
3264.0;0.017388172610590263;0.017754480892796753;0.01485852872552252
3265.5;0.017388172610590263;0.0175513698630137;0.01485852872552252
3267.0;0.017386386504641093;0.015871286409530037;0.017094017094017096
3268.5;0.0175513698630137;0.016676298192025096;0.01597712748065927
3270.0;0.018010291595197254;0.017498443680569787;0.016745540589734254
3271.5;0.015095605501509561;0.017498443680569787;0.014945495799148322
3273.0;0.016745540589734254;0.015743018124095107;0.0189328743545611
3274.5;0.016676298192025096;0.018277260861902424;0.016863406408094434
3276.0;0.016676298192025096;0.018277260861902424;0.016863406408094434
3277.5;0.016676298192025096;0.018277260861902424;0.015809071886378992
3279.0;0.014910112661872163;0.01740771421307761;0.017623877982923447
3280.5;0.015743018124095107;0.01740771421307761;0.015809071886378992
3282.0;0.016638225255972697;0.01740771421307761;0.01660281557997176
3283.5;0.016638225255972697;0.01740771421307761;0.01597712748065927
3285.0;0.016638225255972697;0.01740771421307761;0.016676298192025096
3286.5;0.016638225255972697;0.01740771421307761;0.01488644788002137
3288.0;0.015871286409530037;0.016540721828503288;0.015724726735506497
3289.5;0.017465858520325457;0.01825012709422827;0.015731292517006803
3291.0;0.017465858520325457;0.016863406408094434;0.015731292517006803
3292.5;0.016582472972657695;0.08755082619603771;0.015280135823429542
3294.0;0.014850222990092551;0.016676298192025096;0.017094017094017096
3295.5;0.01654477169890474;0.015769487034319674;0.01597712748065927
3297.0;0.01654477169890474;0.015769487034319674;0.01597712748065927
3298.5;0.014834097312229661;0.018332165356039182;0.016676298192025096
3300.0;0.014832305600435561;0.016582472972657695;0.018683274021352312
3301.5;0.018185821224130337;0.016557768507871926;0.018683274021352312
3303.0;0.017094017094017096;0.016550266845809666;0.015095605501509561
3304.5;0.01865038996269922;0.01826142579350741;0.015095605501509561
3306.0;0.01865038996269922;0.017094017094017096;0.015095605501509561
3307.5;0.015871286409530037;0.017623877982923447;0.015871286409530037
3309.0;0.01842179442537598;0.017547197908565945;0.01842179442537598
3310.5;0.01663225731761437;0.017094017094017096;0.0175513698630137
3312.0;0.017094017094017096;0.017094017094017096;0.0175513698630137
3313.5;0.018470790378006873;0.015095605501509561;0.0175513698630137
3315.0;0.018010291595197254;0.01597712748065927;0.016863406408094434
3316.5;0.04875717017208413;0.01842179442537598;0.016863406408094434
3318.0;0.04875717017208413;0.01836806645203033;0.0863169700629799
3319.5;0.01850632726208763;0.016638225255972697;0.0863169700629799
3321.0;0.016676298192025096;0.016638225255972697;0.0863169700629799
3322.5;0.015743018124095107;0.016638225255972697;0.0863169700629799
3324.0;0.015711796950363736;0.016638225255972697;0.0863169700629799
3325.5;0.015095605501509561;0.08144892908951275;0.069651277654558
3327.0;0.07753473472714523;0.017094017094017096;0.069651277654558
3328.5;0.01488644788002137;0.017094017094017096;0.069651277654558
3330.0;0.0175513698630137;0.017094017094017096;0.069651277654558
3331.5;0.017623877982923447;0.017094017094017096;0.069651277654558
3333.0;0.017547197908565945;0.07796881247500999;0.069651277654558
3334.5;0.016638225255972697;0.07796881247500999;0.069651277654558
3336.0;0.016638225255972697;0.07796881247500999;0.015743018124095107
3337.5;0.016638225255972697;0.07796881247500999;0.015743018124095107
3339.0;0.0175513698630137;0.08144892908951275;0.017094017094017096
3340.5;0.0175513698630137;0.08144892908951275;0.01865038996269922
3342.0;0.017373380447585393;0.08144892908951275;0.01850632726208763
3343.5;0.017373380447585393;0.014945495799148322;0.01850632726208763
3345.0;0.0189328743545611;0.014945495799148322;0.01850632726208763
3346.5;0.018470790378006873;0.014945495799148322;0.01850632726208763
3348.0;0.018470790378006873;0.014945495799148322;0.014945495799148322
3349.5;0.018470790378006873;0.014945495799148322;0.017465858520325457
3351.0;0.018470790378006873;0.014945495799148322;0.016638225255972697
3352.5;0.01597712748065927;0.014945495799148322;0.01597712748065927
3354.0;0.01597712748065927;0.014945495799148322;0.017623877982923447
3355.5;0.01597712748065927;0.014945495799148322;0.017623877982923447
3357.0;0.01597712748065927;0.014945495799148322;0.016676298192025096
3358.5;0.0161839863713799;0.014945495799148322;0.016676298192025096
3360.0;0.01865038996269922;0.014945495799148322;0.016676298192025096
3361.5;0.01865038996269922;0.014945495799148322;0.015769487034319674
3363.0;0.01850632726208763;0.014945495799148322;0.015769487034319674
3364.5;0.01842179442537598;0.014945495799148322;0.018332165356039182
3366.0;0.01836806645203033;0.014945495799148322;0.018332165356039182
3367.5;0.01836806645203033;0.014945495799148322;0.0788296099311738
3369.0;0.01836806645203033;0.014945495799148322;0.0788296099311738
3370.5;0.01836806645203033;0.014945495799148322;0.01485852872552252
3372.0;0.01836806645203033;0.014945495799148322;0.01485852872552252
3373.5;0.017094017094017096;0.014945495799148322;0.01485852872552252
3375.0;0.015095605501509561;0.014945495799148322;0.016557768507871926
3376.5;0.015095605501509561;0.017498443680569787;0.06854642359929727
3378.0;0.0175513698630137;0.017498443680569787;0.01826142579350741
3379.5;0.0175513698630137;0.01660281557997176;0.01826142579350741
3381.0;0.015095605501509561;0.01660281557997176;0.01826142579350741
3382.5;0.08755082619603771;0.01660281557997176;0.017397154861764727
3384.0;0.08755082619603771;0.01660281557997176;0.017397154861764727
3385.5;0.08755082619603771;0.01660281557997176;0.017397154861764727
3387.0;0.06854651270894926;0.01660281557997176;0.016537723722061845
3388.5;0.014910112661872163;0.01660281557997176;0.015731292517006803
3390.0;0.017465858520325457;0.01830736743700201;0.017623877982923447
3391.5;0.016568094782873223;0.01830736743700201;0.017623877982923447
3393.0;0.016568094782873223;0.01830736743700201;0.015743018124095107
3394.5;0.01741601350785099;0.01830736743700201;0.018289844042285466
3396.0;0.01741601350785099;0.014850222990092551;0.01597712748065927
3397.5;0.01654477169890474;0.01826142579350741;0.01597712748065927
3399.0;0.01654477169890474;0.01826142579350741;0.015769487034319674
3400.5;0.01654477169890474;0.016540721828503288;0.015769487034319674
3402.0;0.01825283975007182;0.016540721828503288;0.015743018124095107
3403.5;0.016533838797490336;0.016537723722061845;0.014870091759449306
3405.0;0.016533838797490336;0.016533838797490336;0.014870091759449306
3406.5;0.017387150648592545;0.01567987457984609;0.018289844042285466
3408.0;0.018244633954786142;0.01672535211267606;0.08027698626698054
3409.5;0.016897746967071057;0.0189328743545611;0.044811320754716985
3411.0;0.01694768198513463;0.0175513698630137;0.015095605501509561
3412.5;0.017094017094017096;0.0175513698630137;0.015095605501509561
3414.0;0.016863406408094434;0.017699115044247787;0.015001087035292413
3415.5;0.049329501915708805;0.01654091700522345;0.09190371991247265
3417.0;0.017094017094017096;0.016081348496769426;0.09190371991247265
3418.5;0.01850632726208763;0.01865038996269922;0.07796881247500999
3420.0;0.016676298192025096;0.01865038996269922;0.07796881247500999
3421.5;0.0175513698630137;0.015809071886378992;0.014945495799148322
3423.0;0.015095605501509561;0.017498443680569787;0.017465858520325457
3424.5;0.01842179442537598;0.01660281557997176;0.017699115044247787
3426.0;0.0161839863713799;0.017443347491498312;0.05020283975659229
3427.5;0.016403046280023436;0.01485852872552252;0.07750759878419453
3429.0;0.018354055654233276;0.018354055654233276;0.07750759878419453
3430.5;0.0170487948265726;0.018354055654233276;0.016830578931359627
3432.0;0.016863406408094434;0.018354055654233276;0.016830578931359627
3433.5;0.015001087035292413;0.018354055654233276;0.014936197678611653
3435.0;0.015001087035292413;0.017754480892796753;0.016863406408094434
3436.5;0.018354055654233276;0.016676298192025096;0.017547197908565945
3438.0;0.01749271137026239;0.016582472972657695;0.018332165356039182
3439.5;0.01612259159428971;0.01741601350785099;0.015724726735506497
3441.0;0.036783854166666664;0.017754480892796753;0.07417313634113192
3442.5;0.015280135823429542;0.07672379434037466;0.08136827196111146
3444.0;0.016863406408094434;0.016863406408094434;0.08136827196111146
3445.5;0.01597712748065927;0.0175513698630137;0.014836509492270044
3447.0;0.015871286409530037;0.016863406408094434;0.014836509492270044
3448.5;0.015871286409530037;0.014945495799148322;0.01653549687010534
3450.0;0.017094017094017096;0.0189328743545611;0.014829976303317897
3451.5;0.015871286409530037;0.0189328743545611;0.016531678096401558
3453.0;0.01597712748065927;0.0189328743545611;0.016531678096401558
3454.5;0.01597712748065927;0.017754480892796753;0.018244633954786142
3456.0;0.015001087035292413;0.017754480892796753;0.016530470370958342
3457.5;0.01836806645203033;0.017623877982923447;0.01567734827379584
3459.0;0.018470790378006873;0.016335052812576762;0.016529576213227
3460.5;0.016745540589734254;0.016863406408094434;0.018242716875351634
3462.0;0.014945495799148322;0.017754480892796753;0.014827312439301472
3463.5;0.017498443680569787;0.016676298192025096;0.014827312439301472
3465.0;0.017498443680569787;0.017699115044247787;0.07234957681179387
3466.5;0.017498443680569787;0.016638225255972697;0.01567675266971058
3468.0;0.016568094782873223;0.015280135823429542;0.01824226361621402
3469.5;0.06972537892896573;0.016863406408094434;0.07763544638310764
3471.0;0.06972537892896573;0.0161839863713799;0.07763544638310764
3472.5;0.016550266845809666;0.016863406408094434;0.08085567533683244
3474.0;0.015687178238012765;0.017623877982923447;0.018242141523569108
3475.5;0.015687178238012765;0.016676298192025096;0.017384115565706695
3477.0;0.01653549687010534;0.014870091759449306;0.016638225255972697
3478.5;0.01653549687010534;0.018470790378006873;0.045928030303030304
3480.0;0.01653549687010534;0.016676298192025096;0.0170487948265726
3481.5;0.01653549687010534;0.017094017094017096;0.018010291595197254
3483.0;0.01653549687010534;0.016745540589734254;0.015001087035292413
3484.5;0.014829976303317897;0.018470790378006873;0.0161839863713799
3486.0;0.017387150648592545;0.03878406708595388;0.016863406408094434
3487.5;0.016530987295071384;0.03831780620032634;0.01842179442537598
3489.0;0.016530987295071384;0.018542690508967015;0.017699115044247787
3490.5;0.016530987295071384;0.0161839863713799;0.01749271137026239
3492.0;0.016530987295071384;0.01597712748065927;0.019269640210214257
3493.5;0.016530987295071384;0.0175513698630137;0.0933736030535457
3495.0;0.016530987295071384;0.015095605501509561;0.014967643488370664
3496.5;0.016530987295071384;0.08508990794115118;0.017518214028400533
3498.0;0.018244004306380245;0.015731292517006803;0.07902007572250924
3499.5;0.018243532876687153;0.018010291595197254;0.07902007572250924
3501.0;0.01567734827379584;0.0161839863713799;0.07107843253795049
3502.5;0.015677152879889675;0.01850632726208763;0.06980187606667133
3504.0;0.01652941341487852;0.04205607476635514;0.06980187606667133
3505.5;0.01652941341487852;0.017754480892796753;0.017094017094017096
3507.0;0.018242568233389038;0.017754480892796753;0.017094017094017096
3508.5;0.018242568233389038;0.015001087035292413;0.01865038996269922
3510.0;0.018242568233389038;0.015809071886378992;0.015001087035292413
3511.5;0.018242568233389038;0.015743018124095107;0.016676298192025096
3513.0;0.018242568233389038;0.014850222990092551;0.016676298192025096
3514.5;0.015676814372618864;0.014844188506303903;0.07659179563235237
3516.0;0.015676814372618864;0.09087154068566708;0.018332165356039182
3517.5;0.01824237324511988;0.09087154068566708;0.017094017094017096
3519.0;0.0175513698630137;0.017094017094017096;0.09087154068566708
3520.5;0.01865038996269922;0.017094017094017096;0.014945495799148322
3522.0;0.01865038996269922;0.01597712748065927;0.014945495799148322
3523.5;0.01865038996269922;0.018010291595197254;0.017498443680569787
3525.0;0.017623877982923447;0.01597712748065927;0.01660281557997176
3526.5;0.017623877982923447;0.01850632726208763;0.01660281557997176
3528.0;0.017623877982923447;0.01850632726208763;0.01660281557997176
3529.5;0.017623877982923447;0.04536862003780718;0.014870091759449306
3531.0;0.017623877982923447;0.016638225255972697;0.07922182109907742
3532.5;0.017623877982923447;0.016638225255972697;0.07922182109907742
3534.0;0.017623877982923447;0.01597712748065927;0.01842179442537598
3535.5;0.017623877982923447;0.01597712748065927;0.015095605501509561
3537.0;0.017623877982923447;0.01842179442537598;0.015095605501509561
3538.5;0.017623877982923447;0.017094017094017096;0.016676298192025096
3540.0;0.017623877982923447;0.01597712748065927;0.016676298192025096
3541.5;0.07868285545991754;0.09578691253681648;0.015769487034319674
3543.0;0.07547665433531073;0.09578691253681648;0.048187022900763356
3544.5;0.07547665433531073;0.018010291595197254;0.01865038996269922
3546.0;0.07547665433531073;0.015095605501509561;0.01865038996269922
3547.5;0.07547665433531073;0.015095605501509561;0.01865038996269922
3549.0;0.07547665433531073;0.017754480892796753;0.01865038996269922
3550.5;0.07547665433531073;0.05222437137330754;0.07639217169329678
3552.0;0.07547665433531073;0.015095605501509561;0.07216102560980384
3553.5;0.09115720524017466;0.017754480892796753;0.01488644788002137
3555.0;0.09115720524017466;0.01850632726208763;0.01488644788002137
3556.5;0.07672379434037466;0.01842179442537598;0.01488644788002137
3558.0;0.016745540589734254;0.01842179442537598;0.015095605501509561
3559.5;0.01488644788002137;0.01663225731761437;0.017699115044247787
3561.0;0.06910227840912597;0.015743018124095107;0.017094017094017096
3562.5;0.06910227840912597;0.015280135823429542;0.017094017094017096
3564.0;0.018289844042285466;0.01597712748065927;0.017094017094017096
3565.5;0.07183777609479909;0.01654091700522345;0.017094017094017096
3567.0;0.06750426682707018;0.015280135823429542;0.017094017094017096
3568.5;0.01654477169890474;0.016638225255972697;0.017094017094017096
3570.0;0.015687178238012765;0.016745540589734254;0.015095605501509561
3571.5;0.01825283975007182;0.01845342706502636;0.015001087035292413
3573.0;0.01825283975007182;0.01672535211267606;0.017498443680569787
3574.5;0.01825283975007182;0.0189328743545611;0.017498443680569787
3576.0;0.07247037473681829;0.016745540589734254;0.017465858520325457
3577.5;0.07247037473681829;0.01597712748065927;0.015724726735506497
3579.0;0.07247037473681829;0.016745540589734254;0.017427438387099873
3580.5;0.07247037473681829;0.014945495799148322;0.016557768507871926
3582.0;0.01653260196570383;0.019020693899530733;0.01654477169890474
3583.5;0.016531678096401558;0.018010291595197254;0.015687178238012765
3585.0;0.016531678096401558;0.0175513698630137;0.015687178238012765
3586.5;0.01567842217100666;0.07303592577970786;0.015687178238012765
3588.0;0.07028339099065288;0.017094017094017096;0.016537723722061845
3589.5;0.01567760904807164;0.015001087035292413;0.018246600758721136
3591.0;0.07131413883884316;0.016638225255972697;0.0161839863713799
3592.5;0.06716137443525667;0.01850632726208763;0.017754480892796753
3594.0;0.06716137443525667;0.016676298192025096;0.016745540589734254
3595.5;0.01652941341487852;0.017498443680569787;0.014910112661872163
3597.0;0.06612904231101957;0.017498443680569787;0.0170487948265726
3598.5;0.06612904231101957;0.0161839863713799;0.01865038996269922
