#auto generated file!
6.0;0.0223465536648348;0.0223465536648348;0.0223465536648348
7.5;0.0223465536648348;0.0223465536648348;0.0223465536648348
9.0;0.0223465536648348;0.0223465536648348;0.0223465536648348
10.5;0.0223465536648348;0.0223465536648348;0.0223465536648348
12.0;0.0223465536648348;0.0223465536648348;0.0351027397260274
13.5;0.0223465536648348;0.0223465536648348;0.014827018121911038
15.0;0.0173841059602649;0.014827018121911038;0.02460456942003515
16.5;0.0173841059602649;0.033276450511945395;0.024122807017543862
18.0;0.0173841059602649;0.03418803418803419;0.024122807017543862
19.5;0.038817005545286505;0.01567656765676568;0.0173841059602649
21.0;0.02802491103202847;0.0230722525804493;0.014827018121911038
22.5;0.0378657487091222;0.014827018121911038;0.014827018121911038
24.0;0.018470790378006873;0.018010291595197254;0.014827018121911038
25.5;0.025573192239858905;0.03602058319039451;0.018470790378006873
27.0;0.025573192239858905;0.03409090909090909;0.0378657487091222
28.5;0.01824212271973466;0.01824212271973466;0.033276450511945395
30.0;0.0173841059602649;0.01567656765676568;0.014827018121911038
31.5;0.0173841059602649;0.030560271646859084;0.018026004728132386
33.0;0.03828413284132841;0.0351027397260274;0.01567656765676568
34.5;0.032886334610472544;0.01652892561983471;0.036941580756013746
36.0;0.0378657487091222;0.03061868686868687;0.017094017094017096
37.5;0.01567656765676568;0.0323679727427598;0.017094017094017096
39.0;0.03617216117216117;0.01824212271973466;0.026548672566371685
40.5;0.036941580756013746;0.017373380447585393;0.0323679727427598
42.0;0.01567656765676568;0.018612132352941176;0.027531083481349913
43.5;0.01652892561983471;0.0378657487091222;0.016638225255972697
45.0;0.036941580756013746;0.01672535211267606;0.026548672566371685
46.5;0.018010291595197254;0.0175513698630137;0.03418803418803419
48.0;0.01730418943533698;0.017094017094017096;0.025820463320463317
49.5;0.02475049900199601;0.016638225255972697;0.01652892561983471
51.0;0.017699115044247787;0.024114774114774116;0.0161839863713799
52.5;0.0189328743545611;0.023809523809523808;0.027531083481349913
54.0;0.018470790378006873;0.022964015151515152;0.0351027397260274
55.5;0.0175513698630137;0.025529865125240848;0.018354055654233276
57.0;0.016638225255972697;0.039888682745825604;0.02703900709219858
58.5;0.0173841059602649;0.022405660377358493;0.03326935380678182
60.0;0.0161839863713799;0.0351027397260274;0.017094017094017096
61.5;0.0173841059602649;0.01672535211267606;0.026548672566371685
63.0;0.02516881522406384;0.030009920634920632;0.018026004728132386
64.5;0.03602058319039451;0.02703900709219858;0.036941580756013746
66.0;0.01567656765676568;0.0175513698630137;0.0189328743545611
67.5;0.016638225255972697;0.02703900709219858;0.02495201535508637
69.0;0.017094017094017096;0.023274161735700197;0.027531083481349913
70.5;0.024114774114774116;0.025573192239858905;0.018470790378006873
72.0;0.0378657487091222;0.027531083481349913;0.02802491103202847
73.5;0.039888682745825604;0.01672535211267606;0.01824212271973466
75.0;0.02802491103202847;0.022964015151515152;0.0378657487091222
76.5;0.025522755227552277;0.0230722525804493;0.016638225255972697
78.0;0.025088028169014082;0.027551020408163263;0.02516881522406384
79.5;0.025088028169014082;0.03365384615384615;0.0161839863713799
81.0;0.017094017094017096;0.0173841059602649;0.01824212271973466
82.5;0.023642732049036778;0.01824212271973466;0.018612132352941176
84.0;0.014827018121911038;0.017094017094017096;0.0173841059602649
85.5;0.01824212271973466;0.029017857142857144;0.02623456790123457
87.0;0.03442728442728442;0.018026004728132386;0.017094017094017096
88.5;0.01824212271973466;0.016638225255972697;0.0175513698630137
90.0;0.025088028169014082;0.024816176470588234;0.015280135823429542
91.5;0.031462585034013606;0.03617216117216117;0.02939958592132505
93.0;0.03828413284132841;0.024501992031872512;0.019142066420664204
94.5;0.018470790378006873;0.014827018121911038;0.015280135823429542
96.0;0.017094017094017096;0.022549019607843137;0.016638225255972697
97.5;0.01567656765676568;0.03602058319039451;0.01567656765676568
99.0;0.014827018121911038;0.025088028169014082;0.02703900709219858
100.5;0.017373380447585393;0.026060070671378093;0.024114774114774116
102.0;0.01824212271973466;0.017699115044247787;0.0173841059602649
103.5;0.0173841059602649;0.0161839863713799;0.0161839863713799
105.0;0.026060070671378093;0.01652892561983471;0.0220703125
106.5;0.01950286806883365;0.01824212271973466;0.018010291595197254
108.0;0.03669724770642202;0.014827018121911038;0.01652892561983471
109.5;0.02703900709219858;0.032886334610472544;0.025820463320463317
111.0;0.02703900709219858;0.01824212271973466;0.0173841059602649
112.5;0.030560271646859084;0.039888682745825604;0.026060070671378093
114.0;0.018354055654233276;0.03383297644539615;0.031746031746031744
115.5;0.01652892561983471;0.01567656765676568;0.018612132352941176
117.0;0.03418803418803419;0.037753222836095765;0.025573192239858905
118.5;0.0351027397260274;0.018612132352941176;0.024816176470588234
120.0;0.014827018121911038;0.0173841059602649;0.03602058319039451
121.5;0.037753222836095765;0.01567656765676568;0.018683274021352312
123.0;0.033276450511945395;0.019408502772643253;0.023244781783681213
124.5;0.014827018121911038;0.0351027397260274;0.03326226012793177
126.0;0.026060070671378093;0.014827018121911038;0.014827018121911038
127.5;0.03418803418803419;0.029891304347826088;0.017699115044247787
129.0;0.027531083481349913;0.024254473161033796;0.02802491103202847
130.5;0.030245746691871456;0.031462585034013606;0.016638225255972697
132.0;0.0175513698630137;0.027886497064579255;0.025088028169014082
133.5;0.03602058319039451;0.018470790378006873;0.03219315895372234
135.0;0.01567656765676568;0.017094017094017096;0.024464831804281346
136.5;0.01824212271973466;0.016638225255972697;0.01567656765676568
138.0;0.019274809160305342;0.01567656765676568;0.023765996343692867
139.5;0.019274809160305342;0.036941580756013746;0.026994163424124515
141.0;0.01824212271973466;0.016638225255972697;0.01824212271973466
142.5;0.01652892561983471;0.03418803418803419;0.023418491484184917
144.0;0.0161839863713799;0.0378657487091222;0.03326935380678182
145.5;0.030560271646859084;0.023809523809523808;0.02909270216962525
147.0;0.030560271646859084;0.022405660377358493;0.018010291595197254
148.5;0.014827018121911038;0.02802491103202847;0.03130252100840336
150.0;0.0323679727427598;0.026592455163883737;0.027531083481349913
151.5;0.0323679727427598;0.030560271646859084;0.01824212271973466
153.0;0.031462585034013606;0.024464831804281346;0.0175513698630137
154.5;0.023244781783681213;0.0161839863713799;0.01834862385321101
156.0;0.03326935380678182;0.0161839863713799;0.0170487948265726
157.5;0.0173841059602649;0.0170487948265726;0.024114774114774116
159.0;0.030560271646859084;0.01652892561983471;0.0173841059602649
160.5;0.03418803418803419;0.01652892561983471;0.024093511450381678
162.0;0.0175513698630137;0.016638225255972697;0.0175513698630137
163.5;0.014827018121911038;0.015731292517006803;0.01824212271973466
165.0;0.025522755227552277;0.03602058319039451;0.02352661596958175
166.5;0.02802491103202847;0.03602058319039451;0.0230722525804493
168.0;0.014827018121911038;0.02848722986247544;0.0170487948265726
169.5;0.014827018121911038;0.023765996343692867;0.0161839863713799
171.0;0.024122807017543862;0.02802491103202847;0.026060070671378093
172.5;0.0378657487091222;0.01824212271973466;0.01567656765676568
174.0;0.0378657487091222;0.027531083481349913;0.027531083481349913
175.5;0.039888682745825604;0.030560271646859084;0.027886497064579255
177.0;0.024114774114774116;0.014827018121911038;0.01834862385321101
178.5;0.024114774114774116;0.03722426470588235;0.0161839863713799
180.0;0.01824212271973466;0.01567656765676568;0.0173841059602649
181.5;0.014827018121911038;0.03669724770642202;0.017094017094017096
183.0;0.014827018121911038;0.02703900709219858;0.028908726847989324
184.5;0.014827018121911038;0.02802491103202847;0.016988416988416986
186.0;0.017754480892796753;0.03320921042632419;0.024464831804281346
187.5;0.017754480892796753;0.0161839863713799;0.03156312625250501
189.0;0.016676298192025096;0.03764790247400502;0.01780160609014529
190.5;0.017465858520325457;0.03764790247400502;0.01654091700522345
192.0;0.037210128013628566;0.03888888888888889;0.023762376237623763
193.5;0.037210128013628566;0.03250455826288745;0.041250831669993354
195.0;0.01570251018973342;0.03364823682209459;0.02520098948670377
196.5;0.018354055654233276;0.03262043654154879;0.02751117846251707
198.0;0.01597712748065927;0.03320921042632419;0.01674223954857426
199.5;0.017498443680569787;0.025088028169014082;0.02752293577981652
201.0;0.033676001417936904;0.03669724770642202;0.01654091700522345
202.5;0.01597712748065927;0.023418491484184917;0.024093511450381678
204.0;0.01597712748065927;0.030993042378241617;0.018876611418047883
205.5;0.0161839863713799;0.017094017094017096;0.02915766738660907
207.0;0.01850632726208763;0.016745540589734254;0.03020833333333333
208.5;0.0175513698630137;0.016863406408094434;0.037760416666666664
210.0;0.015095605501509561;0.03004578405188859;0.026283626052628364
211.5;0.017094017094017096;0.036707804682866475;0.01835078161749423
213.0;0.01597712748065927;0.01749271137026239;0.028970688479890934
214.5;0.017547197908565945;0.018876611418047883;0.028401997503121095
216.0;0.033676001417936904;0.016937514305333027;0.023809523809523808
217.5;0.03609431217943811;0.018026004728132386;0.03542094455852156
219.0;0.015769487034319674;0.018937169700528483;0.018902169101372285
220.5;0.030813820600779404;0.018026004728132386;0.01788842784693407
222.0;0.03435603223272361;0.034408602150537634;0.016838000708968452
223.5;0.018354055654233276;0.030245746691871456;0.04000288522358633
225.0;0.037753222836095765;0.0189328743545611;0.03326226012793177
226.5;0.015095605501509561;0.0170487948265726;0.01770244821092279
228.0;0.03357531760435572;0.03564899451553931;0.026341661297635245
229.5;0.038041387799061466;0.026148673888681355;0.024819427360786784
231.0;0.014945495799148322;0.03473411919538013;0.017596390484003282
232.5;0.03450566571561023;0.039347749025168376;0.025156290143016187
234.0;0.03435603223272361;0.027587890625;0.02268431001890359
235.5;0.036157843689975176;0.018716969225741748;0.01615855126908443
237.0;0.036157843689975176;0.02911275415896488;0.026592455163883737
238.5;0.036157843689975176;0.019263204616067467;0.026351523381142324
240.0;0.03797793703236822;0.02541127715685043;0.032924107142857144
241.5;0.01654477169890474;0.01597712748065927;0.03180628272251309
243.0;0.014836509492270044;0.018683274021352312;0.02351778656126482
244.5;0.015682478532320222;0.023031496062992124;0.024844529568939018
246.0;0.02460456942003515;0.01916116737278125;0.022309197651663407
247.5;0.02460456942003515;0.01856002343807222;0.020171743357096563
249.0;0.0285204991087344;0.017373380447585393;0.01934022113467464
250.5;0.0285204991087344;0.018047156089719053;0.020410766679423396
252.0;0.026060070671378093;0.017718839216707832;0.029814147230042165
253.5;0.015001087035292413;0.029647930821494754;0.02373068432671082
255.0;0.027531083481349913;0.024464831804281346;0.031176871578861693
256.5;0.03722426470588235;0.02752293577981652;0.02351778656126482
258.0;0.03512773722627738;0.019408502772643253;0.026839699159416013
259.5;0.03800513149454778;0.016043635035830027;0.03166189562427255
261.0;0.031244100868812533;0.018846829579939307;0.024054982817869414
262.5;0.033676001417936904;0.01834862385321101;0.025322619917214514
264.0;0.0189328743545611;0.022128060263653486;0.015517241379310345
265.5;0.015225395561747438;0.023809523809523808;0.029573367808661925
267.0;0.033676001417936904;0.03584905660377359;0.02819414703783012
268.5;0.0350922131147541;0.033038955941517026;0.02567720090293454
270.0;0.03372140883165756;0.028580208973570994;0.020635558169447114
271.5;0.03521627489989126;0.018470790378006873;0.02592592592592593
273.0;0.016649290814707802;0.015095605501509561;0.02460988309420483
274.5;0.039046777597801015;0.017094017094017096;0.021369102682701202
276.0;0.02460456942003515;0.025088028169014082;0.019050930119821174
277.5;0.016863406408094434;0.024093511450381678;0.03450226244343891
279.0;0.016863406408094434;0.03836189717018733;0.02421042214493737
280.5;0.026475958612294584;0.01836395435418795;0.020497803806734993
282.0;0.026475958612294584;0.015095605501509561;0.02462004429098089
283.5;0.025176372942315672;0.015095605501509561;0.028433476394849784
285.0;0.037199376389705316;0.017934291168491913;0.023882519138153074
286.5;0.037199376389705316;0.03564899451553931;0.026970443349753695
288.0;0.02460456942003515;0.024464831804281346;0.040073171979736984
289.5;0.017754480892796753;0.0189328743545611;0.018141311266709103
291.0;0.017623877982923447;0.03136882129277567;0.024653787445957583
292.5;0.03106789479980177;0.03365384615384615;0.019918961230315866
294.0;0.035572080214829514;0.029816513761467895;0.017830478700043915
295.5;0.01660281557997176;0.0175884771057884;0.027886497064579255
297.0;0.033494196742055664;0.02516881522406384;0.04251050962460358
298.5;0.03339355998530387;0.031723651744800845;0.030093267269017784
300.0;0.014844188506303903;0.027609028498049096;0.029397233201581028
301.5;0.03334073832066439;0.03326935380678182;0.03807390817469205
303.0;0.016537723722061845;0.018010291595197254;0.02891522988505747
304.5;0.016537723722061845;0.018470790378006873;0.027886497064579255
306.0;0.026548672566371685;0.026060070671378093;0.018354055654233276
307.5;0.031723651744800845;0.017373380447585393;0.023762376237623763
309.0;0.031723651744800845;0.0285204991087344;0.018022181146025877
310.5;0.017547197908565945;0.038817005545286505;0.018284611141753997
312.0;0.033697931493502586;0.01850632726208763;0.03498920086393088
313.5;0.032886334610472544;0.016676298192025096;0.01749271137026239
315.0;0.026548672566371685;0.0175513698630137;0.026779422128259334
316.5;0.015871286409530037;0.017094017094017096;0.019435224911627406
318.0;0.01660281557997176;0.01597712748065927;0.019673731176798662
319.5;0.01660281557997176;0.01865038996269922;0.028970688479890934
321.0;0.026548672566371685;0.01865038996269922;0.01900256574727389
322.5;0.03966822935448972;0.017094017094017096;0.03225896556156501
324.0;0.03706545928938685;0.03460837887067396;0.02521508680288831
325.5;0.03706545928938685;0.02802491103202847;0.027557808045612926
327.0;0.03106789479980177;0.01865038996269922;0.031320926009986386
328.5;0.03106789479980177;0.025573192239858905;0.015225395561747438
330.0;0.01663225731761437;0.015095605501509561;0.02574779061862678
331.5;0.03450566571561023;0.017623877982923447;0.017637213020560094
333.0;0.036275860696139695;0.017754480892796753;0.027032520325203254
334.5;0.036275860696139695;0.0161839863713799;0.023274161735700197
336.0;0.016557768507871926;0.032697066101095795;0.021402364451691806
337.5;0.03427946190269746;0.03320921042632419;0.02731332634790422
339.0;0.03517428528980739;0.01845342706502636;0.03830794829130935
340.5;0.036062392589235694;0.015163102542134104;0.03130252100840336
342.0;0.036062392589235694;0.03686195017523682;0.02536988685813751
343.5;0.03617216117216117;0.014896158355625185;0.018361189375813363
345.0;0.036646406864497674;0.018010291595197254;0.02393384239278061
346.5;0.038041387799061466;0.023274161735700197;0.017959282598158023
348.0;0.038041387799061466;0.035073966367429515;0.032924107142857144
349.5;0.038041387799061466;0.029504080351537978;0.025948332493087065
351.0;0.03482458408757866;0.02516881522406384;0.03312144529943125
352.5;0.037312715311890364;0.0175513698630137;0.022964015151515152
354.0;0.015724726735506497;0.0161839863713799;0.043375515247724795
355.5;0.01570251018973342;0.015001087035292413;0.016335052812576762
357.0;0.033324296038916436;0.016638225255972697;0.027551980833404637
358.5;0.015684481542853023;0.03364485981308411;0.030688484100030874
360.0;0.015684481542853023;0.016716209127469836;0.02534287418008348
361.5;0.016533838797490336;0.018010291595197254;0.03589420654911838
363.0;0.016533838797490336;0.015095605501509561;0.024254473161033796
364.5;0.01653260196570383;0.02238354506957048;0.043010752688172046
366.0;0.03237852960092877;0.016863406408094434;0.027587890625
367.5;0.037876570372820405;0.0285204991087344;0.026148673888681355
369.0;0.035109707545799736;0.03466050479914682;0.01741229204378933
370.5;0.01738538657899296;0.017094017094017096;0.024114774114774116
372.0;0.030563238328968595;0.015095605501509561;0.03397147147147147
373.5;0.030563238328968595;0.015001087035292413;0.04092613548115112
375.0;0.03146494238715598;0.03106789479980177;0.02799872733057588
376.5;0.03146494238715598;0.014870091759449306;0.01834862385321101
378.0;0.03146494238715598;0.03935185185185185;0.016335052812576762
379.5;0.015677006439402855;0.017754480892796753;0.031190019193857967
381.0;0.01652929138178772;0.017094017094017096;0.03754432031269191
382.5;0.0175513698630137;0.015095605501509561;0.030245746691871456
384.0;0.03466050479914682;0.0161839863713799;0.03617216117216117
385.5;0.016745540589734254;0.038655160014383315;0.015095605501509561
387.0;0.018010291595197254;0.030993042378241617;0.0368124729320052
388.5;0.018010291595197254;0.017373380447585393;0.03240740740740741
390.0;0.018010291595197254;0.01865038996269922;0.01672535211267606
391.5;0.018010291595197254;0.017623877982923447;0.0345679012345679
393.0;0.01865038996269922;0.01597712748065927;0.026173020527859234
394.5;0.01865038996269922;0.016863406408094434;0.017089125102207687
396.0;0.01865038996269922;0.016863406408094434;0.03215077605321508
397.5;0.01865038996269922;0.035774141714325206;0.03156312625250501
399.0;0.016745540589734254;0.03265254436585322;0.025690021231422507
400.5;0.016745540589734254;0.03265254436585322;0.01834862385321101
402.0;0.016745540589734254;0.0189328743545611;0.035298681148176886
403.5;0.035774141714325206;0.016745540589734254;0.016556291390728478
405.0;0.026060070671378093;0.040427509293680296;0.01597712748065927
406.5;0.026060070671378093;0.024122807017543862;0.02351778656126482
408.0;0.035650623885918005;0.016863406408094434;0.03397147147147147
409.5;0.035650623885918005;0.025522755227552277;0.04149568085146251
411.0;0.035650623885918005;0.025522755227552277;0.018197573656845753
412.5;0.035650623885918005;0.03460837887067396;0.029516994633273706
414.0;0.03130908265900325;0.03966822935448972;0.04162239212129065
415.5;0.03466050479914682;0.027531083481349913;0.020024461330280005
417.0;0.03609431217943811;0.015280135823429542;0.024170224486985265
418.5;0.016863406408094434;0.03357531760435572;0.03412017167381975
420.0;0.03433803891644411;0.03409090909090909;0.04170616113744076
421.5;0.018470790378006873;0.03864818325709216;0.024054982817869414
423.0;0.0161839863713799;0.03466050479914682;0.016357261371818553
424.5;0.017094017094017096;0.033879208022981784;0.037760416666666664
426.0;0.016863406408094434;0.03136882129277567;0.02795584045584046
427.5;0.018010291595197254;0.035650623885918005;0.019032396269320767
429.0;0.018683274021352312;0.03902213310711807;0.023565102946753215
430.5;0.0161839863713799;0.031723651744800845;0.019801980198019802
432.0;0.0175513698630137;0.031723651744800845;0.025502008032128515
433.5;0.0161839863713799;0.017094017094017096;0.017825311942959002
435.0;0.0161839863713799;0.031746031746031744;0.03125
436.5;0.027531083481349913;0.037753222836095765;0.02494777243356168
438.0;0.01672535211267606;0.016745540589734254;0.02268431001890359
439.5;0.017754480892796753;0.01865038996269922;0.026360579176293565
441.0;0.0175513698630137;0.043456032719836404;0.024033467974610503
442.5;0.03609431217943811;0.03834304043217692;0.022967314114763444
444.0;0.0161839863713799;0.04166586718345262;0.025068202446800865
445.5;0.03466050479914682;0.03421019573991104;0.028124999999999997
447.0;0.0175513698630137;0.0189328743545611;0.03652157074290773
448.5;0.03482458408757866;0.035650623885918005;0.024499654934437544
450.0;0.034633078205669056;0.035650623885918005;0.035014871180810384
451.5;0.03160480961955194;0.035650623885918005;0.021382796281252822
453.0;0.032449913274663476;0.01850632726208763;0.01785480120189246
454.5;0.015095605501509561;0.035774141714325206;0.01982057751611999
456.0;0.01865038996269922;0.017498443680569787;0.02733881163084703
457.5;0.015769487034319674;0.03441791502515164;0.02495201535508637
459.0;0.01488644788002137;0.03441791502515164;0.030710095083957112
460.5;0.030743823668949708;0.016557768507871926;0.02980239714933592
462.0;0.025088028169014082;0.016550266845809666;0.029481087604178453
463.5;0.025088028169014082;0.014839767744728968;0.019071369196057474
465.0;0.017754480892796753;0.018256492034823147;0.041044289511962685
466.5;0.032697066101095795;0.03764790247400502;0.01975701211675278
468.0;0.03212468193384224;0.03460837887067396;0.027482269503546097
469.5;0.039888682745825604;0.01865038996269922;0.031027253668763105
471.0;0.016863406408094434;0.01865038996269922;0.04172335600907029
472.5;0.016676298192025096;0.01865038996269922;0.03530751708428246
474.0;0.01810699588477366;0.03706545928938685;0.018999377069604275
475.5;0.02570933222608303;0.015769487034319674;0.017166334458772324
477.0;0.016002023152347986;0.03173139329252938;0.03225806451612903
478.5;0.03512773722627738;0.03696682464454976;0.02317655078391275
480.0;0.032697066101095795;0.03931837073981713;0.01767622907113149
481.5;0.031723651744800845;0.03931837073981713;0.01741138075894872
483.0;0.014945495799148322;0.017754480892796753;0.019536126938006493
484.5;0.02352661596958175;0.014945495799148322;0.03985324929907531
486.0;0.015154962909024714;0.0175513698630137;0.016897746967071057
487.5;0.032302332946268345;0.0175513698630137;0.024378585086042064
489.0;0.0369744210049458;0.026060070671378093;0.017112577971766515
490.5;0.034774142684043156;0.031746031746031744;0.017112577971766515
492.0;0.03722426470588235;0.03564899451553931;0.03875784919001636
493.5;0.03250478011472275;0.01850632726208763;0.026605569764137534
495.0;0.0161839863713799;0.017754480892796753;0.02911275415896488
496.5;0.017623877982923447;0.03669724770642202;0.0325497287522604
498.0;0.017623877982923447;0.032697066101095795;0.020429159318048208
499.5;0.017623877982923447;0.035650623885918005;0.030910897413150708
501.0;0.0170487948265726;0.017373380447585393;0.0249922863313792
502.5;0.0161839863713799;0.017373380447585393;0.023244781783681213
504.0;0.015001087035292413;0.017373380447585393;0.017699115044247787
505.5;0.029874213836477988;0.040968342644320296;0.0295796789674003
507.0;0.03542094455852156;0.031723651744800845;0.025605214152700187
508.5;0.016335052812576762;0.031723651744800845;0.019527766042341455
510.0;0.0161839863713799;0.024114774114774116;0.024254473161033796
511.5;0.0285204991087344;0.026060070671378093;0.03842750854614921
513.0;0.02238354506957048;0.031723651744800845;0.040424121935056324
514.5;0.02238354506957048;0.016745540589734254;0.024378585086042064
516.0;0.021832358674463936;0.033879208022981784;0.016838000708968452
517.5;0.03940367562010024;0.033879208022981784;0.03831678999370036
519.0;0.01597712748065927;0.018010291595197254;0.01726263871763255
520.5;0.015095605501509561;0.018010291595197254;0.03742080962095995
522.0;0.01865038996269922;0.0161839863713799;0.02441444205789097
523.5;0.015809071886378992;0.024464831804281346;0.023809523809523808
525.0;0.03764790247400502;0.024464831804281346;0.02623456790123457
526.5;0.03879026955950033;0.024464831804281346;0.01784040701566475
528.0;0.01810699588477366;0.024464831804281346;0.016838000708968452
529.5;0.017057012137412682;0.024464831804281346;0.017373380447585393
531.0;0.023274161735700197;0.030185758513931894;0.01712538226299694
532.5;0.037072945521698986;0.01702553830746119;0.01756386861313869
534.0;0.03401334844478025;0.01702553830746119;0.02475049900199601
535.5;0.029397233201581028;0.01702553830746119;0.023418491484184917
537.0;0.01726263871763255;0.015069294547215105;0.01783664661861255
538.5;0.015033359741139864;0.014986153377295074;0.01850632726208763
540.0;0.014965094221118901;0.0165975978705743;0.027291242362525458
541.5;0.018197573656845753;0.0165975978705743;0.02452919332913365
543.0;0.03589469305283176;0.0165975978705743;0.01697323818044204
544.5;0.015280135823429542;0.01657881062210249;0.016722333732638203
546.0;0.017623877982923447;0.03797064934001431;0.03902213310711807
547.5;0.03183910937543675;0.03797064934001431;0.016638225255972697
549.0;0.014870091759449306;0.016543753554588047;0.01678765880217786
550.5;0.016557768507871926;0.016543753554588047;0.024816176470588234
552.0;0.017934291168491913;0.036073071589741504;0.035869565217391305
553.5;0.017603269400950756;0.036073071589741504;0.025843642177901204
555.0;0.017534382187836362;0.017094017094017096;0.022789783889980354
556.5;0.015095605501509561;0.017094017094017096;0.01544910828831108
558.0;0.03864818325709216;0.016676298192025096;0.015517241379310345
559.5;0.026060070671378093;0.016676298192025096;0.016403046280023436
561.0;0.015095605501509561;0.018332165356039182;0.019408502772643253
562.5;0.016745540589734254;0.01830736743700201;0.018620022569724327
564.0;0.01663225731761437;0.03160480961955194;0.023809523809523808
565.5;0.01663225731761437;0.01570251018973342;0.022964015151515152
567.0;0.032886334610472544;0.025088028169014082;0.025240384615384616
568.5;0.017699115044247787;0.015095605501509561;0.019139945314441957
570.0;0.018848906360245943;0.024464831804281346;0.024462004034969734
571.5;0.01865038996269922;0.01865038996269922;0.01767916164903021
573.0;0.023244781783681213;0.01865038996269922;0.03844465486306225
574.5;0.017462905276233176;0.01865038996269922;0.032697066101095795
576.0;0.017122114923635367;0.014910112661872163;0.026592455163883737
577.5;0.03316662279547249;0.016582472972657695;0.01874107841782935
579.0;0.022964015151515152;0.018470790378006873;0.0175513698630137
580.5;0.037938033550235804;0.02352661596958175;0.03764790247400502
582.0;0.03758169934640523;0.04477151090983944;0.019142066420664204
583.5;0.015095605501509561;0.016217853406024562;0.018543046357615892
585.0;0.03764790247400502;0.017773776536674248;0.03494103235414214
586.5;0.0175513698630137;0.017699115044247787;0.015154962909024714
588.0;0.016745540589734254;0.01749271137026239;0.026060070671378093
589.5;0.025088028169014082;0.02587800369685767;0.02802491103202847
591.0;0.032256841786066255;0.018197573656845753;0.026060070671378093
592.5;0.01597712748065927;0.015280135823429542;0.023642732049036778
594.0;0.017094017094017096;0.015001087035292413;0.024114774114774116
595.5;0.017754480892796753;0.032697066101095795;0.024093511450381678
597.0;0.019139945314441957;0.017498443680569787;0.03423209093312186
598.5;0.026548672566371685;0.018010291595197254;0.0175513698630137
600.0;0.01865038996269922;0.038817005545286505;0.02703900709219858
601.5;0.01850632726208763;0.02623456790123457;0.032843833885993996
603.0;0.023765996343692867;0.016863406408094434;0.01929824561403509
604.5;0.01726263871763255;0.03466050479914682;0.027315467795016455
606.0;0.025088028169014082;0.0161839863713799;0.0189328743545611
607.5;0.018470790378006873;0.01850632726208763;0.03879026955950033
609.0;0.017699115044247787;0.034633078205669056;0.03722426470588235
610.5;0.01850632726208763;0.025573192239858905;0.029702970297029705
612.0;0.02238354506957048;0.01597712748065927;0.03250478011472275
613.5;0.036646406864497674;0.014945495799148322;0.025522755227552277
615.0;0.035774141714325206;0.024114774114774116;0.03669724770642202
616.5;0.03746174588351344;0.0161839863713799;0.02428760067333958
618.0;0.03825578292372061;0.029504080351537978;0.04195042222827568
619.5;0.033435588205396154;0.02911275415896488;0.03072625698324023
621.0;0.016557768507871926;0.028067078552515445;0.0161839863713799
622.5;0.01865038996269922;0.032143110177643916;0.01850632726208763
624.0;0.027531083481349913;0.03072625698324023;0.03212468193384224
625.5;0.024114774114774116;0.03512773722627738;0.0161839863713799
627.0;0.03951778570656288;0.041223404255319146;0.03617216117216117
628.5;0.016830578931359627;0.02612543040539583;0.03919631093544137
630.0;0.03762684928063263;0.017754480892796753;0.03621399176954732
631.5;0.027531083481349913;0.016745540589734254;0.03535245814226298
633.0;0.015095605501509561;0.016638225255972697;0.029604146920817684
634.5;0.03841245791927793;0.03609431217943811;0.026948294405801324
636.0;0.038817005545286505;0.028186274509803922;0.03061868686868687
637.5;0.03364485981308411;0.028186274509803922;0.015280135823429542
639.0;0.016988416988416986;0.018020513790726903;0.031746031746031744
640.5;0.03365384615384615;0.032263496789406786;0.031746031746031744
642.0;0.017094017094017096;0.016863406408094434;0.024122807017543862
643.5;0.032886334610472544;0.025573192239858905;0.03564899451553931
645.0;0.017754480892796753;0.024122807017543862;0.017971946230274694
646.5;0.015095605501509561;0.016676298192025096;0.03512773722627738
648.0;0.036646406864497674;0.035650623885918005;0.035751028806584366
649.5;0.023031496062992124;0.03916827852998066;0.03669724770642202
651.0;0.033895033548821965;0.017015706806282723;0.01749271137026239
652.5;0.01764086686045446;0.03858520900321543;0.041445641108074804
654.0;0.036773551845949506;0.028769144302374594;0.01861305152546421
655.5;0.0189328743545611;0.04280472890338361;0.026148673888681355
657.0;0.023642732049036778;0.028233920953070916;0.018052243358660087
658.5;0.017094017094017096;0.03965084515440188;0.03570872769972978
660.0;0.02703900709219858;0.03965084515440188;0.02460456942003515
661.5;0.018937169700528483;0.018683274021352312;0.01865038996269922
663.0;0.01594765689784196;0.01612259159428971;0.015280135823429542
664.5;0.029017857142857144;0.019139945314441957;0.018010291595197254
666.0;0.01850632726208763;0.022789783889980354;0.03482458408757866
667.5;0.016676298192025096;0.02724597412685608;0.02703900709219858
669.0;0.01749271137026239;0.02724597412685608;0.027531083481349913
670.5;0.018010291595197254;0.037422037422037424;0.030627490039840638
672.0;0.01865038996269922;0.01971494409831868;0.026344152244872826
673.5;0.024816176470588234;0.01703197690454738;0.016775307882501863
675.0;0.038817005545286505;0.018797625547191155;0.035869565217391305
676.5;0.03136882129277567;0.03530751708428246;0.03317033414832926
678.0;0.03136882129277567;0.01942319011183049;0.035421888053467
679.5;0.017971946230274694;0.017373380447585393;0.016638225255972697
681.0;0.0364917322581337;0.01850632726208763;0.026548672566371685
682.5;0.02802491103202847;0.017547197908565945;0.022405660377358493
684.0;0.015001087035292413;0.029074889867841413;0.03268701306308945
685.5;0.0340398201669878;0.019274809160305342;0.034206481532867324
687.0;0.016830578931359627;0.01983411467724486;0.01581441031817882
688.5;0.027587890625;0.017316539102834528;0.015745394605027857
690.0;0.024816176470588234;0.0153103221203973;0.0335017395885384
691.5;0.02909270216962525;0.024114774114774116;0.016863406408094434
693.0;0.029874213836477988;0.02268431001890359;0.0230722525804493
694.5;0.023762376237623763;0.03276735180220435;0.018470790378006873
696.0;0.019347121637197973;0.016903583394228514;0.018470790378006873
697.5;0.024464831804281346;0.038655160014383315;0.01865038996269922
699.0;0.024093511450381678;0.024093511450381678;0.01865038996269922
700.5;0.02469956910763214;0.03156312625250501;0.016745540589734254
702.0;0.03807330139656354;0.024093511450381678;0.016745540589734254
703.5;0.0175513698630137;0.018937169700528483;0.024816176470588234
705.0;0.024093511450381678;0.025590081856473018;0.037753222836095765
706.5;0.017773776536674248;0.026548672566371685;0.017094017094017096
708.0;0.036646406864497674;0.031723651744800845;0.016676298192025096
709.5;0.03460837887067396;0.014945495799148322;0.03825578292372061
711.0;0.028580208973570994;0.017465858520325457;0.018010291595197254
712.5;0.027018175863762896;0.015871286409530037;0.03764790247400502
714.0;0.03722426470588235;0.0170487948265726;0.024122807017543862
715.5;0.03466050479914682;0.0170487948265726;0.0285204991087344
717.0;0.025522755227552277;0.016863406408094434;0.03250478011472275
718.5;0.04024144869215292;0.030993042378241617;0.02460456942003515
720.0;0.01713180436584692;0.01672535211267606;0.02460456942003515
721.5;0.01713180436584692;0.015095605501509561;0.02460456942003515
723.0;0.02516881522406384;0.01645021645021645;0.02460456942003515
724.5;0.018470790378006873;0.017854807063440156;0.025573192239858905
726.0;0.0189328743545611;0.01845779733547949;0.038041387799061466
727.5;0.03966822935448972;0.017373380447585393;0.034633078205669056
729.0;0.03320921042632419;0.026998169615619284;0.024114774114774116
730.5;0.038817005545286505;0.017825311942959002;0.03951778570656288
732.0;0.036646406864497674;0.015202013639811085;0.03951778570656288
733.5;0.017547197908565945;0.018010291595197254;0.01771809624494277
735.0;0.0230722525804493;0.0175513698630137;0.03289285823417288
736.5;0.0230722525804493;0.016863406408094434;0.03181117238826367
738.0;0.018086080586080584;0.016638225255972697;0.03526800570231698
739.5;0.03316662279547249;0.017934291168491913;0.03707646132611836
741.0;0.01601318781639348;0.03215077605321508;0.03425153161322458
742.5;0.01676764541378836;0.023504168240362142;0.03604983045107421
744.0;0.016863406408094434;0.02652926041763538;0.01597712748065927
745.5;0.01597712748065927;0.02922777677191384;0.014945495799148322
747.0;0.0161839863713799;0.018937169700528483;0.014870091759449306
748.5;0.0175513698630137;0.023765996343692867;0.025573192239858905
750.0;0.017754480892796753;0.02724539646749342;0.015809071886378992
751.5;0.015597920277296359;0.01932409162854608;0.01836806645203033
753.0;0.035154762207043645;0.018354055654233276;0.03828413284132841
754.5;0.02516881522406384;0.04083518107908352;0.0161839863713799
756.0;0.018937169700528483;0.023765996343692867;0.026475958612294584
757.5;0.016081348496769426;0.03061868686868687;0.040968342644320296
759.0;0.01749271137026239;0.017824497257769654;0.024816176470588234
760.5;0.016821418488660245;0.02724539646749342;0.03125
762.0;0.0175513698630137;0.03858520900321543;0.028861105927722834
763.5;0.01845342706502636;0.025522755227552277;0.01512779241718377
765.0;0.016897746967071057;0.03888888888888889;0.030185758513931894
766.5;0.03540190505852735;0.030841539838854074;0.03669724770642202
768.0;0.017015706806282723;0.02516881522406384;0.03950892857142857
769.5;0.026457750968564567;0.040316960483184054;0.04477151090983944
771.0;0.040724464544756374;0.03535245814226298;0.024178800028135335
772.5;0.037980859304124065;0.017910447761194027;0.038655160014383315
774.0;0.02460456942003515;0.016403046280023436;0.028233920953070916
775.5;0.032256841786066255;0.027551020408163263;0.016335052812576762
777.0;0.015743018124095107;0.035918565196316046;0.022128060263653486
778.5;0.025573192239858905;0.03778870234672108;0.036728708532563416
780.0;0.01865038996269922;0.03869954147671858;0.031088518480397096
781.5;0.03416622228993677;0.027531083481349913;0.02802491103202847
783.0;0.036646406864497674;0.01597712748065927;0.015809071886378992
784.5;0.036646406864497674;0.025573192239858905;0.026548672566371685
786.0;0.01865038996269922;0.014945495799148322;0.024464831804281346
787.5;0.03828413284132841;0.014945495799148322;0.036282622533418206
789.0;0.017094017094017096;0.03902213310711807;0.018010291595197254
790.5;0.016745540589734254;0.015414729630535846;0.039473684210526314
792.0;0.02516881522406384;0.0230722525804493;0.017373380447585393
793.5;0.015095605501509561;0.03306159420289855;0.023418491484184917
795.0;0.033879208022981784;0.024093511450381678;0.0161839863713799
796.5;0.026548672566371685;0.038942267324001106;0.016863406408094434
798.0;0.015871286409530037;0.035751028806584366;0.029478889311525296
799.5;0.017094017094017096;0.041666666666666664;0.03919631093544137
801.0;0.017094017094017096;0.0325497287522604;0.03828413284132841
802.5;0.017754480892796753;0.03416622228993677;0.029516994633273706
804.0;0.03966822935448972;0.024093511450381678;0.06174924924924926
805.5;0.015809071886378992;0.01897923971725942;0.025679798381748244
807.0;0.015769487034319674;0.02516881522406384;0.02835538752362949
808.5;0.018010291595197254;0.02284162378502001;0.023581448122822347
810.0;0.033676001417936904;0.024664750957854403;0.017089125102207687
811.5;0.017699115044247787;0.018832655731576244;0.02525050100200401
813.0;0.017287443030017287;0.024816176470588234;0.02657372201098437
814.5;0.027388262789293304;0.019013666072489603;0.02939958592132505
816.0;0.01865038996269922;0.02767652220872148;0.017878422428924522
817.5;0.017498443680569787;0.02722345405272235;0.02352661596958175
819.0;0.0175513698630137;0.03966323666978484;0.03203883495145632
820.5;0.01897923971725942;0.018851123112434306;0.026552639746198144
822.0;0.025088028169014082;0.024093511450381678;0.024378585086042064
823.5;0.017754480892796753;0.029478889311525296;0.017215791035915702
825.0;0.031723651744800845;0.018666279410617808;0.024816176470588234
826.5;0.038817005545286505;0.023274161735700197;0.030098504195549075
828.0;0.015731292517006803;0.0167163622810287;0.032302332946268345
829.5;0.016638225255972697;0.02623456790123457;0.037422037422037424
831.0;0.017971946230274694;0.01784040701566475;0.016043635035830027
832.5;0.017971946230274694;0.02915766738660907;0.018010291595197254
834.0;0.0161839863713799;0.026077596751308774;0.025573192239858905
835.5;0.035650623885918005;0.017620235846214374;0.038385826771653545
837.0;0.015871286409530037;0.017825311942959002;0.031723651744800845
838.5;0.019013666072489603;0.015302583076023234;0.033697931493502586
840.0;0.041666666666666664;0.023244781783681213;0.03512773722627738
841.5;0.017971946230274694;0.018010291595197254;0.03740409207161126
843.0;0.01597712748065927;0.024114774114774116;0.026143539525066865
844.5;0.015769487034319674;0.01726263871763255;0.03365384615384615
846.0;0.01597712748065927;0.024114774114774116;0.04047619047619048
847.5;0.017623877982923447;0.01608187134502924;0.0350922131147541
849.0;0.030993042378241617;0.018371212121212118;0.03365384615384615
850.5;0.04334677419354839;0.031746031746031744;0.02669539153240914
852.0;0.038817005545286505;0.017094017094017096;0.01925569586423465
853.5;0.016863406408094434;0.029664014146772767;0.0177109440267335
855.0;0.03106789479980177;0.018323203432248837;0.032843833885993996
856.5;0.030993042378241617;0.01999107541276216;0.025304620726710057
858.0;0.01612259159428971;0.0201261083047794;0.02516881522406384
859.5;0.03313611109826108;0.01834862385321101;0.018086080586080584
861.0;0.02460456942003515;0.017373380447585393;0.022727272727272728
862.5;0.03609431217943811;0.017825311942959002;0.01645021645021645
864.0;0.03609431217943811;0.01845342706502636;0.035618500273672686
865.5;0.03106789479980177;0.02911275415896488;0.02316305849528633
867.0;0.03919631093544137;0.019408502772643253;0.03136882129277567
868.5;0.03919631093544137;0.029647930821494754;0.03370786516853933
870.0;0.035650623885918005;0.032886334610472544;0.017643841286736444
871.5;0.035650623885918005;0.01784040701566475;0.03370786516853933
873.0;0.03306159420289855;0.016293098349991132;0.018120923157925527
874.5;0.018010291595197254;0.032135306553911204;0.024664750957854403
876.0;0.017094017094017096;0.02802491103202847;0.02833675564681725
877.5;0.03316662279547249;0.015731292517006803;0.02622685130014062
879.0;0.02752293577981652;0.03014508328855454;0.03266518188567186
880.5;0.0392709217668699;0.026548672566371685;0.036415289256198344
882.0;0.015842570532438566;0.019139945314441957;0.017792037334111128
883.5;0.015757596005086798;0.034891161379767985;0.022964015151515152
885.0;0.03169827206958584;0.015095605501509561;0.03442728442728442
886.5;0.03169827206958584;0.02703900709219858;0.02611218568665377
888.0;0.02878937007874016;0.038041387799061466;0.017699115044247787
889.5;0.016638225255972697;0.030813820600779404;0.016925804691762136
891.0;0.02587800369685767;0.0285204991087344;0.022789783889980354
892.5;0.01597712748065927;0.03822876179900055;0.024501992031872512
894.0;0.018470790378006873;0.0285204991087344;0.025354883505631847
895.5;0.035650623885918005;0.032673267326732675;0.019626168224299065
897.0;0.035650623885918005;0.019139945314441957;0.018063070026279177
898.5;0.025573192239858905;0.026592455163883737;0.025176372942315672
900.0;0.016676298192025096;0.016638225255972697;0.023762376237623763
901.5;0.024114774114774116;0.03323543808125306;0.015517241379310345
903.0;0.026457750968564567;0.01696603985405557;0.01654091700522345
904.5;0.017373380447585393;0.0189328743545611;0.027291242362525458
906.0;0.018683274021352312;0.01834862385321101;0.035748517585898795
907.5;0.031746031746031744;0.02682763246143528;0.026341492399849963
909.0;0.015225395561747438;0.02584689364990769;0.017305765552418254
910.5;0.0175513698630137;0.027717555739849502;0.025286994810504795
912.0;0.01942319011183049;0.015911530277005995;0.03486249337494847
913.5;0.0285204991087344;0.01904761904761905;0.015140159941773442
915.0;0.01865038996269922;0.02495201535508637;0.01764234161988773
916.5;0.015871286409530037;0.02460456942003515;0.019408502772643253
918.0;0.015871286409530037;0.03088450292397661;0.019114380899500277
919.5;0.017498443680569787;0.017825311942959002;0.017356740642596888
921.0;0.036275860696139695;0.03859174001354096;0.027886497064579255
922.5;0.036275860696139695;0.017094017094017096;0.018371212121212118
924.0;0.02802491103202847;0.01865038996269922;0.023244781783681213
925.5;0.041901692183722805;0.024464831804281346;0.018027686896003935
927.0;0.016917819729987117;0.02911275415896488;0.022959183673469385
928.5;0.016917819729987117;0.0170487948265726;0.018185821224130337
930.0;0.037778677449341894;0.025439127801332527;0.01813557316928901
931.5;0.014892878739471808;0.03187751004016064;0.026994163424124515
933.0;0.014892878739471808;0.019511066553559036;0.02675933970460469
934.5;0.03817750244173846;0.01654091700522345;0.024378585086042064
936.0;0.018294684128389183;0.016830578931359627;0.02389012477028726
937.5;0.03919631093544137;0.02587800369685767;0.027551020408163263
939.0;0.033676001417936904;0.023418491484184917;0.019370257444808695
940.5;0.015769487034319674;0.017754480892796753;0.02911275415896488
942.0;0.015743018124095107;0.03357531760435572;0.02506936187078874
943.5;0.015743018124095107;0.04212932723709994;0.024254473161033796
945.0;0.036275860696139695;0.017934291168491913;0.02079334612923865
946.5;0.0306944381170478;0.03357531760435572;0.025270915463191844
948.0;0.01570251018973342;0.033879208022981784;0.023765996343692867
949.5;0.01570251018973342;0.018332165356039182;0.023244781783681213
951.0;0.01570251018973342;0.023642732049036778;0.019617301817012378
952.5;0.01570251018973342;0.015414729630535846;0.01958413926499033
954.0;0.0182681206624895;0.0175513698630137;0.025795211869169384
955.5;0.014836509492270044;0.015095605501509561;0.025502008032128515
957.0;0.029516994633273706;0.015095605501509561;0.019839679358717437
958.5;0.03564899451553931;0.02460456942003515;0.041566746602717815
960.0;0.03564899451553931;0.017623877982923447;0.017083111144968386
961.5;0.03564899451553931;0.018332165356039182;0.029937629937629936
963.0;0.015095605501509561;0.01597712748065927;0.03501646542261251
964.5;0.015095605501509561;0.026457750968564567;0.024948024948024946
966.0;0.015095605501509561;0.016025963289428118;0.03207212533254508
967.5;0.038041387799061466;0.026548672566371685;0.015380749767672158
969.0;0.01836806645203033;0.015095605501509561;0.019098751010872494
970.5;0.017465858520325457;0.040968342644320296;0.028865979381443297
972.0;0.017465858520325457;0.03072625698324023;0.027557808045612926
973.5;0.017465858520325457;0.028580208973570994;0.052951032690466415
975.0;0.017465858520325457;0.03823174953203928;0.029152792823374955
976.5;0.03160480961955194;0.019345238095238096;0.037422037422037424
978.0;0.015695763321720377;0.032886334610472544;0.03817365269461078
979.5;0.03423853899517871;0.022727272727272728;0.026545402933665644
981.0;0.0351424443992876;0.015731292517006803;0.01810699588477366
982.5;0.03512490638976303;0.017373380447585393;0.032696390658174104
984.0;0.018246600758721136;0.03530661003451022;0.03040145249142626
985.5;0.018246600758721136;0.01810699588477366;0.024780074307915134
987.0;0.018246600758721136;0.018010291595197254;0.018595825426944972
988.5;0.037880197145298;0.017094017094017096;0.033922095995075806
990.0;0.037876570372820405;0.0161839863713799;0.03351704256401561
991.5;0.018243532876687153;0.017754480892796753;0.03136052898401976
993.0;0.015677152879889675;0.019274809160305342;0.032696390658174104
994.5;0.015677152879889675;0.028076718167288225;0.0276093546990039
996.0;0.015677152879889675;0.015280135823429542;0.027301044772501393
997.5;0.014827410635276744;0.021575984990619135;0.04038004750593824
999.0;0.015676896668012225;0.026457750968564567;0.01754649070185963
1000.5;0.015676896668012225;0.02703915249985528;0.016429426632965278
1002.0;0.036021885773510065;0.032886334610472544;0.03498920086393088
1003.5;0.03786682815408853;0.027531083481349913;0.039297781695313644
1005.0;0.03786682815408853;0.026475958612294584;0.018026004728132386
1006.5;0.030560798922051387;0.026384343193694787;0.018792559974975337
1008.0;0.03510326144246906;0.01762942769560961;0.029293509477311894
1009.5;0.014827087928111741;0.028633270017665278;0.022789783889980354
1011.0;0.014827087928111741;0.023765996343692867;0.035885989010989015
1012.5;0.014827087928111741;0.03460837887067396;0.02832799423041444
1014.0;0.03786600478738562;0.055759055759055765;0.03491744363318559
1015.5;0.03786600478738562;0.018170805572380377;0.027021031147395506
1017.0;0.03786594076320746;0.029074889867841413;0.01846545686087233
1018.5;0.014827034685184563;0.025956759510685466;0.027459792532293165
1020.0;0.014827034685184563;0.0327129791558785;0.02587800369685767
1021.5;0.03056031122618599;0.027531083481349913;0.036415289256198344
1023.0;0.03056031122618599;0.03722426470588235;0.01749271137026239
1024.5;0.03056031122618599;0.047405660377358494;0.03779619130687599
1026.0;0.017384115565706695;0.017849964223471185;0.023829712837099525
1027.5;0.01738411316431663;0.026547080735685454;0.02919600938967136
1029.0;0.0175513698630137;0.01593036505843104;0.02421042214493737
1030.5;0.01865038996269922;0.017094017094017096;0.020766936214184812
1032.0;0.015001087035292413;0.019511066553559036;0.04116372640049521
1033.5;0.01663225731761437;0.039888682745825604;0.026143790849673203
1035.0;0.018332165356039182;0.04271844660194175;0.047666934835076426
1036.5;0.032573955124637066;0.016371008616320324;0.024294789506599523
1038.0;0.01865038996269922;0.03409090909090909;0.03397147147147147
1039.5;0.025088028169014082;0.025522755227552277;0.019958419958419956
1041.0;0.01597712748065927;0.02703900709219858;0.019877181641887523
1042.5;0.0175513698630137;0.03858564130142512;0.023762376237623763
1044.0;0.0175513698630137;0.03828413284132841;0.022959183673469385
1045.5;0.02703900709219858;0.0285204991087344;0.026085434173669465
1047.0;0.02703900709219858;0.03764790247400502;0.03498920086393088
1048.5;0.017754480892796753;0.029874213836477988;0.027811860940695293
1050.0;0.03902213310711807;0.034328834095015415;0.026754588104607607
1051.5;0.035572080214829514;0.03564899451553931;0.02379800920274204
1053.0;0.037210128013628566;0.01890359168241966;0.04064736499674691
1054.5;0.037210128013628566;0.017110072619036076;0.03204834722095046
1056.0;0.03527987093940073;0.017796927688272762;0.0262825989665975
1057.5;0.03527987093940073;0.02623456790123457;0.03869588590659036
1059.0;0.016638225255972697;0.02400793650793651;0.018413173652694608
1060.5;0.016638225255972697;0.01672535211267606;0.03129836523957273
1062.0;0.01865038996269922;0.025240384615384616;0.03676148796498906
1063.5;0.015001087035292413;0.015489719503383037;0.017089125102207687
1065.0;0.023418491484184917;0.033676975945017174;0.0283840190816935
1066.5;0.015280135823429542;0.016681479835573824;0.017762719395689845
1068.0;0.017754480892796753;0.0342146648794863;0.025243093271911113
1069.5;0.017754480892796753;0.019139945314441957;0.025322619917214514
1071.0;0.018354055654233276;0.02724539646749342;0.02891543420553659
1072.5;0.018470790378006873;0.03834304043217692;0.017792037334111128
1074.0;0.015095605501509561;0.02802491103202847;0.02733881163084703
1075.5;0.016676298192025096;0.0161839863713799;0.02561342740812564
1077.0;0.01660281557997176;0.03365384615384615;0.018836565096952907
1078.5;0.01660281557997176;0.023765996343692867;0.028297706405757028
1080.0;0.01830736743700201;0.031723651744800845;0.038542607648298706
1081.5;0.036157843689975176;0.026548672566371685;0.035312703280364274
1083.0;0.036157843689975176;0.030318091451292245;0.01712538226299694
1084.5;0.036157843689975176;0.017699115044247787;0.03740409207161126
1086.0;0.01740771421307761;0.03564899451553931;0.02884435287507024
1087.5;0.01654091700522345;0.016676298192025096;0.03689567430025445
1089.0;0.01594765689784196;0.016676298192025096;0.020248983254730492
1090.5;0.0189328743545611;0.0175513698630137;0.01654091700522345
1092.0;0.03902213310711807;0.01597712748065927;0.02928870292887029
1093.5;0.01865038996269922;0.023418491484184917;0.019598155467720684
1095.0;0.01865038996269922;0.037753222836095765;0.01658516707416463
1096.5;0.01850632726208763;0.01597712748065927;0.017460979111666896
1098.0;0.017094017094017096;0.016638225255972697;0.027240143369175622
1099.5;0.014945495799148322;0.01865038996269922;0.02352661596958175
1101.0;0.015095605501509561;0.0367279087083759;0.017792037334111128
1102.5;0.01702553830746119;0.01488644788002137;0.01982057751611999
1104.0;0.017534382187836362;0.017427438387099873;0.025770848674131815
1105.5;0.01832580429276873;0.015690820879123473;0.02860082304526749
1107.0;0.017094017094017096;0.015690820879123473;0.022959183673469385
1108.5;0.025820463320463317;0.03764790247400502;0.03765136919884661
1110.0;0.025820463320463317;0.017547197908565945;0.025247524752475246
1111.5;0.016335052812576762;0.03828413284132841;0.02352661596958175
1113.0;0.01612259159428971;0.03466050479914682;0.03831705484598046
1114.5;0.01771809624494277;0.03466050479914682;0.018234798782730117
1116.0;0.015095605501509561;0.01672535211267606;0.025841778358940828
1117.5;0.015871286409530037;0.01672535211267606;0.024166411746711535
1119.0;0.017094017094017096;0.017754480892796753;0.030553523134372845
1120.5;0.017094017094017096;0.024093511450381678;0.028865979381443297
1122.0;0.018354055654233276;0.031449994508731115;0.030171509100176904
1123.5;0.038817005545286505;0.03684649204591152;0.0365806864208058
1125.0;0.022405660377358493;0.014895060311512434;0.016674644965693316
1126.5;0.0411860619602633;0.014895060311512434;0.018846829579939307
1128.0;0.026586391521120464;0.014895060311512434;0.017862786366050955
1129.5;0.01710055673927676;0.014895060311512434;0.03276735180220435
1131.0;0.032263158036593444;0.01865038996269922;0.03072792362768496
1132.5;0.01842307533604834;0.0367279087083759;0.018364354266281708
1134.0;0.016632945054906898;0.01836806645203033;0.026979111813235035
1135.5;0.01833273682913377;0.017443347491498312;0.018851123112434306
1137.0;0.03250478011472275;0.016557768507871926;0.02623456790123457
1138.5;0.03638309256286784;0.0182681206624895;0.024122807017543862
1140.0;0.014986153377295074;0.0182681206624895;0.01890359168241966
1141.5;0.03466050479914682;0.017401635028469288;0.017596390484003282
1143.0;0.036514961411379304;0.030590360834056505;0.024114774114774116
1144.5;0.025573192239858905;0.03697442074382769;0.027246992215145083
1146.0;0.015280135823429542;0.03697442074382769;0.018197573656845753
1147.5;0.02703900709219858;0.018248107350266503;0.025665859564164648
1149.0;0.03902213310711807;0.024816176470588234;0.018147448015122872
1150.5;0.01836806645203033;0.028580208973570994;0.018014359856939253
1152.0;0.03357531760435572;0.018848906360245943;0.023675823341933525
1153.5;0.016863406408094434;0.018848906360245943;0.01860046771001979
1155.0;0.0325497287522604;0.0321878706485571;0.03347578347578348
1156.5;0.015095605501509561;0.0321878706485571;0.02736607695162687
1158.0;0.026548672566371685;0.03858606712690403;0.017824497257769654
1159.5;0.026548672566371685;0.03858606712690403;0.024254473161033796
1161.0;0.025522755227552277;0.031712339986811826;0.02384835180151927
1162.5;0.022041062801932364;0.03255982617703025;0.023166928687404966
1164.0;0.01597712748065927;0.018286654614341546;0.016764669714975162
1165.5;0.017699115044247787;0.030652520088100266;0.02531293463143254
1167.0;0.03160767554530645;0.0161839863713799;0.027777777777777776
1168.5;0.015001087035292413;0.035127911416571206;0.017440853510686204
1170.0;0.01597712748065927;0.035127911416571206;0.04543577034283354
1171.5;0.01597712748065927;0.016676298192025096;0.03374808249531277
1173.0;0.03609431217943811;0.033676001417936904;0.04513888888888889
1174.5;0.017498443680569787;0.032000890578704894;0.017389481863166075
1176.0;0.016348533050547898;0.015743018124095107;0.017278677216528596
1177.5;0.017773776536674248;0.03165717058169511;0.019013666072489603
1179.0;0.017502742449495224;0.01740771421307761;0.030938123752495012
1180.5;0.017502742449495224;0.022727272727272728;0.027246992215145083
1182.0;0.024816176470588234;0.022727272727272728;0.04364809782608696
1183.5;0.018026004728132386;0.030185758513931894;0.038100208768267224
1185.0;0.029647930821494754;0.03331214913674399;0.027332170880557977
1186.5;0.0216998191681736;0.016403046280023436;0.03370786516853933
1188.0;0.015280135823429542;0.03466050479914682;0.018157673695772675
1189.5;0.032256841786066255;0.038655160014383315;0.02987882517984357
1191.0;0.014945495799148322;0.017547197908565945;0.03511762700306853
1192.5;0.014910112661872163;0.018332165356039182;0.017946634552603705
1194.0;0.03620712313994087;0.02516881522406384;0.03365384615384615
1195.5;0.03797793703236822;0.03828413284132841;0.02966804979253112
1197.0;0.017094017094017096;0.03828413284132841;0.015489719503383037
1198.5;0.015731292517006803;0.025522755227552277;0.03742802303262956
1200.0;0.022964015151515152;0.03460837887067396;0.02495201535508637
1201.5;0.019139945314441957;0.03460837887067396;0.03156776445591137
1203.0;0.016293098349991132;0.017699115044247787;0.027718550106609806
1204.5;0.03212468193384224;0.0161839863713799;0.025173611111111115
1206.0;0.01702553830746119;0.016638225255972697;0.027798718431963815
1207.5;0.0369744210049458;0.03764790247400502;0.02795584045584046
1209.0;0.025088028169014082;0.038041387799061466;0.017391304347826087
1210.5;0.03306159420289855;0.016676298192025096;0.043348623853211005
1212.0;0.03902213310711807;0.03966822935448972;0.0249922863313792
1213.5;0.02703900709219858;0.017623877982923447;0.028536485935589072
1215.0;0.018010291595197254;0.015769487034319674;0.028865979381443297
1216.5;0.03935185185185185;0.015769487034319674;0.01623931623931624
1218.0;0.01850632726208763;0.01865038996269922;0.028076718167288225
1219.5;0.018354055654233276;0.017699115044247787;0.01975889285328144
1221.0;0.01597712748065927;0.026475958612294584;0.026466210181601668
1222.5;0.017498443680569787;0.026475958612294584;0.03808621587252819
1224.0;0.015280135823429542;0.026475958612294584;0.01601078418369987
1225.5;0.02703900709219858;0.01612259159428971;0.016863406408094434
1227.0;0.018354055654233276;0.018610244807272875;0.04036697247706422
1228.5;0.025573192239858905;0.01672693391308206;0.023188223452440863
1230.0;0.01865038996269922;0.01840766984546031;0.030257320319432124
1231.5;0.026060070671378093;0.02802491103202847;0.04333455747337495
1233.0;0.024664750957854403;0.0161839863713799;0.03739827987359501
1234.5;0.023031496062992124;0.016863406408094434;0.0244713361860154
1236.0;0.02516881522406384;0.015871286409530037;0.03931360216457408
1237.5;0.024672187715665976;0.01663225731761437;0.017834393437915336
1239.0;0.022405660377358493;0.017443347491498312;0.02433487565066512
1240.5;0.019944341372912802;0.017443347491498312;0.032886334610472544
1242.0;0.01834061135371179;0.02703900709219858;0.019395134779750165
1243.5;0.015195702225633155;0.017547197908565945;0.0310842308310561
1245.0;0.030627490039840638;0.01663225731761437;0.02626499389938422
1246.5;0.039450670467059655;0.018332165356039182;0.028073770491803277
1248.0;0.03442728442728442;0.018595825426944972;0.02491909385113269
1249.5;0.016745540589734254;0.024816176470588234;0.02352661596958175
1251.0;0.024114774114774116;0.026548672566371685;0.016285076905013504
1252.5;0.025573192239858905;0.018010291595197254;0.02891543420553659
1254.0;0.017547197908565945;0.018010291595197254;0.018257480705689652
1255.5;0.019944341372912802;0.023765996343692867;0.031723651744800845
1257.0;0.018532729644693425;0.023765996343692867;0.034110097939885176
1258.5;0.02811291456081067;0.017094017094017096;0.018086080586080584
1260.0;0.015042523121772526;0.018052243358660087;0.023762376237623763
1261.5;0.02909270216962525;0.03969754253308129;0.027811860940695293
1263.0;0.036381809095452265;0.025522755227552277;0.030207235686687744
1264.5;0.018565943596639965;0.022964015151515152;0.03480265305489751
1266.0;0.018010291595197254;0.03146281667120676;0.026552639746198144
1267.5;0.02352661596958175;0.018354055654233276;0.01798123036655634
1269.0;0.02684356680037026;0.015225395561747438;0.027215631542219124
1270.5;0.018063880198607787;0.017094017094017096;0.018086080586080584
1272.0;0.016863406408094434;0.03902213310711807;0.03690435031414299
1273.5;0.017754480892796753;0.03173139329252938;0.03323543808125306
1275.0;0.017699115044247787;0.025240384615384616;0.017830478700043915
1276.5;0.017089125102207687;0.017924528301886795;0.018185821224130337
1278.0;0.017222129645059158;0.025186728194149098;0.04080524768152002
1279.5;0.017462905276233176;0.036097640262539615;0.03862306531784796
1281.0;0.03870619482486459;0.01576974739497764;0.019643114117139156
1282.5;0.02835538752362949;0.0316051684759727;0.02516881522406384
1284.0;0.017699115044247787;0.0161839863713799;0.026475958612294584
1285.5;0.018314772574802095;0.015731292517006803;0.02772277227722772
1287.0;0.016713577195494413;0.015731292517006803;0.025522755227552277
1288.5;0.03261747329900833;0.015280135823429542;0.03669724770642202
1290.0;0.031746031746031744;0.01597712748065927;0.0189328743545611
1291.5;0.017094017094017096;0.03902213310711807;0.03323543808125306
1293.0;0.016335052812576762;0.02860082304526749;0.037753222836095765
1294.5;0.025088028169014082;0.015517241379310345;0.016674644965693316
1296.0;0.017094017094017096;0.02802491103202847;0.02352661596958175
1297.5;0.01845342706502636;0.027531083481349913;0.016043635035830027
1299.0;0.037370643092354175;0.01865038996269922;0.029516994633273706
1300.5;0.03564899451553931;0.0380952380952381;0.017094017094017096
1302.0;0.033676001417936904;0.01847050971300102;0.017094017094017096
1303.5;0.017094017094017096;0.0161839863713799;0.027531083481349913
1305.0;0.03764790247400502;0.017094017094017096;0.015871286409530037
1306.5;0.017547197908565945;0.01850632726208763;0.015280135823429542
1308.0;0.037753222836095765;0.02268431001890359;0.025956284153005466
1309.5;0.016676298192025096;0.03618273721927187;0.02619146866750035
1311.0;0.036646406864497674;0.01756386861313869;0.01694768198513463
1312.5;0.023244781783681213;0.015245106155354892;0.03304575085921077
1314.0;0.018503600886795833;0.01865038996269922;0.015753878644374854
1315.5;0.02724539646749342;0.03696682464454976;0.01659088516166006
1317.0;0.018671683262517162;0.02802491103202847;0.017754480892796753
1318.5;0.03748145390453718;0.016745540589734254;0.03125
1320.0;0.02460456942003515;0.0170487948265726;0.04411161263848995
1321.5;0.028248983597364368;0.017754480892796753;0.02659921383370644
1323.0;0.017824497257769654;0.01597712748065927;0.025573192239858905
1324.5;0.03243211943189834;0.03706545928938685;0.01865038996269922
1326.0;0.018027686896003935;0.017498443680569787;0.015871286409530037
1327.5;0.033676001417936904;0.015711796950363736;0.036646406864497674
1329.0;0.017094017094017096;0.023765996343692867;0.025088028169014082
1330.5;0.0161839863713799;0.03969754253308129;0.0340398201669878
1332.0;0.03919631093544137;0.030185758513931894;0.01597712748065927
1333.5;0.028248983597364368;0.015095605501509561;0.014945495799148322
1335.0;0.018164580390260854;0.019013666072489603;0.01660281557997176
1336.5;0.03392296340858699;0.01904761904761905;0.02802491103202847
1338.0;0.014961939656692416;0.015054442165062335;0.016863406408094434
1339.5;0.014875146708315901;0.017015706806282723;0.03183910937543675
1341.0;0.03722426470588235;0.016979552792060267;0.015743018124095107
1342.5;0.031723651744800845;0.0161839863713799;0.01830736743700201
1344.0;0.031723651744800845;0.018010291595197254;0.01830736743700201
1345.5;0.03482458408757866;0.017623877982923447;0.01830736743700201
1347.0;0.017754480892796753;0.0170487948265726;0.015711796950363736
1348.5;0.017754480892796753;0.028050275904353158;0.0352330815985435
1350.0;0.017754480892796753;0.028248983597364368;0.015690820879123473
1351.5;0.016863406408094434;0.037422037422037424;0.015095605501509561
1353.0;0.018026004728132386;0.022727272727272728;0.03966822935448972
1354.5;0.018026004728132386;0.015095605501509561;0.03864818325709216
1356.0;0.039888682745825604;0.016676298192025096;0.034633078205669056
1357.5;0.039888682745825604;0.0350922131147541;0.038655160014383315
1359.0;0.02516881522406384;0.02352661596958175;0.03609431217943811
1360.5;0.01771809624494277;0.018944170972160067;0.03609431217943811
1362.0;0.014986153377295074;0.017094017094017096;0.03746174588351344
1363.5;0.026060070671378093;0.0340398201669878;0.018332165356039182
1365.0;0.03409090909090909;0.017015706806282723;0.03564899451553931
1366.5;0.01749271137026239;0.02619146866750035;0.016638225255972697
1368.0;0.0321878706485571;0.0321371991852541;0.02878937007874016
1369.5;0.031746031746031744;0.026060070671378093;0.018786847740005278
1371.0;0.024114774114774116;0.016638225255972697;0.03974018017914857
1372.5;0.031723651744800845;0.01865038996269922;0.017754480892796753
1374.0;0.038655160014383315;0.02802491103202847;0.032697066101095795
1375.5;0.03864818325709216;0.027531083481349913;0.01865038996269922
1377.0;0.033697931493502586;0.031723651744800845;0.032697066101095795
1378.5;0.0381479518588489;0.01654091700522345;0.038041387799061466
1380.0;0.0352330815985435;0.040968342644320296;0.03923444976076555
1381.5;0.03669724770642202;0.018314772574802095;0.039133913391339134
1383.0;0.038041387799061466;0.03338887829084924;0.01845779733547949
1384.5;0.038041387799061466;0.01967799642218247;0.014925449957981155
1386.0;0.03091538715963386;0.017934291168491913;0.02939958592132505
1387.5;0.02460456942003515;0.01840766984546031;0.01605832636760472
1389.0;0.036646406864497674;0.01850632726208763;0.016705796196178947
1390.5;0.015001087035292413;0.029397233201581028;0.017094017094017096
1392.0;0.035650623885918005;0.015992751525289242;0.019139945314441957
1393.5;0.016638225255972697;0.022959183673469385;0.018026004728132386
1395.0;0.022128060263653486;0.01838106575169806;0.03357531760435572
1396.5;0.016937514305333027;0.017373380447585393;0.017623877982923447
1398.0;0.015033359741139864;0.030318091451292245;0.017465858520325457
1399.5;0.026548672566371685;0.018026004728132386;0.017443347491498312
1401.0;0.015001087035292413;0.03357531760435572;0.016568094782873223
1402.5;0.016863406408094434;0.01764234161988773;0.01834862385321101
1404.0;0.034586228679722046;0.029397233201581028;0.01897923971725942
1405.5;0.01822513964717392;0.017825311942959002;0.01942319011183049
1407.0;0.018470790378006873;0.01834862385321101;0.016638225255972697
1408.5;0.032256841786066255;0.039888682745825604;0.03416622228993677
1410.0;0.017015706806282723;0.035111196074682986;0.0175513698630137
1411.5;0.029135338345864664;0.040968342644320296;0.022128060263653486
1413.0;0.015095605501509561;0.028892455858747997;0.028050275904353158
1414.5;0.01730418943533698;0.01949754232659749;0.024672187715665976
1416.0;0.030896333182435492;0.018323203432248837;0.030318091451292245
1417.5;0.026561122714384346;0.022926580557443916;0.018323203432248837
1419.0;0.03219315895372234;0.024114774114774116;0.017875123723664534
1420.5;0.03598346705567712;0.0175513698630137;0.017699115044247787
1422.0;0.01597712748065927;0.038073038073038065;0.019013666072489603
1423.5;0.016429426632965278;0.024378585086042064;0.02569922389808171
1425.0;0.024093511450381678;0.022964015151515152;0.01733025239957341
1426.5;0.024093511450381678;0.038767367363572613;0.0189328743545611
1428.0;0.023642732049036778;0.023418491484184917;0.03460837887067396
1429.5;0.025573192239858905;0.03061868686868687;0.016638225255972697
1431.0;0.016638225255972697;0.017971946230274694;0.015001087035292413
1432.5;0.03293798595973293;0.022727272727272728;0.018332165356039182
1434.0;0.031746031746031744;0.015731292517006803;0.029106474050294272
1435.5;0.017934291168491913;0.019274809160305342;0.02878937007874016
1437.0;0.024122807017543862;0.022549019607843137;0.01766318140290326
1438.5;0.038041387799061466;0.03163536474155631;0.024114774114774116
1440.0;0.015743018124095107;0.019082371238858645;0.015280135823429542
1441.5;0.01597712748065927;0.01756386861313869;0.024093511450381678
1443.0;0.015731292517006803;0.030889546470197482;0.018957323977650316
1444.5;0.01865038996269922;0.023581448122822347;0.04172335600907029
1446.0;0.0161839863713799;0.026839699159416013;0.0182414188058108
1447.5;0.017623877982923447;0.031746031746031744;0.024948024948024946
1449.0;0.014945495799148322;0.025573192239858905;0.04265021459227468
1450.5;0.016638225255972697;0.017699115044247787;0.01672535211267606
1452.0;0.01865038996269922;0.028050275904353158;0.018197573656845753
1453.5;0.016638225255972697;0.031578947368421054;0.02640503875968992
1455.0;0.018612132352941176;0.023418491484184917;0.01845400161997053
1456.5;0.02587800369685767;0.025522755227552277;0.015280135823429542
1458.0;0.029397233201581028;0.036381809095452265;0.015731292517006803
1459.5;0.037753222836095765;0.03061868686868687;0.020999704229517892
1461.0;0.032697066101095795;0.015154962909024714;0.021042084168336674
1462.5;0.03864818325709216;0.02833675564681725;0.021851503759398497
1464.0;0.019013666072489603;0.018026004728132386;0.02494777243356168
1465.5;0.018010291595197254;0.024378585086042064;0.024780849629130138
1467.0;0.03828413284132841;0.016939604011490892;0.035333536399634484
1468.5;0.04162239212129065;0.018323203432248837;0.030993042378241617
1470.0;0.037772330518049985;0.0350922131147541;0.028050275904353158
1471.5;0.02623456790123457;0.041566746602717815;0.018197573656845753
1473.0;0.03966822935448972;0.015731292517006803;0.029702970297029705
1474.5;0.02703900709219858;0.030257320319432124;0.016917819729987117
1476.0;0.015095605501509561;0.018323203432248837;0.017206835592221567
1477.5;0.02703900709219858;0.023244781783681213;0.022964015151515152
1479.0;0.024114774114774116;0.024254473161033796;0.018558172733761598
1480.5;0.018354055654233276;0.02866752081998719;0.0170487948265726
1482.0;0.016897746967071057;0.02474988800955652;0.024780849629130138
1483.5;0.018848906360245943;0.017373380447585393;0.03397147147147147
1485.0;0.04195042222827568;0.015731292517006803;0.03177007594118597
1486.5;0.016785765670711238;0.02623456790123457;0.01608187134502924
1488.0;0.015280135823429542;0.015225395561747438;0.029445894981143025
1489.5;0.015280135823429542;0.023642732049036778;0.02891543420553659
1491.0;0.01865038996269922;0.016348533050547898;0.0336838885409232
1492.5;0.017094017094017096;0.017768879853890487;0.01871401151631478
1494.0;0.01597712748065927;0.017699115044247787;0.017222025396707006
1495.5;0.017094017094017096;0.024642730899358683;0.029628537735849055
1497.0;0.03106789479980177;0.016202753976515587;0.01648841354723708
1498.5;0.030813820600779404;0.019345238095238096;0.016891484032667523
1500.0;0.030813820600779404;0.02703900709219858;0.025522755227552277
1501.5;0.017427438387099873;0.030185758513931894;0.0281322505800464
1503.0;0.01740771421307761;0.018610244807272875;0.0370844485821793
1504.5;0.01740771421307761;0.02623456790123457;0.01897923971725942
1506.0;0.03669724770642202;0.04271844660194175;0.01658516707416463
1507.5;0.01850632726208763;0.018761128291631523;0.0170487948265726
1509.0;0.025522755227552277;0.016937514305333027;0.024816176470588234
1510.5;0.01726263871763255;0.031152703202802817;0.031183368869936036
1512.0;0.01874107841782935;0.035475013728720486;0.017824497257769654
1513.5;0.01597712748065927;0.03829415273235845;0.024789084470367668
1515.0;0.017623877982923447;0.017579860376560185;0.024792371577976004
1516.5;0.017498443680569787;0.015786644290442596;0.0310842308310561
1518.0;0.03357729479429107;0.018010291595197254;0.019327580007191657
1519.5;0.0189328743545611;0.032697066101095795;0.03578393711955558
1521.0;0.0189328743545611;0.03460837887067396;0.019013666072489603
1522.5;0.0189328743545611;0.016863406408094434;0.020038377192982456
1524.0;0.017623877982923447;0.033879208022981784;0.0249922863313792
1525.5;0.025088028169014082;0.023809523809523808;0.03312144529943125
1527.0;0.017623877982923447;0.018197573656845753;0.03407395898073338
1528.5;0.031723651744800845;0.01718287488267995;0.024554581351496647
1530.0;0.01749271137026239;0.017094017094017096;0.034026465028355386
1531.5;0.025240384615384616;0.036415289256198344;0.023031496062992124
1533.0;0.016043635035830027;0.03409090909090909;0.027798718431963815
1534.5;0.03209087658277752;0.017623877982923447;0.03365384615384615
1536.0;0.016613529195963463;0.02848722986247544;0.016519477970758513
1537.5;0.01658993849415681;0.03564899451553931;0.017983406886690704
1539.0;0.018470790378006873;0.03357531760435572;0.038441422594142266
1540.5;0.017754480892796753;0.022041062801932364;0.025625539257981018
1542.0;0.016403046280023436;0.015095605501509561;0.019142066420664204
1543.5;0.01612259159428971;0.016863406408094434;0.03886452064176733
1545.0;0.018010291595197254;0.03320921042632419;0.02724539646749342
1546.5;0.015871286409530037;0.01865038996269922;0.017052848087982204
1548.0;0.015809071886378992;0.03564899451553931;0.033547008547008546
1549.5;0.017498443680569787;0.029017857142857144;0.027551020408163263
1551.0;0.018332165356039182;0.029017857142857144;0.01780160609014529
1552.5;0.018332165356039182;0.029017857142857144;0.0368124729320052
1554.0;0.03165717058169511;0.017754480892796753;0.021881623215900165
1555.5;0.0182681206624895;0.018470790378006873;0.018612132352941176
1557.0;0.01672535211267606;0.01726263871763255;0.026994163424124515
1558.5;0.02752293577981652;0.0185554688027144;0.015302583076023234
1560.0;0.035504224147150036;0.018010291595197254;0.01814552172099398
1561.5;0.017754480892796753;0.015871286409530037;0.018876611418047883
1563.0;0.038817005545286505;0.016448125143777317;0.018842956560976034
1564.5;0.038817005545286505;0.01772899957788096;0.039225260416666664
1566.0;0.018010291595197254;0.03564899451553931;0.023153753026634385
1567.5;0.036646406864497674;0.0175513698630137;0.015716780441339895
1569.0;0.018010291595197254;0.024276859504132234;0.0249922863313792
1570.5;0.015001087035292413;0.016638225255972697;0.018394842623189654
1572.0;0.014910112661872163;0.0170487948265726;0.01929282065071256
1573.5;0.017465858520325457;0.02460456942003515;0.017079377105070286
1575.0;0.017465858520325457;0.01780160609014529;0.022964015151515152
1576.5;0.03165717058169511;0.02556918498603369;0.03176742395071236
1578.0;0.015095605501509561;0.05189423835832675;0.041293250141803746
1579.5;0.015871286409530037;0.027860820461717322;0.015517241379310345
1581.0;0.03841245791927793;0.01756386861313869;0.0322869008235377
1582.5;0.033494196742055664;0.029702970297029705;0.02878937007874016
1584.0;0.033494196742055664;0.026360579176293565;0.01757469244288225
1585.5;0.0306944381170478;0.017825311942959002;0.016614200769499828
1587.0;0.015695763321720377;0.034921650143907905;0.023809523809523808
1588.5;0.03242879502693342;0.03362011573718442;0.022309197651663407
1590.0;0.01825283975007182;0.01837805412422468;0.02915766738660907
1591.5;0.01825283975007182;0.017757148006950087;0.03436018957345971
1593.0;0.01739137492247878;0.033214497471969875;0.02352661596958175
1594.5;0.01739137492247878;0.02516881522406384;0.02833675564681725
1596.0;0.03512490638976303;0.018487434139972954;0.032859576478780426
1597.5;0.03147255947419321;0.022964015151515152;0.027291242362525458
1599.0;0.03147005586227883;0.022128060263653486;0.03685003655461558
1600.5;0.02752293577981652;0.017094017094017096;0.0409705648369133
1602.0;0.03250478011472275;0.017987706243934;0.021686422413793104
1603.5;0.03846568257730848;0.01903411557047368;0.03654582964927793
1605.0;0.03504613167863534;0.015280135823429542;0.0350611793581939
1606.5;0.038655160014383315;0.025240384615384616;0.02535168379447259
1608.0;0.03183910937543675;0.01783664661861255;0.041293250141803746
1609.5;0.025088028169014082;0.02695167286245353;0.02939958592132505
1611.0;0.040013227513227514;0.029664014146772767;0.029371562380874586
1612.5;0.040968342644320296;0.03423209093312186;0.03706140350877192
1614.0;0.03564899451553931;0.03603764501250174;0.026077097505668934
1615.5;0.03969754253308129;0.03617216117216117;0.026484420928865368
1617.0;0.025772579946528054;0.015154962909024714;0.03211566499271019
1618.5;0.03522532581580833;0.024464831804281346;0.029573367808661925
1620.0;0.016863406408094434;0.018010291595197254;0.018405150964282448
1621.5;0.03416622228993677;0.030245746691871456;0.028766758412501106
1623.0;0.03416622228993677;0.018323203432248837;0.018728667581103066
1624.5;0.018332165356039182;0.025308072742903268;0.025591745903297592
1626.0;0.014870091759449306;0.016873111933413492;0.02335456475583864
1627.5;0.015711796950363736;0.014948169282407778;0.025390740194632853
1629.0;0.0285204991087344;0.02752293577981652;0.015597920277296359
1630.5;0.01865038996269922;0.03401334844478025;0.03345959595959595
1632.0;0.035127911416571206;0.01810188254965837;0.029667485505725698
1633.5;0.026548672566371685;0.02460456942003515;0.03954154727793697
1635.0;0.03609431217943811;0.02802491103202847;0.034666490838074424
1636.5;0.03106789479980177;0.03212468193384224;0.030589577101832664
1638.0;0.01836806645203033;0.024664750957854403;0.019209602065713316
1639.5;0.017443347491498312;0.017961645808949312;0.01834862385321101
1641.0;0.018289844042285466;0.03854596913037885;0.030137981118373278
1642.5;0.01741601350785099;0.024464831804281346;0.01753084343933248
1644.0;0.016550266845809666;0.016897746967071057;0.031375933397274854
1645.5;0.017401635028469288;0.016308462709056427;0.028296616422472855
1647.0;0.016537723722061845;0.01514502933989791;0.02352661596958175
1648.5;0.016533838797490336;0.01672535211267606;0.023245984784446325
1650.0;0.016533838797490336;0.016863406408094434;0.030627490039840638
1651.5;0.016533838797490336;0.016745540589734254;0.03880070546737213
1653.0;0.031475908069914404;0.017465858520325457;0.017824497257769654
1654.5;0.027531083481349913;0.0161839863713799;0.020052770448548814
1656.0;0.027531083481349913;0.026060070671378093;0.01904761904761905
1657.5;0.015871286409530037;0.02587800369685767;0.028767523364485983
1659.0;0.01663225731761437;0.018937169700528483;0.029587260260536943
1660.5;0.025573192239858905;0.015731292517006803;0.025162230168189643
1662.0;0.025573192239858905;0.016863406408094434;0.019675925925925927
1663.5;0.025573192239858905;0.016863406408094434;0.03082919914953933
1665.0;0.025573192239858905;0.01834862385321101;0.028892455858747997
1666.5;0.025522755227552277;0.01814552172099398;0.02374419586323343
1668.0;0.025522755227552277;0.04273084479371316;0.02760180995475113
1669.5;0.015280135823429542;0.02966804979253112;0.026855492888119902
1671.0;0.02802491103202847;0.017810548929218788;0.02860082304526749
1672.5;0.031723651744800845;0.037772330518049985;0.015646127100637435
1674.0;0.031723651744800845;0.026060070671378093;0.024464831804281346
1675.5;0.031723651744800845;0.026060070671378093;0.023834019204389576
1677.0;0.016676298192025096;0.03512773722627738;0.028050275904353158
1678.5;0.037312715311890364;0.024816176470588234;0.01780160609014529
1680.0;0.037312715311890364;0.03742080962095995;0.037285441830896375
1681.5;0.016582472972657695;0.017094017094017096;0.02844359220198146
1683.0;0.03527987093940073;0.017623877982923447;0.040013227513227514
1684.5;0.036122089571306734;0.018010291595197254;0.03951778570656288
1686.0;0.03242879502693342;0.01672535211267606;0.0216998191681736
1687.5;0.03935185185185185;0.036646406864497674;0.022959183673469385
1689.0;0.032697066101095795;0.015731292517006803;0.031400240384615384
1690.5;0.032697066101095795;0.017547197908565945;0.03579213125798165
1692.0;0.032697066101095795;0.016638225255972697;0.025856044723969258
1693.5;0.03320921042632419;0.016863406408094434;0.02367032763620658
1695.0;0.03320921042632419;0.017754480892796753;0.018538209281526382
1696.5;0.03320921042632419;0.017094017094017096;0.02542372881355932
1698.0;0.03841245791927793;0.016745540589734254;0.023244781783681213
1699.5;0.03441791502515164;0.034633078205669056;0.029702970297029705
1701.0;0.032449913274663476;0.022727272727272728;0.02495201535508637
1702.5;0.018256492034823147;0.022727272727272728;0.027282976324689966
1704.0;0.015682478532320222;0.015069294547215105;0.024276859504132234
1705.5;0.015682478532320222;0.03572091415166077;0.020135504924126024
1707.0;0.015682478532320222;0.016638225255972697;0.04076576576576577
1708.5;0.015682478532320222;0.016863406408094434;0.03295763052405642
1710.0;0.017388172610590263;0.014910112661872163;0.036956738056357755
1711.5;0.03328760839110723;0.016638225255972697;0.022727272727272728
1713.0;0.03328760839110723;0.016863406408094434;0.029504080351537978
1714.5;0.03328760839110723;0.036646406864497674;0.024464831804281346
1716.0;0.03328760839110723;0.036646406864497674;0.022405660377358493
1717.5;0.04083665338645418;0.018470790378006873;0.03238269533831528
1719.0;0.036646406864497674;0.015809071886378992;0.02915766738660907
1720.5;0.036646406864497674;0.037312715311890364;0.01675203627508607
1722.0;0.036646406864497674;0.024816176470588234;0.025088028169014082
1723.5;0.035127911416571206;0.018010291595197254;0.01730418943533698
1725.0;0.03669724770642202;0.01850632726208763;0.03530661003451022
1726.5;0.01865038996269922;0.014945495799148322;0.036232895665115256
1728.0;0.01865038996269922;0.0170487948265726;0.017373380447585393
1729.5;0.01865038996269922;0.03564899451553931;0.03136882129277567
1731.0;0.01865038996269922;0.018010291595197254;0.031746031746031744
1732.5;0.01865038996269922;0.018010291595197254;0.03658835046500245
1734.0;0.038041387799061466;0.018470790378006873;0.022405660377358493
1735.5;0.038041387799061466;0.02802491103202847;0.03156312625250501
1737.0;0.038041387799061466;0.015871286409530037;0.01710322537202882
1738.5;0.017547197908565945;0.015809071886378992;0.04636260836788542
1740.0;0.017547197908565945;0.0161839863713799;0.03488935715144497
1741.5;0.01663225731761437;0.017754480892796753;0.03241525423728814
1743.0;0.017465858520325457;0.015809071886378992;0.018001482598556214
1744.5;0.017465858520325457;0.015731292517006803;0.018052548630919013
1746.0;0.017465858520325457;0.033676001417936904;0.032135306553911204
1747.5;0.017465858520325457;0.03320921042632419;0.03241525423728814
1749.0;0.03620712313994087;0.03091538715963386;0.030009052504526255
1750.5;0.03617216117216117;0.03512773722627738;0.027551020408163263
1752.0;0.03617216117216117;0.025088028169014082;0.030318091451292245
1753.5;0.03617216117216117;0.0285204991087344;0.025502008032128515
1755.0;0.016863406408094434;0.03669724770642202;0.034912718204488775
1756.5;0.03466050479914682;0.03130908265900325;0.02594792940765333
1758.0;0.032000890578704894;0.03130908265900325;0.025863077823288467
1759.5;0.015743018124095107;0.029516994633273706;0.02239589543044726
1761.0;0.014870091759449306;0.0367279087083759;0.017432952187923175
1762.5;0.014844188506303903;0.018332165356039182;0.018879124267653407
1764.0;0.01597712748065927;0.033435588205396154;0.017368069472277887
1765.5;0.0161839863713799;0.03935185185185185;0.03125
1767.0;0.014945495799148322;0.018683274021352312;0.03238269533831528
1768.5;0.03130908265900325;0.024412296564195298;0.025357139236142794
1770.0;0.03637335441877961;0.024412296564195298;0.027315467795016455
1771.5;0.016638225255972697;0.040343486714193126;0.04138962765957446
1773.0;0.015280135823429542;0.0369744210049458;0.022869044628652767
1774.5;0.01865038996269922;0.03837180204775938;0.027886497064579255
1776.0;0.03326935380678182;0.0380952380952381;0.029411764705882353
1777.5;0.01749271137026239;0.03617216117216117;0.018612132352941176
1779.0;0.0161839863713799;0.033676001417936904;0.024904214559386975
1780.5;0.015095605501509561;0.028050275904353158;0.040779923729856074
1782.0;0.017547197908565945;0.034522108226862615;0.02939958592132505
1783.5;0.018010291595197254;0.029874213836477988;0.02475049900199601
1785.0;0.035650623885918005;0.018010291595197254;0.023911382734912147
1786.5;0.035774141714325206;0.031746031746031744;0.018862793768906264
1788.0;0.01836806645203033;0.03416622228993677;0.023556231003039513
1789.5;0.016582472972657695;0.014910112661872163;0.030704645491443194
1791.0;0.03435603223272361;0.03466050479914682;0.048814912152625685
1792.5;0.036157843689975176;0.03466050479914682;0.04208416833667335
1794.0;0.015695763321720377;0.016863406408094434;0.01834061135371179
1795.5;0.03423853899517871;0.015095605501509561;0.02617712051674316
1797.0;0.03423853899517871;0.015095605501509561;0.017596390484003282
1798.5;0.014830971492820427;0.017754480892796753;0.033713054187192115
1800.0;0.016531678096401558;0.014945495799148322;0.018937169700528483
1801.5;0.016531678096401558;0.03841245791927793;0.024254473161033796
1803.0;0.016531678096401558;0.025088028169014082;0.02717534338167825
1804.5;0.018244633954786142;0.014945495799148322;0.025768211214747767
1806.0;0.015677957190639216;0.035437678433415665;0.018549642079053845
1807.5;0.015677957190639216;0.016568094782873223;0.024697967444742844
1809.0;0.015677957190639216;0.02695167286245353;0.029510185301376172
1810.5;0.038655160014383315;0.018010291595197254;0.036165577342047936
1812.0;0.016863406408094434;0.03466050479914682;0.032692307692307694
1813.5;0.03276661638370833;0.023642732049036778;0.02669539153240914
1815.0;0.016335052812576762;0.015731292517006803;0.031910637412581815
1816.5;0.015033359741139864;0.017094017094017096;0.027291242362525458
1818.0;0.03718199608610568;0.017623877982923447;0.04097310094289563
1819.5;0.01597712748065927;0.01836806645203033;0.015095605501509561
1821.0;0.01850632726208763;0.015724726735506497;0.023274161735700197
1822.5;0.03841245791927793;0.015724726735506497;0.015539161827028724
1824.0;0.015731292517006803;0.015724726735506497;0.016403046280023436
1825.5;0.015731292517006803;0.0161839863713799;0.02400793650793651
1827.0;0.016863406408094434;0.0161839863713799;0.034611469290804206
1828.5;0.032000890578704894;0.03416622228993677;0.017655244830443614
1830.0;0.025605214152700187;0.015809071886378992;0.02691045475855602
1831.5;0.01942319011183049;0.01663225731761437;0.01631158755694547
1833.0;0.02703900709219858;0.01597712748065927;0.018371212121212118
1834.5;0.01850632726208763;0.017547197908565945;0.03411405295315682
1836.0;0.03864818325709216;0.03450566571561023;0.03106153425989261
1837.5;0.017754480892796753;0.03450566571561023;0.02516881522406384
1839.0;0.017754480892796753;0.032573955124637066;0.03038573508005822
1840.5;0.017754480892796753;0.03061868686868687;0.018047156089719053
1842.0;0.016676298192025096;0.018010291595197254;0.02569922389808171
1843.5;0.03746174588351344;0.03706545928938685;0.025101419878296144
1845.0;0.03481624758220503;0.026548672566371685;0.024637681159420288
1846.5;0.040968342644320296;0.01850632726208763;0.02623456790123457
1848.0;0.03764790247400502;0.03722426470588235;0.036579646709395036
1849.5;0.017754480892796753;0.03966822935448972;0.032062780269058296
1851.0;0.024464831804281346;0.035127911416571206;0.029891304347826088
1852.5;0.03357531760435572;0.01836806645203033;0.024287021503736465
1854.0;0.03966822935448972;0.018332165356039182;0.03138470006742357
1855.5;0.03768591312195207;0.018332165356039182;0.017824497257769654
1857.0;0.01597712748065927;0.03620712313994087;0.030753138075313803
1858.5;0.01597712748065927;0.016745540589734254;0.024203298031819725
1860.0;0.01850632726208763;0.016745540589734254;0.03858564130142512
1861.5;0.01842179442537598;0.03482458408757866;0.01672535211267606
1863.0;0.01597712748065927;0.03482458408757866;0.015280135823429542
1864.5;0.01865038996269922;0.03482458408757866;0.03357531760435572
1866.0;0.02352661596958175;0.014910112661872163;0.018902169101372285
1867.5;0.016917819729987117;0.03441791502515164;0.02520098948670377
1869.0;0.03206775357116727;0.03441791502515164;0.02717534338167825
1870.5;0.018341918796016078;0.03441791502515164;0.02495201535508637
1872.0;0.03951778570656288;0.03441791502515164;0.019633588412695156
1873.5;0.01865038996269922;0.03441791502515164;0.016974432412188954
1875.0;0.015095605501509561;0.01485852872552252;0.035751028806584366
1876.5;0.03276661638370833;0.0285204991087344;0.027699718988358095
1878.0;0.022964015151515152;0.03902213310711807;0.017121863302370723
1879.5;0.03858564130142512;0.03828413284132841;0.023765996343692867
1881.0;0.027762308282785714;0.017754480892796753;0.019142066420664204
1882.5;0.01865038996269922;0.026548672566371685;0.017814806907942786
1884.0;0.015001087035292413;0.03706545928938685;0.0161839863713799
1885.5;0.02587800369685767;0.03706545928938685;0.03564899451553931
1887.0;0.027731151209959438;0.03706545928938685;0.01597712748065927
1888.5;0.016979552792060267;0.03706545928938685;0.024114774114774116
1890.0;0.027531083481349913;0.01865038996269922;0.02833675564681725
1891.5;0.027531083481349913;0.035127911416571206;0.03401334844478025
1893.0;0.015095605501509561;0.026060070671378093;0.02752293577981652
1894.5;0.015095605501509561;0.026060070671378093;0.015963095712199653
1896.0;0.0189328743545611;0.026060070671378093;0.037753222836095765
1897.5;0.017094017094017096;0.036646406864497674;0.0175513698630137
1899.0;0.017094017094017096;0.026060070671378093;0.03669724770642202
1900.5;0.03466050479914682;0.01842179442537598;0.01834862385321101
1902.0;0.016676298192025096;0.01842179442537598;0.023031496062992124
1903.5;0.017498443680569787;0.03722426470588235;0.016735914907761343
1905.0;0.035650623885918005;0.03722426470588235;0.02393384239278061
1906.5;0.015095605501509561;0.015001087035292413;0.030009052504526255
1908.0;0.015280135823429542;0.035774141714325206;0.028386164887758265
1909.5;0.022727272727272728;0.01660281557997176;0.019321795921840596
1911.0;0.018010291595197254;0.036275860696139695;0.017089125102207687
1912.5;0.01597712748065927;0.018277260861902424;0.037221159974506056
1914.0;0.01597712748065927;0.031723651744800845;0.02784833653429156
1915.5;0.030318091451292245;0.0367279087083759;0.016893192636230753
1917.0;0.02669539153240914;0.018354055654233276;0.015280135823429542
1918.5;0.036728708532563416;0.031723651744800845;0.017547197908565945
1920.0;0.017094017094017096;0.031723651744800845;0.026592455163883737
1921.5;0.030627490039840638;0.032256841786066255;0.02784833653429156
1923.0;0.01619224007193569;0.0189328743545611;0.01834862385321101
1924.5;0.016190163692917578;0.0189328743545611;0.0153103221203973
1926.0;0.025573192239858905;0.03136882129277567;0.0188212927756654
1927.5;0.03251008064516129;0.026475958612294584;0.018197573656845753
1929.0;0.03362011573718442;0.018792559974975337;0.016043635035830027
1930.5;0.03726309026662384;0.035946137053964614;0.018197573656845753
1932.0;0.015024970979036621;0.035127911416571206;0.023765996343692867
1933.5;0.03409090909090909;0.025088028169014082;0.02848722986247544
1935.0;0.01850632726208763;0.01726263871763255;0.01838106575169806
1936.5;0.016403046280023436;0.03290225315948789;0.030993042378241617
1938.0;0.038655160014383315;0.015024970979036621;0.02833675564681725
1939.5;0.015871286409530037;0.017567282711368357;0.029763808029923684
1941.0;0.0175513698630137;0.02587800369685767;0.03969754253308129
1942.5;0.0175513698630137;0.017015706806282723;0.04341779386549819
1944.0;0.038655160014383315;0.018010291595197254;0.03414906243710889
1945.5;0.017934291168491913;0.017623877982923447;0.03617216117216117
1947.0;0.030009920634920632;0.03293798595973293;0.04208416833667335
1948.5;0.04377104377104378;0.015963095712199653;0.02550688319718814
1950.0;0.029397233201581028;0.015188609731168737;0.03250478011472275
1951.5;0.01726263871763255;0.03902213310711807;0.040968342644320296
1953.0;0.015024970979036621;0.033676001417936904;0.025088028169014082
1954.5;0.01865038996269922;0.03961091054953871;0.030257320319432124
1956.0;0.01850632726208763;0.0161446953143967;0.018093752767418748
1957.5;0.01836806645203033;0.0285204991087344;0.015939051837114304
1959.0;0.0170487948265726;0.02703900709219858;0.03466050479914682
1960.5;0.0295796789674003;0.039888682745825604;0.0285204991087344
1962.0;0.015912208009267122;0.01865038996269922;0.017754480892796753
1963.5;0.026060070671378093;0.017754480892796753;0.03520671834625324
1965.0;0.018010291595197254;0.032256841786066255;0.0161839863713799
1966.5;0.03130908265900325;0.014910112661872163;0.03212468193384224
1968.0;0.03183910937543675;0.018332165356039182;0.03935185185185185
1969.5;0.02802491103202847;0.035751028806584366;0.02460456942003515
1971.0;0.016638225255972697;0.037483266398929044;0.03969754253308129
1972.5;0.0367279087083759;0.0175513698630137;0.030993042378241617
1974.0;0.030813820600779404;0.036646406864497674;0.026060070671378093
1975.5;0.018289844042285466;0.026548672566371685;0.033879208022981784
1977.0;0.0161839863713799;0.03609431217943811;0.03669724770642202
1978.5;0.03879026955950033;0.026060070671378093;0.03798297314996725
1980.0;0.03879026955950033;0.015095605501509561;0.026548672566371685
1981.5;0.03638309256286784;0.016676298192025096;0.027531083481349913
1983.0;0.017623877982923447;0.03512773722627738;0.03130908265900325
1984.5;0.027798718431963815;0.032256841786066255;0.030993042378241617
1986.0;0.024551276982683643;0.0161839863713799;0.04087605974969721
1987.5;0.0161839863713799;0.0285204991087344;0.03198693626626963
1989.0;0.025088028169014082;0.03476482617586912;0.03326935380678182
1990.5;0.016863406408094434;0.04024144869215292;0.01749271137026239
1992.0;0.03212468193384224;0.023418491484184917;0.03828413284132841
1993.5;0.02568279495355608;0.03416622228993677;0.03584229390681004
1995.0;0.04095805479546951;0.035572080214829514;0.03734355252965877
1996.5;0.01942319011183049;0.039888682745825604;0.03512773722627738
1998.0;0.018792559974975337;0.01597712748065927;0.015095605501509561
1999.5;0.017094017094017096;0.02238354506957048;0.02516881522406384
2001.0;0.024816176470588234;0.03564899451553931;0.029874213836477988
2002.5;0.017699115044247787;0.016745540589734254;0.0364917322581337
2004.0;0.01865038996269922;0.017623877982923447;0.0161839863713799
2005.5;0.036514961411379304;0.017934291168491913;0.03466050479914682
2007.0;0.023833646933950885;0.015854570888502284;0.02516881522406384
2008.5;0.02345757503510027;0.03181117238826367;0.04337284482758621
2010.0;0.016126656905991223;0.01865038996269922;0.03372140883165756
2011.5;0.018026004728132386;0.023765996343692867;0.037112845707117974
2013.0;0.017094017094017096;0.033205619412515965;0.016863406408094434
2014.5;0.016838000708968452;0.029773156899810964;0.040424121935056324
2016.0;0.019345238095238096;0.018202378957949406;0.03858520900321543
2017.5;0.02703900709219858;0.015414729630535846;0.04016913319238901
2019.0;0.018010291595197254;0.019675925925925927;0.017699115044247787
2020.5;0.017094017094017096;0.023418491484184917;0.024816176470588234
2022.0;0.029874213836477988;0.02041832669322709;0.041445641108074804
2023.5;0.015280135823429542;0.03801927875911337;0.01619224007193569
2025.0;0.016745540589734254;0.01865038996269922;0.0285204991087344
2026.5;0.016745540589734254;0.03669724770642202;0.03919631093544137
2028.0;0.017094017094017096;0.01834862385321101;0.04273084479371316
2029.5;0.02939958592132505;0.01845342706502636;0.024924471299093656
2031.0;0.04038461538461538;0.016821418488660245;0.02802491103202847
2032.5;0.026548672566371685;0.01783664661861255;0.01865038996269922
2034.0;0.02703900709219858;0.018470790378006873;0.03746174588351344
2035.5;0.0175513698630137;0.02352661596958175;0.032573955124637066
2037.0;0.03460837887067396;0.01741229204378933;0.03339355998530387
2038.5;0.017934291168491913;0.01845342706502636;0.03365384615384615
2040.0;0.018937169700528483;0.03039853599023994;0.015280135823429542
2041.5;0.017373380447585393;0.018026004728132386;0.015095605501509561
2043.0;0.015095605501509561;0.018026004728132386;0.03085485307212823
2044.5;0.0153103221203973;0.01845342706502636;0.03331836640038684
2046.0;0.029816513761467895;0.01917044266294876;0.03764790247400502
2047.5;0.018725889831170253;0.017094017094017096;0.014945495799148322
2049.0;0.01756986948869448;0.023809523809523808;0.03825578292372061
2050.5;0.032697066101095795;0.016263612953345514;0.03919631093544137
2052.0;0.024114774114774116;0.015014292196696385;0.032697066101095795
2053.5;0.0340398201669878;0.017754480892796753;0.014945495799148322
2055.0;0.025573192239858905;0.025573192239858905;0.017498443680569787
2056.5;0.025529865125240848;0.032256841786066255;0.027531083481349913
2058.0;0.03598346705567712;0.036646406864497674;0.03639029592108771
2059.5;0.017094017094017096;0.025573192239858905;0.016043635035830027
2061.0;0.03320921042632419;0.01597712748065927;0.03966822935448972
2062.5;0.03265254436585322;0.03858520900321543;0.015001087035292413
2064.0;0.03160480961955194;0.018848906360245943;0.016676298192025096
2065.5;0.038817005545286505;0.023418491484184917;0.0189328743545611
2067.0;0.03764790247400502;0.015280135823429542;0.01865038996269922
2068.5;0.015001087035292413;0.017094017094017096;0.0175513698630137
2070.0;0.014945495799148322;0.01597712748065927;0.03482458408757866
2071.5;0.015743018124095107;0.025088028169014082;0.016582472972657695
2073.0;0.03764790247400502;0.018010291595197254;0.03320921042632419
2074.5;0.017623877982923447;0.015871286409530037;0.023642732049036778
2076.0;0.02703900709219858;0.017094017094017096;0.033676001417936904
2077.5;0.01865038996269922;0.01726263871763255;0.037753222836095765
2079.0;0.017547197908565945;0.018010291595197254;0.03320921042632419
2080.5;0.03316662279547249;0.018197573656845753;0.036514961411379304
2082.0;0.028861105927722834;0.016128420893033128;0.03825578292372061
2083.5;0.029274846718643555;0.018470790378006873;0.01570251018973342
2085.0;0.015821216414337255;0.015280135823429542;0.039888682745825604
2086.5;0.017094017094017096;0.031723651744800845;0.039888682745825604
2088.0;0.024203298031819725;0.027531083481349913;0.016863406408094434
2089.5;0.019082371238858645;0.015731292517006803;0.03106789479980177
2091.0;0.016863406408094434;0.02802491103202847;0.03746174588351344
2092.5;0.017373380447585393;0.0161839863713799;0.0381479518588489
2094.0;0.018683274021352312;0.038817005545286505;0.03620712313994087
2095.5;0.01672535211267606;0.024551276982683643;0.017094017094017096
2097.0;0.0175513698630137;0.032886334610472544;0.01597712748065927
2098.5;0.015731292517006803;0.0170487948265726;0.0189328743545611
2100.0;0.017462905276233176;0.025439127801332527;0.03443877551020408
2101.5;0.017094017094017096;0.0175513698630137;0.01874107841782935
2103.0;0.016638225255972697;0.022964015151515152;0.0285204991087344
2104.5;0.017094017094017096;0.03598346705567712;0.03966822935448972
2106.0;0.023765996343692867;0.037753222836095765;0.01842179442537598
2107.5;0.0161839863713799;0.022964015151515152;0.017893106119287374
2109.0;0.01850632726208763;0.01772899957788096;0.01847050971300102
2110.5;0.014945495799148322;0.016828190749559144;0.019345238095238096
2112.0;0.016638225255972697;0.03476361919376734;0.01726263871763255
2113.5;0.022041062801932364;0.026060070671378093;0.017574219762933944
2115.0;0.018937169700528483;0.0161839863713799;0.016613529195963463
2116.5;0.03354534045223458;0.025522755227552277;0.026998169615619284
2118.0;0.03512773722627738;0.02835538752362949;0.0170487948265726
2119.5;0.0285204991087344;0.018257480705689652;0.015188609731168737
2121.0;0.02623456790123457;0.0175513698630137;0.027531083481349913
2122.5;0.03416622228993677;0.02495201535508637;0.022041062801932364
2124.0;0.039603960396039604;0.0170487948265726;0.02623456790123457
2125.5;0.022727272727272728;0.025088028169014082;0.03443877551020408
2127.0;0.03130908265900325;0.01726263871763255;0.016089299461123942
2128.5;0.03130908265900325;0.03852667231160034;0.017094017094017096
2130.0;0.01842179442537598;0.042924211938296444;0.038041387799061466
2131.5;0.017465858520325457;0.03911639512696316;0.025088028169014082
2133.0;0.015724726735506497;0.018010291595197254;0.030318091451292245
2134.5;0.01741601350785099;0.0285204991087344;0.019961612284069098
2136.0;0.014844188506303903;0.019139945314441957;0.018413173652694608
2137.5;0.018026004728132386;0.03800513149454778;0.01521027695012944
2139.0;0.016745540589734254;0.0189328743545611;0.02516881522406384
2140.5;0.018683274021352312;0.0285204991087344;0.018010291595197254
2142.0;0.03846568257730848;0.017094017094017096;0.01608187134502924
2143.5;0.0170487948265726;0.0340398201669878;0.03020833333333333
2145.0;0.01702553830746119;0.025522755227552277;0.016252279131443725
2146.5;0.01597712748065927;0.015188609731168737;0.01686511603347678
2148.0;0.017373380447585393;0.0285204991087344;0.018683274021352312
2149.5;0.01654091700522345;0.037753222836095765;0.037753222836095765
2151.0;0.015069294547215105;0.015280135823429542;0.02499924106736286
2152.5;0.036646406864497674;0.018612132352941176;0.03326935380678182
2154.0;0.0189328743545611;0.030137981118373278;0.040968342644320296
2155.5;0.0325497287522604;0.023762376237623763;0.0279090113735783
2157.0;0.017373380447585393;0.018413173652694608;0.015283064065369568
2158.5;0.017368069472277887;0.016838000708968452;0.03858564130142512
2160.0;0.017368069472277887;0.03935185185185185;0.024816176470588234
2161.5;0.017847922818538867;0.027531083481349913;0.019214401225636224
2163.0;0.0161839863713799;0.01845342706502636;0.03749941815085982
2164.5;0.018010291595197254;0.028400277171901696;0.019381871048891646
2166.0;0.03411405295315682;0.014961939656692416;0.03858520900321543
2167.5;0.02452743199631166;0.0153103221203973;0.026548672566371685
2169.0;0.01950286806883365;0.023762376237623763;0.025529865125240848
2170.5;0.016089299461123942;0.01929824561403509;0.02811244979919679
2172.0;0.015280135823429542;0.018026004728132386;0.017985520395333736
2173.5;0.025956284153005466;0.026077596751308774;0.026475958612294584
2175.0;0.01612259159428971;0.023969617731291252;0.03625859675048921
2176.5;0.01612259159428971;0.027159972366261123;0.029478889311525296
2178.0;0.034522108226862615;0.026635139799021806;0.041829823261720814
2179.5;0.024114774114774116;0.0161839863713799;0.02495201535508637
2181.0;0.01612259159428971;0.023833646933950885;0.016128420893033128
2182.5;0.02911275415896488;0.015332305325385591;0.01606325909416982
2184.0;0.02802491103202847;0.025529865125240848;0.022128060263653486
2185.5;0.018010291595197254;0.0170487948265726;0.01654091700522345
2187.0;0.0161839863713799;0.02500730733006398;0.03326935380678182
2188.5;0.03564899451553931;0.029937629937629936;0.03699819520998976
2190.0;0.029647930821494754;0.024378585086042064;0.01749271137026239
2191.5;0.018197573656845753;0.018612132352941176;0.03061615001913509
2193.0;0.02623456790123457;0.028544333807491704;0.023765996343692867
2194.5;0.034586228679722046;0.01834862385321101;0.034328834095015415
2196.0;0.036415289256198344;0.018052243358660087;0.018470790378006873
2197.5;0.03598346705567712;0.024924471299093656;0.016962900268020876
2199.0;0.03617216117216117;0.018086080586080584;0.03972983386980154
2200.5;0.027531083481349913;0.028433476394849784;0.017014508724564226
2202.0;0.023418491484184917;0.04186531284672024;0.017796927688272762
2203.5;0.040968342644320296;0.018876611418047883;0.01730418943533698
2205.0;0.017623877982923447;0.018832655731576244;0.018086080586080584
2206.5;0.033879208022981784;0.017378863430747543;0.030318091451292245
2208.0;0.03828413284132841;0.02516881522406384;0.02516881522406384
2209.5;0.017623877982923447;0.025240384615384616;0.018323203432248837
2211.0;0.03669724770642202;0.03712871287128712;0.01866458752950859
2212.5;0.027531083481349913;0.017971946230274694;0.03143208986604193
2214.0;0.027531083481349913;0.017089125102207687;0.02966804979253112
2215.5;0.032256841786066255;0.018014359856939253;0.038580931263858094
2217.0;0.026548672566371685;0.029132231404958676;0.02335456475583864
2218.5;0.017547197908565945;0.01695388914764788;0.025579574533093986
2220.0;0.015095605501509561;0.017824497257769654;0.024114774114774116
2221.5;0.019327580007191657;0.016917819729987117;0.029874213836477988
2223.0;0.018354055654233276;0.03362011573718442;0.03951778570656288
2224.5;0.028248983597364368;0.040819094114456195;0.017206835592221567
2226.0;0.024378585086042064;0.040080752375793983;0.017138934508137606
2227.5;0.025772579946528054;0.0325497287522604;0.017206835592221567
2229.0;0.01601318781639348;0.0153103221203973;0.03403665485907901
2230.5;0.017754480892796753;0.02772277227722772;0.01675356994726551
2232.0;0.026060070671378093;0.03452474469756481;0.027551020408163263
2233.5;0.018470790378006873;0.017094017094017096;0.017699115044247787
2235.0;0.022128060263653486;0.029516994633273706;0.03608247422680412
2236.5;0.036590471405844434;0.017754480892796753;0.01834862385321101
2238.0;0.037738327167655364;0.017754480892796753;0.01647485416995113
2239.5;0.040057976685653376;0.033697931493502586;0.0230994573308361
2241.0;0.015829850619190455;0.027531083481349913;0.034101577629821495
2242.5;0.03828413284132841;0.0175513698630137;0.018354055654233276
2244.0;0.02802491103202847;0.02516881522406384;0.02516881522406384
2245.5;0.018354055654233276;0.031746031746031744;0.0230722525804493
2247.0;0.015095605501509561;0.025820463320463317;0.01772899957788096
2248.5;0.029017857142857144;0.01726263871763255;0.026027041081643266
2250.0;0.03609431217943811;0.01512779241718377;0.03450226244343891
2251.5;0.01865038996269922;0.02802491103202847;0.02941003815673613
2253.0;0.03460837887067396;0.015280135823429542;0.023274161735700197
2254.5;0.025605214152700187;0.03598346705567712;0.02973003922017692
2256.0;0.025522755227552277;0.017045454545454544;0.04093567251461988
2257.5;0.030993042378241617;0.01726263871763255;0.0220703125
2259.0;0.017934291168491913;0.017934291168491913;0.016361807781758754
2260.5;0.017934291168491913;0.01756386861313869;0.022789783889980354
2262.0;0.01848360454802751;0.018041485106324483;0.03878686700055648
2263.5;0.0175513698630137;0.0170487948265726;0.028865979381443297
2265.0;0.018470790378006873;0.024254473161033796;0.03815793569271952
2266.5;0.03466050479914682;0.016645807259073844;0.02475049900199601
2268.0;0.0285204991087344;0.031027253668763105;0.01834061135371179
2269.5;0.016745540589734254;0.017302798982188294;0.017699115044247787
2271.0;0.017547197908565945;0.017579860376560185;0.017824497257769654
2272.5;0.015769487034319674;0.015095605501509561;0.03146281667120676
2274.0;0.015769487034319674;0.017094017094017096;0.028075030713234236
2275.5;0.017373380447585393;0.016863406408094434;0.0188212927756654
2277.0;0.018010291595197254;0.032256841786066255;0.02516881522406384
2278.5;0.03768591312195207;0.01488644788002137;0.0230722525804493
2280.0;0.017699115044247787;0.017373380447585393;0.025382025382025386
2281.5;0.015225395561747438;0.036282622533418206;0.02465181626426747
2283.0;0.01845342706502636;0.03748467708982989;0.01695382407064609
2284.5;0.017934291168491913;0.023418491484184917;0.01749271137026239
2286.0;0.036007976406237624;0.026060070671378093;0.027018175863762896
2287.5;0.038655160014383315;0.028353715314420512;0.01834862385321101
2289.0;0.038655160014383315;0.025772579946528054;0.023765996343692867
2290.5;0.03902213310711807;0.024816176470588234;0.029397233201581028
2292.0;0.03902213310711807;0.024816176470588234;0.035073966367429515
2293.5;0.016676298192025096;0.016638225255972697;0.023809523809523808
2295.0;0.015731292517006803;0.016638225255972697;0.02710937611104
2296.5;0.016863406408094434;0.016863406408094434;0.03250478011472275
2298.0;0.016863406408094434;0.014910112661872163;0.025903299005061962
2299.5;0.016863406408094434;0.03764790247400502;0.026107226107226107
2301.0;0.016863406408094434;0.018354055654233276;0.024093511450381678
2302.5;0.015001087035292413;0.03212468193384224;0.02495201535508637
2304.0;0.032000890578704894;0.017563955708285603;0.031494920174165456
2305.5;0.033697931493502586;0.015078924549103066;0.033547008547008546
2307.0;0.033697931493502586;0.024114774114774116;0.03402637714743452
2308.5;0.015743018124095107;0.018354055654233276;0.03287716955941255
2310.0;0.037137807788150325;0.017287443030017287;0.024093511450381678
2311.5;0.037137807788150325;0.01603250274820786;0.03902153124807206
2313.0;0.037137807788150325;0.017094017094017096;0.022789783889980354
2314.5;0.037137807788150325;0.0188212927756654;0.03639812541843338
2316.0;0.014850222990092551;0.015370218739033806;0.027989367530385736
2317.5;0.0325497287522604;0.02587800369685767;0.034408602150537634
2319.0;0.0325497287522604;0.030993042378241617;0.02971246006389776
2320.5;0.015095605501509561;0.015731292517006803;0.03287370365521956
2322.0;0.016676298192025096;0.019939577039274924;0.025502008032128515
2323.5;0.037312715311890364;0.019142066420664204;0.026514314137283078
2325.0;0.017443347491498312;0.035111196074682986;0.03695150115473441
2326.5;0.017443347491498312;0.034258368919098864;0.03399534800500984
2328.0;0.017443347491498312;0.023833646933950885;0.027718550106609806
2329.5;0.017443347491498312;0.016335052812576762;0.019269640210214257
2331.0;0.031567255350648166;0.025162230168189643;0.027291242362525458
2332.5;0.031567255350648166;0.018354055654233276;0.03204834722095046
2334.0;0.03828413284132841;0.016429426632965278;0.02527855773291675
2335.5;0.017754480892796753;0.025322619917214514;0.03164091243561443
2337.0;0.017754480892796753;0.01703197690454738;0.03488908963163706
2338.5;0.017754480892796753;0.02684356680037026;0.033861185983827494
2340.0;0.017754480892796753;0.018470790378006873;0.030009920634920632
2341.5;0.027531083481349913;0.02460456942003515;0.02925718190359593
2343.0;0.027531083481349913;0.018147448015122872;0.037088523537438786
2344.5;0.016863406408094434;0.02945118059987237;0.034866898148148154
2346.0;0.038041387799061466;0.01766565689244434;0.027811860940695293
2347.5;0.014945495799148322;0.017934291168491913;0.03156312625250501
2349.0;0.014945495799148322;0.024366025053467768;0.033610860764201826
2350.5;0.014945495799148322;0.018533328860806126;0.01950286806883365
2352.0;0.014945495799148322;0.04154589371980676;0.055733618233618235
2353.5;0.014945495799148322;0.025529865125240848;0.02079272254710851
2355.0;0.01488644788002137;0.0285204991087344;0.02915766738660907
2356.5;0.01488644788002137;0.031723651744800845;0.01678424862821045
2358.0;0.01488644788002137;0.03718199608610568;0.028554778554778552
2359.5;0.03165717058169511;0.031746031746031744;0.04225352112676057
2361.0;0.03165717058169511;0.015225395561747438;0.02867981790591806
2362.5;0.03165717058169511;0.016863406408094434;0.01658516707416463
2364.0;0.03620712313994087;0.016638225255972697;0.03378661680548473
2365.5;0.031567255350648166;0.025088028169014082;0.0399002493765586
2367.0;0.014844188506303903;0.030009920634920632;0.025522755227552277
2368.5;0.01654477169890474;0.03687184061849539;0.02990877822640945
2370.0;0.030600620463832856;0.017754480892796753;0.033713054187192115
2371.5;0.030600620463832856;0.016335052812576762;0.028859466943579094
2373.0;0.016537723722061845;0.03927824843217075;0.02915766738660907
2374.5;0.029132231404958676;0.03879026955950033;0.016414282429458332
2376.0;0.04271844660194175;0.038817005545286505;0.044164037854889586
2377.5;0.04271844660194175;0.016638225255972697;0.03088450292397661
2379.0;0.01858759764068229;0.03722426470588235;0.023087573554863274
2380.5;0.019013666072489603;0.03669724770642202;0.024664750957854403
2382.0;0.03460837887067396;0.03478061621425754;0.026457750968564567
2383.5;0.032886334610472544;0.025522755227552277;0.02019230769230769
2385.0;0.017368069472277887;0.018086080586080584;0.02018776437242203
2386.5;0.03540190505852735;0.04054054054054054;0.028433476394849784
2388.0;0.0175884771057884;0.03278737779847593;0.02112541422380831
2389.5;0.017525055235791037;0.018526428743645473;0.03074012094473814
2391.0;0.015757596005086798;0.03669724770642202;0.027250706499798143
2392.5;0.015757596005086798;0.018354055654233276;0.026859962301807296
2394.0;0.01571899044635121;0.017754480892796753;0.018137493038852093
2395.5;0.01571899044635121;0.0230722525804493;0.02891522988505747
2397.0;0.01571899044635121;0.016830578931359627;0.028433476394849784
2398.5;0.01571899044635121;0.03326935380678182;0.032236842105263154
2400.0;0.03341700433863398;0.018848906360245943;0.017373380447585393
2401.5;0.03341700433863398;0.015854570888502284;0.03538251366120218
2403.0;0.014847562847640206;0.023765996343692867;0.02252710027100271
2404.5;0.016547849138021646;0.017094017094017096;0.02980239714933592
2406.0;0.016547849138021646;0.01712538226299694;0.04222520107238606
2407.5;0.016547849138021646;0.033205619412515965;0.023226221569382772
2409.0;0.018259258179111806;0.02525050100200401;0.0249922863313792
2410.5;0.018259258179111806;0.029106474050294272;0.03299954483386436
2412.0;0.018254889144197588;0.017373380447585393;0.04255368756566081
2413.5;0.016536747199563818;0.03250478011472275;0.023244781783681213
2415.0;0.016863406408094434;0.015280135823429542;0.024664750957854403
2416.5;0.015809071886378992;0.03136882129277567;0.04328664161257261
2418.0;0.015769487034319674;0.01771809624494277;0.02705016264338298
2419.5;0.01488644788002137;0.01771809624494277;0.018749019865152056
2421.0;0.015711796950363736;0.019013666072489603;0.02806365258774539
2422.5;0.016557768507871926;0.02516881522406384;0.03608247422680412
2424.0;0.019142066420664204;0.016335052812576762;0.025435922030762906
2425.5;0.01874107841782935;0.018323203432248837;0.02611218568665377
2427.0;0.01597712748065927;0.017773776536674248;0.024093511450381678
2428.5;0.017547197908565945;0.016755205752543818;0.030093267269017784
2430.0;0.017015706806282723;0.02703900709219858;0.02335456475583864
2431.5;0.03848310366392789;0.017754480892796753;0.024664750957854403
2433.0;0.014986153377295074;0.02848722986247544;0.036748329621380846
2434.5;0.031027742835050626;0.016335052812576762;0.023762376237623763
2436.0;0.03181117238826367;0.017814806907942786;0.017465753424657532
2437.5;0.023418491484184917;0.017814806907942786;0.02590139112330841
2439.0;0.017623877982923447;0.02587800369685767;0.02433487565066512
2440.5;0.0189328743545611;0.015280135823429542;0.02844359220198146
2442.0;0.017754480892796753;0.0175513698630137;0.030263586072242114
2443.5;0.016863406408094434;0.026548672566371685;0.024371551195585532
2445.0;0.016863406408094434;0.03764790247400502;0.031032182374456534
2446.5;0.015769487034319674;0.02587800369685767;0.046703296703296704
2448.0;0.02909270216962525;0.017094017094017096;0.028024950306987092
2449.5;0.01713180436584692;0.038655160014383315;0.018550268352090525
2451.0;0.017768879853890487;0.017623877982923447;0.019664981663197544
2452.5;0.024122807017543862;0.017547197908565945;0.0370850622406639
2454.0;0.01597712748065927;0.035572080214829514;0.02623456790123457
2455.5;0.035774141714325206;0.035572080214829514;0.016614200769499828
2457.0;0.032697066101095795;0.035572080214829514;0.01544910828831108
2458.5;0.03864818325709216;0.01488644788002137;0.03411405295315682
2460.0;0.023765996343692867;0.01488644788002137;0.024156218349879018
2461.5;0.025088028169014082;0.01488644788002137;0.024093511450381678
2463.0;0.024464831804281346;0.01488644788002137;0.03589420654911838
2464.5;0.02516881522406384;0.01488644788002137;0.03439054437521703
2466.0;0.01597712748065927;0.018289844042285466;0.01904761904761905
2467.5;0.01850632726208763;0.018289844042285466;0.024996548391550456
2469.0;0.0285204991087344;0.018289844042285466;0.0345679012345679
2470.5;0.016638225255972697;0.018289844042285466;0.02587800369685767
2472.0;0.018010291595197254;0.016557768507871926;0.04328664161257261
2473.5;0.017754480892796753;0.015690820879123473;0.015369332914563688
2475.0;0.015095605501509561;0.024122807017543862;0.024574669187145556
2476.5;0.03416622228993677;0.024122807017543862;0.01747700394218134
2478.0;0.03416622228993677;0.017754480892796753;0.01543855255744068
2479.5;0.016638225255972697;0.035127911416571206;0.0170487948265726
2481.0;0.0161839863713799;0.015809071886378992;0.015414729630535846
2482.5;0.0161839863713799;0.03746174588351344;0.016735914907761343
2484.0;0.0161839863713799;0.017094017094017096;0.018612132352941176
2485.5;0.029516994633273706;0.017094017094017096;0.0212516733601071
2487.0;0.01850632726208763;0.031723651744800845;0.0230994573308361
2488.5;0.01850632726208763;0.015809071886378992;0.02475049900199601
2490.0;0.01850632726208763;0.018010291595197254;0.02617712051674316
2491.5;0.017498443680569787;0.025573192239858905;0.019435224911627406
2493.0;0.037137807788150325;0.03966822935448972;0.01869087161947359
2494.5;0.02352661596958175;0.03130908265900325;0.0340398201669878
2496.0;0.015414729630535846;0.03130908265900325;0.01904761904761905
2497.5;0.019139945314441957;0.03130908265900325;0.019598155467720684
2499.0;0.015033359741139864;0.03130908265900325;0.03486394557823129
2500.5;0.01865038996269922;0.01842179442537598;0.01880211355937601
2502.0;0.037753222836095765;0.01842179442537598;0.02819414703783012
2503.5;0.01597712748065927;0.01836806645203033;0.018022181146025877
2505.0;0.02939958592132505;0.017427438387099873;0.019731800766283527
2506.5;0.040968342644320296;0.015690820879123473;0.023809523809523808
2508.0;0.026548672566371685;0.015690820879123473;0.01869087161947359
2509.5;0.018010291595197254;0.015690820879123473;0.030938123752495012
2511.0;0.016863406408094434;0.03607665186997895;0.03182232940102978
2512.5;0.018010291595197254;0.0285204991087344;0.027296130895978394
2514.0;0.01654091700522345;0.02460456942003515;0.02915766738660907
2515.5;0.015069294547215105;0.02703900709219858;0.024166411746711535
2517.0;0.016664722618075594;0.032256841786066255;0.0243871418092331
2518.5;0.026060070671378093;0.032256841786066255;0.018810125782376636
2520.0;0.017094017094017096;0.032256841786066255;0.025173611111111115
2521.5;0.017754480892796753;0.025088028169014082;0.01897636087616569
2523.0;0.03320921042632419;0.032697066101095795;0.03156312625250501
2524.5;0.016638225255972697;0.01850632726208763;0.03412112259970458
2526.0;0.01597712748065927;0.02352661596958175;0.027718550106609806
2527.5;0.0161839863713799;0.023833646933950885;0.026512304323670712
2529.0;0.03320921042632419;0.015139193690331638;0.017699115044247787
2530.5;0.017094017094017096;0.03966822935448972;0.034611469290804206
2532.0;0.015095605501509561;0.019013666072489603;0.04212063783102621
2533.5;0.015731292517006803;0.017754480892796753;0.02352661596958175
2535.0;0.025088028169014082;0.0340398201669878;0.02343480758184951
2536.5;0.015095605501509561;0.03669724770642202;0.031331229138839976
2538.0;0.026548672566371685;0.016745540589734254;0.030318091451292245
2539.5;0.025439127801332527;0.03482458408757866;0.04093567251461988
2541.0;0.017373380447585393;0.014910112661872163;0.016838000708968452
2542.5;0.023765996343692867;0.027531083481349913;0.0395185746777862
2544.0;0.017754480892796753;0.015280135823429542;0.03610029249370435
2545.5;0.03669724770642202;0.015095605501509561;0.02762661914879035
2547.0;0.017754480892796753;0.033879208022981784;0.030065165876777253
2548.5;0.017754480892796753;0.029135338345864664;0.03758169934640523
2550.0;0.03482458408757866;0.03160767554530645;0.01647485416995113
2551.5;0.01660281557997176;0.03160767554530645;0.032696390658174104
2553.0;0.01570251018973342;0.016664722618075594;0.030554178645781697
2554.5;0.03365384615384615;0.018358765104113217;0.03191137566137566
2556.0;0.03638309256286784;0.015738326756557706;0.01795398165419896
2557.5;0.0285204991087344;0.01484869904974782;0.032392026578073094
2559.0;0.03966822935448972;0.015731292517006803;0.018086080586080584
2560.5;0.03966822935448972;0.026148673888681355;0.030405405405405407
2562.0;0.029516994633273706;0.038091304104127525;0.04481456043956043
2563.5;0.035127911416571206;0.018372803169037805;0.027982562094770017
2565.0;0.015731292517006803;0.017754480892796753;0.035362194599228465
2566.5;0.040968342644320296;0.016745540589734254;0.03822762814943527
2568.0;0.019345238095238096;0.016638225255972697;0.030710095083957112
2569.5;0.025573192239858905;0.01850632726208763;0.029757286129703624
2571.0;0.016745540589734254;0.016676298192025096;0.017699115044247787
2572.5;0.028186274509803922;0.014910112661872163;0.01890359168241966
2574.0;0.016209169954000083;0.01660281557997176;0.03515625
2575.5;0.03470153107284698;0.01865038996269922;0.029184121284659886
2577.0;0.03609431217943811;0.017094017094017096;0.020006613756613757
2578.5;0.0230722525804493;0.017754480892796753;0.04534883720930233
2580.0;0.032302332946268345;0.014910112661872163;0.01911835170100623
2581.5;0.0189328743545611;0.018332165356039182;0.03323543808125306
2583.0;0.017754480892796753;0.016568094782873223;0.017521195475515235
2584.5;0.015095605501509561;0.015731292517006803;0.04225352112676057
2586.0;0.023418491484184917;0.0189328743545611;0.03205616550899993
2587.5;0.018086080586080584;0.015597920277296359;0.038580931263858094
2589.0;0.01713180436584692;0.017934291168491913;0.029891304347826088
2590.5;0.036756734911880494;0.018026004728132386;0.03136882129277567
2592.0;0.03879026955950033;0.017934291168491913;0.023465703971119134
2593.5;0.029516994633273706;0.018010291595197254;0.016652018716643183
2595.0;0.015731292517006803;0.016676298192025096;0.017708804633064883
2596.5;0.02604331748547279;0.017215791035915702;0.02284162378502001
2598.0;0.025573192239858905;0.017754480892796753;0.030670103092783507
2599.5;0.018354055654233276;0.01850632726208763;0.029647930821494754
2601.0;0.024276859504132234;0.03365384615384615;0.01749271137026239
2602.5;0.026917929456460737;0.016863406408094434;0.029074889867841413
2604.0;0.026179340646034558;0.017094017094017096;0.018185821224130337
2605.5;0.033128733253334;0.02703900709219858;0.024816176470588234
2607.0;0.015280135823429542;0.03130908265900325;0.036415289256198344
2608.5;0.028050275904353158;0.015095605501509561;0.02495201535508637
2610.0;0.016052757544824884;0.02669539153240914;0.03469827586206897
2611.5;0.01865038996269922;0.015988786911306178;0.026385154420828817
2613.0;0.025573192239858905;0.03674948240165632;0.021851503759398497
2614.5;0.016745540589734254;0.01783664661861255;0.019327580007191657
2616.0;0.03764790247400502;0.035127911416571206;0.029135338345864664
2617.5;0.016676298192025096;0.02623456790123457;0.025956284153005466
2619.0;0.01882395123700251;0.02980239714933592;0.027996435467102333
2620.5;0.023809523809523808;0.038441422594142266;0.027718550106609806
2622.0;0.016785765670711238;0.028073770491803277;0.01732653226459396
2623.5;0.028050275904353158;0.015731292517006803;0.025529865125240848
2625.0;0.017094017094017096;0.028050275904353158;0.01896734857158622
2626.5;0.0175513698630137;0.01726263871763255;0.016873111933413492
2628.0;0.018026004728132386;0.01862097440132122;0.0161839863713799
2629.5;0.01784040701566475;0.026555297542716533;0.014945495799148322
2631.0;0.03460837887067396;0.03882762150928175;0.018197573656845753
2632.5;0.026060070671378093;0.018371242245904248;0.017391304347826087
2634.0;0.01654091700522345;0.022964015151515152;0.030009920634920632
2635.5;0.019801980198019802;0.018012117242508598;0.028050275904353158
2637.0;0.01845342706502636;0.018683274021352312;0.03464918599625414
2638.5;0.025522755227552277;0.040968342644320296;0.0175513698630137
2640.0;0.015069294547215105;0.04018032144257153;0.022547062179121502
2641.5;0.018937169700528483;0.03755299060862606;0.03072625698324023
2643.0;0.028248983597364368;0.0189328743545611;0.01730418943533698
2644.5;0.015188609731168737;0.0170487948265726;0.018197573656845753
2646.0;0.01967799642218247;0.0161839863713799;0.01814552172099398
2647.5;0.03669724770642202;0.017754480892796753;0.018010291595197254
2649.0;0.017094017094017096;0.03841245791927793;0.01874107841782935
2650.5;0.039754363283775046;0.030185758513931894;0.024816176470588234
2652.0;0.016830578931359627;0.028433476394849784;0.02352661596958175
2653.5;0.02848722986247544;0.03639029592108771;0.029478889311525296
2655.0;0.015033359741139864;0.026060070671378093;0.015109552273918112
2656.5;0.024114774114774116;0.01608187134502924;0.0161839863713799
2658.0;0.03004578405188859;0.03669724770642202;0.0161839863713799
2659.5;0.02353900725019741;0.031723651744800845;0.03326935380678182
2661.0;0.018804018351364516;0.017754480892796753;0.015280135823429542
2662.5;0.016812301623652725;0.035650623885918005;0.031723651744800845
2664.0;0.017623877982923447;0.016676298192025096;0.032697066101095795
2665.5;0.03722426470588235;0.02495201535508637;0.016863406408094434
2667.0;0.01597712748065927;0.02495201535508637;0.018848906360245943
2668.5;0.03530661003451022;0.016939604011490892;0.025088028169014082
2670.0;0.017814806907942786;0.026060070671378093;0.025088028169014082
2671.5;0.03316662279547249;0.01672535211267606;0.025088028169014082
2673.0;0.016937514305333027;0.018010291595197254;0.016863406408094434
2674.5;0.017699115044247787;0.0161839863713799;0.015809071886378992
2676.0;0.016979552792060267;0.015225395561747438;0.037753222836095765
2677.5;0.03357531760435572;0.024464831804281346;0.035650623885918005
2679.0;0.015095605501509561;0.015001087035292413;0.01597712748065927
2680.5;0.015731292517006803;0.017094017094017096;0.0175513698630137
2682.0;0.016863406408094434;0.017623877982923447;0.0175513698630137
2683.5;0.016863406408094434;0.026548672566371685;0.026060070671378093
2685.0;0.014945495799148322;0.017460979111666896;0.032697066101095795
2686.5;0.03091538715963386;0.016693260083617784;0.016745540589734254
2688.0;0.03450566571561023;0.0189328743545611;0.026060070671378093
2689.5;0.01830736743700201;0.03768591312195207;0.0189328743545611
2691.0;0.025573192239858905;0.0325497287522604;0.01865038996269922
2692.5;0.015001087035292413;0.0170487948265726;0.035650623885918005
2694.0;0.023642732049036778;0.02752293577981652;0.023642732049036778
2695.5;0.015095605501509561;0.018696834582424188;0.023642732049036778
2697.0;0.032697066101095795;0.02516881522406384;0.032256841786066255
2698.5;0.03106789479980177;0.035650623885918005;0.015743018124095107
2700.0;0.03106789479980177;0.03828413284132841;0.017971946230274694
2701.5;0.03106789479980177;0.026060070671378093;0.03742080962095995
2703.0;0.026548672566371685;0.016863406408094434;0.037945498551091014
2704.5;0.017754480892796753;0.015280135823429542;0.01865038996269922
2706.0;0.017094017094017096;0.027531083481349913;0.017045454545454544
2707.5;0.03609431217943811;0.030938123752495012;0.028770882091840855
2709.0;0.03768591312195207;0.018020513790726903;0.018767861574226462
2710.5;0.017623877982923447;0.02705192148920307;0.015837095542905518
2712.0;0.017547197908565945;0.017971946230274694;0.03460837887067396
2713.5;0.03706545928938685;0.024114774114774116;0.03460837887067396
2715.0;0.03864818325709216;0.027521563105087132;0.026060070671378093
2716.5;0.03966822935448972;0.03566493707536622;0.0340398201669878
2718.0;0.037753222836095765;0.01847399691825296;0.017934291168491913
2719.5;0.015871286409530037;0.015280135823429542;0.028580208973570994
2721.0;0.03599221789883269;0.04516908212560387;0.0325497287522604
2722.5;0.028580208973570994;0.018026004728132386;0.02802491103202847
2724.0;0.029816513761467895;0.015095605501509561;0.01865038996269922
2725.5;0.03313655743081309;0.026548672566371685;0.01865038996269922
2727.0;0.025088028169014082;0.017825311942959002;0.02268431001890359
2728.5;0.038041387799061466;0.016755205752543818;0.02268431001890359
2730.0;0.038041387799061466;0.029397233201581028;0.03530661003451022
2731.5;0.016638225255972697;0.02352661596958175;0.018026004728132386
2733.0;0.015001087035292413;0.03276256866659899;0.024664750957854403
2734.5;0.01597712748065927;0.024501992031872512;0.024574669187145556
2736.0;0.01850632726208763;0.0406908249100369;0.017814806907942786
2737.5;0.026548672566371685;0.01834061135371179;0.0161839863713799
2739.0;0.017547197908565945;0.02238354506957048;0.017094017094017096
2740.5;0.025573192239858905;0.025956284153005466;0.015001087035292413
2742.0;0.031746031746031744;0.026998169615619284;0.0161839863713799
2743.5;0.017373380447585393;0.022405660377358493;0.015001087035292413
2745.0;0.018026004728132386;0.0189328743545611;0.04195042222827568
2746.5;0.01597712748065927;0.016043635035830027;0.018354055654233276
2748.0;0.023765996343692867;0.02569922389808171;0.01594765689784196
2749.5;0.023244781783681213;0.02531293463143254;0.018358765104113217
2751.0;0.019013666072489603;0.033790711926221545;0.017015706806282723
2752.5;0.015731292517006803;0.01749271137026239;0.01865038996269922
2754.0;0.02729044834307992;0.025522755227552277;0.016638225255972697
2755.5;0.016348533050547898;0.02506498329001114;0.025088028169014082
2757.0;0.028685146892627487;0.027551020408163263;0.02460456942003515
2758.5;0.03365384615384615;0.02486058115644262;0.015280135823429542
2760.0;0.0189328743545611;0.0173511462972126;0.017699115044247787
2761.5;0.017094017094017096;0.023244781783681213;0.017754480892796753
2763.0;0.016745540589734254;0.01645021645021645;0.030185758513931894
2764.5;0.02516881522406384;0.018354055654233276;0.0161839863713799
2766.0;0.01749271137026239;0.023474533535047904;0.015095605501509561
2767.5;0.030627490039840638;0.028744875793218654;0.019139945314441957
2769.0;0.016043635035830027;0.024093511450381678;0.03212468193384224
2770.5;0.022041062801932364;0.03445525191703979;0.019327580007191657
2772.0;0.016638225255972697;0.016335052812576762;0.01834061135371179
2773.5;0.01865038996269922;0.017645059094131093;0.0189328743545611
2775.0;0.02587800369685767;0.02684356680037026;0.03701091782897144
2776.5;0.037753222836095765;0.018786847740005278;0.015898024165091146
2778.0;0.01850632726208763;0.03443877551020408;0.020966880341880344
2779.5;0.030245746691871456;0.02516881522406384;0.029231715025413236
2781.0;0.018848906360245943;0.024378585086042064;0.026475958612294584
2782.5;0.018848906360245943;0.015139193690331638;0.027531083481349913
2784.0;0.018470790378006873;0.030009920634920632;0.03902213310711807
2785.5;0.016638225255972697;0.017773776536674248;0.025088028169014082
2787.0;0.018848906360245943;0.0285204991087344;0.0189328743545611
2788.5;0.018610244807272875;0.017771545130035694;0.014945495799148322
2790.0;0.014986153377295074;0.019071369196057474;0.03282828282828283
2791.5;0.01672535211267606;0.01726263871763255;0.025502008032128515
2793.0;0.019269640210214257;0.018716969225741748;0.017699115044247787
2794.5;0.015280135823429542;0.01597712748065927;0.017825311942959002
2796.0;0.026060070671378093;0.019139945314441957;0.029074889867841413
2797.5;0.014945495799148322;0.037760416666666664;0.02819414703783012
2799.0;0.015095605501509561;0.01893351811460113;0.017373380447585393
2800.5;0.02703900709219858;0.023418491484184917;0.043010752688172046
2802.0;0.03423209093312186;0.027332170880557977;0.026344152244872826
2803.5;0.01702553830746119;0.03742802303262956;0.024874967096604368
2805.0;0.024093511450381678;0.03313655743081309;0.01897923971725942
2806.5;0.016217853406024562;0.019139945314441957;0.0161839863713799
2808.0;0.03617216117216117;0.017971946230274694;0.0279090113735783
2809.5;0.015001087035292413;0.016863406408094434;0.04271844660194175
2811.0;0.030993042378241617;0.01749271137026239;0.023809523809523808
2812.5;0.037753222836095765;0.03968662645284684;0.027032520325203254
2814.0;0.015001087035292413;0.01537736404878336;0.026457750968564567
2815.5;0.01597712748065927;0.01834862385321101;0.029322364071229207
2817.0;0.016863406408094434;0.016988416988416986;0.017824497257769654
2818.5;0.039754363283775046;0.03564899451553931;0.018612132352941176
2820.0;0.016638225255972697;0.018010291595197254;0.01733025239957341
2821.5;0.016638225255972697;0.01834061135371179;0.03421019573991104
2823.0;0.015001087035292413;0.02499924106736286;0.01606832657788072
2824.5;0.015225395561747438;0.017875123723664534;0.031494920174165456
2826.0;0.01672535211267606;0.02772277227722772;0.016614200769499828
2827.5;0.017883272962794156;0.01834862385321101;0.01834061135371179
2829.0;0.015842570532438566;0.026475958612294584;0.04126794258373206
2830.5;0.03331214913674399;0.028073770491803277;0.039347749025168376
2832.0;0.01672693391308206;0.02503945291951604;0.017711103470188068
2833.5;0.03669724770642202;0.019139945314441957;0.024727342754438195
2835.0;0.03669724770642202;0.02506498329001114;0.015095605501509561
2836.5;0.025088028169014082;0.015988786911306178;0.017373380447585393
2838.0;0.01850632726208763;0.01581306695616876;0.018371242245904248
2839.5;0.035650623885918005;0.023809523809523808;0.02964569775849602
2841.0;0.015809071886378992;0.036721805475411935;0.030137981118373278
2842.5;0.01488644788002137;0.03639029592108771;0.033972841057362396
2844.0;0.01488644788002137;0.016025963289428118;0.030318091451292245
2845.5;0.031723651744800845;0.0368160111898508;0.022405660377358493
2847.0;0.017547197908565945;0.01661081524818724;0.018041485106324483
2848.5;0.01488644788002137;0.02703900709219858;0.02414486921529175
2850.0;0.016582472972657695;0.023244781783681213;0.031183368869936036
2851.5;0.01485852872552252;0.024857650156125635;0.024784482758620687
2853.0;0.037753222836095765;0.016775307882501863;0.019160728424386382
2854.5;0.01865038996269922;0.018026004728132386;0.02003052270125906
2856.0;0.015001087035292413;0.026548672566371685;0.03188282915101079
2857.5;0.02802491103202847;0.038041387799061466;0.023765996343692867
2859.0;0.027531083481349913;0.025522755227552277;0.018543046357615892
2860.5;0.016745540589734254;0.032886334610472544;0.015517241379310345
2862.0;0.017498443680569787;0.0175513698630137;0.01865038996269922
2863.5;0.017443347491498312;0.0189328743545611;0.023809523809523808
2865.0;0.016568094782873223;0.038984406237504994;0.04212932723709994
2866.5;0.027531083481349913;0.03250478011472275;0.024378585086042064
2868.0;0.015871286409530037;0.03564899451553931;0.03411405295315682
2869.5;0.015769487034319674;0.03125;0.0395185746777862
2871.0;0.0189328743545611;0.04055812138164314;0.02348758972337738
2872.5;0.01597712748065927;0.03989126480097258;0.017995855868593022
2874.0;0.02351778656126482;0.03466050479914682;0.04271844660194175
2875.5;0.030670103092783507;0.03828413284132841;0.01782779889387077
2877.0;0.030628272251308895;0.03966822935448972;0.032279909706546275
2878.5;0.01617627154453831;0.03571428571428571;0.028186274509803922
2880.0;0.01762137555097394;0.03571428571428571;0.019274809160305342
2881.5;0.03409090909090909;0.026839699159416013;0.029611819109441828
2883.0;0.033676001417936904;0.026178761082246618;0.01834862385321101
2884.5;0.015871286409530037;0.0175513698630137;0.037422037422037424
2886.0;0.017547197908565945;0.03466050479914682;0.018538209281526382
2887.5;0.016863406408094434;0.0175513698630137;0.01612259159428971
2889.0;0.016745540589734254;0.015731292517006803;0.03320921042632419
2890.5;0.016745540589734254;0.025088028169014082;0.017910447761194027
2892.0;0.016745540589734254;0.0161839863713799;0.03658300734033669
2893.5;0.016745540589734254;0.018010291595197254;0.024723374827109266
2895.0;0.017547197908565945;0.03706545928938685;0.01589496047739557
2896.5;0.015769487034319674;0.03935185185185185;0.0345679012345679
2898.0;0.015280135823429542;0.017754480892796753;0.017062225393368134
2899.5;0.017754480892796753;0.03630494704772959;0.023809523809523808
2901.0;0.027531083481349913;0.021832358674463936;0.023189222175280477
2902.5;0.027531083481349913;0.018010291595197254;0.01834862385321101
2904.0;0.0189328743545611;0.015280135823429542;0.01730418943533698
2905.5;0.01597712748065927;0.026060070671378093;0.0161446953143967
2907.0;0.017623877982923447;0.032924107142857144;0.01726263871763255
2908.5;0.014945495799148322;0.023418491484184917;0.02833675564681725
2910.0;0.0175513698630137;0.015871286409530037;0.027814569536423844
2911.5;0.035650623885918005;0.028248983597364368;0.025883496493786014
2913.0;0.015871286409530037;0.023809523809523808;0.015663069961712496
2914.5;0.015871286409530037;0.01672535211267606;0.044009216589861753
2916.0;0.016676298192025096;0.02568279495355608;0.02896257986005476
2917.5;0.01663225731761437;0.017754480892796753;0.028073770491803277
2919.0;0.026548672566371685;0.0170487948265726;0.039159728837896424
2920.5;0.015001087035292413;0.018792559974975337;0.024467906820847995
2922.0;0.015280135823429542;0.019408502772643253;0.02578291365134045
2923.5;0.015280135823429542;0.031279105055515434;0.029167406355405646
2925.0;0.016863406408094434;0.024378585086042064;0.028001302386157494
2926.5;0.015809071886378992;0.03599221789883269;0.040674603174603176
2928.0;0.017094017094017096;0.02784833653429156;0.026107226107226107
2929.5;0.016745540589734254;0.01612259159428971;0.02018348623853211
2931.0;0.016676298192025096;0.03423209093312186;0.016429426632965278
2932.5;0.016676298192025096;0.044009216589861753;0.02860082304526749
2934.0;0.035572080214829514;0.03794036152526719;0.017889908256880735
2935.5;0.035572080214829514;0.030318091451292245;0.01680123161444548
2937.0;0.035572080214829514;0.033972841057362396;0.03241525423728814
2938.5;0.0325497287522604;0.01865038996269922;0.028016473549167337
2940.0;0.024122807017543862;0.02400793650793651;0.017015706806282723
2941.5;0.024122807017543862;0.03940367562010024;0.04370860927152319
2943.0;0.03902213310711807;0.04260800634165676;0.031984630341187904
2944.5;0.03825578292372061;0.026475958612294584;0.03331755401310551
2946.0;0.03764790247400502;0.023909327847425776;0.015762263898178402
2947.5;0.03276661638370833;0.03113903621045683;0.01834862385321101
2949.0;0.03828413284132841;0.017754480892796753;0.01658516707416463
2950.5;0.040968342644320296;0.02802491103202847;0.03138766519823788
2952.0;0.0325497287522604;0.017699115044247787;0.03048016701461378
2953.5;0.026548672566371685;0.016335052812576762;0.018697956093868283
2955.0;0.03564899451553931;0.03669724770642202;0.025162230168189643
2956.5;0.038041387799061466;0.01749271137026239;0.018945274956009995
2958.0;0.03466050479914682;0.028073770491803277;0.0196969696969697
2959.5;0.03722426470588235;0.02623456790123457;0.018134445023449713
2961.0;0.02835538752362949;0.03061868686868687;0.04600694444444444
2962.5;0.035728508846788416;0.01612259159428971;0.031169464372779836
2964.0;0.03229272462285738;0.025956284153005466;0.023137535816618916
2965.5;0.032697066101095795;0.02703900709219858;0.027911324786324784
2967.0;0.03416622228993677;0.035650623885918005;0.030986449350895482
2968.5;0.029017857142857144;0.018010291595197254;0.022309197651663407
2970.0;0.03416622228993677;0.03750966744006187;0.01890359168241966
2971.5;0.03416622228993677;0.0392709217668699;0.021673387096774195
2973.0;0.03416622228993677;0.040968342644320296;0.023834019204389576
2974.5;0.03416622228993677;0.02352661596958175;0.018402100258984637
2976.0;0.03416622228993677;0.02577961274606387;0.020429159318048208
2977.5;0.03416622228993677;0.02724539646749342;0.03397147147147147
2979.0;0.01836806645203033;0.015302583076023234;0.029891304347826088
2980.5;0.01836806645203033;0.015006885229596255;0.01903700401248328
2982.0;0.015743018124095107;0.03445525191703979;0.030958549222797924
2983.5;0.017754480892796753;0.025573192239858905;0.018083944453112812
2985.0;0.017754480892796753;0.01850632726208763;0.0188212927756654
2986.5;0.017754480892796753;0.03828413284132841;0.019731800766283527
2988.0;0.038041387799061466;0.018683274021352312;0.019965528298861633
2989.5;0.033879208022981784;0.018683274021352312;0.030818131564400223
2991.0;0.033879208022981784;0.025088028169014082;0.025247524752475246
2992.5;0.033879208022981784;0.01865038996269922;0.031570762052877135
2994.0;0.033697931493502586;0.03466050479914682;0.03020833333333333
2995.5;0.032573955124637066;0.015001087035292413;0.022556390977443608
2997.0;0.03251852018092068;0.01842179442537598;0.034670398009950254
2998.5;0.03708596418846531;0.016863406408094434;0.03515625
3000.0;0.03708596418846531;0.027531083481349913;0.025832555244319953
3001.5;0.01826142579350741;0.017623877982923447;0.0351962727157735
3003.0;0.03331212913068683;0.015809071886378992;0.024948024948024946
3004.5;0.03331212913068683;0.015743018124095107;0.028248983597364368
3006.0;0.03331212913068683;0.018683274021352312;0.02691045475855602
3007.5;0.01653260196570383;0.0161839863713799;0.019038371912381547
3009.0;0.02460456942003515;0.015280135823429542;0.03361344537815126
3010.5;0.02460456942003515;0.03951778570656288;0.03356861116877724
3012.0;0.01850632726208763;0.036646406864497674;0.02421349577873628
3013.5;0.01850632726208763;0.025573192239858905;0.018654136447850918
3015.0;0.01850632726208763;0.01865038996269922;0.02847533662133559
3016.5;0.03746174588351344;0.02703900709219858;0.024664750957854403
3018.0;0.035437678433415665;0.0175513698630137;0.04062959195207415
3019.5;0.015724726735506497;0.03416622228993677;0.032886334610472544
3021.0;0.015711796950363736;0.03669724770642202;0.023031496062992124
3022.5;0.015711796950363736;0.024114774114774116;0.024833590828363918
3024.0;0.015711796950363736;0.03823174953203928;0.027798718431963815
3025.5;0.018277260861902424;0.014929429479221547;0.02491909385113269
3027.0;0.018277260861902424;0.03423209093312186;0.02799872733057588
3028.5;0.018277260861902424;0.019041938815588494;0.02623456790123457
3030.0;0.03607665186997895;0.03717393280213288;0.02317655078391275
3031.5;0.03607665186997895;0.0183788068613222;0.03208232445520581
3033.0;0.016537723722061845;0.01658664891228896;0.038274336283185835
3034.5;0.03148640294042308;0.017373380447585393;0.02909270216962525
3036.0;0.036038047141896255;0.01612259159428971;0.03667434715821812
3037.5;0.01824547540373295;0.017596390484003282;0.01549874155517287
3039.0;0.01824547540373295;0.03805068136929682;0.04067796610169492
3040.5;0.03328480769441399;0.016002023152347986;0.015013593238519725
3042.0;0.02802491103202847;0.015731292517006803;0.030009920634920632
3043.5;0.035650623885918005;0.017754480892796753;0.029937629937629936
3045.0;0.015871286409530037;0.015871286409530037;0.025282187456325683
3046.5;0.01842179442537598;0.01663225731761437;0.0189328743545611
3048.0;0.01842179442537598;0.018354055654233276;0.028433476394849784
3049.5;0.01488644788002137;0.017754480892796753;0.02915766738660907
3051.0;0.01488644788002137;0.017754480892796753;0.036721805475411935
3052.5;0.01488644788002137;0.014945495799148322;0.03251008064516129
3054.0;0.01488644788002137;0.015769487034319674;0.016335052812576762
3055.5;0.01488644788002137;0.01597712748065927;0.0230722525804493
3057.0;0.01488644788002137;0.017094017094017096;0.04761188851624841
3058.5;0.01488644788002137;0.017094017094017096;0.024727369453994258
3060.0;0.037210128013628566;0.016638225255972697;0.038293216630196934
3061.5;0.015711796950363736;0.015095605501509561;0.04205991504969852
3063.0;0.015711796950363736;0.01850632726208763;0.02508408071748879
3064.5;0.014850222990092551;0.016863406408094434;0.027032520325203254
3066.0;0.01654477169890474;0.014945495799148322;0.026507713884992984
3067.5;0.030600620463832856;0.01865038996269922;0.024464831804281346
3069.0;0.030600620463832856;0.0161839863713799;0.037753222836095765
3070.5;0.03148640294042308;0.0161839863713799;0.0170487948265726
3072.0;0.03148640294042308;0.017754480892796753;0.03617216117216117
3073.5;0.016533838797490336;0.017547197908565945;0.015280135823429542
3075.0;0.016533838797490336;0.017547197908565945;0.02795584045584046
3076.5;0.016533838797490336;0.02835538752362949;0.017427675148135237
3078.0;0.016533838797490336;0.01713180436584692;0.01679506017486582
3079.5;0.016533838797490336;0.017634583975364486;0.027531083481349913
3081.0;0.01653260196570383;0.015001087035292413;0.029074889867841413
3082.5;0.014829232922191612;0.03768591312195207;0.024691358024691357
3084.0;0.014829232922191612;0.016863406408094434;0.032692307692307694
3085.5;0.0161839863713799;0.017547197908565945;0.035839081469765534
3087.0;0.0161839863713799;0.017623877982923447;0.03125
3088.5;0.01597712748065927;0.017623877982923447;0.021042084168336674
3090.0;0.01597712748065927;0.015871286409530037;0.03397147147147147
3091.5;0.01597712748065927;0.023418491484184917;0.017775534478980812
3093.0;0.01597712748065927;0.0189328743545611;0.03480872380901801
3094.5;0.01597712748065927;0.026548672566371685;0.023244781783681213
3096.0;0.035127911416571206;0.032697066101095795;0.019142066420664204
3097.5;0.035127911416571206;0.038817005545286505;0.01871657754010695
3099.0;0.035774141714325206;0.03320921042632419;0.03476946334089191
3100.5;0.03173139329252938;0.037753222836095765;0.03136882129277567
3102.0;0.03173139329252938;0.032697066101095795;0.02682763246143528
3103.5;0.03512773722627738;0.0367279087083759;0.03214192410685128
3105.0;0.025573192239858905;0.01663225731761437;0.04178121834756186
3106.5;0.038655160014383315;0.03742165865034251;0.029702970297029705
3108.0;0.03669724770642202;0.03442728442728442;0.02835538752362949
3109.5;0.037753222836095765;0.015280135823429542;0.017563955708285603
3111.0;0.03212468193384224;0.041250831669993354;0.03774334525228447
3112.5;0.01597712748065927;0.034328834095015415;0.016913946587537095
3114.0;0.024464831804281346;0.03848310366392789;0.0161839863713799
3115.5;0.0325497287522604;0.031244100868812533;0.030705731891640508
3117.0;0.015001087035292413;0.03564899451553931;0.02580210039502842
3118.5;0.015001087035292413;0.03774334525228447;0.018314772574802095
3120.0;0.015001087035292413;0.03473411919538013;0.026407273699692473
3121.5;0.03364485981308411;0.016638225255972697;0.025173611111111115
3123.0;0.017697567180791858;0.024114774114774116;0.034306743985442915
3124.5;0.038817005545286505;0.025088028169014082;0.022789783889980354
3126.0;0.015095605501509561;0.015095605501509561;0.019731800766283527
3127.5;0.024464831804281346;0.03250478011472275;0.018836565096952907
3129.0;0.01654091700522345;0.03466050479914682;0.027482269503546097
3130.5;0.01702553830746119;0.03466050479914682;0.016884655698856128
3132.0;0.036007976406237624;0.033879208022981784;0.022742701968771217
3133.5;0.014936197678611653;0.03637335441877961;0.028433476394849784
3135.0;0.038817005545286505;0.02703900709219858;0.02525721928801701
3136.5;0.033676001417936904;0.02587800369685767;0.01672535211267606
3138.0;0.03106789479980177;0.017699115044247787;0.023834019204389576
3139.5;0.03165717058169511;0.017094017094017096;0.025679820925219695
3141.0;0.03807194397841974;0.017094017094017096;0.02966804979253112
3142.5;0.014850222990092551;0.017094017094017096;0.02964569775849602
3144.0;0.03609431217943811;0.016745540589734254;0.020329437179338813
3145.5;0.017498443680569787;0.017547197908565945;0.03423626787057938
3147.0;0.01830736743700201;0.016403046280023436;0.025247524752475246
3148.5;0.038017461422104666;0.017094017094017096;0.019142066420664204
3150.0;0.014836509492270044;0.01597712748065927;0.01834862385321101
3151.5;0.026060070671378093;0.018026004728132386;0.028642323244700403
3153.0;0.018470790378006873;0.02623456790123457;0.026475958612294584
3154.5;0.01865038996269922;0.02623456790123457;0.01874107841782935
3156.0;0.017699115044247787;0.03951778570656288;0.026173020527859234
3157.5;0.028580208973570994;0.01594765689784196;0.03961666402661176
3159.0;0.018010291595197254;0.024114774114774116;0.018354055654233276
3160.5;0.02703900709219858;0.0161839863713799;0.03416594889463106
3162.0;0.01865038996269922;0.0161839863713799;0.018354055654233276
3163.5;0.03106789479980177;0.0161839863713799;0.03617373582983059
3165.0;0.029874213836477988;0.038655160014383315;0.015597920277296359
3166.5;0.0161839863713799;0.01865038996269922;0.019529006318207927
3168.0;0.02703900709219858;0.015731292517006803;0.024574669187145556
3169.5;0.03512773722627738;0.015731292517006803;0.020304139678963676
3171.0;0.038655160014383315;0.03512773722627738;0.016256134013203114
3172.5;0.044468546637744036;0.017754480892796753;0.028544333807491704
3174.0;0.035645871911116796;0.017754480892796753;0.02458727439735856
3175.5;0.035148828372387586;0.03293798595973293;0.024254473161033796
3177.0;0.04057719431485299;0.02587800369685767;0.016913979694298784
3178.5;0.027332170880557977;0.03357531760435572;0.02506498329001114
3180.0;0.03905055027047192;0.015095605501509561;0.024093511450381678
3181.5;0.01709768189736031;0.015809071886378992;0.015154962909024714
3183.0;0.015978662116831757;0.03828413284132841;0.041455659613828195
3184.5;0.01587214462426261;0.03828413284132841;0.023432115097226366
3186.0;0.015769834234775192;0.03764790247400502;0.017699115044247787
3187.5;0.017466149881514088;0.03764790247400502;0.028770882091840855
3189.0;0.018010291595197254;0.032256841786066255;0.024464831804281346
3190.5;0.019013666072489603;0.02802491103202847;0.019659185369908565
3192.0;0.016638225255972697;0.016638225255972697;0.03639411311140166
3193.5;0.038655160014383315;0.017754480892796753;0.027587890625
3195.0;0.038655160014383315;0.015871286409530037;0.02833675564681725
3196.5;0.033879208022981784;0.01660281557997176;0.01862097440132122
3198.0;0.01597712748065927;0.03669724770642202;0.027565124933545983
3199.5;0.03669724770642202;0.032697066101095795;0.029397233201581028
3201.0;0.015001087035292413;0.03293798595973293;0.02633339705601223
3202.5;0.026592455163883737;0.037312715311890364;0.024114774114774116
3204.0;0.03365384615384615;0.015724726735506497;0.016335052812576762
3205.5;0.038655160014383315;0.015724726735506497;0.015195702225633155
3207.0;0.016745540589734254;0.015724726735506497;0.022789783889980354
3208.5;0.0161839863713799;0.03527987093940073;0.01834061135371179
3210.0;0.03409090909090909;0.03527987093940073;0.019598155467720684
3211.5;0.03130908265900325;0.036646406864497674;0.01749271137026239
3213.0;0.03846568257730848;0.03768591312195207;0.019274809160305342
3214.5;0.015798668573620674;0.03768591312195207;0.01918932786044125
3216.0;0.018683274021352312;0.03768591312195207;0.016335052812576762
3217.5;0.01654091700522345;0.034633078205669056;0.019395134779750165
3219.0;0.01771809624494277;0.026060070671378093;0.02724539646749342
3220.5;0.018197573656845753;0.016745540589734254;0.01939343350027824
3222.0;0.02939958592132505;0.03106789479980177;0.01733192423380213
3223.5;0.018086080586080584;0.01663225731761437;0.016918000523533167
3225.0;0.017094017094017096;0.01663225731761437;0.017015706806282723
3226.5;0.03130908265900325;0.01663225731761437;0.028050275904353158
3228.0;0.038817005545286505;0.01660281557997176;0.03935185185185185
3229.5;0.017094017094017096;0.01660281557997176;0.028769144302374594
3231.0;0.0175513698630137;0.014870091759449306;0.018086080586080584
3232.5;0.01850632726208763;0.025522755227552277;0.01897923971725942
3234.0;0.03768591312195207;0.025522755227552277;0.0170487948265726
3235.5;0.032256841786066255;0.025522755227552277;0.017699115044247787
3237.0;0.024122807017543862;0.0189328743545611;0.018012117242508598
3238.5;0.015095605501509561;0.0189328743545611;0.026344152244872826
3240.0;0.015095605501509561;0.0189328743545611;0.015095605501509561
3241.5;0.01663225731761437;0.036646406864497674;0.018197573656845753
3243.0;0.017465858520325457;0.02703900709219858;0.02587800369685767
3244.5;0.01570251018973342;0.03966822935448972;0.02249041381297515
3246.0;0.01570251018973342;0.01850632726208763;0.017015408690532446
3247.5;0.01850632726208763;0.01850632726208763;0.024816176470588234
3249.0;0.014910112661872163;0.01850632726208763;0.026008064516129033
3250.5;0.014910112661872163;0.014945495799148322;0.030280307088019997
3252.0;0.0175513698630137;0.014945495799148322;0.030634573304157545
3253.5;0.018010291595197254;0.03091538715963386;0.02352661596958175
3255.0;0.016335052812576762;0.0189328743545611;0.01896734857158622
3256.5;0.029397233201581028;0.03966822935448972;0.02623456790123457
3258.0;0.016937514305333027;0.015809071886378992;0.01594765689784196
3259.5;0.03530539163766581;0.03841245791927793;0.038655160014383315
3261.0;0.016638225255972697;0.02860082304526749;0.017699115044247787
3262.5;0.018937169700528483;0.028489903424056193;0.027531083481349913
3264.0;0.03617373582983059;0.025266107273104632;0.0189328743545611
3265.5;0.039888682745825604;0.035650623885918005;0.0161839863713799
3267.0;0.02802491103202847;0.03706545928938685;0.01749271137026239
3268.5;0.0175513698630137;0.02703900709219858;0.018323203432248837
3270.0;0.01865038996269922;0.01597712748065927;0.016000445289352447
3271.5;0.025956284153005466;0.017699115044247787;0.02835538752362949
3273.0;0.032697066101095795;0.0175513698630137;0.02506936187078874
3274.5;0.032000890578704894;0.038041387799061466;0.015280135823429542
3276.0;0.03365384615384615;0.017498443680569787;0.01597712748065927
3277.5;0.01865038996269922;0.023765996343692867;0.023642732049036778
3279.0;0.015871286409530037;0.027531083481349913;0.01834862385321101
3280.5;0.03919631093544137;0.025088028169014082;0.02891543420553659
3282.0;0.01597712748065927;0.018470790378006873;0.0370617790406654
3283.5;0.03130908265900325;0.017373380447585393;0.01730418943533698
3285.0;0.017547197908565945;0.017563955708285603;0.01718287488267995
3286.5;0.037753222836095765;0.01609637517087528;0.04093567251461988
3288.0;0.030318091451292245;0.01671852804591668;0.02489343033954763
3289.5;0.019139945314441957;0.0285204991087344;0.03813587134886774
3291.0;0.03924126754390435;0.041250831669993354;0.01530335105405387
3292.5;0.014922830014276238;0.03331214913674399;0.03266518188567186
3294.0;0.02703900709219858;0.035504224147150036;0.01923521066349929
3295.5;0.027886497064579255;0.015154962909024714;0.018470790378006873
3297.0;0.034891161379767985;0.03493117752954726;0.05623100303951368
3298.5;0.03722426470588235;0.018470790378006873;0.04327763745871382
3300.0;0.017754480892796753;0.025573192239858905;0.017825311942959002
3301.5;0.017094017094017096;0.03320921042632419;0.03401334844478025
3303.0;0.017547197908565945;0.016638225255972697;0.03916827852998066
3304.5;0.01488644788002137;0.026060070671378093;0.03669724770642202
3306.0;0.01488644788002137;0.03669724770642202;0.031723651744800845
3307.5;0.017427438387099873;0.01597712748065927;0.018010291595197254
3309.0;0.03460837887067396;0.02802491103202847;0.025176372942315672
3310.5;0.023418491484184917;0.035650623885918005;0.03530751708428246
3312.0;0.0230722525804493;0.018026004728132386;0.01726263871763255
3313.5;0.01612259159428971;0.023418491484184917;0.019961612284069098
3315.0;0.03442728442728442;0.024464831804281346;0.03036793919502505
3316.5;0.0285204991087344;0.025956284153005466;0.03812434789483036
3318.0;0.017094017094017096;0.025956284153005466;0.03156767375534018
3319.5;0.033676001417936904;0.01549874155517287;0.038274336283185835
3321.0;0.03617216117216117;0.03501841784293656;0.015399445716351367
3322.5;0.024816176470588234;0.03630665374767477;0.038385826771653545
3324.0;0.01845342706502636;0.01757773554106423;0.0161839863713799
3325.5;0.03892124243888933;0.034710609742817713;0.03935185185185185
3327.0;0.034774142684043156;0.016638225255972697;0.04483695652173913
3328.5;0.03411405295315682;0.02703900709219858;0.01537736404878336
3330.0;0.041566746602717815;0.030009920634920632;0.02752293577981652
3331.5;0.04093567251461988;0.017094017094017096;0.03564899451553931
3333.0;0.03638309256286784;0.03902213310711807;0.023642732049036778
3334.5;0.031723651744800845;0.017754480892796753;0.03416622228993677
3336.0;0.03966822935448972;0.039888682745825604;0.03297682709447416
3337.5;0.016638225255972697;0.02802491103202847;0.02623456790123457
3339.0;0.017825311942959002;0.017094017094017096;0.03951778570656288
3340.5;0.016988416988416986;0.03512773722627738;0.036783854166666664
3342.0;0.01726263871763255;0.03512773722627738;0.0175513698630137
3343.5;0.01672239597595953;0.026060070671378093;0.038817005545286505
3345.0;0.016242522094412855;0.016745540589734254;0.023765996343692867
3346.5;0.016761997225470154;0.016745540589734254;0.02915766738660907
3348.0;0.016745540589734254;0.015769487034319674;0.018487434139972954
3349.5;0.036282622533418206;0.015724726735506497;0.016917819729987117
3351.0;0.0325497287522604;0.03212468193384224;0.015024970979036621
3352.5;0.0161839863713799;0.03948705750059468;0.02752293577981652
3354.0;0.018010291595197254;0.0285204991087344;0.01865038996269922
3355.5;0.018086080586080584;0.016745540589734254;0.03320921042632419
3357.0;0.02734495764545848;0.02703900709219858;0.01842179442537598
3358.5;0.017824497257769654;0.017971946230274694;0.029874213836477988
3360.0;0.018197573656845753;0.01594765689784196;0.015280135823429542
3361.5;0.017574219762933944;0.03858606712690403;0.03966822935448972
3363.0;0.03269400898099553;0.026548672566371685;0.031746031746031744
3364.5;0.017451608467677262;0.038041387799061466;0.018010291595197254
3366.0;0.015280135823429542;0.02413793103448276;0.01842179442537598
3367.5;0.023642732049036778;0.01834862385321101;0.018332165356039182
3369.0;0.03130908265900325;0.01847256430674642;0.017094017094017096
3370.5;0.015731292517006803;0.024114774114774116;0.03919631093544137
3372.0;0.025573192239858905;0.03846568257730848;0.015280135823429542
3373.5;0.01865038996269922;0.0321878706485571;0.016638225255972697
3375.0;0.03460837887067396;0.01834862385321101;0.03466050479914682
3376.5;0.017934291168491913;0.03584393024964925;0.04195042222827568
3378.0;0.018242207460398566;0.01843011266982822;0.03466050479914682
3379.5;0.04269406392694064;0.028580208973570994;0.026060070671378093
3381.0;0.016519477970758513;0.027609028498049096;0.017754480892796753
3382.5;0.025351205447518555;0.03349160229608107;0.014910112661872163
3384.0;0.02676362545917985;0.03880121049932371;0.038041387799061466
3385.5;0.023765996343692867;0.025554582603619376;0.018332165356039182
3387.0;0.03411405295315682;0.027309839878855373;0.0381479518588489
3388.5;0.031494920174165456;0.024464831804281346;0.03807194397841974
3390.0;0.026101950459345276;0.025573192239858905;0.03154000016129497
3391.5;0.018530556516346202;0.035650623885918005;0.016540721828503288
3393.0;0.015095605501509561;0.018197573656845753;0.03148640294042308
3394.5;0.03106789479980177;0.015280135823429542;0.017094017094017096
3396.0;0.0161839863713799;0.017623877982923447;0.0161839863713799
3397.5;0.03212468193384224;0.023809523809523808;0.033676001417936904
3399.0;0.026998169615619284;0.017215791035915702;0.035572080214829514
3400.5;0.018610244807272875;0.01654091700522345;0.031723651744800845
3402.0;0.035537211848776805;0.03136882129277567;0.025088028169014082
3403.5;0.0189328743545611;0.0285204991087344;0.025522755227552277
3405.0;0.024122807017543862;0.0161839863713799;0.032697066101095795
3406.5;0.032886334610472544;0.017754480892796753;0.0367279087083759
3408.0;0.01606832657788072;0.01865038996269922;0.034633078205669056
3409.5;0.031746031746031744;0.015871286409530037;0.03265254436585322
3411.0;0.03357531760435572;0.016863406408094434;0.03136882129277567
3412.5;0.03365384615384615;0.016745540589734254;0.030993042378241617
3414.0;0.017699115044247787;0.01660281557997176;0.039888682745825604
3415.5;0.02623456790123457;0.014850222990092551;0.039888682745825604
3417.0;0.040968342644320296;0.03966822935448972;0.0175513698630137
3418.5;0.01942319011183049;0.03966822935448972;0.015809071886378992
3420.0;0.028248983597364368;0.01850632726208763;0.0363872644574399
3421.5;0.02387631883881198;0.025088028169014082;0.016863406408094434
3423.0;0.03423209093312186;0.01865038996269922;0.03902213310711807
3424.5;0.03423209093312186;0.015001087035292413;0.02835538752362949
3426.0;0.01810895810084204;0.024378585086042064;0.017122114923635367
3427.5;0.015731292517006803;0.0185554688027144;0.017122114923635367
3429.0;0.015280135823429542;0.017699115044247787;0.03806929833366718
3430.5;0.016638225255972697;0.03156312625250501;0.025573192239858905
3432.0;0.017623877982923447;0.0170487948265726;0.03320921042632419
3433.5;0.015731292517006803;0.023809523809523808;0.025573192239858905
3435.0;0.01834862385321101;0.017679771605305417;0.018470790378006873
3436.5;0.02891543420553659;0.03085485307212823;0.03669724770642202
3438.0;0.015879968453896016;0.03967769075704275;0.017754480892796753
3439.5;0.017553774980973956;0.029504080351537978;0.03136882129277567
3441.0;0.019659185369908565;0.025540326831839745;0.01845342706502636
3442.5;0.01677324964013498;0.01749271137026239;0.017287443030017287
3444.0;0.02475049900199601;0.018848906360245943;0.02440040296020768
3445.5;0.02475049900199601;0.034774142684043156;0.039205386155217216
3447.0;0.023765996343692867;0.024816176470588234;0.015280135823429542
3448.5;0.033676001417936904;0.02911275415896488;0.03902213310711807
3450.0;0.03764790247400502;0.03061868686868687;0.023642732049036778
3451.5;0.018163597644995613;0.03966822935448972;0.015095605501509561
3453.0;0.03490916298820606;0.039888682745825604;0.043010752688172046
3454.5;0.015999279724132995;0.016863406408094434;0.01710322537202882
3456.0;0.036646406864497674;0.017373380447585393;0.02909270216962525
3457.5;0.014945495799148322;0.022098515519568148;0.017256925767414787
3459.0;0.01865038996269922;0.023809523809523808;0.02729541720014307
3460.5;0.03130908265900325;0.01845400161997053;0.037586398751585565
3462.0;0.028050275904353158;0.016839556624530412;0.0189328743545611
3463.5;0.03966822935448972;0.029017857142857144;0.015414729630535846
3465.0;0.016745540589734254;0.0230722525804493;0.025522755227552277
3466.5;0.02703900709219858;0.026998169615619284;0.017094017094017096
3468.0;0.01865038996269922;0.0161839863713799;0.02460456942003515
3469.5;0.0433355219960604;0.0175513698630137;0.035111196074682986
3471.0;0.03911639512696316;0.03412112259970458;0.0175513698630137
3472.5;0.017094017094017096;0.037753222836095765;0.03212468193384224
3474.0;0.017934291168491913;0.028865979381443297;0.024816176470588234
3475.5;0.017094017094017096;0.03212468193384224;0.0189328743545611
3477.0;0.029647930821494754;0.01784040701566475;0.026475958612294584
3478.5;0.016081348496769426;0.03982067510548524;0.03176742395071236
3480.0;0.015926980240613186;0.037753222836095765;0.01929824561403509
3481.5;0.015926980240613186;0.03466050479914682;0.01782779889387077
3483.0;0.015757596005086798;0.019013666072489603;0.01496307123438496
3484.5;0.025573192239858905;0.017883272962794156;0.016638225255972697
3486.0;0.015095605501509561;0.03250478011472275;0.01845342706502636
3487.5;0.02802491103202847;0.024464831804281346;0.022549019607843137
3489.0;0.016863406408094434;0.03685386088066369;0.03600963468486552
3490.5;0.017754480892796753;0.037753222836095765;0.04212932723709994
3492.0;0.014910112661872163;0.01675203627508607;0.023274161735700197
3493.5;0.026060070671378093;0.03268701306308945;0.024792371577976004
3495.0;0.016745540589734254;0.017825311942959002;0.02677494633520678
3496.5;0.0161839863713799;0.02799872733057588;0.01749271137026239
3498.0;0.023244781783681213;0.01579592719928834;0.01672535211267606
3499.5;0.03497503514469921;0.023809166479931147;0.01594765689784196
3501.0;0.01766843911960692;0.015861825872400422;0.02494777243356168
3502.5;0.03969754253308129;0.018871433747959736;0.015414729630535846
3504.0;0.01845157937014199;0.03250478011472275;0.018010291595197254
3505.5;0.018470790378006873;0.018937169700528483;0.0391281512605042
3507.0;0.016863406408094434;0.0161839863713799;0.01772899957788096
3508.5;0.017094017094017096;0.0216998191681736;0.025466333735969404
3510.0;0.016335052812576762;0.018532729644693425;0.026060070671378093
3511.5;0.023809523809523808;0.01713180436584692;0.028050275904353158
3513.0;0.01874107841782935;0.0189328743545611;0.016979552792060267
3514.5;0.0175513698630137;0.017094017094017096;0.016217853406024562
3516.0;0.025088028169014082;0.01850632726208763;0.03503787878787879
3517.5;0.023642732049036778;0.018470790378006873;0.031369929560359486
3519.0;0.0189328743545611;0.017094017094017096;0.03379065040650407
3520.5;0.030185758513931894;0.017754480892796753;0.01705018909044292
3522.0;0.01594765689784196;0.02793585100879462;0.01773141070098048
3523.5;0.026060070671378093;0.017391304347826087;0.03365384615384615
3525.0;0.026060070671378093;0.018197573656845753;0.02734495764545848
3526.5;0.015871286409530037;0.016937514305333027;0.03316662279547249
3528.0;0.021851503759398497;0.01865038996269922;0.02623456790123457
3529.5;0.015302583076023234;0.015517241379310345;0.01730418943533698
3531.0;0.015985839376975106;0.03829415273235845;0.04307545367717287
3532.5;0.03250478011472275;0.018197573656845753;0.01717650438029585
3534.0;0.034586228679722046;0.0382496162330863;0.018876611418047883
3535.5;0.026148673888681355;0.015414729630535846;0.03572354435630217
3537.0;0.02710937611104;0.01726263871763255;0.028073770491803277
3538.5;0.0230722525804493;0.04017857142857143;0.01877958968963703
3540.0;0.03742080962095995;0.0309448807841008;0.03589420654911838
3541.5;0.03722426470588235;0.02684669356922312;0.016451126579743944
3543.0;0.035127911416571206;0.015154149293423319;0.019675925925925927
3544.5;0.035572080214829514;0.01934304002250826;0.03282828282828283
3546.0;0.0381479518588489;0.01537736404878336;0.043997813773228665
3547.5;0.016638225255972697;0.01942319011183049;0.032542579075425786
3549.0;0.016638225255972697;0.024464831804281346;0.029231715025413236
3550.5;0.03609431217943811;0.030009920634920632;0.024038363432302826
3552.0;0.034633078205669056;0.02393384239278061;0.022789783889980354
3553.5;0.0230722525804493;0.028580208973570994;0.015280135823429542
3555.0;0.03669724770642202;0.03048016701461378;0.018544683857294242
3556.5;0.03718199608610568;0.015517241379310345;0.023815062518173887
3558.0;0.03916827852998066;0.017391304347826087;0.030511307188441913
3559.5;0.035154762207043645;0.025956284153005466;0.031746031746031744
3561.0;0.02703900709219858;0.01775534628830588;0.022405660377358493
3562.5;0.0230722525804493;0.025522755227552277;0.025393013799506935
3564.0;0.016830578931359627;0.016863406408094434;0.027611201291850823
3565.5;0.02352661596958175;0.017906866520528468;0.024501992031872512
3567.0;0.016217853406024562;0.02558390431225674;0.019071369196057474
3568.5;0.016682238490947087;0.0161839863713799;0.030009920634920632
3570.0;0.01865038996269922;0.023244781783681213;0.01810895810084204
3571.5;0.028248983597364368;0.025357139236142794;0.028865979381443297
3573.0;0.015842570532438566;0.016992064062730614;0.028254847645429362
3574.5;0.03535245814226298;0.015095605501509561;0.024498886414253896
3576.0;0.017603269400950756;0.01842179442537598;0.016146964078720696
3577.5;0.0161839863713799;0.038655160014383315;0.019263204616067467
3579.0;0.032886334610472544;0.025573192239858905;0.03528138528138528
3580.5;0.0285204991087344;0.040343486714193126;0.02592592592592593
3582.0;0.015731292517006803;0.019020693899530733;0.018804198995892286
3583.5;0.032256841786066255;0.017391304347826087;0.023884269118719107
3585.0;0.01836806645203033;0.040968342644320296;0.025574598113458222
3586.5;0.018332165356039182;0.02752293577981652;0.01929824561403509
3588.0;0.01726263871763255;0.026344152244872826;0.03779069767441861
3589.5;0.015280135823429542;0.028154879670214322;0.01639225298737321
3591.0;0.015414729630535846;0.024816176470588234;0.01942319011183049
3592.5;0.01583436633020483;0.017094017094017096;0.019944341372912802
3594.0;0.015898024165091146;0.017825311942959002;0.01705018909044292
3595.5;0.024464831804281346;0.018612132352941176;0.024254473161033796
3597.0;0.017934291168491913;0.019139945314441957;0.01731640784414803
3598.5;0.034088854059919224;0.036165577342047936;0.016404391880884894
