#auto generated file!
6.0;0.02223129771495195;0.02223129771495195;0.02223129771495195
7.5;0.02223129771495195;0.02223129771495195;0.02223129771495195
9.0;0.02223129771495195;0.02223129771495195;0.02223129771495195
10.5;0.02223129771495195;0.02223129771495195;0.02223129771495195
12.0;0.02223129771495195;0.02223129771495195;0.02223129771495195
13.5;0.033276450511945395;0.02223129771495195;0.01824212271973466
15.0;0.036941580756013746;0.02223129771495195;0.01824212271973466
16.5;0.036941580756013746;0.02223129771495195;0.0173841059602649
18.0;0.01652892561983471;0.02223129771495195;0.0175513698630137
19.5;0.03602058319039451;0.016638225255972697;0.014827018121911038
21.0;0.030560271646859084;0.01652892561983471;0.01567656765676568
22.5;0.024114774114774116;0.01652892561983471;0.01567656765676568
24.0;0.024114774114774116;0.0378657487091222;0.014827018121911038
25.5;0.01824212271973466;0.014827018121911038;0.014827018121911038
27.0;0.01652892561983471;0.014827018121911038;0.0173841059602649
28.5;0.014827018121911038;0.014827018121911038;0.01652892561983471
30.0;0.02703900709219858;0.01567656765676568;0.018086080586080584
31.5;0.02703900709219858;0.019345238095238096;0.014827018121911038
33.0;0.026060070671378093;0.01567656765676568;0.0170487948265726
34.5;0.026060070671378093;0.01567656765676568;0.0170487948265726
36.0;0.017094017094017096;0.01567656765676568;0.0173841059602649
37.5;0.0161839863713799;0.01678765880217786;0.01567656765676568
39.0;0.0175513698630137;0.036941580756013746;0.014827018121911038
40.5;0.030560271646859084;0.018683274021352312;0.01824212271973466
42.0;0.01824212271973466;0.027531083481349913;0.024122807017543862
43.5;0.018010291595197254;0.02695167286245353;0.01652892561983471
45.0;0.01652892561983471;0.01824212271973466;0.0173841059602649
46.5;0.018470790378006873;0.033276450511945395;0.014827018121911038
48.0;0.024816176470588234;0.022964015151515152;0.0175513698630137
49.5;0.01824212271973466;0.01672535211267606;0.0175513698630137
51.0;0.017699115044247787;0.0173841059602649;0.0175513698630137
52.5;0.014827018121911038;0.025573192239858905;0.01652892561983471
54.0;0.029017857142857144;0.0175513698630137;0.0175513698630137
55.5;0.03418803418803419;0.019345238095238096;0.01824212271973466
57.0;0.014827018121911038;0.014827018121911038;0.014827018121911038
58.5;0.01567656765676568;0.01652892561983471;0.018470790378006873
60.0;0.0351027397260274;0.015731292517006803;0.018470790378006873
61.5;0.0351027397260274;0.028865979381443297;0.027531083481349913
63.0;0.01567656765676568;0.017094017094017096;0.018010291595197254
64.5;0.0173841059602649;0.036941580756013746;0.017094017094017096
66.0;0.02802491103202847;0.014827018121911038;0.0285204991087344
67.5;0.026994163424124515;0.0175513698630137;0.026060070671378093
69.0;0.0323679727427598;0.018354055654233276;0.030560271646859084
70.5;0.02909270216962525;0.033276450511945395;0.014827018121911038
72.0;0.02802491103202847;0.03250478011472275;0.0161839863713799
73.5;0.014827018121911038;0.023244781783681213;0.037753222836095765
75.0;0.03669724770642202;0.01730418943533698;0.03617216117216117
76.5;0.014827018121911038;0.01824212271973466;0.0161839863713799
78.0;0.01652892561983471;0.016638225255972697;0.02703900709219858
79.5;0.0351027397260274;0.0175513698630137;0.029135338345864664
81.0;0.0173841059602649;0.018470790378006873;0.023765996343692867
82.5;0.01567656765676568;0.01730418943533698;0.01652892561983471
84.0;0.0378657487091222;0.016638225255972697;0.03564899451553931
85.5;0.03602058319039451;0.022727272727272728;0.016638225255972697
87.0;0.0323679727427598;0.0378657487091222;0.02587800369685767
88.5;0.01567656765676568;0.018010291595197254;0.0285204991087344
90.0;0.03212468193384224;0.030938123752495012;0.0189328743545611
91.5;0.022727272727272728;0.03061868686868687;0.018026004728132386
93.0;0.01652892561983471;0.03061868686868687;0.024464831804281346
94.5;0.0323679727427598;0.02703900709219858;0.024114774114774116
96.0;0.030560271646859084;0.0173841059602649;0.014827018121911038
97.5;0.033276450511945395;0.031462585034013606;0.036941580756013746
99.0;0.03669724770642202;0.026548672566371685;0.03512773722627738
100.5;0.031462585034013606;0.0351027397260274;0.0173841059602649
102.0;0.02703900709219858;0.024122807017543862;0.01652892561983471
103.5;0.01567656765676568;0.02802491103202847;0.017699115044247787
105.0;0.01652892561983471;0.033276450511945395;0.0323679727427598
106.5;0.015731292517006803;0.027531083481349913;0.0175513698630137
108.0;0.014827018121911038;0.026548672566371685;0.017373380447585393
109.5;0.033276450511945395;0.0378657487091222;0.02703900709219858
111.0;0.037753222836095765;0.027531083481349913;0.026060070671378093
112.5;0.0351027397260274;0.0285204991087344;0.026548672566371685
114.0;0.017094017094017096;0.03061868686868687;0.014827018121911038
115.5;0.03669724770642202;0.03326935380678182;0.016638225255972697
117.0;0.033276450511945395;0.0351027397260274;0.01567656765676568
118.5;0.014827018121911038;0.03602058319039451;0.015731292517006803
120.0;0.01567656765676568;0.03602058319039451;0.03365384615384615
121.5;0.02460456942003515;0.025240384615384616;0.02352661596958175
123.0;0.01824212271973466;0.038817005545286505;0.01824212271973466
124.5;0.0285204991087344;0.03250478011472275;0.036941580756013746
126.0;0.030627490039840638;0.0173841059602649;0.027886497064579255
127.5;0.03212468193384224;0.018026004728132386;0.02695167286245353
129.0;0.033276450511945395;0.01567656765676568;0.017094017094017096
130.5;0.01652892561983471;0.03617216117216117;0.0175513698630137
132.0;0.03669724770642202;0.0175513698630137;0.024093511450381678
133.5;0.0378657487091222;0.01824212271973466;0.01652892561983471
135.0;0.026060070671378093;0.02703900709219858;0.029874213836477988
136.5;0.024122807017543862;0.05024038461538461;0.0173841059602649
138.0;0.0173841059602649;0.02516881522406384;0.0173841059602649
139.5;0.031462585034013606;0.01652892561983471;0.025573192239858905
141.0;0.0173841059602649;0.016638225255972697;0.01567656765676568
142.5;0.0378657487091222;0.01567656765676568;0.036941580756013746
144.0;0.0351027397260274;0.01824212271973466;0.024816176470588234
145.5;0.03357531760435572;0.0230722525804493;0.03460837887067396
147.0;0.02802491103202847;0.02623456790123457;0.02268431001890359
148.5;0.02802491103202847;0.023418491484184917;0.03020833333333333
150.0;0.03602058319039451;0.018876611418047883;0.017094017094017096
151.5;0.01567656765676568;0.018470790378006873;0.017373380447585393
153.0;0.03617216117216117;0.017699115044247787;0.022727272727272728
154.5;0.03617216117216117;0.027531083481349913;0.027531083481349913
156.0;0.014827018121911038;0.014827018121911038;0.015280135823429542
157.5;0.0173841059602649;0.031462585034013606;0.026994163424124515
159.0;0.01824212271973466;0.03828413284132841;0.03250478011472275
160.5;0.0351027397260274;0.024114774114774116;0.03250478011472275
162.0;0.01652892561983471;0.0285204991087344;0.026060070671378093
163.5;0.0175513698630137;0.03602058319039451;0.02238354506957048
165.0;0.01567656765676568;0.024948024948024946;0.01652892561983471
166.5;0.036941580756013746;0.016638225255972697;0.017094017094017096
168.0;0.01652892561983471;0.03326935380678182;0.0285204991087344
169.5;0.036941580756013746;0.03602058319039451;0.01824212271973466
171.0;0.0323679727427598;0.01652892561983471;0.023418491484184917
172.5;0.01567656765676568;0.025573192239858905;0.031462585034013606
174.0;0.0285204991087344;0.02352661596958175;0.022789783889980354
175.5;0.01824212271973466;0.033276450511945395;0.01567656765676568
177.0;0.0189328743545611;0.03602058319039451;0.014827018121911038
178.5;0.024114774114774116;0.01652892561983471;0.017699115044247787
180.0;0.0173841059602649;0.031462585034013606;0.015731292517006803
181.5;0.01824212271973466;0.01865038996269922;0.026548672566371685
183.0;0.01824212271973466;0.024093511450381678;0.02980239714933592
184.5;0.01652892561983471;0.03372140883165756;0.01862706786505145
186.0;0.03935185185185185;0.01842904360817203;0.016293098349991132
187.5;0.02268431001890359;0.015095605501509561;0.017391304347826087
189.0;0.025522755227552277;0.03864818325709216;0.03004578405188859
190.5;0.0161839863713799;0.03864818325709216;0.01756386861313869
192.0;0.016863406408094434;0.018832655731576244;0.015154962909024714
193.5;0.02802491103202847;0.018941328903879267;0.018612132352941176
195.0;0.01597712748065927;0.02675933970460469;0.016604605213162094
196.5;0.024114774114774116;0.02675933970460469;0.0188212927756654
198.0;0.029017857142857144;0.018026004728132386;0.01731640784414803
199.5;0.01597712748065927;0.034328834095015415;0.03880121049932371
201.0;0.035127911416571206;0.0175513698630137;0.018026004728132386
202.5;0.016676298192025096;0.01654091700522345;0.01654091700522345
204.0;0.018470790378006873;0.018610244807272875;0.016335052812576762
205.5;0.017623877982923447;0.027531083481349913;0.015139193690331638
207.0;0.03450566571561023;0.017754480892796753;0.018010291595197254
208.5;0.030627490039840638;0.028050275904353158;0.01865038996269922
210.0;0.018832655731576244;0.01848360454802751;0.024464831804281346
211.5;0.018832655731576244;0.03289285823417288;0.018047156089719053
213.0;0.017215791035915702;0.030795852975054324;0.016383308191854164
214.5;0.01882395123700251;0.024816176470588234;0.02643098879869115
216.0;0.026592455163883737;0.02516881522406384;0.022727272727272728
217.5;0.017015706806282723;0.01865038996269922;0.02018348623853211
219.0;0.017015706806282723;0.023765996343692867;0.030009920634920632
220.5;0.03331214913674399;0.03584229390681004;0.01772899957788096
222.0;0.03331214913674399;0.0177109440267335;0.0161839863713799
223.5;0.034586228679722046;0.03358591423148826;0.018010291595197254
225.0;0.03257387725662403;0.03212468193384224;0.02238354506957048
226.5;0.036007976406237624;0.024464831804281346;0.021851503759398497
228.0;0.036007976406237624;0.025522755227552277;0.017814806907942786
229.5;0.026060070671378093;0.03564899451553931;0.014919591597576132
231.0;0.035650623885918005;0.035774141714325206;0.016937514305333027
232.5;0.03320921042632419;0.03564899451553931;0.018354055654233276
234.0;0.017498443680569787;0.02703900709219858;0.01597712748065927
235.5;0.017971946230274694;0.026548672566371685;0.0188212927756654
237.0;0.036007976406237624;0.02752293577981652;0.027718550106609806
238.5;0.017534382187836362;0.02460456942003515;0.024664750957854403
240.0;0.01749271137026239;0.036020913593835996;0.023274161735700197
241.5;0.018010291595197254;0.03365384615384615;0.030318091451292245
243.0;0.016335052812576762;0.026060070671378093;0.030137981118373278
244.5;0.01865038996269922;0.02460456942003515;0.017373380447585393
246.0;0.02802491103202847;0.023762376237623763;0.02670240913521794
247.5;0.016335052812576762;0.026548438327157226;0.017825311942959002
249.0;0.03336778829267314;0.026548672566371685;0.018323203432248837
250.5;0.03722426470588235;0.025088028169014082;0.023765996343692867
252.0;0.03902213310711807;0.03530661003451022;0.017824497257769654
253.5;0.031723651744800845;0.03156776445591137;0.026839699159416013
255.0;0.02752293577981652;0.03258313259881127;0.018242207460398566
256.5;0.026384343193694787;0.037663910885067806;0.01678765880217786
258.0;0.028489903424056193;0.01845342706502636;0.02018348623853211
259.5;0.04152350387011516;0.01771809624494277;0.015414729630535846
261.0;0.03967769075704275;0.03357531760435572;0.026479957525882662
262.5;0.0285204991087344;0.016863406408094434;0.024166411746711535
264.0;0.0285204991087344;0.03379065040650407;0.025529865125240848
265.5;0.02703900709219858;0.01726263871763255;0.02036845857821142
267.0;0.01672535211267606;0.03878406708595388;0.0433355219960604
268.5;0.03423209093312186;0.027551020408163263;0.019839679358717437
270.0;0.016917819729987117;0.01645021645021645;0.029401154401154404
271.5;0.031130911966997434;0.039888682745825604;0.026083953188038723
273.0;0.017971946230274694;0.03125;0.026740376725903098
274.5;0.017971946230274694;0.024464831804281346;0.023765996343692867
276.0;0.029017857142857144;0.03331214913674399;0.03205616550899993
277.5;0.01842179442537598;0.0319582924595652;0.022789783889980354
279.0;0.01836806645203033;0.016624630520743856;0.032062780269058296
280.5;0.017094017094017096;0.01756386861313869;0.025716433527362123
282.0;0.017094017094017096;0.015414729630535846;0.030634573304157545
283.5;0.01597712748065927;0.015907416444202047;0.029702970297029705
285.0;0.015871286409530037;0.030245746691871456;0.026151938328844965
286.5;0.014945495799148322;0.036646406864497674;0.03208232445520581
288.0;0.014945495799148322;0.018010291595197254;0.0264308785047968
289.5;0.014945495799148322;0.015809071886378992;0.02508408071748879
291.0;0.014945495799148322;0.029702970297029705;0.03825318012684888
292.5;0.014945495799148322;0.03372140883165756;0.04038461538461538
294.0;0.014945495799148322;0.015414729630535846;0.018143754361479414
295.5;0.014945495799148322;0.019139945314441957;0.035207823960880194
297.0;0.01836806645203033;0.031723651744800845;0.024499654934437544
298.5;0.01836806645203033;0.026548672566371685;0.03298485940879596
300.0;0.01660281557997176;0.033205619412515965;0.036415289256198344
301.5;0.018470790378006873;0.017215791035915702;0.018041485106324483
303.0;0.018470790378006873;0.041250831669993354;0.02802491103202847
304.5;0.018470790378006873;0.03846568257730848;0.0220508658008658
306.0;0.015095605501509561;0.014986153377295074;0.030808659688046042
307.5;0.014910112661872163;0.018358765104113217;0.027996435467102333
309.0;0.014910112661872163;0.027291242362525458;0.023418491484184917
310.5;0.01488644788002137;0.027291242362525458;0.03871131405377981
312.0;0.017094017094017096;0.017089125102207687;0.03984340737301035
313.5;0.018086080586080584;0.041445358031692026;0.018086080586080584
315.0;0.016043635035830027;0.041250831669993354;0.024664750957854403
316.5;0.01766843911960692;0.041250831669993354;0.03403665485907901
318.0;0.015783713313901306;0.03948705750059468;0.03469827586206897
319.5;0.01573143975108125;0.040819094114456195;0.045951859956236324
321.0;0.017433311232636223;0.018716969225741748;0.033725976441413515
322.5;0.027531083481349913;0.015095605501509561;0.04018032144257153
324.0;0.03609431217943811;0.03365384615384615;0.026008064516129033
325.5;0.03609431217943811;0.03969754253308129;0.022216013772690207
327.0;0.017547197908565945;0.028353715314420512;0.024378585086042064
328.5;0.01836806645203033;0.017094017094017096;0.019719771665801765
330.0;0.03825578292372061;0.01726263871763255;0.037300272524619454
331.5;0.033494196742055664;0.016785765670711238;0.033366867873910126
333.0;0.016568094782873223;0.0175513698630137;0.03841785317943488
334.5;0.016568094782873223;0.0161839863713799;0.023762376237623763
336.0;0.03339355998530387;0.016838000708968452;0.02538726916052222
337.5;0.03339355998530387;0.03859174001354096;0.028865979381443297
339.0;0.03339355998530387;0.015597920277296359;0.019263204616067467
340.5;0.024122807017543862;0.018010291595197254;0.025
342.0;0.024122807017543862;0.023274161735700197;0.019431612402527807
343.5;0.015871286409530037;0.03296124419917221;0.03791773778920309
345.0;0.030813820600779404;0.017094017094017096;0.023921460176991153
346.5;0.030813820600779404;0.017547197908565945;0.03254934901301974
348.0;0.033494196742055664;0.0170487948265726;0.018612132352941176
349.5;0.018289844042285466;0.03669724770642202;0.028073770491803277
351.0;0.015695763321720377;0.024816176470588234;0.04446583253128008
352.5;0.014839767744728968;0.02495201535508637;0.022309197651663407
354.0;0.030993042378241617;0.01783664661861255;0.01760050076870091
355.5;0.030993042378241617;0.025522755227552277;0.023809523809523808
357.0;0.03669724770642202;0.017699115044247787;0.019390261522901315
358.5;0.017754480892796753;0.017883272962794156;0.02322168815645584
360.0;0.03357531760435572;0.02499924106736286;0.01931437388545143
361.5;0.03617216117216117;0.03061868686868687;0.025883496493786014
363.0;0.032697066101095795;0.019179429534916397;0.015414729630535846
364.5;0.032697066101095795;0.01723920181864107;0.026839699159416013
366.0;0.035127911416571206;0.017939321595857323;0.015890907524916727
367.5;0.035127911416571206;0.03764790247400502;0.016100453152549973
369.0;0.03742802303262956;0.018314772574802095;0.01756386861313869
370.5;0.03414239072663309;0.017657853344318776;0.03085485307212823
372.0;0.015050831498364467;0.01689706104406573;0.01709768189736031
373.5;0.015050831498364467;0.017910447761194027;0.03007915567282322
375.0;0.016656297685317897;0.034796051849209184;0.017373380447585393
376.5;0.01748380347217215;0.03357531760435572;0.017368069472277887
378.0;0.015734861085035873;0.01865038996269922;0.026548672566371685
379.5;0.015734861085035873;0.026060070671378093;0.017391304347826087
381.0;0.01657609394073348;0.035650623885918005;0.015280135823429542
382.5;0.01656353036834563;0.01865038996269922;0.029132231404958676
384.0;0.016547849138021646;0.03106789479980177;0.018612132352941176
385.5;0.018470790378006873;0.032573955124637066;0.03290225315948789
387.0;0.0161839863713799;0.016043635035830027;0.01658516707416463
388.5;0.018683274021352312;0.01845157937014199;0.019269640210214257
390.0;0.018683274021352312;0.024464831804281346;0.03118279569892473
391.5;0.032697066101095795;0.017094017094017096;0.06104281475201357
393.0;0.032697066101095795;0.017094017094017096;0.02844359220198146
394.5;0.03706545928938685;0.018010291595197254;0.03066214332615282
396.0;0.03706545928938685;0.029647930821494754;0.016177957831405698
397.5;0.017547197908565945;0.01612259159428971;0.03846568257730848
399.0;0.017547197908565945;0.024816176470588234;0.024816176470588234
400.5;0.014910112661872163;0.03535245814226298;0.030318091451292245
402.0;0.035437678433415665;0.0161839863713799;0.04195042222827568
403.5;0.035437678433415665;0.016676298192025096;0.030628272251308895
405.0;0.035437678433415665;0.0380952380952381;0.01929824561403509
406.5;0.035437678433415665;0.0380952380952381;0.031746031746031744
408.0;0.035437678433415665;0.030318091451292245;0.03828413284132841
409.5;0.035437678433415665;0.02703900709219858;0.01950286806883365
411.0;0.035437678433415665;0.032000890578704894;0.030149046540512897
412.5;0.01741601350785099;0.03469827586206897;0.018741633199464522
414.0;0.017401635028469288;0.03494817138814556;0.03584905660377359
415.5;0.01597712748065927;0.03378679581018423;0.026262626262626262
417.0;0.01597712748065927;0.024114774114774116;0.02722345405272235
418.5;0.01597712748065927;0.018610244807272875;0.017570604905697253
420.0;0.01842179442537598;0.017015706806282723;0.026073619631901836
421.5;0.018010291595197254;0.035154762207043645;0.03240740740740741
423.0;0.017623877982923447;0.01850632726208763;0.03010734131777862
424.5;0.03106789479980177;0.03482458408757866;0.03131817662827218
426.0;0.017754480892796753;0.01597712748065927;0.04637002341920375
427.5;0.017754480892796753;0.027531083481349913;0.03498920086393088
429.0;0.03902213310711807;0.017754480892796753;0.023426339941557017
430.5;0.01865038996269922;0.022727272727272728;0.024664750957854403
432.0;0.03902213310711807;0.01865038996269922;0.028073770491803277
433.5;0.03902213310711807;0.015731292517006803;0.025173611111111115
435.0;0.03482458408757866;0.0175513698630137;0.0339618532001618
436.5;0.01836806645203033;0.02752293577981652;0.023809523809523808
438.0;0.015724726735506497;0.016979552792060267;0.038767367363572613
439.5;0.015731292517006803;0.017699115044247787;0.024464831804281346
441.0;0.017094017094017096;0.026475958612294584;0.039545249661942214
442.5;0.017754480892796753;0.026060070671378093;0.04753521126760563
444.0;0.025088028169014082;0.01597712748065927;0.03248466002165644
445.5;0.025088028169014082;0.01597712748065927;0.023244781783681213
447.0;0.015095605501509561;0.017623877982923447;0.03706140350877192
448.5;0.019345238095238096;0.031723651744800845;0.02554117573175268
450.0;0.016863406408094434;0.031723651744800845;0.01658516707416463
451.5;0.038041387799061466;0.031723651744800845;0.03004578405188859
453.0;0.014910112661872163;0.015001087035292413;0.018871433747959736
454.5;0.01660281557997176;0.015001087035292413;0.03332366028245309
456.0;0.03435603223272361;0.016676298192025096;0.02964569775849602
457.5;0.03797793703236822;0.02703900709219858;0.0407186370164925
459.0;0.015871286409530037;0.017754480892796753;0.01866266251376511
460.5;0.03768591312195207;0.01850632726208763;0.03136882129277567
462.0;0.034633078205669056;0.015280135823429542;0.03136882129277567
463.5;0.034633078205669056;0.015095605501509561;0.017373380447585393
465.0;0.034633078205669056;0.015871286409530037;0.03618273721927187
466.5;0.034633078205669056;0.0367279087083759;0.03464918599625414
468.0;0.015743018124095107;0.0367279087083759;0.0162748643761302
469.5;0.01830736743700201;0.0175513698630137;0.03469827586206897
471.0;0.01830736743700201;0.015731292517006803;0.036020913593835996
472.5;0.015711796950363736;0.01865038996269922;0.03476361919376734
474.0;0.015711796950363736;0.017547197908565945;0.04516111384649051
475.5;0.038017461422104666;0.01702553830746119;0.03227272727272727
477.0;0.015695763321720377;0.017754480892796753;0.029504080351537978
478.5;0.03242879502693342;0.014910112661872163;0.016863406408094434
480.0;0.03242879502693342;0.027531083481349913;0.030318091451292245
481.5;0.018256492034823147;0.01865038996269922;0.018543046357615892
483.0;0.016537723722061845;0.01865038996269922;0.03020833333333333
484.5;0.016537723722061845;0.0170487948265726;0.030536912751677855
486.0;0.015731292517006803;0.017754480892796753;0.02802491103202847
487.5;0.01597712748065927;0.0161839863713799;0.023418491484184917
489.0;0.01850632726208763;0.0161839863713799;0.02848722986247544
490.5;0.033697931493502586;0.0161839863713799;0.017215791035915702
492.0;0.036275860696139695;0.017754480892796753;0.0257196566567555
493.5;0.036275860696139695;0.017754480892796753;0.03318419090231171
495.0;0.03431165971848048;0.03130908265900325;0.0392709217668699
496.5;0.03154000016129497;0.03130908265900325;0.037753222836095765
498.0;0.03241323970006249;0.03130908265900325;0.03250478011472275
499.5;0.03241323970006249;0.017498443680569787;0.026475958612294584
501.0;0.015682478532320222;0.017498443680569787;0.02789325202549253
502.5;0.015680987109796585;0.014870091759449306;0.015021114770057168
504.0;0.03057284130713342;0.026548672566371685;0.03243211943189834
505.5;0.03057284130713342;0.016638225255972697;0.029478889311525296
507.0;0.036646406864497674;0.018010291595197254;0.024816176470588234
508.5;0.03609431217943811;0.025176372942315672;0.03466050479914682
510.0;0.033697931493502586;0.025176372942315672;0.016745540589734254
511.5;0.03460837887067396;0.027531083481349913;0.029132231404958676
513.0;0.01865038996269922;0.029874213836477988;0.024203298031819725
514.5;0.041223404255319146;0.018610244807272875;0.02019230769230769
516.0;0.041223404255319146;0.038655160014383315;0.027920842318914122
517.5;0.041223404255319146;0.030938123752495012;0.023418491484184917
519.0;0.029478889311525296;0.03969754253308129;0.02966804979253112
520.5;0.018052243358660087;0.033972841057362396;0.03288912169344775
522.0;0.035728508846788416;0.0185554688027144;0.02352661596958175
523.5;0.01654091700522345;0.0285204991087344;0.033547008547008546
525.0;0.015225395561747438;0.03706545928938685;0.02860082304526749
526.5;0.034774142684043156;0.02675933970460469;0.03397147147147147
528.0;0.023418491484184917;0.019071369196057474;0.01733025239957341
529.5;0.035504224147150036;0.02587800369685767;0.03858564130142512
531.0;0.037423076568050495;0.015280135823429542;0.03331214913674399
532.5;0.037423076568050495;0.03722426470588235;0.024378585086042064
534.0;0.017460084355449466;0.015001087035292413;0.02268431001890359
535.5;0.031595287272244886;0.015809071886378992;0.019139945314441957
537.0;0.036646406864497674;0.017465858520325457;0.02587800369685767
538.5;0.015769487034319674;0.015724726735506497;0.03403665485907901
540.0;0.0230722525804493;0.02703900709219858;0.01716867469879518
541.5;0.017754480892796753;0.015809071886378992;0.0397856320387643
543.0;0.017623877982923447;0.01836806645203033;0.01904761904761905
544.5;0.022549019607843137;0.018332165356039182;0.03201163502755664
546.0;0.01834061135371179;0.015711796950363736;0.01601486833150097
547.5;0.03460837887067396;0.015711796950363736;0.026178761082246618
549.0;0.02802491103202847;0.018277260861902424;0.01601318781639348
550.5;0.03106789479980177;0.03154000016129497;0.017971946230274694
552.0;0.017465858520325457;0.03154000016129497;0.01834061135371179
553.5;0.016568094782873223;0.016863406408094434;0.024366025053467768
555.0;0.032478764464558434;0.01850632726208763;0.024780849629130138
556.5;0.038100208768267224;0.03293798595973293;0.024926234638425544
558.0;0.018197573656845753;0.03293798595973293;0.023274161735700197
559.5;0.016025963289428118;0.02802491103202847;0.02578125
561.0;0.015780090522922573;0.01865038996269922;0.03916827852998066
562.5;0.018341918796016078;0.01865038996269922;0.027798718431963815
564.0;0.017754480892796753;0.03609431217943811;0.02562904213890123
565.5;0.019345238095238096;0.0175513698630137;0.03221817229178013
567.0;0.0189328743545611;0.0175513698630137;0.01747700394218134
568.5;0.04083665338645418;0.0175513698630137;0.025811000675127926
570.0;0.041250831669993354;0.015095605501509561;0.017373380447585393
571.5;0.03951778570656288;0.015095605501509561;0.02802491103202847
573.0;0.03951778570656288;0.01850632726208763;0.029401154401154404
574.5;0.031244100868812533;0.03841245791927793;0.019192913385826772
576.0;0.041250831669993354;0.03841245791927793;0.018197573656845753
577.5;0.015963095712199653;0.025573192239858905;0.03965496520152523
579.0;0.03630665374767477;0.016638225255972697;0.016988416988416986
580.5;0.0161839863713799;0.03482458408757866;0.017563955708285603
582.0;0.018026004728132386;0.017094017094017096;0.03362011573718442
583.5;0.039888682745825604;0.032256841786066255;0.02992177051235505
585.0;0.03591105863833136;0.01842179442537598;0.015280135823429542
586.5;0.0359383485963631;0.026548672566371685;0.05397271268057786
588.0;0.031490124951085205;0.015871286409530037;0.0316778470832843
589.5;0.01865038996269922;0.015769487034319674;0.03602259903249689
591.0;0.01865038996269922;0.0189328743545611;0.02903803691205266
592.5;0.01865038996269922;0.017373380447585393;0.044403005242959835
594.0;0.03706545928938685;0.026060070671378093;0.040907142002746893
595.5;0.049164677804295946;0.030993042378241617;0.02369657841666036
597.0;0.026060070671378093;0.018918918918918916;0.03282828282828283
598.5;0.01850632726208763;0.015414729630535846;0.03442367601246106
600.0;0.017699115044247787;0.03297682709447416;0.018902169101372285
601.5;0.03669724770642202;0.029504080351537978;0.02891543420553659
603.0;0.015731292517006803;0.03313655743081309;0.03476482617586912
604.5;0.01850632726208763;0.018467296424989527;0.02352661596958175
606.0;0.027531083481349913;0.017623877982923447;0.024114774114774116
607.5;0.0175513698630137;0.01726263871763255;0.018010291595197254
609.0;0.03136882129277567;0.018683274021352312;0.03250478011472275
610.5;0.016081348496769426;0.023418491484184917;0.022727272727272728
612.0;0.017754480892796753;0.017971946230274694;0.033676001417936904
613.5;0.015871286409530037;0.01597712748065927;0.018848906360245943
615.0;0.02268431001890359;0.018086080586080584;0.03212468193384224
616.5;0.027762308282785714;0.033972841057362396;0.037753222836095765
618.0;0.015821216414337255;0.015001087035292413;0.023244781783681213
619.5;0.03175324332809633;0.015001087035292413;0.04038461538461538
621.0;0.0285204991087344;0.0367279087083759;0.03878406708595388
622.5;0.016403046280023436;0.02584670231729055;0.035751028806584366
624.0;0.027531083481349913;0.016775307882501863;0.040819094114456195
625.5;0.015280135823429542;0.037778677449341894;0.02525050100200401
627.0;0.01597712748065927;0.026475958612294584;0.01834061135371179
628.5;0.0285204991087344;0.026475958612294584;0.02695167286245353
630.0;0.015095605501509561;0.017934291168491913;0.0230722525804493
631.5;0.017094017094017096;0.017934291168491913;0.02703900709219858
633.0;0.02703900709219858;0.031244100868812533;0.01950286806883365
634.5;0.035774141714325206;0.01840766984546031;0.01623931623931624
636.0;0.017498443680569787;0.01840766984546031;0.036745593325234374
637.5;0.0170487948265726;0.01840766984546031;0.018354055654233276
639.0;0.01850632726208763;0.0170487948265726;0.028073770491803277
640.5;0.0161839863713799;0.0170487948265726;0.03342102955362625
642.0;0.016745540589734254;0.0170487948265726;0.03476482617586912
643.5;0.02460456942003515;0.0170487948265726;0.02495201535508637
645.0;0.017373380447585393;0.01749271137026239;0.02352661596958175
646.5;0.015001087035292413;0.03638365090848527;0.031190019193857967
648.0;0.015809071886378992;0.03758392629909227;0.01672535211267606
649.5;0.019013666072489603;0.03758392629909227;0.017015706806282723
651.0;0.017368069472277887;0.016619030091182988;0.030343754420710144
652.5;0.015731292517006803;0.014879154128615537;0.020618556701030927
654.0;0.015095605501509561;0.038817005545286505;0.01736197703278825
655.5;0.038041387799061466;0.03512773722627738;0.0175513698630137
657.0;0.017754480892796753;0.01865038996269922;0.015280135823429542
658.5;0.02516881522406384;0.0161839863713799;0.018010291595197254
660.0;0.03902213310711807;0.038655160014383315;0.01756386861313869
661.5;0.018470790378006873;0.035127911416571206;0.025636129616271337
663.0;0.038655160014383315;0.017547197908565945;0.02495201535508637
664.5;0.015809071886378992;0.026548672566371685;0.03858564130142512
666.0;0.015743018124095107;0.03609431217943811;0.015907416444202047
667.5;0.03435603223272361;0.03966822935448972;0.015831002263857863
669.0;0.01865038996269922;0.03416622228993677;0.018316467275590206
670.5;0.023642732049036778;0.03183910937543675;0.033676001417936904
672.0;0.023642732049036778;0.018683274021352312;0.029874213836477988
673.5;0.025573192239858905;0.032256841786066255;0.035650623885918005
675.0;0.017623877982923447;0.035774141714325206;0.01850632726208763
676.5;0.02623456790123457;0.027531083481349913;0.0161839863713799
678.0;0.02623456790123457;0.027531083481349913;0.032697066101095795
679.5;0.02623456790123457;0.029516994633273706;0.022128060263653486
681.0;0.02802491103202847;0.021301498127340824;0.039254596282163774
682.5;0.01865038996269922;0.03687184061849539;0.015950324474121043
684.0;0.02460456942003515;0.01581441031817882;0.017373380447585393
685.5;0.02460456942003515;0.015871286409530037;0.028073770491803277
687.0;0.018026004728132386;0.014945495799148322;0.017410714285714286
688.5;0.025522755227552277;0.030318091451292245;0.023244781783681213
690.0;0.018470790378006873;0.040124244745128074;0.01718287488267995
691.5;0.03764790247400502;0.018624934405591875;0.02352661596958175
693.0;0.01597712748065927;0.032256841786066255;0.03389369971765095
694.5;0.03902213310711807;0.0340398201669878;0.018443932541639993
696.0;0.015280135823429542;0.0340398201669878;0.0161839863713799
697.5;0.025088028169014082;0.015731292517006803;0.015154962909024714
699.0;0.01597712748065927;0.031723651744800845;0.026548672566371685
700.5;0.01597712748065927;0.01672535211267606;0.032924107142857144
702.0;0.01865038996269922;0.017623877982923447;0.018314772574802095
703.5;0.018937169700528483;0.016863406408094434;0.016713577195494413
705.0;0.03617216117216117;0.015280135823429542;0.016638225255972697
706.5;0.038041387799061466;0.03481624758220503;0.014945495799148322
708.0;0.03460837887067396;0.018010291595197254;0.03902213310711807
709.5;0.03460837887067396;0.017547197908565945;0.018470790378006873
711.0;0.03460837887067396;0.0189328743545611;0.02460456942003515
712.5;0.03466050479914682;0.028580208973570994;0.02460456942003515
714.0;0.03320921042632419;0.029291649063512178;0.017754480892796753
715.5;0.03320921042632419;0.03532900292715139;0.01597712748065927
717.0;0.036646406864497674;0.036646406864497674;0.03423209093312186
718.5;0.038655160014383315;0.015871286409530037;0.034026465028355386
720.0;0.03902213310711807;0.01654091700522345;0.01702553830746119
721.5;0.037753222836095765;0.01771809624494277;0.023765996343692867
723.0;0.03460837887067396;0.015225395561747438;0.04212932723709994
724.5;0.03966822935448972;0.03966822935448972;0.024924471299093656
726.0;0.027531083481349913;0.017498443680569787;0.03879026955950033
727.5;0.03130908265900325;0.01488644788002137;0.03416622228993677
729.0;0.03617216117216117;0.03951778570656288;0.025439127801332527
730.5;0.03764790247400502;0.036646406864497674;0.03951778570656288
732.0;0.027531083481349913;0.015001087035292413;0.01771809624494277
733.5;0.036646406864497674;0.03320921042632419;0.01840766984546031
735.0;0.0340398201669878;0.03061868686868687;0.017094017094017096
736.5;0.02848722986247544;0.03160767554530645;0.035650623885918005
738.0;0.03198693626626963;0.024816176470588234;0.033879208022981784
739.5;0.023809523809523808;0.039888682745825604;0.02802491103202847
741.0;0.03176742395071236;0.026060070671378093;0.038655160014383315
742.5;0.039074658151710524;0.03136882129277567;0.018010291595197254
744.0;0.033713877448032566;0.02854859440398115;0.03130908265900325
745.5;0.025522755227552277;0.031746031746031744;0.04157782515991471
747.0;0.015069294547215105;0.031723651744800845;0.01726263871763255
748.5;0.03892124243888933;0.026548672566371685;0.03297682709447416
750.0;0.02703900709219858;0.03722426470588235;0.032697066101095795
751.5;0.0161839863713799;0.023418491484184917;0.015871286409530037
753.0;0.017094017094017096;0.03608247422680412;0.01597712748065927
754.5;0.018413173652694608;0.024122807017543862;0.015769487034319674
756.0;0.03477981060954307;0.03969754253308129;0.03441791502515164
757.5;0.016638494176332185;0.028050275904353158;0.03758169934640523
759.0;0.039888682745825604;0.017094017094017096;0.016638225255972697
760.5;0.02966804979253112;0.02939958592132505;0.017094017094017096
762.0;0.030993042378241617;0.018413173652694608;0.029291649063512178
763.5;0.01589496047739557;0.018413173652694608;0.02802491103202847
765.0;0.016308462709056427;0.038812951013707006;0.02703900709219858
766.5;0.017094017094017096;0.042388201712654616;0.017754480892796753
768.0;0.026548672566371685;0.03136882129277567;0.032000890578704894
769.5;0.024924471299093656;0.02752293577981652;0.017094017094017096
771.0;0.029135338345864664;0.03020833333333333;0.018010291595197254
772.5;0.01882395123700251;0.027315467795016455;0.029874213836477988
774.0;0.01687639577956378;0.04278527736113427;0.016863406408094434
775.5;0.024816176470588234;0.03381984125492736;0.026475958612294584
777.0;0.0161839863713799;0.0175513698630137;0.015597920277296359
778.5;0.03902213310711807;0.0161839863713799;0.017094017094017096
780.0;0.025820463320463317;0.015731292517006803;0.0189328743545611
781.5;0.024114774114774116;0.03988673139158575;0.01654091700522345
783.0;0.02752293577981652;0.023244781783681213;0.01654091700522345
784.5;0.0364917322581337;0.03997064167198084;0.0175513698630137
786.0;0.015095605501509561;0.017971946230274694;0.03585049580472921
787.5;0.026998169615619284;0.03225806451612903;0.025101419878296144
789.0;0.015280135823429542;0.029623049590607138;0.01882008296099356
790.5;0.040968342644320296;0.024216382249071106;0.035127911416571206
792.0;0.03828413284132841;0.017460979111666896;0.03474178403755869
793.5;0.016937514305333027;0.018716969225741748;0.025088028169014082
795.0;0.03212468193384224;0.024122807017543862;0.031190019193857967
796.5;0.03966822935448972;0.01597712748065927;0.028536485935589072
798.0;0.03828413284132841;0.017699115044247787;0.04068617334181328
799.5;0.016403046280023436;0.017971946230274694;0.01595878472228069
801.0;0.015095605501509561;0.03257387725662403;0.039888682745825604
802.5;0.016638225255972697;0.037945498551091014;0.015280135823429542
804.0;0.018612132352941176;0.03762684928063263;0.035650623885918005
805.5;0.016403046280023436;0.0175513698630137;0.014945495799148322
807.0;0.0161839863713799;0.016676298192025096;0.02516881522406384
808.5;0.015001087035292413;0.015195702225633155;0.018010291595197254
810.0;0.0170487948265726;0.02802491103202847;0.029397233201581028
811.5;0.018010291595197254;0.016676298192025096;0.025994162714337833
813.0;0.01597712748065927;0.024464831804281346;0.0390124048660634
814.5;0.016676298192025096;0.037753222836095765;0.02352661596958175
816.0;0.018332165356039182;0.017623877982923447;0.023418491484184917
817.5;0.0161839863713799;0.015095605501509561;0.018202378957949406
819.0;0.0175513698630137;0.0161839863713799;0.019138359569179784
820.5;0.015001087035292413;0.01850632726208763;0.026066454010143857
822.0;0.014910112661872163;0.01660281557997176;0.024114774114774116
823.5;0.017443347491498312;0.015861825872400422;0.038655160014383315
825.0;0.017699115044247787;0.01705018909044292;0.0189328743545611
826.5;0.01865038996269922;0.01865038996269922;0.018470790378006873
828.0;0.01865038996269922;0.03764790247400502;0.031320926009986386
829.5;0.016676298192025096;0.025956284153005466;0.03542094455852156
831.0;0.0175513698630137;0.017603269400950756;0.03136882129277567
832.5;0.015095605501509561;0.018010291595197254;0.0161839863713799
834.0;0.015280135823429542;0.026548672566371685;0.025439127801332527
835.5;0.016863406408094434;0.015095605501509561;0.038655160014383315
837.0;0.01850632726208763;0.031723651744800845;0.02802491103202847
838.5;0.03768591312195207;0.02516881522406384;0.018683274021352312
840.0;0.01836806645203033;0.026475958612294584;0.02568279495355608
841.5;0.030743823668949708;0.024464831804281346;0.03350515463917526
843.0;0.02802491103202847;0.0175513698630137;0.017302798982188294
844.5;0.015001087035292413;0.016638225255972697;0.01597712748065927
846.0;0.015809071886378992;0.014945495799148322;0.03935185185185185
847.5;0.015724726735506497;0.025573192239858905;0.027531083481349913
849.0;0.015724726735506497;0.026548672566371685;0.024924471299093656
850.5;0.015711796950363736;0.017754480892796753;0.03411405295315682
852.0;0.015711796950363736;0.01865038996269922;0.029274846718643555
853.5;0.015711796950363736;0.01842179442537598;0.023642732049036778
855.0;0.016550266845809666;0.026060070671378093;0.026060070671378093
856.5;0.016638225255972697;0.03130908265900325;0.0161839863713799
858.0;0.015095605501509561;0.03357729479429107;0.03212468193384224
859.5;0.01850632726208763;0.015001087035292413;0.024464831804281346
861.0;0.017094017094017096;0.03365384615384615;0.025088028169014082
862.5;0.017094017094017096;0.01597712748065927;0.024464831804281346
864.0;0.015731292517006803;0.03250478011472275;0.025573192239858905
865.5;0.017754480892796753;0.02351778656126482;0.017215791035915702
867.0;0.017623877982923447;0.026322874598736667;0.02891543420553659
868.5;0.016676298192025096;0.04111903979936106;0.032391183752993546
870.0;0.017443347491498312;0.025522755227552277;0.017754480892796753
871.5;0.0189328743545611;0.025522755227552277;0.016676298192025096
873.0;0.017623877982923447;0.030009920634920632;0.03564899451553931
874.5;0.014910112661872163;0.019327580007191657;0.035650623885918005
876.0;0.014910112661872163;0.03471542352844918;0.03127979199768886
877.5;0.017427438387099873;0.03617216117216117;0.03283664941770496
879.0;0.014850222990092551;0.016863406408094434;0.03608247422680412
880.5;0.016550266845809666;0.032697066101095795;0.019020693899530733
882.0;0.017754480892796753;0.026548672566371685;0.029397233201581028
883.5;0.015809071886378992;0.033676001417936904;0.022041062801932364
885.0;0.037312715311890364;0.03669724770642202;0.016745540589734254
886.5;0.037312715311890364;0.02268431001890359;0.017373380447585393
888.0;0.037210128013628566;0.040424121935056324;0.023765996343692867
889.5;0.03065901496568101;0.024114774114774116;0.03564899451553931
891.0;0.037020826875429826;0.035148828372387586;0.016863406408094434
892.5;0.03423853899517871;0.03722426470588235;0.017094017094017096
894.0;0.015684481542853023;0.0175513698630137;0.03542094455852156
895.5;0.03460837887067396;0.017547197908565945;0.03136882129277567
897.0;0.03460837887067396;0.033547008547008546;0.030993042378241617
898.5;0.03460837887067396;0.033844772097896866;0.03372140883165756
900.0;0.035127911416571206;0.018011052316645352;0.018612132352941176
901.5;0.03864818325709216;0.02587800369685767;0.03646288209606987
903.0;0.03841245791927793;0.016919641670432497;0.02695167286245353
904.5;0.035437678433415665;0.03657145134850999;0.0161839863713799
906.0;0.027531083481349913;0.029516994633273706;0.017015706806282723
907.5;0.027531083481349913;0.017373380447585393;0.03397147147147147
909.0;0.026060070671378093;0.018620022569724327;0.030753138075313803
910.5;0.01850632726208763;0.03460837887067396;0.029702970297029705
912.0;0.01612259159428971;0.03250478011472275;0.024393647603896285
913.5;0.03748467708982989;0.039888682745825604;0.016945119445065365
915.0;0.027531083481349913;0.03204623062779091;0.02848722986247544
916.5;0.015280135823429542;0.024122807017543862;0.04172335600907029
918.0;0.03800513149454778;0.023642732049036778;0.03383297644539615
919.5;0.01702553830746119;0.016335052812576762;0.02857142857142857
921.0;0.02703900709219858;0.028021946862506027;0.04265021459227468
922.5;0.015095605501509561;0.02868111779570828;0.03238269533831528
924.0;0.01850632726208763;0.030245746691871456;0.03326935380678182
925.5;0.015809071886378992;0.016335052812576762;0.03364485981308411
927.0;0.02516881522406384;0.017754480892796753;0.016812053925455987
928.5;0.023244781783681213;0.025439127801332527;0.03621399176954732
930.0;0.016917819729987117;0.022727272727272728;0.03383297644539615
931.5;0.03966822935448972;0.03378124765408003;0.03342527508378563
933.0;0.03969072164948454;0.017094017094017096;0.04121863799283154
934.5;0.015023319822083615;0.02891522988505747;0.034809365745287965
936.0;0.015095605501509561;0.01754649070185963;0.04265021459227468
937.5;0.01850632726208763;0.01733025239957341;0.033862764343713755
939.0;0.01597712748065927;0.02914537608777424;0.029680915111378686
940.5;0.025088028169014082;0.03412112259970458;0.029397233201581028
942.0;0.032000890578704894;0.03138766519823788;0.018710404810479975
943.5;0.029504080351537978;0.04497921128890008;0.02569922389808171
945.0;0.032302332946268345;0.038580931263858094;0.04119252066447315
946.5;0.01672693391308206;0.0370850622406639;0.026341200300397997
948.0;0.015762630806304054;0.032696390658174104;0.030938123752495012
949.5;0.017094017094017096;0.039473684210526314;0.03584015103838892
951.0;0.031723651744800845;0.016604605213162094;0.018743644785899898
952.5;0.031723651744800845;0.030318091451292245;0.041666666666666664
954.0;0.031723651744800845;0.024242582363654886;0.028169014084507043
955.5;0.031723651744800845;0.0189328743545611;0.02915766738660907
957.0;0.031723651744800845;0.015517241379310345;0.01871657754010695
958.5;0.016745540589734254;0.02516881522406384;0.040456386112375585
960.0;0.016745540589734254;0.016335052812576762;0.03879373444590836
961.5;0.01663225731761437;0.03156312625250501;0.017373380447585393
963.0;0.01663225731761437;0.017083111144968386;0.04307545367717287
964.5;0.01663225731761437;0.018010291595197254;0.015414729630535846
966.0;0.01663225731761437;0.02703900709219858;0.02806089536833957
967.5;0.01663225731761437;0.027531083481349913;0.04151478331308222
969.0;0.01663225731761437;0.02802491103202847;0.02866284793699096
970.5;0.01663225731761437;0.01654091700522345;0.04099799753416119
972.0;0.01488644788002137;0.025885388651122183;0.018532478954642544
973.5;0.01488644788002137;0.023765996343692867;0.032796486090775984
975.0;0.01488644788002137;0.023765996343692867;0.03476482617586912
976.5;0.01488644788002137;0.015095605501509561;0.023762376237623763
978.0;0.01488644788002137;0.03764790247400502;0.03224725500324499
979.5;0.01488644788002137;0.016638225255972697;0.015414729630535846
981.0;0.015724726735506497;0.01672535211267606;0.040968342644320296
982.5;0.015724726735506497;0.01726263871763255;0.01924500859447309
984.0;0.015724726735506497;0.024789084470367668;0.01645021645021645
985.5;0.015724726735506497;0.024789084470367668;0.01942319011183049
987.0;0.016568094782873223;0.0189328743545611;0.015926980240613186
988.5;0.016568094782873223;0.016335052812576762;0.029647930821494754
990.0;0.016568094782873223;0.016403046280023436;0.04666666666666666
991.5;0.016568094782873223;0.017754480892796753;0.01890359168241966
993.0;0.016557768507871926;0.01672535211267606;0.015517241379310345
994.5;0.016557768507871926;0.01654091700522345;0.01810699588477366
996.0;0.014844188506303903;0.0153103221203973;0.01890394809075119
997.5;0.014844188506303903;0.032697066101095795;0.025554582603619376
999.0;0.014844188506303903;0.014945495799148322;0.03674948240165632
1000.5;0.014844188506303903;0.03564899451553931;0.03201163502755664
1002.0;0.014844188506303903;0.016863406408094434;0.017651363509179743
1003.5;0.014844188506303903;0.026548672566371685;0.030263586072242114
1005.0;0.014844188506303903;0.029478889311525296;0.01932796796329776
1006.5;0.014844188506303903;0.027168254985184596;0.024254473161033796
1008.0;0.014844188506303903;0.017699115044247787;0.02587800369685767
1009.5;0.014844188506303903;0.015188609731168737;0.02491909385113269
1011.0;0.017401635028469288;0.015791096363576857;0.04271844660194175
1012.5;0.014836509492270044;0.018010291595197254;0.018026004728132386
1014.0;0.014836509492270044;0.018683274021352312;0.015517241379310345
1015.5;0.014836509492270044;0.018197573656845753;0.028865979381443297
1017.0;0.017393838281482624;0.01783664661861255;0.025875300675804666
1018.5;0.01825012709422827;0.0161839863713799;0.026988579312049416
1020.0;0.01825012709422827;0.015809071886378992;0.0189328743545611
1021.5;0.015680987109796585;0.015769487034319674;0.02724539646749342
1023.0;0.01865038996269922;0.015769487034319674;0.02964620554002355
1024.5;0.01865038996269922;0.018332165356039182;0.017102754029795338
1026.0;0.01865038996269922;0.015711796950363736;0.022041062801932364
1027.5;0.01865038996269922;0.015871286409530037;0.03383297644539615
1029.0;0.016638225255972697;0.03746174588351344;0.026940987215307768
1030.5;0.016863406408094434;0.01830736743700201;0.02729044834307992
1032.0;0.016863406408094434;0.03250478011472275;0.03584905660377359
1033.5;0.01850632726208763;0.016863406408094434;0.018487434139972954
1035.0;0.01850632726208763;0.016863406408094434;0.027996435467102333
1036.5;0.017547197908565945;0.016863406408094434;0.02966804979253112
1038.0;0.017547197908565945;0.015095605501509561;0.03361344537815126
1039.5;0.014910112661872163;0.015095605501509561;0.025972517902070832
1041.0;0.016582472972657695;0.018026004728132386;0.024036945257940978
1042.5;0.016582472972657695;0.018026004728132386;0.016791830758671966
1044.0;0.018277260861902424;0.03764790247400502;0.034328834095015415
1045.5;0.01726263871763255;0.03966822935448972;0.03156312625250501
1047.0;0.01766843911960692;0.037753222836095765;0.015033359741139864
1048.5;0.017574219762933944;0.025573192239858905;0.03362011573718442
1050.0;0.018387370467510947;0.03966822935448972;0.0257196566567555
1051.5;0.018387370467510947;0.03966822935448972;0.03365384615384615
1053.0;0.018387370467510947;0.03966822935448972;0.029411764705882353
1054.5;0.01747771530769917;0.038041387799061466;0.03397147147147147
1056.0;0.01747771530769917;0.03091538715963386;0.019179429534916397
1057.5;0.016863406408094434;0.03450566571561023;0.03359832957457483
1059.0;0.01850632726208763;0.03534512971343672;0.01675356994726551
1060.5;0.01850632726208763;0.026060070671378093;0.01730418943533698
1062.0;0.036646406864497674;0.017754480892796753;0.04363033873343151
1063.5;0.03706545928938685;0.03902213310711807;0.04262789975699313
1065.0;0.018010291595197254;0.039888682745825604;0.02278882166522616
1066.5;0.018010291595197254;0.018010291595197254;0.03394872471785395
1068.0;0.018010291595197254;0.0189328743545611;0.01810699588477366
1069.5;0.032697066101095795;0.0161839863713799;0.016335052812576762
1071.0;0.032697066101095795;0.037753222836095765;0.03585049580472921
1072.5;0.026548672566371685;0.0161839863713799;0.03187751004016064
1074.0;0.026548672566371685;0.038984406237504994;0.033547008547008546
1075.5;0.029516994633273706;0.02758543825694988;0.017187160350699227
1077.0;0.01597712748065927;0.03887728767631681;0.02909270216962525
1078.5;0.015001087035292413;0.031317022943105906;0.016348533050547898
1080.0;0.017547197908565945;0.018323203432248837;0.02433379845488888
1081.5;0.025088028169014082;0.04004201618069938;0.015414729630535846
1083.0;0.017015706806282723;0.026060070671378093;0.017971946230274694
1084.5;0.018610244807272875;0.024816176470588234;0.039888682745825604
1086.0;0.0161839863713799;0.02703900709219858;0.031578947368421054
1087.5;0.0175513698630137;0.036282622533418206;0.03071012188659247
1089.0;0.038041387799061466;0.03152655719517394;0.0334685598377282
1090.5;0.031723651744800845;0.015871286409530037;0.016556291390728478
1092.0;0.01850632726208763;0.0370850622406639;0.01645021645021645
1093.5;0.014945495799148322;0.038100208768267224;0.03362011573718442
1095.0;0.01660281557997176;0.02400793650793651;0.015024970979036621
1096.5;0.03160480961955194;0.029722271675271496;0.015597920277296359
1098.0;0.03339355998530387;0.0170487948265726;0.026518218623481783
1099.5;0.014844188506303903;0.018612132352941176;0.025820463320463317
1101.0;0.014844188506303903;0.019139945314441957;0.01814552172099398
1102.5;0.032697066101095795;0.022309197651663407;0.027070647685437925
1104.0;0.032256841786066255;0.01778552746294682;0.024329857246884575
1105.5;0.033879208022981784;0.01756673405169273;0.01794602138457846
1107.0;0.032696390658174104;0.018470790378006873;0.037422037422037424
1108.5;0.01834061135371179;0.019013666072489603;0.0345440381712839
1110.0;0.017771545130035694;0.02703900709219858;0.02587800369685767
1111.5;0.0378368934329889;0.015001087035292413;0.016293098349991132
1113.0;0.0378368934329889;0.038655160014383315;0.02712078208766951
1114.5;0.037558716286033945;0.03293798595973293;0.02324589978678776
1116.0;0.0175513698630137;0.01660281557997176;0.029397233201581028
1117.5;0.015095605501509561;0.017427438387099873;0.029588002850294746
1119.0;0.015095605501509561;0.018277260861902424;0.03460837887067396
1120.5;0.037753222836095765;0.01740771421307761;0.03076071086945577
1122.0;0.037753222836095765;0.017401635028469288;0.03266518188567186
1123.5;0.016863406408094434;0.017401635028469288;0.02550688319718814
1125.0;0.016676298192025096;0.015687178238012765;0.03476946334089191
1126.5;0.014910112661872163;0.01825012709422827;0.019617301817012378
1128.0;0.017465858520325457;0.014830971492820427;0.018558172733761598
1129.5;0.01597712748065927;0.017388172610590263;0.027992277992277995
1131.0;0.03416622228993677;0.017387150648592545;0.02924013951270013
1132.5;0.017547197908565945;0.014828677071017829;0.03397147147147147
1134.0;0.017498443680569787;0.014828677071017829;0.0370850622406639
1135.5;0.027531083481349913;0.016530470370958342;0.03423626787057938
1137.0;0.024924471299093656;0.016530470370958342;0.016404391880884894
1138.5;0.03160767554530645;0.014827949697411927;0.02822066326530612
1140.0;0.0161839863713799;0.018010291595197254;0.018373686660377406
1141.5;0.015414729630535846;0.018010291595197254;0.028116472159321833
1143.0;0.015033359741139864;0.016863406408094434;0.030753138075313803
1144.5;0.015033359741139864;0.016863406408094434;0.015414729630535846
1146.0;0.018470790378006873;0.015001087035292413;0.03474178403755869
1147.5;0.0161839863713799;0.01836806645203033;0.021832358674463936
1149.0;0.0161839863713799;0.01836806645203033;0.024300133307941344
1150.5;0.0161839863713799;0.01836806645203033;0.02980239714933592
1152.0;0.015095605501509561;0.0189328743545611;0.02980239714933592
1153.5;0.016676298192025096;0.015095605501509561;0.029449988396379672
1155.0;0.01663225731761437;0.015095605501509561;0.03620833182525606
1156.5;0.018289844042285466;0.015095605501509561;0.028865979381443297
1158.0;0.018010291595197254;0.015095605501509561;0.025745257452574524
1159.5;0.029647930821494754;0.015095605501509561;0.03263403263403263
1161.0;0.017094017094017096;0.016638225255972697;0.03193097237031439
1162.5;0.0285204991087344;0.016638225255972697;0.030514886255067524
1164.0;0.0285204991087344;0.016638225255972697;0.019052521684191873
1165.5;0.018010291595197254;0.016638225255972697;0.03164091243561443
1167.0;0.01850632726208763;0.016638225255972697;0.026422594491674042
1168.5;0.01663225731761437;0.016863406408094434;0.023274161735700197
1170.0;0.03706545928938685;0.014945495799148322;0.017222129645059158
1171.5;0.01842179442537598;0.014945495799148322;0.016043635035830027
1173.0;0.01865038996269922;0.014945495799148322;0.01904761904761905
1174.5;0.016638225255972697;0.014945495799148322;0.018989551261848772
1176.0;0.01865038996269922;0.01660281557997176;0.018058000644640224
1177.5;0.01842179442537598;0.01830736743700201;0.027444794952681383
1179.0;0.017465858520325457;0.01830736743700201;0.0170487948265726
1180.5;0.017465858520325457;0.01830736743700201;0.01775534628830588
1182.0;0.0306944381170478;0.015711796950363736;0.024816176470588234
1183.5;0.01741601350785099;0.015711796950363736;0.023833646933950885
1185.0;0.015695763321720377;0.018277260861902424;0.024784482758620687
1186.5;0.017397154861764727;0.01740771421307761;0.031746031746031744
1188.0;0.014834097312229661;0.018354055654233276;0.03004578405188859
1189.5;0.014834097312229661;0.018010291595197254;0.024948024948024946
1191.0;0.014834097312229661;0.018010291595197254;0.025683669000537732
1192.5;0.014834097312229661;0.018470790378006873;0.01583436633020483
1194.0;0.017388172610590263;0.018470790378006873;0.019345238095238096
1195.5;0.017388172610590263;0.015871286409530037;0.015517241379310345
1197.0;0.015679043553987165;0.036514961411379304;0.025522755227552277
1198.5;0.015679043553987165;0.036514961411379304;0.02238354506957048
1200.0;0.015679043553987165;0.026060070671378093;0.015188609731168737
1201.5;0.018244633954786142;0.015001087035292413;0.0189328743545611
1203.0;0.016530470370958342;0.035774141714325206;0.024254473161033796
1204.5;0.016530470370958342;0.01597712748065927;0.01695388914764788
1206.0;0.016530470370958342;0.029017857142857144;0.017699115044247787
1207.5;0.01567760904807164;0.033676001417936904;0.029017857142857144
1209.0;0.017385065898158785;0.0161839863713799;0.016638225255972697
1210.5;0.03694483067443245;0.0161839863713799;0.0249922863313792
1212.0;0.01652941341487852;0.017754480892796753;0.01810699588477366
1213.5;0.014827312439301472;0.01597712748065927;0.016913979694298784
1215.0;0.03602155999631956;0.01597712748065927;0.025088028169014082
1216.5;0.01865038996269922;0.03706545928938685;0.0285204991087344
1218.0;0.018026004728132386;0.036646406864497674;0.02623456790123457
1219.5;0.017094017094017096;0.015095605501509561;0.025439127801332527
1221.0;0.032697066101095795;0.03609431217943811;0.03854883584712257
1222.5;0.016745540589734254;0.035774141714325206;0.03858564130142512
1224.0;0.016676298192025096;0.037210128013628566;0.016785765670711238
1225.5;0.018026004728132386;0.018010291595197254;0.017515962224757837
1227.0;0.03951778570656288;0.017623877982923447;0.03564899451553931
1228.5;0.038817005545286505;0.025573192239858905;0.025573192239858905
1230.0;0.02802491103202847;0.025573192239858905;0.03466050479914682
1231.5;0.017754480892796753;0.016745540589734254;0.04104435710275127
1233.0;0.015001087035292413;0.03609431217943811;0.03357531760435572
1234.5;0.035774141714325206;0.03617216117216117;0.01597712748065927
1236.0;0.014870091759449306;0.03617216117216117;0.025573192239858905
1237.5;0.016557768507871926;0.016863406408094434;0.017094017094017096
1239.0;0.016550266845809666;0.038655160014383315;0.03669724770642202
1240.5;0.015001087035292413;0.017498443680569787;0.017754480892796753
1242.0;0.0175513698630137;0.015095605501509561;0.025522755227552277
1243.5;0.03130908265900325;0.015871286409530037;0.015069294547215105
1245.0;0.01663225731761437;0.0161839863713799;0.0425033467202142
1246.5;0.018470790378006873;0.01850632726208763;0.029647930821494754
1248.0;0.015414729630535846;0.01850632726208763;0.028834462393607783
1249.5;0.016700702455922763;0.029132231404958676;0.03336511150205903
1251.0;0.019345238095238096;0.019071369196057474;0.018470790378006873
1252.5;0.03858564130142512;0.02516881522406384;0.031723651744800845
1254.0;0.018876611418047883;0.01865038996269922;0.018010291595197254
1255.5;0.02866284793699096;0.03617216117216117;0.01834862385321101
1257.0;0.017721389044217554;0.027531083481349913;0.03290225315948789
1258.5;0.023244781783681213;0.03706545928938685;0.02802491103202847
1260.0;0.023244781783681213;0.014910112661872163;0.027531083481349913
1261.5;0.01678424862821045;0.01597712748065927;0.032302332946268345
1263.0;0.024253086756496282;0.03482458408757866;0.029397233201581028
1264.5;0.018354055654233276;0.024122807017543862;0.03383297644539615
1266.0;0.037753222836095765;0.025522755227552277;0.041507452951750685
1267.5;0.017094017094017096;0.0189328743545611;0.017825311942959002
1269.0;0.017094017094017096;0.03156767375534018;0.0283840190816935
1270.5;0.036646406864497674;0.032873432680059544;0.025883496493786014
1272.0;0.016863406408094434;0.01676764541378836;0.01730418943533698
1273.5;0.015731292517006803;0.01597712748065927;0.02860082304526749
1275.0;0.01850632726208763;0.01597712748065927;0.02268431001890359
1276.5;0.03564899451553931;0.025573192239858905;0.026774847870182555
1278.0;0.038655160014383315;0.01597712748065927;0.031494920174165456
1279.5;0.0161839863713799;0.026548672566371685;0.03751874062968516
1281.0;0.038580931263858094;0.016638225255972697;0.030991664022613864
1282.5;0.025540326831839745;0.01865038996269922;0.024378585086042064
1284.0;0.03136882129277567;0.01865038996269922;0.039938859391226766
1285.5;0.015225395561747438;0.03482458408757866;0.01654091700522345
1287.0;0.03948705750059468;0.02703900709219858;0.039754363283775046
1288.5;0.041250831669993354;0.033676001417936904;0.019142066420664204
1290.0;0.04265021459227468;0.01597712748065927;0.017773776536674248
1291.5;0.031449994508731115;0.01865038996269922;0.026060070671378093
1293.0;0.03669724770642202;0.01865038996269922;0.03609431217943811
1294.5;0.01865038996269922;0.02802491103202847;0.03969072164948454
1296.0;0.03722426470588235;0.015871286409530037;0.019527766042341455
1297.5;0.031723651744800845;0.02460456942003515;0.039450670467059655
1299.0;0.03966822935448972;0.03564899451553931;0.026212181725579573
1300.5;0.01850632726208763;0.01942319011183049;0.02667070037443331
1302.0;0.03966822935448972;0.01594765689784196;0.02962182016052238
1303.5;0.023642732049036778;0.016403046280023436;0.03386983121286199
1305.0;0.03966822935448972;0.017089125102207687;0.039473684210526314
1306.5;0.023765996343692867;0.033682820018982186;0.01619224007193569
1308.0;0.023418491484184917;0.01754785044634713;0.026548672566371685
1309.5;0.03460837887067396;0.01702553830746119;0.026148673888681355
1311.0;0.015731292517006803;0.018876611418047883;0.019408502772643253
1312.5;0.014945495799148322;0.017814806907942786;0.017215791035915702
1314.0;0.015280135823429542;0.01597712748065927;0.037753222836095765
1315.5;0.017754480892796753;0.0175513698630137;0.029504080351537978
1317.0;0.014910112661872163;0.016863406408094434;0.015225395561747438
1318.5;0.014870091759449306;0.01842179442537598;0.01834862385321101
1320.0;0.03316662279547249;0.015095605501509561;0.018612132352941176
1321.5;0.015414729630535846;0.026060070671378093;0.016043635035830027
1323.0;0.016638225255972697;0.026060070671378093;0.016863406408094434
1324.5;0.023418491484184917;0.033879208022981784;0.01606832657788072
1326.0;0.024114774114774116;0.0175513698630137;0.0189328743545611
1327.5;0.03423209093312186;0.017754480892796753;0.015095605501509561
1329.0;0.031152703202802817;0.017094017094017096;0.023765996343692867
1330.5;0.0175513698630137;0.02460456942003515;0.0161839863713799
1332.0;0.0170487948265726;0.018197573656845753;0.025820463320463317
1333.5;0.01879117923894043;0.018197573656845753;0.01874107841782935
1335.0;0.03564899451553931;0.01749271137026239;0.033676001417936904
1336.5;0.024816176470588234;0.04057719431485299;0.015871286409530037
1338.0;0.016830578931359627;0.018010291595197254;0.015871286409530037
1339.5;0.018354055654233276;0.015095605501509561;0.017094017094017096
1341.0;0.029702970297029705;0.017623877982923447;0.015095605501509561
1342.5;0.02676362545917985;0.015769487034319674;0.015871286409530037
1344.0;0.016893192636230753;0.022727272727272728;0.015871286409530037
1345.5;0.017505728678968036;0.015095605501509561;0.015871286409530037
1347.0;0.028050275904353158;0.015095605501509561;0.01836806645203033
1348.5;0.026060070671378093;0.01850632726208763;0.01660281557997176
1350.0;0.023418491484184917;0.014945495799148322;0.01660281557997176
1351.5;0.017094017094017096;0.014945495799148322;0.01741601350785099
1353.0;0.01842179442537598;0.014910112661872163;0.01654477169890474
1354.5;0.032886334610472544;0.017094017094017096;0.017397154861764727
1356.0;0.015280135823429542;0.03320921042632419;0.017397154861764727
1357.5;0.018010291595197254;0.03320921042632419;0.017393838281482624
1359.0;0.03764790247400502;0.03320921042632419;0.017094017094017096
1360.5;0.0189328743545611;0.017094017094017096;0.017623877982923447
1362.0;0.027531083481349913;0.015095605501509561;0.0161839863713799
1363.5;0.015095605501509561;0.0175513698630137;0.017623877982923447
1365.0;0.015871286409530037;0.015095605501509561;0.01836806645203033
1366.5;0.01836806645203033;0.01850632726208763;0.017094017094017096
1368.0;0.01836806645203033;0.017971946230274694;0.015871286409530037
1369.5;0.02802491103202847;0.017971946230274694;0.01488644788002137
1371.0;0.015871286409530037;0.02802491103202847;0.016638225255972697
1372.5;0.015095605501509561;0.015095605501509561;0.015871286409530037
1374.0;0.017623877982923447;0.024464831804281346;0.014910112661872163
1375.5;0.017623877982923447;0.017754480892796753;0.015724726735506497
1377.0;0.015809071886378992;0.01842179442537598;0.01740771421307761
1378.5;0.037312715311890364;0.01830736743700201;0.03617216117216117
1380.0;0.017443347491498312;0.016568094782873223;0.015001087035292413
1381.5;0.017427438387099873;0.01741601350785099;0.0175513698630137
1383.0;0.017427438387099873;0.014839767744728968;0.025573192239858905
1384.5;0.02703900709219858;0.016638225255972697;0.025573192239858905
1386.0;0.018010291595197254;0.01865038996269922;0.025573192239858905
1387.5;0.01597712748065927;0.03416622228993677;0.035650623885918005
1389.0;0.02802491103202847;0.03416622228993677;0.016638225255972697
1390.5;0.015731292517006803;0.03416622228993677;0.01597712748065927
1392.0;0.025573192239858905;0.031746031746031744;0.0175513698630137
1393.5;0.03326935380678182;0.017015706806282723;0.026475958612294584
1395.0;0.029647930821494754;0.024122807017543862;0.03742080962095995
1396.5;0.015069294547215105;0.01865038996269922;0.017971946230274694
1398.0;0.014986153377295074;0.0175513698630137;0.01594765689784196
1399.5;0.017094017094017096;0.032697066101095795;0.017603269400950756
1401.0;0.01597712748065927;0.017094017094017096;0.015798668573620674
1402.5;0.015095605501509561;0.03460837887067396;0.017094017094017096
1404.0;0.03669724770642202;0.016638225255972697;0.01597712748065927
1405.5;0.018010291595197254;0.024122807017543862;0.026113457095052188
1407.0;0.035774141714325206;0.027798718431963815;0.015245106155354892
1408.5;0.017754480892796753;0.017580992631420062;0.01761087565350941
1410.0;0.035650623885918005;0.018010291595197254;0.038041387799061466
1411.5;0.035650623885918005;0.0285204991087344;0.033676001417936904
1413.0;0.03130908265900325;0.01726263871763255;0.03768591312195207
1414.5;0.016638225255972697;0.01730418943533698;0.024464831804281346
1416.0;0.01865038996269922;0.029132231404958676;0.023765996343692867
1417.5;0.014945495799148322;0.02611218568665377;0.01879117923894043
1419.0;0.03173139329252938;0.03608822908180199;0.015188609731168737
1420.5;0.03212468193384224;0.028186274509803922;0.015095605501509561
1422.0;0.018470790378006873;0.03297682709447416;0.015769487034319674
1423.5;0.016745540589734254;0.027332170880557977;0.023465703971119134
1425.0;0.016745540589734254;0.016403046280023436;0.018643237617094226
1426.5;0.0175513698630137;0.024924471299093656;0.037753222836095765
1428.0;0.035127911416571206;0.01694768198513463;0.025088028169014082
1429.5;0.039888682745825604;0.0161839863713799;0.017623877982923447
1431.0;0.04083665338645418;0.03858564130142512;0.022727272727272728
1432.5;0.01771809624494277;0.03156312625250501;0.02516881522406384
1434.0;0.018314772574802095;0.016348533050547898;0.026077596751308774
1435.5;0.03969754253308129;0.03212468193384224;0.042045454545454546
1437.0;0.02676362545917985;0.022964015151515152;0.03639029592108771
1438.5;0.015018823802332298;0.018944170972160067;0.024857650156125635
1440.0;0.018010291595197254;0.03528138528138528;0.018010291595197254
1441.5;0.026085434173669465;0.035475013728720486;0.024816176470588234
1443.0;0.026085434173669465;0.03125;0.017094017094017096
1444.5;0.039754363283775046;0.03530539163766581;0.026548672566371685
1446.0;0.017883272962794156;0.02352661596958175;0.02835538752362949
1447.5;0.016713577195494413;0.029702970297029705;0.01862097440132122
1449.0;0.035650623885918005;0.01861305152546421;0.01672535211267606
1450.5;0.015871286409530037;0.03339561132383017;0.02784833653429156
1452.0;0.01842179442537598;0.038126422959053684;0.0161839863713799
1453.5;0.018332165356039182;0.0325497287522604;0.03722426470588235
1455.0;0.016568094782873223;0.018323203432248837;0.03966822935448972
1456.5;0.0285204991087344;0.03427325635447463;0.016863406408094434
1458.0;0.016638225255972697;0.0388757610474371;0.026060070671378093
1459.5;0.016638225255972697;0.03530661003451022;0.017373380447585393
1461.0;0.02802491103202847;0.015225395561747438;0.026548672566371685
1462.5;0.027531083481349913;0.029397233201581028;0.02703900709219858
1464.0;0.02802491103202847;0.037753222836095765;0.01865038996269922
1465.5;0.035127911416571206;0.029478889311525296;0.029773156899810964
1467.0;0.015731292517006803;0.03250478011472275;0.018944170972160067
1468.5;0.01865038996269922;0.033676001417936904;0.0161839863713799
1470.0;0.017754480892796753;0.027032520325203254;0.017547197908565945
1471.5;0.032697066101095795;0.03189528023598819;0.015724726735506497
1473.0;0.01865038996269922;0.02387631883881198;0.024464831804281346
1474.5;0.01865038996269922;0.03219315895372234;0.040968342644320296
1476.0;0.0175513698630137;0.01733025239957341;0.038385826771653545
1477.5;0.0175513698630137;0.017114956021708434;0.03535245814226298
1479.0;0.0175513698630137;0.019139945314441957;0.030627490039840638
1480.5;0.025088028169014082;0.0185554688027144;0.01783664661861255
1482.0;0.017699115044247787;0.0185554688027144;0.023274161735700197
1483.5;0.03357531760435572;0.01845157937014199;0.018026004728132386
1485.0;0.02703900709219858;0.030009920634920632;0.02891522988505747
1486.5;0.03902213310711807;0.018612132352941176;0.03365384615384615
1488.0;0.016863406408094434;0.01837805412422468;0.016863406408094434
1489.5;0.016745540589734254;0.024133085428260318;0.028050275904353158
1491.0;0.02703900709219858;0.017373380447585393;0.016293098349991132
1492.5;0.03966822935448972;0.03669724770642202;0.019408502772643253
1494.0;0.015001087035292413;0.015095605501509561;0.01733025239957341
1495.5;0.016863406408094434;0.023642732049036778;0.024464831804281346
1497.0;0.026548672566371685;0.024664750957854403;0.0161839863713799
1498.5;0.035127911416571206;0.018612132352941176;0.017924528301886795
1500.0;0.03768591312195207;0.02268431001890359;0.031774535478239184
1501.5;0.03357729479429107;0.025716433527362123;0.027223539956496554
1503.0;0.03431165971848048;0.015106013411607612;0.025820463320463317
1504.5;0.03427946190269746;0.03466050479914682;0.018957323977650316
1506.0;0.018256492034823147;0.0340398201669878;0.035650623885918005
1507.5;0.015680987109796585;0.017754480892796753;0.023765996343692867
1509.0;0.03357531760435572;0.024792371577976004;0.0177109440267335
1510.5;0.030993042378241617;0.01770205692915022;0.017977347909354985
1512.0;0.025522755227552277;0.015977414763998873;0.016335052812576762
1513.5;0.025522755227552277;0.018421929181138993;0.024672187715665976
1515.0;0.015001087035292413;0.024501992031872512;0.01757469244288225
1516.5;0.039888682745825604;0.017893106119287374;0.017699115044247787
1518.0;0.025240384615384616;0.01537736404878336;0.03160767554530645
1519.5;0.017176963732458538;0.0170487948265726;0.0161839863713799
1521.0;0.016638225255972697;0.03136882129277567;0.029516994633273706
1522.5;0.015414729630535846;0.0175513698630137;0.026439243281831625
1524.0;0.015414729630535846;0.026060070671378093;0.021575984990619135
1525.5;0.015414729630535846;0.03764790247400502;0.03404835945928794
1527.0;0.016917819729987117;0.015095605501509561;0.036381809095452265
1528.5;0.023765996343692867;0.01597712748065927;0.01759950942134017
1530.0;0.0285204991087344;0.03320921042632419;0.03250478011472275
1531.5;0.017623877982923447;0.01850632726208763;0.027531083481349913
1533.0;0.018197573656845753;0.025088028169014082;0.0170487948265726
1534.5;0.018197573656845753;0.01597712748065927;0.0161839863713799
1536.0;0.015731292517006803;0.03306159420289855;0.016745540589734254
1537.5;0.01597712748065927;0.018010291595197254;0.023762376237623763
1539.0;0.03966822935448972;0.016745540589734254;0.015370218739033806
1540.5;0.015095605501509561;0.018010291595197254;0.017565910191897745
1542.0;0.017699115044247787;0.01865038996269922;0.0425033467202142
1543.5;0.015225395561747438;0.01865038996269922;0.022964015151515152
1545.0;0.01672693391308206;0.015001087035292413;0.01654091700522345
1546.5;0.03460002553964906;0.03764790247400502;0.018354055654233276
1548.0;0.016863406408094434;0.02848722986247544;0.017824497257769654
1549.5;0.016745540589734254;0.03198693626626963;0.017961645808949312
1551.0;0.038817005545286505;0.015095605501509561;0.025240384615384616
1552.5;0.015001087035292413;0.02703900709219858;0.0185554688027144
1554.0;0.016863406408094434;0.01597712748065927;0.018354055654233276
1555.5;0.016745540589734254;0.017547197908565945;0.01672535211267606
1557.0;0.023244781783681213;0.030993042378241617;0.018470790378006873
1558.5;0.017814806907942786;0.015731292517006803;0.017699115044247787
1560.0;0.017754480892796753;0.017373380447585393;0.02516881522406384
1561.5;0.015001087035292413;0.024254473161033796;0.017699115044247787
1563.0;0.027531083481349913;0.024254473161033796;0.024093511450381678
1564.5;0.017754480892796753;0.022549019607843137;0.041674831798288584
1566.0;0.03768591312195207;0.016257905732192428;0.02495201535508637
1567.5;0.03768591312195207;0.025219038339889335;0.03768719627095111
1569.0;0.03768591312195207;0.018197573656845753;0.029017857142857144
1570.5;0.03768591312195207;0.03362011573718442;0.017971946230274694
1572.0;0.03091538715963386;0.04236902050113895;0.015414729630535846
1573.5;0.03617216117216117;0.046887091100949706;0.02522897266199656
1575.0;0.017754480892796753;0.017173344791778566;0.02268431001890359
1576.5;0.017754480892796753;0.027531083481349913;0.016650623542749578
1578.0;0.017547197908565945;0.0189328743545611;0.01730418943533698
1579.5;0.01597712748065927;0.026548672566371685;0.024860068855585237
1581.0;0.02802491103202847;0.03476482617586912;0.03434727006232445
1582.5;0.02909270216962525;0.027798718431963815;0.018010291595197254
1584.0;0.034385203620390756;0.030627490039840638;0.015871286409530037
1585.5;0.017122114923635367;0.017936859397878646;0.022964015151515152
1587.0;0.017122114923635367;0.015731292517006803;0.018502356432187117
1588.5;0.027798718431963815;0.018010291595197254;0.02574779061862678
1590.0;0.02516881522406384;0.017206835592221567;0.019065252016836846
1591.5;0.03460837887067396;0.037483266398929044;0.019327580007191657
1593.0;0.036282622533418206;0.01780160609014529;0.019404445950270105
1594.5;0.016830578931359627;0.024122807017543862;0.03260110992023483
1596.0;0.034774142684043156;0.016863406408094434;0.019020693899530733
1597.5;0.03541391593395026;0.03902213310711807;0.0230722525804493
1599.0;0.025573192239858905;0.019139945314441957;0.02703900709219858
1600.5;0.018026004728132386;0.017094017094017096;0.023244781783681213
1602.0;0.039888682745825604;0.017699115044247787;0.023809523809523808
1603.5;0.035650623885918005;0.040968342644320296;0.018143754361479414
1605.0;0.025088028169014082;0.01850632726208763;0.04229122055674518
1606.5;0.017623877982923447;0.027798718431963815;0.01713180436584692
1608.0;0.015871286409530037;0.017580992631420062;0.019408502772643253
1609.5;0.03091538715963386;0.02268431001890359;0.04220602193097599
1611.0;0.03165717058169511;0.017961645808949312;0.0433355219960604
1612.5;0.03609431217943811;0.033676001417936904;0.020061815116605788
1614.0;0.017547197908565945;0.029132231404958676;0.016448125143777317
1615.5;0.015280135823429542;0.015346012374896637;0.03167271527548663
1617.0;0.015280135823429542;0.028186274509803922;0.03460925039872409
1618.5;0.01865038996269922;0.03801927875911337;0.024773999836155833
1620.0;0.015001087035292413;0.035598705501618116;0.02891543420553659
1621.5;0.02802491103202847;0.03564899451553931;0.023244781783681213
1623.0;0.01865038996269922;0.030993042378241617;0.03674948240165632
1624.5;0.017623877982923447;0.03764790247400502;0.018832655731576244
1626.0;0.03482458408757866;0.03136882129277567;0.024329857246884575
1627.5;0.015731292517006803;0.024122807017543862;0.028865979381443297
1629.0;0.01597712748065927;0.015871286409530037;0.03585120402539835
1630.5;0.01597712748065927;0.016638225255972697;0.023382264546215697
1632.0;0.015871286409530037;0.01726263871763255;0.03048016701461378
1633.5;0.015871286409530037;0.016917819729987117;0.02906103184740956
1635.0;0.015871286409530037;0.015280135823429542;0.04247181964573269
1636.5;0.015871286409530037;0.03512773722627738;0.0343269435822098
1638.0;0.015871286409530037;0.03706545928938685;0.024114774114774116
1639.5;0.03106789479980177;0.031723651744800845;0.015597920277296359
1641.0;0.017498443680569787;0.038041387799061466;0.02784833653429156
1642.5;0.017465858520325457;0.03306159420289855;0.026998169615619284
1644.0;0.015711796950363736;0.03306159420289855;0.031198686371100164
1645.5;0.015711796950363736;0.017094017094017096;0.03176026581897624
1647.0;0.015711796950363736;0.031746031746031744;0.025125036775522212
1648.5;0.016557768507871926;0.028050275904353158;0.03020833333333333
1650.0;0.017754480892796753;0.016638225255972697;0.025574598113458222
1651.5;0.017754480892796753;0.01597712748065927;0.0281322505800464
1653.0;0.0175513698630137;0.01597712748065927;0.028036610895125366
1654.5;0.017754480892796753;0.027531083481349913;0.018323203432248837
1656.0;0.0161839863713799;0.035650623885918005;0.03010752688172043
1657.5;0.016863406408094434;0.01850632726208763;0.03983265226697801
1659.0;0.017754480892796753;0.03669724770642202;0.028050275904353158
1660.5;0.017754480892796753;0.038655160014383315;0.03020833333333333
1662.0;0.015871286409530037;0.02516881522406384;0.03125
1663.5;0.015871286409530037;0.017094017094017096;0.03896219553827201
1665.0;0.015871286409530037;0.032256841786066255;0.03456284153005464
1666.5;0.016676298192025096;0.01836806645203033;0.02715908501478292
1668.0;0.035572080214829514;0.03534512971343672;0.035362194599228465
1669.5;0.035572080214829514;0.025522755227552277;0.026322874598736667
1671.0;0.017465858520325457;0.025088028169014082;0.027723500367685675
1672.5;0.016568094782873223;0.01865038996269922;0.027662343918869174
1674.0;0.016557768507871926;0.03639029592108771;0.02706185567010309
1675.5;0.026060070671378093;0.03807330139656354;0.03960519186246983
1677.0;0.026060070671378093;0.019345238095238096;0.04087605974969721
1678.5;0.026060070671378093;0.039888682745825604;0.03888888888888889
1680.0;0.03902213310711807;0.016676298192025096;0.042094349403836176
1681.5;0.03902213310711807;0.0161839863713799;0.03481245813797723
1683.0;0.03902213310711807;0.030628272251308895;0.01822233420998756
1684.5;0.03902213310711807;0.02891543420553659;0.02567720090293454
1686.0;0.016676298192025096;0.024464831804281346;0.035451435077344884
1687.5;0.03637335441877961;0.018848906360245943;0.01929824561403509
1689.0;0.03637335441877961;0.02675933970460469;0.018130653858620383
1690.5;0.03637335441877961;0.02587800369685767;0.03240740740740741
1692.0;0.03637335441877961;0.016863406408094434;0.023762376237623763
1693.5;0.01865038996269922;0.015280135823429542;0.04567541302235179
1695.0;0.032000890578704894;0.01845342706502636;0.018969016775117902
1696.5;0.032000890578704894;0.017373380447585393;0.031746031746031744
1698.0;0.032000890578704894;0.017883272962794156;0.04104435710275127
1699.5;0.03091538715963386;0.018086080586080584;0.018354055654233276
1701.0;0.03091538715963386;0.017825311942959002;0.023244781783681213
1702.5;0.03091538715963386;0.01773141070098048;0.03687184061849539
1704.0;0.03173139329252938;0.028248983597364368;0.02400793650793651
1705.5;0.02703900709219858;0.0161839863713799;0.018089085345120708
1707.0;0.02703900709219858;0.0161839863713799;0.016713369694976804
1708.5;0.02703900709219858;0.0189328743545611;0.039778425168877155
1710.0;0.036646406864497674;0.017623877982923447;0.02428760067333958
1711.5;0.036646406864497674;0.018612132352941176;0.015076491161892115
1713.0;0.027531083481349913;0.016838000708968452;0.02587800369685767
1714.5;0.01597712748065927;0.0153103221203973;0.028248983597364368
1716.0;0.03106789479980177;0.0153103221203973;0.028073770491803277
1717.5;0.03183910937543675;0.0185181325793626;0.030465949820788533
1719.0;0.03183910937543675;0.017015706806282723;0.031320926009986386
1720.5;0.03183910937543675;0.02692817234030298;0.020423892100192676
1722.0;0.03183910937543675;0.01601318781639348;0.04368551382583574
1723.5;0.01488644788002137;0.030945825210162908;0.017373380447585393
1725.0;0.01488644788002137;0.014891255136580623;0.04296960962077889
1726.5;0.017443347491498312;0.033447700388694004;0.03188894351195074
1728.0;0.01485852872552252;0.032487025768180994;0.01730418943533698
1729.5;0.01570251018973342;0.031524223444211796;0.024664750957854403
1731.0;0.01570251018973342;0.036646406864497674;0.029216407862848938
1732.5;0.014844188506303903;0.017547197908565945;0.027291242362525458
1734.0;0.03240172884776326;0.035572080214829514;0.030318091451292245
1735.5;0.015682478532320222;0.036275860696139695;0.027735580346546402
1737.0;0.016533838797490336;0.017094017094017096;0.03368760980019099
1738.5;0.0175513698630137;0.03442728442728442;0.015280135823429542
1740.0;0.0175513698630137;0.02703900709219858;0.017754480892796753
1741.5;0.0175513698630137;0.038041387799061466;0.04009595613433859
1743.0;0.017623877982923447;0.035572080214829514;0.030993042378241617
1744.5;0.026548672566371685;0.03306159420289855;0.01612259159428971
1746.0;0.026548672566371685;0.016638225255972697;0.019335279586795418
1747.5;0.033676001417936904;0.03609431217943811;0.03893355903512484
1749.0;0.032256841786066255;0.038817005545286505;0.01932409162854608
1750.5;0.03293798595973293;0.026060070671378093;0.03039853599023994
1752.0;0.03293798595973293;0.03916827852998066;0.022964015151515152
1753.5;0.03293798595973293;0.026384343193694787;0.026515370252738157
1755.0;0.03293798595973293;0.025240384615384616;0.023765996343692867
1756.5;0.01660281557997176;0.025240384615384616;0.038073038073038065
1758.0;0.01660281557997176;0.01983411467724486;0.028383523710626513
1759.5;0.01830736743700201;0.017114956021708434;0.015517241379310345
1761.0;0.03251852018092068;0.01845342706502636;0.024378585086042064
1762.5;0.01740771421307761;0.024093511450381678;0.029137294394091972
1764.0;0.017397154861764727;0.027609028498049096;0.027312228429546864
1765.5;0.0379119539632164;0.02352661596958175;0.029401154401154404
1767.0;0.03564899451553931;0.03699819520998976;0.04611450255733378
1768.5;0.02802491103202847;0.03718199608610568;0.041566746602717815
1770.0;0.016745540589734254;0.02670240913521794;0.03719886632026453
1771.5;0.016745540589734254;0.023765996343692867;0.026688490390725673
1773.0;0.017699115044247787;0.027215631542219124;0.029029358897543437
1774.5;0.0325497287522604;0.040968342644320296;0.02934537246049661
1776.0;0.033676001417936904;0.016638225255972697;0.01845342706502636
1777.5;0.033676001417936904;0.02909270216962525;0.03564899451553931
1779.0;0.01850632726208763;0.019214401225636224;0.028865979381443297
1780.5;0.031723651744800845;0.028626139699449837;0.02845852328405266
1782.0;0.03609431217943811;0.023765996343692867;0.033205619412515965
1783.5;0.01488644788002137;0.01597712748065927;0.017699115044247787
1785.0;0.014870091759449306;0.017094017094017096;0.029310623836880004
1786.5;0.03160480961955194;0.01597712748065927;0.027577150361129347
1788.0;0.015280135823429542;0.017754480892796753;0.031456657730116175
1789.5;0.024464831804281346;0.03902213310711807;0.02516881522406384
1791.0;0.029017857142857144;0.033879208022981784;0.03557483731019522
1792.5;0.016676298192025096;0.033879208022981784;0.037422037422037424
1794.0;0.018010291595197254;0.017094017094017096;0.03942004461195293
1795.5;0.01950286806883365;0.017094017094017096;0.04083665338645418
1797.0;0.016089299461123942;0.017754480892796753;0.016043635035830027
1798.5;0.01858759764068229;0.014945495799148322;0.03546944858420268
1800.0;0.02623456790123457;0.014945495799148322;0.030670825031043347
1801.5;0.017934291168491913;0.017498443680569787;0.027798718431963815
1803.0;0.0369744210049458;0.01865038996269922;0.041349188871761
1804.5;0.016664722618075594;0.01850632726208763;0.04055812138164314
1806.0;0.01490398320124353;0.017498443680569787;0.03758169934640523
1807.5;0.01832580429276873;0.017498443680569787;0.030009920634920632
1809.0;0.01832580429276873;0.017465858520325457;0.030993042378241617
1810.5;0.01832580429276873;0.014870091759449306;0.03827671913835957
1812.0;0.01832580429276873;0.026060070671378093;0.020409547057228097
1813.5;0.01832580429276873;0.016863406408094434;0.043060852536173755
1815.0;0.03812857519318412;0.016745540589734254;0.019626168224299065
1816.5;0.038817005545286505;0.017373380447585393;0.03187751004016064
1818.0;0.038817005545286505;0.016897746967071057;0.03391010545715163
1819.5;0.038817005545286505;0.016897746967071057;0.03892801251956181
1821.0;0.036646406864497674;0.02516881522406384;0.03189749182115594
1822.5;0.01850632726208763;0.016863406408094434;0.02807068366164542
1824.0;0.01842179442537598;0.015871286409530037;0.02662972360979939
1825.5;0.01842179442537598;0.01660281557997176;0.015731292517006803
1827.0;0.017498443680569787;0.015711796950363736;0.018197573656845753
1828.5;0.017498443680569787;0.015731292517006803;0.041250831669993354
1830.0;0.017498443680569787;0.015731292517006803;0.03466050479914682
1831.5;0.017498443680569787;0.038655160014383315;0.02516881522406384
1833.0;0.015724726735506497;0.038655160014383315;0.03535245814226298
1834.5;0.01485852872552252;0.017547197908565945;0.0363872644574399
1836.0;0.030633304926385805;0.017498443680569787;0.0437679769894535
1837.5;0.030633304926385805;0.02460456942003515;0.031746031746031744
1839.0;0.030633304926385805;0.038655160014383315;0.03575047040092633
1840.5;0.030633304926385805;0.03320921042632419;0.016335052812576762
1842.0;0.015687178238012765;0.03864818325709216;0.0334685598377282
1843.5;0.017094017094017096;0.015769487034319674;0.038385826771653545
1845.0;0.017094017094017096;0.031723651744800845;0.032256841786066255
1846.5;0.035650623885918005;0.031723651744800845;0.03183910937543675
1848.0;0.029874213836477988;0.026548672566371685;0.036415289256198344
1849.5;0.039888682745825604;0.025088028169014082;0.03274428274428274
1851.0;0.03764790247400502;0.02703900709219858;0.04083665338645418
1852.5;0.03864818325709216;0.032697066101095795;0.020410766679423396
1854.0;0.01663225731761437;0.03609431217943811;0.017382971947201602
1855.5;0.018332165356039182;0.03609431217943811;0.037422037422037424
1857.0;0.017443347491498312;0.018010291595197254;0.03706140350877192
1858.5;0.03466050479914682;0.016676298192025096;0.030628272251308895
1860.0;0.03416622228993677;0.03512773722627738;0.03594778215128087
1861.5;0.017498443680569787;0.03409090909090909;0.02531293463143254
1863.0;0.01488644788002137;0.01865038996269922;0.023834019204389576
1864.5;0.015711796950363736;0.01842179442537598;0.025457781075862825
1866.0;0.016557768507871926;0.015724726735506497;0.02675933970460469
1867.5;0.03794901389545961;0.01485852872552252;0.03572354435630217
1869.0;0.02623456790123457;0.01485852872552252;0.03136882129277567
1870.5;0.027731151209959438;0.02802491103202847;0.023418491484184917
1872.0;0.018753527560063075;0.02802491103202847;0.018185821224130337
1873.5;0.03494507006848863;0.017094017094017096;0.02352661596958175
1875.0;0.0189328743545611;0.01865038996269922;0.01814552172099398
1876.5;0.025088028169014082;0.01865038996269922;0.01810699588477366
1878.0;0.017094017094017096;0.017623877982923447;0.025
1879.5;0.015095605501509561;0.023642732049036778;0.033793017399041884
1881.0;0.02703900709219858;0.015095605501509561;0.015861825872400422
1882.5;0.0175513698630137;0.01842179442537598;0.033547008547008546
1884.0;0.037753222836095765;0.025573192239858905;0.016371008616320324
1885.5;0.03722426470588235;0.024464831804281346;0.0350922131147541
1887.0;0.017094017094017096;0.0161839863713799;0.03577141515387212
1888.5;0.016863406408094434;0.015001087035292413;0.02400793650793651
1890.0;0.037753222836095765;0.03326935380678182;0.036523344042655004
1891.5;0.038655160014383315;0.03564899451553931;0.019139945314441957
1893.0;0.01850632726208763;0.024122807017543862;0.03528138528138528
1894.5;0.01850632726208763;0.029017857142857144;0.01717650438029585
1896.0;0.026060070671378093;0.03466050479914682;0.04334677419354839
1897.5;0.026060070671378093;0.015871286409530037;0.030009920634920632
1899.0;0.0325497287522604;0.015769487034319674;0.019673731176798662
1900.5;0.0325497287522604;0.033676001417936904;0.040968342644320296
1902.0;0.0325497287522604;0.015871286409530037;0.01810699588477366
1903.5;0.0325497287522604;0.015871286409530037;0.02495201535508637
1905.0;0.017754480892796753;0.015871286409530037;0.026699029126213594
1906.5;0.03466050479914682;0.033879208022981784;0.03530661003451022
1908.0;0.015871286409530037;0.017498443680569787;0.017015706806282723
1909.5;0.018010291595197254;0.01660281557997176;0.02611218568665377
1911.0;0.03609431217943811;0.035650623885918005;0.01726263871763255
1912.5;0.027531083481349913;0.035650623885918005;0.025772579946528054
1914.0;0.026060070671378093;0.017547197908565945;0.024093511450381678
1915.5;0.01850632726208763;0.037753222836095765;0.02867383512544803
1917.0;0.03512773722627738;0.018010291595197254;0.019408502772643253
1918.5;0.015001087035292413;0.035650623885918005;0.028186274509803922
1920.0;0.025573192239858905;0.017547197908565945;0.046447081799744605
1921.5;0.0325497287522604;0.017498443680569787;0.02878937007874016
1923.0;0.03250478011472275;0.014870091759449306;0.024664750957854403
1924.5;0.03357531760435572;0.016568094782873223;0.01862097440132122
1926.0;0.015731292517006803;0.032697066101095795;0.027045879077002132
1927.5;0.040968342644320296;0.0189328743545611;0.019098466389565714
1929.0;0.026548672566371685;0.0189328743545611;0.0279090113735783
1930.5;0.015001087035292413;0.0161839863713799;0.030318091451292245
1932.0;0.015743018124095107;0.015001087035292413;0.027718550106609806
1933.5;0.03160480961955194;0.018354055654233276;0.03374643582623605
1935.0;0.03160480961955194;0.027531083481349913;0.023244781783681213
1936.5;0.03065901496568101;0.016745540589734254;0.037422037422037424
1938.0;0.04195042222827568;0.0189328743545611;0.03674948240165632
1939.5;0.04087048832271763;0.017754480892796753;0.03443877551020408
1941.0;0.0161839863713799;0.025088028169014082;0.03603764501250174
1942.5;0.038655160014383315;0.03106789479980177;0.02802491103202847
1944.0;0.03617216117216117;0.022041062801932364;0.029702970297029705
1945.5;0.015731292517006803;0.017934291168491913;0.02177154786758127
1947.0;0.015871286409530037;0.017094017094017096;0.025439127801332527
1948.5;0.027811860940695293;0.016863406408094434;0.03742802303262956
1950.0;0.029074889867841413;0.01608187134502924;0.024642730899358683
1951.5;0.025903299005061962;0.018937169700528483;0.04280472890338361
1953.0;0.017094017094017096;0.016863406408094434;0.038385826771653545
1954.5;0.01850632726208763;0.017754480892796753;0.029604146920817684
1956.0;0.03250478011472275;0.025088028169014082;0.015280135823429542
1957.5;0.03362011573718442;0.015280135823429542;0.01850632726208763
1959.0;0.0319262493934983;0.015280135823429542;0.016403046280023436
1960.5;0.027444794952681383;0.016638225255972697;0.023809523809523808
1962.0;0.03805569125549584;0.027531083481349913;0.026113457095052188
1963.5;0.03742802303262956;0.018086080586080584;0.017699115044247787
1965.0;0.03926814162336992;0.03423209093312186;0.025863077823288467
1966.5;0.0189328743545611;0.017814806907942786;0.021851503759398497
1968.0;0.024816176470588234;0.035626080870085744;0.01710322537202882
1969.5;0.038817005545286505;0.03564899451553931;0.037753222836095765
1971.0;0.015871286409530037;0.017094017094017096;0.033205619412515965
1972.5;0.015809071886378992;0.01597712748065927;0.028626139699449837
1974.0;0.02802491103202847;0.03416622228993677;0.028073770491803277
1975.5;0.0425033467202142;0.025573192239858905;0.03838639043287856
1977.0;0.024114774114774116;0.025573192239858905;0.018010291595197254
1978.5;0.03742080962095995;0.016863406408094434;0.03699819520998976
1980.0;0.01848360454802751;0.018010291595197254;0.03061615001913509
1981.5;0.02703900709219858;0.027531083481349913;0.017768879853890487
1983.0;0.01597712748065927;0.027531083481349913;0.037938033550235804
1984.5;0.01597712748065927;0.017754480892796753;0.030993042378241617
1986.0;0.015095605501509561;0.017754480892796753;0.026060070671378093
1987.5;0.016638225255972697;0.01663225731761437;0.018354055654233276
1989.0;0.015871286409530037;0.01663225731761437;0.03584905660377359
1990.5;0.017754480892796753;0.0381479518588489;0.025909148106203598
1992.0;0.017754480892796753;0.033435588205396154;0.026740512210534143
1993.5;0.01850632726208763;0.033435588205396154;0.017094017094017096
1995.0;0.015280135823429542;0.03431165971848048;0.01672535211267606
1996.5;0.031746031746031744;0.017397154861764727;0.032302332946268345
1998.0;0.015225395561747438;0.015095605501509561;0.03466050479914682
1999.5;0.015225395561747438;0.03293798595973293;0.024664750957854403
2001.0;0.022727272727272728;0.03293798595973293;0.023762376237623763
2002.5;0.01702553830746119;0.03212468193384224;0.01770797136701647
2004.0;0.016664722618075594;0.035751028806584366;0.0189328743545611
2005.5;0.015762630806304054;0.04195042222827568;0.0170487948265726
2007.0;0.017460084355449466;0.03250478011472275;0.016863406408094434
2008.5;0.017439295057023192;0.018010291595197254;0.01756386861313869
2010.0;0.01654888269212068;0.018010291595197254;0.02499924106736286
2011.5;0.03357531760435572;0.03212468193384224;0.0189328743545611
2013.0;0.016638225255972697;0.040819094114456195;0.03966822935448972
2014.5;0.016745540589734254;0.026548672566371685;0.01942319011183049
2016.0;0.01663225731761437;0.015001087035292413;0.019013666072489603
2017.5;0.017465858520325457;0.03706545928938685;0.015095605501509561
2019.0;0.015095605501509561;0.038817005545286505;0.03061615001913509
2020.5;0.0175513698630137;0.025573192239858905;0.016939604011490892
2022.0;0.016745540589734254;0.025088028169014082;0.01586569664626469
2023.5;0.01836806645203033;0.029017857142857144;0.01586569664626469
2025.0;0.035127911416571206;0.036646406864497674;0.016933445736327147
2026.5;0.0175513698630137;0.03617216117216117;0.015095605501509561
2028.0;0.026060070671378093;0.03293798595973293;0.038817005545286505
2029.5;0.015280135823429542;0.02802491103202847;0.023642732049036778
2031.0;0.017754480892796753;0.01865038996269922;0.038817005545286505
2032.5;0.022405660377358493;0.02587800369685767;0.016863406408094434
2034.0;0.03276735180220435;0.027215631542219124;0.0161839863713799
2035.5;0.016522182331927985;0.03152655719517394;0.023244781783681213
2037.0;0.015219423191656369;0.038540929099552174;0.029478889311525296
2038.5;0.017094017094017096;0.037753222836095765;0.02352661596958175
2040.0;0.03048016701461378;0.015809071886378992;0.02352661596958175
2041.5;0.019013666072489603;0.024114774114774116;0.01897923971725942
2043.0;0.0189328743545611;0.028050275904353158;0.015006885229596255
2044.5;0.016429426632965278;0.024464831804281346;0.018334579595316324
2046.0;0.01514502933989791;0.03948705750059468;0.026060070671378093
2047.5;0.03527634438335919;0.018354055654233276;0.033725976441413515
2049.0;0.016863406408094434;0.030993042378241617;0.01874976438826494
2050.5;0.032000890578704894;0.03828413284132841;0.033972841057362396
2052.0;0.017465858520325457;0.03902213310711807;0.023765996343692867
2053.5;0.02623456790123457;0.03966822935448972;0.01771809624494277
2055.0;0.02623456790123457;0.03828413284132841;0.015001087035292413
2056.5;0.03357531760435572;0.024816176470588234;0.031723651744800845
2058.0;0.033676001417936904;0.015188609731168737;0.03768591312195207
2059.5;0.03758169934640523;0.018470790378006873;0.032697066101095795
2061.0;0.017754480892796753;0.015871286409530037;0.03416622228993677
2062.5;0.03858520900321543;0.033697931493502586;0.0370850622406639
2064.0;0.03564899451553931;0.017094017094017096;0.0336838885409232
2065.5;0.01850632726208763;0.025176372942315672;0.03365384615384615
2067.0;0.01836806645203033;0.02964569775849602;0.018026004728132386
2068.5;0.017465858520325457;0.01845342706502636;0.017893106119287374
2070.0;0.033676001417936904;0.017391304347826087;0.017699115044247787
2071.5;0.01850632726208763;0.017094017094017096;0.028580208973570994
2073.0;0.02703900709219858;0.0161839863713799;0.017287443030017287
2074.5;0.03460837887067396;0.030009920634920632;0.03728941647443892
2076.0;0.03326935380678182;0.029573367808661925;0.03494507006848863
2077.5;0.035650623885918005;0.016781702384100792;0.03357531760435572
2079.0;0.03416622228993677;0.027305369863646338;0.025573192239858905
2080.5;0.031723651744800845;0.03326226012793177;0.015095605501509561
2082.0;0.03966822935448972;0.015283064065369568;0.016863406408094434
2083.5;0.016676298192025096;0.0325497287522604;0.03106789479980177
2085.0;0.016863406408094434;0.03617216117216117;0.01836806645203033
2086.5;0.01850632726208763;0.018010291595197254;0.0381479518588489
2088.0;0.0175513698630137;0.03542094455852156;0.027531083481349913
2089.5;0.015963095712199653;0.024642730899358683;0.029017857142857144
2091.0;0.017094017094017096;0.015988786911306178;0.01597712748065927
2092.5;0.01850632726208763;0.03212468193384224;0.018010291595197254
2094.0;0.016676298192025096;0.024464831804281346;0.016676298192025096
2095.5;0.03357729479429107;0.03466050479914682;0.02703900709219858
2097.0;0.040968342644320296;0.036646406864497674;0.016745540589734254
2098.5;0.024816176470588234;0.02729044834307992;0.035437678433415665
2100.0;0.024464831804281346;0.03858520900321543;0.029874213836477988
2101.5;0.015280135823429542;0.037945498551091014;0.0340398201669878
2103.0;0.01654091700522345;0.01490398320124353;0.028769144302374594
2104.5;0.017824497257769654;0.02939958592132505;0.029516994633273706
2106.0;0.02909270216962525;0.04271844660194175;0.025088028169014082
2107.5;0.015907416444202047;0.041666666666666664;0.017094017094017096
2109.0;0.024464831804281346;0.028769144302374594;0.018848906360245943
2110.5;0.0161839863713799;0.03532900292715139;0.025573192239858905
2112.0;0.015001087035292413;0.0363872644574399;0.02878937007874016
2113.5;0.03357531760435572;0.015963095712199653;0.03834304043217692
2115.0;0.01882395123700251;0.02802491103202847;0.0161446953143967
2116.5;0.023230409989677597;0.025088028169014082;0.03411405295315682
2118.0;0.022727272727272728;0.014945495799148322;0.01583436633020483
2119.5;0.0189328743545611;0.032697066101095795;0.024464831804281346
2121.0;0.0325497287522604;0.02752293577981652;0.0271116361488482
2122.5;0.026475958612294584;0.022253841775754128;0.017000589010237988
2124.0;0.038153883046144366;0.0346160069429122;0.017373380447585393
2125.5;0.03527634438335919;0.017101881807267835;0.01612259159428971
2127.0;0.033676001417936904;0.015280135823429542;0.028073770491803277
2128.5;0.028050275904353158;0.04083665338645418;0.01836155616837979
2130.0;0.025573192239858905;0.0285204991087344;0.024756626800878246
2131.5;0.027246992215145083;0.018197573656845753;0.025478603603603604
2133.0;0.02952247795224779;0.01654091700522345;0.024146920290584996
2134.5;0.025737054140244665;0.03125;0.024412296564195298
2136.0;0.01501579533949757;0.017961645808949312;0.01865038996269922
2137.5;0.035650623885918005;0.026475958612294584;0.018470790378006873
2139.0;0.015597920277296359;0.037422037422037424;0.015095605501509561
2140.5;0.03136882129277567;0.028233920953070916;0.03306159420289855
2142.0;0.015517241379310345;0.03004578405188859;0.025240384615384616
2143.5;0.015517241379310345;0.017699115044247787;0.01772899957788096
2145.0;0.015054442165062335;0.017971946230274694;0.02460456942003515
2146.5;0.015731292517006803;0.025529865125240848;0.026060070671378093
2148.0;0.031723651744800845;0.017814806907942786;0.018010291595197254
2149.5;0.016448125143777317;0.029017857142857144;0.0370850622406639
2151.0;0.016448125143777317;0.016403046280023436;0.01772899957788096
2152.5;0.022727272727272728;0.018610244807272875;0.038647833033246266
2154.0;0.037753222836095765;0.01840766984546031;0.023809523809523808
2155.5;0.025573192239858905;0.0325497287522604;0.02352661596958175
2157.0;0.015001087035292413;0.01597712748065927;0.018052243358660087
2158.5;0.018010291595197254;0.01672535211267606;0.01654091700522345
2160.0;0.01597712748065927;0.017623877982923447;0.0364917322581337
2161.5;0.016863406408094434;0.016863406408094434;0.036646406864497674
2163.0;0.017754480892796753;0.01842179442537598;0.015280135823429542
2164.5;0.01842179442537598;0.023834019204389576;0.016638225255972697
2166.0;0.018010291595197254;0.01726263871763255;0.018010291595197254
2167.5;0.015001087035292413;0.02876871704214073;0.03530661003451022
2169.0;0.03966822935448972;0.029647930821494754;0.016043635035830027
2170.5;0.015809071886378992;0.017094017094017096;0.024114774114774116
2172.0;0.017094017094017096;0.016676298192025096;0.016863406408094434
2173.5;0.015001087035292413;0.038817005545286505;0.017094017094017096
2175.0;0.015809071886378992;0.027531083481349913;0.015731292517006803
2176.5;0.017443347491498312;0.027531083481349913;0.03512773722627738
2178.0;0.015095605501509561;0.02703900709219858;0.02703900709219858
2179.5;0.03706545928938685;0.02703900709219858;0.031723651744800845
2181.0;0.0230722525804493;0.01865038996269922;0.01654091700522345
2182.5;0.0230722525804493;0.03409090909090909;0.03442536382321117
2184.0;0.033676001417936904;0.03717152212240786;0.015757596005086798
2185.5;0.01842179442537598;0.017094017094017096;0.03433641139682371
2187.0;0.01488644788002137;0.03638309256286784;0.031190019193857967
2188.5;0.016863406408094434;0.017094017094017096;0.015302583076023234
2190.0;0.0175513698630137;0.018683274021352312;0.03470153107284698
2191.5;0.016863406408094434;0.026548672566371685;0.03466050479914682
2193.0;0.017754480892796753;0.017094017094017096;0.03706545928938685
2194.5;0.026060070671378093;0.029516994633273706;0.03758169934640523
2196.0;0.017547197908565945;0.017094017094017096;0.03919631093544137
2197.5;0.015743018124095107;0.01865038996269922;0.02802491103202847
2199.0;0.017443347491498312;0.019139945314441957;0.040968342644320296
2200.5;0.016568094782873223;0.024366025053467768;0.03764790247400502
2202.0;0.0175513698630137;0.017094017094017096;0.040968342644320296
2203.5;0.017623877982923447;0.017754480892796753;0.028590496529631602
2205.0;0.017498443680569787;0.016745540589734254;0.027311206870205676
2206.5;0.0161839863713799;0.032886334610472544;0.018683072855044863
2208.0;0.01850632726208763;0.01597712748065927;0.03076071086945577
2209.5;0.014910112661872163;0.022128060263653486;0.01775923275653774
2211.0;0.01488644788002137;0.015414729630535846;0.031723651744800845
2212.5;0.01850632726208763;0.03589469305283176;0.03466050479914682
2214.0;0.01850632726208763;0.03638309256286784;0.023418491484184917
2215.5;0.02460456942003515;0.01929824561403509;0.027731151209959438
2217.0;0.02460456942003515;0.04083665338645418;0.026475958612294584
2218.5;0.01865038996269922;0.017934291168491913;0.040968342644320296
2220.0;0.014910112661872163;0.018683274021352312;0.02703900709219858
2221.5;0.017443347491498312;0.01865038996269922;0.02703900709219858
2223.0;0.01485852872552252;0.038655160014383315;0.01865038996269922
2224.5;0.01740771421307761;0.03902213310711807;0.03212468193384224
2226.0;0.030614484288885975;0.033697931493502586;0.01850632726208763
2227.5;0.03149447818769957;0.037312715311890364;0.01702553830746119
2229.0;0.015095605501509561;0.0350922131147541;0.026457750968564567
2230.5;0.015095605501509561;0.03197423804452559;0.022996634638833342
2232.0;0.033676001417936904;0.03435345389404872;0.035924265072247136
2233.5;0.015001087035292413;0.03460837887067396;0.026312825352369937
2235.0;0.032000890578704894;0.035127911416571206;0.04271844660194175
2236.5;0.035572080214829514;0.02802491103202847;0.015370218739033806
2238.0;0.03357729479429107;0.030993042378241617;0.0161839863713799
2239.5;0.03357729479429107;0.01749271137026239;0.017373380447585393
2241.0;0.040427509293680296;0.01882395123700251;0.024816176470588234
2242.5;0.039888682745825604;0.031746031746031744;0.03669724770642202
2244.0;0.039888682745825604;0.015095605501509561;0.029647930821494754
2245.5;0.039888682745825604;0.03669724770642202;0.03608247422680412
2247.0;0.02802491103202847;0.015280135823429542;0.04083665338645418
2248.5;0.03320921042632419;0.026475958612294584;0.024723374827109266
2250.0;0.02703900709219858;0.025885388651122183;0.016081348496769426
2251.5;0.016745540589734254;0.028580208973570994;0.017563955708285603
2253.0;0.03265254436585322;0.024114774114774116;0.035177650338000195
2254.5;0.02703900709219858;0.032796486090775984;0.032994121736931926
2256.0;0.02734495764545848;0.041324765200197726;0.04154589371980676
2257.5;0.02734495764545848;0.017094017094017096;0.037742120161572475
2259.0;0.023765996343692867;0.024378585086042064;0.027798718431963815
2260.5;0.01879117923894043;0.01537736404878336;0.029401154401154404
2262.0;0.017847922818538867;0.03916827852998066;0.035344322839255954
2263.5;0.03927043886338758;0.016081348496769426;0.03297682709447416
2265.0;0.016403046280023436;0.04208416833667335;0.04170616113744076
2266.5;0.028580208973570994;0.027531083481349913;0.024730566300648092
2268.0;0.03617373582983059;0.03357531760435572;0.029564652371669914
2269.5;0.014975431187270396;0.026113457095052188;0.025913680636225535
2271.0;0.015095605501509561;0.017718839216707832;0.029397233201581028
2272.5;0.015414729630535846;0.025322619917214514;0.029169783096484672
2274.0;0.029874213836477988;0.023762376237623763;0.03615052757419824
2275.5;0.015001087035292413;0.02531293463143254;0.045234248788368334
2277.0;0.016863406408094434;0.017176930275971808;0.026612077789150458
2278.5;0.027531083481349913;0.033983611081116756;0.03713065068110139
2280.0;0.016863406408094434;0.036927877947295414;0.027180734232820834
2281.5;0.01850632726208763;0.025189190783192705;0.0319262493934983
2283.0;0.02460456942003515;0.016282382024492854;0.017094017094017096
2284.5;0.016863406408094434;0.015280135823429542;0.03557838660578387
2286.0;0.025573192239858905;0.04265021459227468;0.041526365119588994
2287.5;0.025573192239858905;0.01822145094387539;0.02691045475855602
2289.0;0.01865038996269922;0.036661574732603355;0.033547008547008546
2290.5;0.015095605501509561;0.027055702917771884;0.033474277660324174
2292.0;0.015095605501509561;0.03542094455852156;0.025684448207733555
2293.5;0.014910112661872163;0.024464831804281346;0.02675933970460469
2295.0;0.014910112661872163;0.018848906360245943;0.03297872340425532
2296.5;0.03165717058169511;0.03609431217943811;0.019116387223106105
2298.0;0.03165717058169511;0.018354055654233276;0.02691045475855602
2299.5;0.016568094782873223;0.03061868686868687;0.026839699159416013
2301.0;0.016568094782873223;0.03617373582983059;0.04195042222827568
2302.5;0.018277260861902424;0.019082371238858645;0.02848722986247544
2304.0;0.017401635028469288;0.02392640779737554;0.026148673888681355
2305.5;0.017401635028469288;0.019139945314441957;0.031135531135531136
2307.0;0.017401635028469288;0.02684356680037026;0.03412017167381975
2308.5;0.017401635028469288;0.03886691851497967;0.026507713884992984
2310.0;0.017401635028469288;0.018010291595197254;0.029397233201581028
2311.5;0.017393838281482624;0.030185758513931894;0.016089299461123942
2313.0;0.01653549687010534;0.01597712748065927;0.03443877551020408
2314.5;0.01653549687010534;0.016863406408094434;0.040091455309193384
2316.0;0.0161839863713799;0.0161839863713799;0.030753138075313803
2317.5;0.0161839863713799;0.017094017094017096;0.027278731836195513
2319.0;0.0161839863713799;0.02041832669322709;0.019013666072489603
2320.5;0.016745540589734254;0.017825311942959002;0.023765996343692867
2322.0;0.016745540589734254;0.016335052812576762;0.02396214896214896
2323.5;0.016745540589734254;0.03966822935448972;0.017796927688272762
2325.0;0.016745540589734254;0.02088974854932302;0.028546863436506902
2326.5;0.015809071886378992;0.025540326831839745;0.02650396316423799
2328.0;0.015809071886378992;0.01654091700522345;0.03474178403755869
2329.5;0.015809071886378992;0.026384343193694787;0.025522755227552277
2331.0;0.015809071886378992;0.017804883221787336;0.03061868686868687
2332.5;0.01836806645203033;0.018848906360245943;0.02317655078391275
2334.0;0.01836806645203033;0.030318091451292245;0.02819414703783012
2335.5;0.01836806645203033;0.01713180436584692;0.04013452914798206
2337.0;0.015743018124095107;0.026475958612294584;0.01709768189736031
2338.5;0.017443347491498312;0.03595442659693687;0.026507713884992984
2340.0;0.018289844042285466;0.017754480892796753;0.015329448677722997
2341.5;0.01741601350785099;0.015095605501509561;0.01835078161749423
2343.0;0.01741601350785099;0.01702553830746119;0.019521001722538754
2344.5;0.01741601350785099;0.01645021645021645;0.02915766738660907
2346.0;0.01741601350785099;0.016089299461123942;0.01846647932557206
2347.5;0.01741601350785099;0.019013666072489603;0.021832358674463936
2349.0;0.01741601350785099;0.0161839863713799;0.026994163424124515
2350.5;0.01741601350785099;0.015517241379310345;0.02924672156145166
2352.0;0.01741601350785099;0.018026004728132386;0.01697300828458592
2353.5;0.01741601350785099;0.032256841786066255;0.0390124048660634
2355.0;0.01741601350785099;0.03091538715963386;0.018902169101372285
2356.5;0.01741601350785099;0.018026004728132386;0.024664750957854403
2358.0;0.01741601350785099;0.018010291595197254;0.02633339705601223
2359.5;0.016550266845809666;0.036646406864497674;0.022789783889980354
2361.0;0.017401635028469288;0.018010291595197254;0.03309594717078856
2362.5;0.017401635028469288;0.015871286409530037;0.026127227846094617
2364.0;0.017397154861764727;0.017094017094017096;0.022549019607843137
2365.5;0.017397154861764727;0.017754480892796753;0.018612132352941176
2367.0;0.017393838281482624;0.015769487034319674;0.02475049900199601
2368.5;0.017393838281482624;0.02802491103202847;0.03156312625250501
2370.0;0.01825012709422827;0.017754480892796753;0.019731800766283527
2371.5;0.015680987109796585;0.014945495799148322;0.016257905732192428
2373.0;0.015680987109796585;0.015095605501509561;0.04154589371980676
2374.5;0.017094017094017096;0.026060070671378093;0.02691045475855602
2376.0;0.017754480892796753;0.015731292517006803;0.018086080586080584
2377.5;0.017754480892796753;0.016863406408094434;0.028580208973570994
2379.0;0.017754480892796753;0.016745540589734254;0.027551020408163263
2380.5;0.015871286409530037;0.01663225731761437;0.024501992031872512
2382.0;0.01836806645203033;0.025088028169014082;0.018544683857294242
2383.5;0.01488644788002137;0.035650623885918005;0.01597712748065927
2385.0;0.01830736743700201;0.025088028169014082;0.016863406408094434
2386.5;0.01830736743700201;0.025573192239858905;0.01597712748065927
2388.0;0.015711796950363736;0.03706545928938685;0.023613963039014373
2389.5;0.03966822935448972;0.01606832657788072;0.023031496062992124
2391.0;0.016676298192025096;0.035751028806584366;0.03298485940879596
2392.5;0.017094017094017096;0.03726309026662384;0.015937173610124415
2394.0;0.032697066101095795;0.03997064167198084;0.01606832657788072
2395.5;0.01850632726208763;0.03206775357116727;0.03125
2397.0;0.015809071886378992;0.03268350036844717;0.038417316536692656
2398.5;0.015809071886378992;0.03617216117216117;0.018487434139972954
2400.0;0.018332165356039182;0.03764790247400502;0.02813238770685579
2401.5;0.018332165356039182;0.016638225255972697;0.01696603985405557
2403.0;0.026548672566371685;0.036646406864497674;0.018558172733761598
2404.5;0.033676001417936904;0.017623877982923447;0.02728688539123959
2406.0;0.02460456942003515;0.026548672566371685;0.03215077605321508
2407.5;0.02460456942003515;0.03617216117216117;0.03639029592108771
2409.0;0.02460456942003515;0.017623877982923447;0.023765996343692867
2410.5;0.02460456942003515;0.016676298192025096;0.03836189717018733
2412.0;0.033676001417936904;0.015731292517006803;0.015988786911306178
2413.5;0.033676001417936904;0.03466050479914682;0.03579460562781689
2415.0;0.033676001417936904;0.03828413284132841;0.02833675564681725
2416.5;0.016638225255972697;0.015871286409530037;0.038117160508535156
2418.0;0.016638225255972697;0.022727272727272728;0.04543577034283354
2419.5;0.016638225255972697;0.02703900709219858;0.03608247422680412
2421.0;0.016638225255972697;0.027531083481349913;0.02499924106736286
2422.5;0.03482458408757866;0.02703900709219858;0.02587800369685767
2424.0;0.016863406408094434;0.02878937007874016;0.026479957525882662
2425.5;0.016863406408094434;0.026639507947919163;0.025601750547045953
2427.0;0.027531083481349913;0.03326935380678182;0.02878937007874016
2428.5;0.017754480892796753;0.0321371991852541;0.04195042222827568
2430.0;0.015731292517006803;0.01865038996269922;0.028186274509803922
2431.5;0.017094017094017096;0.036165577342047936;0.0350109409190372
2433.0;0.01842179442537598;0.0170487948265726;0.01834061135371179
2434.5;0.01663225731761437;0.018470790378006873;0.02878937007874016
2436.0;0.016863406408094434;0.01850632726208763;0.01942319011183049
2437.5;0.032886334610472544;0.024093511450381678;0.025502008032128515
2439.0;0.017094017094017096;0.02784833653429156;0.02858768311762196
2440.5;0.03706545928938685;0.015018823802332298;0.019179429534916397
2442.0;0.036646406864497674;0.016689812241256926;0.02866284793699096
2443.5;0.015809071886378992;0.02460456942003515;0.018937169700528483
2445.0;0.02802491103202847;0.0189328743545611;0.025573192239858905
2446.5;0.01865038996269922;0.017824497257769654;0.014945495799148322
2448.0;0.017623877982923447;0.016217853406024562;0.023394808743169397
2449.5;0.03106789479980177;0.03409090909090909;0.047799211339656825
2451.0;0.03265254436585322;0.017094017094017096;0.01756147614617728
2452.5;0.016582472972657695;0.017094017094017096;0.03676148796498906
2454.0;0.026548672566371685;0.017623877982923447;0.036415289256198344
2455.5;0.03764790247400502;0.015809071886378992;0.030009920634920632
2457.0;0.017547197908565945;0.034633078205669056;0.01975889285328144
2458.5;0.035572080214829514;0.03534512971343672;0.024653689858781795
2460.0;0.035572080214829514;0.03534512971343672;0.04455153422501967
2461.5;0.01488644788002137;0.036157843689975176;0.03347034644744569
2463.0;0.018289844042285466;0.01865038996269922;0.03684210526315789
2464.5;0.018277260861902424;0.01865038996269922;0.02729044834307992
2466.0;0.017094017094017096;0.017094017094017096;0.024816176470588234
2467.5;0.017094017094017096;0.017094017094017096;0.03318419090231171
2469.0;0.016863406408094434;0.01850632726208763;0.034110097939885176
2470.5;0.026548672566371685;0.015731292517006803;0.028981264637002343
2472.0;0.016638225255972697;0.015731292517006803;0.017445580689883992
2473.5;0.014945495799148322;0.015731292517006803;0.030753138075313803
2475.0;0.03265254436585322;0.015731292517006803;0.033739962262495066
2476.5;0.016638225255972697;0.015095605501509561;0.03240740740740741
2478.0;0.016638225255972697;0.015095605501509561;0.038830340879521204
2479.5;0.016638225255972697;0.015001087035292413;0.017045454545454544
2481.0;0.01850632726208763;0.015001087035292413;0.03903175848621898
2482.5;0.015809071886378992;0.01842179442537598;0.033445440956651716
2484.0;0.015095605501509561;0.015731292517006803;0.028403687012790776
2485.5;0.02460456942003515;0.015731292517006803;0.04908565110147146
2487.0;0.015001087035292413;0.015731292517006803;0.023031496062992124
2488.5;0.025573192239858905;0.015731292517006803;0.0375
2490.0;0.03130908265900325;0.015731292517006803;0.018413173652694608
2491.5;0.0367279087083759;0.015095605501509561;0.030963302752293576
2493.0;0.03512773722627738;0.015095605501509561;0.024254473161033796
2494.5;0.025088028169014082;0.015095605501509561;0.02558139534883721
2496.0;0.017547197908565945;0.015871286409530037;0.018284611141753997
2497.5;0.02802491103202847;0.015871286409530037;0.03548139624088992
2499.0;0.018026004728132386;0.016676298192025096;0.03992748496639548
2500.5;0.017094017094017096;0.016676298192025096;0.033713054187192115
2502.0;0.017623877982923447;0.0175513698630137;0.034562751898022305
2503.5;0.025088028169014082;0.0175513698630137;0.036165577342047936
2505.0;0.025088028169014082;0.0175513698630137;0.01756386861313869
2506.5;0.015095605501509561;0.0175513698630137;0.01814552172099398
2508.0;0.017498443680569787;0.0175513698630137;0.03764790247400502
2509.5;0.01830736743700201;0.0175513698630137;0.03212468193384224
2511.0;0.03357531760435572;0.01597712748065927;0.018010291595197254
2512.5;0.015154962909024714;0.0175513698630137;0.03412112259970458
2514.0;0.0185554688027144;0.0175513698630137;0.04334677419354839
2515.5;0.017699115044247787;0.0175513698630137;0.03308264075851575
2517.0;0.017094017094017096;0.0175513698630137;0.03405908597905142
2518.5;0.029017857142857144;0.016863406408094434;0.02268431001890359
2520.0;0.03764790247400502;0.016863406408094434;0.01726263871763255
2521.5;0.022964015151515152;0.016676298192025096;0.018836565096952907
2523.0;0.02684356680037026;0.016676298192025096;0.04024144869215292
2524.5;0.035259159797595516;0.017498443680569787;0.028489903424056193
2526.0;0.017754480892796753;0.018010291595197254;0.029142632406921866
2527.5;0.03320921042632419;0.017623877982923447;0.017864198969999672
2529.0;0.03106789479980177;0.01842179442537598;0.03474178403755869
2530.5;0.016582472972657695;0.017498443680569787;0.017987706243934
2532.0;0.017427438387099873;0.017498443680569787;0.0220703125
2533.5;0.018010291595197254;0.017498443680569787;0.029664014146772767
2535.0;0.018010291595197254;0.017498443680569787;0.02392640779737554
2536.5;0.01597712748065927;0.019013666072489603;0.032994121736931926
2538.0;0.014945495799148322;0.0161839863713799;0.01606832657788072
2539.5;0.0189328743545611;0.015095605501509561;0.017094017094017096
2541.0;0.016745540589734254;0.017094017094017096;0.02452743199631166
2542.5;0.016745540589734254;0.017094017094017096;0.028254847645429362
2544.0;0.016745540589734254;0.015731292517006803;0.039754363283775046
2545.5;0.016745540589734254;0.01842179442537598;0.015280135823429542
2547.0;0.016745540589734254;0.016638225255972697;0.01654091700522345
2548.5;0.016745540589734254;0.023765996343692867;0.02878937007874016
2550.0;0.016745540589734254;0.023765996343692867;0.04055812138164314
2551.5;0.0170487948265726;0.03669724770642202;0.03989126480097258
2553.0;0.018610244807272875;0.015095605501509561;0.01664106318905668
2554.5;0.02460456942003515;0.03864818325709216;0.026548672566371685
2556.0;0.026548672566371685;0.015871286409530037;0.03212468193384224
2557.5;0.016638225255972697;0.03450566571561023;0.015069294547215105
2559.0;0.016638225255972697;0.03130908265900325;0.02238354506957048
2560.5;0.03106789479980177;0.03265254436585322;0.021042084168336674
2562.0;0.03173139329252938;0.03265254436585322;0.03778582148847886
2563.5;0.03173139329252938;0.015724726735506497;0.02019230769230769
2565.0;0.030743823668949708;0.03339355998530387;0.017389905304771535
2566.5;0.01570251018973342;0.014844188506303903;0.018047156089719053
2568.0;0.014844188506303903;0.03517428528980739;0.039553248663945606
2569.5;0.018470790378006873;0.03331212913068683;0.037753222836095765
2571.0;0.029516994633273706;0.03331212913068683;0.032886334610472544
2572.5;0.016745540589734254;0.016863406408094434;0.023809523809523808
2574.0;0.014910112661872163;0.01850632726208763;0.0189328743545611
2575.5;0.026548672566371685;0.01850632726208763;0.03722426470588235
2577.0;0.033676001417936904;0.01850632726208763;0.023833646933950885
2578.5;0.03902213310711807;0.01850632726208763;0.029132231404958676
2580.0;0.016676298192025096;0.01850632726208763;0.023244781783681213
2581.5;0.017465858520325457;0.01663225731761437;0.016604605213162094
2583.0;0.01865038996269922;0.01660281557997176;0.03669724770642202
2584.5;0.014910112661872163;0.01830736743700201;0.018848906360245943
2586.0;0.017373380447585393;0.02703900709219858;0.02802491103202847
2587.5;0.02500730733006398;0.026548672566371685;0.018010291595197254
2589.0;0.018122434188009157;0.016745540589734254;0.024464831804281346
2590.5;0.026060070671378093;0.0285204991087344;0.04093567251461988
2592.0;0.016335052812576762;0.03609431217943811;0.018354055654233276
2593.5;0.0170487948265726;0.03212468193384224;0.016863406408094434
2595.0;0.026548672566371685;0.031723651744800845;0.015809071886378992
2596.5;0.0285204991087344;0.03409090909090909;0.017443347491498312
2598.0;0.03136882129277567;0.017094017094017096;0.028186274509803922
2599.5;0.017094017094017096;0.026548672566371685;0.03240643424121398
2601.0;0.017094017094017096;0.03320921042632419;0.018612132352941176
2602.5;0.01850632726208763;0.018332165356039182;0.032351896087997364
2604.0;0.02703900709219858;0.015095605501509561;0.0355341198160099
2605.5;0.017094017094017096;0.015095605501509561;0.026548672566371685
2607.0;0.024464831804281346;0.037753222836095765;0.03365384615384615
2608.5;0.01749271137026239;0.026548672566371685;0.03669724770642202
2610.0;0.01589496047739557;0.029017857142857144;0.01810699588477366
2611.5;0.028248983597364368;0.03609431217943811;0.0188212927756654
2613.0;0.01589496047739557;0.024122807017543862;0.02914012738853503
2614.5;0.017094017094017096;0.015095605501509561;0.024335378323108385
2616.0;0.033676001417936904;0.03864818325709216;0.03318140560069026
2617.5;0.03706545928938685;0.017754480892796753;0.02373597124095314
2619.0;0.032000890578704894;0.032000890578704894;0.034713033363561706
2620.5;0.026060070671378093;0.027531083481349913;0.025088028169014082
2622.0;0.03136882129277567;0.016863406408094434;0.027551020408163263
2623.5;0.03061868686868687;0.03106789479980177;0.015370218739033806
2625.0;0.032886334610472544;0.01597712748065927;0.01669319822511807
2626.5;0.03460837887067396;0.0189328743545611;0.028050275904353158
2628.0;0.03061868686868687;0.014945495799148322;0.0334685598377282
2629.5;0.038655160014383315;0.039888682745825604;0.04373650107991361
2631.0;0.03902213310711807;0.017547197908565945;0.047172912557527945
2632.5;0.03706545928938685;0.02703900709219858;0.037755703342032154
2634.0;0.027531083481349913;0.032000890578704894;0.01726263871763255
2635.5;0.02703900709219858;0.032000890578704894;0.03061868686868687
2637.0;0.03357531760435572;0.015001087035292413;0.025529865125240848
2638.5;0.03828413284132841;0.016863406408094434;0.03251008064516129
2640.0;0.03609431217943811;0.03416622228993677;0.04037590543973993
2641.5;0.0367279087083759;0.027531083481349913;0.023394808743169397
2643.0;0.03571428571428571;0.0161839863713799;0.02619146866750035
2644.5;0.015069294547215105;0.025522755227552277;0.024501992031872512
2646.0;0.015854570888502284;0.0170487948265726;0.015888583453695506
2647.5;0.016624630520743856;0.017094017094017096;0.02352661596958175
2649.0;0.027531083481349913;0.03357531760435572;0.024093511450381678
2650.5;0.037753222836095765;0.0189328743545611;0.018487434139972954
2652.0;0.025573192239858905;0.036646406864497674;0.03271318604141163
2653.5;0.03966822935448972;0.03061868686868687;0.03409090909090909
2655.0;0.01749271137026239;0.016863406408094434;0.01764234161988773
2656.5;0.025240384615384616;0.026060070671378093;0.016971385798877962
2658.0;0.03530661003451022;0.0161839863713799;0.01752333274461064
2659.5;0.023809523809523808;0.0325497287522604;0.016863406408094434
2661.0;0.026344152244872826;0.01654091700522345;0.01874107841782935
2662.5;0.03379065040650407;0.01845342706502636;0.01865038996269922
2664.0;0.033745489100308834;0.03742080962095995;0.025240384615384616
2665.5;0.027531083481349913;0.01726263871763255;0.029478889311525296
2667.0;0.01597712748065927;0.017971946230274694;0.024178800028135335
2668.5;0.0175513698630137;0.017883272962794156;0.017094017094017096
2670.0;0.018010291595197254;0.03966822935448972;0.02018348623853211
2671.5;0.024464831804281346;0.01842179442537598;0.015125554237353003
2673.0;0.017754480892796753;0.023765996343692867;0.029017857142857144
2674.5;0.025573192239858905;0.01597712748065927;0.01842179442537598
2676.0;0.022727272727272728;0.018010291595197254;0.015743018124095107
2677.5;0.022727272727272728;0.024093511450381678;0.03072625698324023
2679.0;0.027018175863762896;0.018197573656845753;0.02568279495355608
2680.5;0.0187060153052703;0.017094017094017096;0.017287443030017287
2682.0;0.03467613502536041;0.028050275904353158;0.018026004728132386
2683.5;0.017754480892796753;0.03250478011472275;0.01702553830746119
2685.0;0.01836806645203033;0.017015706806282723;0.017094017094017096
2686.5;0.01830736743700201;0.032697066101095795;0.016863406408094434
2688.0;0.0175513698630137;0.016676298192025096;0.016863406408094434
2689.5;0.0161839863713799;0.0285204991087344;0.016863406408094434
2691.0;0.025088028169014082;0.025573192239858905;0.01663225731761437
2692.5;0.038655160014383315;0.01865038996269922;0.016582472972657695
2694.0;0.03316662279547249;0.016863406408094434;0.017094017094017096
2695.5;0.024464831804281346;0.035127911416571206;0.017094017094017096
2697.0;0.024464831804281346;0.01663225731761437;0.017754480892796753
2698.5;0.03742165865034251;0.01488644788002137;0.017754480892796753
2700.0;0.0370493536614482;0.016568094782873223;0.014945495799148322
2701.5;0.026793071116709446;0.0175513698630137;0.014945495799148322
2703.0;0.026793071116709446;0.015871286409530037;0.017754480892796753
2704.5;0.026727680109509728;0.01663225731761437;0.014945495799148322
2706.0;0.024464831804281346;0.03173139329252938;0.015769487034319674
2707.5;0.015069294547215105;0.03160480961955194;0.015769487034319674
2709.0;0.0175513698630137;0.03160480961955194;0.01660281557997176
2710.5;0.031723651744800845;0.03708596418846531;0.016568094782873223
2712.0;0.017623877982923447;0.03708596418846531;0.016568094782873223
2713.5;0.01842179442537598;0.015695763321720377;0.015695763321720377
2715.0;0.01842179442537598;0.028580208973570994;0.01826142579350741
2716.5;0.01842179442537598;0.02568279495355608;0.016745540589734254
2718.0;0.035572080214829514;0.017847922818538867;0.014945495799148322
2719.5;0.02802491103202847;0.016650117815626062;0.016863406408094434
2721.0;0.02802491103202847;0.018317621244013545;0.02587800369685767
2722.5;0.032697066101095795;0.014863336783895852;0.017754480892796753
2724.0;0.016745540589734254;0.017623877982923447;0.015871286409530037
2725.5;0.02460456942003515;0.026548672566371685;0.01865038996269922
2727.0;0.017373380447585393;0.035127911416571206;0.016745540589734254
2728.5;0.017754480892796753;0.016403046280023436;0.023642732049036778
2730.0;0.029702970297029705;0.01672535211267606;0.023642732049036778
2731.5;0.015907416444202047;0.01749271137026239;0.015095605501509561
2733.0;0.03754213023538997;0.01597712748065927;0.014945495799148322
2734.5;0.03168439029378145;0.018937169700528483;0.017498443680569787
2736.0;0.02460456942003515;0.018937169700528483;0.01660281557997176
2737.5;0.015871286409530037;0.0161839863713799;0.016568094782873223
2739.0;0.01488644788002137;0.01749271137026239;0.018470790378006873
2740.5;0.03357531760435572;0.018683274021352312;0.016863406408094434
2742.0;0.018197573656845753;0.015095605501509561;0.03482458408757866
2743.5;0.03969754253308129;0.02460456942003515;0.015743018124095107
2745.0;0.015024970979036621;0.02703900709219858;0.03764790247400502
2746.5;0.018143754361479414;0.03469827586206897;0.01842179442537598
2748.0;0.017851796249362173;0.025756445890674075;0.018470790378006873
2749.5;0.03153396238167119;0.016201463590194747;0.01756386861313869
2751.0;0.017094017094017096;0.02516881522406384;0.016043635035830027
2752.5;0.01597712748065927;0.02684356680037026;0.01766843911960692
2754.0;0.017754480892796753;0.031746031746031744;0.018026004728132386
2755.5;0.03460837887067396;0.02299446749654219;0.025088028169014082
2757.0;0.0161839863713799;0.018103056491347032;0.025088028169014082
2758.5;0.01850632726208763;0.017094017094017096;0.0390124048660634
2760.0;0.037753222836095765;0.035702503048124515;0.01597712748065927
2761.5;0.03487592219986586;0.01874976438826494;0.0161839863713799
2763.0;0.04037590543973993;0.016863406408094434;0.015871286409530037
2764.5;0.03669724770642202;0.0285204991087344;0.026060070671378093
2766.0;0.038655160014383315;0.01726263871763255;0.024114774114774116
2767.5;0.015095605501509561;0.019013666072489603;0.01784040701566475
2769.0;0.025522755227552277;0.028343023255813952;0.017987706243934
2770.5;0.017015706806282723;0.017487517572349606;0.015782703483277604
2772.0;0.018848906360245943;0.027250706499798143;0.039084333244065725
2773.5;0.025088028169014082;0.02726326662162267;0.042820886656946916
2775.0;0.0153103221203973;0.0348853766196782;0.017176963732458538
2776.5;0.02516881522406384;0.022041062801932364;0.016742570758641984
2778.0;0.028248983597364368;0.03156312625250501;0.015871286409530037
2779.5;0.04001134600303672;0.028489903424056193;0.017824497257769654
2781.0;0.02460456942003515;0.022363984857414396;0.017824497257769654
2782.5;0.031723651744800845;0.026164609260754843;0.017083111144968386
2784.0;0.030993042378241617;0.0271225341841467;0.018937169700528483
2785.5;0.041250831669993354;0.017373380447585393;0.03948705750059468
2787.0;0.03617216117216117;0.0411860619602633;0.026077596751308774
2788.5;0.01865038996269922;0.027886497064579255;0.02345757503510027
2790.0;0.035127911416571206;0.024642730899358683;0.023765996343692867
2791.5;0.014910112661872163;0.03039512519506651;0.03966822935448972
2793.0;0.03825578292372061;0.025540326831839745;0.024122807017543862
2794.5;0.016863406408094434;0.018550316138650408;0.038041387799061466
2796.0;0.016863406408094434;0.024464831804281346;0.029216407862848938
2797.5;0.017623877982923447;0.016979552792060267;0.01772143032255805
2799.0;0.017623877982923447;0.025439127801332527;0.03061868686868687
2800.5;0.017623877982923447;0.024664750957854403;0.01834862385321101
2802.0;0.035127911416571206;0.027699718988358095;0.022727272727272728
2803.5;0.03276661638370833;0.030318091451292245;0.02703900709219858
2805.0;0.01660281557997176;0.029937629937629936;0.033676001417936904
2806.5;0.01570251018973342;0.029516994633273706;0.019961612284069098
2808.0;0.01570251018973342;0.03969754253308129;0.019071369196057474
2809.5;0.036646406864497674;0.040013227513227514;0.040427509293680296
2811.0;0.03320921042632419;0.026475958612294584;0.031723651744800845
2812.5;0.016676298192025096;0.03748467708982989;0.03639029592108771
2814.0;0.023765996343692867;0.03669724770642202;0.01983411467724486
2815.5;0.026060070671378093;0.01672535211267606;0.01733025239957341
2817.0;0.03130908265900325;0.017754480892796753;0.024114774114774116
2818.5;0.03106789479980177;0.025573192239858905;0.026060070671378093
2820.0;0.015724726735506497;0.017373380447585393;0.03617216117216117
2821.5;0.03527987093940073;0.016335052812576762;0.018026004728132386
2823.0;0.03764790247400502;0.017754480892796753;0.03156312625250501
2824.5;0.03801927875911337;0.018803418803418803;0.031746031746031744
2826.0;0.015783713313901306;0.024816176470588234;0.028769144302374594
2827.5;0.01747771530769917;0.01775534628830588;0.017754480892796753
2829.0;0.014862797581572475;0.03992071964004603;0.028186274509803922
2830.5;0.014862797581572475;0.018010291595197254;0.027844062403962613
2832.0;0.02703900709219858;0.016638225255972697;0.027811860940695293
2833.5;0.016745540589734254;0.015001087035292413;0.04162239212129065
2835.0;0.01660281557997176;0.0161839863713799;0.02569922389808171
2836.5;0.01485852872552252;0.0161839863713799;0.029478889311525296
2838.0;0.018010291595197254;0.026457750968564567;0.02695167286245353
2839.5;0.03466050479914682;0.026839699159416013;0.01810699588477366
2841.0;0.04154589371980676;0.03710922273329695;0.0170487948265726
2842.5;0.04083665338645418;0.017015706806282723;0.01845342706502636
2844.0;0.02909270216962525;0.017754480892796753;0.02516881522406384
2845.5;0.038984406237504994;0.015809071886378992;0.01822513964717392
2847.0;0.03340665010250771;0.02460456942003515;0.0161839863713799
2848.5;0.026548672566371685;0.0189328743545611;0.029478889311525296
2850.0;0.026548672566371685;0.023031496062992124;0.029401154401154404
2851.5;0.016863406408094434;0.02460456942003515;0.017883272962794156
2853.0;0.027531083481349913;0.027332170880557977;0.031746031746031744
2854.5;0.017623877982923447;0.023765996343692867;0.018543046357615892
2856.0;0.032697066101095795;0.02569922389808171;0.018026004728132386
2857.5;0.024122807017543862;0.03061868686868687;0.016830578931359627
2859.0;0.015001087035292413;0.03212468193384224;0.017754480892796753
2860.5;0.02802491103202847;0.03557483731019522;0.018876611418047883
2862.0;0.01865038996269922;0.015489719503383037;0.026439243281831625
2863.5;0.027798718431963815;0.03061868686868687;0.019274809160305342
2865.0;0.015907941325240264;0.01597712748065927;0.018242207460398566
2866.5;0.017202407162777045;0.01850632726208763;0.01782779889387077
2868.0;0.015017003160614852;0.017094017094017096;0.015871286409530037
2869.5;0.02012855209742896;0.017754480892796753;0.02516881522406384
2871.0;0.016403046280023436;0.02703900709219858;0.023765996343692867
2872.5;0.022964015151515152;0.015280135823429542;0.01845342706502636
2874.0;0.018047156089719053;0.01597712748065927;0.0175513698630137
2875.5;0.024464831804281346;0.018026004728132386;0.029167406355405646
2877.0;0.015095605501509561;0.0189328743545611;0.03061615001913509
2878.5;0.0170487948265726;0.029702970297029705;0.015202013639811085
2880.0;0.015597920277296359;0.015907416444202047;0.018876611418047883
2881.5;0.03313655743081309;0.01865038996269922;0.016838000708968452
2883.0;0.023765996343692867;0.026060070671378093;0.0152400907758678
2884.5;0.017373380447585393;0.016043635035830027;0.02623456790123457
2886.0;0.018010291595197254;0.0189328743545611;0.018010456796917998
2887.5;0.018026004728132386;0.016403046280023436;0.017825311942959002
2889.0;0.015280135823429542;0.02516881522406384;0.03651052751203588
2890.5;0.024114774114774116;0.025573192239858905;0.018354055654233276
2892.0;0.015095605501509561;0.02911275415896488;0.018470790378006873
2893.5;0.028865979381443297;0.017754480892796753;0.019214401225636224
2895.0;0.02619047619047619;0.03320921042632419;0.02860082304526749
2896.5;0.015283064065369568;0.02802491103202847;0.018696455568620863
2898.0;0.015731292517006803;0.03639029592108771;0.025351205447518555
2899.5;0.025573192239858905;0.03383297644539615;0.032886334610472544
2901.0;0.03609431217943811;0.0172434729811779;0.01834862385321101
2902.5;0.01842179442537598;0.01678154888258163;0.040080752375793983
2904.0;0.01597712748065927;0.027531083481349913;0.017824497257769654
2905.5;0.01850632726208763;0.017094017094017096;0.017015706806282723
2907.0;0.035127911416571206;0.024114774114774116;0.025522755227552277
2908.5;0.033879208022981784;0.01702553830746119;0.01594765689784196
2910.0;0.0161839863713799;0.02494777243356168;0.017094017094017096
2911.5;0.016638225255972697;0.026107226107226107;0.025
2913.0;0.024122807017543862;0.03442728442728442;0.03931837073981713
2914.5;0.024122807017543862;0.027886497064579255;0.016335052812576762
2916.0;0.024122807017543862;0.016468992979866464;0.02376786446781401
2917.5;0.031723651744800845;0.030627490039840638;0.016761997225470154
2919.0;0.018470790378006873;0.016939604011490892;0.01890359168241966
2920.5;0.025573192239858905;0.029135338345864664;0.018216250338172965
2922.0;0.03212468193384224;0.03460837887067396;0.01834862385321101
2923.5;0.03669724770642202;0.028401997503121095;0.01837805412422468
2925.0;0.03669724770642202;0.03988673139158575;0.018143754361479414
2926.5;0.015001087035292413;0.03669724770642202;0.03020833333333333
2928.0;0.035572080214829514;0.04334677419354839;0.027444794952681383
2929.5;0.027531083481349913;0.0285204991087344;0.01715337759758701
2931.0;0.032256841786066255;0.024464831804281346;0.025351205447518555
2932.5;0.018332165356039182;0.035154762207043645;0.02611218568665377
2934.0;0.0175513698630137;0.023765996343692867;0.019082371238858645
2935.5;0.025088028169014082;0.03564899451553931;0.023418491484184917
2937.0;0.03564899451553931;0.023765996343692867;0.02352661596958175
2938.5;0.017094017094017096;0.032697066101095795;0.026762251625097967
2940.0;0.024664750957854403;0.018470790378006873;0.03317639112382542
2941.5;0.017460979111666896;0.0285204991087344;0.03185386473429951
2943.0;0.0230722525804493;0.026548672566371685;0.0270935222034339
2944.5;0.03564899451553931;0.03609431217943811;0.018538209281526382
2946.0;0.03130908265900325;0.029874213836477988;0.01749271137026239
2947.5;0.03825578292372061;0.023765996343692867;0.017094017094017096
2949.0;0.018470790378006873;0.026060070671378093;0.03156312625250501
2950.5;0.040343486714193126;0.017094017094017096;0.03740409207161126
2952.0;0.015188609731168737;0.01842179442537598;0.023274161735700197
2953.5;0.0175513698630137;0.01845342706502636;0.02866752081998719
2955.0;0.02802491103202847;0.01597712748065927;0.024784482758620687
2956.5;0.025088028169014082;0.035751028806584366;0.01834862385321101
2958.0;0.02703900709219858;0.016785765670711238;0.018487434139972954
2959.5;0.039888682745825604;0.015783713313901306;0.028118393234672308
2961.0;0.017754480892796753;0.024816176470588234;0.02863610639501981
2962.5;0.017754480892796753;0.0161839863713799;0.025522755227552277
2964.0;0.015280135823429542;0.017373380447585393;0.018487434139972954
2965.5;0.01865038996269922;0.0189328743545611;0.04809286898839137
2967.0;0.015095605501509561;0.035650623885918005;0.02129786184301704
2968.5;0.038041387799061466;0.035650623885918005;0.028870924757928396
2970.0;0.01865038996269922;0.03617216117216117;0.029573367808661925
2971.5;0.01865038996269922;0.038655160014383315;0.018284611141753997
2973.0;0.01865038996269922;0.01842179442537598;0.027711164401811886
2974.5;0.016745540589734254;0.017699115044247787;0.03727616744040885
2976.0;0.016745540589734254;0.03564899451553931;0.029937629937629936
2977.5;0.016745540589734254;0.02516881522406384;0.025435833739963627
2979.0;0.016745540589734254;0.017934291168491913;0.016113614689188416
2980.5;0.016676298192025096;0.01771809624494277;0.017410714285714286
2982.0;0.016676298192025096;0.025573192239858905;0.03730517848164907
2983.5;0.016676298192025096;0.01865038996269922;0.01712538226299694
2985.0;0.035572080214829514;0.03293798595973293;0.029132231404958676
2986.5;0.035572080214829514;0.016863406408094434;0.028433476394849784
2988.0;0.035572080214829514;0.016863406408094434;0.044164037854889586
2989.5;0.03637335441877961;0.04373650107991361;0.018991486574983625
2991.0;0.03637335441877961;0.024464831804281346;0.015517241379310345
2992.5;0.018277260861902424;0.03466050479914682;0.024664750957854403
2994.0;0.02802491103202847;0.025573192239858905;0.03740409207161126
2995.5;0.01597712748065927;0.01597712748065927;0.018218146702990427
2997.0;0.017623877982923447;0.01597712748065927;0.03783608381234935
2998.5;0.017623877982923447;0.032256841786066255;0.04099192988081877
3000.0;0.0161839863713799;0.032256841786066255;0.019877675840978597
3001.5;0.01597712748065927;0.03841245791927793;0.01675356994726551
3003.0;0.015871286409530037;0.03841245791927793;0.02867383512544803
3004.5;0.015871286409530037;0.030743823668949708;0.02425782510487254
3006.0;0.015095605501509561;0.015095605501509561;0.03069383591907863
3007.5;0.015095605501509561;0.015095605501509561;0.030753138075313803
3009.0;0.032256841786066255;0.018937169700528483;0.03825903825903826
3010.5;0.032000890578704894;0.026008544499885856;0.027811860940695293
3012.0;0.02703900709219858;0.023765996343692867;0.022789783889980354
3013.5;0.02703900709219858;0.017094017094017096;0.030256012412723042
3015.0;0.02703900709219858;0.024816176470588234;0.026110040368764877
3016.5;0.02703900709219858;0.040819094114456195;0.02669539153240914
3018.0;0.016863406408094434;0.03061868686868687;0.0175513698630137
3019.5;0.016863406408094434;0.027731151209959438;0.03608247422680412
3021.0;0.015871286409530037;0.018683274021352312;0.0356286399451867
3022.5;0.014945495799148322;0.017410714285714286;0.035785267583063655
3024.0;0.03746174588351344;0.01942319011183049;0.029891304347826088
3025.5;0.03460837887067396;0.01769257756716558;0.01810699588477366
3027.0;0.02587800369685767;0.014899481909284166;0.03521621009735114
3028.5;0.015280135823429542;0.018086080586080584;0.03156312625250501
3030.0;0.03466050479914682;0.019345238095238096;0.024172397833659473
3031.5;0.017094017094017096;0.026475958612294584;0.026629789069636426
3033.0;0.017623877982923447;0.022789783889980354;0.016532287129426546
3034.5;0.017623877982923447;0.018354055654233276;0.027070647685437925
3036.0;0.016676298192025096;0.01702553830746119;0.017130182341266877
3037.5;0.01663225731761437;0.01850632726208763;0.024203298031819725
3039.0;0.01488644788002137;0.016638225255972697;0.026077596751308774
3040.5;0.03807194397841974;0.022054418372441337;0.0176170149769301
3042.0;0.027531083481349913;0.03878549426655968;0.02867383512544803
3043.5;0.03916827852998066;0.022041062801932364;0.030093267269017784
3045.0;0.017934291168491913;0.017373380447585393;0.04247181964573269
3046.5;0.034522108226862615;0.03902213310711807;0.026639507947919163
3048.0;0.017094017094017096;0.02494777243356168;0.015907941325240264
3049.5;0.017094017094017096;0.016903583394228514;0.01882395123700251
3051.0;0.03293798595973293;0.019961612284069098;0.0161839863713799
3052.5;0.018010291595197254;0.02268431001890359;0.03667434715821812
3054.0;0.018010291595197254;0.028861105927722834;0.029401154401154404
3055.5;0.031723651744800845;0.02848722986247544;0.021851503759398497
3057.0;0.031723651744800845;0.01688081285952368;0.03316662279547249
3058.5;0.01836806645203033;0.016636140987988515;0.024378585086042064
3060.0;0.01488644788002137;0.017445393036008935;0.02684356680037026
3061.5;0.017443347491498312;0.031723651744800845;0.028050275904353158
3063.0;0.03065901496568101;0.025439127801332527;0.018354055654233276
3064.5;0.0182681206624895;0.04280472890338361;0.038655160014383315
3066.0;0.01654477169890474;0.0390124048660634;0.02516881522406384
3067.5;0.01654477169890474;0.03613924649180025;0.026148673888681355
3069.0;0.014834097312229661;0.02587800369685767;0.016293098349991132
3070.5;0.01653549687010534;0.025522755227552277;0.02400793650793651
3072.0;0.03604392459334977;0.025522755227552277;0.027886497064579255
3073.5;0.014829976303317897;0.024464831804281346;0.018097324617982736
3075.0;0.014829976303317897;0.0189328743545611;0.034670398009950254
3076.5;0.016530987295071384;0.025088028169014082;0.02891522988505747
3078.0;0.014827949697411927;0.025088028169014082;0.0283840190816935
3079.5;0.017094017094017096;0.017623877982923447;0.028386164887758265
3081.0;0.01597712748065927;0.01663225731761437;0.03511762700306853
3082.5;0.01597712748065927;0.025573192239858905;0.025433928797668818
3084.0;0.017623877982923447;0.016676298192025096;0.017699115044247787
3085.5;0.017623877982923447;0.018470790378006873;0.03156312625250501
3087.0;0.017623877982923447;0.03902213310711807;0.03407123830124491
3088.5;0.03091538715963386;0.025573192239858905;0.02729044834307992
3090.0;0.035437678433415665;0.03768591312195207;0.035751028806584366
3091.5;0.035437678433415665;0.03828413284132841;0.04220059142434697
3093.0;0.035437678433415665;0.015871286409530037;0.015596570161123084
3094.5;0.035437678433415665;0.017465858520325457;0.029628537735849055
3096.0;0.035437678433415665;0.016863406408094434;0.015571484057766323
3097.5;0.035437678433415665;0.04126794258373206;0.030627490039840638
3099.0;0.035437678433415665;0.029853167842946376;0.03250478011472275
3100.5;0.035437678433415665;0.018323203432248837;0.024924471299093656
3102.0;0.018277260861902424;0.024203298031819725;0.016335052812576762
3103.5;0.015690820879123473;0.01874107841782935;0.0370850622406639
3105.0;0.017754480892796753;0.029397233201581028;0.02909270216962525
3106.5;0.014945495799148322;0.01675356994726551;0.016917819729987117
3108.0;0.015769487034319674;0.01715933414707495;0.040449438202247195
3109.5;0.025088028169014082;0.02752293577981652;0.024254473161033796
3111.0;0.017754480892796753;0.0340398201669878;0.030753138075313803
3112.5;0.03130908265900325;0.0325497287522604;0.019335279586795418
3114.0;0.03183910937543675;0.03466050479914682;0.02844359220198146
3115.5;0.01830736743700201;0.0170487948265726;0.02579802048074039
3117.0;0.01570251018973342;0.032886334610472544;0.04017857142857143
3118.5;0.033363061427410384;0.016830578931359627;0.028186274509803922
3120.0;0.018256492034823147;0.0230722525804493;0.03732641364167784
3121.5;0.03136882129277567;0.04083665338645418;0.024033467974610503
3123.0;0.02516881522406384;0.038041387799061466;0.028970688479890934
3124.5;0.0161839863713799;0.03966822935448972;0.037673130193905814
3126.0;0.015095605501509561;0.01942319011183049;0.02958877089975001
3127.5;0.0175513698630137;0.024464831804281346;0.025476911647609957
3129.0;0.017623877982923447;0.03902213310711807;0.03781905483952489
3130.5;0.028186274509803922;0.0285204991087344;0.030938123752495012
3132.0;0.01882395123700251;0.0285204991087344;0.04267698210523005
3133.5;0.015109552273918112;0.015001087035292413;0.03784971590023597
3135.0;0.018470790378006873;0.017498443680569787;0.02023809523809524
3136.5;0.017623877982923447;0.030813820600779404;0.037149234693877556
3138.0;0.015731292517006803;0.023418491484184917;0.022964015151515152
3139.5;0.017623877982923447;0.0161839863713799;0.04154589371980676
3141.0;0.01842179442537598;0.0175513698630137;0.016638225255972697
3142.5;0.017465858520325457;0.015001087035292413;0.01643951102992834
3144.0;0.017427438387099873;0.01663225731761437;0.038385826771653545
3145.5;0.018197573656845753;0.01660281557997176;0.03160767554530645
3147.0;0.018197573656845753;0.016582472972657695;0.037137006701414746
3148.5;0.015033359741139864;0.015711796950363736;0.02796316311811669
3150.0;0.031152703202802817;0.03065901496568101;0.01971494409831868
3151.5;0.031152703202802817;0.014844188506303903;0.01750233536400158
3153.0;0.03282809752212599;0.015690820879123473;0.03383297644539615
3154.5;0.03282809752212599;0.03331212913068683;0.02878937007874016
3156.0;0.030769494759707652;0.014832305600435561;0.02352661596958175
3157.5;0.030769494759707652;0.017389540773412943;0.024642730899358683
3159.0;0.03345721209702537;0.01567987457984609;0.034408602150537634
3160.5;0.0285204991087344;0.017623877982923447;0.03162650602409638
3162.0;0.033676001417936904;0.033879208022981784;0.02975865031633211
3163.5;0.033676001417936904;0.0170487948265726;0.0375
3165.0;0.033676001417936904;0.038655160014383315;0.02844036697247707
3166.5;0.015001087035292413;0.035127911416571206;0.033547008547008546
3168.0;0.01842179442537598;0.035127911416571206;0.016335052812576762
3169.5;0.033697931493502586;0.014910112661872163;0.018683274021352312
3171.0;0.01830736743700201;0.015095605501509561;0.030627490039840638
3172.5;0.01830736743700201;0.03742802303262956;0.03886452064176733
3174.0;0.01485852872552252;0.028248983597364368;0.030318091451292245
3175.5;0.01485852872552252;0.01694768198513463;0.025522755227552277
3177.0;0.01485852872552252;0.015912208009267122;0.036783854166666664
3178.5;0.01485852872552252;0.03966822935448972;0.018026004728132386
3180.0;0.01570251018973342;0.015871286409530037;0.017754480892796753
3181.5;0.0182681206624895;0.026548672566371685;0.03498920086393088
3183.0;0.03515598531696909;0.017754480892796753;0.03098112039616218
3184.5;0.03515598531696909;0.018470790378006873;0.0363395576744802
3186.0;0.03515598531696909;0.035650623885918005;0.03297872340425532
3187.5;0.036062392589235694;0.016745540589734254;0.015185110687790623
3189.0;0.033303095021156505;0.03357531760435572;0.017094017094017096
3190.5;0.036966131441484265;0.015871286409530037;0.01865038996269922
3192.0;0.03788504815855055;0.02460456942003515;0.01983411467724486
3193.5;0.037876570372820405;0.025088028169014082;0.017699115044247787
3195.0;0.017385814700674008;0.015871286409530037;0.024464831804281346
3196.5;0.02703900709219858;0.03183910937543675;0.017460979111666896
3198.0;0.02703900709219858;0.03357531760435572;0.031746031746031744
3199.5;0.025573192239858905;0.03320921042632419;0.03712871287128712
3201.0;0.033676001417936904;0.0370850622406639;0.030627490039840638
3202.5;0.015871286409530037;0.0370850622406639;0.023833646933950885
3204.0;0.024122807017543862;0.016348533050547898;0.022727272727272728
3205.5;0.035650623885918005;0.0153103221203973;0.018487434139972954
3207.0;0.015809071886378992;0.037112845707117974;0.03835236436358944
3208.5;0.015809071886378992;0.03966822935448972;0.027215631542219124
3210.0;0.015743018124095107;0.03966822935448972;0.032796486090775984
3211.5;0.031723651744800845;0.015280135823429542;0.02463118205801806
3213.0;0.014945495799148322;0.038817005545286505;0.018323203432248837
3214.5;0.01836806645203033;0.017460979111666896;0.026077596751308774
3216.0;0.014870091759449306;0.017460979111666896;0.01814552172099398
3217.5;0.014870091759449306;0.039450670467059655;0.027551980833404637
3219.0;0.02516881522406384;0.03290225315948789;0.026979111813235035
3220.5;0.016979552792060267;0.015898024165091146;0.038274336283185835
3222.0;0.01865038996269922;0.015898024165091146;0.031578947368421054
3223.5;0.0285204991087344;0.018443932541639993;0.01717650438029585
3225.0;0.016745540589734254;0.015780090522922573;0.030288461538461535
3226.5;0.018470790378006873;0.015780090522922573;0.019098466389565714
3228.0;0.018470790378006873;0.035650623885918005;0.02352661596958175
3229.5;0.01865038996269922;0.03130908265900325;0.03443877551020408
3231.0;0.01850632726208763;0.03106789479980177;0.02833675564681725
3232.5;0.01850632726208763;0.01597712748065927;0.016618617767065233
3234.0;0.017547197908565945;0.01597712748065927;0.015731292517006803
3235.5;0.01597712748065927;0.03320921042632419;0.025240384615384616
3237.0;0.015001087035292413;0.015809071886378992;0.018197573656845753
3238.5;0.03482458408757866;0.031723651744800845;0.01969053067451237
3240.0;0.023642732049036778;0.01850632726208763;0.01845342706502636
3241.5;0.014945495799148322;0.035774141714325206;0.02352661596958175
3243.0;0.01597712748065927;0.01865038996269922;0.034110097939885176
3244.5;0.016676298192025096;0.035774141714325206;0.019408502772643253
3246.0;0.015769487034319674;0.032256841786066255;0.04195042222827568
3247.5;0.018332165356039182;0.032256841786066255;0.02494777243356168
3249.0;0.018332165356039182;0.032256841786066255;0.037149234693877556
3250.5;0.016568094782873223;0.025573192239858905;0.019089431910505595
3252.0;0.016557768507871926;0.025573192239858905;0.016682008101145788
3253.5;0.03242879502693342;0.025573192239858905;0.018612132352941176
3255.0;0.03242879502693342;0.016863406408094434;0.01741229204378933
3256.5;0.0325497287522604;0.026548672566371685;0.026592455163883737
3258.0;0.03250478011472275;0.03326935380678182;0.027531083481349913
3259.5;0.03966822935448972;0.015188609731168737;0.023274161735700197
3261.0;0.040968342644320296;0.032487730519463805;0.03251266680939128
3262.5;0.01597712748065927;0.023418491484184917;0.025189190783192705
3264.0;0.029516994633273706;0.03564899451553931;0.025618946371064114
3265.5;0.03357531760435572;0.03564899451553931;0.03082919914953933
3267.0;0.03306159420289855;0.02802491103202847;0.029515206854631073
3268.5;0.030245746691871456;0.01597712748065927;0.040968342644320296
3270.0;0.016863406408094434;0.035774141714325206;0.027246992215145083
3271.5;0.03282828282828283;0.01663225731761437;0.017391304347826087
3273.0;0.03316662279547249;0.03637335441877961;0.01950286806883365
3274.5;0.0175513698630137;0.03160480961955194;0.030938123752495012
3276.0;0.025573192239858905;0.02460456942003515;0.03608247422680412
3277.5;0.03669724770642202;0.016745540589734254;0.01741229204378933
3279.0;0.024122807017543862;0.01597712748065927;0.01645021645021645
3280.5;0.03966822935448972;0.025088028169014082;0.01784040701566475
3282.0;0.035774141714325206;0.023833646933950885;0.04013452914798206
3283.5;0.035437678433415665;0.028798772739951035;0.03256301925312615
3285.0;0.03620712313994087;0.031494920174165456;0.018010456796917998
3286.5;0.0182681206624895;0.03900440164392889;0.03919821826280624
3288.0;0.037927713726492604;0.0175513698630137;0.02368836783902885
3289.5;0.015682478532320222;0.028353715314420512;0.03095186626315031
3291.0;0.015280135823429542;0.0257196566567555;0.01808609578598961
3292.5;0.032886334610472544;0.01852132024073414;0.03412017167381975
3294.0;0.015001087035292413;0.03966822935448972;0.041591320072332724
3295.5;0.027531083481349913;0.015280135823429542;0.027531083481349913
3297.0;0.03409090909090909;0.015809071886378992;0.027811860940695293
3298.5;0.023244781783681213;0.017971946230274694;0.03512773722627738
3300.0;0.02393384239278061;0.015188609731168737;0.029816513761467895
3301.5;0.015106013411607612;0.036646406864497674;0.0329298291713616
3303.0;0.029874213836477988;0.03828413284132841;0.024093511450381678
3304.5;0.03466050479914682;0.017754480892796753;0.017094017094017096
3306.0;0.030938123752495012;0.017623877982923447;0.03326226012793177
3307.5;0.01874107841782935;0.023418491484184917;0.02622685130014062
3309.0;0.017574219762933944;0.017094017094017096;0.020171743357096563
3310.5;0.015414729630535846;0.031723651744800845;0.04288233128596617
3312.0;0.03792018942157062;0.016863406408094434;0.026437326562147097
3313.5;0.023418491484184917;0.016863406408094434;0.026755093407727484
3315.0;0.035650623885918005;0.018010291595197254;0.038655160014383315
3316.5;0.02752293577981652;0.022727272727272728;0.026475958612294584
3318.0;0.03617216117216117;0.0325497287522604;0.024664750957854403
3319.5;0.026548672566371685;0.0325497287522604;0.03178530857393515
3321.0;0.015095605501509561;0.0325497287522604;0.0175513698630137
3322.5;0.01850632726208763;0.0325497287522604;0.030245746691871456
3324.0;0.016863406408094434;0.03902213310711807;0.034328834095015415
3325.5;0.01850632726208763;0.03902213310711807;0.016863406408094434
3327.0;0.017373380447585393;0.03902213310711807;0.026475958612294584
3328.5;0.017373380447585393;0.0175513698630137;0.03250478011472275
3330.0;0.0161839863713799;0.0175513698630137;0.0364917322581337
3331.5;0.032697066101095795;0.015871286409530037;0.02724539646749342
3333.0;0.03130908265900325;0.0175513698630137;0.027587890625
3334.5;0.018683274021352312;0.03966822935448972;0.03490270315841106
3336.0;0.025088028169014082;0.030993042378241617;0.01733025239957341
3337.5;0.018010291595197254;0.015280135823429542;0.029310623836880004
3339.0;0.015095605501509561;0.015280135823429542;0.029310623836880004
3340.5;0.01842179442537598;0.015280135823429542;0.01929824561403509
3342.0;0.03265254436585322;0.0175513698630137;0.03240424607362344
3343.5;0.03265254436585322;0.016863406408094434;0.025240384615384616
3345.0;0.03441791502515164;0.015731292517006803;0.018047156089719053
3346.5;0.015731292517006803;0.01597712748065927;0.018813083797617845
3348.0;0.016676298192025096;0.017547197908565945;0.03512773722627738
3349.5;0.016676298192025096;0.03669724770642202;0.0175513698630137
3351.0;0.017754480892796753;0.032256841786066255;0.030318091451292245
3352.5;0.017547197908565945;0.025573192239858905;0.016043635035830027
3354.0;0.017547197908565945;0.01597712748065927;0.025439127801332527
3355.5;0.018010291595197254;0.01597712748065927;0.016081348496769426
3357.0;0.018010291595197254;0.03130908265900325;0.03286005174651642
3358.5;0.015001087035292413;0.0367279087083759;0.029664014146772767
3360.0;0.016863406408094434;0.01660281557997176;0.017615389503562125
3361.5;0.03764790247400502;0.029516994633273706;0.018684322436583762
3363.0;0.016937514305333027;0.02460456942003515;0.017094017094017096
3364.5;0.01845157937014199;0.03966822935448972;0.03326935380678182
3366.0;0.038817005545286505;0.03183910937543675;0.026060070671378093
3367.5;0.036646406864497674;0.033676001417936904;0.018026004728132386
3369.0;0.03722426470588235;0.033676001417936904;0.01702553830746119
3370.5;0.017623877982923447;0.026548672566371685;0.018010291595197254
3372.0;0.014945495799148322;0.017754480892796753;0.0175513698630137
3373.5;0.039473684210526314;0.017754480892796753;0.018197573656845753
3375.0;0.039473684210526314;0.01597712748065927;0.017094017094017096
3376.5;0.018532729644693425;0.033879208022981784;0.017094017094017096
3378.0;0.018624934405591875;0.015724726735506497;0.02703900709219858
3379.5;0.024122807017543862;0.01597712748065927;0.01850632726208763
3381.0;0.015095605501509561;0.015001087035292413;0.025605214152700187
3382.5;0.02495201535508637;0.017094017094017096;0.015302583076023234
3384.0;0.01874107841782935;0.03416622228993677;0.01702553830746119
3385.5;0.017754480892796753;0.017754480892796753;0.025088028169014082
3387.0;0.017754480892796753;0.017547197908565945;0.026060070671378093
3388.5;0.03669724770642202;0.018332165356039182;0.017623877982923447
3390.0;0.03758169934640523;0.0189328743545611;0.014945495799148322
3391.5;0.015731292517006803;0.031003039513677815;0.03219315895372234
3393.0;0.03758169934640523;0.01874976438826494;0.0189328743545611
3394.5;0.03758169934640523;0.016745540589734254;0.01597712748065927
3396.0;0.035504224147150036;0.017547197908565945;0.02703900709219858
3397.5;0.031027742835050626;0.03564899451553931;0.036862003780718335
3399.0;0.03460002553964906;0.024816176470588234;0.017883272962794156
3400.5;0.03728637263559356;0.01917044266294876;0.03690922060687529
3402.0;0.0161839863713799;0.016052757544824884;0.016593743481628447
3403.5;0.032697066101095795;0.026060070671378093;0.0285204991087344
3405.0;0.0161839863713799;0.030993042378241617;0.029397233201581028
3406.5;0.01606832657788072;0.01850632726208763;0.03445525191703979
3408.0;0.035504224147150036;0.025240384615384616;0.03164091243561443
3409.5;0.02911275415896488;0.017083111144968386;0.034328834095015415
3411.0;0.027531083481349913;0.02495201535508637;0.017373380447585393
3412.5;0.03617216117216117;0.02760404051916967;0.024672187715665976
3414.0;0.032697066101095795;0.02587800369685767;0.027531083481349913
3415.5;0.014910112661872163;0.03250478011472275;0.026148673888681355
3417.0;0.017443347491498312;0.02623456790123457;0.01887912456608984
3418.5;0.03902213310711807;0.04013452914798206;0.03359309836609864
3420.0;0.015743018124095107;0.015168071117696084;0.023809523809523808
3421.5;0.03512773722627738;0.015280135823429542;0.018041485106324483
3423.0;0.03320921042632419;0.024857650156125635;0.01675276604420502
3424.5;0.015731292517006803;0.02516881522406384;0.029874213836477988
3426.0;0.016745540589734254;0.02568279495355608;0.022727272727272728
3427.5;0.025088028169014082;0.017822888102077248;0.034586228679722046
3429.0;0.02695167286245353;0.039888682745825604;0.032302332946268345
3430.5;0.0325497287522604;0.023809523809523808;0.024114774114774116
3432.0;0.01865038996269922;0.027699718988358095;0.03416622228993677
3433.5;0.02703900709219858;0.027089313025078044;0.03902213310711807
3435.0;0.035650623885918005;0.017094017094017096;0.03276661638370833
3436.5;0.035650623885918005;0.038041387799061466;0.018026004728132386
3438.0;0.02703900709219858;0.04038004750593824;0.030993042378241617
3439.5;0.018470790378006873;0.04373650107991361;0.018026004728132386
3441.0;0.016638225255972697;0.03389369971765095;0.0189328743545611
3442.5;0.01606832657788072;0.0175513698630137;0.03828413284132841
3444.0;0.0175513698630137;0.025573192239858905;0.016863406408094434
3445.5;0.024816176470588234;0.03758169934640523;0.01865038996269922
3447.0;0.030318091451292245;0.03669724770642202;0.016676298192025096
3448.5;0.03474178403755869;0.03966822935448972;0.023418491484184917
3450.0;0.017373380447585393;0.03130252100840336;0.032697066101095795
3451.5;0.032697066101095795;0.016735914907761343;0.017547197908565945
3453.0;0.03306159420289855;0.040819094114456195;0.0161839863713799
3454.5;0.01749271137026239;0.03357531760435572;0.016863406408094434
3456.0;0.027332170880557977;0.017754480892796753;0.01663225731761437
3457.5;0.03250478011472275;0.029478889311525296;0.0175513698630137
3459.0;0.01775534628830588;0.017094017094017096;0.02623456790123457
3460.5;0.022549019607843137;0.017699115044247787;0.04057719431485299
3462.0;0.015168071117696084;0.038655160014383315;0.01865038996269922
3463.5;0.03632178734374041;0.026592455163883737;0.017699115044247787
3465.0;0.037753222836095765;0.017368069472277887;0.027798718431963815
3466.5;0.016863406408094434;0.029853167842946376;0.017901857742831786
3468.0;0.017754480892796753;0.025570275322555798;0.02752293577981652
3469.5;0.02703900709219858;0.017094017094017096;0.017971946230274694
3471.0;0.02833675564681725;0.019142066420664204;0.01589496047739557
3472.5;0.03815793569271952;0.01741229204378933;0.02516881522406384
3474.0;0.036823406356459594;0.02516881522406384;0.024093511450381678
3475.5;0.01597712748065927;0.017934291168491913;0.01658812264133231
3477.0;0.017373380447585393;0.034088854059919224;0.025240384615384616
3478.5;0.016650623542749578;0.018470790378006873;0.03125
3480.0;0.029504080351537978;0.01606832657788072;0.01845400161997053
3481.5;0.02351778656126482;0.01594765689784196;0.023394808743169397
3483.0;0.029874213836477988;0.03504613167863534;0.028248983597364368
3484.5;0.01612259159428971;0.01942319011183049;0.02019230769230769
3486.0;0.02802491103202847;0.016979552792060267;0.015399445716351367
3487.5;0.01730418943533698;0.01654091700522345;0.018010291595197254
3489.0;0.02475049900199601;0.02568279495355608;0.026548672566371685
3490.5;0.01858759764068229;0.015050831498364467;0.015280135823429542
3492.0;0.019139945314441957;0.014929429479221547;0.027531083481349913
3493.5;0.01783664661861255;0.01865038996269922;0.03061868686868687
3495.0;0.018010291595197254;0.026548672566371685;0.016081348496769426
3496.5;0.03639029592108771;0.014945495799148322;0.024122807017543862
3498.0;0.016638225255972697;0.01597712748065927;0.02623456790123457
3499.5;0.017754480892796753;0.03466050479914682;0.0189328743545611
3501.0;0.016745540589734254;0.018010291595197254;0.018683274021352312
3502.5;0.014945495799148322;0.031190019193857967;0.015517241379310345
3504.0;0.0175513698630137;0.016403046280023436;0.03828413284132841
3505.5;0.0175513698630137;0.017971946230274694;0.03316662279547249
3507.0;0.015871286409530037;0.0153103221203973;0.02587800369685767
3508.5;0.014945495799148322;0.017768879853890487;0.02584670231729055
3510.0;0.01488644788002137;0.018427219348938907;0.0318292283648342
3511.5;0.033494196742055664;0.01865038996269922;0.028076718167288225
3513.0;0.027531083481349913;0.016403046280023436;0.015280135823429542
3514.5;0.0170487948265726;0.016403046280023436;0.03117140731819631
3516.0;0.0161839863713799;0.015871286409530037;0.027032520325203254
3517.5;0.01850632726208763;0.03764790247400502;0.024816176470588234
3519.0;0.01865038996269922;0.017373380447585393;0.016081348496769426
3520.5;0.01865038996269922;0.01597712748065927;0.018612132352941176
3522.0;0.027531083481349913;0.01597712748065927;0.03687184061849539
3523.5;0.032697066101095795;0.015871286409530037;0.01581441031817882
3525.0;0.01663225731761437;0.01834862385321101;0.031723651744800845
3526.5;0.03825578292372061;0.025357139236142794;0.019192913385826772
3528.0;0.033676001417936904;0.0336838885409232;0.022964015151515152
3529.5;0.016863406408094434;0.0196525928743502;0.04154589371980676
3531.0;0.033676001417936904;0.018026004728132386;0.029478889311525296
3532.5;0.031723651744800845;0.031163260156447138;0.0354589081363394
3534.0;0.036646406864497674;0.015414729630535846;0.04195042222827568
3535.5;0.03460837887067396;0.018010291595197254;0.017620235846214374
3537.0;0.016863406408094434;0.014945495799148322;0.035751028806584366
3538.5;0.01850632726208763;0.018026004728132386;0.035751028806584366
3540.0;0.014945495799148322;0.01702553830746119;0.03639029592108771
3541.5;0.015769487034319674;0.018010291595197254;0.032886334610472544
3543.0;0.01850632726208763;0.038041387799061466;0.03416622228993677
3544.5;0.0175513698630137;0.01663225731761437;0.03466050479914682
3546.0;0.0161839863713799;0.039888682745825604;0.02460456942003515
3547.5;0.017754480892796753;0.03764790247400502;0.03331214913674399
3549.0;0.014945495799148322;0.037753222836095765;0.039603960396039604
3550.5;0.0161839863713799;0.037753222836095765;0.024276859504132234
3552.0;0.03902213310711807;0.025522755227552277;0.018792559974975337
3553.5;0.017547197908565945;0.01702553830746119;0.02752293577981652
3555.0;0.01663225731761437;0.015280135823429542;0.02679728933411903
3556.5;0.01663225731761437;0.032256841786066255;0.027864650319740142
3558.0;0.037312715311890364;0.016745540589734254;0.03767313019390582
3559.5;0.03534512971343672;0.03564899451553931;0.03534333231302928
3561.0;0.01485852872552252;0.04170616113744076;0.015095605501509561
3562.5;0.01485852872552252;0.018652481139938736;0.01702553830746119
3564.0;0.02802491103202847;0.03902732144171494;0.028186274509803922
3565.5;0.02695167286245353;0.014886659537158176;0.03316662279547249
3567.0;0.02695167286245353;0.038817005545286505;0.0363872644574399
3568.5;0.02695167286245353;0.036646406864497674;0.016863406408094434
3570.0;0.03331214913674399;0.03617216117216117;0.017094017094017096
3571.5;0.034522108226862615;0.03669724770642202;0.025573192239858905
3573.0;0.01848360454802751;0.01865038996269922;0.018010291595197254
3574.5;0.03250478011472275;0.03858520900321543;0.0189328743545611
3576.0;0.03357531760435572;0.036646406864497674;0.042820886656946916
3577.5;0.03357531760435572;0.03212468193384224;0.02268431001890359
3579.0;0.03609431217943811;0.032886334610472544;0.026548672566371685
3580.5;0.035774141714325206;0.03250478011472275;0.02833675564681725
3582.0;0.02460456942003515;0.03764790247400502;0.04193580344759263
3583.5;0.026060070671378093;0.01842179442537598;0.02392640779737554
3585.0;0.01597712748065927;0.015769487034319674;0.023762376237623763
3586.5;0.03609431217943811;0.03250478011472275;0.033896820323413124
3588.0;0.03609431217943811;0.0161839863713799;0.019007390264161123
3589.5;0.03293798595973293;0.03669724770642202;0.033445440956651716
3591.0;0.03825578292372061;0.03136882129277567;0.03982067510548524
3592.5;0.018289844042285466;0.015731292517006803;0.023809523809523808
3594.0;0.03708596418846531;0.01999107541276216;0.025406951165860097
3595.5;0.031520049278972326;0.04278252611585945;0.016085057734422405
3597.0;0.016540721828503288;0.028770882091840855;0.028073770491803277
3598.5;0.025088028169014082;0.03611601747699173;0.04369918699186992
