#auto generated file!
6.0;0.02335559323206809;0.02335559323206809;0.02335559323206809
7.5;0.02335559323206809;0.02335559323206809;0.02335559323206809
9.0;0.02335559323206809;0.02335559323206809;0.02335559323206809
10.5;0.02335559323206809;0.03602058319039451;0.02335559323206809
12.0;0.02335559323206809;0.014827018121911038;0.02335559323206809
13.5;0.0173841059602649;0.01567656765676568;0.031462585034013606
15.0;0.017094017094017096;0.02623456790123457;0.01824212271973466
16.5;0.02587800369685767;0.03306159420289855;0.0323679727427598
18.0;0.019013666072489603;0.032886334610472544;0.0340398201669878
19.5;0.026548672566371685;0.0170487948265726;0.024816176470588234
21.0;0.023031496062992124;0.03250478011472275;0.03669724770642202
22.5;0.027531083481349913;0.037760416666666664;0.02878937007874016
24.0;0.017094017094017096;0.025522755227552277;0.01652892561983471
25.5;0.025522755227552277;0.025088028169014082;0.01567656765676568
27.0;0.015731292517006803;0.030245746691871456;0.028865979381443297
28.5;0.024114774114774116;0.0161839863713799;0.03798297314996725
30.0;0.01824212271973466;0.027587890625;0.03835669781931465
31.5;0.02238354506957048;0.0173841059602649;0.0378657487091222
33.0;0.0230722525804493;0.03511762700306853;0.0170487948265726
34.5;0.01567656765676568;0.03326935380678182;0.026548672566371685
36.0;0.018683274021352312;0.023244781783681213;0.030627490039840638
37.5;0.0285204991087344;0.014827018121911038;0.015280135823429542
39.0;0.015731292517006803;0.023244781783681213;0.02703900709219858
40.5;0.017373380447585393;0.026060070671378093;0.024114774114774116
42.0;0.024122807017543862;0.02238354506957048;0.025240384615384616
43.5;0.027531083481349913;0.02878937007874016;0.03564899451553931
45.0;0.027557808045612926;0.02508408071748879;0.02460456942003515
46.5;0.028401997503121095;0.017699115044247787;0.02703900709219858
48.0;0.025522755227552277;0.023765996343692867;0.023765996343692867
49.5;0.018010291595197254;0.018086080586080584;0.029937629937629936
51.0;0.02352661596958175;0.02516881522406384;0.02587800369685767
52.5;0.019274809160305342;0.02268431001890359;0.029937629937629936
54.0;0.02587800369685767;0.03326226012793177;0.02703900709219858
55.5;0.03282828282828283;0.027531083481349913;0.02833675564681725
57.0;0.016638225255972697;0.026060070671378093;0.018026004728132386
58.5;0.017045454545454544;0.03695150115473441;0.030009920634920632
60.0;0.03383297644539615;0.03676148796498906;0.025522755227552277
61.5;0.016638225255972697;0.023418491484184917;0.030627490039840638
63.0;0.03640441683919944;0.030263586072242114;0.03314777327935223
64.5;0.030245746691871456;0.024723374827109266;0.03250478011472275
66.0;0.02860082304526749;0.024501992031872512;0.02516881522406384
67.5;0.030938123752495012;0.018354055654233276;0.02860082304526749
69.0;0.04013452914798206;0.023765996343692867;0.018010291595197254
70.5;0.024378585086042064;0.02939958592132505;0.026548672566371685
72.0;0.023765996343692867;0.024276859504132234;0.02878937007874016
73.5;0.031027253668763105;0.023809523809523808;0.03835669781931465
75.0;0.03297872340425532;0.022789783889980354;0.03828413284132841
76.5;0.018595825426944972;0.017045454545454544;0.02238354506957048
78.0;0.0323679727427598;0.024166411746711535;0.03136882129277567
79.5;0.018354055654233276;0.024499654934437544;0.04197877652933833
81.0;0.03212468193384224;0.025173611111111115;0.029702970297029705
82.5;0.026774847870182555;0.027886497064579255;0.036165577342047936
84.0;0.02400793650793651;0.026060070671378093;0.03612385321100917
85.5;0.01950286806883365;0.026592455163883737;0.03357531760435572
87.0;0.01567656765676568;0.029874213836477988;0.03418803418803419
88.5;0.0161839863713799;0.0392156862745098;0.025573192239858905
90.0;0.0175513698630137;0.024723374827109266;0.025088028169014082
91.5;0.024501992031872512;0.03125;0.028767979987492184
93.0;0.030245746691871456;0.025173611111111115;0.03722993827160494
94.5;0.01824212271973466;0.029891304347826088;0.05502476999292288
96.0;0.03164091243561443;0.024378585086042064;0.01567656765676568
97.5;0.027531083481349913;0.03326226012793177;0.03297872340425532
99.0;0.03528138528138528;0.027012711864406777;0.030627490039840638
100.5;0.025173611111111115;0.024501992031872512;0.044526901669758805
102.0;0.01608187134502924;0.023834019204389576;0.027246992215145083
103.5;0.014827018121911038;0.044226498889711335;0.018147448015122872
105.0;0.04138962765957446;0.030318091451292245;0.02516881522406384
106.5;0.023418491484184917;0.023244781783681213;0.01672535211267606
108.0;0.02891522988505747;0.0175513698630137;0.014827018121911038
109.5;0.03617216117216117;0.03718199608610568;0.024122807017543862
111.0;0.02587800369685767;0.02268431001890359;0.035869565217391305
112.5;0.024114774114774116;0.017094017094017096;0.026592455163883737
114.0;0.025088028169014082;0.02516881522406384;0.022405660377358493
115.5;0.01567656765676568;0.018354055654233276;0.034611469290804206
117.0;0.018470790378006873;0.0378657487091222;0.026774847870182555
118.5;0.030560271646859084;0.03512773722627738;0.020006613756613757
120.0;0.02703900709219858;0.02909270216962525;0.03240740740740741
121.5;0.018470790378006873;0.03318419090231171;0.034670398009950254
123.0;0.0351027397260274;0.03370465581262496;0.032924107142857144
124.5;0.026060070671378093;0.030009920634920632;0.03250478011472275
126.0;0.03512773722627738;0.02475049900199601;0.030938123752495012
127.5;0.01824212271973466;0.03326935380678182;0.03250478011472275
129.0;0.018612132352941176;0.027482269503546097;0.03266518188567186
130.5;0.023809523809523808;0.01834862385321101;0.03383297644539615
132.0;0.0170487948265726;0.01904761904761905;0.03476946334089191
133.5;0.0351027397260274;0.029874213836477988;0.018612132352941176
135.0;0.024054982817869414;0.01834862385321101;0.03318419090231171
136.5;0.022727272727272728;0.02712078208766951;0.05279605263157896
138.0;0.01824212271973466;0.02352661596958175;0.02799872733057588
139.5;0.0323679727427598;0.02860082304526749;0.0220703125
141.0;0.03357531760435572;0.022549019607843137;0.03515625
142.5;0.01652892561983471;0.03753501400560224;0.03297872340425532
144.0;0.01824212271973466;0.019395134779750165;0.05629251700680272
145.5;0.01652892561983471;0.017373380447585393;0.02939958592132505
147.0;0.02516881522406384;0.024093511450381678;0.055286911669890394
148.5;0.0323679727427598;0.019731800766283527;0.03038573508005822
150.0;0.0378657487091222;0.03528138528138528;0.04208416833667335
151.5;0.023765996343692867;0.028186274509803922;0.06585081585081586
153.0;0.0323679727427598;0.024093511450381678;0.029891304347826088
154.5;0.036941580756013746;0.023762376237623763;0.039313904068002434
156.0;0.02802491103202847;0.03843669250645995;0.030627490039840638
157.5;0.017094017094017096;0.015731292517006803;0.030993042378241617
159.0;0.028767979987492184;0.027886497064579255;0.039821029082774045
160.5;0.0189328743545611;0.02866752081998719;0.02495201535508637
162.0;0.02460456942003515;0.023809523809523808;0.035885989010989015
163.5;0.0161839863713799;0.02460456942003515;0.033861185983827494
165.0;0.016638225255972697;0.017699115044247787;0.03250478011472275
166.5;0.028073770491803277;0.018612132352941176;0.04186698717948718
168.0;0.024501992031872512;0.02802491103202847;0.03982067510548524
169.5;0.02516881522406384;0.030245746691871456;0.0403179190751445
171.0;0.02516881522406384;0.027482269503546097;0.050214091086025675
172.5;0.02802491103202847;0.02703900709219858;0.0538779402415766
174.0;0.015731292517006803;0.015731292517006803;0.024114774114774116
175.5;0.01652892561983471;0.03412017167381975;0.036165577342047936
177.0;0.023762376237623763;0.017699115044247787;0.04218289085545723
178.5;0.027531083481349913;0.029397233201581028;0.025173611111111115
180.0;0.02516881522406384;0.029516994633273706;0.030137981118373278
181.5;0.024254473161033796;0.023031496062992124;0.05128205128205128
183.0;0.025226290137150446;0.032135306553911204;0.04059055936785194
184.5;0.01730418943533698;0.024464831804281346;0.027482269503546097
186.0;0.015139193690331638;0.028225806451612902;0.018016244154565594
187.5;0.03466050479914682;0.0446204122674711;0.032924107142857144
189.0;0.02352661596958175;0.018916591234653612;0.03442928039702233
190.5;0.03603764501250174;0.01811149294640652;0.032843833885993996
192.0;0.03359920344889679;0.04364809782608696;0.020625415834996677
193.5;0.01886572605391963;0.04208416833667335;0.03391516127489278
195.0;0.024574669187145556;0.028536485935589072;0.027482269503546097
196.5;0.026076091373555575;0.033366867873910126;0.037149234693877556
198.0;0.01606832657788072;0.038986354775828465;0.02656704575509124
199.5;0.03530661003451022;0.033205619412515965;0.053006952906601686
201.0;0.024816176470588234;0.01819154628143392;0.02599255247993857
202.5;0.040091455309193384;0.017387071342021578;0.04985626420644471
204.0;0.026212181725579573;0.030894498987065602;0.03992395437262357
205.5;0.03481624758220503;0.0318159137676136;0.04600694444444444
207.0;0.01850632726208763;0.035751028806584366;0.03322901950966542
208.5;0.0161839863713799;0.028767523364485983;0.027250706499798143
210.0;0.03742802303262956;0.040503312276565485;0.056814095649047124
211.5;0.037422037422037424;0.028740413023878763;0.021852520679953042
213.0;0.025636129616271337;0.026407273699692473;0.03262041696621135
214.5;0.024464831804281346;0.01925569586423465;0.03983516483516483
216.0;0.02460456942003515;0.029937629937629936;0.019017854427107097
217.5;0.032000890578704894;0.029473805323310575;0.025156290143016187
219.0;0.022727272727272728;0.018166310589747818;0.025162230168189643
220.5;0.015095605501509561;0.0485781990521327;0.028314546430488457
222.0;0.024664750957854403;0.026204868272940808;0.02553412385404968
223.5;0.03297682709447416;0.02860082304526749;0.0593094944512947
225.0;0.025863077823288467;0.02538726916052222;0.056487924682767095
226.5;0.018026004728132386;0.0381060679376754;0.044723755024184214
228.0;0.0161839863713799;0.030013380578338324;0.04983866646475707
229.5;0.017699115044247787;0.03557483731019522;0.025152855115187247
231.0;0.01784040701566475;0.02396214896214896;0.03975903614457832
232.5;0.026060070671378093;0.032880462333975465;0.027718550106609806
234.0;0.018354055654233276;0.02949438202247191;0.03229715809246803
235.5;0.02860082304526749;0.043374789508904575;0.02860082304526749
237.0;0.019071369196057474;0.02402189733452089;0.02891522988505747
238.5;0.0188212927756654;0.019944341372912802;0.029986140859266725
240.0;0.026507713884992984;0.03446601941747573;0.04143389199255121
241.5;0.04444444444444445;0.039189121709766614;0.03082919914953933
243.0;0.0350922131147541;0.02520098948670377;0.030495759947814744
244.5;0.024254473161033796;0.03307621522139223;0.028884026258205686
246.0;0.018014359856939253;0.03742802303262956;0.02799872733057588
247.5;0.039888682745825604;0.026273611906124785;0.025214834916327453
249.0;0.026173020527859234;0.024574581285732547;0.04498480243161095
250.5;0.04495073891625616;0.024254473161033796;0.1020723104056437
252.0;0.01627326307232239;0.03533254156769596;0.04074876684622211
253.5;0.02238354506957048;0.02934537246049661;0.02592507994518045
255.0;0.01850632726208763;0.03386061034523388;0.03370465581262496
256.5;0.024114774114774116;0.029891304347826088;0.025952008346374546
258.0;0.016863406408094434;0.024964609165799664;0.032236842105263154
259.5;0.01654091700522345;0.023184907577971158;0.032165568930274814
261.0;0.029746281714785654;0.03208232445520581;0.026218308790040994
262.5;0.030042722466334493;0.029163399192854274;0.04479768786127168
264.0;0.0285204991087344;0.044226498889711335;0.02663270032422418
265.5;0.016638225255972697;0.040086887835703;0.04411068044788974
267.0;0.017391304347826087;0.024388170983755387;0.031672245651272884
268.5;0.03669724770642202;0.01841542820219693;0.02337190251894327
270.0;0.027886497064579255;0.028132992327365727;0.03843669250645995
271.5;0.03603764501250174;0.018086080586080584;0.030958549222797924
273.0;0.028767979987492184;0.03548139624088992;0.03689064558629775
274.5;0.01654091700522345;0.02525050100200401;0.030309680829990148
276.0;0.015069294547215105;0.03584905660377359;0.051153238332151185
277.5;0.033676001417936904;0.018010291595197254;0.030612229079968148
279.0;0.018010291595197254;0.01654091700522345;0.03426919900908341
280.5;0.03466050479914682;0.030009920634920632;0.02453037247433994
282.0;0.03564899451553931;0.03498920086393088;0.04150949639335583
283.5;0.03564899451553931;0.05072463768115942;0.02574261712999048
285.0;0.032697066101095795;0.025631820792647902;0.0396626715995776
286.5;0.029874213836477988;0.033366867873910126;0.035302954431647465
288.0;0.029874213836477988;0.017251025736665426;0.03632092518973618
289.5;0.03416622228993677;0.026779422128259334;0.029411764705882353
291.0;0.03416622228993677;0.05126647211709453;0.03571428571428572
292.5;0.018332165356039182;0.025441620521092546;0.03985803985803986
294.0;0.014870091759449306;0.04087605974969721;0.037331248024894875
295.5;0.032478764464558434;0.03557838660578387;0.045224124855306747
297.0;0.018470790378006873;0.023244781783681213;0.08499999999999999
298.5;0.019013666072489603;0.036927877947295414;0.038028169014084505
300.0;0.023244781783681213;0.03436018957345971;0.04940875289528221
301.5;0.016838000708968452;0.02740409091226088;0.03265537838771783
303.0;0.018052243358660087;0.0230722525804493;0.02580401059402194
304.5;0.018052243358660087;0.017094017094017096;0.050353356890459354
306.0;0.018503600886795833;0.04108352144469526;0.030913978494623653
307.5;0.018470790378006873;0.024464831804281346;0.03424443382098054
309.0;0.017094017094017096;0.0279090113735783;0.07988313856427376
310.5;0.016863406408094434;0.0433355219960604;0.05808839246213421
312.0;0.01645021645021645;0.02351778656126482;0.0383729388942774
313.5;0.015280135823429542;0.01648275383440905;0.04116309291747888
315.0;0.017699115044247787;0.0170487948265726;0.05337591240875913
316.5;0.017825311942959002;0.026998169615619284;0.031090332038199338
318.0;0.016462080801300592;0.01942319011183049;0.02533107483831229
319.5;0.015296864598926143;0.017771545130035694;0.03850451224752901
321.0;0.01574452835686896;0.024501992031872512;0.03086307494127453
322.5;0.015983643142131795;0.027811860940695293;0.03390045708481463
324.0;0.0175513698630137;0.01934304002250826;0.03363580767260046
325.5;0.0175513698630137;0.028984454746083424;0.0474550325296594
327.0;0.016335052812576762;0.023274161735700197;0.05514250309789343
328.5;0.016917819729987117;0.023274161735700197;0.04013278565708234
330.0;0.018143754361479414;0.0363052314147109;0.034912718204488775
331.5;0.02522897266199656;0.0170487948265726;0.028162687492616436
333.0;0.01778750122150477;0.01775534628830588;0.04633699633699634
334.5;0.01597712748065927;0.027811860940695293;0.0389375706670974
336.0;0.01850632726208763;0.01786160663560959;0.04525801287578901
337.5;0.039754363283775046;0.018960244648318046;0.0403621853898097
339.0;0.03357531760435572;0.017824497257769654;0.07989130434782607
340.5;0.01850632726208763;0.039810690423162584;0.027349789471339144
342.0;0.01850632726208763;0.023244781783681213;0.039285714285714285
343.5;0.02802491103202847;0.0274706303423302;0.04429133256169237
345.0;0.032000890578704894;0.027847973984534324;0.051861702127659566
346.5;0.025529865125240848;0.04411161263848995;0.029573367808661925
348.0;0.015414729630535846;0.030868167202572346;0.029314720812182744
349.5;0.015154962909024714;0.03984674329501916;0.019186046511627905
351.0;0.03924126754390435;0.018969902126199548;0.035665859211895044
352.5;0.03924126754390435;0.02909270216962525;0.026429378526696468
354.0;0.029504080351537978;0.01766318140290326;0.06844224218024156
355.5;0.03460837887067396;0.01983411467724486;0.026523858215141652
357.0;0.03764790247400502;0.018354055654233276;0.03525309917355371
358.5;0.027531083481349913;0.02848722986247544;0.057641921397379906
360.0;0.024114774114774116;0.01810895810084204;0.03590741461425845
361.5;0.024114774114774116;0.024816176470588234;0.04588086185044359
363.0;0.015095605501509561;0.019082371238858645;0.02963443651308674
364.5;0.02703900709219858;0.024464831804281346;0.08134816753926698
366.0;0.017754480892796753;0.0441017316017316;0.03417266187050359
367.5;0.02802491103202847;0.026616509333522605;0.026689063083240018
369.0;0.03466050479914682;0.017373380447585393;0.030647914803674497
370.5;0.023642732049036778;0.020949280688858554;0.027250706499798143
372.0;0.032256841786066255;0.027230242996451264;0.043606779903195274
373.5;0.032256841786066255;0.022868251756444354;0.05489045849847893
375.0;0.019142066420664204;0.03947097358648449;0.037974792966926574
376.5;0.01882395123700251;0.02784833653429156;0.03302154195011338
378.0;0.030245746691871456;0.030343754420710144;0.019492203118752497
379.5;0.017094017094017096;0.024464831804281346;0.05093194625054182
381.0;0.02703900709219858;0.035650623885918005;0.039191640479292814
382.5;0.01865038996269922;0.034298440979955463;0.05965463108320251
384.0;0.024122807017543862;0.02549833418036027;0.05730922463990194
385.5;0.01597712748065927;0.015370218739033806;0.059076484525847114
387.0;0.03706545928938685;0.023765996343692867;0.059408097081412814
388.5;0.032000890578704894;0.0188212927756654;0.028700258560887936
390.0;0.01836806645203033;0.03831705484598046;0.043580992386453146
391.5;0.016863406408094434;0.04087605974969721;0.0665176333624735
393.0;0.016863406408094434;0.024114774114774116;0.05807322929171669
394.5;0.02460456942003515;0.01810699588477366;0.05257560505930237
396.0;0.03416622228993677;0.01929282065071256;0.03879830917874396
397.5;0.024122807017543862;0.024166411746711535;0.037279537544977294
399.0;0.03326935380678182;0.028569650192954064;0.04743587624776889
400.5;0.027531083481349913;0.031199167490811402;0.05135501355013549
402.0;0.017754480892796753;0.02970469021424435;0.049559136515658256
403.5;0.017754480892796753;0.02587800369685767;0.05373461458342768
405.0;0.03466050479914682;0.03365384615384615;0.04302477183833116
406.5;0.033676001417936904;0.025937403160830493;0.022740400693156596
408.0;0.017623877982923447;0.02268431001890359;0.04315960912052117
409.5;0.017547197908565945;0.033547008547008546;0.036337478103757696
411.0;0.03825578292372061;0.029478889311525296;0.04085281980742778
412.5;0.03669724770642202;0.024378585086042064;0.027024291497975708
414.0;0.03669724770642202;0.024464831804281346;0.05198042514145895
415.5;0.017754480892796753;0.036665513663092356;0.05709342560553634
417.0;0.01850632726208763;0.018141311266709103;0.034984173813461736
418.5;0.025088028169014082;0.01826190408747132;0.03585164835164835
420.0;0.016745540589734254;0.03193462385533789;0.040185606723866216
421.5;0.03061868686868687;0.038817005545286505;0.042208100471779954
423.0;0.031723651744800845;0.03153858193770543;0.04830483048304831
424.5;0.02703900709219858;0.025832555244319953;0.03302360622802612
426.0;0.03423209093312186;0.017830478700043915;0.03728113973770055
427.5;0.03336778829267314;0.018612132352941176;0.03309827115559599
429.0;0.037810773869437264;0.02495201535508637;0.04743178170144461
430.5;0.024254473161033796;0.028264541327984796;0.04698707750704737
432.0;0.02597132725816906;0.03742165865034251;0.034571062740076826
433.5;0.026475958612294584;0.018086080586080584;0.03095095693779904
435.0;0.017754480892796753;0.0398891657678432;0.040911941915496165
436.5;0.016838000708968452;0.03187751004016064;0.043580992386453146
438.0;0.03754010106155943;0.02525050100200401;0.060102899906454614
439.5;0.025351205447518555;0.015054442165062335;0.07058189655172413
441.0;0.03136882129277567;0.028073770491803277;0.025554173898776372
442.5;0.019675925925925927;0.0189328743545611;0.03860814010529528
444.0;0.04037590543973993;0.030938123752495012;0.042484409967240205
445.5;0.030318091451292245;0.02684356680037026;0.05020391751392959
447.0;0.03423209093312186;0.03583066649131267;0.026621322366339763
448.5;0.03250478011472275;0.029874213836477988;0.037152171609925524
450.0;0.024464831804281346;0.015095605501509561;0.020917187455970612
451.5;0.026475958612294584;0.01576182136602452;0.04458064385710932
453.0;0.03572354435630217;0.032256841786066255;0.04442970822281167
454.5;0.032873432680059544;0.018354055654233276;0.02674985009205552
456.0;0.0153103221203973;0.017094017094017096;0.03225939694341181
457.5;0.02400793650793651;0.018026004728132386;0.04332247557003257
459.0;0.017302798982188294;0.024816176470588234;0.033943466172381836
460.5;0.017094017094017096;0.03764790247400502;0.04262671698929546
462.0;0.032886334610472544;0.01836806645203033;0.03146206330819172
463.5;0.018612132352941176;0.016745540589734254;0.05946445060018467
465.0;0.0293705204113431;0.017094017094017096;0.03571473298633352
466.5;0.0318292283648342;0.01597712748065927;0.04199956341410172
468.0;0.03617216117216117;0.016745540589734254;0.045750782064650684
469.5;0.02238354506957048;0.016863406408094434;0.025432452195988445
471.0;0.015154962909024714;0.018354055654233276;0.036402134124458696
472.5;0.016700702455922763;0.01733025239957341;0.06334005376344086
474.0;0.016638225255972697;0.017824497257769654;0.033950617283950615
475.5;0.028580208973570994;0.018052243358660087;0.06666666666666667
477.0;0.016308462709056427;0.01749271137026239;0.059032103497843796
478.5;0.018010291595197254;0.02587800369685767;0.030387729798404997
480.0;0.025522755227552277;0.0189328743545611;0.049559136515658256
481.5;0.036646406864497674;0.017971946230274694;0.022296960637767812
483.0;0.01733025239957341;0.0175513698630137;0.05067904933093669
484.5;0.017410714285714286;0.01597712748065927;0.048892405063291136
486.0;0.01600243118867761;0.0161839863713799;0.030437748256021625
487.5;0.033918667114685566;0.015001087035292413;0.029573367808661925
489.0;0.03130908265900325;0.03742080962095995;0.07589285714285716
490.5;0.03688799463447351;0.035650623885918005;0.02518758760959789
492.0;0.03662139015247957;0.03919821826280624;0.02473118279569892
493.5;0.031723651744800845;0.015399445716351367;0.033950617283950615
495.0;0.019179429534916397;0.018550316138650408;0.02009132420091324
496.5;0.01537736404878336;0.01834061135371179;0.02429343846945425
498.0;0.01496006376714652;0.025522755227552277;0.03803533992213238
499.5;0.02867383512544803;0.017971946230274694;0.0344773233414984
501.0;0.024114774114774116;0.016081348496769426;0.03704735376044569
502.5;0.03416622228993677;0.01597712748065927;0.02012814052264056
504.0;0.03841245791927793;0.02703900709219858;0.03418935643564356
505.5;0.03841245791927793;0.03268701306308945;0.018741633199464522
507.0;0.019013666072489603;0.015106013411607612;0.04053638669023284
508.5;0.01822145094387539;0.015095605501509561;0.031198686371100164
510.0;0.03004578405188859;0.017699115044247787;0.025937358831501278
511.5;0.02352661596958175;0.024464831804281346;0.030154237190225874
513.0;0.024122807017543862;0.03466050479914682;0.029893384933117145
514.5;0.01756386861313869;0.02802491103202847;0.03903133903133903
516.0;0.01842800035618964;0.015095605501509561;0.03300733496332518
517.5;0.025522755227552277;0.026548672566371685;0.036652653704676824
519.0;0.026699029126213594;0.03722426470588235;0.02508408071748879
520.5;0.028366159923173095;0.027531083481349913;0.04920634920634921
522.0;0.025088028169014082;0.01597712748065927;0.04307432432432432
523.5;0.015414729630535846;0.023418491484184917;0.02883484142546187
525.0;0.030938123752495012;0.01865038996269922;0.03888888888888889
526.5;0.01608187134502924;0.023642732049036778;0.033697224779692225
528.0;0.02516881522406384;0.03966822935448972;0.03901110412738319
529.5;0.017699115044247787;0.03768591312195207;0.04049609548506479
531.0;0.0175513698630137;0.014910112661872163;0.025266182186919044
532.5;0.015871286409530037;0.015731292517006803;0.03318419090231171
534.0;0.042157659488013005;0.025439127801332527;0.04277244494635799
535.5;0.03471542352844918;0.03564899451553931;0.032012006052638105
537.0;0.039888682745825604;0.016745540589734254;0.029846335697399525
538.5;0.01726263871763255;0.018470790378006873;0.025832555244319953
540.0;0.017460979111666896;0.02587800369685767;0.026449173543162254
541.5;0.02516881522406384;0.028767979987492184;0.030461650938465434
543.0;0.026548672566371685;0.03630494704772959;0.02000645369474024
544.5;0.04024144869215292;0.03638365090848527;0.017992874109263656
546.0;0.02833675564681725;0.02703900709219858;0.024054982817869414
547.5;0.024833590828363918;0.023418491484184917;0.02870339821840977
549.0;0.015414729630535846;0.016863406408094434;0.03142983621071271
550.5;0.023809523809523808;0.032256841786066255;0.01897683840154617
552.0;0.018716969225741748;0.03722426470588235;0.017899568034557237
553.5;0.017094017094017096;0.018010291595197254;0.01654091700522345
555.0;0.016403046280023436;0.015001087035292413;0.02913403961308153
556.5;0.02317655078391275;0.01842179442537598;0.016645807259073844
558.0;0.037483266398929044;0.01842179442537598;0.019050942079553383
559.5;0.024203298031819725;0.017754480892796753;0.020240539747726608
561.0;0.02866752081998719;0.015731292517006803;0.044716529145594895
562.5;0.017899568034557237;0.017699115044247787;0.03418106875795036
564.0;0.018429899149693493;0.024093511450381678;0.05124835742444153
565.5;0.03890028029523098;0.015139193690331638;0.03674714172756083
567.0;0.03282828282828283;0.01606832657788072;0.02396214896214896
568.5;0.019179429534916397;0.016638225255972697;0.028343023255813952
570.0;0.030245746691871456;0.015001087035292413;0.024276859504132234
571.5;0.020656370656370653;0.016638225255972697;0.02663975782038345
573.0;0.01834862385321101;0.04013452914798206;0.02828714677063258
574.5;0.02891543420553659;0.03913393432066967;0.029920316806894644
576.0;0.018010456796917998;0.02721054941488439;0.020362232272378187
577.5;0.029074889867841413;0.04024144869215292;0.024499654934437544
579.0;0.027551980833404637;0.0377347693223307;0.036835660053881954
580.5;0.0325497287522604;0.02703900709219858;0.02427313094995658
582.0;0.018197573656845753;0.017754480892796753;0.021575984990619135
583.5;0.03474178403755869;0.018086080586080584;0.04094975911906401
585.0;0.01866458752950859;0.03530661003451022;0.02414486921529175
586.5;0.01733025239957341;0.03326935380678182;0.052124183006535936
588.0;0.023031496062992124;0.01597712748065927;0.041432659414063135
589.5;0.047311827956989246;0.015414729630535846;0.03571324141041843
591.0;0.02620145817064538;0.038441422594142266;0.017175332855100266
592.5;0.017754480892796753;0.016335052812576762;0.0190410558409556
594.0;0.029647930821494754;0.04038461538461538;0.025606189263138037
595.5;0.037483266398929044;0.02802491103202847;0.0188212927756654
597.0;0.017645059094131093;0.037760416666666664;0.030137981118373278
598.5;0.03696682464454976;0.029132231404958676;0.02844359220198146
600.0;0.0230722525804493;0.036282622533418206;0.03452691167220775
601.5;0.024378585086042064;0.047058823529411764;0.033713054187192115
603.0;0.023274161735700197;0.03423209093312186;0.02668759811616954
604.5;0.02317655078391275;0.02669539153240914;0.029411764705882353
606.0;0.018487434139972954;0.03316662279547249;0.02582939690212018
607.5;0.02835538752362949;0.03759447273670895;0.026096333572969088
609.0;0.036707804682866475;0.02656598869449235;0.03208232445520581
610.5;0.024464831804281346;0.023765996343692867;0.024166411746711535
612.0;0.0419946532006535;0.01865038996269922;0.03896103896103897
613.5;0.022727272727272728;0.01862097440132122;0.04038630377524144
615.0;0.026886792452830186;0.03913331128018524;0.03436018957345971
616.5;0.019801980198019802;0.028726322404317082;0.02866752081998719
618.0;0.022405660377358493;0.017094017094017096;0.03451919690031701
619.5;0.02268431001890359;0.03864818325709216;0.018026004728132386
621.0;0.029702970297029705;0.036165577342047936;0.028995539147823407
622.5;0.038100208768267224;0.018014359856939253;0.02906838689251227
624.0;0.02682763246143528;0.017824497257769654;0.03992635139191866
625.5;0.031673793524740375;0.017083111144968386;0.031027253668763105
627.0;0.03515625;0.024664750957854403;0.018147448015122872
628.5;0.0181379265348731;0.028073770491803277;0.018426930440331845
630.0;0.027348211725103037;0.016335052812576762;0.038315364534036535
631.5;0.03287716955941255;0.02352661596958175;0.01904761904761905
633.0;0.03412017167381975;0.019521001722538754;0.029339853300733493
634.5;0.026910928616550856;0.018086080586080584;0.034375579884950824
636.0;0.0386416861826698;0.030627490039840638;0.019395134779750165
637.5;0.015465655965439157;0.017391304347826087;0.03386988598256204
639.0;0.01834061135371179;0.018185821224130337;0.018197573656845753
640.5;0.01591511423210106;0.024844529568939018;0.028870924757928396
642.0;0.017094017094017096;0.030137981118373278;0.03869818652849741
643.5;0.026457750968564567;0.02611218568665377;0.0185263104283831
645.0;0.01645021645021645;0.02857142857142857;0.03422139486517737
646.5;0.04024144869215292;0.0161839863713799;0.028865979381443297
648.0;0.02724539646749342;0.015225395561747438;0.029397233201581028
649.5;0.025322619917214514;0.01834862385321101;0.018991964937910884
651.0;0.015414729630535846;0.030009052504526255;0.01767622907113149
652.5;0.025322619917214514;0.02433626422679219;0.027482269503546097
654.0;0.03312144529943125;0.022405660377358493;0.028433476394849784
655.5;0.016686791911211793;0.02238354506957048;0.02939958592132505
657.0;0.03050559891414998;0.03564899451553931;0.028067078552515445
658.5;0.01730418943533698;0.03020833333333333;0.026699029126213594
660.0;0.023274161735700197;0.017854807063440156;0.030634573304157545
661.5;0.018216756341275942;0.018848906360245943;0.018543046357615892
663.0;0.030318091451292245;0.015095605501509561;0.025480809607793732
664.5;0.03125;0.024276859504132234;0.029132231404958676
666.0;0.024340436326737696;0.03036010245592889;0.024345308593235956
667.5;0.030318091451292245;0.0230722525804493;0.03738935195763832
669.0;0.032444193029023974;0.0177109440267335;0.0335394709734737
670.5;0.016420118343195265;0.03878406708595388;0.025820463320463317
672.0;0.03061868686868687;0.018595825426944972;0.016025963289428118
673.5;0.019013666072489603;0.028865979381443297;0.0170487948265726
675.0;0.03831705484598046;0.021851503759398497;0.01995528228060369
676.5;0.017556190099956723;0.031190019193857967;0.022827584596342914
678.0;0.017799352750809058;0.018197573656845753;0.03538812372909434
679.5;0.04269962154838108;0.018876611418047883;0.01882395123700251
681.0;0.0312936164833454;0.029481087604178453;0.02623456790123457
682.5;0.030154237190225874;0.037366995606979696;0.017699115044247787
684.0;0.01756386861313869;0.015370218739033806;0.023765996343692867
685.5;0.034110097939885176;0.03061868686868687;0.018086080586080584
687.0;0.03913331128018524;0.030993042378241617;0.03364485981308411
688.5;0.04195042222827568;0.02848722986247544;0.017679771605305417
690.0;0.03156312625250501;0.030938123752495012;0.027798718431963815
691.5;0.01859099804305284;0.02934537246049661;0.024464831804281346
693.0;0.023762376237623763;0.0189328743545611;0.026457750968564567
694.5;0.029081883416887836;0.03185386473429951;0.018683274021352312
696.0;0.030627490039840638;0.02705016264338298;0.03140629596940276
697.5;0.030318091451292245;0.025502008032128515;0.016170863064314124
699.0;0.03736263736263736;0.024944440490030924;0.03497503514469921
700.5;0.03020833333333333;0.027312228429546864;0.016293098349991132
702.0;0.03250478011472275;0.0350602688919796;0.016348533050547898
703.5;0.038441422594142266;0.023984527224475045;0.023809523809523808
705.0;0.036590471405844434;0.024464831804281346;0.019598155467720684
706.5;0.025522755227552277;0.015280135823429542;0.018158167791996874
708.0;0.017679771605305417;0.018558172733761598;0.016267481785445105
709.5;0.029702970297029705;0.01744226258967926;0.03907355021216407
711.0;0.017373380447585393;0.02833675564681725;0.01741884402216944
712.5;0.018391927083333332;0.017089125102207687;0.024501992031872512
714.0;0.03004578405188859;0.03238269533831528;0.030318091451292245
715.5;0.015861825872400422;0.029891304347826088;0.017824497257769654
717.0;0.016664843504300385;0.04062000639181846;0.029397233201581028
718.5;0.028050275904353158;0.024637681159420288;0.026998169615619284
720.0;0.03442728442728442;0.018784610708007875;0.03828413284132841
721.5;0.025956284153005466;0.032873488972962994;0.03360433604336043
723.0;0.01848360454802751;0.026896312155000036;0.02729044834307992
724.5;0.01672535211267606;0.018876611418047883;0.02729044834307992
726.0;0.017824497257769654;0.029573367808661925;0.02833675564681725
727.5;0.01537736404878336;0.020212060967528162;0.03924497640551267
729.0;0.026127227846094617;0.03196234908942091;0.03916827852998066
730.5;0.02268431001890359;0.02611218568665377;0.045687645687645696
732.0;0.03117140731819631;0.03450226244343891;0.03835669781931465
733.5;0.026148673888681355;0.034408602150537634;0.02966804979253112
735.0;0.016209169954000083;0.025490088708794215;0.02441444205789097
736.5;0.01597712748065927;0.029432375613174487;0.017824497257769654
738.0;0.04308815858111633;0.02799872733057588;0.017814806907942786
739.5;0.02475049900199601;0.024254473161033796;0.01645021645021645
741.0;0.019141127055425266;0.030688484100030874;0.0390124048660634
742.5;0.02238354506957048;0.031163260156447138;0.01874107841782935
744.0;0.03432976821080334;0.03892801251956181;0.024653689858781795
745.5;0.025;0.027012711864406777;0.030009920634920632
747.0;0.04162239212129065;0.024784482758620687;0.016335052812576762
748.5;0.03441180644245779;0.03263403263403263;0.025941939468807903
750.0;0.034408602150537634;0.03282828282828283;0.01846413752837248
751.5;0.027886497064579255;0.018047156089719053;0.025240384615384616
753.0;0.03923444976076555;0.0281322505800464;0.030993042378241617
754.5;0.022128060263653486;0.01757928781759377;0.04125916870415648
756.0;0.018052243358660087;0.02860082304526749;0.026072171469559664
757.5;0.018937169700528483;0.02971077646486552;0.016285076905013504
759.0;0.039347749025168376;0.01767622907113149;0.025066940124195296
760.5;0.017015706806282723;0.024752475247524754;0.0437679769894535
762.0;0.02611218568665377;0.024886474213428482;0.024499654934437544
763.5;0.029038092982191694;0.025991222899384426;0.033862764343713755
765.0;0.02966804979253112;0.04411161263848995;0.03450226244343891
766.5;0.018595825426944972;0.0196525928743502;0.023765996343692867
768.0;0.01845342706502636;0.01825832082825033;0.021332262321418324
769.5;0.03061615001913509;0.03722993827160494;0.04899777282850779
771.0;0.016139070681667353;0.03740409207161126;0.051611796982167356
772.5;0.0340398201669878;0.03750966744006187;0.01923521066349929
774.0;0.02619146866750035;0.043323863636363626;0.049227799227799234
775.5;0.03734355252965877;0.025262161809607404;0.030235788011742055
777.0;0.032924107142857144;0.022692879834762644;0.035885989010989015
778.5;0.02762109965480676;0.04637002341920375;0.019211474861580768
780.0;0.015280135823429542;0.019411645637946156;0.025625539257981018
781.5;0.025322619917214514;0.024693080357142856;0.023613963039014373
783.0;0.017100908800752573;0.037284610814022574;0.03004578405188859
784.5;0.016735914907761343;0.025173611111111115;0.03298485940879596
786.0;0.029135338345864664;0.019389076446376545;0.041029272898961286
787.5;0.04055812138164314;0.032793150894358664;0.028865979381443297
789.0;0.035869565217391305;0.039313904068002434;0.02352661596958175
790.5;0.0433355219960604;0.01789612139036113;0.029401154401154404
792.0;0.0189328743545611;0.029401154401154404;0.03397147147147147
793.5;0.03282828282828283;0.02751117846251707;0.030397289805974746
795.0;0.02433379845488888;0.019961612284069098;0.02867383512544803
796.5;0.04622719734660032;0.03879830917874396;0.03674948240165632
798.0;0.03410976956227517;0.022405660377358493;0.029573367808661925
799.5;0.040449438202247195;0.030237590340589426;0.023027773772715383
801.0;0.015168071117696084;0.02867383512544803;0.01862097440132122
802.5;0.024664750957854403;0.02989161766401476;0.018077709322147795
804.0;0.017814806907942786;0.03185654008438818;0.02352661596958175
805.5;0.027811860940695293;0.03326226012793177;0.038602089981853445
807.0;0.015399445716351367;0.025101419878296144;0.01857179697047842
808.5;0.02351778656126482;0.03300733496332518;0.03266518188567186
810.0;0.022953790395650864;0.024562347103423147;0.03020833333333333
811.5;0.015080322932167841;0.022959183673469385;0.04428649535265172
813.0;0.017302798982188294;0.03766025641025641;0.0292848796158277
814.5;0.017094017094017096;0.034912718204488775;0.03318419090231171
816.0;0.01865038996269922;0.027922453703703703;0.045600233100233104
817.5;0.015095605501509561;0.03614267676767677;0.019274809160305342
819.0;0.0189328743545611;0.019935150714543052;0.03880070546737213
820.5;0.0340398201669878;0.02891522988505747;0.03467195890730796
822.0;0.02848722986247544;0.02628281792812803;0.024203298031819725
823.5;0.025574598113458222;0.024166411746711535;0.03544776119402985
825.0;0.028546863436506902;0.023031496062992124;0.024305555555555552
826.5;0.01800524444029278;0.031200955305356534;0.029573367808661925
828.0;0.04236902050113895;0.04145885286783043;0.03167271527548663
829.5;0.0172434729811779;0.02864819370710864;0.025574598113458222
831.0;0.017699115044247787;0.026396091041648563;0.02884435287507024
832.5;0.025088028169014082;0.034866898148148154;0.01927494213278474
834.0;0.018354055654233276;0.025056359195942138;0.024300133307941344
835.5;0.024378585086042064;0.032280671947671334;0.04482886904761905
837.0;0.022964015151515152;0.02939958592132505;0.034912718204488775
838.5;0.017814806907942786;0.03433803891644411;0.030029252046693523
840.0;0.017391304347826087;0.027291242362525458;0.03949086161879895
841.5;0.016317890407644853;0.018836565096952907;0.04307432432432432
843.0;0.04050845270357466;0.029846335697399525;0.03879830917874396
844.5;0.018323203432248837;0.051132686084142405;0.036565096952908584
846.0;0.025605214152700187;0.030009920634920632;0.01786719257317396
847.5;0.024464831804281346;0.03362011573718442;0.039225260416666664
849.0;0.03638309256286784;0.020485584218512893;0.022152630564656002
850.5;0.03828413284132841;0.025719507080229284;0.03510298810559907
852.0;0.015861825872400422;0.027811860940695293;0.04883658008658008
853.5;0.015414729630535846;0.024631418403660392;0.02040729201110909
855.0;0.024816176470588234;0.025502008032128515;0.02335456475583864
856.5;0.02802491103202847;0.028913470635324935;0.02913279132791328
858.0;0.027145026575550492;0.04489621307938398;0.018195147960543855
859.5;0.015317628163020576;0.023394808743169397;0.027811860940695293
861.0;0.030938123752495012;0.03557483731019522;0.02911234921836967
862.5;0.018047156089719053;0.027291242362525458;0.025247524752475246
864.0;0.031163260156447138;0.038293216630196934;0.02795584045584046
865.5;0.034891161379767985;0.027034306671684636;0.04252981795354676
867.0;0.017094017094017096;0.025502008032128515;0.019725335233529828
868.5;0.037753222836095765;0.03949044585987262;0.01878040502319267
870.0;0.018683274021352312;0.017373380447585393;0.026562190988631787
871.5;0.02460456942003515;0.04307545367717287;0.03263403263403263
873.0;0.032256841786066255;0.02811244979919679;0.023613963039014373
874.5;0.025573192239858905;0.030257320319432124;0.027215631542219124
876.0;0.03212468193384224;0.027609028498049096;0.03155148819705782
877.5;0.018086080586080584;0.021832358674463936;0.02867121217529956
879.0;0.01896734857158622;0.018185821224130337;0.04029605263157895
880.5;0.01675094658245598;0.03423626787057938;0.03530751708428246
882.0;0.03466050479914682;0.048739099693613015;0.07547814207650272
883.5;0.018354055654233276;0.027811860940695293;0.02614616753498759
885.0;0.035154762207043645;0.029722271675271496;0.031726283048211505
886.5;0.01597712748065927;0.026407273699692473;0.025876696832579184
888.0;0.018937169700528483;0.030160600086550943;0.03193402071497043
889.5;0.017373380447585393;0.02966804979253112;0.020212060967528162
891.0;0.0161839863713799;0.0196525928743502;0.03370786516853933
892.5;0.015095605501509561;0.026227618486639178;0.04631193693693694
894.0;0.03864818325709216;0.015391049145315102;0.02866752081998719
895.5;0.01780160609014529;0.022964015151515152;0.049270072992700725
897.0;0.024114774114774116;0.035320867144929234;0.04161848280640399
898.5;0.024412296564195298;0.03156312625250501;0.022861647615293655
900.0;0.016830578931359627;0.03130252100840336;0.04353872486093282
901.5;0.018358765104113217;0.0287372409790735;0.05617807389460933
903.0;0.026548672566371685;0.03300733496332518;0.022591962577078458
904.5;0.017094017094017096;0.03412017167381975;0.026833198519811217
906.0;0.01874107841782935;0.02733881163084703;0.021612478404874923
907.5;0.025573192239858905;0.0375514202241482;0.029573367808661925
909.0;0.024464831804281346;0.02848722986247544;0.02769965508092332
910.5;0.019269640210214257;0.027756596004270242;0.03731463911729566
912.0;0.01654091700522345;0.02903803691205266;0.03463912673261825
913.5;0.023244781783681213;0.02806089536833957;0.03180103449616925
915.0;0.02430014108561669;0.026170798898071626;0.02924723392051201
916.5;0.02848722986247544;0.023031496062992124;0.029104518534766397
918.0;0.02882698114282459;0.03498920086393088;0.051369473803841346
919.5;0.01594965579707562;0.018216756341275942;0.05024127164348566
921.0;0.035650623885918005;0.03061868686868687;0.03737079247283329
922.5;0.01654091700522345;0.027416073245167854;0.02919600938967136
924.0;0.0161839863713799;0.03208232445520581;0.021026372059871703
925.5;0.026060070671378093;0.02351778656126482;0.027590683717263087
927.0;0.025522755227552277;0.03464891471948761;0.03506428749510276
928.5;0.02460456942003515;0.042884990253411304;0.05133928571428571
930.0;0.03966822935448972;0.0324628575168532;0.050468836183121896
931.5;0.0285204991087344;0.016595138993724255;0.030361289775496292
933.0;0.02860082304526749;0.02317655078391275;0.03545935760415815
934.5;0.03136882129277567;0.024878700513325365;0.052593240093240096
936.0;0.02724539646749342;0.05039739884393064;0.024660822560856346
937.5;0.038385826771653545;0.027100296963310667;0.036075322101090185
939.0;0.029722271675271496;0.030009920634920632;0.037290502793296085
940.5;0.026998169615619284;0.035017335314512135;0.03704735376044569
942.0;0.02670240913521794;0.038100208768267224;0.027043703299687787
943.5;0.02729044834307992;0.023809523809523808;0.04261057173678533
945.0;0.03290225315948789;0.01847256430674642;0.04641918069909956
946.5;0.03828413284132841;0.02400793650793651;0.05235433390773197
948.0;0.02802491103202847;0.029937629937629936;0.04665260938323669
949.5;0.03764790247400502;0.04468515309069902;0.04211586600313151
951.0;0.015280135823429542;0.0375;0.029687400115067444
952.5;0.02784833653429156;0.035298681148176886;0.03311170212765957
954.0;0.016638225255972697;0.040091455309193384;0.04924242424242425
955.5;0.03466050479914682;0.0188212927756654;0.0532258064516129
957.0;0.024464831804281346;0.02816139021830932;0.06257485029940119
958.5;0.03854883584712257;0.023394808743169397;0.036565096952908584
960.0;0.03617373582983059;0.039831405320585336;0.039285714285714285
961.5;0.01769257756716558;0.017427675148135237;0.08301671732522797
963.0;0.024122807017543862;0.023137535816618916;0.040892193308550186
964.5;0.033676001417936904;0.029702970297029705;0.04284647634538265
966.0;0.032256841786066255;0.027070647685437925;0.028892455858747997
967.5;0.015743018124095107;0.026322874598736667;0.025475899675536966
969.0;0.01830736743700201;0.02971246006389776;0.027224199288256225
970.5;0.023765996343692867;0.030465949820788533;0.050954328561690514
972.0;0.018314772574802095;0.02909270216962525;0.054943502824858756
973.5;0.016979552792060267;0.0437679769894535;0.031108135471439303
975.0;0.015842570532438566;0.018093752767418748;0.06186406186406189
976.5;0.017525055235791037;0.023809523809523808;0.03324142156862745
978.0;0.033676001417936904;0.025240384615384616;0.07547814207650272
979.5;0.033676001417936904;0.024254473161033796;0.02618892419674625
981.0;0.026548672566371685;0.026107226107226107;0.04765220496339938
982.5;0.035650623885918005;0.030697433238268082;0.039096320346320344
984.0;0.03902213310711807;0.03277600308117538;0.02906604160918991
985.5;0.03768591312195207;0.023809523809523808;0.03439838802533104
987.0;0.015769487034319674;0.01648275383440905;0.09909909909909907
988.5;0.032573955124637066;0.030009920634920632;0.03159268929503917
990.0;0.032573955124637066;0.0170487948265726;0.027065908330545334
991.5;0.037137807788150325;0.02724539646749342;0.02132510729613734
993.0;0.026060070671378093;0.0216998191681736;0.0556454221934649
994.5;0.03966822935448972;0.03061868686868687;0.05123313426233135
996.0;0.03966822935448972;0.017373380447585393;0.05194358445132439
997.5;0.017547197908565945;0.026008544499885856;0.14937641723356007
999.0;0.017547197908565945;0.024574669187145556;0.035016480019757025
1000.5;0.035572080214829514;0.017699115044247787;0.07386772106398276
1002.0;0.017465858520325457;0.017460979111666896;0.029846335697399525
1003.5;0.03564899451553931;0.027777777777777776;0.04414485857784828
1005.0;0.035127911416571206;0.03831177553971077;0.05053239070421778
1006.5;0.0161839863713799;0.017373380447585393;0.1103448275862069
1008.0;0.0161839863713799;0.022964015151515152;0.06642260768958462
1009.5;0.015280135823429542;0.025522755227552277;0.030017648576041472
1011.0;0.0175513698630137;0.02658875091307523;0.06175920149719277
1012.5;0.017094017094017096;0.02703900709219858;0.02252178871059705
1014.0;0.030993042378241617;0.023762376237623763;0.037728658536585365
1015.5;0.01597712748065927;0.01886443118699856;0.07168133308369215
1017.0;0.038655160014383315;0.017699115044247787;0.03913791690567893
1018.5;0.02587800369685767;0.038162079848702554;0.04938811188811189
1020.0;0.015871286409530037;0.022964015151515152;0.04070822794227048
1021.5;0.018470790378006873;0.02428760067333958;0.027263279325718915
1023.0;0.03564899451553931;0.025105708245243132;0.03341519208773464
1024.5;0.0340398201669878;0.032793150894358664;0.038094071533561986
1026.0;0.029516994633273706;0.025574598113458222;0.035893372696290185
1027.5;0.02802491103202847;0.01666551037196349;0.05895990621252334
1029.0;0.03512773722627738;0.017343098753192593;0.05566278140502722
1030.5;0.015001087035292413;0.025657700266036067;0.03573932516804727
1032.0;0.026548672566371685;0.023244781783681213;0.046618297056125434
1033.5;0.015001087035292413;0.023809523809523808;0.06126482213438736
1035.0;0.03935185185185185;0.0345679012345679;0.05234657039711191
1036.5;0.01597712748065927;0.030257320319432124;0.028271405492730207
1038.0;0.035127911416571206;0.02819414703783012;0.052593240093240096
1039.5;0.015280135823429542;0.026044915782907054;0.03406593406593406
1041.0;0.03764790247400502;0.01938164236322413;0.04841315479613351
1042.5;0.0175513698630137;0.018323203432248837;0.039854325568611286
1044.0;0.016863406408094434;0.03166189562427255;0.03255803164426042
1045.5;0.0170487948265726;0.02268431001890359;0.04540745856353591
1047.0;0.025573192239858905;0.019020693899530733;0.048442906574394456
1048.5;0.025573192239858905;0.024114774114774116;0.03641603353418916
1050.0;0.018848906360245943;0.02854859440398115;0.035802019378277476
1051.5;0.034522108226862615;0.03992071964004603;0.044733044733044736
1053.0;0.025088028169014082;0.01874107841782935;0.04983309489747259
1054.5;0.025088028169014082;0.019020693899530733;0.06145071583067257
1056.0;0.025088028169014082;0.02577961274606387;0.0525078369905956
1057.5;0.023244781783681213;0.02909270216962525;0.14007675438596484
1059.0;0.015154962909024714;0.024378585086042064;0.05088987764182424
1060.5;0.0175513698630137;0.015907416444202047;0.054026140765357604
1062.0;0.016863406408094434;0.019408502772643253;0.019935366592607553
1063.5;0.01865038996269922;0.02891522988505747;0.03993780541981341
1065.0;0.018470790378006873;0.018599688194852658;0.07295918367346939
1066.5;0.03442728442728442;0.025554582603619376;0.03307266116465632
1068.0;0.0230722525804493;0.024206420328949412;0.0638111888111888
1069.5;0.024816176470588234;0.030009920634920632;0.031838396155363484
1071.0;0.03198693626626963;0.0189328743545611;0.06731078904991951
1072.5;0.029516994633273706;0.03317033414832926;0.04578794684284411
1074.0;0.03696682464454976;0.024816176470588234;0.035731244064577394
1075.5;0.018010291595197254;0.02802491103202847;0.05913919986628777
1077.0;0.03331214913674399;0.024816176470588234;0.06126482213438736
1078.5;0.017094017094017096;0.03442728442728442;0.05772900763358778
1080.0;0.027531083481349913;0.018595825426944972;0.035578885972586766
1081.5;0.017754480892796753;0.02019230769230769;0.026249796450089565
1083.0;0.025529865125240848;0.031221185804653155;0.04025020678246484
1084.5;0.03598346705567712;0.03060380479735319;0.026569396126486317
1086.0;0.03669724770642202;0.01810699588477366;0.03074935400516796
1087.5;0.033676001417936904;0.028032293358049295;0.05192418633572326
1089.0;0.03320921042632419;0.01861305152546421;0.024612805959747137
1090.5;0.029017857142857144;0.035751028806584366;0.03200712947858136
1092.0;0.017015706806282723;0.023833646933950885;0.0343188622754491
1093.5;0.01771809624494277;0.033714209792068024;0.033055126812629815
1095.0;0.01771809624494277;0.018013507394773528;0.026381477495867493
1096.5;0.038041387799061466;0.016864166264437635;0.03463203463203463
1098.0;0.03746174588351344;0.01865038996269922;0.019474863529677724
1099.5;0.016335052812576762;0.03779069767441861;0.04629857971411608
1101.0;0.02703900709219858;0.03177746021360973;0.02027174482618318
1102.5;0.03306159420289855;0.017391304347826087;0.04384384384384385
1104.0;0.024122807017543862;0.018010291595197254;0.027144597181137983
1105.5;0.03460837887067396;0.02939958592132505;0.03503787878787879
1107.0;0.016676298192025096;0.018612132352941176;0.028467283867793732
1108.5;0.024378585086042064;0.01672535211267606;0.03262947679260998
1110.0;0.015907416444202047;0.03780660529195906;0.034866898148148154
1111.5;0.015095605501509561;0.025400139178844813;0.0400262467191601
1113.0;0.03764790247400502;0.04520697167755991;0.03630239520958083
1114.5;0.02861568419189237;0.03710922273329695;0.0350470757920931
1116.0;0.02516881522406384;0.03423209093312186;0.061687624552149406
1117.5;0.030993042378241617;0.025088028169014082;0.03753501400560224
1119.0;0.04212932723709994;0.01597712748065927;0.077020202020202
1120.5;0.02611218568665377;0.026548672566371685;0.021217617754226783
1122.0;0.02612543040539583;0.026548672566371685;0.03006841436901208
1123.5;0.023418491484184917;0.022727272727272728;0.028364467611129717
1125.0;0.037483266398929044;0.02878937007874016;0.04845779220779221
1126.5;0.01834862385321101;0.019082371238858645;0.03078695768102693
1128.0;0.029397233201581028;0.018026004728132386;0.0556454221934649
1129.5;0.02569922389808171;0.03250478011472275;0.046781232951445706
1131.0;0.03156312625250501;0.03250478011472275;0.024228028503562943
1132.5;0.03004578405188859;0.017754480892796753;0.04809286898839137
1134.0;0.030938123752495012;0.019139945314441957;0.03810030502943889
1135.5;0.026077132126171788;0.02861568419189237;0.049180691820189665
1137.0;0.04730242791222912;0.02722618474598521;0.035152409046214354
1138.5;0.024378585086042064;0.01879458105296775;0.04061320706476718
1140.0;0.017961645808949312;0.02460456942003515;0.020581655480984343
1141.5;0.01597712748065927;0.027531083481349913;0.030126847031789777
1143.0;0.03268701306308945;0.01597712748065927;0.03297872340425532
1144.5;0.03858564130142512;0.02703900709219858;0.07909604519774009
1146.0;0.040343486714193126;0.01597712748065927;0.042360851699663804
1147.5;0.027531083481349913;0.026060070671378093;0.05550373134328358
1149.0;0.03722426470588235;0.01850632726208763;0.07759245830311821
1150.5;0.03609431217943811;0.014945495799148322;0.041689905186837704
1152.0;0.017498443680569787;0.023418491484184917;0.06120996441281138
1153.5;0.01834862385321101;0.017094017094017096;0.04959143420681882
1155.0;0.03750683322872588;0.040968342644320296;0.03165748314768222
1156.5;0.017015706806282723;0.035127911416571206;0.03756710636124709
1158.0;0.017094017094017096;0.01606832657788072;0.0538779402415766
1159.5;0.01850632726208763;0.03638309256286784;0.040097949188858284
1161.0;0.01597712748065927;0.01848360454802751;0.05032525133057363
1162.5;0.023418491484184917;0.027531083481349913;0.04485049833887043
1164.0;0.030257320319432124;0.016863406408094434;0.03934871099050203
1165.5;0.026748173550022365;0.032000890578704894;0.044234246765892334
1167.0;0.0325497287522604;0.025522755227552277;0.030106704305883285
1168.5;0.025573192239858905;0.03722426470588235;0.037837704351261915
1170.0;0.015095605501509561;0.029516994633273706;0.045971410006497716
1171.5;0.03841245791927793;0.03639029592108771;0.028831082207770555
1173.0;0.016638225255972697;0.03297682709447416;0.03028503562945368
1174.5;0.016937514305333027;0.03879026955950033;0.024343539580559896
1176.0;0.015033359741139864;0.0175513698630137;0.04479768786127168
1177.5;0.01834862385321101;0.03617216117216117;0.028584011408438897
1179.0;0.03598346705567712;0.03858520900321543;0.02809661751573629
1180.5;0.03966822935448972;0.04057719431485299;0.03896103896103897
1182.0;0.025522755227552277;0.017754480892796753;0.02886729171292033
1183.5;0.02670240913521794;0.015809071886378992;0.03216592151018381
1185.0;0.02734495764545848;0.0170487948265726;0.020052770448548814
1186.5;0.017656852955616538;0.018010291595197254;0.038542607648298706
1188.0;0.03409090909090909;0.03961091054953871;0.025756891098056938
1189.5;0.029106474050294272;0.03896219553827201;0.03975903614457832
1191.0;0.04103905721737451;0.019013666072489603;0.03962331201137172
1192.5;0.03136882129277567;0.031746031746031744;0.03724547868976856
1194.0;0.037753222836095765;0.02587800369685767;0.024545621172717327
1195.5;0.03902213310711807;0.041413542747073644;0.029132231404958676
1197.0;0.038041387799061466;0.01726263871763255;0.024963047035844375
1198.5;0.030813820600779404;0.025088028169014082;0.034110097939885176
1200.0;0.03435603223272361;0.025088028169014082;0.02822066326530612
1201.5;0.035650623885918005;0.018026004728132386;0.019005847953216377
1203.0;0.016745540589734254;0.024464831804281346;0.029611980939414567
1204.5;0.019139945314441957;0.018026004728132386;0.031467557783347255
1206.0;0.024464831804281346;0.02802491103202847;0.039504716981132074
1207.5;0.018047156089719053;0.035650623885918005;0.03089668502497584
1209.0;0.047311827956989246;0.03460837887067396;0.05021037868162693
1210.5;0.03581811296571412;0.026060070671378093;0.02722592496224984
1212.0;0.02684356680037026;0.024114774114774116;0.024300133307941344
1213.5;0.016863406408094434;0.03061868686868687;0.02457757296466974
1215.0;0.018010291595197254;0.0161839863713799;0.029891304347826088
1216.5;0.018026004728132386;0.026060070671378093;0.05138483965014577
1218.0;0.03584905660377359;0.017373380447585393;0.021658409332365593
1219.5;0.0285204991087344;0.02835538752362949;0.039225260416666664
1221.0;0.025605214152700187;0.036783854166666664;0.02111421114211142
1222.5;0.03548139624088992;0.037938033550235804;0.044564017660044156
1224.0;0.0161839863713799;0.031723651744800845;0.028076900905055626
1225.5;0.017094017094017096;0.02587800369685767;0.028640918377274057
1227.0;0.01764234161988773;0.026499625519166608;0.03869818652849741
1228.5;0.017699115044247787;0.015414729630535846;0.027482269503546097
1230.0;0.020005891416659115;0.037810773869437264;0.03347034644744569
1231.5;0.017369726254162433;0.02670240913521794;0.027463987253276104
1233.0;0.016420118343195265;0.0351826245865981;0.04753521126760563
1234.5;0.017596390484003282;0.032697066101095795;0.029628537735849055
1236.0;0.024610259551652226;0.030245746691871456;0.030155268843257213
1237.5;0.019524316648917288;0.030245746691871456;0.027482269503546097
1239.0;0.015446744068652195;0.02495201535508637;0.016916255477726787
1240.5;0.024093511450381678;0.024255955028196323;0.025
1242.0;0.015245106155354892;0.01671852804591668;0.02376200101061142
1243.5;0.01654091700522345;0.024114774114774116;0.052149902750764116
1245.0;0.01845342706502636;0.04195042222827568;0.04674922600619194
1246.5;0.025522755227552277;0.03212468193384224;0.03896103896103897
1248.0;0.01678765880217786;0.028580208973570994;0.03697008742137184
1249.5;0.029588002850294746;0.018026004728132386;0.02041832669322709
1251.0;0.0220703125;0.0161839863713799;0.025636061153658605
1252.5;0.016581225528683078;0.017094017094017096;0.020453332039023445
1254.0;0.028433476394849784;0.035127911416571206;0.028048215113583682
1255.5;0.04317194788483192;0.02795584045584046;0.04473905159701693
1257.0;0.019142066420664204;0.023765996343692867;0.03177611349590525
1258.5;0.016082834605318546;0.015001087035292413;0.06748120300751878
1260.0;0.025863077823288467;0.028767979987492184;0.03300612201815495
1261.5;0.01838106575169806;0.025573192239858905;0.033373349339735896
1263.0;0.029291649063512178;0.024464831804281346;0.028433476394849784
1264.5;0.018371212121212118;0.01862097440132122;0.03095095693779904
1266.0;0.03451664574223992;0.030318091451292245;0.01852107374134933
1267.5;0.017373380447585393;0.025573192239858905;0.031183368869936036
1269.0;0.018010291595197254;0.04193376068376069;0.0350922131147541
1270.5;0.01850632726208763;0.04786689419795221;0.02953225313359829
1272.0;0.029937629937629936;0.01994749235391236;0.02867383512544803
1273.5;0.017460979111666896;0.027291242362525458;0.02289316522893165
1275.0;0.026457750968564567;0.023244781783681213;0.018014694580220727
1276.5;0.029074889867841413;0.03370786516853933;0.024254473161033796
1278.0;0.024784482758620687;0.024093511450381678;0.03503787878787879
1279.5;0.02531645569620253;0.027811860940695293;0.01856270826930841
1281.0;0.025708972570897257;0.02351778656126482;0.03403665485907901
1282.5;0.017108166192525243;0.02675933970460469;0.03575047040092633
1284.0;0.04024144869215292;0.04314890102909414;0.024664750957854403
1285.5;0.046703296703296704;0.0356286399451867;0.019877675840978597
1287.0;0.02734051367025684;0.02724539646749342;0.0383888532991672
1288.5;0.01784040701566475;0.03712871287128712;0.03224328705335119
1290.0;0.025173611111111115;0.027811860940695293;0.025363405059496247
1291.5;0.0437679769894535;0.01756386861313869;0.024005197298783924
1293.0;0.03557483731019522;0.024054982817869414;0.04825286743131503
1294.5;0.01862097440132122;0.017291786519291166;0.03215077605321508
1296.0;0.017993301315294006;0.02375875723423698;0.034611469290804206
1297.5;0.01606832657788072;0.01626732705110475;0.02867383512544803
1299.0;0.018147448015122872;0.02724539646749342;0.030433040441913053
1300.5;0.03241525423728814;0.04151478331308222;0.04667422524565381
1302.0;0.02878937007874016;0.032745934634362546;0.030938123752495012
1303.5;0.01784040701566475;0.028050275904353158;0.030390539053905395
1305.0;0.028908726847989324;0.021851503759398497;0.029490616621983917
1306.5;0.03652462645268401;0.024114774114774116;0.03589420654911838
1308.0;0.028646167761964055;0.035002035002035005;0.018247924813061672
1309.5;0.024464831804281346;0.03879026955950033;0.04108352144469526
1311.0;0.017971946230274694;0.03888888888888889;0.03383297644539615
1312.5;0.01950286806883365;0.030318091451292245;0.0310842308310561
1314.0;0.023920409442884632;0.023244781783681213;0.04062475611603598
1315.5;0.023613963039014373;0.036921369689283445;0.03450226244343891
1317.0;0.03623305488681715;0.03164091243561443;0.031897784131522514
1318.5;0.03460412650817449;0.02400793650793651;0.03548161935784085
1320.0;0.0161839863713799;0.031003039513677815;0.04049307232383778
1321.5;0.040343486714193126;0.035839081469765534;0.028076718167288225
1323.0;0.02669539153240914;0.037483266398929044;0.037483266398929044
1324.5;0.0162748643761302;0.03212468193384224;0.018117276372861937
1326.0;0.03486394557823129;0.023809523809523808;0.03275291384342237
1327.5;0.02252710027100271;0.015489719503383037;0.03779619130687599
1329.0;0.016474461740014826;0.018026004728132386;0.027388262789293304
1330.5;0.037753222836095765;0.02752293577981652;0.022405660377358493
1332.0;0.03480383294160188;0.038100208768267224;0.017580992631420062
1333.5;0.03241525423728814;0.03110117319084679;0.03569402903574687
1335.0;0.032796154933559515;0.018813424640316316;0.038293216630196934
1336.5;0.01894057915399829;0.0441017316017316;0.032151143520053035
1338.0;0.036415289256198344;0.015280135823429542;0.03914026259223096
1339.5;0.03196574505687411;0.018242207460398566;0.03722426470588235
1341.0;0.019944341372912802;0.03876043673731535;0.03476482617586912
1342.5;0.02891543420553659;0.016245285753166104;0.024464831804281346
1344.0;0.018543046357615892;0.018354055654233276;0.03848310366392789
1345.5;0.02268431001890359;0.033445440956651716;0.029397233201581028
1347.0;0.02767652220872148;0.017822935955558398;0.025941939468807903
1348.5;0.029874213836477988;0.029446519260745742;0.02587800369685767
1350.0;0.0161839863713799;0.030938123752495012;0.029397233201581028
1351.5;0.04495073891625616;0.029132231404958676;0.023465703971119134
1353.0;0.03316662279547249;0.03337427331531974;0.038817005545286505
1354.5;0.024664750957854403;0.03430172920647995;0.026548672566371685
1356.0;0.02393384239278061;0.03822762814943527;0.02939958592132505
1357.5;0.02848722986247544;0.031279105055515434;0.028247308280598623
1359.0;0.027305369863646338;0.026507713884992984;0.02848722986247544
1360.5;0.039754363283775046;0.04890257989988449;0.03546290398967877
1362.0;0.015280135823429542;0.040968342644320296;0.01679924144260056
1363.5;0.03706545928938685;0.03706545928938685;0.029504080351537978
1365.0;0.025627615062761504;0.041445641108074804;0.029017857142857144
1366.5;0.018467581137242655;0.030685532373543;0.019944341372912802
1368.0;0.040151017809040866;0.027540779894375235;0.04170616113744076
1369.5;0.030705731891640508;0.03779619130687599;0.025322619917214514
1371.0;0.03197423804452559;0.017193647093107972;0.028798772739951035
1372.5;0.015414729630535846;0.025956284153005466;0.03436276187439643
1374.0;0.02491909385113269;0.03800513149454778;0.027798718431963815
1375.5;0.04056455828541558;0.0161839863713799;0.01687639577956378
1377.0;0.025788394624533615;0.04106105381661742;0.04057719431485299
1378.5;0.038817005545286505;0.034408602150537634;0.026548672566371685
1380.0;0.0170487948265726;0.017825311942959002;0.018086080586080584
1381.5;0.026998169615619284;0.030894498987065602;0.030627490039840638
1383.0;0.016638225255972697;0.015317628163020576;0.03859174001354096
1384.5;0.019098466389565714;0.02860082304526749;0.024464831804281346
1386.0;0.03696682464454976;0.02531293463143254;0.03503787878787879
1387.5;0.01770896702761893;0.02590340514246004;0.026107226107226107
1389.0;0.02966804979253112;0.018076978710534278;0.02621371734158049
1390.5;0.03494817138814556;0.0272833256242687;0.02966804979253112
1392.0;0.017824497257769654;0.027886497064579255;0.03412017167381975
1393.5;0.024574669187145556;0.030753138075313803;0.02835538752362949
1395.0;0.04446583253128008;0.035597658927535726;0.036282622533418206
1396.5;0.015782703483277604;0.022128060263653486;0.01834862385321101
1398.0;0.018620022569724327;0.035957213384530985;0.018242207460398566
1399.5;0.02400793650793651;0.02019230769230769;0.025101419878296144
1401.0;0.0392156862745098;0.03924497640551267;0.04432189542483659
1402.5;0.03146281667120676;0.020618556701030927;0.01917044266294876
1404.0;0.02966804979253112;0.029065675309052748;0.03326226012793177
1405.5;0.01890359168241966;0.02088974854932302;0.04299741673842393
1407.0;0.039821029082774045;0.03676148796498906;0.05919003115264799
1408.5;0.028073770491803277;0.019731800766283527;0.025
1410.0;0.030318091451292245;0.027976966536288565;0.027032520325203254
1411.5;0.0230722525804493;0.018022181146025877;0.029074889867841413
1413.0;0.01950286806883365;0.03574094247338518;0.029853167842946376
1414.5;0.027587890625;0.029986140859266725;0.02284162378502001
1416.0;0.03530751708428246;0.019589314919135018;0.026671877273296316
1417.5;0.019389076446376545;0.03825903825903826;0.030627490039840638
1419.0;0.01749271137026239;0.023809523809523808;0.03457869634340222
1420.5;0.03076071086945577;0.025271997464877998;0.01601318781639348
1422.0;0.01834862385321101;0.025152855115187247;0.034912718204488775
1423.5;0.024153413393919725;0.03698664651045603;0.025863077823288467
1425.0;0.02491909385113269;0.03389548199042266;0.023244781783681213
1426.5;0.02003052270125906;0.01644271128485396;0.042388201712654616
1428.0;0.019798240301141655;0.016348533050547898;0.03683013965573238
1429.5;0.03287716955941255;0.01733025239957341;0.024054982817869414
1431.0;0.019052278578417865;0.030627490039840638;0.02927662733253129
1432.5;0.01834862385321101;0.029665643713435167;0.03852920478536242
1434.0;0.024398625429553265;0.018350187478695604;0.030263586072242114
1435.5;0.01557667754291389;0.02357162031685003;0.04017857142857143
1437.0;0.01730418943533698;0.018558172733761598;0.026847725582074402
1438.5;0.027798718431963815;0.030318091451292245;0.03612385321100917
1440.0;0.027996435467102333;0.016025963289428118;0.04225352112676057
1441.5;0.01814552172099398;0.024664750957854403;0.04114943581756828
1443.0;0.018086080586080584;0.040435067998605155;0.025380644417359863
1444.5;0.018143754361479414;0.03815937149270483;0.036328624527878
1446.0;0.03530751708428246;0.024499654934437544;0.04358974358974358
1447.5;0.03361794443117586;0.028841607565011824;0.024254473161033796
1449.0;0.024254473161033796;0.018147448015122872;0.025129583413323095
1450.5;0.016361807781758754;0.03476946334089191;0.039225260416666664
1452.0;0.026499625519166608;0.022702180513386697;0.04229193544736426
1453.5;0.029702970297029705;0.02939958592132505;0.0392156862745098
1455.0;0.04497655726724715;0.027172824093340115;0.029279228020665012
1456.5;0.016050000143711614;0.0386416861826698;0.036059806508355316
1458.0;0.02238354506957048;0.025182245843358347;0.03815937149270483
1459.5;0.01749271137026239;0.01929760156632403;0.029085491634196655
1461.0;0.01780160609014529;0.029766037435996758;0.027724085654728073
1462.5;0.03792018942157062;0.02619047619047619;0.0400262467191601
1464.0;0.017699115044247787;0.016547024742192912;0.0335631544012162
1465.5;0.015280135823429542;0.034839063643013896;0.044226498889711335
1467.0;0.02669539153240914;0.028186274509803922;0.04137426900584795
1468.5;0.024501992031872512;0.02106466361854997;0.02478915948071638
1470.0;0.02003052270125906;0.040184153033045164;0.030318091451292245
1471.5;0.02400793650793651;0.01730418943533698;0.05697601010101009
1473.0;0.024501992031872512;0.030670103092783507;0.04506716197747018
1474.5;0.034611469290804206;0.016429426632965278;0.03301435406698565
1476.0;0.03948470688981142;0.027075197757084207;0.03185386473429951
1477.5;0.028186274509803922;0.024752475247524754;0.03390999346055525
1479.0;0.023244781783681213;0.03646288209606987;0.02021377448344301
1480.5;0.04055812138164314;0.017825311942959002;0.02687280207020105
1482.0;0.025240384615384616;0.025400139178844813;0.0347112773963268
1483.5;0.03674948240165632;0.039754363283775046;0.03324874527716686
1485.0;0.017545514574096786;0.02687535382809538;0.030963302752293576
1486.5;0.0170487948265726;0.024575138438037044;0.04251012145748988
1488.0;0.024464831804281346;0.034471119821438294;0.04912280701754386
1489.5;0.025522755227552277;0.02915766738660907;0.035616438356164376
1491.0;0.029702970297029705;0.034611469290804206;0.018542928075157616
1492.5;0.03240643424121398;0.019287638695999965;0.018587893048536162
1494.0;0.033676001417936904;0.02669539153240914;0.0356286399451867
1495.5;0.03966822935448972;0.02495201535508637;0.02720776331887443
1497.0;0.03852667231160034;0.0188212927756654;0.03530751708428246
1498.5;0.03765699150560217;0.025042904146125512;0.037780898876404484
1500.0;0.016188612102618277;0.03460785324126559;0.0276093546990039
1501.5;0.01702553830746119;0.017444897524053198;0.030612395574538463
1503.0;0.017699115044247787;0.027587890625;0.03370786516853933
1504.5;0.017699115044247787;0.029132231404958676;0.05642701525054468
1506.0;0.033861185983827494;0.024948024948024946;0.04530818767249311
1507.5;0.0315408678296582;0.022789783889980354;0.019857296715131936
1509.0;0.016876081968449728;0.019939577039274924;0.0287199124726477
1510.5;0.03323695628275145;0.023833646933950885;0.03513772417475423
1512.0;0.015861825872400422;0.018876611418047883;0.03345951283739302
1513.5;0.0175513698630137;0.019364171351546836;0.020653190417955547
1515.0;0.019139945314441957;0.04600694444444444;0.033633633633633635
1516.5;0.02848722986247544;0.019003391280437505;0.047939487042479294
1518.0;0.01882395123700251;0.03530751708428246;0.06003521126760564
1519.5;0.017824497257769654;0.035718796375232856;0.028884026258205686
1521.0;0.016638225255972697;0.03423626787057938;0.04393732970027248
1522.5;0.031723651744800845;0.018724652687893695;0.03028503562945368
1524.0;0.0161839863713799;0.03696682464454976;0.047226123595505626
1525.5;0.02966804979253112;0.016674644965693316;0.029507289167743124
1527.0;0.0170487948265726;0.025022599138853865;0.03216630196936542
1528.5;0.031746031746031744;0.01871401151631478;0.04343833874841079
1530.0;0.02848722986247544;0.024378585086042064;0.043250631866714816
1531.5;0.024653689858781795;0.03300733496332518;0.027482269503546097
1533.0;0.02351778656126482;0.017825311942959002;0.03269746820674368
1534.5;0.015346012374896637;0.027551020408163263;0.03398641745297194
1536.0;0.017121863302370723;0.029132231404958676;0.018461256627392748
1537.5;0.023418491484184917;0.03469827586206897;0.028734510850961865
1539.0;0.017391304347826087;0.01788591374083602;0.04645061728395061
1540.5;0.030938123752495012;0.027609028498049096;0.030137981118373278
1542.0;0.02273489530928082;0.033366867873910126;0.017802032671395563
1543.5;0.024816176470588234;0.024888143176733782;0.025930873083334253
1545.0;0.01845342706502636;0.04099192988081877;0.028232162029704872
1546.5;0.018848906360245943;0.03719886632026453;0.028058505540006894
1548.0;0.04195042222827568;0.023394808743169397;0.03418935643564356
1549.5;0.035259159797595516;0.023809523809523808;0.04336043360433604
1551.0;0.018314772574802095;0.04338315712723296;0.053629249865083654
1552.5;0.0325497287522604;0.0369126174765047;0.01834776063229206
1554.0;0.01749271137026239;0.03803669709319718;0.025280898876404494
1555.5;0.02848722986247544;0.02859531772575251;0.03484396479973067
1557.0;0.017094017094017096;0.040197193780811526;0.025937403160830493
1558.5;0.03638309256286784;0.026424640839088524;0.03771655437921077
1560.0;0.036007976406237624;0.03542094455852156;0.04574383568348529
1561.5;0.018358765104113217;0.04076576576576577;0.06551846590909093
1563.0;0.02569922389808171;0.02784125745499136;0.02023306277686141
1564.5;0.026060070671378093;0.04897260273972603;0.04600694444444444
1566.0;0.016638225255972697;0.03043176186128641;0.03219315895372234
1567.5;0.023418491484184917;0.026028921023359287;0.027777777777777776
1569.0;0.017094017094017096;0.041107871720116616;0.03744857876341591
1570.5;0.020212060967528162;0.026853665213637416;0.047651277135016386
1572.0;0.01859099804305284;0.04027768931915165;0.03614267676767677
1573.5;0.023765996343692867;0.028693869750552936;0.031326781326781336
1575.0;0.027531083481349913;0.03749920316185376;0.03308264075851575
1576.5;0.01850632726208763;0.0409705648369133;0.027218656659835055
1578.0;0.017971946230274694;0.017747440273037544;0.02050342520312251
1579.5;0.0364917322581337;0.03859601936525013;0.03359826589595376
1581.0;0.03250478011472275;0.03407395898073338;0.018368108626879466
1582.5;0.02516881522406384;0.01929824561403509;0.02793017456359102
1584.0;0.01749271137026239;0.0356286399451867;0.026219889584829056
1585.5;0.01882395123700251;0.028711373048741634;0.04274753379612715
1587.0;0.02587800369685767;0.027711164401811886;0.030818131564400223
1588.5;0.01597712748065927;0.032635534084809445;0.03646729152575129
1590.0;0.03742802303262956;0.033445440956651716;0.02919600938967136
1591.5;0.019013666072489603;0.01776188118530153;0.04631193693693694
1593.0;0.02835538752362949;0.019408502772643253;0.034688346883468835
1594.5;0.018041485106324483;0.042227833894500556;0.030818131564400223
1596.0;0.01749044044752868;0.03318419090231171;0.019617224880382776
1597.5;0.016806227149428;0.027291242362525458;0.032236842105263154
1599.0;0.02751893344501449;0.03884165295300786;0.02612833667930701
1600.5;0.02939958592132505;0.02478101474827191;0.03641603353418916
1602.0;0.01685212062570553;0.02795584045584046;0.028926736955934035
1603.5;0.018323203432248837;0.03172228090434935;0.024782862284275207
1605.0;0.015879968453896016;0.030054937806250116;0.04061234817813765
1606.5;0.01967799642218247;0.025;0.034173650343921204
1608.0;0.028105106325342005;0.03750966744006187;0.03058185932940266
1609.5;0.016884655698856128;0.018323203432248837;0.03388997216805827
1611.0;0.036143201726545636;0.016913946587537095;0.024855740606687073
1612.5;0.022727272727272728;0.03262041696621135;0.04471744471744471
1614.0;0.03238269533831528;0.03568284186752753;0.036790780141843976
1615.5;0.024093511450381678;0.02734495764545848;0.04288862444356296
1617.0;0.0175513698630137;0.033205619412515965;0.03060380479735319
1618.5;0.032697066101095795;0.03926096997690531;0.04530932326459484
1620.0;0.0161839863713799;0.01856435643564356;0.02331882384294217
1621.5;0.015001087035292413;0.032924107142857144;0.02810490406232028
1623.0;0.015001087035292413;0.028546863436506902;0.028293074985762064
1624.5;0.015809071886378992;0.033861185983827494;0.03324142156862745
1626.0;0.03173139329252938;0.02720776331887443;0.08877637405574366
1627.5;0.03173139329252938;0.03079673955741108;0.027889109431479393
1629.0;0.017443347491498312;0.03498920086393088;0.03333333333333333
1630.5;0.026060070671378093;0.03740409207161126;0.028909205548549814
1632.0;0.01850632726208763;0.02687839640753636;0.03569632981397687
1633.5;0.03306159420289855;0.037422037422037424;0.02612006335142569
1635.0;0.03828413284132841;0.03356464945402592;0.03843669250645995
1636.5;0.03764790247400502;0.03800513149454778;0.03877840909090909
1638.0;0.017498443680569787;0.024723374827109266;0.028797093193330358
1639.5;0.018332165356039182;0.04212932723709994;0.030213742819593416
1641.0;0.0175513698630137;0.020854040125161052;0.044100709789741524
1642.5;0.016863406408094434;0.03259930026754476;0.025755079626578806
1644.0;0.016638225255972697;0.027694053962797532;0.03825903825903826
1645.5;0.015809071886378992;0.01726263871763255;0.03749999999999999
1647.0;0.0161839863713799;0.039888682745825604;0.055279679167276795
1648.5;0.0161839863713799;0.018197573656845753;0.025559088214689878
1650.0;0.01865038996269922;0.02878937007874016;0.04567541302235179
1651.5;0.017094017094017096;0.037037037037037035;0.025219655060201754
1653.0;0.0189328743545611;0.04013452914798206;0.026143790849673203
1654.5;0.01865038996269922;0.018945175681156216;0.030093267269017784
1656.0;0.01663225731761437;0.027332170880557977;0.08458518607539164
1657.5;0.016335052812576762;0.02669539153240914;0.05408957638257003
1659.0;0.017620235846214374;0.02941765423333879;0.03211797965666987
1660.5;0.018323203432248837;0.029516994633273706;0.037780898876404484
1662.0;0.0161446953143967;0.03004578405188859;0.04241128687473279
1663.5;0.015280135823429542;0.03316662279547249;0.037002368958315976
1665.0;0.03858564130142512;0.015095605501509561;0.02913279132791328
1666.5;0.015139193690331638;0.025088028169014082;0.06482348351862688
1668.0;0.0175513698630137;0.018543046357615892;0.047517123287671235
1669.5;0.016863406408094434;0.040279602176768625;0.03503580703549224
1671.0;0.018683274021352312;0.036415289256198344;0.02891522988505747
1672.5;0.017934291168491913;0.026457750968564567;0.06950085747811173
1674.0;0.017934291168491913;0.02352661596958175;0.048879122757434945
1675.5;0.017934291168491913;0.01814552172099398;0.026272832085615806
1677.0;0.02802491103202847;0.0325497287522604;0.03200898497823951
1678.5;0.03564899451553931;0.026173020527859234;0.03396624472573839
1680.0;0.015095605501509561;0.02516881522406384;0.045296167247386755
1681.5;0.01865038996269922;0.036415289256198344;0.05399408284023669
1683.0;0.017498443680569787;0.022185354577068325;0.02524723459380355
1684.5;0.0175513698630137;0.023274161735700197;0.024337866857551894
1686.0;0.0175513698630137;0.023815062518173887;0.057881406436233615
1687.5;0.035127911416571206;0.027811860940695293;0.05846774193548386
1689.0;0.03768591312195207;0.01810188254965837;0.026003870500058254
1690.5;0.03091538715963386;0.017302798982188294;0.033342842878539336
1692.0;0.035650623885918005;0.03608247422680412;0.0245183318429396
1693.5;0.03320921042632419;0.03176742395071236;0.027576536573965877
1695.0;0.015769487034319674;0.025529865125240848;0.02121504012581919
1696.5;0.03466050479914682;0.017368069472277887;0.023057404720125737
1698.0;0.02623456790123457;0.024378585086042064;0.033457671293473455
1699.5;0.040343486714193126;0.021575984990619135;0.035775127768313465
1701.0;0.0370493536614482;0.019675925925925927;0.030746395250212052
1702.5;0.017847922818538867;0.033445440956651716;0.04618768328445748
1704.0;0.03608247422680412;0.03892801251956181;0.042227833894500556
1705.5;0.040080752375793983;0.026077132126171788;0.07080419580419581
1707.0;0.0185554688027144;0.038100208768267224;0.03739438651212371
1708.5;0.017515962224757837;0.03156312625250501;0.06762566137566138
1710.0;0.017754480892796753;0.029216407862848938;0.028865906975927516
1711.5;0.016745540589734254;0.03968600241416934;0.047067410458266006
1713.0;0.03293798595973293;0.040357478833490126;0.023394808743169397
1714.5;0.016638225255972697;0.019566956695669567;0.033584803987606084
1716.0;0.03966822935448972;0.028741445657939593;0.02695450421019367
1717.5;0.02460456942003515;0.029445894981143025;0.04006187161639599
1719.0;0.02460456942003515;0.025502008032128515;0.04432612404380607
1720.5;0.01749271137026239;0.015414729630535846;0.030263586072242114
1722.0;0.017373380447585393;0.04730243161094225;0.036059806508355316
1723.5;0.015280135823429542;0.048814912152625685;0.04249929636926541
1725.0;0.03460837887067396;0.018026004728132386;0.03125
1726.5;0.016745540589734254;0.041029272898961286;0.03484526523200556
1728.0;0.0161839863713799;0.027742108079186728;0.04084302325581396
1729.5;0.01850632726208763;0.018143754361479414;0.03798936781899064
1731.0;0.016676298192025096;0.017825311942959002;0.030256723716381415
1732.5;0.02623456790123457;0.016848965746751293;0.025761124121779857
1734.0;0.036646406864497674;0.01632627218292661;0.035602503912363075
1735.5;0.036646406864497674;0.025088028169014082;0.04084302325581396
1737.0;0.016863406408094434;0.026475958612294584;0.05279370975527937
1738.5;0.016863406408094434;0.015517241379310345;0.03753501400560224
1740.0;0.02703900709219858;0.026592455163883737;0.02006825243212958
1741.5;0.023642732049036778;0.026998169615619284;0.044564017660044156
1743.0;0.01597712748065927;0.043010752688172046;0.03608815426997245
1744.5;0.02703900709219858;0.0170487948265726;0.038288288288288286
1746.0;0.01597712748065927;0.03188894351195074;0.03867822318526544
1747.5;0.027531083481349913;0.025246279605952632;0.06393494897959184
1749.0;0.03416622228993677;0.026107226107226107;0.03390482823899203
1750.5;0.03276661638370833;0.033047687615970406;0.025219974568464306
1752.0;0.03825578292372061;0.022975929978118162;0.04191176470588235
1753.5;0.040259548739124025;0.026507713884992984;0.02694259803163807
1755.0;0.016081348496769426;0.017356740642596888;0.043433752559227844
1756.5;0.027531083481349913;0.0350922131147541;0.020624753460052506
1758.0;0.035650623885918005;0.016293098349991132;0.02952019517484413
1759.5;0.016863406408094434;0.02909270216962525;0.053391488521529994
1761.0;0.0285204991087344;0.025522755227552277;0.032757073355061166
1762.5;0.031746031746031744;0.029504080351537978;0.05854022719287974
1764.0;0.015095605501509561;0.029504080351537978;0.03618077324973877
1765.5;0.023418491484184917;0.038817005545286505;0.025242130750605326
1767.0;0.019013666072489603;0.02433487565066512;0.04901185770750989
1768.5;0.034522108226862615;0.018086080586080584;0.035514821358460937
1770.0;0.024093511450381678;0.02430014108561669;0.053576970410401825
1771.5;0.018041485106324483;0.039888682745825604;0.036523347202958856
1773.0;0.039888682745825604;0.02909270216962525;0.05321570859419466
1774.5;0.017373380447585393;0.030938123752495012;0.047222222222222235
1776.0;0.0321371991852541;0.02909270216962525;0.04672435111933895
1777.5;0.03460837887067396;0.0334685598377282;0.04207953494517108
1779.0;0.027531083481349913;0.0340398201669878;0.06015607365128503
1780.5;0.015001087035292413;0.0348853766196782;0.0312919473056413
1782.0;0.0175513698630137;0.03542094455852156;0.026250316421364772
1783.5;0.02491909385113269;0.03282828282828283;0.0332636215282729
1785.0;0.024093511450381678;0.017094017094017096;0.1602034329307056
1786.5;0.01897923971725942;0.027482269503546097;0.0604987684729064
1788.0;0.03485049897106756;0.035751028806584366;0.0552995391705069
1789.5;0.032697066101095795;0.01726263871763255;0.13149847094801229
1791.0;0.030993042378241617;0.015831002263857863;0.04492522143168288
1792.5;0.026060070671378093;0.03642481481667006;0.05611111111111112
1794.0;0.0161839863713799;0.03564899451553931;0.03443815662824992
1795.5;0.029702970297029705;0.015095605501509561;0.18728639781271347
1797.0;0.027587890625;0.015809071886378992;0.04236181487251625
1798.5;0.03033312268664801;0.024378585086042064;0.05372272021942457
1800.0;0.027548964491359414;0.01882395123700251;0.03259637188208617
1801.5;0.03685386088066369;0.016928888642404022;0.04113601630157922
1803.0;0.024254473161033796;0.026592455163883737;0.05735107731305449
1804.5;0.026548438327157226;0.0189328743545611;0.03254934901301974
1806.0;0.02268431001890359;0.01678424862821045;0.02390033053648614
1807.5;0.016403046280023436;0.016917819729987117;0.0307092371435535
1809.0;0.023762376237623763;0.039888682745825604;0.0216677609980302
1810.5;0.031456657730116175;0.0189328743545611;0.028526504941599286
1812.0;0.034026465028355386;0.01865038996269922;0.045020266357845985
1813.5;0.01834061135371179;0.024464831804281346;0.03332724245746538
1815.0;0.016638225255972697;0.01733025239957341;0.04311740370890753
1816.5;0.032135306553911204;0.02495154857489206;0.03515625
1818.0;0.039133913391339134;0.01733025239957341;0.04521280257758929
1819.5;0.01865038996269922;0.018010291595197254;0.05087762266307453
1821.0;0.01726263871763255;0.015871286409530037;0.026531080908369774
1822.5;0.03630494704772959;0.015154962909024714;0.03556825105575167
1824.0;0.01769257756716558;0.01756386861313869;0.08365164247517186
1825.5;0.02802491103202847;0.0153103221203973;0.02031765860622825
1827.0;0.023244781783681213;0.017015706806282723;0.03986847558182652
1828.5;0.03250478011472275;0.016638225255972697;0.03163374468461015
1830.0;0.023765996343692867;0.0161839863713799;0.05399408284023669
1831.5;0.024672187715665976;0.018470790378006873;0.046221257652304316
1833.0;0.03564899451553931;0.01749271137026239;0.03548303548303548
1834.5;0.04157782515991471;0.017094017094017096;0.044259169319878416
1836.0;0.037483266398929044;0.02802491103202847;0.034417234126736224
1837.5;0.018848906360245943;0.024664750957854403;0.034688346883468835
1839.0;0.025088028169014082;0.016664843504300385;0.04001916320664324
1840.5;0.016676298192025096;0.017094017094017096;0.04277244494635799
1842.0;0.03669724770642202;0.0161839863713799;0.02286718500372777
1843.5;0.04331345337768092;0.03466050479914682;0.05355465079862199
1845.0;0.016905456002431644;0.026060070671378093;0.03168620882188721
1846.5;0.01834862385321101;0.0414027149321267;0.0409705648369133
1848.0;0.02433379845488888;0.01695388914764788;0.0462691430433366
1849.5;0.0188212927756654;0.01654091700522345;0.028702874082061937
1851.0;0.03742802303262956;0.02619146866750035;0.05468119451170299
1852.5;0.015926980240613186;0.03598346705567712;0.027482269503546097
1854.0;0.031190019193857967;0.015731292517006803;0.040768782760629
1855.5;0.01897923971725942;0.03530661003451022;0.021832358674463936
1857.0;0.016755205752543818;0.017215791035915702;0.03028503562945368
1858.5;0.01834061135371179;0.03357531760435572;0.02606208117334682
1860.0;0.03669724770642202;0.025088028169014082;0.03208232445520581
1861.5;0.025435922030762906;0.025573192239858905;0.02690371302706104
1863.0;0.01715933414707495;0.017754480892796753;0.03835669781931465
1864.5;0.018010291595197254;0.015769487034319674;0.025400139178844813
1866.0;0.025573192239858905;0.01830736743700201;0.06142983569971913
1867.5;0.024464831804281346;0.017427438387099873;0.025952008346374546
1869.0;0.039888682745825604;0.03722426470588235;0.026467469514504283
1870.5;0.02703900709219858;0.03764790247400502;0.0458441019043117
1872.0;0.025522755227552277;0.02802491103202847;0.03257339044380918
1873.5;0.02460456942003515;0.04057719431485299;0.043368154479265585
1875.0;0.036646406864497674;0.03572091415166077;0.026653053396360517
1876.5;0.018197573656845753;0.017094017094017096;0.03418935643564356
1878.0;0.0189328743545611;0.02703900709219858;0.03745472255197394
1879.5;0.017754480892796753;0.029074889867841413;0.029992107340173636
1881.0;0.016217853406024562;0.0285204991087344;0.028433476394849784
1882.5;0.03838932024908139;0.03460837887067396;0.03689567430025445
1884.0;0.015876142581414128;0.03617216117216117;0.03517994338859685
1885.5;0.02835538752362949;0.03966822935448972;0.028303736485350967
1887.0;0.024114774114774116;0.026475958612294584;0.034565043913791546
1888.5;0.02460456942003515;0.024816176470588234;0.02985404688191066
1890.0;0.016638225255972697;0.016863406408094434;0.022789783889980354
1891.5;0.025573192239858905;0.03320921042632419;0.034110097939885176
1893.0;0.019139945314441957;0.015743018124095107;0.030171509100176904
1894.5;0.038984406237504994;0.015871286409530037;0.028767523364485983
1896.0;0.016939604011490892;0.025573192239858905;0.0336175809257138
1897.5;0.016043635035830027;0.032697066101095795;0.02866752081998719
1899.0;0.018163597644995613;0.0285204991087344;0.029835659319160036
1900.5;0.024501992031872512;0.017754480892796753;0.0329512893982808
1902.0;0.029478889311525296;0.025573192239858905;0.0553191489361702
1903.5;0.018813083797617845;0.02460456942003515;0.03245382585751979
1905.0;0.030938123752495012;0.03706545928938685;0.03223447344734473
1906.5;0.017373380447585393;0.0161839863713799;0.02674234047032433
1908.0;0.04009504902845455;0.03460837887067396;0.03060380479735319
1909.5;0.0230722525804493;0.024464831804281346;0.027922453703703703
1911.0;0.015963095712199653;0.02909270216962525;0.031175059952038366
1912.5;0.016807551075732556;0.029017857142857144;0.04556574923547401
1914.0;0.018487434139972954;0.03320921042632419;0.03169023946226019
1915.5;0.017645059094131093;0.017498443680569787;0.020435244161358813
1917.0;0.030627490039840638;0.030993042378241617;0.03232198047675878
1918.5;0.017094017094017096;0.016863406408094434;0.02732193240052974
1920.0;0.019341334077588614;0.035650623885918005;0.03190870552281418
1921.5;0.018086080586080584;0.03969754253308129;0.025144438830429914
1923.0;0.024948024948024946;0.03669724770642202;0.03981237779039297
1924.5;0.02003052270125906;0.027531083481349913;0.024054982817869414
1926.0;0.017699115044247787;0.018010291595197254;0.01856510364258402
1927.5;0.0161839863713799;0.015225395561747438;0.03050595238095238
1929.0;0.01834862385321101;0.015871286409530037;0.03741339491916859
1930.5;0.02288072018004501;0.028186274509803922;0.03133759902498476
1932.0;0.030257320319432124;0.03874674288600388;0.02457757296466974
1933.5;0.01834862385321101;0.024114774114774116;0.032541687721071244
1935.0;0.01866724549598437;0.0230722525804493;0.029413291796469364
1936.5;0.01756046454869606;0.029017857142857144;0.03484526523200556
1938.0;0.030009052504526255;0.03469827586206897;0.03277439024390244
1939.5;0.017373380447585393;0.023565102946753215;0.034670398009950254
1941.0;0.028769144302374594;0.03676148796498906;0.032880462333975465
1942.5;0.02460456942003515;0.024653689858781795;0.037149234693877556
1944.0;0.034408602150537634;0.03443877551020408;0.026077097505668934
1945.5;0.02456524458901539;0.03048016701461378;0.03630201641744528
1947.0;0.03463022447080429;0.028447339847991318;0.029098966026587885
1948.5;0.026077596751308774;0.02623456790123457;0.021408409856736026
1950.0;0.049521531100478466;0.041530944625407164;0.02803158488437676
1951.5;0.018185821224130337;0.0345679012345679;0.021158950162194042
1953.0;0.025573192239858905;0.03913391339133914;0.023031496062992124
1954.5;0.024551276982683643;0.03669724770642202;0.03439838802533104
1956.0;0.028217821782178215;0.024114774114774116;0.03006237204208922
1957.5;0.024114774114774116;0.024672187715665976;0.038580931263858094
1959.0;0.015095605501509561;0.025562026954784614;0.03510298810559907
1960.5;0.03357531760435572;0.03473124982578309;0.03035201849038474
1962.0;0.030993042378241617;0.037879981099385736;0.025456088247772592
1963.5;0.019179429534916397;0.019214401225636224;0.038411357332697196
1965.0;0.018699545475974563;0.02804343947752292;0.045600233100233104
1966.5;0.033547008547008546;0.01711604546656093;0.03970834909306188
1968.0;0.037422037422037424;0.04070317557809465;0.025562026954784614
1969.5;0.04038004750593824;0.04516908212560387;0.018544683857294242
1971.0;0.038100208768267224;0.03474178403755869;0.0370850622406639
1972.5;0.02268431001890359;0.026901186216223828;0.028296616422472855
1974.0;0.015033359741139864;0.023765996343692867;0.024816176470588234
1975.5;0.025435922030762906;0.016735914907761343;0.031198686371100164
1977.0;0.017987706243934;0.01882395123700251;0.030431852515219772
1978.5;0.01654091700522345;0.026060070671378093;0.024714338790024794
1980.0;0.03503787878787879;0.03212468193384224;0.025904071694404857
1981.5;0.030257320319432124;0.027798718431963815;0.025400139178844813
1983.0;0.03566094073336818;0.024114774114774116;0.028073770491803277
1984.5;0.018902169101372285;0.025956284153005466;0.021832358674463936
1986.0;0.024378585086042064;0.016838000708968452;0.03370465581262496
1987.5;0.03191676745851877;0.0161839863713799;0.016040273206639064
1989.0;0.035017335314512135;0.03263403263403263;0.03722993827160494
1990.5;0.037483266398929044;0.019407305260773697;0.03254934901301974
1992.0;0.016348533050547898;0.023244781783681213;0.03401377169775584
1993.5;0.02848722986247544;0.017825311942959002;0.01885141843394476
1995.0;0.024464831804281346;0.018612132352941176;0.029702970297029705
1996.5;0.04919423240033926;0.024093511450381678;0.030039399424981364
1998.0;0.03156312625250501;0.03542094455852156;0.03091334894613583
1999.5;0.02566596808561249;0.03969072164948454;0.03996556812592228
2001.0;0.038288288288288286;0.020006613756613757;0.020006613756613757
2002.5;0.025856044723969258;0.035813733041056936;0.024114774114774116
2004.0;0.016979552792060267;0.018022181146025877;0.018354055654233276
2005.5;0.029664014146772767;0.02268431001890359;0.020611702127659573
2007.0;0.04707801183170232;0.024501992031872512;0.01730045314431013
2008.5;0.04050845270357466;0.019263204616067467;0.029702970297029705
2010.0;0.04271844660194175;0.01862097440132122;0.018141311266709103
2011.5;0.03136882129277567;0.026935031550970972;0.020618556701030927
2013.0;0.026457750968564567;0.024176667596985765;0.02268431001890359
2014.5;0.024176667596985765;0.03072899640405361;0.028433476394849784
2016.0;0.024026590693257358;0.02686320604866891;0.01983411467724486
2017.5;0.03297872340425532;0.01903625791369642;0.04260800634165676
2019.0;0.019525390384851838;0.032692307692307694;0.015280135823429542
2020.5;0.03481624758220503;0.022964015151515152;0.0177109440267335
2022.0;0.03164660273413589;0.027684243413059327;0.020330932247625014
2023.5;0.022549019607843137;0.01866458752950859;0.01862097440132122
2025.0;0.01639707906283901;0.029397233201581028;0.02403924520061301
2026.5;0.03521643433602348;0.01537736404878336;0.01606832657788072
2028.0;0.028105106325342005;0.022549019607843137;0.02516881522406384
2029.5;0.01854341535846221;0.03584905660377359;0.024664750957854403
2031.0;0.04103088625100842;0.028580208973570994;0.01703197690454738
2032.5;0.023613963039014373;0.028067203162501757;0.0230722525804493
2034.0;0.03498840340945604;0.040449438202247195;0.027315467795016455
2035.5;0.02799872733057588;0.02577445252406372;0.03474178403755869
2037.0;0.024855327823383497;0.03194385625264686;0.03156312625250501
2038.5;0.0325497287522604;0.03326226012793177;0.019408502772643253
2040.0;0.023274161735700197;0.015399445716351367;0.017596390484003282
2041.5;0.030318091451292245;0.02623456790123457;0.01678765880217786
2043.0;0.030318091451292245;0.017094017094017096;0.02633339705601223
2044.5;0.02659710853829313;0.04771873322597961;0.01756386861313869
2046.0;0.026518218623481783;0.018086080586080584;0.027551020408163263
2047.5;0.026606260296540358;0.02343480758184951;0.029611819109441828
2049.0;0.03130252100840336;0.017971946230274694;0.023244781783681213
2050.5;0.018354055654233276;0.026839699159416013;0.022964015151515152
2052.0;0.027609028498049096;0.024114774114774116;0.024378585086042064
2053.5;0.018197573656845753;0.037753222836095765;0.027798718431963815
2055.0;0.04108352144469526;0.02495201535508637;0.03754432031269191
2056.5;0.030318091451292245;0.029478889311525296;0.03326935380678182
2058.0;0.03397147147147147;0.016403046280023436;0.0189328743545611
2059.5;0.018314772574802095;0.024816176470588234;0.02400793650793651
2061.0;0.02909270216962525;0.029478889311525296;0.02848722986247544
2062.5;0.02273489530928082;0.04313207698155483;0.01702553830746119
2064.0;0.024780849629130138;0.019944341372912802;0.01730418943533698
2065.5;0.018419923289434863;0.019395134779750165;0.019961612284069098
2067.0;0.0161839863713799;0.025152855115187247;0.031570762052877135
2068.5;0.016638225255972697;0.024637681159420288;0.02795260815954538
2070.0;0.024464831804281346;0.02351778656126482;0.01862097440132122
2071.5;0.018610244807272875;0.028892455858747997;0.017154737992035804
2073.0;0.018937169700528483;0.01920372792674951;0.02613765044198765
2074.5;0.022309197651663407;0.0162748643761302;0.0161839863713799
2076.0;0.01929824561403509;0.028314546430488457;0.04273084479371316
2077.5;0.023613963039014373;0.03136016718153734;0.03326935380678182
2079.0;0.024378585086042064;0.027246992215145083;0.027526172426241342
2080.5;0.029074889867841413;0.033476658476658476;0.04087048832271763
2082.0;0.035813733041056936;0.02891522988505747;0.018197573656845753
2083.5;0.031163260156447138;0.018559977888336097;0.03297872340425532
2085.0;0.024093511450381678;0.024637681159420288;0.03136882129277567
2086.5;0.02491909385113269;0.03879373444590836;0.028580208973570994
2088.0;0.025070879659652323;0.02833675564681725;0.01748306005275953
2089.5;0.02352661596958175;0.040033783783783784;0.04170616113744076
2091.0;0.019114380899500277;0.03503787878787879;0.036143201726545636
2092.5;0.02853758468601488;0.04250672043010753;0.03442728442728442
2094.0;0.04278975741239892;0.017551001088654327;0.018937169700528483
2095.5;0.028073770491803277;0.025522755227552277;0.03557838660578387
2097.0;0.028073770491803277;0.018543046357615892;0.036282622533418206
2098.5;0.04050845270357466;0.023330719354283422;0.03403665485907901
2100.0;0.015280135823429542;0.0193872983118375;0.03885256091044901
2101.5;0.022727272727272728;0.017460979111666896;0.04941271769947346
2103.0;0.017699115044247787;0.03047703180212014;0.023244781783681213
2104.5;0.01834862385321101;0.045289842048126076;0.017814806907942786
2106.0;0.023418491484184917;0.029555685371636716;0.030993042378241617
2107.5;0.02752293577981652;0.019961612284069098;0.017971946230274694
2109.0;0.0175513698630137;0.01810188254965837;0.024114774114774116
2110.5;0.02352661596958175;0.019375364664178694;0.024093511450381678
2112.0;0.02352661596958175;0.03774334525228447;0.038942267324001106
2113.5;0.02710937611104;0.033445440956651716;0.044009779951100246
2115.0;0.016448125143777317;0.03774334525228447;0.023809523809523808
2116.5;0.029702970297029705;0.027718550106609806;0.030894498987065602
2118.0;0.03125;0.018532729644693425;0.028329759351918036
2119.5;0.017122114923635367;0.025806525446035178;0.043652062679884876
2121.0;0.03308821796412831;0.029668709395014512;0.028186274509803922
2122.5;0.017015706806282723;0.03110117319084679;0.03377298161470824
2124.0;0.046550290939318374;0.03445525191703979;0.028186274509803922
2125.5;0.027886497064579255;0.024398625429553265;0.032924107142857144
2127.0;0.03485185819489639;0.019939577039274924;0.01852995676343422
2128.5;0.03412112259970458;0.03825903825903826;0.03197423804452559
2130.0;0.018875672613990372;0.01711604546656093;0.04064736499674691
2131.5;0.03905212949909857;0.023274161735700197;0.030318091451292245
2133.0;0.03460837887067396;0.019626168224299065;0.02848722986247544
2134.5;0.033547008547008546;0.025173611111111115;0.03215077605321508
2136.0;0.03004578405188859;0.040748898678414094;0.04424177692977726
2137.5;0.02587800369685767;0.036748329621380846;0.01856510364258402
2139.0;0.01645021645021645;0.03326226012793177;0.02878937007874016
2140.5;0.018683274021352312;0.04389027431421447;0.03612385321100917
2142.0;0.017754480892796753;0.021173390138907382;0.024224534555828566
2143.5;0.028433476394849784;0.033445440956651716;0.03758169934640523
2145.0;0.016403046280023436;0.03937264934420283;0.026077097505668934
2146.5;0.01730418943533698;0.019524316648917288;0.01871534998206012
2148.0;0.02556918498603369;0.02755773736472163;0.027482269503546097
2149.5;0.01749271137026239;0.040424121935056324;0.04613036742433001
2151.0;0.041029272898961286;0.021673387096774195;0.0399002493765586
2152.5;0.04170616113744076;0.033445440956651716;0.045437546746447274
2154.0;0.0182414188058108;0.027811860940695293;0.03528138528138528
2155.5;0.018937169700528483;0.031175059952038366;0.03446601941747573
2157.0;0.038655160014383315;0.0219435677504115;0.02705016264338298
2158.5;0.016863406408094434;0.02833675564681725;0.0403621853898097
2160.0;0.039888682745825604;0.024254473161033796;0.023809523809523808
2161.5;0.0306254493170381;0.029011060822421764;0.030032467532467532
2163.0;0.02634514287254535;0.03361344537815126;0.01899456900153182
2164.5;0.015225395561747438;0.021591663931028;0.024948024948024946
2166.0;0.035751028806584366;0.03791773778920309;0.030263586072242114
2167.5;0.03370786516853933;0.03791773778920309;0.022789783889980354
2169.0;0.02525050100200401;0.03287716955941255;0.02631578947368421
2170.5;0.025956284153005466;0.031115106830270287;0.03585049580472921
2172.0;0.03414239072663309;0.03089668502497584;0.026167500738293065
2173.5;0.015001087035292413;0.03727616744040885;0.033476658476658476
2175.0;0.023613963039014373;0.018538209281526382;0.018991486574983625
2176.5;0.018022181146025877;0.02018776437242203;0.017924528301886795
2178.0;0.040179260210763505;0.033445440956651716;0.03900692975296097
2179.5;0.02587800369685767;0.023274161735700197;0.02799872733057588
2181.0;0.016371008616320324;0.04274753379612715;0.039225260416666664
2182.5;0.02866752081998719;0.018010456796917998;0.02795584045584046
2184.0;0.018040457594249826;0.03324142156862745;0.01982057751611999
2185.5;0.029397233201581028;0.03585164835164835;0.01793584214568441
2187.0;0.025772579946528054;0.024723374827109266;0.032812245562611954
2188.5;0.018937169700528483;0.023974308792655583;0.027186615819904048
2190.0;0.024254473161033796;0.020006613756613757;0.0210044690359651
2191.5;0.027521563105087132;0.01860366564254688;0.04191176470588235
2193.0;0.01528233017970999;0.041872254139912135;0.046037674569665475
2194.5;0.015978277889844638;0.02081797581019466;0.03202079097778971
2196.0;0.026322874598736667;0.038812276228510044;0.027491408934707903
2197.5;0.019263204616067467;0.04009925254258057;0.030009920634920632
2199.0;0.027886497064579255;0.03238213399503722;0.044220945083014045
2200.5;0.04083665338645418;0.0446204122674711;0.026521645949421344
2202.0;0.03061868686868687;0.02848722986247544;0.02540904716073147
2203.5;0.018683274021352312;0.04558580858085808;0.023893434025592616
2205.0;0.03926814162336992;0.03137771666475689;0.04111878760864721
2206.5;0.03357531760435572;0.02587800369685767;0.028942115768463075
2208.0;0.03858520900321543;0.02729044834307992;0.03370786516853933
2209.5;0.02460456942003515;0.01756386861313869;0.032392026578073094
2211.0;0.025529865125240848;0.023809523809523808;0.02872168284789644
2212.5;0.017460979111666896;0.029504080351537978;0.03119862638366273
2214.0;0.036203034460902415;0.029937629937629936;0.034797123780174626
2215.5;0.030753138075313803;0.034408602150537634;0.03498920086393088
2217.0;0.024540682414698162;0.02891522988505747;0.036578707916287534
2218.5;0.01496918411899176;0.02762109965480676;0.02727958853657487
2220.0;0.015731292517006803;0.04516908212560387;0.021047414712487923
2221.5;0.01672535211267606;0.016403046280023436;0.03050595238095238
2223.0;0.01597712748065927;0.02238354506957048;0.026836599266140997
2224.5;0.0175513698630137;0.04108352144469526;0.034459459459459454
2226.0;0.0161839863713799;0.01813557316928901;0.024126401054911935
2227.5;0.03365384615384615;0.03681100943872037;0.02214851960981885
2229.0;0.016897746967071057;0.033366867873910126;0.019492203118752497
2230.5;0.023765996343692867;0.02891522988505747;0.02275467148884871
2232.0;0.017596390484003282;0.024948024948024946;0.030958549222797924
2233.5;0.01861305152546421;0.026774847870182555;0.03542390031943811
2235.0;0.03669724770642202;0.02878937007874016;0.03446538124452234
2236.5;0.028489903424056193;0.017083111144968386;0.019679300291545188
2238.0;0.01866458752950859;0.024693080357142856;0.07302077209484616
2239.5;0.02900414405946939;0.029558955341921652;0.029573367808661925
2241.0;0.0177465098700887;0.03557838660578387;0.031435154707044104
2242.5;0.017094017094017096;0.027713625866050806;0.026491035492133188
2244.0;0.018937169700528483;0.022309197651663407;0.03180628272251309
2245.5;0.015926980240613186;0.02690371302706104;0.034228610397104335
2247.0;0.024501992031872512;0.03942484685717734;0.03321661659776901
2248.5;0.03296124419917221;0.036921369689283445;0.03356464945402592
2250.0;0.024816176470588234;0.03226647100495902;0.027922453703703703
2251.5;0.0174812030075188;0.018583458849152707;0.03819416377010751
2253.0;0.018803418803418803;0.03439838802533104;0.02919600938967136
2254.5;0.029291649063512178;0.026248195436563735;0.029792173336281234
2256.0;0.017373380447585393;0.03177007594118597;0.03187422934648582
2257.5;0.017679771605305417;0.03880070546737213;0.02681265528320122
2259.0;0.02317655078391275;0.029549658049808594;0.026540460282108387
2260.5;0.02878937007874016;0.04038461538461538;0.03125
2262.0;0.026616509333522605;0.030137981118373278;0.03339230429013711
2263.5;0.015101421876721354;0.03658247595726614;0.02223552313613175
2265.0;0.018683274021352312;0.01822145094387539;0.021472507536193508
2266.5;0.034328834095015415;0.04409448818897638;0.024416163398409206
2268.0;0.04266958424507658;0.030032467532467532;0.02872168284789644
2269.5;0.03480130926146215;0.02355671598491442;0.048200859291084856
2271.0;0.04477151090983944;0.04399939311181914;0.03245421470348935
2272.5;0.023556231003039513;0.040259548739124025;0.03519530459421169
2274.0;0.018683274021352312;0.048582995951417;0.03203716682115163
2275.5;0.016863406408094434;0.04269406392694064;0.04479768786127168
2277.0;0.018470790378006873;0.04392764857881137;0.02655541447487756
2278.5;0.03564899451553931;0.04558580858085808;0.037659218352545126
2280.0;0.04334677419354839;0.015597920277296359;0.049132470438225946
2281.5;0.031746031746031744;0.02572062084257206;0.05112781954887218
2283.0;0.017971946230274694;0.029588529902779142;0.04082986137900882
2284.5;0.023244781783681213;0.01672535211267606;0.02568510993018652
2286.0;0.02891543420553659;0.042045454545454546;0.03890594639493319
2287.5;0.019643114117139156;0.024093511450381678;0.036306066088943906
2289.0;0.019192913385826772;0.0437679769894535;0.03513772417475423
2290.5;0.02724539646749342;0.024475524475524472;0.04371584699453552
2292.0;0.024574669187145556;0.024371551195585532;0.03594686116176087
2293.5;0.036203034460902415;0.019098466389565714;0.06128311522502396
2295.0;0.027215631542219124;0.025478603603603604;0.1510777881911901
2296.5;0.019139945314441957;0.027180734232820834;0.03370465581262496
2298.0;0.03297682709447416;0.0350922131147541;0.06393494897959184
2299.5;0.016700702455922763;0.03663911845730027;0.0384129390952742
2301.0;0.024114774114774116;0.03476946334089191;0.03277439024390244
2302.5;0.027531083481349913;0.03519035190351904;0.047701348081576216
2304.0;0.025088028169014082;0.036927877947295414;0.048843413233754164
2305.5;0.026592455163883737;0.03326935380678182;0.03761297182349813
2307.0;0.03800513149454778;0.03417237533853752;0.046481505290086225
2308.5;0.037199376389705316;0.03801916932907348;0.07391138273491214
2310.0;0.033453985924438094;0.02709959413050265;0.046215311521433974
2311.5;0.033453985924438094;0.017701320503279626;0.06218671679197994
2313.0;0.016713577195494413;0.01749271137026239;0.040743670886075944
2314.5;0.016713577195494413;0.03136882129277567;0.0334366488212642
2316.0;0.016593743481628447;0.024114774114774116;0.0398946323585554
2317.5;0.01743628907678895;0.018163597644995613;0.04141611349733177
2319.0;0.015693588808928575;0.01950286806883365;0.03159808561268415
2320.5;0.037920796349096945;0.024464831804281346;0.05345335793201433
2322.0;0.015280135823429542;0.045132413278627374;0.021279352077715072
2323.5;0.01865038996269922;0.02919755075733162;0.04371584699453552
2325.0;0.01850632726208763;0.028770882091840855;0.04195804195804195
2326.5;0.03293798595973293;0.016084484159220147;0.0468384074941452
2328.0;0.03293798595973293;0.017432449259120908;0.030906719676425977
2329.5;0.03293798595973293;0.02470785269377693;0.10575259515570934
2331.0;0.03637335441877961;0.018710404810479975;0.029125590384992503
2332.5;0.030743823668949708;0.02878937007874016;0.06085958005249345
2334.0;0.026060070671378093;0.028489903424056193;0.058040935672514615
2335.5;0.033676001417936904;0.025102556665147303;0.04890245226624606
2337.0;0.015095605501509561;0.029816513761467895;0.04803511196001138
2338.5;0.01865038996269922;0.026077596751308774;0.044532062210630094
2340.0;0.026592455163883737;0.028524323378165496;0.040543735224586284
2341.5;0.017094017094017096;0.017830478700043915;0.02085837633951839
2343.0;0.017094017094017096;0.027393124939137207;0.049482006543075246
2344.5;0.018470790378006873;0.015963398429609612;0.038461538461538464
2346.0;0.017623877982923447;0.025716433527362123;0.027620309917983008
2347.5;0.036514961411379304;0.019332161687170474;0.024397797106829763
2349.0;0.032573955124637066;0.018012117242508598;0.044733044733044736
2350.5;0.027531083481349913;0.032725185526827794;0.03347578347578348
2352.0;0.035127911416571206;0.017699115044247787;0.04711191335740071
2353.5;0.029516994633273706;0.01654091700522345;0.0605456509545288
2355.0;0.0161839863713799;0.0161839863713799;0.027953958186516328
2356.5;0.01850632726208763;0.03864818325709216;0.04233870967741935
2358.0;0.014945495799148322;0.019877675840978597;0.06761869105299875
2359.5;0.02802491103202847;0.02672943681845428;0.07761028596763467
2361.0;0.017754480892796753;0.018558172733761598;0.029174962327938224
2362.5;0.017094017094017096;0.01695577289782863;0.05029365751070762
2364.0;0.03564899451553931;0.02400793650793651;0.05338301165485539
2365.5;0.03320921042632419;0.0277020806481311;0.041514661174855354
2367.0;0.03320921042632419;0.029132231404958676;0.03968271204803047
2368.5;0.036514961411379304;0.03681100943872037;0.04864905738032887
2370.0;0.036514961411379304;0.03969754253308129;0.03421588594704684
2371.5;0.0161839863713799;0.01929824561403509;0.07769609139472154
2373.0;0.033676001417936904;0.028050275904353158;0.05801255801255801
2374.5;0.026060070671378093;0.030495759947814744;0.0277363184079602
2376.0;0.03966822935448972;0.02491963216865363;0.08176795580110499
2377.5;0.03764790247400502;0.01929824561403509;0.05294582058620349
2379.0;0.03902213310711807;0.03085485307212823;0.031721904094826656
2380.5;0.03764790247400502;0.01792418702827621;0.03680124251149111
2382.0;0.03250478011472275;0.027798718431963815;0.059655602029011316
2383.5;0.03966822935448972;0.03771270494952571;0.041567791212783124
2385.0;0.0161839863713799;0.025573192239858905;0.055853920515574654
2386.5;0.035650623885918005;0.015001087035292413;0.0436482569515996
2388.0;0.01850632726208763;0.02516881522406384;0.18104619565217392
2389.5;0.02460456942003515;0.030185758513931894;0.049808429118773936
2391.0;0.016863406408094434;0.040968342644320296;0.034310286444934945
2392.5;0.02516881522406384;0.03316662279547249;0.03040230766639257
2394.0;0.02516881522406384;0.025019687253909326;0.0667799557382232
2395.5;0.03130908265900325;0.033018091263193675;0.042227833894500556
2397.0;0.026060070671378093;0.017824497257769654;0.044164037854889586
2398.5;0.015001087035292413;0.024464831804281346;0.03197207441507063
2400.0;0.02587800369685767;0.025;0.04229732531619324
2401.5;0.03331214913674399;0.015168071117696084;0.032575220246438386
2403.0;0.02460456942003515;0.018470790378006873;0.07316538882803944
2404.5;0.03966822935448972;0.027798718431963815;0.03844735801697269
2406.0;0.018010291595197254;0.035813733041056936;0.03708793856337779
2407.5;0.025088028169014082;0.024664750957854403;0.04983309489747259
2409.0;0.024122807017543862;0.015731292517006803;0.03547875265865542
2410.5;0.033676001417936904;0.02669539153240914;0.03622709238617042
2412.0;0.03746174588351344;0.02802491103202847;0.0789720805775736
2413.5;0.017094017094017096;0.040343486714193126;0.05846895720313442
2415.0;0.03722426470588235;0.01672535211267606;0.04277244494635799
2416.5;0.015809071886378992;0.01702553830746119;0.03954154727793697
2418.0;0.03764790247400502;0.026060070671378093;0.03990990750859611
2419.5;0.016745540589734254;0.02752293577981652;0.034122740005092946
2421.0;0.04195042222827568;0.018143754361479414;0.04824019227145936
2422.5;0.023765996343692867;0.03412112259970458;0.0342797783933518
2424.0;0.04093567251461988;0.01942319011183049;0.039285714285714285
2425.5;0.018848906360245943;0.03469827586206897;0.035921104800835414
2427.0;0.038817005545286505;0.037422037422037424;0.03905540417801998
2428.5;0.0325497287522604;0.02819414703783012;0.03072792362768496
2430.0;0.03609431217943811;0.02494777243356168;0.03397846920584266
2431.5;0.023765996343692867;0.03608247422680412;0.03138020833333333
2433.0;0.0189328743545611;0.04236010125491464;0.025746183640920482
2434.5;0.01842179442537598;0.017799021627615652;0.03525250540381215
2436.0;0.024464831804281346;0.03323543808125306;0.03324808184143222
2437.5;0.03742165865034251;0.03156312625250501;0.05337591240875913
2439.0;0.03061868686868687;0.050030506406345335;0.07061659774656374
2440.5;0.026060070671378093;0.03337971552257266;0.018569227967635642
2442.0;0.03706545928938685;0.03231480404698221;0.04317180616740089
2443.5;0.017971946230274694;0.026708112280849787;0.05150480918399008
2445.0;0.03892124243888933;0.039331409002154455;0.026336477987421385
2446.5;0.017825311942959002;0.040427509293680296;0.05959302325581395
2448.0;0.0189328743545611;0.024464831804281346;0.04574164380364669
2449.5;0.03320921042632419;0.024816176470588234;0.026346604215456676
2451.0;0.03423209093312186;0.033676001417936904;0.034688346883468835
2452.5;0.015831002263857863;0.016217853406024562;0.04570637119113574
2454.0;0.02860082304526749;0.016285076905013504;0.025695517774343125
2455.5;0.01727990000781189;0.036927877947295414;0.027230643550875924
2457.0;0.01865038996269922;0.03828413284132841;0.07804563301392053
2458.5;0.03250478011472275;0.02891543420553659;0.0342878642595333
2460.0;0.017754480892796753;0.016209169954000083;0.03797145769622833
2461.5;0.026548672566371685;0.032886334610472544;0.0464031261150309
2463.0;0.017754480892796753;0.03466050479914682;0.03535501275738221
2464.5;0.03061868686868687;0.026060070671378093;0.03187706965665485
2466.0;0.025820463320463317;0.015871286409530037;0.04009314569201175
2467.5;0.022405660377358493;0.024816176470588234;0.030630597920090343
2469.0;0.018832655731576244;0.015280135823429542;0.02878258532652513
2470.5;0.03591105863833136;0.01597712748065927;0.04863433667781495
2472.0;0.032745934634362546;0.029937629937629936;0.05006296164038567
2473.5;0.023274161735700197;0.029702970297029705;0.04449485862903525
2475.0;0.024554581351496647;0.016937514305333027;0.036971268954509175
2476.5;0.02734495764545848;0.03966822935448972;0.022574988476733174
2478.0;0.018533328860806126;0.03902213310711807;0.06667758846657931
2479.5;0.02966804979253112;0.03902213310711807;0.045405868494324264
2481.0;0.030634573304157545;0.03106789479980177;0.04698652303054485
2482.5;0.028723307690562097;0.01663225731761437;0.030256012412723042
2484.0;0.030318091451292245;0.030813820600779404;0.02188398849472675
2485.5;0.02802491103202847;0.0285204991087344;0.030659246387013044
2487.0;0.025573192239858905;0.01865038996269922;0.03130252100840336
2488.5;0.03238269533831528;0.032697066101095795;0.020192168761739633
2490.0;0.029038092982191694;0.026060070671378093;0.034926470588235295
2491.5;0.026998169615619284;0.03416622228993677;0.025338374408280587
2493.0;0.024924471299093656;0.0175513698630137;0.04444688142892833
2494.5;0.03704674557307889;0.02268431001890359;0.04164222873900293
2496.0;0.025573192239858905;0.026148673888681355;0.025161742749852955
2497.5;0.035650623885918005;0.018671683262517162;0.05128205128205128
2499.0;0.015769487034319674;0.03669724770642202;0.03869818652849741
2500.5;0.03564899451553931;0.03669724770642202;0.029462230273996876
2502.0;0.01597712748065927;0.03669724770642202;0.03704735376044569
2503.5;0.03320921042632419;0.03466050479914682;0.043323863636363626
2505.0;0.026548672566371685;0.02802491103202847;0.02616041814992967
2506.5;0.014945495799148322;0.03966822935448972;0.04674922600619194
2508.0;0.015871286409530037;0.03357531760435572;0.03442928039702233
2509.5;0.029874213836477988;0.026060070671378093;0.023333212263351426
2511.0;0.031723651744800845;0.0175513698630137;0.04014962593516211
2512.5;0.03156776445591137;0.0175513698630137;0.04359095193213949
2514.0;0.024499654934437544;0.0175513698630137;0.03689567430025445
2515.5;0.023765996343692867;0.03460837887067396;0.055678375501514776
2517.0;0.03130252100840336;0.04195042222827568;0.03072899640405361
2518.5;0.03498920086393088;0.041250831669993354;0.03548303548303548
2520.0;0.039908643914928287;0.015069294547215105;0.03416594889463106
2521.5;0.017215791035915702;0.016638225255972697;0.024498886414253896
2523.0;0.034290370024975876;0.029516994633273706;0.06297709923664123
2524.5;0.018470790378006873;0.015001087035292413;0.02351778656126482
2526.0;0.025573192239858905;0.015743018124095107;0.033950617283950615
2527.5;0.01879117923894043;0.015711796950363736;0.03949086161879895
2529.0;0.01769257756716558;0.017094017094017096;0.02758037225042301
2530.5;0.03357531760435572;0.01749271137026239;0.022953790395650864
2532.0;0.01726263871763255;0.018026004728132386;0.022549019607843137
2533.5;0.018699545475974563;0.027551020408163263;0.019138359569179784
2535.0;0.038817005545286505;0.017045454545454544;0.025490088708794215
2536.5;0.01544910828831108;0.03975390440132513;0.02534287418008348
2538.0;0.03674948240165632;0.02460456942003515;0.04446583253128008
2539.5;0.024816176470588234;0.018470790378006873;0.04016620498614958
2541.0;0.028248983597364368;0.022309197651663407;0.04450982674804632
2542.5;0.017674350500443508;0.016835957338750634;0.037037037037037035
2544.0;0.03686195017523682;0.022964015151515152;0.05311726521272124
2545.5;0.029397233201581028;0.015654541329501625;0.03639846743295019
2547.0;0.02833675564681725;0.025930285205891766;0.032236842105263154
2548.5;0.03439037725533078;0.03466050479914682;0.04035249894257139
2550.0;0.024816176470588234;0.016348533050547898;0.023834019204389576
2551.5;0.0170487948265726;0.03874674288600388;0.024054982817869414
2553.0;0.02516881522406384;0.027291242362525458;0.01874025924658836
2554.5;0.025322619917214514;0.019311776920795016;0.041852181656277826
2556.0;0.040903516753036114;0.029906985144714862;0.0399002493765586
2557.5;0.027531083481349913;0.02268431001890359;0.027718550106609806
2559.0;0.032000890578704894;0.03336778829267314;0.026728495351566024
2560.5;0.014910112661872163;0.037753222836095765;0.025162230168189643
2562.0;0.017045454545454544;0.030627490039840638;0.020827211284161037
2563.5;0.017792037334111128;0.02860082304526749;0.03699560858397548
2565.0;0.018197573656845753;0.015329448677722997;0.022122793934874475
2566.5;0.03381542944458264;0.025240384615384616;0.032151143520053035
2568.0;0.015414729630535846;0.027762308282785714;0.04450848543067563
2569.5;0.032697066101095795;0.03530661003451022;0.04469862830079084
2571.0;0.017487517572349606;0.027531083481349913;0.019801980198019802
2572.5;0.022789783889980354;0.03919631093544137;0.024499654934437544
2574.0;0.017089125102207687;0.019731800766283527;0.03399378399378399
2575.5;0.01669574577356287;0.023418491484184917;0.035063543415646284
2577.0;0.01835078161749423;0.023418491484184917;0.018620022569724327
2578.5;0.01756386861313869;0.017094017094017096;0.020052770448548814
2580.0;0.032793150894358664;0.03357531760435572;0.02866752081998719
2581.5;0.020765472312703582;0.03365384615384615;0.03766025641025641
2583.0;0.025605214152700187;0.01772899957788096;0.018103614303139243
2584.5;0.03061868686868687;0.024114774114774116;0.03038573508005822
2586.0;0.02939958592132505;0.018010291595197254;0.02682763246143528
2587.5;0.03282828282828283;0.019071369196057474;0.03503470930953266
2589.0;0.024378585086042064;0.029516994633273706;0.01983161833489242
2590.5;0.02352661596958175;0.02623456790123457;0.025129583413323095
2592.0;0.025;0.04057719431485299;0.04048813105984621
2593.5;0.017697169552074746;0.03722426470588235;0.01949374454466104
2595.0;0.01843056876006907;0.01842179442537598;0.027718550106609806
2596.5;0.04024144869215292;0.018010291595197254;0.0281322505800464
2598.0;0.024378585086042064;0.036646406864497674;0.03007413179107016
2599.5;0.022549019607843137;0.031746031746031744;0.04218448318059445
2601.0;0.018354055654233276;0.024924471299093656;0.02278882166522616
2602.5;0.01834862385321101;0.03460837887067396;0.024371551195585532
2604.0;0.01766318140290326;0.03798297314996725;0.028433476394849784
2605.5;0.017094017094017096;0.015001087035292413;0.030887140922580457
2607.0;0.023218422128355357;0.03706140350877192;0.032180226350629934
2608.5;0.03439700090605306;0.034156806657131715;0.025122506125306268
2610.0;0.038821972047249236;0.03878406708595388;0.043368154479265585
2611.5;0.015868663401916207;0.03879373444590836;0.02984654274684362
2613.0;0.016009573401468354;0.026384343193694787;0.018393682240041
2614.5;0.018470790378006873;0.02724539646749342;0.03020833333333333
2616.0;0.017915564697815654;0.02373344847438111;0.029573367808661925
2617.5;0.025216257850456218;0.02911275415896488;0.019606362874788133
2619.0;0.026113457095052188;0.017215791035915702;0.035924265072247136
2620.5;0.024499654934437544;0.030634573304157545;0.03476946334089191
2622.0;0.028329759351918036;0.01814843954891162;0.018876611418047883
2623.5;0.02531293463143254;0.02923976608187135;0.032924107142857144
2625.0;0.024114774114774116;0.04667422524565381;0.02939958592132505
2626.5;0.03326935380678182;0.030993027953345933;0.033181965617904645
2628.0;0.024093511450381678;0.030746705710102493;0.045016404570652785
2629.5;0.04269527788327637;0.017373380447585393;0.037874902578468615
2631.0;0.027623057759802158;0.034522108226862615;0.036193520054650145
2632.5;0.03412017167381975;0.03418935643564356;0.02729044834307992
2634.0;0.02800632911392405;0.025040780766307672;0.025490088708794215
2635.5;0.02460456942003515;0.02848722986247544;0.03511762700306853
2637.0;0.015280135823429542;0.037722668529514496;0.02966804979253112
2638.5;0.038655160014383315;0.023762376237623763;0.019408502772643253
2640.0;0.025627615062761504;0.017499542375983893;0.03608247422680412
2641.5;0.017824497257769654;0.02633649743549873;0.029132231404958676
2643.0;0.017645059094131093;0.030894498987065602;0.029401154401154404
2644.5;0.018532729644693425;0.02964736418150899;0.01720435937754162
2646.0;0.03669724770642202;0.02687535382809538;0.0241042117762101
2647.5;0.017623877982923447;0.024541691306918984;0.023274161735700197
2649.0;0.0340398201669878;0.029664014146772767;0.03785661319907895
2650.5;0.032886334610472544;0.01733025239957341;0.02909270216962525
2652.0;0.01749271137026239;0.03646288209606987;0.04574428196475439
2653.5;0.02351778656126482;0.026873649493915616;0.04552702010136097
2655.0;0.015280135823429542;0.019292604501607715;0.028486027081532698
2656.5;0.025439127801332527;0.02433487565066512;0.023829712837099525
2658.0;0.019098466389565714;0.02669539153240914;0.024664750957854403
2659.5;0.025883496493786014;0.03542094455852156;0.03618739903069467
2661.0;0.033366867873910126;0.015154962909024714;0.020625415834996677
2662.5;0.018235427337026582;0.03412017167381975;0.017883272962794156
2664.0;0.03951778570656288;0.03530751708428246;0.03287716955941255
2665.5;0.03297872340425532;0.03742165865034251;0.018170805572380377
2667.0;0.024254473161033796;0.0230722525804493;0.028489903424056193
2668.5;0.02891543420553659;0.017971946230274694;0.03160923700593601
2670.0;0.019567979669631513;0.04511357633386159;0.032994727913096995
2671.5;0.0230722525804493;0.02848722986247544;0.01845342706502636
2673.0;0.024941894247530506;0.04078456212154433;0.04087605974969721
2674.5;0.016254604716513507;0.02669539153240914;0.02724539646749342
2676.0;0.02647243107769423;0.027332170880557977;0.025133156375902466
2677.5;0.037285441830896375;0.025590766251818678;0.03476946334089191
2679.0;0.02352661596958175;0.02703900709219858;0.03612392360441257
2680.5;0.02538726916052222;0.03537252221462748;0.03612392360441257
2682.0;0.024114774114774116;0.030495759947814744;0.01865038996269922
2683.5;0.01611348299132351;0.036921369689283445;0.035751028806584366
2685.0;0.03524291728296734;0.02400793650793651;0.033170912304587206
2686.5;0.03098112039616218;0.019675925925925927;0.031746031746031744
2688.0;0.016414205523116412;0.016293098349991132;0.027798718431963815
2689.5;0.037483266398929044;0.0325497287522604;0.02577961274606387
2691.0;0.01834862385321101;0.023607016592682953;0.02495201535508637
2692.5;0.02784833653429156;0.044468546637744036;0.023418491484184917
2694.0;0.023765996343692867;0.030627490039840638;0.032392026578073094
2695.5;0.025529865125240848;0.03351311013873342;0.03992635139191866
2697.0;0.01678765880217786;0.02703900709219858;0.0230722525804493
2698.5;0.03212468193384224;0.023809523809523808;0.03764790247400502
2700.0;0.03187751004016064;0.029853167842946376;0.01749271137026239
2701.5;0.017122114923635367;0.04172335600907029;0.02634609443024464
2703.0;0.01687066515325004;0.02611218568665377;0.024093511450381678
2704.5;0.03879026955950033;0.01969053067451237;0.03191676745851877
2706.0;0.030343754420710144;0.03778642706186201;0.023274161735700197
2707.5;0.018792559974975337;0.02669539153240914;0.02848722986247544
2709.0;0.01654091700522345;0.03617216117216117;0.017773776536674248
2710.5;0.023765996343692867;0.024305555555555552;0.027531083481349913
2712.0;0.039504716981132074;0.024157531465692245;0.0189328743545611
2713.5;0.02495201535508637;0.02877910844916974;0.0189328743545611
2715.0;0.028001302386157494;0.01749271137026239;0.02669539153240914
2716.5;0.028339366116359146;0.026499625519166608;0.024233990658368874
2718.0;0.029647930821494754;0.028050275904353158;0.03411405295315682
2719.5;0.019877675840978597;0.025435922030762906;0.016917819729987117
2721.0;0.029573367808661925;0.034026465028355386;0.025322619917214514
2722.5;0.034487610961924084;0.018143754361479414;0.02555745870063933
2724.0;0.023372445117335355;0.043652062679884876;0.03761940281760338
2725.5;0.01735616339888626;0.017089125102207687;0.016791951801972207
2727.0;0.025522755227552277;0.02822066326530612;0.032793150894358664
2728.5;0.01810699588477366;0.020006613756613757;0.034408602150537634
2730.0;0.03412017167381975;0.03110117319084679;0.04050845270357466
2731.5;0.02531293463143254;0.029835659319160036;0.03036010245592889
2733.0;0.025042904146125512;0.025129583413323095;0.031799739962717545
2734.5;0.016614200769499828;0.03010752688172043;0.01726263871763255
2736.0;0.02703900709219858;0.018846829579939307;0.043284066915705695
2737.5;0.030256012412723042;0.03835669781931465;0.03117140731819631
2739.0;0.032541687721071244;0.024464831804281346;0.03330074239210461
2740.5;0.02540123285110725;0.020061815116605788;0.028834462393607783
2742.0;0.015517241379310345;0.018026004728132386;0.029037820982258867
2743.5;0.01723920181864107;0.02494777243356168;0.02352661596958175
2745.0;0.018143754361479414;0.018876611418047883;0.03236009732360097
2746.5;0.030993042378241617;0.02400793650793651;0.01845342706502636
2748.0;0.027587890625;0.021577380952380952;0.03779619130687599
2749.5;0.03160716701304771;0.02132510729613734;0.020024461330280005
2751.0;0.04852320675105485;0.02427563675676408;0.03745644599303136
2752.5;0.04110994963413475;0.03255772803680439;0.01775448691934521
2754.0;0.032924107142857144;0.026073619631901836;0.024574669187145556
2755.5;0.044675925925925924;0.03817654639175258;0.024664750957854403
2757.0;0.0279090113735783;0.019534636822082632;0.031972454500737824
2758.5;0.024829219583061463;0.017015706806282723;0.02601641556008434
2760.0;0.03830690826727067;0.022964015151515152;0.01645021645021645
2761.5;0.024254473161033796;0.01834862385321101;0.030009920634920632
2763.0;0.024114774114774116;0.023921460176991153;0.028383523710626513
2764.5;0.033205619412515965;0.019292604501607715;0.03264604810996564
2766.0;0.017378863430747543;0.027012711864406777;0.030746705710102493
2767.5;0.027032520325203254;0.024574669187145556;0.033547008547008546
2769.0;0.032614995912907785;0.03277439024390244;0.024054982817869414
2770.5;0.030257320319432124;0.029573367808661925;0.02569922389808171
2772.0;0.018487434139972954;0.02041832669322709;0.04393732970027248
2773.5;0.027718550106609806;0.028073770491803277;0.02980239714933592
2775.0;0.036721805475411935;0.031763653975113625;0.03089449898706561
2776.5;0.027723500367685675;0.02860082304526749;0.018397293620225085
2778.0;0.040831377807576265;0.024723374827109266;0.018010291595197254
2779.5;0.03189528023598819;0.019283004343762025;0.029397233201581028
2781.0;0.030318091451292245;0.029628537735849055;0.020639200083760863
2782.5;0.025162230168189643;0.031022885820786744;0.01740440161272053
2784.0;0.0392709217668699;0.025636061153658605;0.025828460038986353
2785.5;0.01749271137026239;0.03418935643564356;0.016897746967071057
2787.0;0.02844359220198146;0.018944908780443966;0.030318091451292245
2788.5;0.01765664614270192;0.01834862385321101;0.026779422128259334
2790.0;0.03020833333333333;0.027354418112941592;0.04412869303955934
2791.5;0.017121863302370723;0.03737309042603663;0.019626168224299065
2793.0;0.025137679170508912;0.020625415834996677;0.01806929650991454
2794.5;0.04373650107991361;0.0433355219960604;0.040086887835703
2796.0;0.023812996469847858;0.03586851434096037;0.03503787878787879
2797.5;0.01658516707416463;0.02660130138136003;0.0403621853898097
2799.0;0.018319551117579266;0.024050632911392405;0.025948332493087065
2800.5;0.027531083481349913;0.01900256574727389;0.05016025641025641
2802.0;0.026077596751308774;0.026507713884992984;0.03450226244343891
2803.5;0.022964015151515152;0.0345679012345679;0.03277439024390244
2805.0;0.022405660377358493;0.03564698492462312;0.018598013342545506
2806.5;0.025357139236142794;0.03240740740740741;0.029746087983466195
2808.0;0.03438466597668839;0.034110097939885176;0.028280152530812105
2809.5;0.018026004728132386;0.023762376237623763;0.02819414703783012
2811.0;0.02587800369685767;0.022418478260869564;0.04225352112676057
2812.5;0.04392764857881137;0.018452175157071496;0.018544683857294242
2814.0;0.03335140997830802;0.01730418943533698;0.06650990930466913
2815.5;0.017368097126660428;0.019598155467720684;0.04567541302235179
2817.0;0.026277097865586234;0.04192494555201876;0.026996061582527747
2818.5;0.029083491917964933;0.03374808249531277;0.023983126321442897
2820.0;0.04374966075014927;0.026077596751308774;0.023299565846599132
2821.5;0.02860082304526749;0.030519198125780342;0.03266518188567186
2823.0;0.03988673139158575;0.02891522988505747;0.03647566235366605
2824.5;0.018480073470768785;0.02799872733057588;0.04739863172557659
2826.0;0.0340398201669878;0.02682763246143528;0.05860805860805861
2827.5;0.01702553830746119;0.0365806864208058;0.046507257595779686
2829.0;0.026344152244872826;0.018673435829976156;0.03436018957345971
2830.5;0.022964015151515152;0.027692289551570038;0.02968940316686967
2832.0;0.04024144869215292;0.03177795655671762;0.03187066974595843
2833.5;0.024816176470588234;0.03125;0.04041268697062534
2835.0;0.029874213836477988;0.02494777243356168;0.024693080357142856
2836.5;0.02802491103202847;0.02549198831138255;0.02866752081998719
2838.0;0.02584670231729055;0.01811701454285925;0.041305916305916304
2839.5;0.018533328860806126;0.017004588798125428;0.030251099023917736
2841.0;0.0384594598126939;0.034670398009950254;0.025101419878296144
2842.5;0.025820463320463317;0.028433476394849784;0.04712566844919786
2844.0;0.030938123752495012;0.03528138528138528;0.03219315895372234
2845.5;0.0216998191681736;0.03183385517815386;0.04636260836788542
2847.0;0.024501992031872512;0.030746705710102493;0.04252981795354676
2848.5;0.01797915672819346;0.024941894247530506;0.03909926869886323
2850.0;0.04087048832271763;0.019043966906734062;0.03340566468707173
2851.5;0.016335052812576762;0.02400793650793651;0.03376979144585582
2853.0;0.02980239714933592;0.028569650192954064;0.0399357185407183
2854.5;0.01544910828831108;0.035616442852166155;0.03780687397708675
2856.0;0.018325444682184614;0.034408602150537634;0.04748311216267188
2857.5;0.023418491484184917;0.016961818222015874;0.03913381239075549
2859.0;0.031746031746031744;0.023891337651751613;0.03048016701461378
2860.5;0.017699115044247787;0.03476946334089191;0.02939958592132505
2862.0;0.01784040701566475;0.01767622907113149;0.029085491634196655
2863.5;0.023613963039014373;0.018478635874167548;0.029891304347826088
2865.0;0.03951778570656288;0.029478889311525296;0.03065583759156939
2866.5;0.018876611418047883;0.034174291149560644;0.03892801251956181
2868.0;0.026998169615619284;0.027315467795016455;0.034549709248621024
2869.5;0.024378585086042064;0.02939958592132505;0.03439203157301259
2871.0;0.026148673888681355;0.023613963039014373;0.03825903825903826
2872.5;0.028489903424056193;0.03033312268664801;0.01691655235040671
2874.0;0.029291649063512178;0.027291242362525458;0.031400240384615384
2875.5;0.01733025239957341;0.02980239714933592;0.034836980794997766
2877.0;0.02516881522406384;0.021966527196652718;0.04018032144257153
2878.5;0.030993042378241617;0.0340398201669878;0.04033180778032036
2880.0;0.026457750968564567;0.020547558566186848;0.03405865657521287
2881.5;0.02587800369685767;0.02592104614213949;0.028511684170276008
2883.0;0.031190019193857967;0.03263403263403263;0.035362194599228465
2884.5;0.015302583076023234;0.018876611418047883;0.017110072619036076
2886.0;0.026592455163883737;0.024986434294104503;0.04170557111733582
2887.5;0.01942319011183049;0.021966527196652718;0.01749044044752868
2889.0;0.03316662279547249;0.02474988800955652;0.034373071262403264
2890.5;0.03365384615384615;0.02582939690212018;0.0392156862745098
2892.0;0.01771809624494277;0.03614457831325302;0.03896103896103897
2893.5;0.017603269400950756;0.0462691430433366;0.03300733496332518
2895.0;0.019139945314441957;0.033366867873910126;0.029191846768411352
2896.5;0.029816513761467895;0.036415289256198344;0.026198386331276694
2898.0;0.02619047619047619;0.023330719354283422;0.03350515463917526
2899.5;0.019071369196057474;0.032334243610689185;0.03814700788916683
2901.0;0.017754480892796753;0.04363151858598124;0.04013452914798206
2902.5;0.017547197908565945;0.0188934276329846;0.028767523364485983
2904.0;0.014870091759449306;0.018836565096952907;0.023762376237623763
2905.5;0.02268431001890359;0.036927877947295414;0.01973442663076735
2907.0;0.023244781783681213;0.026339285714285714;0.03196894484618424
2908.5;0.01675356994726551;0.03962331201137172;0.03028503562945368
2910.0;0.02495201535508637;0.018612132352941176;0.04290339989206692
2911.5;0.0161839863713799;0.123960498960499;0.03284805454692853
2913.0;0.017699115044247787;0.04723926380368098;0.031012086418189946
2914.5;0.015731292517006803;0.02980239714933592;0.021746944644140908
2916.0;0.0220703125;0.02495274862267262;0.034375579884950824
2917.5;0.0170487948265726;0.01672535211267606;0.03562294483010596
2919.0;0.02909270216962525;0.03537252221462748;0.039757853403141356
2920.5;0.030993042378241617;0.02400793650793651;0.030722774206117288
2922.0;0.028050275904353158;0.031120769685205506;0.03654582964927793
2923.5;0.02516881522406384;0.031424662105589064;0.02592287796849283
2925.0;0.03323543808125306;0.03167271527548663;0.03246631150109684
2926.5;0.040739411342426424;0.02358293970547374;0.021595330739299607
2928.0;0.015080322932167841;0.023465703971119134;0.019176536943034405
2929.5;0.027587890625;0.026083922184419434;0.029665643713435167
2931.0;0.017373380447585393;0.02617712051674316;0.028393487470378988
2932.5;0.0175513698630137;0.03537252221462748;0.017699115044247787
2934.0;0.0175513698630137;0.01881607358178402;0.017796927688272762
2935.5;0.03706545928938685;0.019904447883722493;0.023902487039832013
2937.0;0.026077132126171788;0.023295361817410317;0.030592868696814126
2938.5;0.024664750957854403;0.026432575521644346;0.023226042428675937
2940.0;0.025989604158336663;0.03749920316185376;0.02457757296466974
2941.5;0.024114774114774116;0.035429028254298826;0.0371282612661923
2943.0;0.027718550106609806;0.026670336543280628;0.041051717601720515
2944.5;0.025088028169014082;0.03460925039872409;0.03515625
2946.0;0.027798718431963815;0.0270263365434814;0.024228028503562943
2947.5;0.029702970297029705;0.02516832318050657;0.02576850588158836
2949.0;0.027168254985184596;0.01743549305646822;0.02860453141091658
2950.5;0.016733801551333694;0.04629989706050556;0.022122793934874475
2952.0;0.025522755227552277;0.031578677902325006;0.02935507783543366
2953.5;0.028050275904353158;0.04857910906298003;0.034122740005092946
2955.0;0.037199376389705316;0.040674603174603176;0.032258377939124144
2956.5;0.03542094455852156;0.017924528301886795;0.026255293405928613
2958.0;0.015302583076023234;0.029819184799264483;0.02474843508110655
2959.5;0.03669724770642202;0.02520325203252033;0.02849179312480644
2961.0;0.03969754253308129;0.015716780441339895;0.029507289167743124
2962.5;0.01874107841782935;0.02795584045584046;0.03102428286441494
2964.0;0.016638225255972697;0.03514477479105186;0.06045751633986928
2965.5;0.018470790378006873;0.023898669640723333;0.02712869029978343
2967.0;0.03828413284132841;0.0321883351674265;0.031959078121996824
2968.5;0.036646406864497674;0.030765062794997515;0.03126883664858349
2970.0;0.014945495799148322;0.025022599138853865;0.052687198067632834
2971.5;0.015731292517006803;0.023394702747180477;0.035298072388291836
2973.0;0.016745540589734254;0.02915766738660907;0.05393000573723465
2974.5;0.036514961411379304;0.019328632196396744;0.04836137923179864
2976.0;0.017443347491498312;0.019007468325841045;0.04237648796485211
2977.5;0.033435588205396154;0.03469827586206897;0.026419153818546964
2979.0;0.033435588205396154;0.02682763246143528;0.02231586661780872
2980.5;0.02516881522406384;0.02400793650793651;0.03189042372211615
2982.0;0.023765996343692867;0.02914012738853503;0.02520098948670377
2983.5;0.016897746967071057;0.018524458700882117;0.023531640773020085
2985.0;0.015095605501509561;0.029510185301376172;0.029503478052290713
2986.5;0.015809071886378992;0.03185386473429951;0.02663856388026621
2988.0;0.036514961411379304;0.02909270216962525;0.06491552881277483
2989.5;0.0170487948265726;0.01950286806883365;0.03059238873599644
2991.0;0.024122807017543862;0.01885464693035671;0.03983963918817338
2992.5;0.018010291595197254;0.029090616851805553;0.035963851869324215
2994.0;0.016638225255972697;0.038274336283185835;0.02851112491037238
2995.5;0.0325497287522604;0.034214002642007926;0.02045087467867786
2997.0;0.026548672566371685;0.019179429534916397;0.03755020080321285
2998.5;0.026548672566371685;0.033983611081116756;0.034866898148148154
3000.0;0.015871286409530037;0.018876611418047883;0.03131028938906752
3001.5;0.017498443680569787;0.028770882091840855;0.02735148514851485
3003.0;0.01488644788002137;0.026994163424124515;0.040880167095740036
3004.5;0.01570251018973342;0.018612132352941176;0.020045727654596692
3006.0;0.017094017094017096;0.024464831804281346;0.04143389199255121
3007.5;0.016863406408094434;0.03916827852998066;0.03827683615819209
3009.0;0.01842179442537598;0.03411405295315682;0.025382025382025386
3010.5;0.01842179442537598;0.04785894206549119;0.04083994708994709
3012.0;0.014870091759449306;0.017245959707770646;0.020245657922166267
3013.5;0.014850222990092551;0.04037311307319852;0.06447574334898278
3015.0;0.025573192239858905;0.019527766042341455;0.0643818065342729
3016.5;0.017754480892796753;0.018876611418047883;0.04062101833604472
3018.0;0.03326935380678182;0.018197573656845753;0.025570466874335125
3019.5;0.016830578931359627;0.022964015151515152;0.061335403726708065
3021.0;0.01840766984546031;0.016335052812576762;0.04434745528883539
3022.5;0.017094017094017096;0.015597920277296359;0.021196331379866238
3024.0;0.018086080586080584;0.02703900709219858;0.06208499335989378
3025.5;0.019082371238858645;0.018442686843281333;0.04107225237894022
3027.0;0.02703900709219858;0.023809523809523808;0.04007984747357234
3028.5;0.02460456942003515;0.019408502772643253;0.034459459459459454
3030.0;0.015095605501509561;0.025162230168189643;0.046782762691853594
3031.5;0.03609431217943811;0.018836565096952907;0.035967322743757586
3033.0;0.029702970297029705;0.017824497257769654;0.03778375149342891
3034.5;0.01726263871763255;0.01932409162854608;0.034629728289824184
3036.0;0.03241525423728814;0.03835669781931465;0.03110682922433929
3037.5;0.017893106119287374;0.028433476394849784;0.039313904068002434
3039.0;0.027531083481349913;0.01838106575169806;0.048002464824894744
3040.5;0.016745540589734254;0.0328195714783049;0.03496590942924346
3042.0;0.0189328743545611;0.026586391521120464;0.05293945598128109
3043.5;0.016863406408094434;0.028373410935824777;0.044716529145594895
3045.0;0.015001087035292413;0.023853312879268913;0.05710534952412209
3046.5;0.03091538715963386;0.044468546637744036;0.0399505478183375
3048.0;0.015724726735506497;0.022789783889980354;0.04371584699453552
3049.5;0.037137807788150325;0.0171267252195734;0.038993198663478015
3051.0;0.01570251018973342;0.024664750957854403;0.036790780141843976
3052.5;0.030185758513931894;0.028865979381443297;0.04508856682769726
3054.0;0.03919631093544137;0.04038004750593824;0.0383480825958702
3055.5;0.03416622228993677;0.01730418943533698;0.032924107142857144
3057.0;0.03326935380678182;0.01583436633020483;0.021078829744006503
3058.5;0.03416622228993677;0.03219315895372234;0.02700617283950617
3060.0;0.03460837887067396;0.023244781783681213;0.057923133524743146
3061.5;0.01850632726208763;0.03211566499271019;0.0342797783933518
3063.0;0.035127911416571206;0.028583047312646943;0.03147134222903015
3064.5;0.016676298192025096;0.0170487948265726;0.02925472899773913
3066.0;0.015743018124095107;0.035718796375232856;0.03245382585751979
3067.5;0.03136882129277567;0.02892339804649341;0.03343634850826103
3069.0;0.035650623885918005;0.029132231404958676;0.028906955736224028
3070.5;0.0285204991087344;0.02400793650793651;0.025053088686091882
3072.0;0.025573192239858905;0.01929824561403509;0.05019895928986838
3073.5;0.03250478011472275;0.031027253668763105;0.03358226173629484
3075.0;0.01672535211267606;0.01904720190384419;0.0391748104849758
3076.5;0.033676001417936904;0.024816176470588234;0.05546256442956585
3078.0;0.03706545928938685;0.032886334610472544;0.047084588009854905
3079.5;0.01663225731761437;0.04087048832271763;0.06363636363636363
3081.0;0.037312715311890364;0.02459736456808199;0.03519014569782306
3082.5;0.0189328743545611;0.030753138075313803;0.038542607648298706
3084.0;0.03106789479980177;0.033445440956651716;0.0452289023717595
3085.5;0.03130908265900325;0.017391304347826087;0.019630596654095347
3087.0;0.01865038996269922;0.017830478700043915;0.034203574593302234
3088.5;0.02516881522406384;0.016233866118499255;0.04890257989988449
3090.0;0.02911275415896488;0.03750966744006187;0.03514986376021799
3091.5;0.01848360454802751;0.025176372942315672;0.025876696832579184
3093.0;0.016664722618075594;0.01834862385321101;0.03791773778920309
3094.5;0.03466050479914682;0.03370786516853933;0.03859601936525013
3096.0;0.035127911416571206;0.01775534628830588;0.05822882500482348
3097.5;0.03935185185185185;0.03420692644210583;0.0269790353992439
3099.0;0.040013227513227514;0.018432674828903737;0.05807322929171669
3100.5;0.037753222836095765;0.017825311942959002;0.07031509121061358
3102.0;0.032697066101095795;0.02722345405272235;0.04406730490281403
3103.5;0.030245746691871456;0.016335052812576762;0.06175920149719277
3105.0;0.016745540589734254;0.02891543420553659;0.027591177742540007
3106.5;0.025573192239858905;0.031570762052877135;0.02714523621702165
3108.0;0.032000890578704894;0.02494777243356168;0.059917982989064394
3109.5;0.03136882129277567;0.03654212649027169;0.0403530895334174
3111.0;0.024816176470588234;0.018756583692211316;0.05614344503233391
3112.5;0.031746031746031744;0.029702970297029705;0.06436546944466766
3114.0;0.0189328743545611;0.02352661596958175;0.030270523659696773
3115.5;0.018010291595197254;0.016209169954000083;0.046610169491525424
3117.0;0.015095605501509561;0.023314127187366626;0.03946289462894629
3118.5;0.018595825426944972;0.018876611418047883;0.04842206697181402
3120.0;0.026998169615619284;0.01772899957788096;0.034311521002797475
3121.5;0.016830578931359627;0.018944170972160067;0.0445593324219494
3123.0;0.03647822104531712;0.01775923275653774;0.049939644517047715
3124.5;0.030731237453197724;0.030993042378241617;0.047405017862411476
3126.0;0.032697066101095795;0.03669724770642202;0.04735883424408015
3127.5;0.03598346705567712;0.018010291595197254;0.0534958187784482
3129.0;0.016638225255972697;0.019139945314441957;0.05067966903073285
3130.5;0.025522755227552277;0.027202796688403155;0.06829268292682926
3132.0;0.038655160014383315;0.018526428743645473;0.048889561603874844
3133.5;0.027531083481349913;0.02703900709219858;0.04400510204081633
3135.0;0.03498920086393088;0.018010291595197254;0.060553633217993084
3136.5;0.03727583680861987;0.037753222836095765;0.038333782206661275
3138.0;0.02764407330722744;0.01597712748065927;0.04355445875857454
3139.5;0.02538726916052222;0.016838000708968452;0.07743153918791315
3141.0;0.03487592219986586;0.015245106155354892;0.02877168986100259
3142.5;0.02876871704214073;0.015154962909024714;0.029628537735849055
3144.0;0.017699115044247787;0.0285204991087344;0.031744071146245056
3145.5;0.037753222836095765;0.017754480892796753;0.029628537735849055
3147.0;0.017699115044247787;0.01842179442537598;0.04938811188811189
3148.5;0.018937169700528483;0.025573192239858905;0.04330193615907901
3150.0;0.01672693391308206;0.023765996343692867;0.05134501933553505
3151.5;0.017094017094017096;0.025573192239858905;0.0447429081557874
3153.0;0.017699115044247787;0.0161839863713799;0.035516460289482334
3154.5;0.017373380447585393;0.037753222836095765;0.03987540664672629
3156.0;0.015225395561747438;0.026548672566371685;0.027416073245167854
3157.5;0.017830478700043915;0.037753222836095765;0.05062861026163779
3159.0;0.02937023964332157;0.017094017094017096;0.03322545846817691
3160.5;0.03061868686868687;0.025573192239858905;0.028255514655005396
3162.0;0.01730418943533698;0.01879117923894043;0.058608191373686114
3163.5;0.015109552273918112;0.015414729630535846;0.03771451610379875
3165.0;0.01597712748065927;0.015414729630535846;0.05920398009950247
3166.5;0.018937169700528483;0.02568279495355608;0.03488372093023256
3168.0;0.01783664661861255;0.018582093618876354;0.04016234931761917
3169.5;0.024378585086042064;0.018026004728132386;0.04222512803748502
3171.0;0.034891161379767985;0.024114774114774116;0.07974878801234021
3172.5;0.0161839863713799;0.01537736404878336;0.04446799220253111
3174.0;0.019139945314441957;0.01715933414707495;0.04043351396415174
3175.5;0.03398008429479528;0.016335052812576762;0.04661854767977152
3177.0;0.027531083481349913;0.01597712748065927;0.03034946209855146
3178.5;0.016863406408094434;0.017498443680569787;0.027464658329895402
3180.0;0.016638225255972697;0.026060070671378093;0.046782762691853594
3181.5;0.015001087035292413;0.025522755227552277;0.06503361917754824
3183.0;0.015769487034319674;0.015195702225633155;0.04067461063347481
3184.5;0.01850632726208763;0.01584493527338707;0.046415240288246236
3186.0;0.03638309256286784;0.02811244979919679;0.029746087983466195
3187.5;0.023642732049036778;0.037221159974506056;0.02786236052765365
3189.0;0.023418491484184917;0.03372140883165756;0.05493093478959204
3190.5;0.018026004728132386;0.015280135823429542;0.027756080361804415
3192.0;0.017699115044247787;0.016937514305333027;0.03025930741913049
3193.5;0.016335052812576762;0.018010291595197254;0.03463203463203463
3195.0;0.03916827852998066;0.03706545928938685;0.03557630392788152
3196.5;0.024093511450381678;0.03326935380678182;0.02699609652235628
3198.0;0.02729044834307992;0.03416622228993677;0.026862522612008746
3199.5;0.030245746691871456;0.032256841786066255;0.030533878359965315
3201.0;0.018487434139972954;0.01660281557997176;0.04393505253104107
3202.5;0.022128060263653486;0.038817005545286505;0.018694098074420597
3204.0;0.03969754253308129;0.029017857142857144;0.028554778554778552
3205.5;0.04087605974969721;0.036646406864497674;0.024054982817869414
3207.0;0.017580992631420062;0.03320921042632419;0.036927877947295414
3208.5;0.039888682745825604;0.0285204991087344;0.034110097939885176
3210.0;0.0161839863713799;0.016745540589734254;0.055795536357091446
3211.5;0.018026004728132386;0.026548672566371685;0.020314782952876503
3213.0;0.0392709217668699;0.015095605501509561;0.023556231003039513
3214.5;0.01597712748065927;0.016638225255972697;0.04570637119113574
3216.0;0.016676298192025096;0.039888682745825604;0.026480637813211843
3217.5;0.030938123752495012;0.0161839863713799;0.04014962593516211
3219.0;0.03191676745851877;0.035127911416571206;0.026514314137283078
3220.5;0.015414729630535846;0.017094017094017096;0.02924672156145166
3222.0;0.017825311942959002;0.03416622228993677;0.029588529902779142
3223.5;0.01757469244288225;0.034633078205669056;0.03586851434096037
3225.0;0.01882395123700251;0.016582472972657695;0.03778375149342891
3226.5;0.02758543825694988;0.018010291595197254;0.060199178485623506
3228.0;0.030746705710102493;0.0340398201669878;0.024156561875284623
3229.5;0.01648841354723708;0.03460837887067396;0.020139801088384313
3231.0;0.028073770491803277;0.01850632726208763;0.03595900200089835
3232.5;0.015136118568480843;0.023642732049036778;0.03271306655954758
3234.0;0.016745540589734254;0.01845342706502636;0.022234273318872018
3235.5;0.02909270216962525;0.024114774114774116;0.03823936907172547
3237.0;0.015139193690331638;0.035650623885918005;0.024166411746711535
3238.5;0.031746031746031744;0.035774141714325206;0.019276956137024393
3240.0;0.02569922389808171;0.035774141714325206;0.03312144529943125
3241.5;0.0390124048660634;0.036514961411379304;0.026678750215777664
3243.0;0.024662823963809064;0.015095605501509561;0.023556231003039513
3244.5;0.01810699588477366;0.02516881522406384;0.03817654639175258
3246.0;0.018014359856939253;0.0161839863713799;0.03866602223296279
3247.5;0.03696682464454976;0.03764790247400502;0.0339993502274204
3249.0;0.016835957338750634;0.035650623885918005;0.018022181146025877
3250.5;0.01648275383440905;0.01865038996269922;0.0383888532991672
3252.0;0.032886334610472544;0.04154589371980676;0.02706000574217629
3253.5;0.04154589371980676;0.03436997537296725;0.01664918858846381
3255.0;0.024114774114774116;0.03190912843890301;0.025876696832579184
3256.5;0.030009052504526255;0.025088028169014082;0.023274161735700197
3258.0;0.01749271137026239;0.035774141714325206;0.027186615819904048
3259.5;0.015414729630535846;0.01836806645203033;0.025877684809799014
3261.0;0.027777777777777776;0.03265254436585322;0.047931466778102796
3262.5;0.017320803390455133;0.03160480961955194;0.019931990107027286
3264.0;0.017824497257769654;0.017754480892796753;0.027655577411386672
3265.5;0.02475049900199601;0.03835669781931465;0.04151470474121208
3267.0;0.0220703125;0.03464918599625414;0.024930794542489542
3268.5;0.02800632911392405;0.035154762207043645;0.029612480518104927
3270.0;0.01654091700522345;0.015280135823429542;0.0403621853898097
3271.5;0.030753138075313803;0.017623877982923447;0.030158730158730156
3273.0;0.016737454774264592;0.023418491484184917;0.028926736955934035
3274.5;0.034408602150537634;0.0161839863713799;0.030193395605841337
3276.0;0.025410598078710874;0.015731292517006803;0.031311710486974634
3277.5;0.018899567611368302;0.0175513698630137;0.03312144529943125
3279.0;0.015208640388385073;0.028248983597364368;0.0274401692844157
3280.5;0.027811860940695293;0.037753222836095765;0.01672535211267606
3282.0;0.01605832636760472;0.01597712748065927;0.03469827586206897
3283.5;0.03487592219986586;0.017934291168491913;0.019696023318759106
3285.0;0.02351778656126482;0.039888682745825604;0.04720133667502088
3286.5;0.03503787878787879;0.029702970297029705;0.025410598078710874
3288.0;0.03130252100840336;0.0230994573308361;0.02654212881883635
3289.5;0.025401290031339254;0.033919849621743214;0.020506629389587836
3291.0;0.01919297665619777;0.024378585086042064;0.04266100032690423
3292.5;0.04558580858085808;0.01799009736360781;0.036136219282011786
3294.0;0.023244781783681213;0.024166411746711535;0.03143208986604193
3295.5;0.016043635035830027;0.015203965770306572;0.029910295662783998
3297.0;0.026107226107226107;0.029647930821494754;0.03608815426997245
3298.5;0.026166340283377495;0.018848906360245943;0.04118057551003654
3300.0;0.01711282612940747;0.02802491103202847;0.019555419862039493
3301.5;0.03061868686868687;0.01733025239957341;0.030065165876777253
3303.0;0.01813557316928901;0.025522755227552277;0.03880070546737213
3304.5;0.018543046357615892;0.0433355219960604;0.03436018957345971
3306.0;0.024203298031819725;0.03476482617586912;0.02457757296466974
3307.5;0.028865979381443297;0.03136882129277567;0.0276093546990039
3309.0;0.026107226107226107;0.0230722525804493;0.027756596004270242
3310.5;0.040581278503517046;0.026113457095052188;0.04212932723709994
3312.0;0.024664750957854403;0.02964569775849602;0.03436018957345971
3313.5;0.03379065040650407;0.019898882137390415;0.04351204351204352
3315.0;0.016348533050547898;0.02835538752362949;0.02934537246049661
3316.5;0.027811860940695293;0.028073770491803277;0.023044213997483406
3318.0;0.03412017167381975;0.02351778656126482;0.033888147220368044
3319.5;0.018683274021352312;0.03847891017702339;0.025707238109920604
3321.0;0.02674949649675205;0.017154737992035804;0.01769078680213997
3322.5;0.019139945314441957;0.018848906360245943;0.028217821782178215
3324.0;0.03357531760435572;0.016638225255972697;0.02555383822771767
3325.5;0.031746031746031744;0.027332170880557977;0.024923586347427404
3327.0;0.023809523809523808;0.03326935380678182;0.029757286129703624
3328.5;0.024816176470588234;0.026060070671378093;0.02574779061862678
3330.0;0.026710266791238453;0.023765996343692867;0.026641271065891935
3331.5;0.019138359569179784;0.01606832657788072;0.035718796375232856
3333.0;0.018284611141753997;0.017699115044247787;0.038385826771653545
3334.5;0.017364557134117328;0.025247524752475246;0.023613963039014373
3336.0;0.01747700394218134;0.018086080586080584;0.016637824798762423
3337.5;0.03505775102889764;0.017825311942959002;0.031168831168831165
3339.0;0.028981264637002343;0.03201163502755664;0.027718550106609806
3340.5;0.04045828857858933;0.023773782700644636;0.019230769230769232
3342.0;0.03227963588861012;0.03639029592108771;0.016547028997892097
3343.5;0.03618273721927187;0.02878937007874016;0.038441422594142266
3345.0;0.022727272727272728;0.024464831804281346;0.01780160609014529
3346.5;0.030993042378241617;0.024941894247530506;0.01834862385321101
3348.0;0.03130252100840336;0.031746031746031744;0.020240539747726608
3349.5;0.040033783783783784;0.027886497064579255;0.026124166478984866
3351.0;0.030897849630813257;0.025269403291813354;0.018185821224130337
3352.5;0.03445525191703979;0.029504080351537978;0.019877675840978597
3354.0;0.03250478011472275;0.028264286516223196;0.01710322537202882
3355.5;0.03443877551020408;0.01834862385321101;0.01597712748065927
3357.0;0.03361344537815126;0.015195702225633155;0.028433476394849784
3358.5;0.0363672340617128;0.02909270216962525;0.02773440710000822
3360.0;0.027922453703703703;0.024054982817869414;0.026518218623481783
3361.5;0.01764234161988773;0.03564899451553931;0.018363579721668133
3363.0;0.0350109409190372;0.030009052504526255;0.017206835592221567
3364.5;0.017427675148135237;0.01862097440132122;0.027291242362525458
3366.0;0.03476482617586912;0.03699819520998976;0.01693574262617093
3367.5;0.025529865125240848;0.02396214896214896;0.017916462812452256
3369.0;0.024114774114774116;0.031058238365666808;0.026113457095052188
3370.5;0.031183368869936036;0.01733025239957341;0.026008064516129033
3372.0;0.03337983347138062;0.03250478011472275;0.017852834740651385
3373.5;0.0390376660134988;0.01730418943533698;0.0189328743545611
3375.0;0.02920404730795276;0.030009920634920632;0.023274161735700197
3376.5;0.0249922863313792;0.025806525446035178;0.027745682042685665
3378.0;0.03089449898706561;0.03136882129277567;0.017094017094017096
3379.5;0.03349160229608107;0.035685033507073714;0.018612132352941176
3381.0;0.026998169615619284;0.0428544752894311;0.01672535211267606
3382.5;0.04017857142857143;0.026344152244872826;0.024254473161033796
3384.0;0.0355705801843291;0.019675925925925927;0.01749044044752868
3385.5;0.019214482721705766;0.03742802303262956;0.018741633199464522
3387.0;0.039098699835210006;0.03212762828995736;0.0175513698630137
3388.5;0.03196574505687411;0.018999377069604275;0.026439243281831625
3390.0;0.028233920953070916;0.018117594736061855;0.01862097440132122
3391.5;0.01702553830746119;0.025088028169014082;0.02900414405946939
3393.0;0.01597712748065927;0.018991486574983625;0.026659963644870048
3394.5;0.033676001417936904;0.02352661596958175;0.029262683625099734
3396.0;0.016638225255972697;0.02516881522406384;0.017213680199637947
3397.5;0.030318091451292245;0.030841539838854074;0.016267481785445105
3399.0;0.03823134867402745;0.023137535816618916;0.0180389508019629
3400.5;0.030993042378241617;0.04595572561579305;0.025240384615384616
3402.0;0.027886497064579255;0.018442686843281333;0.024501992031872512
3403.5;0.02676362545917985;0.022742701968771217;0.035298681148176886
3405.0;0.03326935380678182;0.02041832669322709;0.01672535211267606
3406.5;0.02911275415896488;0.01841201295514771;0.015489719503383037
3408.0;0.028050275904353158;0.027298850574712645;0.01769010350579371
3409.5;0.018470790378006873;0.019316150420905513;0.03852667231160034
3411.0;0.028580208973570994;0.01643951102992834;0.018026004728132386
3412.5;0.018470790378006873;0.03215077605321508;0.02752293577981652
3414.0;0.01810699588477366;0.025436057299784747;0.018582093618876354
3415.5;0.017015706806282723;0.01643755729726967;0.023244781783681213
3417.0;0.037753222836095765;0.033861185983827494;0.023418491484184917
3418.5;0.017754480892796753;0.023871646949089394;0.02623456790123457
3420.0;0.0175513698630137;0.018314772574802095;0.024114774114774116
3421.5;0.029074889867841413;0.02976566614007372;0.03130908265900325
3423.0;0.018459122096387535;0.039313904068002434;0.03316662279547249
3424.5;0.022964015151515152;0.01982057751611999;0.016700099238231795
3426.0;0.024501992031872512;0.039313904068002434;0.017825311942959002
3427.5;0.030009920634920632;0.03230403800475059;0.018871433747959736
3429.0;0.028767523364485983;0.04116372640049521;0.018086080586080584
3430.5;0.03383297644539615;0.04328071106394269;0.03682698681593872
3432.0;0.033205619412515965;0.03271131091870608;0.025820463320463317
3433.5;0.019082371238858645;0.024371551195585532;0.03836189717018733
3435.0;0.02516881522406384;0.03266518188567186;0.02587800369685767
3436.5;0.027315467795016455;0.0281322505800464;0.03383297644539615
3438.0;0.029132231404958676;0.02966804979253112;0.01749271137026239
3439.5;0.027305908295947083;0.01838106575169806;0.017094017094017096
3441.0;0.018807339449541285;0.0162748643761302;0.021832358674463936
3442.5;0.025400139178844813;0.04411161263848995;0.03671414185009351
3444.0;0.015280135823429542;0.020625415834996677;0.025574598113458222
3445.5;0.028580208973570994;0.04686987872828581;0.02400793650793651
3447.0;0.01672535211267606;0.024739630693873596;0.03476946334089191
3448.5;0.03125;0.01862097440132122;0.032658597272370124
3450.0;0.016917819729987117;0.018371212121212118;0.031578947368421054
3451.5;0.03617216117216117;0.016401608628096153;0.04050845270357466
3453.0;0.03542094455852156;0.015414729630535846;0.032696390658174104
3454.5;0.03964465658976399;0.03335140997830802;0.023474537432509754
3456.0;0.028798772739951035;0.015366245226489208;0.028873611845584346
3457.5;0.020625415834996677;0.054545454545454536;0.02515515793560315
3459.0;0.025716433527362123;0.02516881522406384;0.04038461538461538
3460.5;0.019274809160305342;0.02640503875968992;0.03739302172481896
3462.0;0.018371212121212118;0.03416594889463106;0.030993042378241617
3463.5;0.037422037422037424;0.04143389199255121;0.03740409207161126
3465.0;0.03357632779114447;0.0357582147250044;0.03481624758220503
3466.5;0.024378585086042064;0.037124169216162045;0.031514178705189945
3468.0;0.033445440956651716;0.02630241723283993;0.04698749526335733
3469.5;0.0392156862745098;0.046703296703296704;0.02868380660015349
3471.0;0.035017335314512135;0.033366867873910126;0.039225260416666664
3472.5;0.024254473161033796;0.042166484914576516;0.03684210526315789
3474.0;0.03212468193384224;0.03269746820674368;0.030009920634920632
3475.5;0.026148673888681355;0.019395134779750165;0.01942319011183049
3477.0;0.03250478011472275;0.030338777979431342;0.03410234296392123
3478.5;0.03117140731819631;0.017955082368564884;0.028186274509803922
3480.0;0.028979160830870192;0.05292479108635098;0.028770882091840855
3481.5;0.039347749025168376;0.03362892318846642;0.02833675564681725
3483.0;0.028073770491803277;0.03445525191703979;0.043686473807662225
3484.5;0.03765137029955386;0.034110097939885176;0.015412310778701187
3486.0;0.01892231704836133;0.035906118636151334;0.03905897752890698
3487.5;0.02795584045584046;0.04333455747337495;0.01730418943533698
3489.0;0.02516881522406384;0.033221442376157054;0.023218422128355357
3490.5;0.024093511450381678;0.02161016949152542;0.03687150837988827
3492.0;0.03423209093312186;0.03534031413612565;0.04017857142857143
3493.5;0.0285204991087344;0.025529865125240848;0.03888888888888889
3495.0;0.030009920634920632;0.022959183673469385;0.03896103896103897
3496.5;0.01871657754010695;0.03436018957345971;0.03234880450070324
3498.0;0.037938033550235804;0.01765330501725511;0.025856044723969258
3499.5;0.02659921383370644;0.024780849629130138;0.04197877652933833
3501.0;0.035650623885918005;0.022742701968771217;0.03766025641025641
3502.5;0.018026004728132386;0.04250672043010753;0.05133928571428571
3504.0;0.03630494704772959;0.018209796553064664;0.03252708813241191
3505.5;0.04009504902845455;0.03503787878787879;0.02574779061862678
3507.0;0.03390373449655822;0.02923710754368519;0.038288288288288286
3508.5;0.017468783651818188;0.03185654008438818;0.024723374827109266
3510.0;0.024114774114774116;0.04078794901506373;0.017251025736665426
3511.5;0.0170487948265726;0.01900256574727389;0.03498920086393088
3513.0;0.028769144302374594;0.017699115044247787;0.024054982817869414
3514.5;0.018010291595197254;0.03383297644539615;0.047352024922118374
3516.0;0.024816176470588234;0.02448453608247423;0.026855964927561482
3517.5;0.02516881522406384;0.041107871720116616;0.019182948490230906
3519.0;0.029516994633273706;0.02891522988505747;0.018918031578629983
3520.5;0.025522755227552277;0.03538251366120218;0.023762376237623763
3522.0;0.023274161735700197;0.03954154727793697;0.033713054187192115
3523.5;0.018242207460398566;0.050902061855670096;0.03138766519823788
3525.0;0.018470790378006873;0.03277439024390244;0.026003057358707934
3526.5;0.022964015151515152;0.03957382039573821;0.03189528023598819
3528.0;0.030257320319432124;0.02799872733057588;0.02351778656126482
3529.5;0.03485053418641054;0.022452433458126055;0.02159945317840055
3531.0;0.019427918094873667;0.04641466134999367;0.03300733496332518
3532.5;0.019139945314441957;0.019626168224299065;0.04080622984104139
3534.0;0.014965094221118901;0.0334685598377282;0.028782287822878228
3535.5;0.018197573656845753;0.024501992031872512;0.027718550106609806
3537.0;0.016348533050547898;0.0399002493765586;0.03312144529943125
3538.5;0.028685146892627487;0.02396214896214896;0.03347034644744569
3540.0;0.03800513149454778;0.0241635687732342;0.03542749173358526
3541.5;0.01771809624494277;0.030093267269017784;0.021414884236842735
3543.0;0.033676001417936904;0.0528468071720667;0.0322050972096303
3544.5;0.014945495799148322;0.017914658135362402;0.01834776063229206
3546.0;0.03466050479914682;0.03412017167381975;0.031175059952038366
3547.5;0.027312228429546864;0.03704735376044569;0.01875252778713015
3549.0;0.029432375613174487;0.027679021546149967;0.02964569775849602
3550.5;0.04080213700320805;0.030627490039840638;0.03300733496332518
3552.0;0.03846568257730848;0.02915766738660907;0.03333549804634651
3553.5;0.04151478331308222;0.019916219894086207;0.023733706676749664
3555.0;0.028767979987492184;0.02475049900199601;0.02582159624413146
3556.5;0.023274161735700197;0.02919600938967136;0.01923284128865424
3558.0;0.03931657501963865;0.03585049580472921;0.02934537246049661
3559.5;0.018832655731576244;0.02953225313359829;0.03515625
3561.0;0.017471759976644435;0.018470790378006873;0.037499598934770756
3562.5;0.024276859504132234;0.02928870292887029;0.021462105969148222
3564.0;0.03858520900321543;0.017127029898315375;0.024948024948024946
3565.5;0.03235113566605279;0.02351778656126482;0.029390681003584225
3567.0;0.02592112237383379;0.04098939929328622;0.018670166032125075
3568.5;0.024114774114774116;0.02667070037443331;0.03215077605321508
3570.0;0.02238354506957048;0.024831130547814915;0.025410598078710874
3571.5;0.019142066420664204;0.027811860940695293;0.034866898148148154
3573.0;0.01537736404878336;0.033445440956651716;0.034617580512148194
3574.5;0.028580208973570994;0.019408502772643253;0.025981489995995432
3576.0;0.018610244807272875;0.030318091451292245;0.037722668529514496
3577.5;0.014986153377295074;0.0330102542491923;0.01913318835603373
3579.0;0.01942319011183049;0.01765330501725511;0.027160493827160494
3580.5;0.019142066420664204;0.02891522988505747;0.040824681017555806
3582.0;0.018423991591118117;0.02699544655118414;0.024584742479646877
3583.5;0.018423991591118117;0.032692307692307694;0.029628537735849055
3585.0;0.024289313700416003;0.027482269503546097;0.021746454524564092
3586.5;0.018666430649040486;0.0199251577712238;0.0334525898086037
3588.0;0.0161839863713799;0.019643114117139156;0.03488372093023256
3589.5;0.025573192239858905;0.03088450292397661;0.027713625866050806
3591.0;0.01672535211267606;0.01764234161988773;0.03324142156862745
3592.5;0.015188609731168737;0.026475958612294584;0.018466534435991992
3594.0;0.018010291595197254;0.025280898876404494;0.029589786231507476
3595.5;0.033676001417936904;0.03884155393397035;0.04998311381290104
3597.0;0.036415289256198344;0.025571383700090534;0.03259637188208617
3598.5;0.015154962909024714;0.0205077408467239;0.03603106211801864
