#auto generated file!
6.0;0.021855552605505656;0.021855552605505656;0.021855552605505656
7.5;0.021855552605505656;0.021855552605505656;0.021855552605505656
9.0;0.021855552605505656;0.021855552605505656;0.021855552605505656
10.5;0.021855552605505656;0.021855552605505656;0.021855552605505656
12.0;0.021855552605505656;0.021855552605505656;0.031462585034013606
13.5;0.03418803418803419;0.021855552605505656;0.03357531760435572
15.0;0.036941580756013746;0.021855552605505656;0.03602058319039451
16.5;0.01824212271973466;0.021855552605505656;0.0378657487091222
18.0;0.036941580756013746;0.021855552605505656;0.033276450511945395
19.5;0.033276450511945395;0.021855552605505656;0.030560271646859084
21.0;0.0173841059602649;0.0175513698630137;0.025088028169014082
22.5;0.016638225255972697;0.01652892561983471;0.0173841059602649
24.0;0.01824212271973466;0.025088028169014082;0.02695167286245353
25.5;0.01652892561983471;0.0173841059602649;0.0351027397260274
27.0;0.023418491484184917;0.01652892561983471;0.0323679727427598
28.5;0.023418491484184917;0.01652892561983471;0.022727272727272728
30.0;0.01567656765676568;0.014827018121911038;0.031462585034013606
31.5;0.014827018121911038;0.015731292517006803;0.01824212271973466
33.0;0.014827018121911038;0.015731292517006803;0.01824212271973466
34.5;0.036941580756013746;0.01567656765676568;0.01567656765676568
36.0;0.036941580756013746;0.01567656765676568;0.014827018121911038
37.5;0.0173841059602649;0.0323679727427598;0.037753222836095765
39.0;0.01824212271973466;0.01824212271973466;0.031462585034013606
40.5;0.01567656765676568;0.03136882129277567;0.033276450511945395
42.0;0.01824212271973466;0.01652892561983471;0.033276450511945395
43.5;0.01567656765676568;0.031462585034013606;0.026548672566371685
45.0;0.01652892561983471;0.031462585034013606;0.03418803418803419
46.5;0.01652892561983471;0.031462585034013606;0.0173841059602649
48.0;0.01824212271973466;0.01567656765676568;0.0173841059602649
49.5;0.01824212271973466;0.0173841059602649;0.03602058319039451
51.0;0.0173841059602649;0.0175513698630137;0.025573192239858905
52.5;0.017094017094017096;0.0340398201669878;0.025573192239858905
54.0;0.017094017094017096;0.0340398201669878;0.01824212271973466
55.5;0.017094017094017096;0.01824212271973466;0.01652892561983471
57.0;0.017094017094017096;0.0323679727427598;0.01652892561983471
58.5;0.017094017094017096;0.01824212271973466;0.01652892561983471
60.0;0.01824212271973466;0.014827018121911038;0.01652892561983471
61.5;0.0161839863713799;0.014827018121911038;0.01652892561983471
63.0;0.01652892561983471;0.014827018121911038;0.03602058319039451
64.5;0.01652892561983471;0.014827018121911038;0.03602058319039451
66.0;0.01567656765676568;0.01824212271973466;0.03418803418803419
67.5;0.01652892561983471;0.01652892561983471;0.031462585034013606
69.0;0.014827018121911038;0.01567656765676568;0.03418803418803419
70.5;0.01567656765676568;0.018354055654233276;0.0351027397260274
72.0;0.0378657487091222;0.01652892561983471;0.0351027397260274
73.5;0.0173841059602649;0.03602058319039451;0.036941580756013746
75.0;0.01824212271973466;0.025088028169014082;0.03722426470588235
76.5;0.01824212271973466;0.025088028169014082;0.01824212271973466
78.0;0.026548672566371685;0.025088028169014082;0.030560271646859084
79.5;0.026548672566371685;0.01567656765676568;0.030560271646859084
81.0;0.031462585034013606;0.03602058319039451;0.030560271646859084
82.5;0.03602058319039451;0.0173841059602649;0.030560271646859084
84.0;0.036941580756013746;0.0173841059602649;0.030560271646859084
85.5;0.03418803418803419;0.0378657487091222;0.030560271646859084
87.0;0.0351027397260274;0.027531083481349913;0.030560271646859084
88.5;0.031462585034013606;0.027531083481349913;0.01567656765676568
90.0;0.01652892561983471;0.029504080351537978;0.03512773722627738
91.5;0.01567656765676568;0.0378657487091222;0.014827018121911038
93.0;0.0173841059602649;0.01824212271973466;0.040424121935056324
94.5;0.0173841059602649;0.01652892561983471;0.01567656765676568
96.0;0.0173841059602649;0.01824212271973466;0.026548672566371685
97.5;0.01824212271973466;0.031462585034013606;0.026548672566371685
99.0;0.0173841059602649;0.0173841059602649;0.025522755227552277
100.5;0.03418803418803419;0.036941580756013746;0.03136882129277567
102.0;0.0173841059602649;0.03669724770642202;0.014827018121911038
103.5;0.0173841059602649;0.024114774114774116;0.030009920634920632
105.0;0.01652892561983471;0.024122807017543862;0.033276450511945395
106.5;0.01652892561983471;0.036941580756013746;0.014827018121911038
108.0;0.0173841059602649;0.01567656765676568;0.014827018121911038
109.5;0.0173841059602649;0.01824212271973466;0.038817005545286505
111.0;0.0173841059602649;0.01824212271973466;0.02703900709219858
112.5;0.014827018121911038;0.030560271646859084;0.0173841059602649
114.0;0.01652892561983471;0.036941580756013746;0.01567656765676568
115.5;0.01652892561983471;0.014827018121911038;0.0378657487091222
117.0;0.0173841059602649;0.023418491484184917;0.024114774114774116
118.5;0.0173841059602649;0.030560271646859084;0.024114774114774116
120.0;0.01824212271973466;0.030560271646859084;0.0173841059602649
121.5;0.01567656765676568;0.026060070671378093;0.01652892561983471
123.0;0.0351027397260274;0.033276450511945395;0.018010291595197254
124.5;0.01652892561983471;0.033276450511945395;0.018010291595197254
126.0;0.02587800369685767;0.02833675564681725;0.01567656765676568
127.5;0.01567656765676568;0.01652892561983471;0.02703900709219858
129.0;0.01824212271973466;0.01652892561983471;0.0323679727427598
130.5;0.0173841059602649;0.0173841059602649;0.0173841059602649
132.0;0.01567656765676568;0.0285204991087344;0.01824212271973466
133.5;0.036941580756013746;0.03722426470588235;0.01567656765676568
135.0;0.0351027397260274;0.03722426470588235;0.031462585034013606
136.5;0.03418803418803419;0.0173841059602649;0.03602058319039451
138.0;0.0323679727427598;0.033276450511945395;0.01567656765676568
139.5;0.0323679727427598;0.030560271646859084;0.01567656765676568
141.0;0.03602058319039451;0.03602058319039451;0.033276450511945395
142.5;0.01567656765676568;0.01567656765676568;0.023765996343692867
144.0;0.0323679727427598;0.01567656765676568;0.018354055654233276
145.5;0.01652892561983471;0.030560271646859084;0.01824212271973466
147.0;0.01652892561983471;0.0351027397260274;0.03512773722627738
148.5;0.01652892561983471;0.015280135823429542;0.018010291595197254
150.0;0.01567656765676568;0.01824212271973466;0.01567656765676568
151.5;0.01567656765676568;0.03779069767441861;0.01824212271973466
153.0;0.01824212271973466;0.0323679727427598;0.018470790378006873
154.5;0.01824212271973466;0.014827018121911038;0.01567656765676568
156.0;0.036941580756013746;0.014827018121911038;0.01652892561983471
157.5;0.02460456942003515;0.0173841059602649;0.01824212271973466
159.0;0.02460456942003515;0.0173841059602649;0.01824212271973466
160.5;0.0173841059602649;0.01652892561983471;0.0175513698630137
162.0;0.0173841059602649;0.01567656765676568;0.017094017094017096
163.5;0.014827018121911038;0.03669724770642202;0.017094017094017096
165.0;0.031462585034013606;0.03669724770642202;0.016638225255972697
166.5;0.016638225255972697;0.017094017094017096;0.0173841059602649
168.0;0.01824212271973466;0.017094017094017096;0.01652892561983471
169.5;0.01652892561983471;0.01567656765676568;0.01652892561983471
171.0;0.01567656765676568;0.025088028169014082;0.0173841059602649
172.5;0.01567656765676568;0.02703900709219858;0.01824212271973466
174.0;0.01567656765676568;0.0173841059602649;0.01672535211267606
175.5;0.031462585034013606;0.014827018121911038;0.01567656765676568
177.0;0.014827018121911038;0.01824212271973466;0.0173841059602649
178.5;0.014827018121911038;0.029017857142857144;0.0173841059602649
180.0;0.01652892561983471;0.018010291595197254;0.018470790378006873
181.5;0.01652892561983471;0.016863406408094434;0.036941580756013746
183.0;0.01652892561983471;0.015731292517006803;0.018470790378006873
184.5;0.01652892561983471;0.01842179442537598;0.015280135823429542
186.0;0.01652892561983471;0.016863406408094434;0.033879208022981784
187.5;0.01652892561983471;0.030993042378241617;0.017373380447585393
189.0;0.01652892561983471;0.023765996343692867;0.02516881522406384
190.5;0.0175513698630137;0.01597712748065927;0.017368069472277887
192.0;0.026548672566371685;0.0367279087083759;0.016081348496769426
193.5;0.017699115044247787;0.016863406408094434;0.019327580007191657
195.0;0.015095605501509561;0.03482458408757866;0.017699115044247787
196.5;0.015095605501509561;0.018332165356039182;0.017094017094017096
198.0;0.015095605501509561;0.018277260861902424;0.017754480892796753
199.5;0.015871286409530037;0.025573192239858905;0.017547197908565945
201.0;0.015871286409530037;0.017754480892796753;0.018595825426944972
202.5;0.014945495799148322;0.017623877982923447;0.017697567180791858
204.0;0.014910112661872163;0.015769487034319674;0.015731292517006803
205.5;0.014910112661872163;0.01830736743700201;0.016863406408094434
207.0;0.014870091759449306;0.015280135823429542;0.015280135823429542
208.5;0.014870091759449306;0.01865038996269922;0.030993042378241617
210.0;0.014870091759449306;0.017754480892796753;0.01597712748065927
211.5;0.014870091759449306;0.016676298192025096;0.01597712748065927
213.0;0.01485852872552252;0.016676298192025096;0.016745540589734254
214.5;0.016638225255972697;0.030813820600779404;0.038655160014383315
216.0;0.016638225255972697;0.026548672566371685;0.017623877982923447
217.5;0.016638225255972697;0.016863406408094434;0.017547197908565945
219.0;0.016638225255972697;0.022789783889980354;0.01663225731761437
220.5;0.016638225255972697;0.01645021645021645;0.01865038996269922
222.0;0.016638225255972697;0.01695388914764788;0.026060070671378093
223.5;0.01597712748065927;0.01597712748065927;0.031723651744800845
225.0;0.015871286409530037;0.015731292517006803;0.03130908265900325
226.5;0.015871286409530037;0.015001087035292413;0.017465858520325457
228.0;0.015871286409530037;0.02460456942003515;0.014870091759449306
229.5;0.03106789479980177;0.02460456942003515;0.016638225255972697
231.0;0.01663225731761437;0.01597712748065927;0.038041387799061466
232.5;0.01663225731761437;0.015871286409530037;0.02703900709219858
234.0;0.01663225731761437;0.015769487034319674;0.0161839863713799
235.5;0.01663225731761437;0.035437678433415665;0.025240384615384616
237.0;0.01488644788002137;0.03620712313994087;0.02684356680037026
238.5;0.03534512971343672;0.02460456942003515;0.025088028169014082
240.0;0.016568094782873223;0.03466050479914682;0.01597712748065927
241.5;0.016568094782873223;0.03706545928938685;0.01663225731761437
243.0;0.016568094782873223;0.032000890578704894;0.018010291595197254
244.5;0.016568094782873223;0.035650623885918005;0.015001087035292413
246.0;0.016568094782873223;0.016638225255972697;0.01660281557997176
247.5;0.016568094782873223;0.018010291595197254;0.01874107841782935
249.0;0.016568094782873223;0.032697066101095795;0.018470790378006873
250.5;0.016568094782873223;0.016676298192025096;0.014945495799148322
252.0;0.014850222990092551;0.016676298192025096;0.015095605501509561
253.5;0.01740771421307761;0.03825578292372061;0.01597712748065927
255.0;0.018256492034823147;0.03251852018092068;0.015095605501509561
256.5;0.01825012709422827;0.03251852018092068;0.01663225731761437
258.0;0.015680987109796585;0.0182681206624895;0.01663225731761437
259.5;0.015680987109796585;0.014839767744728968;0.029017857142857144
261.0;0.015680987109796585;0.032697066101095795;0.018683274021352312
262.5;0.03238207376784275;0.03320921042632419;0.015095605501509561
264.0;0.03238207376784275;0.01842179442537598;0.03416622228993677
265.5;0.03238207376784275;0.017498443680569787;0.01865038996269922
267.0;0.03238207376784275;0.016638225255972697;0.026548672566371685
268.5;0.03147005586227883;0.017754480892796753;0.017754480892796753
270.0;0.03147005586227883;0.040427509293680296;0.02802491103202847
271.5;0.03147005586227883;0.040427509293680296;0.037753222836095765
273.0;0.03147005586227883;0.018010291595197254;0.037753222836095765
274.5;0.03147005586227883;0.018010291595197254;0.03497503514469921
276.0;0.03147005586227883;0.0367279087083759;0.01766843911960692
277.5;0.03147005586227883;0.015769487034319674;0.015871286409530037
279.0;0.03147005586227883;0.015769487034319674;0.01663225731761437
280.5;0.04083665338645418;0.015769487034319674;0.025573192239858905
282.0;0.039888682745825604;0.01488644788002137;0.01842179442537598
283.5;0.039888682745825604;0.016582472972657695;0.01488644788002137
285.0;0.038041387799061466;0.01597712748065927;0.017427438387099873
286.5;0.038041387799061466;0.033879208022981784;0.018790849673202614
288.0;0.038041387799061466;0.017754480892796753;0.0153103221203973
289.5;0.038041387799061466;0.01865038996269922;0.02760404051916967
291.0;0.01842179442537598;0.015001087035292413;0.018666279410617808
292.5;0.01663225731761437;0.015001087035292413;0.03669724770642202
294.0;0.01663225731761437;0.03768591312195207;0.03935185185185185
295.5;0.01660281557997176;0.017498443680569787;0.016863406408094434
297.0;0.01660281557997176;0.017498443680569787;0.032256841786066255
298.5;0.01660281557997176;0.035650623885918005;0.023642732049036778
300.0;0.01660281557997176;0.017547197908565945;0.0285204991087344
301.5;0.01660281557997176;0.018010291595197254;0.027531083481349913
303.0;0.01660281557997176;0.035650623885918005;0.01597712748065927
304.5;0.01660281557997176;0.015001087035292413;0.038817005545286505
306.0;0.014870091759449306;0.02703900709219858;0.039888682745825604
307.5;0.016568094782873223;0.02703900709219858;0.01672535211267606
309.0;0.016568094782873223;0.03966822935448972;0.03609431217943811
310.5;0.015695763321720377;0.035127911416571206;0.016403046280023436
312.0;0.014839767744728968;0.03841245791927793;0.017754480892796753
313.5;0.014836509492270044;0.015724726735506497;0.017623877982923447
315.0;0.014836509492270044;0.01570251018973342;0.030993042378241617
316.5;0.014836509492270044;0.02460456942003515;0.04212932723709994
318.0;0.014836509492270044;0.017623877982923447;0.03617216117216117
319.5;0.014836509492270044;0.018470790378006873;0.01865038996269922
321.0;0.014836509492270044;0.0189328743545611;0.02703900709219858
322.5;0.01825283975007182;0.03639029592108771;0.025088028169014082
324.0;0.01825283975007182;0.016293098349991132;0.03639029592108771
325.5;0.0175513698630137;0.03669724770642202;0.0161839863713799
327.0;0.016863406408094434;0.015095605501509561;0.029135338345864664
328.5;0.016863406408094434;0.015095605501509561;0.03966822935448972
330.0;0.016863406408094434;0.03130908265900325;0.03768591312195207
331.5;0.016863406408094434;0.03130908265900325;0.015280135823429542
333.0;0.016863406408094434;0.014945495799148322;0.018470790378006873
334.5;0.016863406408094434;0.03276661638370833;0.026548672566371685
336.0;0.015871286409530037;0.01660281557997176;0.015414729630535846
337.5;0.015871286409530037;0.01660281557997176;0.03460837887067396
339.0;0.0285204991087344;0.03316662279547249;0.01537736404878336
340.5;0.0285204991087344;0.015154962909024714;0.025522755227552277
342.0;0.01597712748065927;0.03530539163766581;0.016838000708968452
343.5;0.0175513698630137;0.03530539163766581;0.03629820769558761
345.0;0.0175513698630137;0.016648083640921553;0.01574452835686896
346.5;0.0175513698630137;0.014895060311512434;0.029017857142857144
348.0;0.026548672566371685;0.014895060311512434;0.03706545928938685
349.5;0.025573192239858905;0.018296312618706345;0.018332165356039182
351.0;0.03609431217943811;0.017094017094017096;0.01865038996269922
352.5;0.03609431217943811;0.01850632726208763;0.03130252100840336
354.0;0.03609431217943811;0.01850632726208763;0.029664014146772767
355.5;0.016676298192025096;0.024122807017543862;0.016187271319071658
357.0;0.016676298192025096;0.026548672566371685;0.01733025239957341
358.5;0.01836806645203033;0.03966822935448972;0.02758543825694988
360.0;0.01836806645203033;0.015809071886378992;0.03470153107284698
361.5;0.017465858520325457;0.015769487034319674;0.017094017094017096
363.0;0.017465858520325457;0.017094017094017096;0.038041387799061466
364.5;0.017465858520325457;0.01842179442537598;0.018010291595197254
366.0;0.017465858520325457;0.018332165356039182;0.024464831804281346
367.5;0.017465858520325457;0.01570251018973342;0.017754480892796753
369.0;0.017465858520325457;0.016550266845809666;0.017754480892796753
370.5;0.017465858520325457;0.017401635028469288;0.015280135823429542
372.0;0.017465858520325457;0.015687178238012765;0.016676298192025096
373.5;0.017465858520325457;0.015687178238012765;0.029702970297029705
375.0;0.017465858520325457;0.0175513698630137;0.017961645808949312
376.5;0.017465858520325457;0.0175513698630137;0.01654091700522345
378.0;0.017465858520325457;0.016863406408094434;0.017094017094017096
379.5;0.017465858520325457;0.015001087035292413;0.016745540589734254
381.0;0.015724726735506497;0.017465858520325457;0.018010291595197254
382.5;0.015724726735506497;0.015731292517006803;0.016745540589734254
384.0;0.015724726735506497;0.015731292517006803;0.02866752081998719
385.5;0.015724726735506497;0.016863406408094434;0.024176751654469524
387.0;0.015724726735506497;0.016863406408094434;0.017099239476362934
388.5;0.015724726735506497;0.016863406408094434;0.024464831804281346
390.0;0.015724726735506497;0.016863406408094434;0.0175513698630137
391.5;0.015724726735506497;0.016745540589734254;0.015095605501509561
393.0;0.015724726735506497;0.017547197908565945;0.018010291595197254
394.5;0.015724726735506497;0.017547197908565945;0.019139945314441957
396.0;0.015711796950363736;0.03091538715963386;0.019041938815588494
397.5;0.015711796950363736;0.03091538715963386;0.018082813426555547
399.0;0.018277260861902424;0.03450566571561023;0.024816176470588234
400.5;0.01740771421307761;0.03441791502515164;0.017094017094017096
402.0;0.017094017094017096;0.017427438387099873;0.0161839863713799
403.5;0.017094017094017096;0.017427438387099873;0.016604605213162094
405.0;0.016863406408094434;0.017427438387099873;0.02729044834307992
406.5;0.01850632726208763;0.03065901496568101;0.01756386861313869
408.0;0.01850632726208763;0.032449913274663476;0.01733025239957341
409.5;0.01850632726208763;0.032449913274663476;0.015280135823429542
411.0;0.017547197908565945;0.015687178238012765;0.02703900709219858
412.5;0.017547197908565945;0.0379119539632164;0.017596390484003282
414.0;0.015769487034319674;0.0379119539632164;0.016913979694298784
415.5;0.015743018124095107;0.0379119539632164;0.02703900709219858
417.0;0.038817005545286505;0.01825012709422827;0.01597712748065927
418.5;0.038817005545286505;0.01825012709422827;0.02802491103202847
420.0;0.038817005545286505;0.01825012709422827;0.0161839863713799
421.5;0.038817005545286505;0.03789154355808637;0.03768591312195207
423.0;0.038817005545286505;0.03789154355808637;0.016638225255972697
424.5;0.015095605501509561;0.03789154355808637;0.018683274021352312
426.0;0.015095605501509561;0.03511932481093796;0.017754480892796753
427.5;0.015095605501509561;0.03511932481093796;0.026998169615619284
429.0;0.032256841786066255;0.030569682092653955;0.024122807017543862
430.5;0.032256841786066255;0.01567842217100666;0.028580208973570994
432.0;0.032000890578704894;0.015677957190639216;0.02494777243356168
433.5;0.032000890578704894;0.015677957190639216;0.023418491484184917
435.0;0.032000890578704894;0.015677957190639216;0.035650623885918005
436.5;0.01663225731761437;0.015095605501509561;0.015095605501509561
438.0;0.016582472972657695;0.015095605501509561;0.01834862385321101
439.5;0.03065901496568101;0.038041387799061466;0.0175513698630137
441.0;0.015695763321720377;0.038041387799061466;0.015001087035292413
442.5;0.018470790378006873;0.014945495799148322;0.03061615001913509
444.0;0.018470790378006873;0.015769487034319674;0.015597920277296359
445.5;0.03466050479914682;0.01660281557997176;0.01862097440132122
447.0;0.03466050479914682;0.01660281557997176;0.018138661064199427
448.5;0.016745540589734254;0.033435588205396154;0.0189328743545611
450.0;0.01836806645203033;0.015695763321720377;0.03564899451553931
451.5;0.0175513698630137;0.037020826875429826;0.0285204991087344
453.0;0.01865038996269922;0.03241323970006249;0.018470790378006873
454.5;0.0161839863713799;0.03241323970006249;0.04016913319238901
456.0;0.0161839863713799;0.01739137492247878;0.018323203432248837
457.5;0.017623877982923447;0.01739137492247878;0.016664843504300385
459.0;0.0161839863713799;0.01739137492247878;0.024114774114774116
460.5;0.01597712748065927;0.016533838797490336;0.032673267326732675
462.0;0.025573192239858905;0.016533838797490336;0.024775827883164153
463.5;0.0161839863713799;0.016533838797490336;0.01726263871763255
465.0;0.01597712748065927;0.01567987457984609;0.016263612953345514
466.5;0.015809071886378992;0.01567987457984609;0.024093511450381678
468.0;0.015809071886378992;0.016531678096401558;0.01726263871763255
469.5;0.01488644788002137;0.016530987295071384;0.03918416153983354
471.0;0.01865038996269922;0.018026004728132386;0.015731292517006803
472.5;0.01865038996269922;0.01865038996269922;0.03617216117216117
474.0;0.018470790378006873;0.016676298192025096;0.03460837887067396
475.5;0.015095605501509561;0.014910112661872163;0.01597712748065927
477.0;0.032256841786066255;0.016582472972657695;0.016745540589734254
478.5;0.03293798595973293;0.016582472972657695;0.032697066101095795
480.0;0.036514961411379304;0.016568094782873223;0.02623456790123457
481.5;0.03357729479429107;0.016568094782873223;0.02623456790123457
483.0;0.037210128013628566;0.016568094782873223;0.025573192239858905
484.5;0.03251852018092068;0.016568094782873223;0.03919631093544137
486.0;0.03339355998530387;0.0182681206624895;0.026060070671378093
487.5;0.03339355998530387;0.0182681206624895;0.015871286409530037
489.0;0.03339355998530387;0.014839767744728968;0.03293798595973293
490.5;0.03339355998530387;0.014836509492270044;0.017498443680569787
492.0;0.03339355998530387;0.017393838281482624;0.03564899451553931
493.5;0.03339355998530387;0.018248107350266503;0.017368069472277887
495.0;0.03339355998530387;0.016638225255972697;0.017824497257769654
496.5;0.03339355998530387;0.016863406408094434;0.016403046280023436
498.0;0.03339355998530387;0.03609431217943811;0.023765996343692867
499.5;0.01826142579350741;0.016676298192025096;0.03800513149454778
501.0;0.03423853899517871;0.034633078205669056;0.017094017094017096
502.5;0.03423853899517871;0.018289844042285466;0.017547197908565945
504.0;0.016537723722061845;0.018289844042285466;0.018848906360245943
505.5;0.016537723722061845;0.016550266845809666;0.032697066101095795
507.0;0.01739137492247878;0.034255896066409615;0.02802491103202847
508.5;0.016533838797490336;0.034255896066409615;0.018197573656845753
510.0;0.016533838797490336;0.034255896066409615;0.015033359741139864
511.5;0.018246600758721136;0.034255896066409615;0.015033359741139864
513.0;0.016531678096401558;0.027531083481349913;0.04057719431485299
514.5;0.016745540589734254;0.038817005545286505;0.03354534045223458
516.0;0.03091538715963386;0.038817005545286505;0.015854570888502284
517.5;0.03441791502515164;0.016863406408094434;0.0285204991087344
519.0;0.037137807788150325;0.03320921042632419;0.016863406408094434
520.5;0.01740771421307761;0.015769487034319674;0.03136882129277567
522.0;0.015690820879123473;0.015724726735506497;0.035650623885918005
523.5;0.015690820879123473;0.016568094782873223;0.035650623885918005
525.0;0.0161839863713799;0.01570251018973342;0.017547197908565945
526.5;0.0161839863713799;0.01570251018973342;0.03183910937543675
528.0;0.0161839863713799;0.01570251018973342;0.017094017094017096
529.5;0.0161839863713799;0.01570251018973342;0.032000890578704894
531.0;0.015001087035292413;0.01570251018973342;0.01836806645203033
532.5;0.015001087035292413;0.01570251018973342;0.015731292517006803
534.0;0.032000890578704894;0.01570251018973342;0.015731292517006803
535.5;0.015743018124095107;0.01570251018973342;0.0175513698630137
537.0;0.015743018124095107;0.01570251018973342;0.0189328743545611
538.5;0.015743018124095107;0.01570251018973342;0.015095605501509561
540.0;0.01830736743700201;0.01570251018973342;0.015095605501509561
541.5;0.016568094782873223;0.01570251018973342;0.017547197908565945
543.0;0.016568094782873223;0.01570251018973342;0.018026004728132386
544.5;0.018277260861902424;0.01570251018973342;0.018010291595197254
546.0;0.016550266845809666;0.01570251018973342;0.01865038996269922
547.5;0.016550266845809666;0.016550266845809666;0.017623877982923447
549.0;0.016550266845809666;0.016550266845809666;0.018332165356039182
550.5;0.016550266845809666;0.016550266845809666;0.02352661596958175
552.0;0.016550266845809666;0.018256492034823147;0.015139193690331638
553.5;0.015690820879123473;0.018256492034823147;0.03332648875716516
555.0;0.015690820879123473;0.018256492034823147;0.015095605501509561
556.5;0.015690820879123473;0.014834097312229661;0.03293798595973293
558.0;0.017397154861764727;0.018248107350266503;0.0189328743545611
559.5;0.017397154861764727;0.014829976303317897;0.035127911416571206
561.0;0.017397154861764727;0.014829976303317897;0.0175513698630137
562.5;0.017397154861764727;0.014829976303317897;0.01850632726208763
564.0;0.01739137492247878;0.016530987295071384;0.016676298192025096
565.5;0.01739137492247878;0.016530470370958342;0.01836806645203033
567.0;0.015679043553987165;0.016530470370958342;0.016582472972657695
568.5;0.017386386504641093;0.014827949697411927;0.016582472972657695
570.0;0.017386386504641093;0.014827949697411927;0.02802491103202847
571.5;0.017386386504641093;0.018243179757112683;0.03130908265900325
573.0;0.018086080586080584;0.018243179757112683;0.035774141714325206
574.5;0.015414729630535846;0.018243179757112683;0.02703900709219858
576.0;0.01783664661861255;0.014827541633468562;0.018470790378006873
577.5;0.018470790378006873;0.014827410635276744;0.017623877982923447
579.0;0.01865038996269922;0.014827410635276744;0.017623877982923447
580.5;0.016676298192025096;0.014827410635276744;0.015769487034319674
582.0;0.016676298192025096;0.01738451054966002;0.01865038996269922
583.5;0.01488644788002137;0.01738451054966002;0.0161839863713799
585.0;0.01488644788002137;0.01738451054966002;0.016863406408094434
586.5;0.01488644788002137;0.017384409349774463;0.016863406408094434
588.0;0.017427438387099873;0.017384409349774463;0.016863406408094434
589.5;0.015695763321720377;0.017384276578092637;0.017623877982923447
591.0;0.016540721828503288;0.01738420192052985;0.017623877982923447
592.5;0.015682478532320222;0.03146282076702536;0.015095605501509561
594.0;0.015682478532320222;0.03146282076702536;0.016745540589734254
595.5;0.031475908069914404;0.016528974413923803;0.017547197908565945
597.0;0.01597712748065927;0.016528962214557553;0.0161839863713799
598.5;0.02703900709219858;0.016528962214557553;0.0161839863713799
600.0;0.03466050479914682;0.018242141523569108;0.01865038996269922
601.5;0.035774141714325206;0.036020638176829586;0.015001087035292413
603.0;0.015743018124095107;0.036941624131448865;0.026060070671378093
604.5;0.031567255350648166;0.036941624131448865;0.026060070671378093
606.0;0.03609592313694582;0.026060070671378093;0.026060070671378093
607.5;0.030590360834056505;0.016745540589734254;0.031723651744800845
609.0;0.024464831804281346;0.016745540589734254;0.03482458408757866
610.5;0.01784040701566475;0.01836806645203033;0.02238354506957048
612.0;0.015842570532438566;0.03409090909090909;0.040968342644320296
613.5;0.015791096363576857;0.017754480892796753;0.01865038996269922
615.0;0.016745540589734254;0.014945495799148322;0.0367279087083759
616.5;0.015809071886378992;0.015095605501509561;0.015743018124095107
618.0;0.03265254436585322;0.01850632726208763;0.032573955124637066
619.5;0.026060070671378093;0.01865038996269922;0.032573955124637066
621.0;0.015871286409530037;0.016745540589734254;0.027531083481349913
622.5;0.017094017094017096;0.017498443680569787;0.027531083481349913
624.0;0.015871286409530037;0.015095605501509561;0.016863406408094434
625.5;0.015871286409530037;0.0175513698630137;0.017754480892796753
627.0;0.01865038996269922;0.03764790247400502;0.017754480892796753
628.5;0.017498443680569787;0.017754480892796753;0.035127911416571206
630.0;0.01488644788002137;0.016745540589734254;0.018354055654233276
631.5;0.017427438387099873;0.016676298192025096;0.0161839863713799
633.0;0.0182681206624895;0.016676298192025096;0.017623877982923447
634.5;0.0182681206624895;0.01663225731761437;0.0161839863713799
636.0;0.015690820879123473;0.018332165356039182;0.038655160014383315
637.5;0.015684481542853023;0.016568094782873223;0.03130908265900325
639.0;0.031480391538412276;0.032449913274663476;0.03460837887067396
640.5;0.03788504815855055;0.017397154861764727;0.03460837887067396
642.0;0.017387150648592545;0.01825012709422827;0.017754480892796753
643.5;0.026592455163883737;0.01653260196570383;0.017754480892796753
645.0;0.026592455163883737;0.01653260196570383;0.017754480892796753
646.5;0.01865038996269922;0.01653260196570383;0.017754480892796753
648.0;0.025573192239858905;0.016531678096401558;0.016403046280023436
649.5;0.016745540589734254;0.017386386504641093;0.016403046280023436
651.0;0.018010291595197254;0.03328271209847559;0.015280135823429542
652.5;0.01597712748065927;0.03328271209847559;0.015001087035292413
654.0;0.03864818325709216;0.03328271209847559;0.017547197908565945
655.5;0.018010291595197254;0.03328271209847559;0.034633078205669056
657.0;0.018010291595197254;0.03328271209847559;0.017443347491498312
658.5;0.017754480892796753;0.03328271209847559;0.029017857142857144
660.0;0.017754480892796753;0.030563238328968595;0.01865038996269922
661.5;0.015871286409530037;0.015677152879889675;0.0285204991087344
663.0;0.01663225731761437;0.01738451054966002;0.017754480892796753
664.5;0.016638225255972697;0.01738451054966002;0.016745540589734254
666.0;0.015095605501509561;0.017384333472854088;0.016745540589734254
667.5;0.018197573656845753;0.017384333472854088;0.018332165356039182
669.0;0.01766843911960692;0.017384333472854088;0.01741601350785099
670.5;0.03754213023538997;0.026548672566371685;0.015690820879123473
672.0;0.017094017094017096;0.01850632726208763;0.016540721828503288
673.5;0.01850632726208763;0.017547197908565945;0.01597712748065927
675.0;0.0325497287522604;0.017547197908565945;0.018010291595197254
676.5;0.02802491103202847;0.017465858520325457;0.01597712748065927
678.0;0.017094017094017096;0.015095605501509561;0.017754480892796753
679.5;0.018354055654233276;0.03416622228993677;0.015001087035292413
681.0;0.018354055654233276;0.03416622228993677;0.015001087035292413
682.5;0.040968342644320296;0.03416622228993677;0.015809071886378992
684.0;0.03320921042632419;0.015809071886378992;0.032697066101095795
685.5;0.015809071886378992;0.01660281557997176;0.01842179442537598
687.0;0.015809071886378992;0.01485852872552252;0.017754480892796753
688.5;0.018332165356039182;0.016638225255972697;0.017754480892796753
690.0;0.018289844042285466;0.015001087035292413;0.016745540589734254
691.5;0.032449913274663476;0.03564899451553931;0.016745540589734254
693.0;0.014836509492270044;0.03564899451553931;0.035650623885918005
694.5;0.02460456942003515;0.025088028169014082;0.035650623885918005
696.0;0.03409090909090909;0.025088028169014082;0.015001087035292413
697.5;0.03706545928938685;0.031746031746031744;0.015731292517006803
699.0;0.03706545928938685;0.031746031746031744;0.0175513698630137
700.5;0.016676298192025096;0.015095605501509561;0.01865038996269922
702.0;0.016676298192025096;0.015001087035292413;0.0175513698630137
703.5;0.016676298192025096;0.015809071886378992;0.01865038996269922
705.0;0.03306159420289855;0.015809071886378992;0.039603960396039604
706.5;0.03966822935448972;0.01597712748065927;0.015095605501509561
708.0;0.03706545928938685;0.01597712748065927;0.023765996343692867
709.5;0.017465858520325457;0.01597712748065927;0.023765996343692867
711.0;0.017465858520325457;0.01850632726208763;0.017934291168491913
712.5;0.017465858520325457;0.014945495799148322;0.017934291168491913
714.0;0.017465858520325457;0.015743018124095107;0.027531083481349913
715.5;0.017465858520325457;0.015743018124095107;0.036646406864497674
717.0;0.017699115044247787;0.015280135823429542;0.03416622228993677
718.5;0.016638225255972697;0.01597712748065927;0.036514961411379304
720.0;0.01597712748065927;0.017094017094017096;0.01830736743700201
721.5;0.038655160014383315;0.02587800369685767;0.02802491103202847
723.0;0.038655160014383315;0.0189328743545611;0.01865038996269922
724.5;0.038655160014383315;0.032697066101095795;0.025573192239858905
726.0;0.017094017094017096;0.01850632726208763;0.016863406408094434
727.5;0.017754480892796753;0.01836806645203033;0.016863406408094434
729.0;0.015095605501509561;0.01836806645203033;0.015809071886378992
730.5;0.016745540589734254;0.015743018124095107;0.015809071886378992
732.0;0.01836806645203033;0.017427438387099873;0.032573955124637066
733.5;0.037312715311890364;0.017427438387099873;0.032573955124637066
735.0;0.014850222990092551;0.030614484288885975;0.037137807788150325
736.5;0.014844188506303903;0.03409090909090909;0.037137807788150325
738.0;0.014844188506303903;0.0189328743545611;0.037137807788150325
739.5;0.014844188506303903;0.015095605501509561;0.018277260861902424
741.0;0.023765996343692867;0.016638225255972697;0.018277260861902424
742.5;0.015095605501509561;0.017754480892796753;0.018277260861902424
744.0;0.015095605501509561;0.017623877982923447;0.01654477169890474
745.5;0.015095605501509561;0.03482458408757866;0.016537723722061845
747.0;0.03768591312195207;0.017094017094017096;0.016537723722061845
748.5;0.015743018124095107;0.017373380447585393;0.016537723722061845
750.0;0.01830736743700201;0.015597920277296359;0.016537723722061845
751.5;0.01830736743700201;0.04057719431485299;0.016533838797490336
753.0;0.015711796950363736;0.015069294547215105;0.02460456942003515
754.5;0.025088028169014082;0.036007976406237624;0.02460456942003515
756.0;0.017623877982923447;0.032886334610472544;0.016863406408094434
757.5;0.017623877982923447;0.03722426470588235;0.016863406408094434
759.0;0.014910112661872163;0.03722426470588235;0.016863406408094434
760.5;0.014910112661872163;0.03966822935448972;0.0367279087083759
762.0;0.017465858520325457;0.016676298192025096;0.03251008064516129
763.5;0.017465858520325457;0.016676298192025096;0.03251008064516129
765.0;0.033494196742055664;0.026060070671378093;0.019139945314441957
766.5;0.033494196742055664;0.038817005545286505;0.040080752375793983
768.0;0.0161839863713799;0.03706545928938685;0.01845157937014199
769.5;0.0161839863713799;0.01836806645203033;0.033762960685086274
771.0;0.03609431217943811;0.016863406408094434;0.029516994633273706
772.5;0.01836806645203033;0.0189328743545611;0.02802491103202847
774.0;0.01830736743700201;0.024816176470588234;0.01597712748065927
775.5;0.018289844042285466;0.040316960483184054;0.032256841786066255
777.0;0.014850222990092551;0.036646406864497674;0.017547197908565945
778.5;0.030614484288885975;0.01597712748065927;0.017754480892796753
780.0;0.016537723722061845;0.017754480892796753;0.017094017094017096
781.5;0.01756386861313869;0.02802491103202847;0.0161839863713799
783.0;0.016335052812576762;0.03966822935448972;0.017094017094017096
784.5;0.015907416444202047;0.014910112661872163;0.017094017094017096
786.0;0.016700702455922763;0.015095605501509561;0.015871286409530037
787.5;0.016700702455922763;0.015001087035292413;0.014945495799148322
789.0;0.017515962224757837;0.01836806645203033;0.017094017094017096
790.5;0.016613529195963463;0.016582472972657695;0.03416622228993677
792.0;0.017433311232636223;0.01485852872552252;0.03416622228993677
793.5;0.014846432385212723;0.01845342706502636;0.03416622228993677
795.0;0.0325497287522604;0.037199376389705316;0.01537736404878336
796.5;0.0325497287522604;0.034987549219048265;0.018699545475974563
798.0;0.01597712748065927;0.015280135823429542;0.018533328860806126
799.5;0.01597712748065927;0.035127911416571206;0.01491718899048849
801.0;0.01597712748065927;0.014910112661872163;0.0230722525804493
802.5;0.038655160014383315;0.019345238095238096;0.017934291168491913
804.0;0.038655160014383315;0.015731292517006803;0.0175513698630137
805.5;0.038655160014383315;0.019345238095238096;0.01850632726208763
807.0;0.038655160014383315;0.03320921042632419;0.04009504902845455
808.5;0.038655160014383315;0.018010291595197254;0.019013666072489603
810.0;0.03768591312195207;0.018683274021352312;0.0189328743545611
811.5;0.025573192239858905;0.017094017094017096;0.0189328743545611
813.0;0.025573192239858905;0.015001087035292413;0.03130908265900325
814.5;0.01865038996269922;0.017373380447585393;0.01663225731761437
816.0;0.015871286409530037;0.0189328743545611;0.025088028169014082
817.5;0.015871286409530037;0.019139945314441957;0.015517241379310345
819.0;0.015871286409530037;0.02784833653429156;0.017854807063440156
820.5;0.015871286409530037;0.016025963289428118;0.03306159420289855
822.0;0.015871286409530037;0.015871286409530037;0.03466050479914682
823.5;0.015871286409530037;0.016863406408094434;0.0175513698630137
825.0;0.015871286409530037;0.02460456942003515;0.02351778656126482
826.5;0.015871286409530037;0.01597712748065927;0.016285076905013504
828.0;0.015871286409530037;0.015871286409530037;0.016285076905013504
829.5;0.015871286409530037;0.01850632726208763;0.026994163424124515
831.0;0.015871286409530037;0.017094017094017096;0.023244781783681213
832.5;0.033879208022981784;0.015095605501509561;0.023244781783681213
834.0;0.033879208022981784;0.018010291595197254;0.01713180436584692
835.5;0.017498443680569787;0.015095605501509561;0.037753222836095765
837.0;0.017498443680569787;0.03667434715821812;0.02238354506957048
838.5;0.017498443680569787;0.016830578931359627;0.015069294547215105
840.0;0.017498443680569787;0.014936197678611653;0.018010291595197254
841.5;0.017498443680569787;0.026060070671378093;0.03669724770642202
843.0;0.018332165356039182;0.01865038996269922;0.01672535211267606
844.5;0.018332165356039182;0.025088028169014082;0.0161839863713799
846.0;0.018332165356039182;0.037938033550235804;0.017094017094017096
847.5;0.030743823668949708;0.015992751525289242;0.017094017094017096
849.0;0.018289844042285466;0.015992751525289242;0.016638225255972697
850.5;0.018289844042285466;0.014950266845029822;0.01865038996269922
852.0;0.018289844042285466;0.0175513698630137;0.02587800369685767
853.5;0.018289844042285466;0.016676298192025096;0.018010291595197254
855.0;0.018289844042285466;0.029017857142857144;0.028865979381443297
856.5;0.018289844042285466;0.029017857142857144;0.016371008616320324
858.0;0.018289844042285466;0.016745540589734254;0.037076418563052764
859.5;0.018289844042285466;0.016745540589734254;0.03764790247400502
861.0;0.018289844042285466;0.015095605501509561;0.026060070671378093
862.5;0.018289844042285466;0.026548672566371685;0.029017857142857144
864.0;0.018277260861902424;0.038041387799061466;0.015001087035292413
865.5;0.018277260861902424;0.038041387799061466;0.03482458408757866
867.0;0.018277260861902424;0.038041387799061466;0.03265254436585322
868.5;0.016550266845809666;0.034633078205669056;0.0170487948265726
870.0;0.016550266845809666;0.034633078205669056;0.0161839863713799
871.5;0.016550266845809666;0.034633078205669056;0.017094017094017096
873.0;0.016550266845809666;0.01660281557997176;0.015095605501509561
874.5;0.03609592313694582;0.015711796950363736;0.017754480892796753
876.0;0.03609592313694582;0.015711796950363736;0.035650623885918005
877.5;0.03609592313694582;0.018277260861902424;0.017623877982923447
879.0;0.03609592313694582;0.018277260861902424;0.017094017094017096
880.5;0.03609592313694582;0.018277260861902424;0.015871286409530037
882.0;0.015687178238012765;0.017401635028469288;0.017699115044247787
883.5;0.015687178238012765;0.03240172884776326;0.017754480892796753
885.0;0.015687178238012765;0.027531083481349913;0.032256841786066255
886.5;0.015687178238012765;0.01597712748065927;0.015769487034319674
888.0;0.03149447818769957;0.018470790378006873;0.03441791502515164
889.5;0.014832305600435561;0.018470790378006873;0.018277260861902424
891.0;0.014832305600435561;0.035650623885918005;0.018277260861902424
892.5;0.014832305600435561;0.014945495799148322;0.016550266845809666
894.0;0.014832305600435561;0.014910112661872163;0.018010291595197254
895.5;0.014832305600435561;0.015743018124095107;0.03828413284132841
897.0;0.014832305600435561;0.016582472972657695;0.026548672566371685
898.5;0.0323868191225715;0.018289844042285466;0.025573192239858905
900.0;0.0323868191225715;0.016550266845809666;0.017623877982923447
901.5;0.0323868191225715;0.015731292517006803;0.014945495799148322
903.0;0.01824547540373295;0.017094017094017096;0.017699115044247787
904.5;0.01824547540373295;0.024093511450381678;0.017094017094017096
906.0;0.01824547540373295;0.016335052812576762;0.02428760067333958
907.5;0.03460837887067396;0.025088028169014082;0.018662262150430035
909.0;0.017754480892796753;0.016863406408094434;0.01845342706502636
910.5;0.015871286409530037;0.032256841786066255;0.01845342706502636
912.0;0.015769487034319674;0.015809071886378992;0.016429426632965278
913.5;0.015769487034319674;0.03091538715963386;0.017094017094017096
915.0;0.015769487034319674;0.01488644788002137;0.017094017094017096
916.5;0.015769487034319674;0.03165717058169511;0.03764790247400502
918.0;0.01660281557997176;0.026548672566371685;0.0161839863713799
919.5;0.017094017094017096;0.017623877982923447;0.03966822935448972
921.0;0.01865038996269922;0.017623877982923447;0.015280135823429542
922.5;0.015871286409530037;0.015001087035292413;0.03902213310711807
924.0;0.015871286409530037;0.0189328743545611;0.025573192239858905
925.5;0.015871286409530037;0.015095605501509561;0.018323203432248837
927.0;0.015871286409530037;0.018470790378006873;0.01687639577956378
928.5;0.017547197908565945;0.0175513698630137;0.02268431001890359
930.0;0.017547197908565945;0.0175513698630137;0.017134997433140575
931.5;0.017547197908565945;0.01597712748065927;0.017134997433140575
933.0;0.017547197908565945;0.017498443680569787;0.016348533050547898
934.5;0.017547197908565945;0.017498443680569787;0.016383308191854164
936.0;0.017547197908565945;0.015743018124095107;0.024664750957854403
937.5;0.03357729479429107;0.017443347491498312;0.02430014108561669
939.0;0.037137807788150325;0.017427438387099873;0.01601318781639348
940.5;0.037137807788150325;0.01672535211267606;0.01491718899048849
942.0;0.037137807788150325;0.017754480892796753;0.018010291595197254
943.5;0.037137807788150325;0.01836806645203033;0.029017857142857144
945.0;0.037137807788150325;0.01865038996269922;0.03460837887067396
946.5;0.037137807788150325;0.03669724770642202;0.023244781783681213
948.0;0.03065901496568101;0.01865038996269922;0.016217853406024562
949.5;0.03065901496568101;0.036646406864497674;0.014950266845029822
951.0;0.036122089571306734;0.036646406864497674;0.016638225255972697
952.5;0.034255896066409615;0.0285204991087344;0.0285204991087344
954.0;0.034255896066409615;0.0170487948265726;0.029937629937629936
955.5;0.014836509492270044;0.0170487948265726;0.01778552746294682
957.0;0.014836509492270044;0.0170487948265726;0.02677494633520678
958.5;0.0379119539632164;0.016638225255972697;0.01612259159428971
960.0;0.0379119539632164;0.015731292517006803;0.018010291595197254
961.5;0.0379119539632164;0.03130908265900325;0.02393384239278061
963.0;0.01653549687010534;0.017465858520325457;0.01726263871763255
964.5;0.017389540773412943;0.02516881522406384;0.03530539163766581
966.0;0.0285204991087344;0.03535245814226298;0.0175513698630137
967.5;0.026060070671378093;0.03535245814226298;0.017699115044247787
969.0;0.032697066101095795;0.03535245814226298;0.027168254985184596
970.5;0.03130908265900325;0.027531083481349913;0.030318091451292245
972.0;0.03130908265900325;0.03320921042632419;0.024242582363654886
973.5;0.03293798595973293;0.03320921042632419;0.017094017094017096
975.0;0.036514961411379304;0.03091538715963386;0.031723651744800845
976.5;0.036514961411379304;0.030813820600779404;0.02703900709219858
978.0;0.036514961411379304;0.014870091759449306;0.01845342706502636
979.5;0.03825578292372061;0.02703900709219858;0.0325497287522604
981.0;0.03825578292372061;0.01865038996269922;0.0189328743545611
982.5;0.032573955124637066;0.01865038996269922;0.017563955708285603
984.0;0.032573955124637066;0.015871286409530037;0.016403046280023436
985.5;0.032573955124637066;0.015871286409530037;0.03313655743081309
987.0;0.03435603223272361;0.015871286409530037;0.017754480892796753
988.5;0.03435603223272361;0.033697931493502586;0.0189328743545611
990.0;0.03435603223272361;0.033697931493502586;0.01645021645021645
991.5;0.03435603223272361;0.03450566571561023;0.01749271137026239
993.0;0.03435603223272361;0.017443347491498312;0.03219315895372234
994.5;0.03435603223272361;0.01485852872552252;0.01834061135371179
996.0;0.014850222990092551;0.01485852872552252;0.018595825426944972
997.5;0.014850222990092551;0.01485852872552252;0.017699115044247787
999.0;0.014850222990092551;0.03431165971848048;0.01654091700522345
1000.5;0.01740771421307761;0.03431165971848048;0.02531293463143254
1002.0;0.03700055563850478;0.036122089571306734;0.01889796773517704
1003.5;0.03700055563850478;0.036122089571306734;0.03916827852998066
1005.0;0.03700055563850478;0.036122089571306734;0.035650623885918005
1006.5;0.03700055563850478;0.01826142579350741;0.0177109440267335
1008.0;0.03148640294042308;0.03150535334704598;0.01578551741418191
1009.5;0.03148640294042308;0.03150535334704598;0.019139945314441957
1011.0;0.031475908069914404;0.03150535334704598;0.03618273721927187
1012.5;0.015679043553987165;0.03150535334704598;0.019263204616067467
1014.0;0.015677957190639216;0.03564899451553931;0.017202407162777045
1015.5;0.015677957190639216;0.03564899451553931;0.029763202425072927
1017.0;0.01738538657899296;0.01597712748065927;0.018013384383948113
1018.5;0.015677152879889675;0.017547197908565945;0.0175513698630137
1020.0;0.015677152879889675;0.017547197908565945;0.018371212121212118
1021.5;0.015677152879889675;0.017547197908565945;0.01813557316928901
1023.0;0.015677152879889675;0.017547197908565945;0.016638225255972697
1024.5;0.015677152879889675;0.017547197908565945;0.024254473161033796
1026.0;0.015677152879889675;0.017547197908565945;0.018876611418047883
1027.5;0.015677152879889675;0.017547197908565945;0.01730418943533698
1029.0;0.036022320279473885;0.035572080214829514;0.023809523809523808
1030.5;0.036022320279473885;0.01660281557997176;0.01904761904761905
1032.0;0.036021885773510065;0.01660281557997176;0.016371008616320324
1033.5;0.030560974750651847;0.01660281557997176;0.016335052812576762
1035.0;0.030560974750651847;0.01660281557997176;0.02819414703783012
1036.5;0.030560974750651847;0.037137807788150325;0.027699718988358095
1038.0;0.033277075681147066;0.037137807788150325;0.02835538752362949
1039.5;0.033277075681147066;0.018277260861902424;0.019263204616067467
1041.0;0.033277075681147066;0.018277260861902424;0.01692953591285601
1042.5;0.036942158564324756;0.015690820879123473;0.02238354506957048
1044.0;0.036942158564324756;0.015690820879123473;0.019269640210214257
1045.5;0.036942158564324756;0.015687178238012765;0.01730418943533698
1047.0;0.036942158564324756;0.015684481542853023;0.015154962909024714
1048.5;0.036942158564324756;0.015684481542853023;0.015907416444202047
1050.0;0.036942158564324756;0.015684481542853023;0.035650623885918005
1051.5;0.036942158564324756;0.015684481542853023;0.018010291595197254
1053.0;0.036942158564324756;0.015682478532320222;0.01675203627508607
1054.5;0.036942158564324756;0.015682478532320222;0.017391304347826087
1056.0;0.030560568200291547;0.014830971492820427;0.02516881522406384
1057.5;0.030560568200291547;0.03695994941159246;0.024464831804281346
1059.0;0.030560568200291547;0.016638225255972697;0.016745540589734254
1060.5;0.030560568200291547;0.01865038996269922;0.03276661638370833
1062.0;0.03146282076702536;0.01865038996269922;0.017094017094017096
1063.5;0.03146282076702536;0.01865038996269922;0.030318091451292245
1065.0;0.03146282076702536;0.01865038996269922;0.02835538752362949
1066.5;0.030560438445870794;0.026548672566371685;0.026548672566371685
1068.0;0.030560438445870794;0.026548672566371685;0.024114774114774116
1069.5;0.030560438445870794;0.023642732049036778;0.017934291168491913
1071.0;0.03602075698321258;0.01597712748065927;0.016863406408094434
1072.5;0.03602075698321258;0.01597712748065927;0.01836806645203033
1074.0;0.03602075698321258;0.015809071886378992;0.03357531760435572
1075.5;0.03602075698321258;0.015809071886378992;0.031190019193857967
1077.0;0.030560365467413707;0.015809071886378992;0.02587800369685767
1078.5;0.030560365467413707;0.015809071886378992;0.0170487948265726
1080.0;0.030560365467413707;0.015095605501509561;0.024464831804281346
1081.5;0.030560365467413707;0.03902213310711807;0.023809523809523808
1083.0;0.030560365467413707;0.0161839863713799;0.03497503514469921
1084.5;0.030560365467413707;0.0161839863713799;0.018010456796917998
1086.0;0.030560365467413707;0.01865038996269922;0.03934829291769438
1087.5;0.030560365467413707;0.01865038996269922;0.015790349664675796
1089.0;0.030560365467413707;0.017623877982923447;0.03669724770642202
1090.5;0.015676586172482375;0.014945495799148322;0.04083665338645418
1092.0;0.015676586172482375;0.01836806645203033;0.016863406408094434
1093.5;0.015676586172482375;0.03450566571561023;0.026548672566371685
1095.0;0.03694165786892197;0.01830736743700201;0.023765996343692867
1096.5;0.03236801714296899;0.01485852872552252;0.038817005545286505
1098.0;0.034188071338230666;0.01741601350785099;0.038817005545286505
1099.5;0.034188071338230666;0.033363061427410384;0.017094017094017096
1101.0;0.034188071338230666;0.014839767744728968;0.015414729630535846
1102.5;0.034188071338230666;0.014839767744728968;0.01766843911960692
1104.0;0.01482702205233721;0.017397154861764727;0.032302332946268345
1105.5;0.02703900709219858;0.017397154861764727;0.025522755227552277
1107.0;0.016863406408094434;0.017397154861764727;0.01702553830746119
1108.5;0.035127911416571206;0.017754480892796753;0.0161839863713799
1110.0;0.01488644788002137;0.017754480892796753;0.016863406408094434
1111.5;0.03828413284132841;0.015001087035292413;0.016745540589734254
1113.0;0.02238354506957048;0.015001087035292413;0.027531083481349913
1114.5;0.017971946230274694;0.017547197908565945;0.03466050479914682
1116.0;0.035504224147150036;0.017498443680569787;0.01834862385321101
1117.5;0.03357531760435572;0.01830736743700201;0.01675356994726551
1119.0;0.03357531760435572;0.016638225255972697;0.0170487948265726
1120.5;0.03357531760435572;0.03466050479914682;0.016979552792060267
1122.0;0.03357531760435572;0.03293798595973293;0.018848906360245943
1123.5;0.016863406408094434;0.03293798595973293;0.017094017094017096
1125.0;0.035127911416571206;0.03293798595973293;0.016638225255972697
1126.5;0.03935185185185185;0.03091538715963386;0.015871286409530037
1128.0;0.01597712748065927;0.018332165356039182;0.0161839863713799
1129.5;0.01597712748065927;0.02703900709219858;0.01597712748065927
1131.0;0.035127911416571206;0.02703900709219858;0.015597920277296359
1132.5;0.035127911416571206;0.02703900709219858;0.018848906360245943
1134.0;0.035127911416571206;0.03466050479914682;0.018683274021352312
1135.5;0.035127911416571206;0.03466050479914682;0.03764790247400502
1137.0;0.035127911416571206;0.03466050479914682;0.01850632726208763
1138.5;0.035127911416571206;0.03466050479914682;0.017094017094017096
1140.0;0.035127911416571206;0.03466050479914682;0.02268431001890359
1141.5;0.01842179442537598;0.038041387799061466;0.033972841057362396
1143.0;0.015769487034319674;0.040427509293680296;0.017094017094017096
1144.5;0.015769487034319674;0.040427509293680296;0.016863406408094434
1146.0;0.015769487034319674;0.03599221789883269;0.01836806645203033
1147.5;0.01660281557997176;0.035148828372387586;0.017373380447585393
1149.0;0.03251852018092068;0.035148828372387586;0.026060070671378093
1150.5;0.03065901496568101;0.02568279495355608;0.027531083481349913
1152.0;0.015695763321720377;0.02568279495355608;0.017094017094017096
1153.5;0.017401635028469288;0.027018175863762896;0.016745540589734254
1155.0;0.015684481542853023;0.015163102542134104;0.0189328743545611
1156.5;0.015682478532320222;0.015163102542134104;0.036646406864497674
1158.0;0.017389540773412943;0.016791101078565695;0.018010291595197254
1159.5;0.01567842217100666;0.01757773554106423;0.0189328743545611
1161.0;0.016638225255972697;0.015785541731379516;0.039888682745825604
1162.5;0.01597712748065927;0.032699299641202086;0.03774334525228447
1164.0;0.017623877982923447;0.032699299641202086;0.016101443153492302
1165.5;0.017623877982923447;0.032699299641202086;0.015074677538020323
1167.0;0.015809071886378992;0.032699299641202086;0.015280135823429542
1168.5;0.015809071886378992;0.014876855936587278;0.024093511450381678
1170.0;0.015809071886378992;0.03345994453202449;0.02848722986247544
1171.5;0.015809071886378992;0.03710759434098838;0.03924126754390435
1173.0;0.015743018124095107;0.03710759434098838;0.015752650514276798
1174.5;0.014870091759449306;0.01741118805138599;0.038655160014383315
1176.0;0.014870091759449306;0.016547076523229107;0.017547197908565945
1177.5;0.0306944381170478;0.016547076523229107;0.038655160014383315
1179.0;0.0306944381170478;0.016547076523229107;0.016676298192025096
1180.5;0.0182681206624895;0.035163671104590344;0.01830736743700201
1182.0;0.034255896066409615;0.01739523296061877;0.018010291595197254
1183.5;0.015687178238012765;0.0173924116554327;0.018010291595197254
1185.0;0.015687178238012765;0.03329346741197544;0.01597712748065927
1186.5;0.015687178238012765;0.03329346741197544;0.03416622228993677
1188.0;0.016533838797490336;0.03329346741197544;0.038817005545286505
1189.5;0.016533838797490336;0.03329346741197544;0.015095605501509561
1191.0;0.017388172610590263;0.030571013512155586;0.032000890578704894
1192.5;0.017388172610590263;0.03603175919048496;0.03276661638370833
1194.0;0.017388172610590263;0.03603175919048496;0.017465858520325457
1195.5;0.017388172610590263;0.03603175919048496;0.032573955124637066
1197.0;0.014828261126484797;0.03603175919048496;0.032573955124637066
1198.5;0.0175513698630137;0.03603175919048496;0.03251852018092068
1200.0;0.016745540589734254;0.03603175919048496;0.03251852018092068
1201.5;0.018470790378006873;0.03603175919048496;0.027531083481349913
1203.0;0.0161839863713799;0.035110690778745214;0.031723651744800845
1204.5;0.01882395123700251;0.035110690778745214;0.01663225731761437
1206.0;0.01713180436584692;0.035110690778745214;0.01830736743700201
1207.5;0.015008842899186362;0.035110690778745214;0.01830736743700201
1209.0;0.014950266845029822;0.035110690778745214;0.03065901496568101
1210.5;0.01491323364428604;0.035110690778745214;0.03065901496568101
1212.0;0.014871578273617738;0.035110690778745214;0.03242879502693342
1213.5;0.014871578273617738;0.03328180476996115;0.03242879502693342
1215.0;0.03160960495820523;0.03328180476996115;0.017393838281482624
1216.5;0.03160960495820523;0.03328180476996115;0.014832305600435561
1218.0;0.03160960495820523;0.03510720544713306;0.026548672566371685
1219.5;0.03160960495820523;0.03510720544713306;0.03466050479914682
1221.0;0.037981595274196;0.032370819091426827;0.03466050479914682
1222.5;0.037981595274196;0.03602322600116461;0.014945495799148322
1224.0;0.032430756360635006;0.03602322600116461;0.014945495799148322
1225.5;0.03606372241795237;0.03602322600116461;0.01663225731761437
1227.0;0.03789235769334014;0.03602322600116461;0.03357729479429107
1228.5;0.015280135823429542;0.03602322600116461;0.03357729479429107
1230.0;0.015280135823429542;0.03602322600116461;0.037210128013628566
1231.5;0.016638225255972697;0.03602322600116461;0.037210128013628566
1233.0;0.038655160014383315;0.03602322600116461;0.036157843689975176
1234.5;0.015001087035292413;0.0323695728014131;0.014844188506303903
1236.0;0.015001087035292413;0.0323695728014131;0.014844188506303903
1237.5;0.02460456942003515;0.0323695728014131;0.017401635028469288
1239.0;0.016863406408094434;0.0323695728014131;0.017401635028469288
1240.5;0.016745540589734254;0.0323695728014131;0.025088028169014082
1242.0;0.018470790378006873;0.0323695728014131;0.026548672566371685
1243.5;0.01842179442537598;0.0323695728014131;0.026548672566371685
1245.0;0.01842179442537598;0.0323695728014131;0.026548672566371685
1246.5;0.015769487034319674;0.0323695728014131;0.016745540589734254
1248.0;0.015769487034319674;0.0323695728014131;0.016745540589734254
1249.5;0.015769487034319674;0.0323695728014131;0.01842179442537598
1251.0;0.015769487034319674;0.014827269876162254;0.014910112661872163
1252.5;0.015724726735506497;0.014827269876162254;0.014910112661872163
1254.0;0.015724726735506497;0.01824240849093104;0.014910112661872163
1255.5;0.016568094782873223;0.017384251912322964;0.014910112661872163
1257.0;0.029017857142857144;0.017384251912322964;0.029017857142857144
1258.5;0.029017857142857144;0.017384188049323648;0.015095605501509561
1260.0;0.01597712748065927;0.03510299074708529;0.015095605501509561
1261.5;0.038041387799061466;0.03510299074708529;0.03293798595973293
1263.0;0.035774141714325206;0.014827043312398428;0.01597712748065927
1264.5;0.035774141714325206;0.014827043312398428;0.03706545928938685
1266.0;0.01597712748065927;0.037753222836095765;0.017547197908565945
1267.5;0.026060070671378093;0.026548672566371685;0.017465858520325457
1269.0;0.03966822935448972;0.017754480892796753;0.0175513698630137
1270.5;0.03966822935448972;0.017754480892796753;0.03609431217943811
1272.0;0.015001087035292413;0.015809071886378992;0.024114774114774116
1273.5;0.040968342644320296;0.037753222836095765;0.03764790247400502
1275.0;0.03130908265900325;0.030993042378241617;0.03764790247400502
1276.5;0.024122807017543862;0.0161839863713799;0.032000890578704894
1278.0;0.03320921042632419;0.025088028169014082;0.01836806645203033
1279.5;0.033879208022981784;0.03130908265900325;0.03534512971343672
1281.0;0.03746174588351344;0.014945495799148322;0.03534512971343672
1282.5;0.015743018124095107;0.033697931493502586;0.016863406408094434
1284.0;0.015743018124095107;0.01488644788002137;0.016863406408094434
1285.5;0.015743018124095107;0.01488644788002137;0.016863406408094434
1287.0;0.017443347491498312;0.014870091759449306;0.017623877982923447
1288.5;0.018010291595197254;0.015711796950363736;0.017623877982923447
1290.0;0.015095605501509561;0.01741601350785099;0.01672535211267606
1291.5;0.03416622228993677;0.037927713726492604;0.01672535211267606
1293.0;0.016676298192025096;0.014834097312229661;0.01850632726208763
1294.5;0.016676298192025096;0.03697442074382769;0.01842179442537598
1296.0;0.015743018124095107;0.0285204991087344;0.0161839863713799
1297.5;0.01830736743700201;0.01865038996269922;0.03409090909090909
1299.0;0.03251852018092068;0.017754480892796753;0.035127911416571206
1300.5;0.01741601350785099;0.035572080214829514;0.035774141714325206
1302.0;0.01826142579350741;0.017465858520325457;0.017465858520325457
1303.5;0.01865038996269922;0.016638225255972697;0.018470790378006873
1305.0;0.029516994633273706;0.016638225255972697;0.03564899451553931
1306.5;0.029516994633273706;0.016638225255972697;0.015095605501509561
1308.0;0.03250478011472275;0.01597712748065927;0.032697066101095795
1309.5;0.015095605501509561;0.015095605501509561;0.032697066101095795
1311.0;0.0367279087083759;0.016745540589734254;0.03902213310711807
1312.5;0.03841245791927793;0.015769487034319674;0.01842179442537598
1314.0;0.033494196742055664;0.017094017094017096;0.0161839863713799
1315.5;0.033494196742055664;0.03966822935448972;0.01597712748065927
1317.0;0.033494196742055664;0.017094017094017096;0.032886334610472544
1318.5;0.016568094782873223;0.01865038996269922;0.031723651744800845
1320.0;0.018277260861902424;0.015871286409530037;0.018876611418047883
1321.5;0.018277260861902424;0.017547197908565945;0.015154962909024714
1323.0;0.01597712748065927;0.014910112661872163;0.016785765670711238
1324.5;0.03106789479980177;0.014910112661872163;0.016700702455922763
1326.0;0.015724726735506497;0.01660281557997176;0.030970111690877346
1327.5;0.015695763321720377;0.018010291595197254;0.03085074416588266
1329.0;0.030614484288885975;0.01865038996269922;0.03432810215257953
1330.5;0.034216159122532064;0.018010291595197254;0.025573192239858905
1332.0;0.015680987109796585;0.018010291595197254;0.022727272727272728
1333.5;0.014829976303317897;0.01865038996269922;0.03564899451553931
1335.0;0.014829976303317897;0.01865038996269922;0.017699115044247787
1336.5;0.017754480892796753;0.03416622228993677;0.015095605501509561
1338.0;0.01850632726208763;0.03416622228993677;0.03293798595973293
1339.5;0.01842179442537598;0.017498443680569787;0.015769487034319674
1341.0;0.01842179442537598;0.017498443680569787;0.015769487034319674
1342.5;0.01842179442537598;0.017498443680569787;0.015743018124095107
1344.0;0.027531083481349913;0.017498443680569787;0.015743018124095107
1345.5;0.017754480892796753;0.03825578292372061;0.01741601350785099
1347.0;0.015001087035292413;0.03825578292372061;0.03517428528980739
1348.5;0.015769487034319674;0.015724726735506497;0.026548672566371685
1350.0;0.014870091759449306;0.015724726735506497;0.03764790247400502
1351.5;0.01741601350785099;0.015724726735506497;0.038041387799061466
1353.0;0.030614484288885975;0.017373380447585393;0.03276661638370833
1354.5;0.014832305600435561;0.01597712748065927;0.017443347491498312
1356.0;0.01653260196570383;0.0161839863713799;0.0340398201669878
1357.5;0.016530470370958342;0.0161839863713799;0.035650623885918005
1359.0;0.03423209093312186;0.026060070671378093;0.03966822935448972
1360.5;0.026548672566371685;0.017754480892796753;0.026060070671378093
1362.0;0.0175513698630137;0.017754480892796753;0.031723651744800845
1363.5;0.015095605501509561;0.017754480892796753;0.03130908265900325
1365.0;0.01850632726208763;0.035572080214829514;0.01836806645203033
1366.5;0.015095605501509561;0.032573955124637066;0.01597712748065927
1368.0;0.023765996343692867;0.032573955124637066;0.01597712748065927
1369.5;0.015280135823429542;0.016863406408094434;0.03722426470588235
1371.0;0.016745540589734254;0.016863406408094434;0.03722426470588235
1372.5;0.025088028169014082;0.016863406408094434;0.01597712748065927
1374.0;0.015871286409530037;0.016863406408094434;0.03482458408757866
1375.5;0.014910112661872163;0.016863406408094434;0.029017857142857144
1377.0;0.035650623885918005;0.02802491103202847;0.029017857142857144
1378.5;0.032000890578704894;0.02802491103202847;0.016863406408094434
1380.0;0.018010291595197254;0.01597712748065927;0.035127911416571206
1381.5;0.01850632726208763;0.01850632726208763;0.035774141714325206
1383.0;0.015001087035292413;0.017547197908565945;0.015743018124095107
1384.5;0.037753222836095765;0.032697066101095795;0.030743823668949708
1386.0;0.037753222836095765;0.017623877982923447;0.02460456942003515
1387.5;0.016745540589734254;0.018026004728132386;0.016863406408094434
1389.0;0.016745540589734254;0.01850632726208763;0.016863406408094434
1390.5;0.014945495799148322;0.018332165356039182;0.017754480892796753
1392.0;0.01488644788002137;0.025088028169014082;0.015001087035292413
1393.5;0.014870091759449306;0.032256841786066255;0.015001087035292413
1395.0;0.018026004728132386;0.016676298192025096;0.014945495799148322
1396.5;0.0161839863713799;0.03466050479914682;0.017465858520325457
1398.0;0.015095605501509561;0.02460456942003515;0.025573192239858905
1399.5;0.031723651744800845;0.03902213310711807;0.036646406864497674
1401.0;0.01836806645203033;0.015769487034319674;0.027531083481349913
1402.5;0.018332165356039182;0.015769487034319674;0.03130908265900325
1404.0;0.017427438387099873;0.03265254436585322;0.015809071886378992
1405.5;0.016557768507871926;0.014870091759449306;0.03460837887067396
1407.0;0.015695763321720377;0.01570251018973342;0.033676001417936904
1408.5;0.01825283975007182;0.01570251018973342;0.03130908265900325
1410.0;0.01825283975007182;0.026060070671378093;0.03130908265900325
1411.5;0.01825283975007182;0.03966822935448972;0.03768591312195207
1413.0;0.017094017094017096;0.01850632726208763;0.03768591312195207
1414.5;0.015001087035292413;0.015809071886378992;0.03768591312195207
1416.0;0.015001087035292413;0.015809071886378992;0.03183910937543675
1417.5;0.03293798595973293;0.015724726735506497;0.03183910937543675
1419.0;0.033697931493502586;0.018277260861902424;0.03183910937543675
1420.5;0.033697931493502586;0.015695763321720377;0.03183910937543675
1422.0;0.03306159420289855;0.015695763321720377;0.03183910937543675
1423.5;0.032256841786066255;0.030614484288885975;0.03183910937543675
1425.0;0.034633078205669056;0.029874213836477988;0.03637335441877961
1426.5;0.03512773722627738;0.017094017094017096;0.03637335441877961
1428.0;0.03466050479914682;0.03722426470588235;0.015724726735506497
1429.5;0.017547197908565945;0.03722426470588235;0.03620712313994087
1431.0;0.01836806645203033;0.036646406864497674;0.03620712313994087
1432.5;0.01836806645203033;0.03130908265900325;0.016550266845809666
1434.0;0.035437678433415665;0.03130908265900325;0.029135338345864664
1435.5;0.03669724770642202;0.017498443680569787;0.032697066101095795
1437.0;0.03669724770642202;0.018332165356039182;0.01850632726208763
1438.5;0.03669724770642202;0.033494196742055664;0.03637335441877961
1440.0;0.03966822935448972;0.0161839863713799;0.018277260861902424
1441.5;0.0367279087083759;0.038041387799061466;0.018277260861902424
1443.0;0.0367279087083759;0.016638225255972697;0.015695763321720377
1444.5;0.0367279087083759;0.01850632726208763;0.03794901389545961
1446.0;0.027531083481349913;0.017465858520325457;0.017754480892796753
1447.5;0.01865038996269922;0.033494196742055664;0.017754480892796753
1449.0;0.017623877982923447;0.03251852018092068;0.024122807017543862
1450.5;0.015769487034319674;0.03130908265900325;0.017754480892796753
1452.0;0.017094017094017096;0.016676298192025096;0.028186274509803922
1453.5;0.038655160014383315;0.03091538715963386;0.03858564130142512
1455.0;0.03764790247400502;0.0306944381170478;0.016043635035830027
1456.5;0.01850632726208763;0.015695763321720377;0.037810773869437264
1458.0;0.01836806645203033;0.016540721828503288;0.031723651744800845
1459.5;0.017754480892796753;0.014832305600435561;0.023765996343692867
1461.0;0.016745540589734254;0.015280135823429542;0.02752293577981652
1462.5;0.018848906360245943;0.03966822935448972;0.02752293577981652
1464.0;0.027531083481349913;0.038041387799061466;0.03951778570656288
1465.5;0.016863406408094434;0.0161839863713799;0.01848360454802751
1467.0;0.018876611418047883;0.02460456942003515;0.01490398320124353
1468.5;0.018876611418047883;0.015095605501509561;0.027531083481349913
1470.0;0.017773776536674248;0.017623877982923447;0.017754480892796753
1471.5;0.034206481532867324;0.03276661638370833;0.038817005545286505
1473.0;0.03451708443249006;0.026548672566371685;0.038817005545286505
1474.5;0.014871578273617738;0.032697066101095795;0.014945495799148322
1476.0;0.03617216117216117;0.035127911416571206;0.017094017094017096
1477.5;0.03617216117216117;0.015809071886378992;0.03460837887067396
1479.0;0.038655160014383315;0.03841245791927793;0.015280135823429542
1480.5;0.015871286409530037;0.03841245791927793;0.028050275904353158
1482.0;0.017498443680569787;0.01660281557997176;0.01702553830746119
1483.5;0.027531083481349913;0.03466050479914682;0.01702553830746119
1485.0;0.027531083481349913;0.03460837887067396;0.014986153377295074
1486.5;0.027531083481349913;0.026548672566371685;0.01749000201260901
1488.0;0.017754480892796753;0.018010291595197254;0.016863406408094434
1489.5;0.016745540589734254;0.026060070671378093;0.016638225255972697
1491.0;0.015809071886378992;0.03828413284132841;0.016745540589734254
1492.5;0.015809071886378992;0.03828413284132841;0.01660281557997176
1494.0;0.015809071886378992;0.033676001417936904;0.01756386861313869
1495.5;0.03637335441877961;0.03864818325709216;0.03268701306308945
1497.0;0.03637335441877961;0.035572080214829514;0.02835538752362949
1498.5;0.03637335441877961;0.025573192239858905;0.022964015151515152
1500.0;0.03534512971343672;0.025573192239858905;0.01783664661861255
1501.5;0.018010291595197254;0.026548672566371685;0.03460837887067396
1503.0;0.018010291595197254;0.03902213310711807;0.017094017094017096
1504.5;0.016863406408094434;0.024114774114774116;0.01597712748065927
1506.0;0.01842179442537598;0.0161839863713799;0.017094017094017096
1507.5;0.03534512971343672;0.017754480892796753;0.01865038996269922
1509.0;0.016557768507871926;0.027531083481349913;0.01850632726208763
1510.5;0.016557768507871926;0.015001087035292413;0.017094017094017096
1512.0;0.016557768507871926;0.031746031746031744;0.03061868686868687
1513.5;0.016557768507871926;0.03357531760435572;0.017754480892796753
1515.0;0.018256492034823147;0.016863406408094434;0.015280135823429542
1516.5;0.01825012709422827;0.026060070671378093;0.0175513698630137
1518.0;0.01825012709422827;0.017754480892796753;0.016745540589734254
1519.5;0.03695994941159246;0.01842179442537598;0.016863406408094434
1521.0;0.03695994941159246;0.016582472972657695;0.015731292517006803
1522.5;0.017387150648592545;0.014844188506303903;0.015731292517006803
1524.0;0.017387150648592545;0.026344152244872826;0.01865038996269922
1525.5;0.017387150648592545;0.018010291595197254;0.01865038996269922
1527.0;0.017387150648592545;0.027531083481349913;0.015871286409530037
1528.5;0.017387150648592545;0.03106789479980177;0.017498443680569787
1530.0;0.016530987295071384;0.026548672566371685;0.017443347491498312
1531.5;0.016530987295071384;0.015095605501509561;0.016568094782873223
1533.0;0.017385814700674008;0.027531083481349913;0.01570251018973342
1534.5;0.017385814700674008;0.015871286409530037;0.01570251018973342
1536.0;0.017385814700674008;0.016863406408094434;0.029516994633273706
1537.5;0.018243179757112683;0.017094017094017096;0.018010291595197254
1539.0;0.03146494238715598;0.019013666072489603;0.018470790378006873
1540.5;0.03146494238715598;0.01845342706502636;0.01726263871763255
1542.0;0.017384645537373677;0.01771809624494277;0.01597712748065927
1543.5;0.014827312439301472;0.03061868686868687;0.017094017094017096
1545.0;0.017384333472854088;0.018792559974975337;0.0161839863713799
1546.5;0.014827142237604233;0.016807551075732556;0.016676298192025096
1548.0;0.015676645691587714;0.016807551075732556;0.017754480892796753
1549.5;0.01738417792750781;0.014899481909284166;0.015871286409530037
1551.0;0.01738417792750781;0.016335052812576762;0.014910112661872163
1552.5;0.027531083481349913;0.016700702455922763;0.015743018124095107
1554.0;0.01865038996269922;0.036646406864497674;0.0189328743545611
1555.5;0.01865038996269922;0.015809071886378992;0.018010291595197254
1557.0;0.01865038996269922;0.017754480892796753;0.015871286409530037
1558.5;0.01865038996269922;0.015731292517006803;0.015769487034319674
1560.0;0.01865038996269922;0.03125;0.01660281557997176
1561.5;0.01865038996269922;0.018716969225741748;0.037210128013628566
1563.0;0.01865038996269922;0.029017857142857144;0.017094017094017096
1564.5;0.01865038996269922;0.018010291595197254;0.017373380447585393
1566.0;0.01865038996269922;0.025088028169014082;0.026148673888681355
1567.5;0.01865038996269922;0.025088028169014082;0.016848965746751293
1569.0;0.01865038996269922;0.015280135823429542;0.01591767670310033
1570.5;0.01865038996269922;0.017623877982923447;0.01591767670310033
1572.0;0.01865038996269922;0.017547197908565945;0.0356644433054676
1573.5;0.03320921042632419;0.03450566571561023;0.036646406864497674
1575.0;0.03320921042632419;0.024816176470588234;0.014945495799148322
1576.5;0.03320921042632419;0.01865038996269922;0.01726263871763255
1578.0;0.03320921042632419;0.01850632726208763;0.03061868686868687
1579.5;0.03320921042632419;0.015769487034319674;0.0161839863713799
1581.0;0.016676298192025096;0.025088028169014082;0.016863406408094434
1582.5;0.014910112661872163;0.025088028169014082;0.018354055654233276
1584.0;0.014910112661872163;0.02802491103202847;0.01749271137026239
1585.5;0.014910112661872163;0.03764790247400502;0.018937169700528483
1587.0;0.014910112661872163;0.03764790247400502;0.01771809624494277
1588.5;0.01488644788002137;0.03902213310711807;0.0161839863713799
1590.0;0.025573192239858905;0.03902213310711807;0.017754480892796753
1591.5;0.025573192239858905;0.015769487034319674;0.015809071886378992
1593.0;0.016745540589734254;0.015769487034319674;0.017498443680569787
1594.5;0.035774141714325206;0.017443347491498312;0.018848906360245943
1596.0;0.035572080214829514;0.017443347491498312;0.01594765689784196
1597.5;0.035572080214829514;0.01865038996269922;0.034774142684043156
1599.0;0.035572080214829514;0.03416622228993677;0.015731292517006803
1600.5;0.035572080214829514;0.03416622228993677;0.015280135823429542
1602.0;0.01488644788002137;0.03746174588351344;0.0170487948265726
1603.5;0.01488644788002137;0.030318091451292245;0.01845342706502636
1605.0;0.01488644788002137;0.01783664661861255;0.016081348496769426
1606.5;0.01488644788002137;0.01783664661861255;0.024093511450381678
1608.0;0.036275860696139695;0.01783664661861255;0.03687184061849539
1609.5;0.036275860696139695;0.015280135823429542;0.034206481532867324
1611.0;0.036275860696139695;0.01597712748065927;0.03669724770642202
1612.5;0.036275860696139695;0.01597712748065927;0.02703900709219858
1614.0;0.036275860696139695;0.01865038996269922;0.02703900709219858
1615.5;0.036275860696139695;0.01865038996269922;0.03466050479914682
1617.0;0.036275860696139695;0.015095605501509561;0.032697066101095795
1618.5;0.036275860696139695;0.015809071886378992;0.032697066101095795
1620.0;0.036275860696139695;0.03460837887067396;0.025573192239858905
1621.5;0.036275860696139695;0.01865038996269922;0.0161839863713799
1623.0;0.03160480961955194;0.024114774114774116;0.035650623885918005
1624.5;0.03160480961955194;0.015095605501509561;0.017699115044247787
1626.0;0.03160480961955194;0.01850632726208763;0.018026004728132386
1627.5;0.032478764464558434;0.026548672566371685;0.039754363283775046
1629.0;0.017401635028469288;0.017094017094017096;0.01848360454802751
1630.5;0.017401635028469288;0.032256841786066255;0.03564899451553931
1632.0;0.014836509492270044;0.01845342706502636;0.03966822935448972
1633.5;0.024122807017543862;0.015225395561747438;0.027587890625
1635.0;0.01865038996269922;0.026060070671378093;0.02623456790123457
1636.5;0.01865038996269922;0.01850632726208763;0.04195042222827568
1638.0;0.01865038996269922;0.01850632726208763;0.02587800369685767
1639.5;0.01865038996269922;0.03106789479980177;0.025573192239858905
1641.0;0.01865038996269922;0.03106789479980177;0.02623456790123457
1642.5;0.01865038996269922;0.03106789479980177;0.0189328743545611
1644.0;0.01865038996269922;0.03106789479980177;0.017368069472277887
1645.5;0.01865038996269922;0.03106789479980177;0.016713577195494413
1647.0;0.01865038996269922;0.01836806645203033;0.03212468193384224
1648.5;0.01865038996269922;0.03441791502515164;0.03136882129277567
1650.0;0.01865038996269922;0.03441791502515164;0.03669724770642202
1651.5;0.016638225255972697;0.03441791502515164;0.01597712748065927
1653.0;0.015095605501509561;0.03441791502515164;0.01834862385321101
1654.5;0.015095605501509561;0.014850222990092551;0.0407174962775358
1656.0;0.015095605501509561;0.014850222990092551;0.026548672566371685
1657.5;0.016745540589734254;0.01740771421307761;0.02802491103202847
1659.0;0.016745540589734254;0.015687178238012765;0.0230722525804493
1660.5;0.017547197908565945;0.016537723722061845;0.015095605501509561
1662.0;0.017547197908565945;0.03722426470588235;0.03798297314996725
1663.5;0.017498443680569787;0.03722426470588235;0.03136882129277567
1665.0;0.017498443680569787;0.0170487948265726;0.04087048832271763
1666.5;0.017498443680569787;0.0170487948265726;0.01814552172099398
1668.0;0.01660281557997176;0.024816176470588234;0.016089299461123942
1669.5;0.01830736743700201;0.015280135823429542;0.018683274021352312
1671.0;0.01830736743700201;0.015280135823429542;0.035127911416571206
1672.5;0.03708596418846531;0.01597712748065927;0.017498443680569787
1674.0;0.018010291595197254;0.01597712748065927;0.03481624758220503
1675.5;0.016863406408094434;0.017498443680569787;0.015095605501509561
1677.0;0.03609431217943811;0.017465858520325457;0.023418491484184917
1678.5;0.03609431217943811;0.014870091759449306;0.031190019193857967
1680.0;0.03609431217943811;0.018289844042285466;0.017089125102207687
1681.5;0.03864818325709216;0.032478764464558434;0.016252279131443725
1683.0;0.01836806645203033;0.01654477169890474;0.03212468193384224
1684.5;0.01836806645203033;0.01654477169890474;0.026060070671378093
1686.0;0.015724726735506497;0.03241323970006249;0.018354055654233276
1687.5;0.016557768507871926;0.03148640294042308;0.0325497287522604
1689.0;0.016557768507871926;0.015680987109796585;0.03617216117216117
1690.5;0.03154000016129497;0.017388172610590263;0.03638309256286784
1692.0;0.03154000016129497;0.016531678096401558;0.027531083481349913
1693.5;0.03154000016129497;0.018244633954786142;0.03357531760435572
1695.0;0.034255896066409615;0.0175513698630137;0.01861305152546421
1696.5;0.034255896066409615;0.0175513698630137;0.017754480892796753
1698.0;0.01825283975007182;0.015871286409530037;0.029017857142857144
1699.5;0.01825283975007182;0.017094017094017096;0.018683274021352312
1701.0;0.01825283975007182;0.017094017094017096;0.037422037422037424
1702.5;0.0175513698630137;0.01597712748065927;0.03423209093312186
1704.0;0.01865038996269922;0.01597712748065927;0.03215077605321508
1705.5;0.01865038996269922;0.01597712748065927;0.036282622533418206
1707.0;0.01865038996269922;0.017547197908565945;0.03297872340425532
1708.5;0.016745540589734254;0.03091538715963386;0.015446744068652195
1710.0;0.016745540589734254;0.017465858520325457;0.015148575167527809
1711.5;0.016676298192025096;0.017465858520325457;0.01597712748065927
1713.0;0.016676298192025096;0.014870091759449306;0.031723651744800845
1714.5;0.016676298192025096;0.017427438387099873;0.0161839863713799
1716.0;0.016676298192025096;0.01741601350785099;0.026060070671378093
1717.5;0.016676298192025096;0.0182681206624895;0.018010456796917998
1719.0;0.016676298192025096;0.0161839863713799;0.019050942079553383
1720.5;0.016676298192025096;0.015095605501509561;0.018010456796917998
1722.0;0.016676298192025096;0.015095605501509561;0.01769010350579371
1723.5;0.016676298192025096;0.016745540589734254;0.03004578405188859
1725.0;0.016676298192025096;0.015809071886378992;0.03874674288600388
1726.5;0.016676298192025096;0.01663225731761437;0.036756734911880494
1728.0;0.016676298192025096;0.01660281557997176;0.027886497064579255
1729.5;0.016676298192025096;0.017443347491498312;0.017792037334111128
1731.0;0.016676298192025096;0.017443347491498312;0.017750162457605242
1732.5;0.016676298192025096;0.017443347491498312;0.018543046357615892
1734.0;0.016676298192025096;0.017443347491498312;0.03138377302140369
1735.5;0.016676298192025096;0.017443347491498312;0.017782716438941193
1737.0;0.016676298192025096;0.017443347491498312;0.018937169700528483
1738.5;0.016676298192025096;0.017443347491498312;0.019139945314441957
1740.0;0.016676298192025096;0.017443347491498312;0.02516881522406384
1741.5;0.016676298192025096;0.038817005545286505;0.01606832657788072
1743.0;0.016676298192025096;0.038817005545286505;0.01594765689784196
1744.5;0.016676298192025096;0.038817005545286505;0.017824497257769654
1746.0;0.016676298192025096;0.038817005545286505;0.017122114923635367
1747.5;0.015769487034319674;0.03966822935448972;0.016838000708968452
1749.0;0.015769487034319674;0.017623877982923447;0.024924471299093656
1750.5;0.017443347491498312;0.017623877982923447;0.016638225255972697
1752.0;0.018354055654233276;0.014910112661872163;0.017934291168491913
1753.5;0.018354055654233276;0.03265254436585322;0.016863406408094434
1755.0;0.018354055654233276;0.03265254436585322;0.017754480892796753
1756.5;0.01597712748065927;0.036275860696139695;0.027250706499798143
1758.0;0.016745540589734254;0.017427438387099873;0.03638365090848527
1759.5;0.016745540589734254;0.017427438387099873;0.01865038996269922
1761.0;0.016745540589734254;0.017427438387099873;0.0161839863713799
1762.5;0.016745540589734254;0.03722426470588235;0.016863406408094434
1764.0;0.016745540589734254;0.015095605501509561;0.017498443680569787
1765.5;0.016745540589734254;0.015095605501509561;0.015724726735506497
1767.0;0.016745540589734254;0.015095605501509561;0.015724726735506497
1768.5;0.016745540589734254;0.015095605501509561;0.018937169700528483
1770.0;0.016745540589734254;0.032256841786066255;0.040819094114456195
1771.5;0.016745540589734254;0.032000890578704894;0.02352661596958175
1773.0;0.016745540589734254;0.032000890578704894;0.02938799614583657
1774.5;0.016745540589734254;0.014910112661872163;0.018832655731576244
1776.0;0.016745540589734254;0.014910112661872163;0.019041938815588494
1777.5;0.03864818325709216;0.016568094782873223;0.01512779241718377
1779.0;0.03746174588351344;0.016568094782873223;0.017094017094017096
1780.5;0.032573955124637066;0.016568094782873223;0.024114774114774116
1782.0;0.01485852872552252;0.03722426470588235;0.01672535211267606
1783.5;0.016557768507871926;0.03722426470588235;0.024816176470588234
1785.0;0.03427946190269746;0.035650623885918005;0.0170487948265726
1786.5;0.03423853899517871;0.035650623885918005;0.027215631542219124
1788.0;0.036062392589235694;0.035650623885918005;0.029516994633273706
1789.5;0.01653260196570383;0.035650623885918005;0.015280135823429542
1791.0;0.01850632726208763;0.035650623885918005;0.014945495799148322
1792.5;0.017498443680569787;0.016745540589734254;0.029516994633273706
1794.0;0.019345238095238096;0.035774141714325206;0.038655160014383315
1795.5;0.019345238095238096;0.03091538715963386;0.02587800369685767
1797.0;0.018010291595197254;0.035437678433415665;0.016745540589734254
1798.5;0.01597712748065927;0.035437678433415665;0.01836806645203033
1800.0;0.017754480892796753;0.03441791502515164;0.03160480961955194
1801.5;0.017547197908565945;0.03441791502515164;0.01865038996269922
1803.0;0.01836806645203033;0.016568094782873223;0.024816176470588234
1804.5;0.02802491103202847;0.016557768507871926;0.01865038996269922
1806.0;0.025088028169014082;0.016557768507871926;0.025088028169014082
1807.5;0.016638225255972697;0.01865038996269922;0.035650623885918005
1809.0;0.015095605501509561;0.01865038996269922;0.024122807017543862
1810.5;0.016745540589734254;0.014945495799148322;0.026592455163883737
1812.0;0.017547197908565945;0.017498443680569787;0.02460456942003515
1813.5;0.014910112661872163;0.017465858520325457;0.022549019607843137
1815.0;0.014910112661872163;0.017465858520325457;0.017699115044247787
1816.5;0.014910112661872163;0.015724726735506497;0.027531083481349913
1818.0;0.017443347491498312;0.015724726735506497;0.01597712748065927
1819.5;0.018470790378006873;0.016568094782873223;0.03442728442728442
1821.0;0.018470790378006873;0.018277260861902424;0.03854883584712257
1822.5;0.035650623885918005;0.018277260861902424;0.026060070671378093
1824.0;0.035650623885918005;0.0182681206624895;0.035650623885918005
1825.5;0.029017857142857144;0.0182681206624895;0.015871286409530037
1827.0;0.01865038996269922;0.0182681206624895;0.015809071886378992
1828.5;0.01865038996269922;0.0182681206624895;0.028580208973570994
1830.0;0.01865038996269922;0.0182681206624895;0.02460456942003515
1831.5;0.01850632726208763;0.0182681206624895;0.01850632726208763
1833.0;0.035774141714325206;0.0182681206624895;0.027531083481349913
1834.5;0.035774141714325206;0.0182681206624895;0.018354055654233276
1836.0;0.035774141714325206;0.0182681206624895;0.018354055654233276
1837.5;0.017498443680569787;0.03242879502693342;0.018010291595197254
1839.0;0.01488644788002137;0.030600620463832856;0.016676298192025096
1840.5;0.01488644788002137;0.01825012709422827;0.018026004728132386
1842.0;0.01488644788002137;0.014830971492820427;0.016638225255972697
1843.5;0.01830736743700201;0.036955332401031944;0.015095605501509561
1845.0;0.01830736743700201;0.03328114316414161;0.015414729630535846
1846.5;0.015711796950363736;0.030562495721352615;0.029516994633273706
1848.0;0.031567255350648166;0.030562495721352615;0.0189328743545611
1849.5;0.033363061427410384;0.03466050479914682;0.02802491103202847
1851.0;0.033363061427410384;0.03609431217943811;0.015871286409530037
1852.5;0.016540721828503288;0.034633078205669056;0.034633078205669056
1854.0;0.014834097312229661;0.01488644788002137;0.0381479518588489
1855.5;0.016745540589734254;0.016568094782873223;0.038385826771653545
1857.0;0.02703900709219858;0.0161839863713799;0.029017857142857144
1858.5;0.02703900709219858;0.0161839863713799;0.02703900709219858
1860.0;0.017754480892796753;0.01597712748065927;0.015871286409530037
1861.5;0.016745540589734254;0.015001087035292413;0.015809071886378992
1863.0;0.016745540589734254;0.015001087035292413;0.015095605501509561
1864.5;0.014910112661872163;0.014945495799148322;0.015095605501509561
1866.0;0.017465858520325457;0.017498443680569787;0.01850632726208763
1867.5;0.0381479518588489;0.017498443680569787;0.014945495799148322
1869.0;0.02703900709219858;0.018332165356039182;0.038655160014383315
1870.5;0.017094017094017096;0.018332165356039182;0.025573192239858905
1872.0;0.01850632726208763;0.018332165356039182;0.01865038996269922
1873.5;0.01850632726208763;0.018332165356039182;0.023418491484184917
1875.0;0.030813820600779404;0.018332165356039182;0.030993042378241617
1876.5;0.030813820600779404;0.016582472972657695;0.030993042378241617
1878.0;0.030813820600779404;0.016582472972657695;0.025573192239858905
1879.5;0.014870091759449306;0.016582472972657695;0.016745540589734254
1881.0;0.01485852872552252;0.016582472972657695;0.017498443680569787
1882.5;0.01485852872552252;0.016582472972657695;0.0161839863713799
1884.0;0.033363061427410384;0.016582472972657695;0.016863406408094434
1885.5;0.033363061427410384;0.016582472972657695;0.01850632726208763
1887.0;0.033363061427410384;0.016582472972657695;0.014910112661872163
1888.5;0.033363061427410384;0.016582472972657695;0.01865038996269922
1890.0;0.033363061427410384;0.016582472972657695;0.0367279087083759
1891.5;0.033363061427410384;0.016582472972657695;0.03276661638370833
1893.0;0.033363061427410384;0.016582472972657695;0.03320921042632419
1894.5;0.014839767744728968;0.016582472972657695;0.03320921042632419
1896.0;0.014839767744728968;0.016582472972657695;0.03293798595973293
1897.5;0.014839767744728968;0.016582472972657695;0.016582472972657695
1899.0;0.03607665186997895;0.016582472972657695;0.0175513698630137
1900.5;0.03607665186997895;0.017427438387099873;0.015280135823429542
1902.0;0.03607665186997895;0.014850222990092551;0.017754480892796753
1903.5;0.01653549687010534;0.014850222990092551;0.02460456942003515
1905.0;0.03512490638976303;0.016550266845809666;0.02460456942003515
1906.5;0.014829976303317897;0.0161839863713799;0.018470790378006873
1908.0;0.015679043553987165;0.015871286409530037;0.0325497287522604
1909.5;0.015679043553987165;0.015871286409530037;0.016638225255972697
1911.0;0.016530470370958342;0.017094017094017096;0.015001087035292413
1912.5;0.016638225255972697;0.017094017094017096;0.025522755227552277
1914.0;0.016638225255972697;0.015095605501509561;0.015280135823429542
1915.5;0.03864818325709216;0.015001087035292413;0.015280135823429542
1917.0;0.015769487034319674;0.015001087035292413;0.015280135823429542
1918.5;0.0161839863713799;0.015001087035292413;0.029647930821494754
1920.0;0.015095605501509561;0.014945495799148322;0.03257387725662403
1921.5;0.015095605501509561;0.017498443680569787;0.015798668573620674
1923.0;0.015731292517006803;0.026060070671378093;0.01749000201260901
1924.5;0.017094017094017096;0.03466050479914682;0.016863406408094434
1926.0;0.014945495799148322;0.015871286409530037;0.026060070671378093
1927.5;0.015769487034319674;0.015809071886378992;0.026060070671378093
1929.0;0.015769487034319674;0.015809071886378992;0.015001087035292413
1930.5;0.018332165356039182;0.030813820600779404;0.015809071886378992
1932.0;0.015095605501509561;0.016568094782873223;0.03460837887067396
1933.5;0.015095605501509561;0.016557768507871926;0.017754480892796753
1935.0;0.015095605501509561;0.016863406408094434;0.018470790378006873
1936.5;0.017623877982923447;0.035127911416571206;0.017094017094017096
1938.0;0.01842179442537598;0.015809071886378992;0.01850632726208763
1939.5;0.017094017094017096;0.018332165356039182;0.017547197908565945
1941.0;0.017094017094017096;0.0175513698630137;0.03841245791927793
1942.5;0.015871286409530037;0.0175513698630137;0.03441791502515164
1944.0;0.032000890578704894;0.0175513698630137;0.016568094782873223
1945.5;0.01488644788002137;0.03609431217943811;0.016557768507871926
1947.0;0.017754480892796753;0.03106789479980177;0.016550266845809666
1948.5;0.017754480892796753;0.017465858520325457;0.03515598531696909
1950.0;0.0367279087083759;0.016568094782873223;0.014832305600435561
1951.5;0.0367279087083759;0.01741601350785099;0.014832305600435561
1953.0;0.015724726735506497;0.0161839863713799;0.014832305600435561
1954.5;0.017427438387099873;0.017754480892796753;0.018248107350266503
1956.0;0.016550266845809666;0.03706545928938685;0.01567987457984609
1957.5;0.015225395561747438;0.015095605501509561;0.03511203953243091
1959.0;0.015871286409530037;0.017596390484003282;0.018354055654233276
1960.5;0.01836806645203033;0.018014359856939253;0.018354055654233276
1962.0;0.03966822935448972;0.015096632463310899;0.017015706806282723
1963.5;0.01842179442537598;0.018507202120122947;0.01771809624494277
1965.0;0.014910112661872163;0.01612259159428971;0.01840766984546031
1966.5;0.018332165356039182;0.017094017094017096;0.01840766984546031
1968.0;0.014870091759449306;0.016638225255972697;0.0175513698630137
1969.5;0.017754480892796753;0.015095605501509561;0.015001087035292413
1971.0;0.0175513698630137;0.035650623885918005;0.015809071886378992
1972.5;0.01597712748065927;0.035650623885918005;0.03183910937543675
1974.0;0.015871286409530037;0.0161839863713799;0.01597712748065927
1975.5;0.015871286409530037;0.0161839863713799;0.01865038996269922
1977.0;0.01865038996269922;0.03136882129277567;0.038655160014383315
1978.5;0.017094017094017096;0.038655160014383315;0.03722426470588235
1980.0;0.01865038996269922;0.015001087035292413;0.016638225255972697
1981.5;0.017547197908565945;0.0170487948265726;0.01865038996269922
1983.0;0.017368069472277887;0.01749271137026239;0.0367279087083759
1984.5;0.032487730519463805;0.015069294547215105;0.01836806645203033
1986.0;0.032487730519463805;0.01848360454802751;0.033435588205396154
1987.5;0.023418491484184917;0.01597712748065927;0.03212468193384224
1989.0;0.018026004728132386;0.01842179442537598;0.015001087035292413
1990.5;0.0189328743545611;0.014910112661872163;0.016638225255972697
1992.0;0.03320921042632419;0.014910112661872163;0.016638225255972697
1993.5;0.01488644788002137;0.014910112661872163;0.015731292517006803
1995.0;0.03251852018092068;0.014910112661872163;0.016745540589734254
1996.5;0.014844188506303903;0.014910112661872163;0.029017857142857144
1998.0;0.026060070671378093;0.014910112661872163;0.029017857142857144
1999.5;0.026060070671378093;0.0175513698630137;0.029017857142857144
2001.0;0.033676001417936904;0.024464831804281346;0.017754480892796753
2002.5;0.03320921042632419;0.035650623885918005;0.039888682745825604
2004.0;0.014945495799148322;0.01842179442537598;0.015095605501509561
2005.5;0.014945495799148322;0.01842179442537598;0.017547197908565945
2007.0;0.016745540589734254;0.0285204991087344;0.015724726735506497
2008.5;0.015769487034319674;0.01597712748065927;0.03742165865034251
2010.0;0.017094017094017096;0.015809071886378992;0.017287443030017287
2011.5;0.018010291595197254;0.015809071886378992;0.03501841784293656
2013.0;0.029135338345864664;0.015769487034319674;0.026548672566371685
2014.5;0.028248983597364368;0.03357729479429107;0.02802491103202847
2016.0;0.016052757544824884;0.016582472972657695;0.016638225255972697
2017.5;0.025956284153005466;0.026060070671378093;0.0189328743545611
2019.0;0.016830578931359627;0.026060070671378093;0.0175513698630137
2020.5;0.015280135823429542;0.016863406408094434;0.017623877982923447
2022.0;0.015280135823429542;0.015001087035292413;0.017623877982923447
2023.5;0.015280135823429542;0.03864818325709216;0.035774141714325206
2025.0;0.015280135823429542;0.017465858520325457;0.017699115044247787
2026.5;0.01597712748065927;0.030743823668949708;0.0189328743545611
2028.0;0.025088028169014082;0.026060070671378093;0.017623877982923447
2029.5;0.016638225255972697;0.017754480892796753;0.017623877982923447
2031.0;0.016745540589734254;0.025573192239858905;0.017623877982923447
2032.5;0.016745540589734254;0.0175513698630137;0.017623877982923447
2034.0;0.015095605501509561;0.016745540589734254;0.017623877982923447
2035.5;0.035127911416571206;0.016745540589734254;0.01850632726208763
2037.0;0.01597712748065927;0.016676298192025096;0.01850632726208763
2038.5;0.035774141714325206;0.017699115044247787;0.01850632726208763
2040.0;0.037312715311890364;0.037753222836095765;0.031723651744800845
2041.5;0.037312715311890364;0.01865038996269922;0.018026004728132386
2043.0;0.036275860696139695;0.01865038996269922;0.018010291595197254
2044.5;0.016557768507871926;0.035127911416571206;0.035127911416571206
2046.0;0.015695763321720377;0.035127911416571206;0.017547197908565945
2047.5;0.03512773722627738;0.0367279087083759;0.017547197908565945
2049.0;0.027531083481349913;0.017094017094017096;0.03357729479429107
2050.5;0.027531083481349913;0.017754480892796753;0.03357729479429107
2052.0;0.01850632726208763;0.017754480892796753;0.017443347491498312
2053.5;0.03450566571561023;0.015871286409530037;0.025573192239858905
2055.0;0.03534512971343672;0.015871286409530037;0.026060070671378093
2056.5;0.03527987093940073;0.015731292517006803;0.037753222836095765
2058.0;0.01741601350785099;0.016745540589734254;0.017623877982923447
2059.5;0.01741601350785099;0.017094017094017096;0.03764790247400502
2061.0;0.016550266845809666;0.015095605501509561;0.01850632726208763
2062.5;0.016550266845809666;0.017754480892796753;0.017547197908565945
2064.0;0.016550266845809666;0.01850632726208763;0.017498443680569787
2065.5;0.016550266845809666;0.019013666072489603;0.03637335441877961
2067.0;0.017397154861764727;0.0285204991087344;0.017443347491498312
2068.5;0.017397154861764727;0.01597712748065927;0.017443347491498312
2070.0;0.016537723722061845;0.01597712748065927;0.017443347491498312
2071.5;0.017094017094017096;0.016676298192025096;0.03065901496568101
2073.0;0.016863406408094434;0.014910112661872163;0.037020826875429826
2074.5;0.016863406408094434;0.014910112661872163;0.026548672566371685
2076.0;0.015809071886378992;0.024924471299093656;0.0175513698630137
2077.5;0.0285204991087344;0.018792559974975337;0.0175513698630137
2079.0;0.0285204991087344;0.016713577195494413;0.0175513698630137
2080.5;0.017547197908565945;0.0161839863713799;0.03764790247400502
2082.0;0.01836806645203033;0.016745540589734254;0.03764790247400502
2083.5;0.01836806645203033;0.017754480892796753;0.03764790247400502
2085.0;0.017443347491498312;0.016863406408094434;0.03764790247400502
2086.5;0.02703900709219858;0.03722426470588235;0.016745540589734254
2088.0;0.031723651744800845;0.02460456942003515;0.017094017094017096
2089.5;0.015871286409530037;0.016638225255972697;0.016676298192025096
2091.0;0.015001087035292413;0.015095605501509561;0.016676298192025096
2092.5;0.015001087035292413;0.01597712748065927;0.015731292517006803
2094.0;0.015001087035292413;0.017623877982923447;0.01597712748065927
2095.5;0.015001087035292413;0.01842179442537598;0.014945495799148322
2097.0;0.015001087035292413;0.026060070671378093;0.024122807017543862
2098.5;0.03106789479980177;0.017754480892796753;0.018354055654233276
2100.0;0.014910112661872163;0.018010291595197254;0.017094017094017096
2101.5;0.01597712748065927;0.018010291595197254;0.017094017094017096
2103.0;0.017498443680569787;0.025573192239858905;0.02703900709219858
2104.5;0.01488644788002137;0.01865038996269922;0.02703900709219858
2106.0;0.033494196742055664;0.015095605501509561;0.02802491103202847
2107.5;0.033494196742055664;0.015095605501509561;0.02802491103202847
2109.0;0.033494196742055664;0.017547197908565945;0.02802491103202847
2110.5;0.0352330815985435;0.035572080214829514;0.03609431217943811
2112.0;0.0352330815985435;0.015743018124095107;0.03609431217943811
2113.5;0.0352330815985435;0.030627490039840638;0.014910112661872163
2115.0;0.01654477169890474;0.01896734857158622;0.018332165356039182
2116.5;0.01654477169890474;0.03669227219827175;0.015731292517006803
2118.0;0.01654477169890474;0.016863406408094434;0.02703900709219858
2119.5;0.01726263871763255;0.027531083481349913;0.015095605501509561
2121.0;0.01874107841782935;0.01597712748065927;0.015095605501509561
2122.5;0.017574219762933944;0.03106789479980177;0.016676298192025096
2124.0;0.015731292517006803;0.018010291595197254;0.016676298192025096
2125.5;0.018612132352941176;0.0161839863713799;0.017465858520325457
2127.0;0.01733025239957341;0.038655160014383315;0.0175513698630137
2128.5;0.016209169954000083;0.03530661003451022;0.018010291595197254
2130.0;0.018427219348938907;0.01733025239957341;0.016745540589734254
2131.5;0.017501662804012726;0.01733025239957341;0.016676298192025096
2133.0;0.03732271820687537;0.016217853406024562;0.01660281557997176
2134.5;0.03343961106952378;0.016217853406024562;0.01570251018973342
2136.0;0.018278130593767917;0.01606832657788072;0.03517428528980739
2137.5;0.017094017094017096;0.03354534045223458;0.017754480892796753
2139.0;0.0285204991087344;0.015762630806304054;0.018848906360245943
2140.5;0.032697066101095795;0.0165975978705743;0.040581278503517046
2142.0;0.032697066101095795;0.0165975978705743;0.03466050479914682
2143.5;0.01850632726208763;0.017439295057023192;0.01836806645203033
2145.0;0.01842179442537598;0.018274952446558405;0.018010291595197254
2146.5;0.03091538715963386;0.016863406408094434;0.02802491103202847
2148.0;0.017094017094017096;0.038041387799061466;0.03187751004016064
2149.5;0.035650623885918005;0.038041387799061466;0.018716969225741748
2151.0;0.035650623885918005;0.017547197908565945;0.017567282711368357
2152.5;0.017547197908565945;0.038041387799061466;0.01672535211267606
2154.0;0.017547197908565945;0.016863406408094434;0.024114774114774116
2155.5;0.017547197908565945;0.014945495799148322;0.03564899451553931
2157.0;0.01836806645203033;0.01865038996269922;0.02703900709219858
2158.5;0.015743018124095107;0.01865038996269922;0.015280135823429542
2160.0;0.015743018124095107;0.015001087035292413;0.01850632726208763
2161.5;0.0381479518588489;0.014945495799148322;0.018026004728132386
2163.0;0.0381479518588489;0.018470790378006873;0.0325497287522604
2164.5;0.0381479518588489;0.019327580007191657;0.024122807017543862
2166.0;0.0381479518588489;0.01672535211267606;0.016863406408094434
2167.5;0.0381479518588489;0.0334685598377282;0.0189328743545611
2169.0;0.0381479518588489;0.016043635035830027;0.01842179442537598
2170.5;0.0381479518588489;0.024114774114774116;0.014910112661872163
2172.0;0.0381479518588489;0.01814552172099398;0.026548672566371685
2173.5;0.0381479518588489;0.017620235846214374;0.017824497257769654
2175.0;0.0381479518588489;0.018848906360245943;0.027168254985184596
2176.5;0.0381479518588489;0.01865038996269922;0.019675925925925927
2178.0;0.0381479518588489;0.015001087035292413;0.015280135823429542
2179.5;0.0381479518588489;0.026475958612294584;0.026548672566371685
2181.0;0.01485852872552252;0.016403046280023436;0.01845342706502636
2182.5;0.0352330815985435;0.015731292517006803;0.023765996343692867
2184.0;0.0352330815985435;0.02516881522406384;0.015188609731168737
2185.5;0.0352330815985435;0.017699115044247787;0.026060070671378093
2187.0;0.0352330815985435;0.018354055654233276;0.03125
2188.5;0.0352330815985435;0.017934291168491913;0.03628171805944639
2190.0;0.0352330815985435;0.016830578931359627;0.024816176470588234
2191.5;0.0352330815985435;0.037423076568050495;0.0161839863713799
2193.0;0.0352330815985435;0.03039853599023994;0.018683274021352312
2194.5;0.0352330815985435;0.01586074073577572;0.016429426632965278
2196.0;0.0352330815985435;0.014906264408901648;0.03704674557307889
2197.5;0.0352330815985435;0.014857210811912543;0.03283600800067391
2199.0;0.0352330815985435;0.017400930576269173;0.02878937007874016
2200.5;0.0352330815985435;0.03423652243165821;0.04009504902845455
2202.0;0.0352330815985435;0.036646406864497674;0.017773776536674248
2203.5;0.0352330815985435;0.036646406864497674;0.01726263871763255
2205.0;0.0352330815985435;0.036646406864497674;0.025522755227552277
2206.5;0.014844188506303903;0.01850632726208763;0.03048016701461378
2208.0;0.014844188506303903;0.03293798595973293;0.015931023572219587
2209.5;0.014844188506303903;0.03841245791927793;0.03789035136231243
2211.0;0.017401635028469288;0.03841245791927793;0.036646406864497674
2212.5;0.017401635028469288;0.03841245791927793;0.03460837887067396
2214.0;0.017397154861764727;0.014870091759449306;0.014945495799148322
2215.5;0.017397154861764727;0.01485852872552252;0.031723651744800845
2217.0;0.017397154861764727;0.01741601350785099;0.014945495799148322
2218.5;0.017397154861764727;0.039888682745825604;0.01836806645203033
2220.0;0.017397154861764727;0.01842179442537598;0.01597712748065927
2221.5;0.017397154861764727;0.01660281557997176;0.016897746967071057
2223.0;0.0351424443992876;0.01660281557997176;0.01775534628830588
2224.5;0.0351424443992876;0.01485852872552252;0.01858875973469908
2226.0;0.035132390418972995;0.015695763321720377;0.016403046280023436
2227.5;0.015679043553987165;0.0161839863713799;0.017015706806282723
2229.0;0.014828677071017829;0.017623877982923447;0.017883272962794156
2230.5;0.03328271209847559;0.018332165356039182;0.034987549219048265
2232.0;0.03328271209847559;0.017094017094017096;0.03286005174651642
2233.5;0.03787182510303031;0.01597712748065927;0.026548672566371685
2235.0;0.03510567414170811;0.03482458408757866;0.026548672566371685
2236.5;0.03510567414170811;0.016638225255972697;0.01845342706502636
2238.0;0.03510567414170811;0.015001087035292413;0.01848360454802751
2239.5;0.03510567414170811;0.027531083481349913;0.024816176470588234
2241.0;0.03510567414170811;0.017754480892796753;0.01672535211267606
2242.5;0.03510567414170811;0.017373380447585393;0.018354055654233276
2244.0;0.036022320279473885;0.038817005545286505;0.02784833653429156
2245.5;0.03786718816337065;0.017754480892796753;0.02587800369685767
2247.0;0.01824237324511988;0.017094017094017096;0.015095605501509561
2248.5;0.01824237324511988;0.017623877982923447;0.028233920953070916
2250.0;0.01824237324511988;0.016745540589734254;0.0161446953143967
2251.5;0.017384276578092637;0.017934291168491913;0.018010291595197254
2253.0;0.017384276578092637;0.016830578931359627;0.023418491484184917
2254.5;0.01824226361621402;0.016830578931359627;0.017934291168491913
2256.0;0.01824226361621402;0.014986153377295074;0.026060070671378093
2257.5;0.024122807017543862;0.015095605501509561;0.015001087035292413
2259.0;0.024122807017543862;0.015871286409530037;0.015809071886378992
2260.5;0.016638225255972697;0.015871286409530037;0.017094017094017096
2262.0;0.017754480892796753;0.036514961411379304;0.015871286409530037
2263.5;0.016745540589734254;0.03165717058169511;0.025573192239858905
2265.0;0.016745540589734254;0.018289844042285466;0.029874213836477988
2266.5;0.014945495799148322;0.02802491103202847;0.016863406408094434
2268.0;0.014945495799148322;0.02460456942003515;0.01929824561403509
2269.5;0.014945495799148322;0.01850632726208763;0.01672535211267606
2271.0;0.014945495799148322;0.01663225731761437;0.0230722525804493
2272.5;0.017465858520325457;0.01663225731761437;0.015871286409530037
2274.0;0.017465858520325457;0.018683274021352312;0.016745540589734254
2275.5;0.017465858520325457;0.025522755227552277;0.018683274021352312
2277.0;0.015724726735506497;0.018683274021352312;0.01537736404878336
2278.5;0.015724726735506497;0.017971946230274694;0.018686830269800576
2280.0;0.015724726735506497;0.01612259159428971;0.018010291595197254
2281.5;0.0306944381170478;0.01756386861313869;0.016863406408094434
2283.0;0.01741601350785099;0.016638225255972697;0.01663225731761437
2284.5;0.01741601350785099;0.01672535211267606;0.0279090113735783
2286.0;0.015695763321720377;0.015414729630535846;0.030993042378241617
2287.5;0.015695763321720377;0.015907416444202047;0.023244781783681213
2289.0;0.03242879502693342;0.016648083640921553;0.032886334610472544
2290.5;0.03242879502693342;0.016648083640921553;0.019327580007191657
2292.0;0.016537723722061845;0.0175513698630137;0.015992751525289242
2293.5;0.014832305600435561;0.01597712748065927;0.015772978195049962
2295.0;0.03420906032156432;0.03320921042632419;0.030993042378241617
2296.5;0.03420906032156432;0.03265254436585322;0.03742165865034251
2298.0;0.018246600758721136;0.030245746691871456;0.021851503759398497
2299.5;0.032375879782391086;0.03357531760435572;0.0407174962775358
2301.0;0.032375879782391086;0.03564899451553931;0.040968342644320296
2302.5;0.014828261126484797;0.03320921042632419;0.024378585086042064
2304.0;0.014828261126484797;0.015769487034319674;0.027798718431963815
2305.5;0.014828261126484797;0.015724726735506497;0.022964015151515152
2307.0;0.01567760904807164;0.03251852018092068;0.02494777243356168
2308.5;0.03510665394291672;0.03251852018092068;0.019041938815588494
2310.0;0.018242915171642324;0.038017461422104666;0.041349188871761
2311.5;0.01652941341487852;0.03758169934640523;0.02623456790123457
2313.0;0.01652941341487852;0.0189328743545611;0.03061868686868687
2314.5;0.014827312439301472;0.03416622228993677;0.024114774114774116
2316.0;0.035103976771294954;0.014945495799148322;0.022727272727272728
2317.5;0.03418891413088124;0.01660281557997176;0.01594765689784196
2319.0;0.03418891413088124;0.03807194397841974;0.017563955708285603
2320.5;0.03418891413088124;0.03807194397841974;0.018010291595197254
2322.0;0.03418891413088124;0.033363061427410384;0.029397233201581028
2323.5;0.03418891413088124;0.033363061427410384;0.03497503514469921
2325.0;0.03510343540048772;0.026060070671378093;0.03250478011472275
2326.5;0.03510343540048772;0.016863406408094434;0.023833646933950885
2328.0;0.03510343540048772;0.016863406408094434;0.027471104729173045
2329.5;0.034188529068813554;0.016863406408094434;0.027531083481349913
2331.0;0.034188529068813554;0.03609431217943811;0.0161839863713799
2332.5;0.034188529068813554;0.03482458408757866;0.01865038996269922
2334.0;0.034188529068813554;0.03482458408757866;0.023765996343692867
2335.5;0.034188529068813554;0.03482458408757866;0.032697066101095795
2337.0;0.034188529068813554;0.03482458408757866;0.029132231404958676
2338.5;0.034188529068813554;0.03841245791927793;0.037221159974506056
2340.0;0.034188529068813554;0.03841245791927793;0.018523245676106814
2341.5;0.034188529068813554;0.03841245791927793;0.0327402827863501
2343.0;0.034188529068813554;0.03841245791927793;0.018354055654233276
2344.5;0.034188529068813554;0.03841245791927793;0.03136882129277567
2346.0;0.01738420192052985;0.03357729479429107;0.023765996343692867
2347.5;0.03722426470588235;0.03534512971343672;0.018323203432248837
2349.0;0.040427509293680296;0.03534512971343672;0.018047156089719053
2350.5;0.040427509293680296;0.03534512971343672;0.03020833333333333
2352.0;0.040427509293680296;0.03534512971343672;0.019435224911627406
2353.5;0.016745540589734254;0.03534512971343672;0.016335052812576762
2355.0;0.017094017094017096;0.03534512971343672;0.017825311942959002
2356.5;0.025088028169014082;0.03534512971343672;0.02495201535508637
2358.0;0.025088028169014082;0.03435603223272361;0.018047156089719053
2359.5;0.025088028169014082;0.01570251018973342;0.0249922863313792
2361.0;0.036646406864497674;0.01570251018973342;0.015382532618076592
2362.5;0.036646406864497674;0.015695763321720377;0.01756386861313869
2364.0;0.036646406864497674;0.015695763321720377;0.01813557316928901
2365.5;0.036646406864497674;0.015695763321720377;0.017154737992035804
2367.0;0.036646406864497674;0.01654477169890474;0.026332288401253914
2368.5;0.038041387799061466;0.01654477169890474;0.015307210631374588
2370.0;0.038041387799061466;0.01654477169890474;0.01711282612940747
2371.5;0.038041387799061466;0.018256492034823147;0.016638225255972697
2373.0;0.038041387799061466;0.018256492034823147;0.023765996343692867
2374.5;0.03106789479980177;0.018256492034823147;0.016830578931359627
2376.0;0.03746174588351344;0.018256492034823147;0.03187751004016064
2377.5;0.03746174588351344;0.03149447818769957;0.01810895810084204
2379.0;0.03746174588351344;0.03149447818769957;0.02623456790123457
2380.5;0.03746174588351344;0.016533838797490336;0.0161839863713799
2382.0;0.03746174588351344;0.016533838797490336;0.017547197908565945
2383.5;0.03746174588351344;0.016533838797490336;0.030280307088019997
2385.0;0.03746174588351344;0.016533838797490336;0.03969754253308129
2386.5;0.03746174588351344;0.03057284130713342;0.016638225255972697
2388.0;0.03746174588351344;0.03057284130713342;0.038817005545286505
2389.5;0.03746174588351344;0.016531678096401558;0.018010291595197254
2391.0;0.030813820600779404;0.01567842217100666;0.03416622228993677
2392.5;0.030813820600779404;0.016530470370958342;0.018323203432248837
2394.0;0.030813820600779404;0.016530470370958342;0.025716433527362123
2395.5;0.030813820600779404;0.016638225255972697;0.03807869716824014
2397.0;0.030813820600779404;0.016638225255972697;0.024672187715665976
2398.5;0.030813820600779404;0.016638225255972697;0.020061815116605788
2400.0;0.030813820600779404;0.016638225255972697;0.018295955212508694
2401.5;0.030813820600779404;0.016638225255972697;0.018747891994864065
2403.0;0.03441791502515164;0.016638225255972697;0.01597712748065927
2404.5;0.03441791502515164;0.026060070671378093;0.038817005545286505
2406.0;0.03441791502515164;0.017094017094017096;0.02833675564681725
2407.5;0.03441791502515164;0.017094017094017096;0.029722271675271496
2409.0;0.03441791502515164;0.017094017094017096;0.023809523809523808
2410.5;0.03441791502515164;0.01850632726208763;0.015109552273918112
2412.0;0.03251852018092068;0.030318091451292245;0.017754480892796753
2413.5;0.03251852018092068;0.030318091451292245;0.018010291595197254
2415.0;0.03251852018092068;0.030318091451292245;0.017754480892796753
2416.5;0.03251852018092068;0.018197573656845753;0.032697066101095795
2418.0;0.03251852018092068;0.018197573656845753;0.02996142091287139
2419.5;0.03251852018092068;0.018197573656845753;0.028264541327984796
2421.0;0.03251852018092068;0.018197573656845753;0.018010291595197254
2422.5;0.03708596418846531;0.018197573656845753;0.028050275904353158
2424.0;0.03708596418846531;0.0185554688027144;0.018610244807272875
2425.5;0.03708596418846531;0.016648083640921553;0.021851503759398497
2427.0;0.03708596418846531;0.016648083640921553;0.017699115044247787
2428.5;0.03708596418846531;0.016648083640921553;0.020213754646840148
2430.0;0.01740771421307761;0.03455197368140851;0.01621205100827978
2431.5;0.01740771421307761;0.03818748472993609;0.015219423191656369
2433.0;0.01740771421307761;0.03818748472993609;0.016724814061686986
2434.5;0.01740771421307761;0.03818748472993609;0.016663391992637104
2436.0;0.01740771421307761;0.032493496764073565;0.01597712748065927
2437.5;0.01740771421307761;0.032493496764073565;0.03466050479914682
2439.0;0.01740771421307761;0.01484141517980251;0.03136882129277567
2440.5;0.01740771421307761;0.0342304944815347;0.015225395561747438
2442.0;0.034255896066409615;0.0342304944815347;0.02762661914879035
2443.5;0.02460456942003515;0.015683227717368065;0.03644513688296525
2445.0;0.02460456942003515;0.015683227717368065;0.031796763334301266
2446.5;0.02460456942003515;0.015683227717368065;0.031796763334301266
2448.0;0.02460456942003515;0.015683227717368065;0.015095605501509561
2449.5;0.02460456942003515;0.015683227717368065;0.018470790378006873
2451.0;0.032256841786066255;0.015683227717368065;0.03326935380678182
2452.5;0.018332165356039182;0.036962264179089814;0.018937169700528483
2454.0;0.016568094782873223;0.01567935485116797;0.0175513698630137
2455.5;0.01741601350785099;0.017386672825425272;0.03293798595973293
2457.0;0.01741601350785099;0.017386672825425272;0.018026004728132386
2458.5;0.0182681206624895;0.017386672825425272;0.017368069472277887
2460.0;0.034255896066409615;0.03511058148930304;0.018010291595197254
2461.5;0.03607665186997895;0.035108616045670844;0.01850632726208763
2463.0;0.027531083481349913;0.03510604146960084;0.017215791035915702
2464.5;0.027531083481349913;0.03694432232692238;0.018026004728132386
2466.0;0.016863406408094434;0.0360220486949781;0.017754480892796753
2467.5;0.016863406408094434;0.015676775806429667;0.037483266398929044
2469.0;0.03320921042632419;0.03056086485366171;0.018354055654233276
2470.5;0.0367279087083759;0.03056086485366171;0.0189328743545611
2472.0;0.0367279087083759;0.03602104669337361;0.016638225255972697
2473.5;0.0367279087083759;0.03669724770642202;0.015871286409530037
2475.0;0.0367279087083759;0.017623877982923447;0.0175513698630137
2476.5;0.0367279087083759;0.017623877982923447;0.03535245814226298
2478.0;0.03183910937543675;0.035774141714325206;0.022964015151515152
2479.5;0.017465858520325457;0.035774141714325206;0.016348533050547898
2481.0;0.017465858520325457;0.036514961411379304;0.016348533050547898
2482.5;0.017465858520325457;0.03165717058169511;0.018354055654233276
2484.0;0.026548672566371685;0.03165717058169511;0.018314772574802095
2485.5;0.015095605501509561;0.031723651744800845;0.0175884771057884
2487.0;0.015095605501509561;0.031723651744800845;0.037753222836095765
2488.5;0.015095605501509561;0.031723651744800845;0.027531083481349913
2490.0;0.03106789479980177;0.038041387799061466;0.037753222836095765
2491.5;0.036514961411379304;0.0367279087083759;0.01865038996269922
2493.0;0.017754480892796753;0.03276661638370833;0.015809071886378992
2494.5;0.017094017094017096;0.03265254436585322;0.03061615001913509
2496.0;0.01597712748065927;0.017443347491498312;0.015992751525289242
2497.5;0.017094017094017096;0.016568094782873223;0.037753222836095765
2499.0;0.01850632726208763;0.018277260861902424;0.015095605501509561
2500.5;0.017547197908565945;0.03154000016129497;0.02802491103202847
2502.0;0.017547197908565945;0.03154000016129497;0.02802491103202847
2503.5;0.017465858520325457;0.03154000016129497;0.018010291595197254
2505.0;0.016582472972657695;0.03154000016129497;0.01918932786044125
2506.5;0.017094017094017096;0.03154000016129497;0.02703900709219858
2508.0;0.017094017094017096;0.03154000016129497;0.018010291595197254
2509.5;0.01865038996269922;0.03334073832066439;0.040968342644320296
2511.0;0.016745540589734254;0.03607665186997895;0.01850632726208763
2512.5;0.016745540589734254;0.032697066101095795;0.016638225255972697
2514.0;0.014945495799148322;0.015001087035292413;0.016638225255972697
2515.5;0.014945495799148322;0.015809071886378992;0.018010291595197254
2517.0;0.014945495799148322;0.015809071886378992;0.03706545928938685
2518.5;0.014910112661872163;0.017465858520325457;0.01836806645203033
2520.0;0.014910112661872163;0.017465858520325457;0.026060070671378093
2521.5;0.014910112661872163;0.03212468193384224;0.015001087035292413
2523.0;0.014910112661872163;0.03564899451553931;0.014945495799148322
2524.5;0.014910112661872163;0.03564899451553931;0.01836806645203033
2526.0;0.014910112661872163;0.01865038996269922;0.0381479518588489
2527.5;0.014910112661872163;0.036514961411379304;0.0381479518588489
2529.0;0.014910112661872163;0.03564899451553931;0.02802491103202847
2530.5;0.014910112661872163;0.01597712748065927;0.035774141714325206
2532.0;0.014910112661872163;0.03609431217943811;0.037312715311890364
2533.5;0.014910112661872163;0.03768591312195207;0.03251852018092068
2535.0;0.014910112661872163;0.03746174588351344;0.015695763321720377
2536.5;0.03450566571561023;0.035437678433415665;0.03607665186997895
2538.0;0.01830736743700201;0.035437678433415665;0.03607665186997895
2539.5;0.015095605501509561;0.035437678433415665;0.029017857142857144
2541.0;0.017623877982923447;0.035437678433415665;0.029017857142857144
2542.5;0.017623877982923447;0.035437678433415665;0.01850632726208763
2544.0;0.016676298192025096;0.035437678433415665;0.03293798595973293
2545.5;0.016676298192025096;0.035437678433415665;0.03293798595973293
2547.0;0.01836806645203033;0.035437678433415665;0.03293798595973293
2548.5;0.018026004728132386;0.030743823668949708;0.03293798595973293
2550.0;0.0161839863713799;0.030743823668949708;0.014910112661872163
2551.5;0.015001087035292413;0.03160480961955194;0.02703900709219858
2553.0;0.032000890578704894;0.03160480961955194;0.02703900709219858
2554.5;0.014910112661872163;0.038017461422104666;0.02703900709219858
2556.0;0.03441791502515164;0.038017461422104666;0.02703900709219858
2557.5;0.016568094782873223;0.038017461422104666;0.02703900709219858
2559.0;0.014850222990092551;0.038017461422104666;0.02703900709219858
2560.5;0.014850222990092551;0.038017461422104666;0.036646406864497674
2562.0;0.016550266845809666;0.038017461422104666;0.036646406864497674
2563.5;0.016550266845809666;0.038017461422104666;0.015871286409530037
2565.0;0.014839767744728968;0.038017461422104666;0.015871286409530037
2566.5;0.014839767744728968;0.038017461422104666;0.015871286409530037
2568.0;0.015687178238012765;0.038017461422104666;0.03864818325709216
2569.5;0.015687178238012765;0.038017461422104666;0.03864818325709216
2571.0;0.015687178238012765;0.038017461422104666;0.018332165356039182
2572.5;0.015684481542853023;0.038017461422104666;0.017427438387099873
2574.0;0.014832305600435561;0.038017461422104666;0.01570251018973342
2575.5;0.017389540773412943;0.038017461422104666;0.03797793703236822
2577.0;0.016531678096401558;0.038017461422104666;0.03797793703236822
2578.5;0.016530987295071384;0.038017461422104666;0.017401635028469288
2580.0;0.015677957190639216;0.038017461422104666;0.017401635028469288
2581.5;0.017385065898158785;0.038017461422104666;0.016638225255972697
2583.0;0.017385065898158785;0.038017461422104666;0.015095605501509561
2584.5;0.034190817660438355;0.038017461422104666;0.015095605501509561
2586.0;0.03419012112862037;0.038017461422104666;0.015095605501509561
2587.5;0.0175513698630137;0.038017461422104666;0.015095605501509561
2589.0;0.0175513698630137;0.038017461422104666;0.015095605501509561
2590.5;0.015095605501509561;0.038017461422104666;0.016745540589734254
2592.0;0.03130908265900325;0.016550266845809666;0.017547197908565945
2593.5;0.015809071886378992;0.016550266845809666;0.017547197908565945
2595.0;0.015769487034319674;0.017401635028469288;0.017547197908565945
2596.5;0.017465858520325457;0.03515598531696909;0.017547197908565945
2598.0;0.03251852018092068;0.03422569546639526;0.03746174588351344
2599.5;0.03251852018092068;0.01653549687010534;0.01597712748065927
2601.0;0.03251852018092068;0.015680987109796585;0.01597712748065927
2602.5;0.016557768507871926;0.014829976303317897;0.01597712748065927
2604.0;0.0175513698630137;0.017387150648592545;0.015001087035292413
2605.5;0.017754480892796753;0.037876570372820405;0.017498443680569787
2607.0;0.03902213310711807;0.031468182542311304;0.017498443680569787
2608.5;0.03902213310711807;0.018243532876687153;0.017498443680569787
2610.0;0.03746174588351344;0.03828413284132841;0.017699115044247787
2611.5;0.03746174588351344;0.036646406864497674;0.017699115044247787
2613.0;0.03746174588351344;0.03130908265900325;0.0189328743545611
2614.5;0.03450566571561023;0.017094017094017096;0.03320921042632419
2616.0;0.03160480961955194;0.03466050479914682;0.034633078205669056
2617.5;0.03708596418846531;0.03466050479914682;0.03722426470588235
2619.0;0.032697066101095795;0.038817005545286505;0.03722426470588235
2620.5;0.017754480892796753;0.015001087035292413;0.015871286409530037
2622.0;0.017754480892796753;0.025573192239858905;0.03841245791927793
2623.5;0.03416622228993677;0.01842179442537598;0.03617216117216117
2625.0;0.03416622228993677;0.017465858520325457;0.03617216117216117
2626.5;0.04083665338645418;0.017465858520325457;0.016745540589734254
2628.0;0.04083665338645418;0.0161839863713799;0.018470790378006873
2629.5;0.017754480892796753;0.0161839863713799;0.024816176470588234
2631.0;0.015001087035292413;0.015001087035292413;0.028248983597364368
2632.5;0.018332165356039182;0.03482458408757866;0.028248983597364368
2634.0;0.015724726735506497;0.015743018124095107;0.037199376389705316
2635.5;0.017094017094017096;0.015743018124095107;0.03787683157908026
2637.0;0.018683274021352312;0.03435603223272361;0.03099854965284078
2638.5;0.016745540589734254;0.03435603223272361;0.016863406408094434
2640.0;0.016676298192025096;0.03435603223272361;0.017547197908565945
2641.5;0.037312715311890364;0.01741601350785099;0.017465858520325457
2643.0;0.03441791502515164;0.0161839863713799;0.0285204991087344
2644.5;0.03427946190269746;0.01597712748065927;0.0285204991087344
2646.0;0.03966822935448972;0.01597712748065927;0.03460837887067396
2647.5;0.01663225731761437;0.01597712748065927;0.040013227513227514
2649.0;0.036275860696139695;0.017547197908565945;0.040013227513227514
2650.5;0.031567255350648166;0.0175513698630137;0.03564899451553931
2652.0;0.03334073832066439;0.0175513698630137;0.016638225255972697
2653.5;0.030590360834056505;0.0175513698630137;0.035650623885918005
2655.0;0.016533838797490336;0.0161839863713799;0.035127911416571206
2656.5;0.014829976303317897;0.03764790247400502;0.03564899451553931
2658.0;0.014829976303317897;0.03764790247400502;0.03416622228993677
2659.5;0.02460456942003515;0.016863406408094434;0.03564899451553931
2661.0;0.035650623885918005;0.016863406408094434;0.015001087035292413
2662.5;0.03416622228993677;0.01850632726208763;0.015001087035292413
2664.0;0.03306159420289855;0.025522755227552277;0.014910112661872163
2665.5;0.01597712748065927;0.03564899451553931;0.02460456942003515
2667.0;0.015001087035292413;0.032697066101095795;0.02460456942003515
2668.5;0.03460837887067396;0.015731292517006803;0.03669724770642202
2670.0;0.03460837887067396;0.017754480892796753;0.033676001417936904
2671.5;0.01597712748065927;0.016335052812576762;0.032000890578704894
2673.0;0.03466050479914682;0.01814552172099398;0.03746174588351344
2674.5;0.016676298192025096;0.01672239597595953;0.03617216117216117
2676.0;0.01663225731761437;0.01672239597595953;0.03966822935448972
2677.5;0.015743018124095107;0.017373380447585393;0.017623877982923447
2679.0;0.015724726735506497;0.015280135823429542;0.01842179442537598
2680.5;0.015724726735506497;0.01597712748065927;0.01836806645203033
2682.0;0.015724726735506497;0.014945495799148322;0.03160480961955194
2683.5;0.01485852872552252;0.014945495799148322;0.017754480892796753
2685.0;0.0352330815985435;0.014945495799148322;0.038041387799061466
2686.5;0.015690820879123473;0.014945495799148322;0.017498443680569787
2688.0;0.033676001417936904;0.017498443680569787;0.037312715311890364
2689.5;0.03293798595973293;0.026060070671378093;0.01485852872552252
2691.0;0.040013227513227514;0.03935185185185185;0.036646406864497674
2692.5;0.02752293577981652;0.03935185185185185;0.016638225255972697
2694.0;0.02752293577981652;0.01597712748065927;0.023418491484184917
2695.5;0.02752293577981652;0.01842179442537598;0.032256841786066255
2697.0;0.017368069472277887;0.01488644788002137;0.032000890578704894
2698.5;0.03823174953203928;0.01488644788002137;0.01488644788002137
2700.0;0.015050831498364467;0.01488644788002137;0.023418491484184917
2701.5;0.025573192239858905;0.01488644788002137;0.02835538752362949
2703.0;0.015871286409530037;0.017754480892796753;0.017122114923635367
2704.5;0.0161839863713799;0.016745540589734254;0.03176965184288036
2706.0;0.03722426470588235;0.016676298192025096;0.015095605501509561
2707.5;0.016863406408094434;0.015280135823429542;0.015095605501509561
2709.0;0.0175513698630137;0.01865038996269922;0.01850632726208763
2710.5;0.015095605501509561;0.015871286409530037;0.040424121935056324
2712.0;0.016676298192025096;0.014910112661872163;0.040424121935056324
2713.5;0.018332165356039182;0.0175513698630137;0.03800513149454778
2715.0;0.03065901496568101;0.01865038996269922;0.03800513149454778
2716.5;0.03065901496568101;0.01836806645203033;0.018848906360245943
2718.0;0.01826142579350741;0.015743018124095107;0.03160767554530645
2719.5;0.0230722525804493;0.017094017094017096;0.025573192239858905
2721.0;0.0230722525804493;0.025573192239858905;0.025573192239858905
2722.5;0.017094017094017096;0.025573192239858905;0.01850632726208763
2724.0;0.016863406408094434;0.015095605501509561;0.03481624758220503
2725.5;0.016745540589734254;0.015095605501509561;0.015280135823429542
2727.0;0.018026004728132386;0.017094017094017096;0.01597712748065927
2728.5;0.024816176470588234;0.03130908265900325;0.03482458408757866
2730.0;0.016863406408094434;0.035774141714325206;0.017443347491498312
2731.5;0.0189328743545611;0.01836806645203033;0.03564899451553931
2733.0;0.015001087035292413;0.01660281557997176;0.03130908265900325
2734.5;0.017498443680569787;0.01660281557997176;0.03130908265900325
2736.0;0.017373380447585393;0.01660281557997176;0.017699115044247787
2737.5;0.01865038996269922;0.01660281557997176;0.0189328743545611
2739.0;0.0170487948265726;0.017443347491498312;0.01850632726208763
2740.5;0.017754480892796753;0.026060070671378093;0.0175513698630137
2742.0;0.01850632726208763;0.01850632726208763;0.035650623885918005
2743.5;0.014910112661872163;0.015809071886378992;0.0367279087083759
2745.0;0.017465858520325457;0.015809071886378992;0.038817005545286505
2746.5;0.015711796950363736;0.015809071886378992;0.038817005545286505
2748.0;0.031567255350648166;0.025573192239858905;0.017754480892796753
2749.5;0.016550266845809666;0.015871286409530037;0.038041387799061466
2751.0;0.018256492034823147;0.0367279087083759;0.03357729479429107
2752.5;0.01597712748065927;0.017498443680569787;0.03534512971343672
2754.0;0.01597712748065927;0.017498443680569787;0.0306944381170478
2755.5;0.017498443680569787;0.01488644788002137;0.03764790247400502
2757.0;0.017498443680569787;0.016582472972657695;0.03864818325709216
2758.5;0.024114774114774116;0.016582472972657695;0.03864818325709216
2760.0;0.018010291595197254;0.025088028169014082;0.03864818325709216
2761.5;0.017373380447585393;0.025088028169014082;0.033697931493502586
2763.0;0.032697066101095795;0.03416622228993677;0.033697931493502586
2764.5;0.01663225731761437;0.0367279087083759;0.033697931493502586
2766.0;0.023765996343692867;0.0367279087083759;0.033697931493502586
2767.5;0.04057719431485299;0.0367279087083759;0.033697931493502586
2769.0;0.025088028169014082;0.036514961411379304;0.033697931493502586
2770.5;0.015871286409530037;0.036514961411379304;0.033697931493502586
2772.0;0.033697931493502586;0.03441791502515164;0.03534512971343672
2773.5;0.014870091759449306;0.015280135823429542;0.03160480961955194
2775.0;0.014870091759449306;0.015001087035292413;0.03339355998530387
2776.5;0.015711796950363736;0.01836806645203033;0.03339355998530387
2778.0;0.032478764464558434;0.017443347491498312;0.0161839863713799
2779.5;0.032478764464558434;0.03620712313994087;0.032256841786066255
2781.0;0.026060070671378093;0.03620712313994087;0.032256841786066255
2782.5;0.026060070671378093;0.0182681206624895;0.017547197908565945
2784.0;0.026060070671378093;0.03242879502693342;0.017547197908565945
2785.5;0.015001087035292413;0.0170487948265726;0.03639029592108771
2787.0;0.033879208022981784;0.018848906360245943;0.03639029592108771
2788.5;0.015769487034319674;0.031244100868812533;0.03639029592108771
2790.0;0.03357729479429107;0.031244100868812533;0.03639029592108771
2791.5;0.03357729479429107;0.03512773722627738;0.0185554688027144
2793.0;0.015711796950363736;0.01850632726208763;0.03303332717441392
2794.5;0.015711796950363736;0.01663225731761437;0.018345227946508485
2796.0;0.015711796950363736;0.03466050479914682;0.018345227946508485
2797.5;0.015711796950363736;0.03466050479914682;0.029516994633273706
2799.0;0.015711796950363736;0.03902213310711807;0.014945495799148322
2800.5;0.03339355998530387;0.03902213310711807;0.014910112661872163
2802.0;0.017397154861764727;0.03902213310711807;0.014910112661872163
2803.5;0.017397154861764727;0.03902213310711807;0.026548672566371685
2805.0;0.0379119539632164;0.016638225255972697;0.026548672566371685
2806.5;0.0379119539632164;0.016863406408094434;0.038655160014383315
2808.0;0.026548672566371685;0.024114774114774116;0.038817005545286505
2809.5;0.01597712748065927;0.0189328743545611;0.015001087035292413
2811.0;0.015769487034319674;0.015871286409530037;0.01663225731761437
2812.5;0.017465858520325457;0.03982067510548524;0.0189328743545611
2814.0;0.017465858520325457;0.03982067510548524;0.03130908265900325
2815.5;0.01830736743700201;0.01726263871763255;0.02587800369685767
2817.0;0.018277260861902424;0.03240643424121398;0.03902213310711807
2818.5;0.018277260861902424;0.02460456942003515;0.01663225731761437
2820.0;0.027531083481349913;0.015871286409530037;0.017443347491498312
2821.5;0.017754480892796753;0.016638225255972697;0.018289844042285466
2823.0;0.018010291595197254;0.03466050479914682;0.014839767744728968
2824.5;0.015809071886378992;0.03466050479914682;0.017094017094017096
2826.0;0.015809071886378992;0.01842179442537598;0.015280135823429542
2827.5;0.03265254436585322;0.02460456942003515;0.01865038996269922
2829.0;0.03265254436585322;0.03764790247400502;0.0367279087083759
2830.5;0.016582472972657695;0.01842179442537598;0.017754480892796753
2832.0;0.023418491484184917;0.035572080214829514;0.01597712748065927
2833.5;0.023418491484184917;0.01865038996269922;0.018470790378006873
2835.0;0.01597712748065927;0.038041387799061466;0.03764790247400502
2836.5;0.015809071886378992;0.03106789479980177;0.01850632726208763
2838.0;0.015809071886378992;0.040968342644320296;0.04024144869215292
2839.5;0.01663225731761437;0.040968342644320296;0.016335052812576762
2841.0;0.017465858520325457;0.040968342644320296;0.025772579946528054
2842.5;0.017465858520325457;0.01865038996269922;0.017094017094017096
2844.0;0.037210128013628566;0.017623877982923447;0.030318091451292245
2845.5;0.01485852872552252;0.0175513698630137;0.016335052812576762
2847.0;0.03431165971848048;0.025573192239858905;0.025772579946528054
2848.5;0.03431165971848048;0.039888682745825604;0.024114774114774116
2850.0;0.03797793703236822;0.016863406408094434;0.024114774114774116
2851.5;0.015690820879123473;0.014945495799148322;0.016863406408094434
2853.0;0.014836509492270044;0.017094017094017096;0.016745540589734254
2854.5;0.014836509492270044;0.01850632726208763;0.015743018124095107
2856.0;0.01653549687010534;0.01663225731761437;0.016217853406024562
2857.5;0.01653549687010534;0.017465858520325457;0.015992751525289242
2859.0;0.03057284130713342;0.02703900709219858;0.016636140987988515
2860.5;0.016531678096401558;0.0161839863713799;0.018143754361479414
2862.0;0.016531678096401558;0.031723651744800845;0.01814552172099398
2863.5;0.0161839863713799;0.014945495799148322;0.02495201535508637
2865.0;0.015095605501509561;0.035572080214829514;0.03268701306308945
2866.5;0.015095605501509561;0.01770244821092279;0.029017857142857144
2868.0;0.015095605501509561;0.03892192687062645;0.01850632726208763
2869.5;0.015095605501509561;0.014959068404684098;0.017547197908565945
2871.0;0.01850632726208763;0.02802491103202847;0.017094017094017096
2872.5;0.01850632726208763;0.023765996343692867;0.015095605501509561
2874.0;0.01850632726208763;0.0161839863713799;0.017094017094017096
2875.5;0.01850632726208763;0.017754480892796753;0.018010291595197254
2877.0;0.014945495799148322;0.016676298192025096;0.015731292517006803
2878.5;0.014945495799148322;0.028767979987492184;0.024816176470588234
2880.0;0.014945495799148322;0.024464831804281346;0.01597712748065927
2881.5;0.03173139329252938;0.02268431001890359;0.015731292517006803
2883.0;0.01830736743700201;0.02835538752362949;0.017699115044247787
2884.5;0.01830736743700201;0.017768879853890487;0.015095605501509561
2886.0;0.014850222990092551;0.02460456942003515;0.016638225255972697
2887.5;0.03154000016129497;0.03706545928938685;0.016676298192025096
2889.0;0.03154000016129497;0.01663225731761437;0.017094017094017096
2890.5;0.014836509492270044;0.018683274021352312;0.018470790378006873
2892.0;0.014836509492270044;0.015095605501509561;0.018010291595197254
2893.5;0.017393838281482624;0.015095605501509561;0.01842179442537598
2895.0;0.017393838281482624;0.032697066101095795;0.02460456942003515
2896.5;0.017393838281482624;0.018010291595197254;0.01865038996269922
2898.0;0.027531083481349913;0.0189328743545611;0.016745540589734254
2899.5;0.027531083481349913;0.025573192239858905;0.0189328743545611
2901.0;0.027531083481349913;0.023765996343692867;0.017623877982923447
2902.5;0.016863406408094434;0.017094017094017096;0.017094017094017096
2904.0;0.016863406408094434;0.015731292517006803;0.02802491103202847
2905.5;0.016863406408094434;0.016863406408094434;0.016676298192025096
2907.0;0.016863406408094434;0.03293798595973293;0.016676298192025096
2908.5;0.016863406408094434;0.014910112661872163;0.017094017094017096
2910.0;0.016863406408094434;0.0189328743545611;0.03293798595973293
2911.5;0.016863406408094434;0.016863406408094434;0.018010291595197254
2913.0;0.016863406408094434;0.017547197908565945;0.016745540589734254
2914.5;0.016863406408094434;0.014910112661872163;0.015001087035292413
2916.0;0.035127911416571206;0.018010291595197254;0.015001087035292413
2917.5;0.035127911416571206;0.01597712748065927;0.01663225731761437
2919.0;0.033879208022981784;0.02623456790123457;0.03357729479429107
2920.5;0.01836806645203033;0.03966822935448972;0.03136882129277567
2922.0;0.025573192239858905;0.018010291595197254;0.0175513698630137
2923.5;0.025573192239858905;0.018010291595197254;0.035650623885918005
2925.0;0.025573192239858905;0.038817005545286505;0.01663225731761437
2926.5;0.025573192239858905;0.016863406408094434;0.02724539646749342
2928.0;0.033676001417936904;0.02703900709219858;0.025636129616271337
2929.5;0.01850632726208763;0.027531083481349913;0.018683274021352312
2931.0;0.01850632726208763;0.03902213310711807;0.017754480892796753
2932.5;0.01850632726208763;0.03828413284132841;0.01842179442537598
2934.0;0.014945495799148322;0.017094017094017096;0.018010291595197254
2935.5;0.014945495799148322;0.0175513698630137;0.0189328743545611
2937.0;0.03183910937543675;0.015095605501509561;0.0189328743545611
2938.5;0.017465858520325457;0.029017857142857144;0.017094017094017096
2940.0;0.017465858520325457;0.038041387799061466;0.018876611418047883
2941.5;0.017465858520325457;0.017498443680569787;0.016293098349991132
2943.0;0.036646406864497674;0.017498443680569787;0.016863406408094434
2944.5;0.036646406864497674;0.03173139329252938;0.02703900709219858
2946.0;0.036646406864497674;0.017427438387099873;0.028248983597364368
2947.5;0.036646406864497674;0.014850222990092551;0.02854859440398115
2949.0;0.036646406864497674;0.030614484288885975;0.030009920634920632
2950.5;0.036646406864497674;0.02802491103202847;0.0377347693223307
2952.0;0.036646406864497674;0.026060070671378093;0.016636140987988515
2953.5;0.036646406864497674;0.032697066101095795;0.0175513698630137
2955.0;0.036646406864497674;0.01842179442537598;0.027531083481349913
2956.5;0.036646406864497674;0.01836806645203033;0.016403046280023436
2958.0;0.036646406864497674;0.015724726735506497;0.036646406864497674
2959.5;0.03293798595973293;0.03339355998530387;0.036646406864497674
2961.0;0.03293798595973293;0.03339355998530387;0.025573192239858905
2962.5;0.03091538715963386;0.0230722525804493;0.025573192239858905
2964.0;0.015724726735506497;0.017934291168491913;0.014945495799148322
2965.5;0.03435603223272361;0.018610244807272875;0.035650623885918005
2967.0;0.03435603223272361;0.01672693391308206;0.03409090909090909
2968.5;0.03339355998530387;0.015738326756557706;0.03314777327935223
2970.0;0.0182681206624895;0.016937514305333027;0.026344152244872826
2971.5;0.0182681206624895;0.024122807017543862;0.01601318781639348
2973.0;0.03609592313694582;0.0189328743545611;0.0384594598126939
2974.5;0.03609592313694582;0.03320921042632419;0.018683274021352312
2976.0;0.037927713726492604;0.01597712748065927;0.018683274021352312
2977.5;0.016537723722061845;0.01842179442537598;0.018354055654233276
2979.0;0.016537723722061845;0.03441791502515164;0.01775534628830588
2980.5;0.016537723722061845;0.02802491103202847;0.015912208009267122
2982.0;0.016537723722061845;0.016745540589734254;0.015912208009267122
2983.5;0.015682478532320222;0.023642732049036778;0.033771328178007265
2985.0;0.018470790378006873;0.036646406864497674;0.018354055654233276
2986.5;0.018470790378006873;0.02460456942003515;0.01865038996269922
2988.0;0.018470790378006873;0.038655160014383315;0.032302332946268345
2989.5;0.018470790378006873;0.017623877982923447;0.025573192239858905
2991.0;0.018470790378006873;0.014945495799148322;0.017754480892796753
2992.5;0.018470790378006873;0.014945495799148322;0.03460837887067396
2994.0;0.018470790378006873;0.017498443680569787;0.03212468193384224
2995.5;0.016863406408094434;0.015724726735506497;0.02848722986247544
2997.0;0.01850632726208763;0.016638225255972697;0.02516881522406384
2998.5;0.015809071886378992;0.0161839863713799;0.023418491484184917
3000.0;0.015809071886378992;0.0161839863713799;0.02703900709219858
3001.5;0.015809071886378992;0.0175513698630137;0.03617216117216117
3003.0;0.015769487034319674;0.015095605501509561;0.03443877551020408
3004.5;0.015769487034319674;0.015095605501509561;0.02891543420553659
3006.0;0.015769487034319674;0.016745540589734254;0.03785550917614752
3007.5;0.015769487034319674;0.01842179442537598;0.015004334813302054
3009.0;0.015743018124095107;0.01842179442537598;0.03966822935448972
3010.5;0.01830736743700201;0.017754480892796753;0.03585049580472921
3012.0;0.01830736743700201;0.026548672566371685;0.02703900709219858
3013.5;0.01830736743700201;0.026548672566371685;0.01865038996269922
3015.0;0.01830736743700201;0.01865038996269922;0.026060070671378093
3016.5;0.01485852872552252;0.01850632726208763;0.02460456942003515
3018.0;0.01485852872552252;0.01836806645203033;0.015001087035292413
3019.5;0.01485852872552252;0.01660281557997176;0.01660281557997176
3021.0;0.01485852872552252;0.017443347491498312;0.032886334610472544
3022.5;0.01485852872552252;0.017443347491498312;0.04038004750593824
3024.0;0.01570251018973342;0.015731292517006803;0.03442728442728442
3025.5;0.03517428528980739;0.02703900709219858;0.01845342706502636
3027.0;0.03517428528980739;0.01865038996269922;0.018143754361479414
3028.5;0.03517428528980739;0.01865038996269922;0.01822145094387539
3030.0;0.03517428528980739;0.03706545928938685;0.03316662279547249
3031.5;0.015687178238012765;0.016676298192025096;0.02802491103202847
3033.0;0.015687178238012765;0.017498443680569787;0.023642732049036778
3034.5;0.014834097312229661;0.017498443680569787;0.03357531760435572
3036.0;0.014834097312229661;0.017465858520325457;0.016937514305333027
3037.5;0.014834097312229661;0.017754480892796753;0.018010291595197254
3039.0;0.03604392459334977;0.016745540589734254;0.01865038996269922
3040.5;0.03604392459334977;0.016745540589734254;0.017547197908565945
3042.0;0.03604392459334977;0.03173139329252938;0.02317655078391275
3043.5;0.03604392459334977;0.03173139329252938;0.01834862385321101
3045.0;0.03604392459334977;0.018289844042285466;0.02516881522406384
3046.5;0.03604392459334977;0.018277260861902424;0.01865038996269922
3048.0;0.03604392459334977;0.018277260861902424;0.01865038996269922
3049.5;0.03604392459334977;0.01740771421307761;0.019139945314441957
3051.0;0.03604392459334977;0.018010291595197254;0.02870278927492168
3052.5;0.03604392459334977;0.016638225255972697;0.016216077506818482
3054.0;0.03604392459334977;0.015095605501509561;0.017631471303359725
3055.5;0.03604392459334977;0.01726263871763255;0.016937514305333027
3057.0;0.03604392459334977;0.03598346705567712;0.015095605501509561
3058.5;0.03604392459334977;0.017094017094017096;0.0285204991087344
3060.0;0.03604392459334977;0.017754480892796753;0.01654091700522345
3061.5;0.03604392459334977;0.02703900709219858;0.023833646933950885
3063.0;0.03604392459334977;0.035127911416571206;0.01535109722361575
3064.5;0.03604392459334977;0.015769487034319674;0.029478889311525296
3066.0;0.03604392459334977;0.018332165356039182;0.017121863302370723
3067.5;0.03604392459334977;0.018332165356039182;0.017799021627615652
3069.0;0.03604392459334977;0.018289844042285466;0.025088028169014082
3070.5;0.03604392459334977;0.018289844042285466;0.01654091700522345
3072.0;0.03604392459334977;0.018289844042285466;0.030670103092783507
3073.5;0.03604392459334977;0.018289844042285466;0.029017857142857144
3075.0;0.03604392459334977;0.018289844042285466;0.016863406408094434
3076.5;0.03604392459334977;0.03431165971848048;0.016638225255972697
3078.0;0.03604392459334977;0.024122807017543862;0.01942319011183049
3079.5;0.03604392459334977;0.024122807017543862;0.018610244807272875
3081.0;0.03604392459334977;0.024122807017543862;0.017699115044247787
3082.5;0.014829976303317897;0.024122807017543862;0.015095605501509561
3084.0;0.0161839863713799;0.038655160014383315;0.018902169101372285
3085.5;0.0161839863713799;0.03482458408757866;0.01889796773517704
3087.0;0.0161839863713799;0.03482458408757866;0.016638225255972697
3088.5;0.017754480892796753;0.037312715311890364;0.017094017094017096
3090.0;0.015871286409530037;0.025088028169014082;0.018197573656845753
3091.5;0.015871286409530037;0.016745540589734254;0.017094017094017096
3093.0;0.015871286409530037;0.033879208022981784;0.03758169934640523
3094.5;0.016676298192025096;0.033879208022981784;0.018010291595197254
3096.0;0.014910112661872163;0.036514961411379304;0.01672535211267606
3097.5;0.015724726735506497;0.036514961411379304;0.018010291595197254
3099.0;0.015724726735506497;0.036514961411379304;0.018683274021352312
3100.5;0.017094017094017096;0.036514961411379304;0.0230722525804493
3102.0;0.01865038996269922;0.036514961411379304;0.016897746967071057
3103.5;0.01850632726208763;0.037312715311890364;0.03728941647443892
3105.0;0.03482458408757866;0.037312715311890364;0.029874213836477988
3106.5;0.01488644788002137;0.037312715311890364;0.015280135823429542
3108.0;0.01830736743700201;0.03441791502515164;0.03966822935448972
3109.5;0.0352330815985435;0.03441791502515164;0.025522755227552277
3111.0;0.014844188506303903;0.03441791502515164;0.015095605501509561
3112.5;0.03564899451553931;0.024122807017543862;0.017094017094017096
3114.0;0.033676001417936904;0.024122807017543862;0.017824497257769654
3115.5;0.033676001417936904;0.03966822935448972;0.015154962909024714
3117.0;0.03864818325709216;0.03966822935448972;0.015280135823429542
3118.5;0.03864818325709216;0.03966822935448972;0.025573192239858905
3120.0;0.03864818325709216;0.03320921042632419;0.0161839863713799
3121.5;0.03864818325709216;0.03320921042632419;0.036646406864497674
3123.0;0.01488644788002137;0.014945495799148322;0.015095605501509561
3124.5;0.01570251018973342;0.014945495799148322;0.026548672566371685
3126.0;0.036122089571306734;0.014945495799148322;0.025240384615384616
3127.5;0.036122089571306734;0.03183910937543675;0.01710322537202882
3129.0;0.015690820879123473;0.03183910937543675;0.016863406408094434
3130.5;0.015690820879123473;0.03183910937543675;0.0189328743545611
3132.0;0.015731292517006803;0.03265254436585322;0.026060070671378093
3133.5;0.01865038996269922;0.03265254436585322;0.025573192239858905
3135.0;0.01865038996269922;0.02802491103202847;0.01583436633020483
3136.5;0.016676298192025096;0.02802491103202847;0.015024970979036621
3138.0;0.014910112661872163;0.02802491103202847;0.021575984990619135
3139.5;0.018332165356039182;0.03902213310711807;0.020357941834451904
3141.0;0.017427438387099873;0.03902213310711807;0.01898890258939581
3142.5;0.017427438387099873;0.03902213310711807;0.01784040701566475
3144.0;0.01570251018973342;0.015809071886378992;0.018582093618876354
3145.5;0.015695763321720377;0.015809071886378992;0.016429426632965278
3147.0;0.016540721828503288;0.015809071886378992;0.024114774114774116
3148.5;0.017094017094017096;0.015809071886378992;0.03846568257730848
3150.0;0.015095605501509561;0.014910112661872163;0.03289285823417288
3151.5;0.01597712748065927;0.017443347491498312;0.016638225255972697
3153.0;0.015809071886378992;0.017443347491498312;0.037422037422037424
3154.5;0.016863406408094434;0.015711796950363736;0.027699718988358095
3156.0;0.015001087035292413;0.015711796950363736;0.015731292517006803
3157.5;0.017498443680569787;0.015711796950363736;0.016638225255972697
3159.0;0.017498443680569787;0.01570251018973342;0.038817005545286505
3160.5;0.0161839863713799;0.01740771421307761;0.039888682745825604
3162.0;0.0161839863713799;0.01740771421307761;0.017094017094017096
3163.5;0.01865038996269922;0.014834097312229661;0.03674948240165632
3165.0;0.015001087035292413;0.015682478532320222;0.04087605974969721
3166.5;0.017094017094017096;0.015682478532320222;0.0153103221203973
3168.0;0.017094017094017096;0.014829976303317897;0.03580148965583381
3169.5;0.017094017094017096;0.016531678096401558;0.026548672566371685
3171.0;0.03966822935448972;0.018244633954786142;0.029516994633273706
3172.5;0.03966822935448972;0.018244633954786142;0.015001087035292413
3174.0;0.03966822935448972;0.017385814700674008;0.01663225731761437
3175.5;0.03966822935448972;0.018243532876687153;0.03669724770642202
3177.0;0.03966822935448972;0.018243179757112683;0.02460456942003515
3178.5;0.03706545928938685;0.034190817660438355;0.03466050479914682
3180.0;0.03706545928938685;0.03418959902034071;0.015280135823429542
3181.5;0.03706545928938685;0.03510366738539205;0.0161839863713799
3183.0;0.015809071886378992;0.017384276578092637;0.0161839863713799
3184.5;0.015809071886378992;0.01738420192052985;0.017754480892796753
3186.0;0.014910112661872163;0.0161839863713799;0.016676298192025096
3187.5;0.014910112661872163;0.0161839863713799;0.01488644788002137
3189.0;0.01488644788002137;0.0161839863713799;0.01488644788002137
3190.5;0.032573955124637066;0.015095605501509561;0.017699115044247787
3192.0;0.03160480961955194;0.03130908265900325;0.01654091700522345
3193.5;0.014850222990092551;0.0367279087083759;0.018610244807272875
3195.0;0.01654477169890474;0.0367279087083759;0.028865979381443297
3196.5;0.01654477169890474;0.0367279087083759;0.017302798982188294
3198.0;0.0175513698630137;0.0367279087083759;0.02640902786533855
3199.5;0.015871286409530037;0.02623456790123457;0.0178084333111884
3201.0;0.017547197908565945;0.02623456790123457;0.03235600215764841
3202.5;0.031723651744800845;0.015280135823429542;0.015823703669725013
3204.0;0.017547197908565945;0.015280135823429542;0.02802491103202847
3205.5;0.015743018124095107;0.017754480892796753;0.016745540589734254
3207.0;0.036275860696139695;0.024122807017543862;0.016863406408094434
3208.5;0.03435603223272361;0.024122807017543862;0.015001087035292413
3210.0;0.036157843689975176;0.024122807017543862;0.015001087035292413
3211.5;0.014836509492270044;0.016745540589734254;0.017754480892796753
3213.0;0.01653549687010534;0.016745540589734254;0.015280135823429542
3214.5;0.014829976303317897;0.01836806645203033;0.015280135823429542
3216.0;0.026548672566371685;0.01836806645203033;0.01865038996269922
3217.5;0.026548672566371685;0.01660281557997176;0.03409090909090909
3219.0;0.03466050479914682;0.01660281557997176;0.017094017094017096
3220.5;0.015871286409530037;0.01660281557997176;0.015871286409530037
3222.0;0.016676298192025096;0.017443347491498312;0.03902213310711807
3223.5;0.01663225731761437;0.017443347491498312;0.0189328743545611
3225.0;0.03534512971343672;0.017443347491498312;0.0175513698630137
3226.5;0.033435588205396154;0.017443347491498312;0.03966822935448972
3228.0;0.033435588205396154;0.017443347491498312;0.0161839863713799
3229.5;0.033435588205396154;0.017443347491498312;0.015280135823429542
3231.0;0.017094017094017096;0.017443347491498312;0.016638225255972697
3232.5;0.017094017094017096;0.017443347491498312;0.02587800369685767
3234.0;0.017094017094017096;0.018289844042285466;0.03564899451553931
3235.5;0.01865038996269922;0.018289844042285466;0.01597712748065927
3237.0;0.01865038996269922;0.018289844042285466;0.015871286409530037
3238.5;0.01865038996269922;0.01741601350785099;0.017498443680569787
3240.0;0.01865038996269922;0.014844188506303903;0.036275860696139695
3241.5;0.015871286409530037;0.014844188506303903;0.015095605501509561
3243.0;0.015871286409530037;0.014844188506303903;0.015871286409530037
3244.5;0.015769487034319674;0.01826142579350741;0.015225395561747438
3246.0;0.018470790378006873;0.01826142579350741;0.015225395561747438
3247.5;0.017623877982923447;0.01826142579350741;0.01672693391308206
3249.0;0.017547197908565945;0.014836509492270044;0.014936197678611653
3250.5;0.015743018124095107;0.014836509492270044;0.01490398320124353
3252.0;0.015743018124095107;0.014836509492270044;0.01490398320124353
3253.5;0.01830736743700201;0.01825283975007182;0.014882253066380514
3255.0;0.01597712748065927;0.01825283975007182;0.016565477533764368
3256.5;0.016676298192025096;0.01825283975007182;0.03611549666212213
3258.0;0.016676298192025096;0.01739137492247878;0.014838948629979861
3259.5;0.016863406408094434;0.01739137492247878;0.014838948629979861
3261.0;0.016863406408094434;0.01739137492247878;0.01653996917198736
3262.5;0.0175513698630137;0.01739137492247878;0.016537165274566903
3264.0;0.03466050479914682;0.014830971492820427;0.017754480892796753
3265.5;0.016745540589734254;0.017388172610590263;0.014945495799148322
3267.0;0.015809071886378992;0.0285204991087344;0.034633078205669056
3268.5;0.015731292517006803;0.031723651744800845;0.034633078205669056
3270.0;0.016863406408094434;0.031723651744800845;0.015724726735506497
3271.5;0.015769487034319674;0.031723651744800845;0.014844188506303903
3273.0;0.01488644788002137;0.017623877982923447;0.03466050479914682
3274.5;0.016582472972657695;0.032000890578704894;0.03609431217943811
3276.0;0.016582472972657695;0.015769487034319674;0.015414729630535846
3277.5;0.016582472972657695;0.015769487034319674;0.015033359741139864
3279.0;0.016568094782873223;0.015769487034319674;0.038779512897539656
3280.5;0.017094017094017096;0.03265254436585322;0.015783713313901306
3282.0;0.038655160014383315;0.015724726735506497;0.018470790378006873
3283.5;0.014945495799148322;0.0352330815985435;0.0175513698630137
3285.0;0.03669724770642202;0.03519913210701956;0.017754480892796753
3286.5;0.026548672566371685;0.014839767744728968;0.0367279087083759
3288.0;0.017094017094017096;0.014839767744728968;0.03669724770642202
3289.5;0.017094017094017096;0.014839767744728968;0.016863406408094434
3291.0;0.017094017094017096;0.016638225255972697;0.03706545928938685
3292.5;0.017754480892796753;0.025573192239858905;0.035774141714325206
3294.0;0.03250478011472275;0.018010291595197254;0.017754480892796753
3295.5;0.024464831804281346;0.037753222836095765;0.01850632726208763
3297.0;0.036646406864497674;0.01597712748065927;0.03106789479980177
3298.5;0.018010291595197254;0.017547197908565945;0.03764790247400502
3300.0;0.038385826771653545;0.017373380447585393;0.03764790247400502
3301.5;0.01612259159428971;0.015001087035292413;0.038385826771653545
3303.0;0.025573192239858905;0.016863406408094434;0.029017857142857144
3304.5;0.025573192239858905;0.017373380447585393;0.03966822935448972
3306.0;0.025573192239858905;0.01597712748065927;0.017754480892796753
3307.5;0.025573192239858905;0.0161839863713799;0.032000890578704894
3309.0;0.025573192239858905;0.03416622228993677;0.032000890578704894
3310.5;0.03669724770642202;0.018010291595197254;0.025088028169014082
3312.0;0.017893106119287374;0.017094017094017096;0.040343486714193126
3313.5;0.017893106119287374;0.01865038996269922;0.040343486714193126
3315.0;0.039385238979902044;0.0175513698630137;0.028248983597364368
3316.5;0.039385238979902044;0.015871286409530037;0.017847922818538867
3318.0;0.017591391819424484;0.0175513698630137;0.016791101078565695
3319.5;0.017591391819424484;0.017547197908565945;0.016791101078565695
3321.0;0.0175513698630137;0.017547197908565945;0.01757773554106423
3322.5;0.0175513698630137;0.0175513698630137;0.015871286409530037
3324.0;0.015095605501509561;0.015001087035292413;0.015871286409530037
3325.5;0.01842179442537598;0.016676298192025096;0.01842179442537598
3327.0;0.03357531760435572;0.017498443680569787;0.03183910937543675
3328.5;0.01865038996269922;0.01830736743700201;0.037312715311890364
3330.0;0.017623877982923447;0.01830736743700201;0.032573955124637066
3331.5;0.032697066101095795;0.0189328743545611;0.01485852872552252
3333.0;0.0161839863713799;0.038041387799061466;0.01826142579350741
3334.5;0.01850632726208763;0.038041387799061466;0.01826142579350741
3336.0;0.014910112661872163;0.038041387799061466;0.014836509492270044
3337.5;0.018332165356039182;0.038041387799061466;0.015684481542853023
3339.0;0.02802491103202847;0.026548672566371685;0.0189328743545611
3340.5;0.015095605501509561;0.026548672566371685;0.031723651744800845
3342.0;0.015731292517006803;0.0230722525804493;0.0170487948265726
3343.5;0.017094017094017096;0.017015706806282723;0.017094017094017096
3345.0;0.017094017094017096;0.02568279495355608;0.015095605501509561
3346.5;0.018354055654233276;0.02568279495355608;0.015871286409530037
3348.0;0.018354055654233276;0.03823174953203928;0.03293798595973293
3349.5;0.018354055654233276;0.03823174953203928;0.03293798595973293
3351.0;0.02911275415896488;0.015926980240613186;0.03136882129277567
3352.5;0.015069294547215105;0.015926980240613186;0.018010291595197254
3354.0;0.0220703125;0.016713577195494413;0.03320921042632419
3355.5;0.016089299461123942;0.016713577195494413;0.03320921042632419
3357.0;0.032697066101095795;0.017525055235791037;0.015871286409530037
3358.5;0.016676298192025096;0.017525055235791037;0.015871286409530037
3360.0;0.018010291595197254;0.017754480892796753;0.016863406408094434
3361.5;0.0170487948265726;0.017547197908565945;0.01850632726208763
3363.0;0.018848906360245943;0.016863406408094434;0.0189328743545611
3364.5;0.016830578931359627;0.017498443680569787;0.016937514305333027
3366.0;0.01840766984546031;0.015280135823429542;0.016785765670711238
3367.5;0.0189328743545611;0.015095605501509561;0.014922830014276238
3369.0;0.01597712748065927;0.017623877982923447;0.017623877982923447
3370.5;0.035127911416571206;0.016676298192025096;0.03841245791927793
3372.0;0.018683274021352312;0.02516881522406384;0.03841245791927793
3373.5;0.018010291595197254;0.02516881522406384;0.014870091759449306
3375.0;0.015095605501509561;0.02911275415896488;0.017754480892796753
3376.5;0.035127911416571206;0.018792559974975337;0.017623877982923447
3378.0;0.035127911416571206;0.0170487948265726;0.018332165356039182
3379.5;0.03482458408757866;0.0170487948265726;0.015711796950363736
3381.0;0.018332165356039182;0.018010291595197254;0.018277260861902424
3382.5;0.036275860696139695;0.018010291595197254;0.0175513698630137
3384.0;0.036275860696139695;0.018010291595197254;0.0175513698630137
3385.5;0.03435603223272361;0.017623877982923447;0.0161839863713799
3387.0;0.016557768507871926;0.025573192239858905;0.036646406864497674
3388.5;0.03515598531696909;0.025573192239858905;0.016863406408094434
3390.0;0.03240172884776326;0.025573192239858905;0.03482458408757866
3391.5;0.037900253133938556;0.025573192239858905;0.01597712748065927
3393.0;0.016533838797490336;0.016863406408094434;0.01597712748065927
3394.5;0.017387150648592545;0.016863406408094434;0.01597712748065927
3396.0;0.025088028169014082;0.015001087035292413;0.01850632726208763
3397.5;0.01865038996269922;0.015001087035292413;0.03864818325709216
3399.0;0.01865038996269922;0.015001087035292413;0.017465858520325457
3400.5;0.015001087035292413;0.014945495799148322;0.0306944381170478
3402.0;0.015001087035292413;0.01836806645203033;0.015695763321720377
3403.5;0.017547197908565945;0.01830736743700201;0.01654477169890474
3405.0;0.03276661638370833;0.015095605501509561;0.014834097312229661
3406.5;0.01660281557997176;0.03130908265900325;0.014834097312229661
3408.0;0.032697066101095795;0.03764790247400502;0.014834097312229661
3409.5;0.024816176470588234;0.015731292517006803;0.014834097312229661
3411.0;0.040968342644320296;0.01865038996269922;0.014834097312229661
3412.5;0.01865038996269922;0.016745540589734254;0.02703900709219858
3414.0;0.03416622228993677;0.015809071886378992;0.017623877982923447
3415.5;0.017094017094017096;0.018470790378006873;0.018332165356039182
3417.0;0.017094017094017096;0.017754480892796753;0.018332165356039182
3418.5;0.017623877982923447;0.01850632726208763;0.018332165356039182
3420.0;0.017623877982923447;0.016676298192025096;0.03879026955950033
3421.5;0.024114774114774116;0.014910112661872163;0.0189328743545611
3423.0;0.0189328743545611;0.017465858520325457;0.0189328743545611
3424.5;0.035650623885918005;0.01570251018973342;0.024093511450381678
3426.0;0.01836806645203033;0.015095605501509561;0.015414729630535846
3427.5;0.030813820600779404;0.027531083481349913;0.015831002263857863
3429.0;0.03160480961955194;0.02516881522406384;0.015752650514276798
3430.5;0.01570251018973342;0.01597712748065927;0.015752650514276798
3432.0;0.0161839863713799;0.01726263871763255;0.0161839863713799
3433.5;0.015871286409530037;0.03290225315948789;0.0161839863713799
3435.0;0.03106789479980177;0.03290225315948789;0.017754480892796753
3436.5;0.016745540589734254;0.016644053242789555;0.017623877982923447
3438.0;0.017547197908565945;0.026060070671378093;0.015280135823429542
3439.5;0.017547197908565945;0.025088028169014082;0.0230722525804493
3441.0;0.036514961411379304;0.03902213310711807;0.0189328743545611
3442.5;0.03966822935448972;0.01749271137026239;0.015871286409530037
3444.0;0.03130908265900325;0.03846568257730848;0.015871286409530037
3445.5;0.018332165356039182;0.03748467708982989;0.03864818325709216
3447.0;0.018332165356039182;0.01865038996269922;0.017498443680569787
3448.5;0.016582472972657695;0.014910112661872163;0.017498443680569787
3450.0;0.016568094782873223;0.018010291595197254;0.017498443680569787
3451.5;0.016568094782873223;0.0189328743545611;0.017465858520325457
3453.0;0.018277260861902424;0.03416622228993677;0.03441791502515164
3454.5;0.014839767744728968;0.015769487034319674;0.03441791502515164
3456.0;0.015684481542853023;0.037210128013628566;0.0306944381170478
3457.5;0.01653549687010534;0.016638225255972697;0.0306944381170478
3459.0;0.01653549687010534;0.038385826771653545;0.0161839863713799
3460.5;0.0175513698630137;0.017623877982923447;0.02802491103202847
3462.0;0.0175513698630137;0.036514961411379304;0.03764790247400502
3463.5;0.015871286409530037;0.014870091759449306;0.017623877982923447
3465.0;0.016638225255972697;0.014870091759449306;0.017699115044247787
3466.5;0.01865038996269922;0.03708596418846531;0.017699115044247787
3468.0;0.0285204991087344;0.033324296038916436;0.017015706806282723
3469.5;0.01850632726208763;0.018248107350266503;0.018582093618876354
3471.0;0.018010291595197254;0.0341998118724038;0.0175884771057884
3472.5;0.018010291595197254;0.02802491103202847;0.015280135823429542
3474.0;0.017094017094017096;0.015280135823429542;0.01865038996269922
3475.5;0.01780160609014529;0.01865038996269922;0.01842179442537598
3477.0;0.01772899957788096;0.017094017094017096;0.0161839863713799
3478.5;0.01619224007193569;0.01597712748065927;0.0161839863713799
3480.0;0.015099040540647314;0.03951778570656288;0.015871286409530037
3481.5;0.01667777354761103;0.0175513698630137;0.017754480892796753
3483.0;0.03463726897077726;0.015871286409530037;0.0175513698630137
3484.5;0.03265509193977752;0.019013666072489603;0.016638225255972697
3486.0;0.03265509193977752;0.037753222836095765;0.0175513698630137
3487.5;0.03617216117216117;0.037753222836095765;0.025573192239858905
3489.0;0.032697066101095795;0.015095605501509561;0.016638225255972697
3490.5;0.03276661638370833;0.0161839863713799;0.025573192239858905
3492.0;0.026060070671378093;0.0161839863713799;0.026548672566371685
3493.5;0.032697066101095795;0.01597712748065927;0.024114774114774116
3495.0;0.038041387799061466;0.0161839863713799;0.016863406408094434
3496.5;0.0367279087083759;0.01865038996269922;0.01663225731761437
3498.0;0.036514961411379304;0.01865038996269922;0.032886334610472544
3499.5;0.03450566571561023;0.01865038996269922;0.017015706806282723
3501.0;0.03450566571561023;0.017498443680569787;0.017699115044247787
3502.5;0.017427438387099873;0.018010291595197254;0.02516881522406384
3504.0;0.017427438387099873;0.017094017094017096;0.015597920277296359
3505.5;0.017427438387099873;0.024816176470588234;0.015225395561747438
3507.0;0.03065901496568101;0.017824497257769654;0.032697066101095795
3508.5;0.03065901496568101;0.016293098349991132;0.0170487948265726
3510.0;0.03065901496568101;0.016775307882501863;0.016335052812576762
3511.5;0.03065901496568101;0.03735314340833807;0.017699115044247787
3513.0;0.03065901496568101;0.018026004728132386;0.016638225255972697
3514.5;0.03065901496568101;0.032697066101095795;0.018354055654233276
3516.0;0.03065901496568101;0.015809071886378992;0.017094017094017096
3517.5;0.03065901496568101;0.018086080586080584;0.025529865125240848
3519.0;0.03065901496568101;0.017563955708285603;0.026060070671378093
3520.5;0.03065901496568101;0.019408502772643253;0.016745540589734254
3522.0;0.03065901496568101;0.017215791035915702;0.018010291595197254
3523.5;0.03065901496568101;0.017656852955616538;0.018086080586080584
3525.0;0.03065901496568101;0.016638225255972697;0.01718287488267995
3526.5;0.03065901496568101;0.038041387799061466;0.01600386259123877
3528.0;0.03065901496568101;0.0189328743545611;0.01843410206161653
3529.5;0.036122089571306734;0.02911275415896488;0.01744680690990253
3531.0;0.036122089571306734;0.015414729630535846;0.01740901226496084
3532.5;0.036122089571306734;0.01675356994726551;0.0333140446847502
3534.0;0.036122089571306734;0.018470790378006873;0.015280135823429542
3535.5;0.036122089571306734;0.01597712748065927;0.025522755227552277
3537.0;0.036122089571306734;0.01850632726208763;0.017971946230274694
3538.5;0.036122089571306734;0.015517241379310345;0.01784040701566475
3540.0;0.036122089571306734;0.02802491103202847;0.01769257756716558
3541.5;0.014839767744728968;0.01597712748065927;0.016863406408094434
3543.0;0.014839767744728968;0.026060070671378093;0.016676298192025096
3544.5;0.018256492034823147;0.01597712748065927;0.017094017094017096
3546.0;0.018256492034823147;0.017094017094017096;0.02802491103202847
3547.5;0.018256492034823147;0.031723651744800845;0.024093511450381678
3549.0;0.018256492034823147;0.031723651744800845;0.02784833653429156
3550.5;0.018256492034823147;0.03320921042632419;0.03828413284132841
3552.0;0.018256492034823147;0.0367279087083759;0.015871286409530037
3553.5;0.018256492034823147;0.01663225731761437;0.033879208022981784
3555.0;0.018256492034823147;0.033435588205396154;0.016863406408094434
3556.5;0.018256492034823147;0.033435588205396154;0.016638225255972697
3558.0;0.018256492034823147;0.033435588205396154;0.038655160014383315
3559.5;0.018256492034823147;0.03339355998530387;0.03416622228993677
3561.0;0.01653549687010534;0.014839767744728968;0.024924471299093656
3562.5;0.014830971492820427;0.014839767744728968;0.024924471299093656
3564.0;0.014830971492820427;0.0161839863713799;0.024924471299093656
3565.5;0.018246600758721136;0.01597712748065927;0.01702553830746119
3567.0;0.018246600758721136;0.027531083481349913;0.024816176470588234
3568.5;0.03511515618286419;0.01865038996269922;0.031723651744800845
3570.0;0.03511515618286419;0.01663225731761437;0.03609431217943811
3571.5;0.01567842217100666;0.01663225731761437;0.015809071886378992
3573.0;0.01567842217100666;0.03669724770642202;0.03450566571561023
3574.5;0.01567842217100666;0.03966822935448972;0.02516881522406384
3576.0;0.01567842217100666;0.01842179442537598;0.033676001417936904
3577.5;0.03237389707170169;0.015769487034319674;0.01836806645203033
3579.0;0.03237389707170169;0.037210128013628566;0.01836806645203033
3580.5;0.018243179757112683;0.016568094782873223;0.01830736743700201
3582.0;0.03418959902034071;0.015280135823429542;0.025573192239858905
3583.5;0.03510366738539205;0.03416622228993677;0.017094017094017096
3585.0;0.03510366738539205;0.03357729479429107;0.017094017094017096
3586.5;0.015676706403008348;0.02835538752362949;0.0161839863713799
3588.0;0.030560667073641582;0.0377347693223307;0.015731292517006803
3589.5;0.030560667073641582;0.016636140987988515;0.018010291595197254
3591.0;0.03602099518427701;0.014871578273617738;0.016676298192025096
3592.5;0.03602089217265885;0.014859588539464565;0.01488644788002137
3594.0;0.03146276182817855;0.0352022745725361;0.018470790378006873
3595.5;0.030560396743154417;0.018026004728132386;0.026060070671378093
3597.0;0.016528953065402124;0.01597712748065927;0.026060070671378093
3598.5;0.014827034685184563;0.01597712748065927;0.018354055654233276
