#auto generated file!
6.0;0.022541325763900482;0.022541325763900482;0.022541325763900482
7.5;0.022541325763900482;0.022541325763900482;0.022541325763900482
9.0;0.022541325763900482;0.022541325763900482;0.022541325763900482
10.5;0.022541325763900482;0.022541325763900482;0.022541325763900482
12.0;0.022541325763900482;0.0173841059602649;0.022541325763900482
13.5;0.022541325763900482;0.0173841059602649;0.022541325763900482
15.0;0.022541325763900482;0.01567656765676568;0.03602058319039451
16.5;0.018470790378006873;0.03212468193384224;0.01652892561983471
18.0;0.01824212271973466;0.01567656765676568;0.027531083481349913
19.5;0.0173841059602649;0.01567656765676568;0.033276450511945395
21.0;0.02352661596958175;0.017924528301886795;0.01824212271973466
22.5;0.014827018121911038;0.014827018121911038;0.01824212271973466
24.0;0.031462585034013606;0.015731292517006803;0.03878406708595388
25.5;0.03512773722627738;0.023834019204389576;0.01567656765676568
27.0;0.03669724770642202;0.0351027397260274;0.029702970297029705
28.5;0.014827018121911038;0.01652892561983471;0.03722426470588235
30.0;0.01824212271973466;0.025522755227552277;0.039888682745825604
31.5;0.01824212271973466;0.01652892561983471;0.02460456942003515
33.0;0.0285204991087344;0.036941580756013746;0.02460456942003515
34.5;0.03469827586206897;0.036941580756013746;0.0175513698630137
36.0;0.024122807017543862;0.01824212271973466;0.01824212271973466
37.5;0.0175513698630137;0.018086080586080584;0.01567656765676568
39.0;0.01567656765676568;0.01824212271973466;0.014827018121911038
40.5;0.038817005545286505;0.0161839863713799;0.023765996343692867
42.0;0.027032520325203254;0.031462585034013606;0.01652892561983471
43.5;0.03617216117216117;0.027531083481349913;0.01824212271973466
45.0;0.01652892561983471;0.03602058319039451;0.03357531760435572
46.5;0.03722426470588235;0.022405660377358493;0.05416666666666667
48.0;0.0175513698630137;0.03250478011472275;0.01824212271973466
49.5;0.01824212271973466;0.022128060263653486;0.024816176470588234
51.0;0.03250478011472275;0.040013227513227514;0.017094017094017096
52.5;0.0175513698630137;0.040424121935056324;0.025088028169014082
54.0;0.01567656765676568;0.01567656765676568;0.01567656765676568
55.5;0.0173841059602649;0.027531083481349913;0.036941580756013746
57.0;0.014827018121911038;0.02802491103202847;0.033276450511945395
58.5;0.018010291595197254;0.03326226012793177;0.016638225255972697
60.0;0.017373380447585393;0.03512773722627738;0.025088028169014082
61.5;0.0378657487091222;0.024122807017543862;0.02460456942003515
63.0;0.03326226012793177;0.025522755227552277;0.01652892561983471
64.5;0.01567656765676568;0.036941580756013746;0.0173841059602649
66.0;0.031462585034013606;0.026060070671378093;0.017094017094017096
67.5;0.016403046280023436;0.031462585034013606;0.017094017094017096
69.0;0.0173841059602649;0.024093511450381678;0.022128060263653486
70.5;0.01652892561983471;0.03020833333333333;0.019408502772643253
72.0;0.018354055654233276;0.01567656765676568;0.029397233201581028
73.5;0.0351027397260274;0.024723374827109266;0.01567656765676568
75.0;0.02460456942003515;0.030993042378241617;0.030009920634920632
76.5;0.0285204991087344;0.037753222836095765;0.0173841059602649
78.0;0.029135338345864664;0.01904761904761905;0.014827018121911038
79.5;0.0173841059602649;0.026060070671378093;0.017094017094017096
81.0;0.033276450511945395;0.01567656765676568;0.01824212271973466
82.5;0.031462585034013606;0.03646288209606987;0.02475049900199601
84.0;0.01567656765676568;0.031462585034013606;0.023418491484184917
85.5;0.02623456790123457;0.030938123752495012;0.023765996343692867
87.0;0.018010291595197254;0.02400793650793651;0.0173841059602649
88.5;0.027531083481349913;0.01652892561983471;0.023244781783681213
90.0;0.017094017094017096;0.03669724770642202;0.029135338345864664
91.5;0.0173841059602649;0.034408602150537634;0.016638225255972697
93.0;0.026060070671378093;0.025573192239858905;0.03617216117216117
94.5;0.017373380447585393;0.016403046280023436;0.02860082304526749
96.0;0.017373380447585393;0.025573192239858905;0.030318091451292245
97.5;0.014827018121911038;0.036941580756013746;0.02351778656126482
99.0;0.02460456942003515;0.023418491484184917;0.02516881522406384
100.5;0.03542094455852156;0.01824212271973466;0.01652892561983471
102.0;0.03379065040650407;0.0285204991087344;0.027531083481349913
103.5;0.017094017094017096;0.036415289256198344;0.02802491103202847
105.0;0.024464831804281346;0.0173841059602649;0.036165577342047936
106.5;0.023418491484184917;0.0285204991087344;0.023274161735700197
108.0;0.02460456942003515;0.0378657487091222;0.0323679727427598
109.5;0.0285204991087344;0.02460456942003515;0.0173841059602649
111.0;0.01950286806883365;0.017373380447585393;0.035751028806584366
112.5;0.03476482617586912;0.01672535211267606;0.02703900709219858
114.0;0.024114774114774116;0.02516881522406384;0.018612132352941176
115.5;0.02623456790123457;0.018354055654233276;0.014827018121911038
117.0;0.0173841059602649;0.0161839863713799;0.0170487948265726
118.5;0.03418803418803419;0.019731800766283527;0.0189328743545611
120.0;0.031462585034013606;0.01567656765676568;0.02703900709219858
121.5;0.018683274021352312;0.027777777777777776;0.02587800369685767
123.0;0.026060070671378093;0.026518218623481783;0.024378585086042064
124.5;0.03669724770642202;0.0161839863713799;0.017699115044247787
126.0;0.025522755227552277;0.026774847870182555;0.0285204991087344
127.5;0.02400793650793651;0.017094017094017096;0.02848722986247544
129.0;0.036941580756013746;0.0285204991087344;0.025522755227552277
130.5;0.0173841059602649;0.025573192239858905;0.017699115044247787
132.0;0.018470790378006873;0.018612132352941176;0.02317655078391275
133.5;0.01652892561983471;0.03125;0.029937629937629936
135.0;0.01567656765676568;0.03136882129277567;0.03418803418803419
136.5;0.01824212271973466;0.0173841059602649;0.025502008032128515
138.0;0.025088028169014082;0.0161839863713799;0.024816176470588234
139.5;0.021851503759398497;0.0378657487091222;0.02915766738660907
141.0;0.022727272727272728;0.030938123752495012;0.02909270216962525
142.5;0.01824212271973466;0.03828413284132841;0.0170487948265726
144.0;0.022405660377358493;0.029874213836477988;0.026548672566371685
145.5;0.018354055654233276;0.03136882129277567;0.0378657487091222
147.0;0.017094017094017096;0.02867383512544803;0.030032467532467532
148.5;0.01567656765676568;0.0351027397260274;0.01824212271973466
150.0;0.018354055654233276;0.018470790378006873;0.03250478011472275
151.5;0.017094017094017096;0.014827018121911038;0.02703900709219858
153.0;0.014827018121911038;0.023031496062992124;0.031746031746031744
154.5;0.01824212271973466;0.01824212271973466;0.024816176470588234
156.0;0.03250478011472275;0.0175513698630137;0.017094017094017096
157.5;0.0351027397260274;0.0378657487091222;0.025621118012422364
159.0;0.014827018121911038;0.018010291595197254;0.02980239714933592
160.5;0.01824212271973466;0.0323679727427598;0.023031496062992124
162.0;0.0173841059602649;0.031746031746031744;0.022727272727272728
163.5;0.0173841059602649;0.01824212271973466;0.029516994633273706
165.0;0.0173841059602649;0.0175513698630137;0.029397233201581028
166.5;0.0161839863713799;0.03418803418803419;0.04083665338645418
168.0;0.01824212271973466;0.0351027397260274;0.015280135823429542
169.5;0.033276450511945395;0.0351027397260274;0.03511762700306853
171.0;0.0378657487091222;0.026548672566371685;0.029397233201581028
172.5;0.01567656765676568;0.026548672566371685;0.03528138528138528
174.0;0.01567656765676568;0.030318091451292245;0.023418491484184917
175.5;0.03418803418803419;0.029135338345864664;0.02400793650793651
177.0;0.03418803418803419;0.024464831804281346;0.024054982817869414
178.5;0.031462585034013606;0.03498920086393088;0.02623456790123457
180.0;0.03418803418803419;0.0351027397260274;0.03602058319039451
181.5;0.01824212271973466;0.039450670467059655;0.03880070546737213
183.0;0.026060070671378093;0.03512773722627738;0.015401061220619232
184.5;0.038041387799061466;0.03608247422680412;0.029702970297029705
186.0;0.02238354506957048;0.01835078161749423;0.02752293577981652
187.5;0.015095605501509561;0.01589114201095965;0.032886334610472544
189.0;0.03316662279547249;0.018612132352941176;0.02568279495355608
190.5;0.029504080351537978;0.02676362545917985;0.02404400209533787
192.0;0.03331214913674399;0.02268431001890359;0.02909270216962525
193.5;0.01672693391308206;0.029853167842946376;0.028296616422472855
195.0;0.017534382187836362;0.023031496062992124;0.018026004728132386
196.5;0.017754480892796753;0.04602803738317757;0.023765996343692867
198.0;0.028770882091840855;0.01862097440132122;0.020212060967528162
199.5;0.015245106155354892;0.019071369196057474;0.024170224486985265
201.0;0.031578947368421054;0.03615052757419824;0.01733025239957341
202.5;0.029664014146772767;0.019082371238858645;0.03528138528138528
204.0;0.02597132725816906;0.017934291168491913;0.017697567180791858
205.5;0.016371008616320324;0.03902213310711807;0.015731292517006803
207.0;0.03494103235414214;0.035751028806584366;0.02691045475855602
208.5;0.018010291595197254;0.019041938815588494;0.025589681465117937
210.0;0.025088028169014082;0.023809523809523808;0.018315964390695254
211.5;0.018197573656845753;0.023765996343692867;0.038817005545286505
213.0;0.018574581463896272;0.026994163424124515;0.043390105433901045
214.5;0.019139945314441957;0.028865979381443297;0.04162288661763301
216.0;0.016785765670711238;0.017089125102207687;0.02669539153240914
217.5;0.017121863302370723;0.018086080586080584;0.030938123752495012
219.0;0.017215791035915702;0.030393971443680588;0.015154962909024714
220.5;0.016903583394228514;0.03515625;0.03669724770642202
222.0;0.016638225255972697;0.035924265072247136;0.024816176470588234
223.5;0.016863406408094434;0.020625415834996677;0.02772277227722772
225.0;0.015809071886378992;0.028392800254858234;0.03212468193384224
226.5;0.01836806645203033;0.027718550106609806;0.030993042378241617
228.0;0.0161839863713799;0.016230056718488595;0.024366025053467768
229.5;0.017754480892796753;0.03326935380678182;0.01645021645021645
231.0;0.030245746691871456;0.017699115044247787;0.03250478011472275
232.5;0.01749271137026239;0.027315467795016455;0.02722345405272235
234.0;0.031746031746031744;0.016646663466154583;0.01756386861313869
235.5;0.017094017094017096;0.01615499129715923;0.02495201535508637
237.0;0.017754480892796753;0.029647930821494754;0.024093511450381678
238.5;0.03564899451553931;0.02703900709219858;0.023274161735700197
240.0;0.016745540589734254;0.0170487948265726;0.023809523809523808
241.5;0.03919631093544137;0.028186274509803922;0.03048016701461378
243.0;0.03326935380678182;0.024816176470588234;0.02555383822771767
244.5;0.03357531760435572;0.02835538752362949;0.04393732970027248
246.0;0.02460456942003515;0.024816176470588234;0.030178326474622767
247.5;0.01733025239957341;0.023465703971119134;0.02844359220198146
249.0;0.032391183752993546;0.04280766190896834;0.039843176002634845
250.5;0.02684356680037026;0.030318091451292245;0.023643726030934818
252.0;0.029017857142857144;0.029702970297029705;0.03446601941747573
253.5;0.03750966744006187;0.017596390484003282;0.03528138528138528
255.0;0.01942319011183049;0.015597920277296359;0.037674278645223845
256.5;0.015731292517006803;0.024464831804281346;0.028536485935589072
258.0;0.018323203432248837;0.018143754361479414;0.041305916305916304
259.5;0.017773776536674248;0.029891304347826088;0.03084665115991121
261.0;0.015095605501509561;0.017830478700043915;0.03957382039573821
262.5;0.01904761904761905;0.03156312625250501;0.023834019204389576
264.0;0.026027041081643266;0.028892455858747997;0.032793150894358664
265.5;0.01617627154453831;0.028907032272972352;0.024166411746711535
267.0;0.01726263871763255;0.022742701968771217;0.01931965646019277
268.5;0.017699115044247787;0.031369929560359486;0.03188721940370521
270.0;0.017699115044247787;0.02404809619238477;0.03986719221618552
271.5;0.015225395561747438;0.033676975945017174;0.026615969581749045
273.0;0.015225395561747438;0.039473684210526314;0.04536058796508957
274.5;0.01771809624494277;0.02966804979253112;0.034642032332563515
276.0;0.024114774114774116;0.03186376932720435;0.018532478954642544
277.5;0.03846568257730848;0.024673683425123227;0.03139525707031997
279.0;0.02703900709219858;0.03436018957345971;0.029445894981143025
280.5;0.0161839863713799;0.02826539720321333;0.03443769762431094
282.0;0.01865038996269922;0.028073770491803277;0.03436018957345971
283.5;0.016638225255972697;0.015136118568480843;0.017581495840828798
285.0;0.015095605501509561;0.039888682745825604;0.033934707903780066
286.5;0.015095605501509561;0.018650281503095598;0.02975702975702976
288.0;0.016863406408094434;0.01733025239957341;0.04481456043956043
289.5;0.01850632726208763;0.030670103092783507;0.04044287304215641
291.0;0.015809071886378992;0.018801252913527286;0.028373410935824777
292.5;0.035572080214829514;0.019139945314441957;0.03586851434096037
294.0;0.035572080214829514;0.015414729630535846;0.029891304347826088
295.5;0.015743018124095107;0.018086080586080584;0.024878184228440396
297.0;0.015743018124095107;0.024860068855585237;0.02649719127868228
298.5;0.03165717058169511;0.029310623836880004;0.02590139112330841
300.0;0.01741601350785099;0.037938033550235804;0.023394808743169397
301.5;0.01741601350785099;0.017094017094017096;0.024605410579673886
303.0;0.01741601350785099;0.02538726916052222;0.028073770491803277
304.5;0.03519913210701956;0.017165078982274207;0.04087859508000625
306.0;0.014836509492270044;0.017699115044247787;0.01780160609014529
307.5;0.017393838281482624;0.01597712748065927;0.022098515519568148
309.0;0.01825012709422827;0.035572080214829514;0.024054982817869414
310.5;0.025573192239858905;0.01608187134502924;0.027094891907403863
312.0;0.017094017094017096;0.03966822935448972;0.022742701968771217
313.5;0.026592455163883737;0.0170487948265726;0.025173611111111115
315.0;0.038817005545286505;0.01702553830746119;0.04258404746209625
316.5;0.017094017094017096;0.031723651744800845;0.025657700266036067
318.0;0.015095605501509561;0.01726263871763255;0.027982562094770017
319.5;0.015095605501509561;0.0161839863713799;0.041901692183722805
321.0;0.016745540589734254;0.032886334610472544;0.03411405295315682
322.5;0.027531083481349913;0.03571428571428571;0.03123600298602965
324.0;0.016863406408094434;0.03571428571428571;0.041797611565053426
325.5;0.016863406408094434;0.038385826771653545;0.029118404118404117
327.0;0.015871286409530037;0.01594765689784196;0.01845342706502636
328.5;0.035572080214829514;0.031027742835050626;0.019274809160305342
330.0;0.01488644788002137;0.025956284153005466;0.018487434139972954
331.5;0.038655160014383315;0.015280135823429542;0.026868437306979614
333.0;0.038655160014383315;0.023765996343692867;0.041533546325878586
334.5;0.038655160014383315;0.01702553830746119;0.02567720090293454
336.0;0.03130908265900325;0.03257387725662403;0.02492269425843595
337.5;0.01842179442537598;0.0321878706485571;0.04384384384384385
339.0;0.015095605501509561;0.03512773722627738;0.029659195578753458
340.5;0.015001087035292413;0.016863406408094434;0.028892455858747997
342.0;0.01842179442537598;0.03061868686868687;0.03782726171620236
343.5;0.0285204991087344;0.0161839863713799;0.03689567430025445
345.0;0.01597712748065927;0.01597712748065927;0.018595825426944972
346.5;0.037753222836095765;0.035774141714325206;0.026143790849673203
348.0;0.01597712748065927;0.014910112661872163;0.028743942162548664
349.5;0.03768591312195207;0.030634573304157545;0.03110117319084679
351.0;0.03768591312195207;0.01856510364258402;0.02400793650793651
352.5;0.03768591312195207;0.03816879838668543;0.02491097709075191
354.0;0.035572080214829514;0.024122807017543862;0.0203794687117572
355.5;0.01830736743700201;0.032697066101095795;0.025490088708794215
357.0;0.01830736743700201;0.017094017094017096;0.017478371433321645
358.5;0.016568094782873223;0.018470790378006873;0.01882395123700251
360.0;0.016568094782873223;0.031746031746031744;0.017052848087982204
361.5;0.01741601350785099;0.015225395561747438;0.019139945314441957
363.0;0.01597712748065927;0.015280135823429542;0.01678424862821045
364.5;0.016745540589734254;0.01865038996269922;0.025889130359791648
366.0;0.01597712748065927;0.017094017094017096;0.02375875723423698
367.5;0.017754480892796753;0.0188212927756654;0.02114561027837259
369.0;0.017623877982923447;0.026332288401253914;0.02441200850208616
370.5;0.015095605501509561;0.017785732995721646;0.01733025239957341
372.0;0.01597712748065927;0.02911275415896488;0.03266518188567186
373.5;0.015769487034319674;0.02495201535508637;0.017596390484003282
375.0;0.0170487948265726;0.01713180436584692;0.038288288288288286
376.5;0.03466050479914682;0.016335052812576762;0.018195147960543855
378.0;0.017547197908565945;0.03357531760435572;0.03176742395071236
379.5;0.01865038996269922;0.026548672566371685;0.02933466305741558
381.0;0.017623877982923447;0.023418491484184917;0.03585120402539835
382.5;0.017623877982923447;0.0189328743545611;0.03783043797639832
384.0;0.018197573656845753;0.02703900709219858;0.03800664634241998
385.5;0.0325497287522604;0.017674869549113806;0.03409090909090909
387.0;0.026548672566371685;0.033919849621743214;0.019209659714599342
388.5;0.037753222836095765;0.038655160014383315;0.0409426675165923
390.0;0.037753222836095765;0.01862097440132122;0.01557667754291389
391.5;0.015280135823429542;0.03885214774056634;0.03780687397708675
393.0;0.026060070671378093;0.03619011160662082;0.022742701968771217
394.5;0.026060070671378093;0.016640468506778184;0.03225834193326453
396.0;0.026060070671378093;0.035650623885918005;0.02648666369341192
397.5;0.026060070671378093;0.03902213310711807;0.02860082304526749
399.0;0.017754480892796753;0.0189328743545611;0.016208681800079647
400.5;0.03902213310711807;0.03835236436358944;0.019801980198019802
402.0;0.01836806645203033;0.036646406864497674;0.02582939690212018
403.5;0.018332165356039182;0.023418491484184917;0.02158717105263158
405.0;0.014870091759449306;0.02460456942003515;0.03585120402539835
406.5;0.01485852872552252;0.025439127801332527;0.026612077789150458
408.0;0.016557768507871926;0.016081348496769426;0.02928690730258885
409.5;0.016557768507871926;0.014929429479221547;0.025870096593876728
411.0;0.0189328743545611;0.01865038996269922;0.03040145249142626
412.5;0.016863406408094434;0.038041387799061466;0.02542372881355932
414.0;0.017094017094017096;0.024122807017543862;0.03400537634408602
415.5;0.016745540589734254;0.016863406408094434;0.027317936211925593
417.0;0.016745540589734254;0.01654091700522345;0.035775127768313465
418.5;0.018332165356039182;0.016081348496769426;0.03240740740740741
420.0;0.015280135823429542;0.025088028169014082;0.02996064283371597
421.5;0.01597712748065927;0.04195042222827568;0.02918144208037825
423.0;0.035127911416571206;0.016863406408094434;0.0308584813160475
424.5;0.01842179442537598;0.017094017094017096;0.03070013517334836
426.0;0.018332165356039182;0.026548672566371685;0.019536126938006493
427.5;0.016638225255972697;0.018470790378006873;0.030211363195656392
429.0;0.01783664661861255;0.01842179442537598;0.025022599138853865
430.5;0.01645021645021645;0.038817005545286505;0.030818131564400223
432.0;0.01645021645021645;0.017623877982923447;0.033988610459198695
433.5;0.01858759764068229;0.025088028169014082;0.04245389791053564
435.0;0.017591391819424484;0.024816176470588234;0.04273927392739274
436.5;0.01865038996269922;0.0189328743545611;0.0492998942062356
438.0;0.015871286409530037;0.015731292517006803;0.02975702975702976
439.5;0.02802491103202847;0.016638225255972697;0.04017857142857143
441.0;0.0175513698630137;0.015871286409530037;0.02795584045584046
442.5;0.0161839863713799;0.016676298192025096;0.019192913385826772
444.0;0.018026004728132386;0.017754480892796753;0.03370786516853933
445.5;0.016863406408094434;0.018086080586080584;0.04155124653739613
447.0;0.016863406408094434;0.02710937611104;0.07424349049964811
448.5;0.015809071886378992;0.016863406408094434;0.02071865164716319
450.0;0.014870091759449306;0.016638225255972697;0.03467195890730796
451.5;0.0189328743545611;0.027531083481349913;0.024989373924794556
453.0;0.03800513149454778;0.026060070671378093;0.024693080357142856
454.5;0.018683274021352312;0.01865038996269922;0.03311170212765957
456.0;0.01726263871763255;0.04195042222827568;0.03436018957345971
457.5;0.018010291595197254;0.015907416444202047;0.02855860868316671
459.0;0.01865038996269922;0.015907416444202047;0.03169583245484573
460.5;0.015871286409530037;0.03189715606585953;0.02912445730824891
462.0;0.016863406408094434;0.014895060311512434;0.02900155335955316
463.5;0.016863406408094434;0.016863406408094434;0.03793293018141836
465.0;0.015095605501509561;0.015809071886378992;0.02799872733057588
466.5;0.017094017094017096;0.026060070671378093;0.03397147147147147
468.0;0.015809071886378992;0.016863406408094434;0.02542372881355932
469.5;0.014910112661872163;0.04208416833667335;0.03153955808980755
471.0;0.02802491103202847;0.015095605501509561;0.018391927083333332
472.5;0.026060070671378093;0.032697066101095795;0.03546944858420268
474.0;0.015809071886378992;0.01842179442537598;0.024499654934437544
475.5;0.03357531760435572;0.034633078205669056;0.05277652596264584
477.0;0.02516881522406384;0.017443347491498312;0.031175059952038366
478.5;0.02703900709219858;0.017443347491498312;0.02351778656126482
480.0;0.03764790247400502;0.0306944381170478;0.03585049580472921
481.5;0.017754480892796753;0.024816176470588234;0.03564698492462312
483.0;0.015095605501509561;0.03669724770642202;0.030913062141756938
484.5;0.035774141714325206;0.03669724770642202;0.02966804979253112
486.0;0.015280135823429542;0.03416622228993677;0.026044915782907054
487.5;0.01672535211267606;0.025573192239858905;0.026027671947062365
489.0;0.024924471299093656;0.025573192239858905;0.05246409219919152
490.5;0.017603269400950756;0.01865038996269922;0.024948024948024946
492.0;0.014936197678611653;0.03935185185185185;0.019877181641887523
493.5;0.032632369133812726;0.02752293577981652;0.027909904868494685
495.0;0.018470790378006873;0.03966822935448972;0.029281673238470772
496.5;0.016638225255972697;0.032886334610472544;0.0396083385975995
498.0;0.03966822935448972;0.03764790247400502;0.040842926888071854
499.5;0.016863406408094434;0.017623877982923447;0.03324808184143222
501.0;0.03219315895372234;0.017547197908565945;0.01638985451268186
502.5;0.0293705204113431;0.025573192239858905;0.03865760407816483
504.0;0.018010291595197254;0.017547197908565945;0.033445440956651716
505.5;0.018010291595197254;0.036514961411379304;0.030938123752495012
507.0;0.017754480892796753;0.035650623885918005;0.02433487565066512
508.5;0.01865038996269922;0.016676298192025096;0.035924265072247136
510.0;0.026060070671378093;0.018010291595197254;0.0350922131147541
511.5;0.03966822935448972;0.038041387799061466;0.0391281512605042
513.0;0.039603960396039604;0.03293798595973293;0.030318091451292245
514.5;0.039603960396039604;0.033697931493502586;0.01765664614270192
516.0;0.03466050479914682;0.016638225255972697;0.02682763246143528
517.5;0.016638225255972697;0.017015706806282723;0.025439127801332527
519.0;0.016638225255972697;0.01612259159428971;0.02854859440398115
520.5;0.016863406408094434;0.015095605501509561;0.037753222836095765
522.0;0.016676298192025096;0.01850632726208763;0.01597712748065927
523.5;0.03825578292372061;0.03106789479980177;0.029167406355405646
525.0;0.03828413284132841;0.016638225255972697;0.0188212927756654
526.5;0.025522755227552277;0.03706545928938685;0.017699115044247787
528.0;0.025522755227552277;0.015769487034319674;0.025066940124195296
529.5;0.03764790247400502;0.0285204991087344;0.030993042378241617
531.0;0.03706545928938685;0.0161839863713799;0.034026465028355386
532.5;0.017754480892796753;0.015280135823429542;0.024816176470588234
534.0;0.01850632726208763;0.016863406408094434;0.025435922030762906
535.5;0.030813820600779404;0.024816176470588234;0.0177109440267335
537.0;0.018010291595197254;0.018470790378006873;0.02569922389808171
538.5;0.02495201535508637;0.017094017094017096;0.022054418372441337
540.0;0.03699819520998976;0.0175513698630137;0.032629183332672104
541.5;0.03699819520998976;0.029516994633273706;0.03219315895372234
543.0;0.0161839863713799;0.015095605501509561;0.029397233201581028
544.5;0.01597712748065927;0.016676298192025096;0.022405660377358493
546.0;0.015001087035292413;0.01672535211267606;0.02680277530833921
547.5;0.036646406864497674;0.015280135823429542;0.020212060967528162
549.0;0.01597712748065927;0.015280135823429542;0.03344924656400066
550.5;0.02460456942003515;0.015809071886378992;0.01872322010239384
552.0;0.036646406864497674;0.027531083481349913;0.023802031965239473
553.5;0.029516994633273706;0.016745540589734254;0.01726263871763255
555.0;0.015095605501509561;0.02460456942003515;0.026887871853546914
556.5;0.01842179442537598;0.02460456942003515;0.0409705648369133
558.0;0.01842179442537598;0.025088028169014082;0.028186274509803922
559.5;0.018332165356039182;0.015001087035292413;0.017004588798125428
561.0;0.018277260861902424;0.03482458408757866;0.02238354506957048
562.5;0.018470790378006873;0.0161839863713799;0.029132231404958676
564.0;0.017373380447585393;0.01850632726208763;0.01810699588477366
565.5;0.018010291595197254;0.03293798595973293;0.026567927600139738
567.0;0.028186274509803922;0.01488644788002137;0.026839699159416013
568.5;0.01675356994726551;0.01488644788002137;0.03219315895372234
570.0;0.035259159797595516;0.015280135823429542;0.01713180436584692
571.5;0.015001087035292413;0.016676298192025096;0.015517241379310345
573.0;0.01608187134502924;0.03841245791927793;0.026644110805667157
574.5;0.015069294547215105;0.032573955124637066;0.033205619412515965
576.0;0.033676001417936904;0.017094017094017096;0.017222129645059158
577.5;0.016676298192025096;0.015597920277296359;0.0319262493934983
579.0;0.017094017094017096;0.025522755227552277;0.040739411342426424
580.5;0.01983411467724486;0.0340398201669878;0.023274161735700197
582.0;0.016842592473546844;0.037483266398929044;0.027070647685437925
583.5;0.03617216117216117;0.01672535211267606;0.017121863302370723
585.0;0.032886334610472544;0.034328834095015415;0.03774334525228447
586.5;0.0230722525804493;0.016863406408094434;0.039781739737326315
588.0;0.025605214152700187;0.019263204616067467;0.03020833333333333
589.5;0.03884306150151405;0.01807884005437245;0.026998169615619284
591.0;0.029516994633273706;0.018060985144644253;0.022727272727272728
592.5;0.03372140883165756;0.015112409009898865;0.03837209302325581
594.0;0.017094017094017096;0.016335052812576762;0.037149234693877556
595.5;0.03669724770642202;0.022549019607843137;0.019740020601453037
597.0;0.03409090909090909;0.018610372994783977;0.030843579030864765
598.5;0.02909270216962525;0.017173344791778566;0.025173611111111115
600.0;0.01874107841782935;0.01599497414027666;0.024276859504132234
601.5;0.016700702455922763;0.03772052839525019;0.03336865326825201
603.0;0.015001087035292413;0.016863406408094434;0.03411405295315682
604.5;0.026548672566371685;0.015731292517006803;0.025102556665147303
606.0;0.015001087035292413;0.0175513698630137;0.018143754361479414
607.5;0.026060070671378093;0.01756386861313869;0.024378585086042064
609.0;0.01597712748065927;0.023809523809523808;0.03764822597528395
610.5;0.016745540589734254;0.017825311942959002;0.023274161735700197
612.0;0.024378585086042064;0.017065665405680087;0.019747513758810467
613.5;0.016293098349991132;0.01726263871763255;0.023031496062992124
615.0;0.017814806907942786;0.0189328743545611;0.0170487948265726
616.5;0.015024970979036621;0.023765996343692867;0.024941894247530506
618.0;0.01496006376714652;0.01784040701566475;0.02592112237383379
619.5;0.027531083481349913;0.01929824561403509;0.018012117242508598
621.0;0.03466050479914682;0.017699115044247787;0.028343023255813952
622.5;0.026548672566371685;0.01865038996269922;0.027336479460115037
624.0;0.0367279087083759;0.01850632726208763;0.02495201535508637
625.5;0.02802491103202847;0.02352661596958175;0.0161839863713799
627.0;0.03416622228993677;0.01723920181864107;0.027312228429546864
628.5;0.03282828282828283;0.018020513790726903;0.018792559974975337
630.0;0.03282828282828283;0.025573192239858905;0.024254473161033796
631.5;0.035645871911116796;0.035650623885918005;0.018086080586080584
633.0;0.034891161379767985;0.02352661596958175;0.02891522988505747
634.5;0.01865038996269922;0.01810699588477366;0.01834862385321101
636.0;0.035650623885918005;0.02352661596958175;0.01749271137026239
637.5;0.018010291595197254;0.026515370252738157;0.029664014146772767
639.0;0.01865038996269922;0.02652913122481493;0.03530661003451022
640.5;0.029702970297029705;0.024821544155372625;0.017824497257769654
642.0;0.02623456790123457;0.030993042378241617;0.027551020408163263
643.5;0.016638225255972697;0.03326935380678182;0.027872774611216667
645.0;0.01834061135371179;0.037199376389705316;0.024093511450381678
646.5;0.016838000708968452;0.025088028169014082;0.01874107841782935
648.0;0.02495154857489206;0.015871286409530037;0.03156776445591137
649.5;0.015005425219293338;0.026979111813235035;0.015898024165091146
651.0;0.017754480892796753;0.029937629937629936;0.025529865125240848
652.5;0.036646406864497674;0.01727990000781189;0.030938123752495012
654.0;0.017094017094017096;0.038791481794794094;0.03726309026662384
655.5;0.018470790378006873;0.025573192239858905;0.018026004728132386
657.0;0.028186274509803922;0.03730517848164907;0.017934291168491913
658.5;0.01904761904761905;0.016493979277513303;0.01865038996269922
660.0;0.03296124419917221;0.017334636689475397;0.02460456942003515
661.5;0.017373380447585393;0.017094017094017096;0.024114774114774116
663.0;0.01865038996269922;0.03061868686868687;0.030627490039840638
664.5;0.018595825426944972;0.018354055654233276;0.03750966744006187
666.0;0.024501992031872512;0.024114774114774116;0.017373380447585393
667.5;0.018014359856939253;0.02724539646749342;0.023765996343692867
669.0;0.017094017094017096;0.01873087294175672;0.018610244807272875
670.5;0.023765996343692867;0.03812966609800383;0.040424121935056324
672.0;0.01810699588477366;0.01768109774064065;0.016745540589734254
673.5;0.016913979694298784;0.018392662299057446;0.014910112661872163
675.0;0.018371212121212118;0.03706545928938685;0.03669724770642202
676.5;0.022405660377358493;0.017094017094017096;0.015871286409530037
678.0;0.016217853406024562;0.03768591312195207;0.039888682745825604
679.5;0.015008842899186362;0.03442728442728442;0.0285204991087344
681.0;0.0325497287522604;0.01865038996269922;0.016638225255972697
682.5;0.02475049900199601;0.016863406408094434;0.023418491484184917
684.0;0.015370218739033806;0.03669724770642202;0.023418491484184917
685.5;0.01904761904761905;0.027531083481349913;0.025088028169014082
687.0;0.015446744068652195;0.03966822935448972;0.03250478011472275
688.5;0.016794337244254824;0.015769487034319674;0.028050275904353158
690.0;0.02891543420553659;0.018470790378006873;0.031746031746031744
691.5;0.036282622533418206;0.017623877982923447;0.029664014146772767
693.0;0.018532729644693425;0.03250478011472275;0.037760416666666664
694.5;0.023418491484184917;0.02619146866750035;0.019179429534916397
696.0;0.01865038996269922;0.03936053558030819;0.025522755227552277
697.5;0.0425033467202142;0.0175884771057884;0.023809523809523808
699.0;0.02802491103202847;0.02802491103202847;0.026592455163883737
700.5;0.03864818325709216;0.0161839863713799;0.03911639512696316
702.0;0.033697931493502586;0.015871286409530037;0.0401377360722803
703.5;0.03160480961955194;0.0161839863713799;0.03306159420289855
705.0;0.02802491103202847;0.029816513761467895;0.026592455163883737
706.5;0.0367279087083759;0.017232945780185874;0.018010291595197254
708.0;0.024114774114774116;0.018354055654233276;0.03828413284132841
709.5;0.01606832657788072;0.016979552792060267;0.018470790378006873
711.0;0.027731151209959438;0.024378585086042064;0.01612259159428971
712.5;0.022727272727272728;0.0185554688027144;0.023765996343692867
714.0;0.015731292517006803;0.0161839863713799;0.023765996343692867
715.5;0.024816176470588234;0.015446744068652195;0.037753222836095765
717.0;0.026548672566371685;0.024816176470588234;0.018197573656845753
718.5;0.016638225255972697;0.016403046280023436;0.015898024165091146
720.0;0.0161839863713799;0.023809523809523808;0.016638225255972697
721.5;0.038655160014383315;0.03858564130142512;0.04411161263848995
723.0;0.031746031746031744;0.016530797101449276;0.016650623542749578
724.5;0.03609431217943811;0.017305765552418254;0.01779592331824472
726.0;0.01597712748065927;0.024816176470588234;0.018197573656845753
727.5;0.015871286409530037;0.018848906360245943;0.015831002263857863
729.0;0.037753222836095765;0.026344152244872826;0.0189328743545611
730.5;0.03482458408757866;0.017699115044247787;0.026548672566371685
732.0;0.0189328743545611;0.019877675840978597;0.025088028169014082
733.5;0.017934291168491913;0.017620235846214374;0.03357531760435572
735.0;0.015854570888502284;0.017824497257769654;0.0285204991087344
736.5;0.016624630520743856;0.015806516463475927;0.017547197908565945
738.0;0.035650623885918005;0.016893192636230753;0.01678424862821045
739.5;0.0175513698630137;0.022964015151515152;0.01672239597595953
741.0;0.03331214913674399;0.030185758513931894;0.03578401123031897
742.5;0.01594765689784196;0.023418491484184917;0.018526428743645473
744.0;0.0175513698630137;0.016638225255972697;0.01749271137026239
745.5;0.02802491103202847;0.029688211018531592;0.0161839863713799
747.0;0.016745540589734254;0.02683843521864879;0.018010291595197254
748.5;0.02268431001890359;0.018543046357615892;0.03966822935448972
750.0;0.016335052812576762;0.029841671553347122;0.0175513698630137
751.5;0.016025963289428118;0.03085485307212823;0.017015706806282723
753.0;0.01597712748065927;0.0189140997341924;0.01608187134502924
754.5;0.017754480892796753;0.025522755227552277;0.026998169615619284
756.0;0.023244781783681213;0.04172335600907029;0.018792559974975337
757.5;0.03004578405188859;0.017878422428924522;0.033972841057362396
759.0;0.025308072742903268;0.015924975301469167;0.02619047619047619
760.5;0.02587800369685767;0.025754527162977867;0.01779592331824472
762.0;0.038041387799061466;0.02284162378502001;0.017971946230274694
763.5;0.01660281557997176;0.03483830323393532;0.0189328743545611
765.0;0.02878937007874016;0.023765996343692867;0.03365384615384615
766.5;0.02878937007874016;0.015225395561747438;0.03061868686868687
768.0;0.040080752375793983;0.02833675564681725;0.02569922389808171
769.5;0.015731292517006803;0.028076718167288225;0.023765996343692867
771.0;0.026548672566371685;0.028238764233964125;0.024276859504132234
772.5;0.03357531760435572;0.02623456790123457;0.04195042222827568
774.0;0.016745540589734254;0.02752293577981652;0.029397233201581028
775.5;0.036514961411379304;0.01749271137026239;0.017256925767414787
777.0;0.01830736743700201;0.034088854059919224;0.018900762181744215
778.5;0.03326935380678182;0.03088450292397661;0.019141127055425266
780.0;0.016429426632965278;0.02848722986247544;0.027551020408163263
781.5;0.0161839863713799;0.022964015151515152;0.025511508951406647
783.0;0.016745540589734254;0.03198693626626963;0.01974401170891381
784.5;0.017373380447585393;0.035886636735919804;0.0175513698630137
786.0;0.02516881522406384;0.017825311942959002;0.01845342706502636
787.5;0.04057719431485299;0.017580992631420062;0.01597712748065927
789.0;0.017094017094017096;0.03771270494952571;0.023765996343692867
790.5;0.0175513698630137;0.030245746691871456;0.029647930821494754
792.0;0.017754480892796753;0.0189328743545611;0.02494777243356168
793.5;0.01842179442537598;0.017373380447585393;0.01672535211267606
795.0;0.017015706806282723;0.017737506864360243;0.018086080586080584
796.5;0.0161839863713799;0.015354517600011507;0.024941894247530506
798.0;0.0161839863713799;0.0189328743545611;0.01975889285328144
799.5;0.016638225255972697;0.02878937007874016;0.017387071342021578
801.0;0.03764790247400502;0.023244781783681213;0.02909270216962525
802.5;0.01597712748065927;0.015992751525289242;0.024895701686439183
804.0;0.015871286409530037;0.0170487948265726;0.01756386861313869
805.5;0.024114774114774116;0.03564899451553931;0.01726263871763255
807.0;0.027531083481349913;0.030868167202572346;0.016638225255972697
808.5;0.016638225255972697;0.02891522988505747;0.024378585086042064
810.0;0.01865038996269922;0.02682763246143528;0.018026004728132386
811.5;0.01865038996269922;0.01834862385321101;0.024254473161033796
813.0;0.01850632726208763;0.03364485981308411;0.025956759510685466
814.5;0.03825578292372061;0.01592920353982301;0.01810699588477366
816.0;0.03825578292372061;0.022964015151515152;0.025605214152700187
817.5;0.015724726735506497;0.023274161735700197;0.018197573656845753
819.0;0.015724726735506497;0.028016473549167337;0.026859962301807296
820.5;0.01485852872552252;0.02231237322515213;0.01830799798684772
822.0;0.038017461422104666;0.03340328482977506;0.018026004728132386
823.5;0.03241323970006249;0.01730418943533698;0.030938123752495012
825.0;0.01749271137026239;0.023189222175280477;0.0266837899543379
826.5;0.01589496047739557;0.04018032144257153;0.017824497257769654
828.0;0.023909327847425776;0.017699115044247787;0.03474528104340543
829.5;0.027292559844072337;0.01726263871763255;0.017699115044247787
831.0;0.03020833333333333;0.02457757296466974;0.017302798982188294
832.5;0.032168968318440294;0.02878937007874016;0.027783691718117943
834.0;0.0161839863713799;0.028094517811778852;0.024276859504132234
835.5;0.015001087035292413;0.018848906360245943;0.01834862385321101
837.0;0.018354055654233276;0.043010752688172046;0.018012117242508598
838.5;0.018354055654233276;0.02675933970460469;0.017045454545454544
840.0;0.016081348496769426;0.01717650438029585;0.016404391880884894
841.5;0.025522755227552277;0.01749271137026239;0.024723374827109266
843.0;0.026512304323670712;0.021359223300970873;0.0287199124726477
844.5;0.01757773554106423;0.02495201535508637;0.016405926644823363
846.0;0.02703900709219858;0.028233920953070916;0.019139945314441957
847.5;0.018010291595197254;0.01871657754010695;0.01814552172099398
849.0;0.01749271137026239;0.025102875673580417;0.02909270216962525
850.5;0.024464831804281346;0.024464831804281346;0.018185821224130337
852.0;0.02911275415896488;0.025088028169014082;0.02352661596958175
853.5;0.015225395561747438;0.034611469290804206;0.029397233201581028
855.0;0.0175513698630137;0.01743279701332843;0.035362194599228465
856.5;0.019142066420664204;0.027251477863330476;0.023866343613762702
858.0;0.016082834605318546;0.01904761904761905;0.030552941850814547
859.5;0.018010291595197254;0.017699115044247787;0.027811860940695293
861.0;0.017094017094017096;0.017883272962794156;0.02976566614007372
862.5;0.015095605501509561;0.033205619412515965;0.030137981118373278
864.0;0.017094017094017096;0.024507489072129997;0.04642448875904993
865.5;0.024464831804281346;0.01537736404878336;0.026839699159416013
867.0;0.0230722525804493;0.017094017094017096;0.029891304347826088
868.5;0.01756386861313869;0.0153103221203973;0.03212468193384224
870.0;0.016664843504300385;0.033676001417936904;0.01672535211267606
871.5;0.015006885229596255;0.027531083481349913;0.022742701968771217
873.0;0.018683274021352312;0.029118404118404117;0.018595825426944972
874.5;0.018026004728132386;0.018591897307640156;0.03505775102889764
876.0;0.031723651744800845;0.03418224088362188;0.01727229046646056
877.5;0.0170487948265726;0.030318091451292245;0.024122807017543862
879.0;0.017094017094017096;0.024574669187145556;0.026475958612294584
880.5;0.017460979111666896;0.02516881522406384;0.023031496062992124
882.0;0.017941008334886186;0.04337284482758621;0.018902169101372285
883.5;0.01498752181209934;0.017679771605305417;0.01756386861313869
885.0;0.0161839863713799;0.024816176470588234;0.0161839863713799
886.5;0.02516881522406384;0.026507713884992984;0.03370786516853933
888.0;0.035650623885918005;0.027153428141981732;0.03528550767568698
889.5;0.030245746691871456;0.016638225255972697;0.024195145266464102
891.0;0.017015706806282723;0.025487565782684966;0.039620046895286504
892.5;0.017847922818538867;0.017166334458772324;0.03783272309460588
894.0;0.01612259159428971;0.0170487948265726;0.0249922863313792
895.5;0.016638225255972697;0.019527766042341455;0.016387125188094105
897.0;0.03966822935448972;0.017620235846214374;0.022964015151515152
898.5;0.03320921042632419;0.018683274021352312;0.017215791035915702
900.0;0.01597712748065927;0.0161839863713799;0.01862097440132122
901.5;0.03841245791927793;0.022128060263653486;0.03847800109370042
903.0;0.03764790247400502;0.03004578405188859;0.025
904.5;0.015095605501509561;0.037483266398929044;0.02252710027100271
906.0;0.01654091700522345;0.02734495764545848;0.029702970297029705
907.5;0.027526172426241342;0.02752293577981652;0.023812996469847858
909.0;0.040819094114456195;0.016217853406024562;0.01862097440132122
910.5;0.015898024165091146;0.017573444950798104;0.019944341372912802
912.0;0.026548672566371685;0.024816176470588234;0.03061615001913509
913.5;0.016745540589734254;0.02268431001890359;0.02375875723423698
915.0;0.02703900709219858;0.039450670467059655;0.02891522988505747
916.5;0.016638225255972697;0.027531083481349913;0.019731800766283527
918.0;0.016638225255972697;0.033676001417936904;0.025216257850456218
919.5;0.01597712748065927;0.04377104377104378;0.030993042378241617
921.0;0.03106789479980177;0.03699819520998976;0.03617216117216117
922.5;0.03460837887067396;0.017373380447585393;0.026699029126213594
924.0;0.015001087035292413;0.029504080351537978;0.0358827348793904
925.5;0.015095605501509561;0.015095605501509561;0.023032397870015358
927.0;0.014945495799148322;0.029516994633273706;0.022549019607843137
928.5;0.03746174588351344;0.031435154707044104;0.025
930.0;0.03746174588351344;0.017971946230274694;0.028865979381443297
931.5;0.015743018124095107;0.03250478011472275;0.02891522988505747
933.0;0.0175513698630137;0.03365384615384615;0.025621118012422364
934.5;0.035650623885918005;0.04334677419354839;0.022405660377358493
936.0;0.01836806645203033;0.01757469244288225;0.018130085072447438
937.5;0.01836806645203033;0.03412151208126887;0.020788912579957356
939.0;0.01836806645203033;0.03136882129277567;0.02754551861604383
940.5;0.03669724770642202;0.02495201535508637;0.028020281654151043
942.0;0.036646406864497674;0.032873432680059544;0.025798271371244946
943.5;0.03416622228993677;0.01747700394218134;0.018163597644995613
945.0;0.03416622228993677;0.035885989010989015;0.029401154401154404
946.5;0.03864818325709216;0.017094017094017096;0.023809523809523808
948.0;0.01663225731761437;0.016988416988416986;0.03443877551020408
949.5;0.029516994633273706;0.024114774114774116;0.03442928039702233
951.0;0.036646406864497674;0.018612132352941176;0.03136940680266428
952.5;0.018010291595197254;0.03481624758220503;0.018026004728132386
954.0;0.016863406408094434;0.024664750957854403;0.017089125102207687
955.5;0.018612132352941176;0.016785765670711238;0.022959183673469385
957.0;0.016335052812576762;0.031152703202802817;0.025820463320463317
958.5;0.026344152244872826;0.03858520900321543;0.03969754253308129
960.0;0.026344152244872826;0.017883272962794156;0.01730418943533698
961.5;0.026344152244872826;0.025573192239858905;0.03961682682819451
963.0;0.01967799642218247;0.016638225255972697;0.024254473161033796
964.5;0.01597712748065927;0.03535245814226298;0.03624851849541513
966.0;0.03482458408757866;0.0170487948265726;0.0371785987657241
967.5;0.025573192239858905;0.022727272727272728;0.02587152391547504
969.0;0.01865038996269922;0.02673063742289239;0.03187751004016064
970.5;0.040427509293680296;0.01639225298737321;0.02562506993741795
972.0;0.017754480892796753;0.03476946334089191;0.02623456790123457
973.5;0.01850632726208763;0.018026004728132386;0.03335140997830802
975.0;0.01850632726208763;0.02516881522406384;0.028865979381443297
976.5;0.01597712748065927;0.02802491103202847;0.028433476394849784
978.0;0.01597712748065927;0.032886334610472544;0.0386416861826698
979.5;0.01597712748065927;0.03357531760435572;0.01730418943533698
981.0;0.03416622228993677;0.014945495799148322;0.02400793650793651
982.5;0.0367279087083759;0.014870091759449306;0.03564899451553931
984.0;0.0367279087083759;0.01485852872552252;0.03585049580472921
985.5;0.0367279087083759;0.018323203432248837;0.03049415576900822
987.0;0.0367279087083759;0.037938033550235804;0.03503787878787879
988.5;0.018332165356039182;0.02857883504316299;0.017260787992495308
990.0;0.018332165356039182;0.02857883504316299;0.04666666666666666
991.5;0.017443347491498312;0.030185758513931894;0.01544910828831108
993.0;0.0363872644574399;0.017603269400950756;0.01749271137026239
994.5;0.040968342644320296;0.038655160014383315;0.034176751008434175
996.0;0.035650623885918005;0.017623877982923447;0.03979511426319937
997.5;0.035650623885918005;0.033697931493502586;0.026322031533417053
999.0;0.035650623885918005;0.016638225255972697;0.01695577289782863
1000.5;0.018010291595197254;0.03466050479914682;0.03140421713772992
1002.0;0.015001087035292413;0.017215791035915702;0.026407273699692473
1003.5;0.015769487034319674;0.02623456790123457;0.025989604158336663
1005.0;0.015769487034319674;0.018026004728132386;0.03040145249142626
1006.5;0.015769487034319674;0.017094017094017096;0.01810699588477366
1008.0;0.015743018124095107;0.018010291595197254;0.028938906752411574
1009.5;0.015095605501509561;0.0230722525804493;0.027286356821589204
1011.0;0.015095605501509561;0.037753222836095765;0.023779957216924694
1012.5;0.017623877982923447;0.024378585086042064;0.046782762691853594
1014.0;0.01663225731761437;0.016785765670711238;0.03125040266028357
1015.5;0.017754480892796753;0.02587800369685767;0.03174338999381197
1017.0;0.01850632726208763;0.022727272727272728;0.029573367808661925
1018.5;0.01850632726208763;0.0189328743545611;0.02767652220872148
1020.0;0.01850632726208763;0.015871286409530037;0.01741884402216944
1021.5;0.014945495799148322;0.016638225255972697;0.028073770491803277
1023.0;0.014945495799148322;0.017094017094017096;0.017824497257769654
1024.5;0.015769487034319674;0.017971946230274694;0.039757853403141356
1026.0;0.01660281557997176;0.018582093618876354;0.02988629504559618
1027.5;0.017427438387099873;0.017754480892796753;0.03463203463203463
1029.0;0.017427438387099873;0.024114774114774116;0.02586771447282253
1030.5;0.017427438387099873;0.02623456790123457;0.018876611418047883
1032.0;0.017427438387099873;0.019179429534916397;0.030032467532467532
1033.5;0.014844188506303903;0.030938123752495012;0.02744054071287381
1035.0;0.03607665186997895;0.018532729644693425;0.024101632149225075
1036.5;0.016638225255972697;0.01658516707416463;0.03695150115473441
1038.0;0.024816176470588234;0.017373380447585393;0.032796154933559515
1039.5;0.033676001417936904;0.01882395123700251;0.02631578947368421
1041.0;0.01850632726208763;0.01609637517087528;0.030137981118373278
1042.5;0.01850632726208763;0.02604331748547279;0.02475049900199601
1044.0;0.01850632726208763;0.037753222836095765;0.030171509100176904
1045.5;0.01850632726208763;0.017094017094017096;0.028433476394849784
1047.0;0.01850632726208763;0.03764790247400502;0.04917862341443128
1048.5;0.017094017094017096;0.03364485981308411;0.033982664323078074
1050.0;0.01597712748065927;0.040968342644320296;0.015787586932103338
1051.5;0.03966822935448972;0.032697066101095795;0.016339869281045753
1053.0;0.016745540589734254;0.036646406864497674;0.05772900763358778
1054.5;0.016676298192025096;0.0161839863713799;0.03503787878787879
1056.0;0.03825578292372061;0.03674948240165632;0.032880462333975465
1057.5;0.01485852872552252;0.01861305152546421;0.03513772417475423
1059.0;0.026548672566371685;0.04304029304029303;0.038955498157652424
1060.5;0.015280135823429542;0.015663069961712496;0.018056769526912562
1062.0;0.0175513698630137;0.027531083481349913;0.03569632981397687
1063.5;0.025573192239858905;0.015001087035292413;0.028170181015876934
1065.0;0.032697066101095795;0.03828413284132841;0.03235500089782726
1066.5;0.015001087035292413;0.040819094114456195;0.03193462385533789
1068.0;0.017094017094017096;0.030897849630813257;0.04567541302235179
1069.5;0.031723651744800845;0.030963302752293576;0.019459271659139004
1071.0;0.03136882129277567;0.03542094455852156;0.03267195767195767
1072.5;0.03948705750059468;0.029947085119970806;0.04218289085545723
1074.0;0.03504613167863534;0.032886334610472544;0.017699115044247787
1075.5;0.03837180204775938;0.01597712748065927;0.025877684809799014
1077.0;0.016565477533764368;0.038655160014383315;0.028453854053704673
1078.5;0.016565477533764368;0.016863406408094434;0.019626168224299065
1080.0;0.016638225255972697;0.018197573656845753;0.028508231860263605
1081.5;0.01865038996269922;0.015280135823429542;0.028186274509803922
1083.0;0.01865038996269922;0.03383297644539615;0.038028169014084505
1084.5;0.026060070671378093;0.03803739070873121;0.03870946780167653
1086.0;0.0175513698630137;0.017719410536388473;0.027565186437661298
1087.5;0.017754480892796753;0.038373308062874624;0.02867981790591806
1089.0;0.016745540589734254;0.026548672566371685;0.041566746602717815
1090.5;0.016676298192025096;0.038817005545286505;0.016303293489128654
1092.0;0.016676298192025096;0.03268701306308945;0.019138359569179784
1093.5;0.0161839863713799;0.03710087802443593;0.02939958592132505
1095.0;0.016676298192025096;0.03770862335582249;0.019142066420664204
1096.5;0.01865038996269922;0.03466050479914682;0.04308815858111633
1098.0;0.018848906360245943;0.033676001417936904;0.02633649743549873
1099.5;0.03966822935448972;0.03320921042632419;0.0503048780487805
1101.0;0.016745540589734254;0.02802491103202847;0.04245829077289752
1102.5;0.016676298192025096;0.0161839863713799;0.022959183673469385
1104.0;0.038655160014383315;0.0285204991087344;0.017699115044247787
1105.5;0.0170487948265726;0.01865038996269922;0.0391281512605042
1107.0;0.026548672566371685;0.018010291595197254;0.02835538752362949
1108.5;0.03609431217943811;0.03306159420289855;0.016913946587537095
1110.0;0.03293798595973293;0.01865038996269922;0.03202079097778971
1111.5;0.01612259159428971;0.016676298192025096;0.02795584045584046
1113.0;0.01612259159428971;0.016676298192025096;0.032924107142857144
1114.5;0.038817005545286505;0.03409090909090909;0.025544943563496778
1116.0;0.018470790378006873;0.033879208022981784;0.025
1117.5;0.03902213310711807;0.03564899451553931;0.03689567430025445
1119.0;0.022727272727272728;0.01842179442537598;0.024723374827109266
1120.5;0.01845342706502636;0.01836806645203033;0.03423626787057938
1122.0;0.0285204991087344;0.02802491103202847;0.030433040441913053
1123.5;0.03706545928938685;0.027531083481349913;0.02742747187685021
1125.0;0.015095605501509561;0.023418491484184917;0.01916116737278125
1126.5;0.015809071886378992;0.0285204991087344;0.031183368869936036
1128.0;0.019139945314441957;0.0325497287522604;0.033547008547008546
1129.5;0.019139945314441957;0.015095605501509561;0.029768828147717363
1131.0;0.015033359741139864;0.015095605501509561;0.02623456790123457
1132.5;0.0175513698630137;0.017498443680569787;0.03173842524329107
1134.0;0.015095605501509561;0.01597712748065927;0.0160458973159824
1135.5;0.01874107841782935;0.015001087035292413;0.028865979381443297
1137.0;0.016745540589734254;0.015001087035292413;0.024816176470588234
1138.5;0.036646406864497674;0.016638225255972697;0.0340398201669878
1140.0;0.027531083481349913;0.016638225255972697;0.027250706499798143
1141.5;0.02703900709219858;0.038041387799061466;0.03550200446752171
1143.0;0.0170487948265726;0.0161839863713799;0.04054054054054054
1144.5;0.025088028169014082;0.015095605501509561;0.0176170149769301
1146.0;0.024412296564195298;0.03902213310711807;0.02475049900199601
1147.5;0.016081348496769426;0.03902213310711807;0.030032467532467532
1149.0;0.0175513698630137;0.0340398201669878;0.019234402595802357
1150.5;0.01865038996269922;0.03669724770642202;0.035924265072247136
1152.0;0.029017857142857144;0.033676001417936904;0.02691045475855602
1153.5;0.02460456942003515;0.033676001417936904;0.027032520325203254
1155.0;0.03902213310711807;0.033676001417936904;0.019626168224299065
1156.5;0.017498443680569787;0.023642732049036778;0.023244781783681213
1158.0;0.017465858520325457;0.03609431217943811;0.025571383700090534
1159.5;0.018277260861902424;0.0175513698630137;0.0324628575168532
1161.0;0.018277260861902424;0.02802491103202847;0.03048016701461378
1162.5;0.018277260861902424;0.016863406408094434;0.03883590828719673
1164.0;0.03072625698324023;0.015809071886378992;0.029401154401154404
1165.5;0.016863406408094434;0.017498443680569787;0.03038573508005822
1167.0;0.01842179442537598;0.017498443680569787;0.017045454545454544
1168.5;0.03764790247400502;0.015280135823429542;0.020006613756613757
1170.0;0.03416622228993677;0.0175513698630137;0.027731879399696836
1171.5;0.015731292517006803;0.016745540589734254;0.01713492814266263
1173.0;0.015095605501509561;0.01836806645203033;0.03250478011472275
1174.5;0.02802491103202847;0.0161839863713799;0.01780160609014529
1176.0;0.01865038996269922;0.018010291595197254;0.01772899957788096
1177.5;0.0170487948265726;0.016745540589734254;0.021961953435547986
1179.0;0.0170487948265726;0.01850632726208763;0.026401230348598766
1180.5;0.015871286409530037;0.01850632726208763;0.028661326950525062
1182.0;0.028590496529631602;0.017754480892796753;0.01576182136602452
1183.5;0.01692953591285601;0.015280135823429542;0.029397233201581028
1185.0;0.025573192239858905;0.015280135823429542;0.022742701968771217
1186.5;0.030185758513931894;0.016863406408094434;0.017071195363316544
1188.0;0.015280135823429542;0.018595825426944972;0.024054982817869414
1189.5;0.026548672566371685;0.01810699588477366;0.027557808045612926
1191.0;0.03669724770642202;0.024775827883164153;0.03406003048697286
1192.5;0.03669724770642202;0.024775827883164153;0.01834862385321101
1194.0;0.03466050479914682;0.015125554237353003;0.026173020527859234
1195.5;0.017623877982923447;0.03329028979257249;0.02231237322515213
1197.0;0.01597712748065927;0.018026004728132386;0.023274161735700197
1198.5;0.0175513698630137;0.018026004728132386;0.02625226941278014
1200.0;0.03966822935448972;0.0161839863713799;0.01756386861313869
1201.5;0.03460837887067396;0.015095605501509561;0.018612132352941176
1203.0;0.032256841786066255;0.018026004728132386;0.02351778656126482
1204.5;0.02460456942003515;0.037753222836095765;0.020212060967528162
1206.0;0.017754480892796753;0.016863406408094434;0.030318091451292245
1207.5;0.01850632726208763;0.017094017094017096;0.01834862385321101
1209.0;0.01850632726208763;0.038655160014383315;0.027305369863646338
1210.5;0.018010291595197254;0.03864818325709216;0.02549198831138255
1212.0;0.018010291595197254;0.015001087035292413;0.02617712051674316
1213.5;0.03466050479914682;0.015095605501509561;0.019768396846254928
1215.0;0.016745540589734254;0.03902213310711807;0.03575047040092633
1216.5;0.017623877982923447;0.03864818325709216;0.04333455747337495
1218.0;0.015769487034319674;0.018470790378006873;0.029487697509729283
1219.5;0.016582472972657695;0.015001087035292413;0.018876611418047883
1221.0;0.016638225255972697;0.036646406864497674;0.01811216999012306
1222.5;0.015871286409530037;0.015871286409530037;0.024664750957854403
1224.0;0.016676298192025096;0.015871286409530037;0.03318419090231171
1225.5;0.037312715311890364;0.0285204991087344;0.024878184228440396
1227.0;0.028050275904353158;0.039888682745825604;0.018876611418047883
1228.5;0.027215631542219124;0.017754480892796753;0.03200712947858136
1230.0;0.01769257756716558;0.018026004728132386;0.01756386861313869
1231.5;0.03699819520998976;0.0325497287522604;0.032135306553911204
1233.0;0.024464831804281346;0.035127911416571206;0.034214002642007926
1234.5;0.01850632726208763;0.016638225255972697;0.025393013799506935
1236.0;0.017699115044247787;0.018197573656845753;0.027246992215145083
1237.5;0.028050275904353158;0.03764822597528395;0.018876611418047883
1239.0;0.04057719431485299;0.03329626063595693;0.028433476394849784
1240.5;0.032994121736931926;0.014891255136580623;0.01562557718591851
1242.0;0.03918416153983354;0.033676001417936904;0.0196525928743502
1243.5;0.032697066101095795;0.018470790378006873;0.032151143520053035
1245.0;0.03357531760435572;0.035127911416571206;0.025069607796073163
1246.5;0.03535245814226298;0.035127911416571206;0.02974451031143024
1248.0;0.0369744210049458;0.0170487948265726;0.02494575091541966
1249.5;0.015280135823429542;0.015095605501509561;0.01999107541276216
1251.0;0.038580931263858094;0.016745540589734254;0.027291242362525458
1252.5;0.01709768189736031;0.025573192239858905;0.01788591374083602
1254.0;0.017893106119287374;0.01672535211267606;0.01730418943533698
1255.5;0.018876611418047883;0.040968342644320296;0.024464831804281346
1257.0;0.02939958592132505;0.03669724770642202;0.030257320319432124
1258.5;0.023244781783681213;0.01597712748065927;0.018991486574983625
1260.0;0.015225395561747438;0.017547197908565945;0.03731645980368297
1261.5;0.027531083481349913;0.03637335441877961;0.03528138528138528
1263.0;0.015001087035292413;0.03357531760435572;0.04652568878888917
1264.5;0.01675203627508607;0.032256841786066255;0.018751508517034016
1266.0;0.018017942087714626;0.017754480892796753;0.035869565217391305
1267.5;0.03038573508005822;0.016252279131443725;0.03992395437262357
1269.0;0.01749271137026239;0.017460979111666896;0.03340328482977506
1270.5;0.0161839863713799;0.023765996343692867;0.03911639512696316
1272.0;0.018026004728132386;0.015280135823429542;0.02670240913521794
1273.5;0.0161839863713799;0.023418491484184917;0.0370850622406639
1275.0;0.03828413284132841;0.015871286409530037;0.01619224007193569
1276.5;0.015597920277296359;0.017094017094017096;0.037753222836095765
1278.0;0.01942319011183049;0.018026004728132386;0.031746031746031744
1279.5;0.038437604906126924;0.016043635035830027;0.02460456942003515
1281.0;0.0230722525804493;0.028580208973570994;0.015095605501509561
1282.5;0.024464831804281346;0.018143754361479414;0.025573192239858905
1284.0;0.03669724770642202;0.017620235846214374;0.03442728442728442
1285.5;0.03416622228993677;0.016808306987266874;0.01865038996269922
1287.0;0.018010291595197254;0.037422037422037424;0.01814552172099398
1288.5;0.027886497064579255;0.033972841057362396;0.033547008547008546
1290.0;0.018026004728132386;0.039888682745825604;0.03231480404698221
1291.5;0.03595442659693687;0.025522755227552277;0.017721699511733777
1293.0;0.03898090308493281;0.03125;0.04160206718346253
1294.5;0.018010291595197254;0.03884306150151405;0.036358113751993326
1296.0;0.015095605501509561;0.018803418803418803;0.03722751450112363
1297.5;0.015731292517006803;0.015225395561747438;0.02909270216962525
1299.0;0.028076718167288225;0.015095605501509561;0.039450670467059655
1300.5;0.01678154888258163;0.017754480892796753;0.03874575147653832
1302.0;0.037483266398929044;0.01842179442537598;0.017094017094017096
1303.5;0.02587800369685767;0.017971946230274694;0.023765996343692867
1305.0;0.018010291595197254;0.038817005545286505;0.03412017167381975
1306.5;0.023809523809523808;0.01865038996269922;0.015168071117696084
1308.0;0.016917819729987117;0.025522755227552277;0.03935185185185185
1309.5;0.027531083481349913;0.01594765689784196;0.01597712748065927
1311.0;0.02752293577981652;0.01749000201260901;0.04024144869215292
1312.5;0.02568279495355608;0.015154962909024714;0.0354589081363394
1314.0;0.017094017094017096;0.017094017094017096;0.030245746691871456
1315.5;0.033676001417936904;0.026548672566371685;0.03564899451553931
1317.0;0.017934291168491913;0.039888682745825604;0.03503787878787879
1318.5;0.0189328743545611;0.0175513698630137;0.03282828282828283
1320.0;0.016638225255972697;0.03542094455852156;0.040080752375793983
1321.5;0.015095605501509561;0.02587800369685767;0.015831002263857863
1323.0;0.027531083481349913;0.026113457095052188;0.023765996343692867
1324.5;0.026592455163883737;0.025522755227552277;0.02460456942003515
1326.0;0.01594765689784196;0.01726263871763255;0.025573192239858905
1327.5;0.02729044834307992;0.04000324569944823;0.03758169934640523
1329.0;0.017679771605305417;0.029516994633273706;0.018937169700528483
1330.5;0.02752293577981652;0.02587800369685767;0.015926980240613186
1332.0;0.01771809624494277;0.036646406864497674;0.02860082304526749
1333.5;0.02703900709219858;0.030627490039840638;0.016779784268573506
1335.0;0.016638225255972697;0.026148673888681355;0.019139945314441957
1336.5;0.015280135823429542;0.03340665010250771;0.015139193690331638
1338.0;0.015871286409530037;0.033163073139084495;0.015095605501509561
1339.5;0.014910112661872163;0.03326935380678182;0.027531083481349913
1341.0;0.031723651744800845;0.032697066101095795;0.033676001417936904
1342.5;0.01865038996269922;0.03564899451553931;0.015095605501509561
1344.0;0.01672535211267606;0.03136882129277567;0.02966804979253112
1345.5;0.02802491103202847;0.015280135823429542;0.03739302172481896
1347.0;0.016638225255972697;0.017623877982923447;0.01502249751102595
1348.5;0.01597712748065927;0.030627490039840638;0.01654091700522345
1350.0;0.018147448015122872;0.02734495764545848;0.01848360454802751
1351.5;0.0167163622810287;0.03136882129277567;0.04024144869215292
1353.0;0.03583215922480488;0.037422037422037424;0.01713180436584692
1354.5;0.03357531760435572;0.029874213836477988;0.027078133222983365
1356.0;0.015809071886378992;0.023418491484184917;0.018026004728132386
1357.5;0.018010291595197254;0.024723374827109266;0.017971946230274694
1359.0;0.032697066101095795;0.015414729630535846;0.017603269400950756
1360.5;0.023765996343692867;0.031152703202802817;0.03541391593395026
1362.0;0.031746031746031744;0.031152703202802817;0.017094017094017096
1363.5;0.036646406864497674;0.03357531760435572;0.0175513698630137
1365.0;0.024464831804281346;0.025573192239858905;0.01597712748065927
1366.5;0.01597712748065927;0.025573192239858905;0.018010291595197254
1368.0;0.016835957338750634;0.016745540589734254;0.025088028169014082
1369.5;0.024093511450381678;0.014945495799148322;0.02703900709219858
1371.0;0.03792018942157062;0.0285204991087344;0.016638225255972697
1372.5;0.01597712748065927;0.015095605501509561;0.017547197908565945
1374.0;0.03326935380678182;0.0170487948265726;0.017373380447585393
1375.5;0.025088028169014082;0.015280135823429542;0.02703900709219858
1377.0;0.026060070671378093;0.02703900709219858;0.025573192239858905
1378.5;0.016335052812576762;0.01874107841782935;0.024114774114774116
1380.0;0.02676362545917985;0.018010291595197254;0.0189328743545611
1381.5;0.024816176470588234;0.015871286409530037;0.015001087035292413
1383.0;0.02819414703783012;0.025573192239858905;0.018470790378006873
1384.5;0.01905516897149065;0.036646406864497674;0.018470790378006873
1386.0;0.03250478011472275;0.015280135823429542;0.024464831804281346
1387.5;0.033445440956651716;0.03902213310711807;0.016897746967071057
1389.0;0.038580931263858094;0.019944341372912802;0.0170487948265726
1390.5;0.042554052491617526;0.024574669187145556;0.016863406408094434
1392.0;0.01522084866440853;0.019142066420664204;0.029874213836477988
1393.5;0.017699115044247787;0.02495201535508637;0.015871286409530037
1395.0;0.022964015151515152;0.02577961274606387;0.01834061135371179
1396.5;0.01756386861313869;0.03557838660578387;0.024464831804281346
1398.0;0.01672239597595953;0.02516881522406384;0.02670240913521794
1399.5;0.030993042378241617;0.04265021459227468;0.026774847870182555
1401.0;0.017825311942959002;0.03198693626626963;0.03494817138814556
1402.5;0.02659710853829313;0.023765996343692867;0.030318091451292245
1404.0;0.018871433747959736;0.018242207460398566;0.02268431001890359
1405.5;0.018197573656845753;0.02909270216962525;0.01862097440132122
1407.0;0.017971946230274694;0.028995539147823407;0.01617026581888095
1408.5;0.016081348496769426;0.024664750957854403;0.02703900709219858
1410.0;0.03564899451553931;0.023812996469847858;0.038655160014383315
1411.5;0.04195042222827568;0.03061868686868687;0.0175513698630137
1413.0;0.018848906360245943;0.024574669187145556;0.023642732049036778
1414.5;0.030185758513931894;0.026077596751308774;0.017754480892796753
1416.0;0.040392258510454464;0.023679167807281687;0.03072625698324023
1417.5;0.017754480892796753;0.025240384615384616;0.03198693626626963
1419.0;0.024816176470588234;0.030627490039840638;0.017373380447585393
1420.5;0.02669539153240914;0.01887912456608984;0.016583311397736247
1422.0;0.02802491103202847;0.01597712748065927;0.023857358111501754
1423.5;0.02670240913521794;0.016335052812576762;0.017583848104334564
1425.0;0.018354055654233276;0.02724539646749342;0.02752293577981652
1426.5;0.035650623885918005;0.01942319011183049;0.03961091054953871
1428.0;0.030009920634920632;0.01882395123700251;0.016371008616320324
1429.5;0.016937514305333027;0.032197266656213704;0.024114774114774116
1431.0;0.017368069472277887;0.02848722986247544;0.017094017094017096
1432.5;0.016713577195494413;0.017164417047507707;0.01747700394218134
1434.0;0.038655160014383315;0.032696390658174104;0.039484311898105
1435.5;0.0175513698630137;0.02627840909090909;0.02268431001890359
1437.0;0.024464831804281346;0.01741343087680333;0.024664750957854403
1438.5;0.02351778656126482;0.036590471405844434;0.03994986049896891
1440.0;0.027393124939137207;0.02352661596958175;0.028433476394849784
1441.5;0.017052402535619512;0.029397233201581028;0.023765996343692867
1443.0;0.032886334610472544;0.017679771605305417;0.03685386088066369
1444.5;0.015731292517006803;0.026322874598736667;0.04083665338645418
1446.0;0.03416622228993677;0.026077132126171788;0.029397233201581028
1447.5;0.025956284153005466;0.02670785823174056;0.02710937611104
1449.0;0.0170487948265726;0.03259270943318751;0.03709195563917189
1450.5;0.018197573656845753;0.023765996343692867;0.01879117923894043
1452.0;0.016403046280023436;0.017391304347826087;0.0161839863713799
1453.5;0.01834061135371179;0.019524316648917288;0.029074889867841413
1455.0;0.027032520325203254;0.017754480892796753;0.0162748643761302
1456.5;0.019427710843373493;0.04468816500245539;0.026107226107226107
1458.0;0.03335328146818272;0.024203298031819725;0.025410598078710874
1459.5;0.032388995555794255;0.037211615602436285;0.017320016028725495
1461.0;0.016838000708968452;0.024501992031872512;0.038100208768267224
1462.5;0.038984406237504994;0.02722345405272235;0.039046777597801015
1464.0;0.03896219553827201;0.01862097440132122;0.03638309256286784
1465.5;0.05021367521367521;0.01730418943533698;0.01645021645021645
1467.0;0.017287443030017287;0.02413793103448276;0.03125
1468.5;0.018848906360245943;0.024816176470588234;0.017824497257769654
1470.0;0.016638225255972697;0.018470790378006873;0.02351778656126482
1471.5;0.02317655078391275;0.025247524752475246;0.02414486921529175
1473.0;0.024093511450381678;0.017596390484003282;0.02691045475855602
1474.5;0.016403046280023436;0.0167163622810287;0.022727272727272728
1476.0;0.016937514305333027;0.020625415834996677;0.03991056456120738
1477.5;0.01766843911960692;0.026944412996716856;0.03445525191703979
1479.0;0.01766843911960692;0.01711023395280286;0.018086080586080584
1480.5;0.016700702455922763;0.03611382125804327;0.015287493145371624
1482.0;0.01845342706502636;0.018010291595197254;0.02724428139835995
1483.5;0.027531083481349913;0.04258970358814352;0.05363382250174703
1485.0;0.03130908265900325;0.036038700930547854;0.019009639379556686
1486.5;0.0325497287522604;0.01576182136602452;0.025101419878296144
1488.0;0.035869565217391305;0.030185758513931894;0.039504716981132074
1489.5;0.039385238979902044;0.018543046357615892;0.037760416666666664
1491.0;0.0230722525804493;0.03498920086393088;0.02833675564681725
1492.5;0.01612259159428971;0.03365384615384615;0.035073966367429515
1494.0;0.016664722618075594;0.018544683857294242;0.03430388457796445
1495.5;0.026548672566371685;0.03212468193384224;0.03050595238095238
1497.0;0.02587800369685767;0.019263204616067467;0.018336727460930027
1498.5;0.018086080586080584;0.019013666072489603;0.023031496062992124
1500.0;0.030993042378241617;0.025605214152700187;0.02284162378502001
1501.5;0.015414729630535846;0.029647930821494754;0.036016170525542075
1503.0;0.03598346705567712;0.027018175863762896;0.04766983918608467
1504.5;0.016785765670711238;0.032102601351568096;0.02691045475855602
1506.0;0.01865038996269922;0.03365384615384615;0.027587890625
1507.5;0.015871286409530037;0.03212468193384224;0.03730517848164907
1509.0;0.016676298192025096;0.031723651744800845;0.04154589371980676
1510.5;0.016676298192025096;0.02460456942003515;0.02705016264338298
1512.0;0.016676298192025096;0.028401997503121095;0.02964569775849602
1513.5;0.01660281557997176;0.03876043673731535;0.031578947368421054
1515.0;0.016582472972657695;0.03876043673731535;0.02679728933411903
1516.5;0.016582472972657695;0.03238269533831528;0.04307545367717287
1518.0;0.016568094782873223;0.02939958592132505;0.04370860927152319
1519.5;0.0161839863713799;0.02861568419189237;0.04030590462754998
1521.0;0.015871286409530037;0.0189328743545611;0.029397233201581028
1522.5;0.014945495799148322;0.016863406408094434;0.017222129645059158
1524.0;0.017465858520325457;0.01850632726208763;0.02495201535508637
1525.5;0.035650623885918005;0.015095605501509561;0.0328195714783049
1527.0;0.026548672566371685;0.025605214152700187;0.04151478331308222
1528.5;0.0285204991087344;0.018544683857294242;0.024647973594957
1530.0;0.015001087035292413;0.017934291168491913;0.029937629937629936
1531.5;0.01672535211267606;0.023137535816618916;0.016988416988416986
1533.0;0.02670240913521794;0.018918918918918916;0.016638225255972697
1534.5;0.03884900197063489;0.03172470872859235;0.0381613024974947
1536.0;0.03357531760435572;0.03331214913674399;0.036604505597711924
1537.5;0.0189328743545611;0.037720111214087124;0.04208416833667335
1539.0;0.018010291595197254;0.02891543420553659;0.027021031147395506
1540.5;0.024816176470588234;0.040968342644320296;0.029504080351537978
1542.0;0.029397233201581028;0.056973446764630065;0.015069294547215105
1543.5;0.017825311942959002;0.030318091451292245;0.019659185369908565
1545.0;0.0342028456767603;0.03140629596940276;0.033018091263193675
1546.5;0.017631881476637332;0.038542607648298706;0.017905294711942455
1548.0;0.01755211988168078;0.03506006580457572;0.017222129645059158
1549.5;0.018323203432248837;0.02516881522406384;0.018651957565410264
1551.0;0.017083111144968386;0.018371212121212118;0.027531083481349913
1552.5;0.018026004728132386;0.027444794952681383;0.02911275415896488
1554.0;0.015095605501509561;0.024254473161033796;0.018010291595197254
1555.5;0.015095605501509561;0.03219315895372234;0.024114774114774116
1557.0;0.017699115044247787;0.019521001722538754;0.04157782515991471
1558.5;0.015095605501509561;0.02867383512544803;0.03823975720789074
1560.0;0.018026004728132386;0.03712427610883592;0.018876611418047883
1561.5;0.017754480892796753;0.016944917291857816;0.03657236668067161
1563.0;0.015095605501509561;0.015597920277296359;0.03791858174655286
1564.5;0.016863406408094434;0.03858520900321543;0.0159809754693413
1566.0;0.017094017094017096;0.01726263871763255;0.03163676818245029
1567.5;0.016863406408094434;0.02516881522406384;0.02848722986247544
1569.0;0.02640503875968992;0.041176470588235294;0.041666666666666664
1570.5;0.02891543420553659;0.01611403703978439;0.01845342706502636
1572.0;0.016638225255972697;0.0175513698630137;0.030946750387344044
1573.5;0.01702553830746119;0.024122807017543862;0.031746031746031744
1575.0;0.03354534045223458;0.01897923971725942;0.024114774114774116
1576.5;0.03669724770642202;0.034328834095015415;0.018429899149693493
1578.0;0.03902213310711807;0.017094017094017096;0.038100208768267224
1579.5;0.03482458408757866;0.019142066420664204;0.028186274509803922
1581.0;0.03365384615384615;0.03825903825903826;0.02925930364954755
1582.5;0.03564899451553931;0.03528025144054479;0.024691358024691357
1584.0;0.03564899451553931;0.030627490039840638;0.018185821224130337
1585.5;0.015095605501509561;0.03825903825903826;0.023613963039014373
1587.0;0.026998169615619284;0.02375875723423698;0.023980678533394188
1588.5;0.034328834095015415;0.042073826829750326;0.03156312625250501
1590.0;0.03726309026662384;0.03895966437165531;0.03879026955950033
1591.5;0.024816176470588234;0.039888682745825604;0.017121863302370723
1593.0;0.015280135823429542;0.022309197651663407;0.033861185983827494
1594.5;0.022964015151515152;0.020006613756613757;0.024784482758620687
1596.0;0.023244781783681213;0.02352661596958175;0.03324142156862745
1597.5;0.01882395123700251;0.02351778656126482;0.02686464534859803
1599.0;0.03555772701980104;0.016547024742192912;0.025459715009920537
1600.5;0.015414729630535846;0.039754363283775046;0.04126794258373206
1602.0;0.03212468193384224;0.02495201535508637;0.02452743199631166
1603.5;0.019013666072489603;0.024093511450381678;0.03382801437751879
1605.0;0.01749271137026239;0.024378585086042064;0.01950286806883365
1606.5;0.017971946230274694;0.03557838660578387;0.02419329675327046
1608.0;0.024114774114774116;0.026639507947919163;0.02526120052554939
1609.5;0.016863406408094434;0.02860082304526749;0.02525050100200401
1611.0;0.016863406408094434;0.032026979294568825;0.035885989010989015
1612.5;0.0285204991087344;0.019274809160305342;0.019100077127930496
1614.0;0.01672535211267606;0.030554178645781697;0.033299697275479316
1615.5;0.017934291168491913;0.0161188293540755;0.030634573304157545
1617.0;0.017603269400950756;0.030257320319432124;0.017558729382238153
1618.5;0.025956284153005466;0.024093511450381678;0.01773018520143948
1620.0;0.018010291595197254;0.034176751008434175;0.017145951149079536
1621.5;0.0189328743545611;0.01882395123700251;0.03361344537815126
1623.0;0.01842179442537598;0.01654091700522345;0.03503787878787879
1624.5;0.03276661638370833;0.022405660377358493;0.027381500230096643
1626.0;0.015743018124095107;0.03423209093312186;0.029401154401154404
1627.5;0.0161839863713799;0.04636260836788542;0.03051521255168027
1629.0;0.03416622228993677;0.03923444976076555;0.024835433892590512
1630.5;0.017754480892796753;0.01856510364258402;0.026728495351566024
1632.0;0.017623877982923447;0.01884522917814952;0.024175182302234352
1633.5;0.017547197908565945;0.025605214152700187;0.03535241884971077
1635.0;0.01660281557997176;0.0161839863713799;0.0392156862745098
1636.5;0.025088028169014082;0.03323543808125306;0.01913318835603373
1638.0;0.03466050479914682;0.018761128291631523;0.027946323928809746
1639.5;0.015871286409530037;0.038817005545286505;0.03679229665599823
1641.0;0.03276661638370833;0.01606832657788072;0.023834019204389576
1642.5;0.03276661638370833;0.01672693391308206;0.044319679734413905
1644.0;0.03276661638370833;0.030627490039840638;0.03785322958904566
1645.5;0.017465858520325457;0.03340665010250771;0.018876611418047883
1647.0;0.0175513698630137;0.018470790378006873;0.030397289805974746
1648.5;0.0175513698630137;0.036646406864497674;0.020864725446277065
1650.0;0.0175513698630137;0.03020833333333333;0.020330932247625014
1651.5;0.031723651744800845;0.024540682414698162;0.01820427029961929
1653.0;0.033879208022981784;0.03136882129277567;0.027885964053886558
1654.5;0.033879208022981784;0.015280135823429542;0.01717983043284248
1656.0;0.017498443680569787;0.01842179442537598;0.030405405405405407
1657.5;0.017498443680569787;0.03326935380678182;0.0201261083047794
1659.0;0.017498443680569787;0.018470790378006873;0.02494777243356168
1660.5;0.01830736743700201;0.014945495799148322;0.0431600201918223
1662.0;0.0306944381170478;0.01830736743700201;0.019480808530441294
1663.5;0.0306944381170478;0.030938123752495012;0.028167983611354995
1665.0;0.019139945314441957;0.01678424862821045;0.04218289085545723
1666.5;0.02516881522406384;0.036739712157373254;0.01762604208019055
1668.0;0.02516881522406384;0.032886334610472544;0.034912718204488775
1669.5;0.031723651744800845;0.015280135823429542;0.03418935643564356
1671.0;0.017547197908565945;0.03879026955950033;0.01749271137026239
1672.5;0.017465858520325457;0.016638225255972697;0.025708972570897257
1674.0;0.017465858520325457;0.03828413284132841;0.019598155467720684
1675.5;0.016568094782873223;0.02802491103202847;0.0176759410801964
1677.0;0.016568094782873223;0.017754480892796753;0.025745257452574524
1678.5;0.01570251018973342;0.033676001417936904;0.029118404118404117
1680.0;0.015731292517006803;0.017547197908565945;0.02591372146519553
1681.5;0.016863406408094434;0.03746174588351344;0.037711896049585546
1683.0;0.03609431217943811;0.017465858520325457;0.017260787992495308
1684.5;0.03293798595973293;0.016863406408094434;0.023244781783681213
1686.0;0.025573192239858905;0.0170487948265726;0.017817216321967578
1687.5;0.017623877982923447;0.017094017094017096;0.03370465581262496
1689.0;0.017623877982923447;0.0161839863713799;0.02684944404008069
1690.5;0.03276661638370833;0.0153103221203973;0.02867383512544803
1692.0;0.01488644788002137;0.03674948240165632;0.018016244154565594
1693.5;0.03441791502515164;0.01783664661861255;0.022309197651663407
1695.0;0.03441791502515164;0.037810773869437264;0.03303198533156769
1696.5;0.03441791502515164;0.033676001417936904;0.034408602150537634
1698.0;0.038017461422104666;0.016676298192025096;0.016767730240467137
1699.5;0.038017461422104666;0.037753222836095765;0.016348533050547898
1701.0;0.03794901389545961;0.031723651744800845;0.018497117972856802
1702.5;0.016863406408094434;0.026060070671378093;0.03905540417801998
1704.0;0.038041387799061466;0.017754480892796753;0.02351778656126482
1705.5;0.016676298192025096;0.02675933970460469;0.026859962301807296
1707.0;0.025573192239858905;0.018832655731576244;0.01638527580800587
1708.5;0.0175513698630137;0.025529865125240848;0.030627490039840638
1710.0;0.01865038996269922;0.03433409463633528;0.019731800766283527
1711.5;0.015001087035292413;0.026592455163883737;0.031033527292878914
1713.0;0.03768591312195207;0.037753222836095765;0.02866752081998719
1714.5;0.016863406408094434;0.017971946230274694;0.024501992031872512
1716.0;0.026548672566371685;0.03669724770642202;0.030318091451292245
1717.5;0.016638225255972697;0.030185758513931894;0.03383297644539615
1719.0;0.01865038996269922;0.027531083481349913;0.03576536283795644
1720.5;0.01865038996269922;0.018026004728132386;0.020052693208430915
1722.0;0.03638309256286784;0.025439127801332527;0.030831920105521014
1723.5;0.01726263871763255;0.01702553830746119;0.029822732012513033
1725.0;0.016917819729987117;0.017015706806282723;0.0319262493934983
1726.5;0.033954159715433696;0.017094017094017096;0.018558172733761598
1728.0;0.029874213836477988;0.0189328743545611;0.021052631578947368
1729.5;0.016863406408094434;0.01865038996269922;0.017448154229763427
1731.0;0.03902213310711807;0.022964015151515152;0.027811860940695293
1732.5;0.0161839863713799;0.024254473161033796;0.04747774480712166
1734.0;0.01865038996269922;0.04271844660194175;0.029132231404958676
1735.5;0.03320921042632419;0.015040234653904788;0.022903063787041687
1737.0;0.032000890578704894;0.0378368934329889;0.03487592219986586
1738.5;0.03825578292372061;0.027531083481349913;0.03423626787057938
1740.0;0.03825578292372061;0.036415289256198344;0.01963546088343495
1741.5;0.03825578292372061;0.0153103221203973;0.024254473161033796
1743.0;0.03825578292372061;0.026148673888681355;0.03186778921110072
1744.5;0.01485852872552252;0.02516881522406384;0.02459736456808199
1746.0;0.016863406408094434;0.01597712748065927;0.02867383512544803
1747.5;0.014945495799148322;0.027531083481349913;0.01846545686087233
1749.0;0.01663225731761437;0.03982067510548524;0.035205901916913585
1750.5;0.015724726735506497;0.035813733041056936;0.027643983368325718
1752.0;0.015724726735506497;0.037112845707117974;0.03559602649006623
1753.5;0.026060070671378093;0.017094017094017096;0.04269527788327637
1755.0;0.016863406408094434;0.01865038996269922;0.038616190781734575
1756.5;0.015769487034319674;0.0189328743545611;0.025950388370734004
1758.0;0.015769487034319674;0.031746031746031744;0.02999177779490737
1759.5;0.015769487034319674;0.01702553830746119;0.024254473161033796
1761.0;0.02460456942003515;0.0161839863713799;0.07813313304571097
1762.5;0.01865038996269922;0.018354055654233276;0.027450980392156862
1764.0;0.02802491103202847;0.018683274021352312;0.033861185983827494
1765.5;0.026060070671378093;0.030627490039840638;0.018741633199464522
1767.0;0.0161839863713799;0.015992751525289242;0.04045828857858933
1768.5;0.016863406408094434;0.023418491484184917;0.03237744132380256
1770.0;0.027531083481349913;0.027531083481349913;0.03640441683919944
1771.5;0.027531083481349913;0.039473684210526314;0.02758531093019227
1773.0;0.038655160014383315;0.029017857142857144;0.04123976259159785
1774.5;0.015769487034319674;0.023762376237623763;0.028845756762337395
1776.0;0.01488644788002137;0.018176276971839572;0.0322050972096303
1777.5;0.016937514305333027;0.015903629364206962;0.03870884773662551
1779.0;0.016700702455922763;0.030009920634920632;0.02525537703403316
1780.5;0.017094017094017096;0.03331518780620577;0.04944758509066172
1782.0;0.026060070671378093;0.02640902786533855;0.04441087613293051
1783.5;0.031723651744800845;0.03528674239574713;0.030178326474622767
1785.0;0.017498443680569787;0.01879117923894043;0.029573367808661925
1786.5;0.03450566571561023;0.018010291595197254;0.03946100303408889
1788.0;0.014870091759449306;0.018026004728132386;0.03423180592991914
1789.5;0.01485852872552252;0.01597712748065927;0.025089762365946993
1791.0;0.0161839863713799;0.016745540589734254;0.04267689262741217
1792.5;0.0161839863713799;0.02619146866750035;0.04594489716724874
1794.0;0.015871286409530037;0.0175513698630137;0.029821531375935528
1795.5;0.015871286409530037;0.019142066420664204;0.026143790849673203
1797.0;0.01836806645203033;0.0175513698630137;0.036698712045870316
1798.5;0.01726263871763255;0.033676001417936904;0.03493034418169048
1800.0;0.015831002263857863;0.033676001417936904;0.030084831860205215
1801.5;0.017094017094017096;0.0175513698630137;0.03141043763729174
1803.0;0.017623877982923447;0.01850632726208763;0.027165165292715947
1804.5;0.03637335441877961;0.02802491103202847;0.019848771266540645
1806.0;0.018010291595197254;0.017754480892796753;0.02795584045584046
1807.5;0.017754480892796753;0.014910112661872163;0.0321883351674265
1809.0;0.01842179442537598;0.030813820600779404;0.025042904146125512
1810.5;0.016863406408094434;0.014870091759449306;0.04187717434987464
1812.0;0.02460456942003515;0.031723651744800845;0.027587890625
1813.5;0.033676001417936904;0.03902213310711807;0.023031496062992124
1815.0;0.016745540589734254;0.026060070671378093;0.02590139112330841
1816.5;0.016638225255972697;0.026060070671378093;0.026514314137283078
1818.0;0.018010291595197254;0.035650623885918005;0.018365285402238304
1819.5;0.03669724770642202;0.0161839863713799;0.02918050941306755
1821.0;0.03966822935448972;0.018354055654233276;0.04277244494635799
1822.5;0.024816176470588234;0.016638225255972697;0.03949086161879895
1824.0;0.017754480892796753;0.015001087035292413;0.04004299620687081
1825.5;0.024122807017543862;0.015769487034319674;0.04017857142857143
1827.0;0.016638225255972697;0.0175513698630137;0.029891304347826088
1828.5;0.016638225255972697;0.015871286409530037;0.035869565217391305
1830.0;0.017754480892796753;0.01865038996269922;0.03831705484598046
1831.5;0.025573192239858905;0.031723651744800845;0.02441829602760329
1833.0;0.0175513698630137;0.01597712748065927;0.026547738677855016
1834.5;0.018010291595197254;0.03718199608610568;0.017391304347826087
1836.0;0.015280135823429542;0.018848906360245943;0.01902784562774792
1837.5;0.0161839863713799;0.018848906360245943;0.037990196078431376
1839.0;0.024093511450381678;0.03848310366392789;0.028073770491803277
1840.5;0.016937514305333027;0.038041387799061466;0.0329512893982808
1842.0;0.02703900709219858;0.03746174588351344;0.03987949577412655
1843.5;0.014945495799148322;0.01488644788002137;0.026221877424359965
1845.0;0.024122807017543862;0.015724726735506497;0.026486563107801803
1846.5;0.03669724770642202;0.03519913210701956;0.025529865125240848
1848.0;0.01850632726208763;0.015095605501509561;0.0281322505800464
1849.5;0.0367279087083759;0.016745540589734254;0.019921643241473844
1851.0;0.02587800369685767;0.02802491103202847;0.03259930026754476
1852.5;0.01597712748065927;0.015001087035292413;0.025808854831843333
1854.0;0.025573192239858905;0.017547197908565945;0.02525050100200401
1855.5;0.017754480892796753;0.015095605501509561;0.03843669250645995
1857.0;0.017547197908565945;0.017754480892796753;0.04092637470721246
1858.5;0.015769487034319674;0.033879208022981784;0.015225395561747438
1860.0;0.03534512971343672;0.03183910937543675;0.024378585086042064
1861.5;0.03617216117216117;0.0161839863713799;0.02353900725019741
1863.0;0.015095605501509561;0.035650623885918005;0.018558172733761598
1864.5;0.015871286409530037;0.03466050479914682;0.016348533050547898
1866.0;0.033879208022981784;0.034633078205669056;0.022309197651663407
1867.5;0.01597712748065927;0.02802491103202847;0.01882395123700251
1869.0;0.01663225731761437;0.02703900709219858;0.018013384383948113
1870.5;0.015095605501509561;0.03966822935448972;0.018618455473952415
1872.0;0.017094017094017096;0.03276661638370833;0.024784482758620687
1873.5;0.017094017094017096;0.03357729479429107;0.020826905276149332
1875.0;0.01865038996269922;0.01726263871763255;0.032886334610472544
1876.5;0.03320921042632419;0.03297682709447416;0.018197573656845753
1878.0;0.03841245791927793;0.016785765670711238;0.023833646933950885
1879.5;0.017094017094017096;0.03398008429479528;0.017373380447585393
1881.0;0.015809071886378992;0.016648083640921553;0.018026004728132386
1882.5;0.025573192239858905;0.01865038996269922;0.018195147960543855
1884.0;0.01645021645021645;0.015871286409530037;0.02833675564681725
1885.5;0.029132231404958676;0.014945495799148322;0.020833333333333332
1887.0;0.03724194880264244;0.03091538715963386;0.03127467321694886
1888.5;0.0161839863713799;0.016582472972657695;0.023538344722854977
1890.0;0.01597712748065927;0.01834862385321101;0.02763612012568897
1891.5;0.015095605501509561;0.015907416444202047;0.026457750968564567
1893.0;0.015095605501509561;0.017515962224757837;0.04038461538461538
1894.5;0.017547197908565945;0.017515962224757837;0.03085485307212823
1896.0;0.024378585086042064;0.036646406864497674;0.022128060263653486
1897.5;0.018197573656845753;0.035127911416571206;0.032793150894358664
1899.0;0.015033359741139864;0.018470790378006873;0.03061615001913509
1900.5;0.018086080586080584;0.018470790378006873;0.026173020527859234
1902.0;0.017083111144968386;0.03466050479914682;0.028981264637002343
1903.5;0.024464831804281346;0.016745540589734254;0.028050275904353158
1905.0;0.019598155467720684;0.016676298192025096;0.015280135823429542
1906.5;0.017368069472277887;0.015743018124095107;0.025240384615384616
1908.0;0.018323203432248837;0.01830736743700201;0.029967159277504103
1909.5;0.03570872769972978;0.01830736743700201;0.022789783889980354
1911.0;0.015095605501509561;0.017094017094017096;0.016838000708968452
1912.5;0.029516994633273706;0.018026004728132386;0.022964015151515152
1914.0;0.018022181146025877;0.015597920277296359;0.019617301817012378
1915.5;0.017305765552418254;0.034328834095015415;0.019675925925925927
1917.0;0.01717435852145387;0.03762684928063263;0.028770882091840855
1918.5;0.03322577708645278;0.03762684928063263;0.023244781783681213
1920.0;0.02623456790123457;0.017439295057023192;0.016808306987266874
1921.5;0.018010291595197254;0.014856423693944118;0.031585432957971345
1923.0;0.026548672566371685;0.016555873982154502;0.028433476394849784
1924.5;0.02703900709219858;0.0161839863713799;0.033445440956651716
1926.0;0.023765996343692867;0.03609431217943811;0.03297872340425532
1927.5;0.01865038996269922;0.0285204991087344;0.03010438592723055
1929.0;0.024464831804281346;0.02516881522406384;0.017045454545454544
1930.5;0.015095605501509561;0.02516881522406384;0.024378585086042064
1932.0;0.0175513698630137;0.017094017094017096;0.026148673888681355
1933.5;0.0325497287522604;0.01730418943533698;0.019730986054791812
1935.0;0.026548672566371685;0.016937514305333027;0.025322619917214514
1936.5;0.03669724770642202;0.016785765670711238;0.04024144869215292
1938.0;0.018612132352941176;0.01726263871763255;0.04083665338645418
1939.5;0.028264541327984796;0.016335052812576762;0.025529865125240848
1941.0;0.03326935380678182;0.015907416444202047;0.01654091700522345
1942.5;0.038041387799061466;0.015907416444202047;0.023809523809523808
1944.0;0.02351778656126482;0.0175513698630137;0.03530661003451022
1945.5;0.018242207460398566;0.015095605501509561;0.024642730899358683
1947.0;0.03632178734374041;0.015095605501509561;0.019961612284069098
1948.5;0.016638225255972697;0.017094017094017096;0.02833675564681725
1950.0;0.01850632726208763;0.017373380447585393;0.017924528301886795
1951.5;0.024114774114774116;0.016081348496769426;0.017699115044247787
1953.0;0.015280135823429542;0.0175513698630137;0.025105708245243132
1954.5;0.017094017094017096;0.016252279131443725;0.040819094114456195
1956.0;0.01842179442537598;0.017936968522027027;0.022742701968771217
1957.5;0.01663225731761437;0.017699115044247787;0.01723920181864107
1959.0;0.03669724770642202;0.026060070671378093;0.017857142857142856
1960.5;0.025573192239858905;0.02802491103202847;0.026756667969252426
1962.0;0.01597712748065927;0.02495201535508637;0.024530293889511334
1963.5;0.015001087035292413;0.017814806907942786;0.03411405295315682
1965.0;0.02460456942003515;0.023418491484184917;0.023245984784446325
1966.5;0.033879208022981784;0.016745540589734254;0.03476361919376734
1968.0;0.025573192239858905;0.016863406408094434;0.01537736404878336
1969.5;0.03212468193384224;0.040819094114456195;0.042157659488013005
1971.0;0.037753222836095765;0.016785765670711238;0.015106013411607612
1972.5;0.038655160014383315;0.02909270216962525;0.023465703971119134
1974.0;0.038655160014383315;0.01861305152546421;0.04154589371980676
1975.5;0.017623877982923447;0.023809523809523808;0.01766565689244434
1977.0;0.03722426470588235;0.017004588798125428;0.03250478011472275
1978.5;0.03020833333333333;0.026592455163883737;0.017045454545454544
1980.0;0.01813557316928901;0.03781160296117238;0.015109552273918112
1981.5;0.015023319822083615;0.029132231404958676;0.024924471299093656
1983.0;0.03520671834625324;0.015195702225633155;0.016821418488660245
1984.5;0.029401154401154404;0.018683274021352312;0.01597712748065927
1986.0;0.018052243358660087;0.018470790378006873;0.0390376660134988
1987.5;0.015731292517006803;0.016638225255972697;0.017326143265169125
1989.0;0.0189328743545611;0.032697066101095795;0.015456932063887385
1990.5;0.03061868686868687;0.018026004728132386;0.0285204991087344
1992.0;0.030343754420710144;0.022964015151515152;0.037753222836095765
1993.5;0.028353715314420512;0.015139193690331638;0.025322619917214514
1995.0;0.030318091451292245;0.018026004728132386;0.015285642307294463
1996.5;0.040819094114456195;0.023809523809523808;0.030137981118373278
1998.0;0.029874213836477988;0.024203298031819725;0.017368069472277887
1999.5;0.017699115044247787;0.025066940124195296;0.017015706806282723
2001.0;0.017094017094017096;0.01839966170702899;0.037753222836095765
2002.5;0.03564899451553931;0.015489719503383037;0.030280307088019997
2004.0;0.016897746967071057;0.022405660377358493;0.025092462278663304
2005.5;0.025956284153005466;0.015907416444202047;0.017802032671395563
2007.0;0.018026004728132386;0.015907416444202047;0.024792371577976004
2008.5;0.018354055654233276;0.026548672566371685;0.023765996343692867
2010.0;0.02909270216962525;0.01834061135371179;0.02966804979253112
2011.5;0.023230409989677597;0.025909148106203598;0.025453577269788138
2013.0;0.039888682745825604;0.01870993387865249;0.015855182683246115
2014.5;0.01672535211267606;0.018010291595197254;0.017094017094017096
2016.0;0.019408502772643253;0.02802491103202847;0.01783664661861255
2017.5;0.0334685598377282;0.033676001417936904;0.03564899451553931
2019.0;0.041674831798288584;0.032256841786066255;0.026548672566371685
2020.5;0.022964015151515152;0.03564899451553931;0.038041387799061466
2022.0;0.01923521066349929;0.017623877982923447;0.030185758513931894
2023.5;0.01641928887129758;0.02911275415896488;0.03969754253308129
2025.0;0.016293098349991132;0.026512304323670712;0.016785765670711238
2026.5;0.017754480892796753;0.034922173612366186;0.024122807017543862
2028.0;0.029516994633273706;0.018384290502076038;0.03130908265900325
2029.5;0.025573192239858905;0.03830367722552808;0.018026004728132386
2031.0;0.03966822935448972;0.015095605501509561;0.0161839863713799
2032.5;0.023244781783681213;0.03768591312195207;0.030318091451292245
2034.0;0.017509906921021105;0.02460456942003515;0.03476361919376734
2035.5;0.018856326264191356;0.025573192239858905;0.027531083481349913
2037.0;0.03800513149454778;0.025573192239858905;0.03136882129277567
2038.5;0.02752293577981652;0.029397233201581028;0.03268701306308945
2040.0;0.01771809624494277;0.016043635035830027;0.017122114923635367
2041.5;0.019013666072489603;0.016648083640921553;0.03569402903574687
2043.0;0.018610244807272875;0.0383127117749023;0.0285204991087344
2044.5;0.03313611109826108;0.018470790378006873;0.025627615062761504
2046.0;0.023765996343692867;0.03416622228993677;0.024464831804281346
2047.5;0.0161839863713799;0.018197573656845753;0.027531083481349913
2049.0;0.018470790378006873;0.024816176470588234;0.015001087035292413
2050.5;0.015095605501509561;0.016089299461123942;0.018010291595197254
2052.0;0.030627490039840638;0.03638309256286784;0.015280135823429542
2053.5;0.040080752375793983;0.018683274021352312;0.0161839863713799
2055.0;0.03470177038806309;0.01775534628830588;0.02352661596958175
2056.5;0.01658993849415681;0.016779196768406956;0.0381893893141721
2058.0;0.018296312618706345;0.017475834927242157;0.030280307088019997
2059.5;0.014853302138208221;0.025088028169014082;0.017843804978496133
2061.0;0.016546819469001776;0.026060070671378093;0.01726263871763255
2062.5;0.026060070671378093;0.0175513698630137;0.01749271137026239
2064.0;0.0230722525804493;0.01606832657788072;0.01672693391308206
2065.5;0.01865038996269922;0.0189328743545611;0.02848722986247544
2067.0;0.01654091700522345;0.01865038996269922;0.017460979111666896
2068.5;0.022964015151515152;0.027587890625;0.0159809754693413
2070.0;0.01897923971725942;0.02376200101061142;0.014946680787460384
2071.5;0.03004578405188859;0.01688887683272525;0.030816089326162335
2073.0;0.017971946230274694;0.014952441151298918;0.025573192239858905
2074.5;0.03564899451553931;0.017094017094017096;0.036646406864497674
2076.0;0.018470790378006873;0.024464831804281346;0.015095605501509561
2077.5;0.018354055654233276;0.016348533050547898;0.017623877982923447
2079.0;0.018010291595197254;0.017373380447585393;0.0161839863713799
2080.5;0.017094017094017096;0.024499654934437544;0.036646406864497674
2082.0;0.030245746691871456;0.018323203432248837;0.024816176470588234
2083.5;0.018848906360245943;0.030245746691871456;0.016335052812576762
2085.0;0.0369744210049458;0.03038573508005822;0.015280135823429542
2086.5;0.03916827852998066;0.017699115044247787;0.018683274021352312
2088.0;0.016897746967071057;0.02495201535508637;0.017623877982923447
2089.5;0.02460456942003515;0.01747700394218134;0.029722271675271496
2091.0;0.0175513698630137;0.030754860752648525;0.018012576632033657
2092.5;0.038441422594142266;0.018543046357615892;0.0170487948265726
2094.0;0.01874107841782935;0.028401997503121095;0.024093511450381678
2095.5;0.015783713313901306;0.024114774114774116;0.02469956910763214
2097.0;0.026060070671378093;0.028767523364485983;0.03947757672971313
2098.5;0.036646406864497674;0.016968693647086648;0.017094017094017096
2100.0;0.017754480892796753;0.018323203432248837;0.016863406408094434
2101.5;0.026548672566371685;0.039888682745825604;0.01918932786044125
2103.0;0.03742080962095995;0.025088028169014082;0.024114774114774116
2104.5;0.01771809624494277;0.024816176470588234;0.0170487948265726
2106.0;0.036646406864497674;0.0328195714783049;0.01702553830746119
2107.5;0.0175513698630137;0.024464831804281346;0.017699115044247787
2109.0;0.035650623885918005;0.016745540589734254;0.01612259159428971
2110.5;0.03864818325709216;0.015731292517006803;0.017971946230274694
2112.0;0.0285204991087344;0.019139945314441957;0.025522755227552277
2113.5;0.038655160014383315;0.017094017094017096;0.0170487948265726
2115.0;0.032000890578704894;0.015095605501509561;0.02674949649675205
2116.5;0.032697066101095795;0.015095605501509561;0.01889083684535233
2118.0;0.0285204991087344;0.014945495799148322;0.022405660377358493
2119.5;0.03669724770642202;0.01660281557997176;0.030009920634920632
2121.0;0.026548672566371685;0.03742802303262956;0.018532729644693425
2122.5;0.040266060999351067;0.029874213836477988;0.030245746691871456
2124.0;0.040266060999351067;0.018314772574802095;0.017883272962794156
2125.5;0.01916116737278125;0.01783664661861255;0.017754480892796753
2127.0;0.015280135823429542;0.03628171805944639;0.0189328743545611
2128.5;0.02268431001890359;0.03512773722627738;0.02460456942003515
2130.0;0.018052243358660087;0.038655160014383315;0.01834862385321101
2131.5;0.027798718431963815;0.01850632726208763;0.018010291595197254
2133.0;0.01705018909044292;0.03935185185185185;0.016863406408094434
2134.5;0.017094017094017096;0.03250478011472275;0.0189328743545611
2136.0;0.031723651744800845;0.017623877982923447;0.02911275415896488
2137.5;0.02587800369685767;0.039754363283775046;0.016671538220042654
2139.0;0.016937514305333027;0.01874107841782935;0.017444391181931886
2140.5;0.017515962224757837;0.04170616113744076;0.022727272727272728
2142.0;0.018010291595197254;0.0372014893754891;0.01784040701566475
2143.5;0.025522755227552277;0.026592455163883737;0.028186274509803922
2145.0;0.01942319011183049;0.017094017094017096;0.026487019388761093
2146.5;0.016830578931359627;0.02802491103202847;0.026407273699692473
2148.0;0.03250478011472275;0.017824497257769654;0.016517030069830414
2149.5;0.02911275415896488;0.016403046280023436;0.018354055654233276
2151.0;0.0369744210049458;0.016335052812576762;0.016335052812576762
2152.5;0.018358765104113217;0.028580208973570994;0.019395134779750165
2154.0;0.01597712748065927;0.01835078161749423;0.018310600584556396
2155.5;0.01597712748065927;0.029702970297029705;0.017248358262973176
2157.0;0.024114774114774116;0.02860082304526749;0.0189328743545611
2158.5;0.024114774114774116;0.033038955941517026;0.03411405295315682
2160.0;0.024114774114774116;0.03827018752391887;0.01726263871763255
2161.5;0.0189328743545611;0.028580208973570994;0.01897923971725942
2163.0;0.024816176470588234;0.0175513698630137;0.020618556701030927
2164.5;0.024816176470588234;0.020833333333333332;0.019408502772643253
2166.0;0.024816176470588234;0.018710404810479975;0.017580992631420062
2167.5;0.03564899451553931;0.01834862385321101;0.017522464698331193
2169.0;0.015001087035292413;0.018323203432248837;0.026839699159416013
2170.5;0.017547197908565945;0.024662823963809064;0.021728016359918202
2172.0;0.017443347491498312;0.03540100250626566;0.0188212927756654
2173.5;0.025439127801332527;0.019243684241072537;0.018761128291631523
2175.0;0.03951778570656288;0.01749044044752868;0.025101419878296144
2176.5;0.039603960396039604;0.028717947988755405;0.018612132352941176
2178.0;0.039603960396039604;0.02733881163084703;0.018197573656845753
2179.5;0.03722426470588235;0.024223326165937573;0.01726263871763255
2181.0;0.01865038996269922;0.02909270216962525;0.017824497257769654
2182.5;0.014945495799148322;0.023809523809523808;0.024378585086042064
2184.0;0.01672535211267606;0.02813238770685579;0.03067160232681121
2185.5;0.017094017094017096;0.02909270216962525;0.01672535211267606
2187.0;0.03564899451553931;0.032924107142857144;0.017596390484003282
2188.5;0.017373380447585393;0.018423701999137062;0.04050845270357466
2190.0;0.018010291595197254;0.016897746967071057;0.03440209838119287
2191.5;0.01658516707416463;0.03072625698324023;0.039805395842547546
2193.0;0.018013340229591664;0.025754527162977867;0.018419923289434863
2194.5;0.025522755227552277;0.02722345405272235;0.01814552172099398
2196.0;0.0189328743545611;0.018960244648318046;0.030009920634920632
2197.5;0.018010291595197254;0.029247194806169552;0.03219315895372234
2199.0;0.015414729630535846;0.022964015151515152;0.01810895810084204
2200.5;0.02734495764545848;0.02800632911392405;0.017094017094017096
2202.0;0.017567282711368357;0.028834462393607783;0.017987706243934
2203.5;0.032697066101095795;0.018026004728132386;0.03801916932907348
2205.0;0.016863406408094434;0.016821418488660245;0.019043966906734062
2206.5;0.0161839863713799;0.025322619917214514;0.026060070671378093
2208.0;0.015095605501509561;0.03792018942157062;0.015731292517006803
2209.5;0.017094017094017096;0.032886334610472544;0.024816176470588234
2211.0;0.01918932786044125;0.026998169615619284;0.03764790247400502
2212.5;0.03534333231302928;0.016638225255972697;0.02491909385113269
2214.0;0.017373380447585393;0.03365384615384615;0.030009920634920632
2215.5;0.0189328743545611;0.032692307692307694;0.024254473161033796
2217.0;0.031746031746031744;0.018010456796917998;0.016638225255972697
2218.5;0.027531083481349913;0.02352661596958175;0.01654091700522345
2220.0;0.018010291595197254;0.022636005969339304;0.024816176470588234
2221.5;0.015095605501509561;0.024664750957854403;0.024464831804281346
2223.0;0.01663225731761437;0.018041485106324483;0.037422037422037424
2224.5;0.01663225731761437;0.018683274021352312;0.02345757503510027
2226.0;0.018354055654233276;0.027531083481349913;0.01880063742258095
2227.5;0.0189328743545611;0.01749271137026239;0.019801980198019802
2229.0;0.033676001417936904;0.017015706806282723;0.027491408934707903
2230.5;0.017623877982923447;0.016979552792060267;0.04650060334425099
2232.0;0.038655160014383315;0.016979552792060267;0.02400793650793651
2233.5;0.01597712748065927;0.03250478011472275;0.03450562525151786
2235.0;0.03061868686868687;0.03760041018629294;0.017215791035915702
2236.5;0.024114774114774116;0.03136882129277567;0.01925569586423465
2238.0;0.03306159420289855;0.042388201712654616;0.018683274021352312
2239.5;0.03617216117216117;0.03924497640551267;0.023765996343692867
2241.0;0.024122807017543862;0.016680776283353488;0.01770244821092279
2242.5;0.035127911416571206;0.028865979381443297;0.025172165690204543
2244.0;0.024122807017543862;0.02352661596958175;0.024378585086042064
2245.5;0.0425033467202142;0.026639507947919163;0.04364508393285372
2247.0;0.038655160014383315;0.03261890725651234;0.04212932723709994
2248.5;0.02238354506957048;0.01580252790020322;0.020600092615292418
2250.0;0.03535245814226298;0.04057719431485299;0.038032156546867556
2251.5;0.02848722986247544;0.023642732049036778;0.03546944858420268
2253.0;0.016604605213162094;0.016638225255972697;0.015414729630535846
2254.5;0.01741229204378933;0.02460456942003515;0.038779512897539656
2256.0;0.017832134679663325;0.025088028169014082;0.019457352720731524
2257.5;0.01672535211267606;0.01850632726208763;0.027718550106609806
2259.0;0.033676001417936904;0.03136882129277567;0.0383888532991672
2260.5;0.03722426470588235;0.018848906360245943;0.016346604941861593
2262.0;0.016863406408094434;0.022964015151515152;0.01834061135371179
2263.5;0.017623877982923447;0.03061868686868687;0.018163597644995613
2265.0;0.016638225255972697;0.03564899451553931;0.02396214896214896
2266.5;0.026548672566371685;0.01749271137026239;0.017096505823627286
2268.0;0.03764790247400502;0.03608247422680412;0.027280049204612845
2269.5;0.02802491103202847;0.03219827271192292;0.027055702917771884
2271.0;0.01583436633020483;0.017886709703084813;0.02400793650793651
2272.5;0.024789084470367668;0.04064736499674691;0.03209153062648249
2274.0;0.01676764541378836;0.032886334610472544;0.017167076254585602
2275.5;0.03320921042632419;0.03669724770642202;0.015012051191568008
2277.0;0.03091538715963386;0.025522755227552277;0.029397233201581028
2278.5;0.0175513698630137;0.03460925039872409;0.04038004750593824
2280.0;0.032697066101095795;0.03352663491375437;0.030201459514012888
2281.5;0.03706545928938685;0.03297872340425532;0.023834019204389576
2283.0;0.03482458408757866;0.018683274021352312;0.018143754361479414
2284.5;0.03276661638370833;0.023274161735700197;0.019611505416511018
2286.0;0.03276661638370833;0.02937023964332157;0.01942319011183049
2287.5;0.03276661638370833;0.022405660377358493;0.033861185983827494
2289.0;0.035437678433415665;0.03268701306308945;0.02675080652026688
2290.5;0.018289844042285466;0.017971946230274694;0.01862097440132122
2292.0;0.01570251018973342;0.03722426470588235;0.024054982817869414
2293.5;0.030614484288885975;0.01726263871763255;0.028105106325342005
2295.0;0.03515598531696909;0.018143754361479414;0.026107226107226107
2296.5;0.016537723722061845;0.016293098349991132;0.029967159277504103
2298.0;0.016537723722061845;0.01702553830746119;0.018323203432248837
2299.5;0.016537723722061845;0.01865038996269922;0.01846545686087233
2301.0;0.018248107350266503;0.016863406408094434;0.03235113566605279
2302.5;0.01567842217100666;0.01929824561403509;0.019138359569179784
2304.0;0.035650623885918005;0.015280135823429542;0.02623456790123457
2305.5;0.017094017094017096;0.01730418943533698;0.0275252812180434
2307.0;0.017094017094017096;0.02584670231729055;0.03476946334089191
2308.5;0.017623877982923447;0.037211615602436285;0.03138403568749392
2310.0;0.019345238095238096;0.019013666072489603;0.0370850622406639
2311.5;0.024816176470588234;0.032697066101095795;0.01842800035618964
2313.0;0.018010291595197254;0.040427509293680296;0.018960244648318046
2314.5;0.018010291595197254;0.017623877982923447;0.020129774369562013
2316.0;0.035127911416571206;0.02911275415896488;0.026045606063401196
2317.5;0.03482458408757866;0.01606832657788072;0.026479957525882662
2319.0;0.030813820600779404;0.017094017094017096;0.0350922131147541
2320.5;0.03512773722627738;0.0175513698630137;0.019944341372912802
2322.0;0.015001087035292413;0.03706545928938685;0.042578532082775046
2323.5;0.015809071886378992;0.017547197908565945;0.04170616113744076
2325.0;0.01836806645203033;0.03466050479914682;0.017373380447585393
2326.5;0.01836806645203033;0.033676001417936904;0.028892455858747997
2328.0;0.0161839863713799;0.016638225255972697;0.028073770491803277
2329.5;0.0325497287522604;0.017754480892796753;0.04495073891625616
2331.0;0.0325497287522604;0.01865038996269922;0.024054982817869414
2332.5;0.0325497287522604;0.024816176470588234;0.03254934901301974
2334.0;0.03466050479914682;0.02703900709219858;0.024752475247524754
2335.5;0.03902213310711807;0.017373380447585393;0.03282461906353148
2337.0;0.014945495799148322;0.01749271137026239;0.029454526159397216
2338.5;0.014910112661872163;0.02401436010220253;0.01834061135371179
2340.0;0.026548672566371685;0.01601793203541463;0.027246992215145083
2341.5;0.026548672566371685;0.03299749818110903;0.04549125168236876
2343.0;0.015809071886378992;0.03453477245388649;0.01838106575169806
2344.5;0.014870091759449306;0.017094017094017096;0.03298485940879596
2346.0;0.014870091759449306;0.01814552172099398;0.03038573508005822
2347.5;0.016568094782873223;0.02909270216962525;0.03485185819489639
2349.0;0.03519913210701956;0.018197573656845753;0.029339853300733493
2350.5;0.03460837887067396;0.023244781783681213;0.03896103896103897
2352.0;0.031723651744800845;0.029216407862848938;0.03240740740740741
2353.5;0.017094017094017096;0.024464831804281346;0.03768359996257835
2355.0;0.017094017094017096;0.023418491484184917;0.029746087983466195
2356.5;0.016863406408094434;0.024816176470588234;0.018013633790488696
2358.0;0.024122807017543862;0.017094017094017096;0.023834019204389576
2359.5;0.01865038996269922;0.018807339449541285;0.01827432697825444
2361.0;0.015001087035292413;0.019095789777956777;0.03791773778920309
2362.5;0.014910112661872163;0.01619846911364829;0.020045028547184752
2364.0;0.015731292517006803;0.018017794744687655;0.016151166473134172
2365.5;0.015731292517006803;0.023418491484184917;0.028433476394849784
2367.0;0.015731292517006803;0.02909270216962525;0.028433476394849784
2368.5;0.01597712748065927;0.01845400161997053;0.02433487565066512
2370.0;0.016745540589734254;0.01672535211267606;0.04028147709710301
2371.5;0.016745540589734254;0.040968342644320296;0.046747025189306145
2373.0;0.015809071886378992;0.016638225255972697;0.027587890625
2374.5;0.015769487034319674;0.020192168761739633;0.01810699588477366
2376.0;0.015769487034319674;0.017305765552418254;0.02934537246049661
2377.5;0.037312715311890364;0.017636078545623157;0.034936370050685416
2379.0;0.037312715311890364;0.037753222836095765;0.04118219535931978
2380.5;0.024122807017543862;0.029017857142857144;0.021248753738783648
2382.0;0.03764790247400502;0.029017857142857144;0.02939958592132505
2383.5;0.03764790247400502;0.033676001417936904;0.027643983368325718
2385.0;0.02460456942003515;0.027531083481349913;0.03190727268682284
2386.5;0.015001087035292413;0.03935185185185185;0.027606887465538743
2388.0;0.014945495799148322;0.01874107841782935;0.025511508951406647
2389.5;0.03276661638370833;0.03639029592108771;0.018606007582385533
2391.0;0.03276661638370833;0.029017857142857144;0.040097949188858284
2392.5;0.01830736743700201;0.01645021645021645;0.025627673423842288
2394.0;0.037753222836095765;0.03969754253308129;0.024276859504132234
2395.5;0.03902213310711807;0.03433409463633528;0.025537634408602152
2397.0;0.022041062801932364;0.03493117752954726;0.022549019607843137
2398.5;0.035650623885918005;0.02703900709219858;0.019282454891782142
2400.0;0.03409090909090909;0.01874107841782935;0.02542903090784923
2401.5;0.015001087035292413;0.035148828372387586;0.029153741443174827
2403.0;0.01842179442537598;0.0285204991087344;0.04583763329893361
2404.5;0.01842179442537598;0.0230722525804493;0.03163345257977251
2406.0;0.029017857142857144;0.018354055654233276;0.03215962717686133
2407.5;0.03902213310711807;0.025088028169014082;0.024340436326737696
2409.0;0.03608247422680412;0.028050275904353158;0.03780201396261622
2410.5;0.015154962909024714;0.038441422594142266;0.02868235963735415
2412.0;0.040819094114456195;0.031456657730116175;0.0348853766196782
2413.5;0.040819094114456195;0.038385826771653545;0.01900256574727389
2415.0;0.03198693626626963;0.031746031746031744;0.029710951321120813
2416.5;0.03764790247400502;0.024114774114774116;0.03020833333333333
2418.0;0.03609431217943811;0.018470790378006873;0.04236902050113895
2419.5;0.03609431217943811;0.015001087035292413;0.02514390729180906
2421.0;0.014910112661872163;0.017754480892796753;0.04511019283746556
2422.5;0.016582472972657695;0.017824497257769654;0.033303789989026764
2424.0;0.016638225255972697;0.024662823963809064;0.02654212881883635
2425.5;0.015001087035292413;0.04193479193479194;0.03225806451612903
2427.0;0.015769487034319674;0.04020381638182685;0.036665513663092356
2428.5;0.01660281557997176;0.015896615157280358;0.026262626262626262
2430.0;0.017373380447585393;0.0161839863713799;0.025021101003469947
2431.5;0.03571428571428571;0.017547197908565945;0.036059806508355316
2433.0;0.01612259159428971;0.03136882129277567;0.027559055118110236
2434.5;0.03504613167863534;0.03250478011472275;0.019274809160305342
2436.0;0.015798668573620674;0.0161839863713799;0.03722993827160494
2437.5;0.016638225255972697;0.018197573656845753;0.03166189562427255
2439.0;0.027531083481349913;0.02703900709219858;0.017145951149079536
2440.5;0.032000890578704894;0.02703900709219858;0.035924265072247136
2442.0;0.03409090909090909;0.03706545928938685;0.03612385321100917
2443.5;0.0175513698630137;0.025573192239858905;0.03139595942846088
2445.0;0.03460837887067396;0.024114774114774116;0.03423626787057938
2446.5;0.032697066101095795;0.0285204991087344;0.04593989354796832
2448.0;0.017094017094017096;0.02516881522406384;0.026273611906124785
2449.5;0.02516881522406384;0.01865038996269922;0.03774617067833698
2451.0;0.032256841786066255;0.029874213836477988;0.03423626787057938
2452.5;0.018010291595197254;0.03460837887067396;0.041591320072332724
2454.0;0.015871286409530037;0.018470790378006873;0.029445894981143025
2455.5;0.015731292517006803;0.01597712748065927;0.046107506950880436
2457.0;0.017754480892796753;0.03091538715963386;0.018354055654233276
2458.5;0.026060070671378093;0.017443347491498312;0.05096618357487923
2460.0;0.04054054054054054;0.032478764464558434;0.018195147960543855
2461.5;0.01871657754010695;0.017699115044247787;0.028865979381443297
2463.0;0.0244967161729613;0.017094017094017096;0.019626168224299065
2464.5;0.024093511450381678;0.025573192239858905;0.025856044723969258
2466.0;0.018503600886795833;0.01865038996269922;0.02721196690006365
2467.5;0.01587777695652498;0.01865038996269922;0.032924107142857144
2469.0;0.02623456790123457;0.03320921042632419;0.03571428571428571
2470.5;0.02911275415896488;0.01488644788002137;0.03916209399179851
2472.0;0.03764790247400502;0.01597712748065927;0.03676148796498906
2473.5;0.025573192239858905;0.03061868686868687;0.030627490039840638
2475.0;0.0161839863713799;0.03061868686868687;0.031296582778919016
2476.5;0.037753222836095765;0.03460837887067396;0.028536485935589072
2478.0;0.015001087035292413;0.02623456790123457;0.026651735722284436
2479.5;0.01663225731761437;0.0161839863713799;0.029789368104312937
2481.0;0.02909270216962525;0.025088028169014082;0.03543778411497303
2482.5;0.016917819729987117;0.03466050479914682;0.025529865125240848
2484.0;0.02911275415896488;0.03136882129277567;0.0321883351674265
2485.5;0.037483266398929044;0.040968342644320296;0.031027253668763105
2487.0;0.01929824561403509;0.016863406408094434;0.019679300291545188
2488.5;0.016835957338750634;0.026060070671378093;0.032880462333975465
2490.0;0.015040234653904788;0.01850632726208763;0.024715297014465985
2491.5;0.01865038996269922;0.01850632726208763;0.023765996343692867
2493.0;0.037753222836095765;0.017498443680569787;0.03474178403755869
2494.5;0.024816176470588234;0.03173139329252938;0.028873611845584346
2496.0;0.015095605501509561;0.03620712313994087;0.023556231003039513
2497.5;0.017094017094017096;0.03431165971848048;0.027886497064579255
2499.0;0.035127911416571206;0.025573192239858905;0.037990196078431376
2500.5;0.018010291595197254;0.03966822935448972;0.024948024948024946
2502.0;0.03609431217943811;0.026060070671378093;0.025989604158336663
2503.5;0.03293798595973293;0.017754480892796753;0.029585547031719207
2505.0;0.0285204991087344;0.017754480892796753;0.02729044834307992
2506.5;0.017754480892796753;0.017094017094017096;0.01780160609014529
2508.0;0.018470790378006873;0.017094017094017096;0.016693260083617784
2509.5;0.03106789479980177;0.01597712748065927;0.032302332946268345
2511.0;0.03106789479980177;0.01597712748065927;0.017094017094017096
2512.5;0.024114774114774116;0.015769487034319674;0.02976566614007372
2514.0;0.018848906360245943;0.018010291595197254;0.024114774114774116
2515.5;0.030318091451292245;0.023765996343692867;0.03423209093312186
2517.0;0.041115311909262764;0.01597712748065927;0.023418491484184917
2518.5;0.015018823802332298;0.019345238095238096;0.028186274509803922
2520.0;0.03365384615384615;0.01749271137026239;0.025
2521.5;0.03365384615384615;0.0161839863713799;0.0220703125
2523.0;0.031723651744800845;0.018323203432248837;0.03540100250626566
2524.5;0.030993042378241617;0.015109552273918112;0.020031555176694037
2526.0;0.017015706806282723;0.017553774980973956;0.030009920634920632
2527.5;0.017015706806282723;0.017502742449495224;0.030963302752293576
2529.0;0.03617373582983059;0.016605458751889755;0.017916833801310334
2530.5;0.039603960396039604;0.017094017094017096;0.02317655078391275
2532.0;0.039603960396039604;0.01865038996269922;0.027699718988358095
2533.5;0.01865038996269922;0.01865038996269922;0.028373410935824777
2535.0;0.017699115044247787;0.029516994633273706;0.025554582603619376
2536.5;0.01865038996269922;0.02802491103202847;0.016350508084219045
2538.0;0.03365384615384615;0.0161839863713799;0.017653987544586063
2539.5;0.02619146866750035;0.0161839863713799;0.019805455274769356
2541.0;0.018582093618876354;0.015871286409530037;0.024727277636766215
2542.5;0.014975431187270396;0.015871286409530037;0.02964569775849602
2544.0;0.017525055235791037;0.03864818325709216;0.024501992031872512
2545.5;0.018010291595197254;0.036514961411379304;0.019568415890142226
2547.0;0.01597712748065927;0.036514961411379304;0.026268806117910173
2548.5;0.026548672566371685;0.017094017094017096;0.0220703125
2550.0;0.017623877982923447;0.018010291595197254;0.03360433604336043
2551.5;0.026060070671378093;0.016863406408094434;0.04135350119002882
2553.0;0.026060070671378093;0.01850632726208763;0.027811860940695293
2554.5;0.03764790247400502;0.025573192239858905;0.028489903424056193
2556.0;0.014945495799148322;0.016745540589734254;0.02268431001890359
2557.5;0.015769487034319674;0.015809071886378992;0.01645021645021645
2559.0;0.014870091759449306;0.03460837887067396;0.024114774114774116
2560.5;0.015711796950363736;0.038041387799061466;0.015069294547215105
2562.0;0.01741601350785099;0.0161839863713799;0.022055806319244975
2563.5;0.030614484288885975;0.017699115044247787;0.023512731968893006
2565.0;0.015095605501509561;0.015280135823429542;0.030009920634920632
2566.5;0.032256841786066255;0.026060070671378093;0.024254473161033796
2568.0;0.015095605501509561;0.02352661596958175;0.025156290143016187
2569.5;0.01836806645203033;0.03687184061849539;0.022610264779860733
2571.0;0.018010291595197254;0.0161839863713799;0.028243147227104443
2572.5;0.018010291595197254;0.016676298192025096;0.01868846481098821
2574.0;0.02911275415896488;0.01663225731761437;0.023809523809523808
2575.5;0.02911275415896488;0.03807194397841974;0.03362011573718442
2577.0;0.039828959619297215;0.03794901389545961;0.03537252221462748
2578.5;0.018547442113730363;0.01672535211267606;0.024723374827109266
2580.0;0.03564899451553931;0.030993042378241617;0.030938123752495012
2581.5;0.017623877982923447;0.017287443030017287;0.018960244648318046
2583.0;0.032000890578704894;0.03527634438335919;0.03255304256838444
2584.5;0.01597712748065927;0.016611830160220165;0.028580208973570994
2586.0;0.017754480892796753;0.016572566760467512;0.02500730733006398
2587.5;0.03130908265900325;0.02752293577981652;0.02055375026129259
2589.0;0.034586228679722046;0.024464831804281346;0.028489903424056193
2590.5;0.01771809624494277;0.01865038996269922;0.029132231404958676
2592.0;0.02623456790123457;0.033879208022981784;0.019142066420664204
2593.5;0.02854859440398115;0.018332165356039182;0.02495154857489206
2595.0;0.026998169615619284;0.018470790378006873;0.029476607202961972
2596.5;0.03219315895372234;0.03902213310711807;0.024664750957854403
2598.0;0.030032467532467532;0.01845342706502636;0.02909270216962525
2599.5;0.03556550394826836;0.015280135823429542;0.018876611418047883
2601.0;0.018470790378006873;0.015095605501509561;0.016263612953345514
2602.5;0.02516881522406384;0.01749271137026239;0.03474178403755869
2604.0;0.025439127801332527;0.03357531760435572;0.028865979381443297
2605.5;0.03306159420289855;0.01597712748065927;0.029132231404958676
2607.0;0.029310623836880004;0.018683274021352312;0.03827671913835957
2608.5;0.022964015151515152;0.022405660377358493;0.029702970297029705
2610.0;0.025989604158336663;0.02724539646749342;0.037023764194682736
2611.5;0.018119126327038118;0.01896734857158622;0.03520671834625324
2613.0;0.02802491103202847;0.037753222836095765;0.03282828282828283
2614.5;0.03617216117216117;0.027531083481349913;0.030946750387344044
2616.0;0.01874107841782935;0.03076071086945577;0.025322619917214514
2617.5;0.018937169700528483;0.03919631093544137;0.030627490039840638
2619.0;0.024664750957854403;0.025088028169014082;0.03362011573718442
2620.5;0.02684356680037026;0.037753222836095765;0.02703915249985528
2622.0;0.016638225255972697;0.016863406408094434;0.018197573656845753
2623.5;0.02703900709219858;0.025573192239858905;0.02911275415896488
2625.0;0.015809071886378992;0.01850632726208763;0.03530661003451022
2626.5;0.015724726735506497;0.017094017094017096;0.026479957525882662
2628.0;0.01597712748065927;0.0161839863713799;0.033205619412515965
2629.5;0.015731292517006803;0.023809523809523808;0.037969094922737305
2631.0;0.03219315895372234;0.017679771605305417;0.016187271319071658
2632.5;0.016209169954000083;0.022041062801932364;0.027531083481349913
2634.0;0.03085485307212823;0.018595825426944972;0.03498920086393088
2635.5;0.022549019607843137;0.022727272727272728;0.029135338345864664
2637.0;0.029702970297029705;0.016335052812576762;0.01612259159428971
2638.5;0.01845400161997053;0.03589469305283176;0.018544683857294242
2640.0;0.023244781783681213;0.018354055654233276;0.025322619917214514
2641.5;0.03961091054953871;0.016335052812576762;0.025627615062761504
2643.0;0.01704391595915832;0.023274161735700197;0.02542603194404223
2644.5;0.028050275904353158;0.018176276971839572;0.02966804979253112
2646.0;0.018753527560063075;0.017373380447585393;0.01641928887129758
2647.5;0.02623456790123457;0.03858564130142512;0.023418491484184917
2649.0;0.0161839863713799;0.0230722525804493;0.01983411467724486
2650.5;0.015001087035292413;0.017679771605305417;0.03326935380678182
2652.0;0.01865038996269922;0.026592455163883737;0.03599221789883269
2653.5;0.03706545928938685;0.01606832657788072;0.029702970297029705
2655.0;0.03745644599303136;0.03004578405188859;0.028598801710208344
2656.5;0.015247999065256762;0.0153103221203973;0.03535245814226298
2658.0;0.023244781783681213;0.035170470350616205;0.04563583371682774
2659.5;0.01874107841782935;0.01983411467724486;0.017197177899011443
2661.0;0.015095605501509561;0.015280135823429542;0.032697066101095795
2662.5;0.015517241379310345;0.02703900709219858;0.032697066101095795
2664.0;0.028590496529631602;0.03916827852998066;0.0161839863713799
2665.5;0.01782779889387077;0.028036307429210382;0.015095605501509561
2667.0;0.024464831804281346;0.018455454986527415;0.033697931493502586
2668.5;0.01733025239957341;0.01597712748065927;0.015724726735506497
2670.0;0.01733025239957341;0.015809071886378992;0.01485852872552252
2671.5;0.019327580007191657;0.017373380447585393;0.018532729644693425
2673.0;0.023642732049036778;0.017699115044247787;0.039888682745825604
2674.5;0.035127911416571206;0.016863406408094434;0.030245746691871456
2676.0;0.03764790247400502;0.024114774114774116;0.03699819520998976
2677.5;0.03482458408757866;0.025351205447518555;0.018683274021352312
2679.0;0.027531083481349913;0.03284844903645901;0.03474178403755869
2680.5;0.01865038996269922;0.033676001417936904;0.015225395561747438
2682.0;0.015871286409530037;0.01597712748065927;0.03474178403755869
2683.5;0.018010291595197254;0.025088028169014082;0.023031496062992124
2685.0;0.015095605501509561;0.016745540589734254;0.04034074864296697
2686.5;0.03091538715963386;0.027531083481349913;0.016863406408094434
2688.0;0.03326226012793177;0.01597712748065927;0.015280135823429542
2689.5;0.018696455568620863;0.0161839863713799;0.016335052812576762
2691.0;0.015283064065369568;0.04852320675105485;0.024114774114774116
2692.5;0.015283064065369568;0.03160767554530645;0.0189328743545611
2694.0;0.0170487948265726;0.03966822935448972;0.016863406408094434
2695.5;0.02878937007874016;0.024816176470588234;0.03879026955950033
2697.0;0.026616509333522605;0.0161839863713799;0.03564899451553931
2698.5;0.038385826771653545;0.025573192239858905;0.01654091700522345
2700.0;0.02802491103202847;0.016745540589734254;0.016638225255972697
2701.5;0.01597712748065927;0.017498443680569787;0.030318091451292245
2703.0;0.029017857142857144;0.025088028169014082;0.03639029592108771
2704.5;0.016745540589734254;0.017094017094017096;0.0189328743545611
2706.0;0.032000890578704894;0.017094017094017096;0.040424121935056324
2707.5;0.0175513698630137;0.03466050479914682;0.015225395561747438
2709.0;0.02729044834307992;0.026592455163883737;0.018010291595197254
2710.5;0.03834304043217692;0.018010291595197254;0.023765996343692867
2712.0;0.02543160940053728;0.0161839863713799;0.019139945314441957
2713.5;0.028050275904353158;0.017094017094017096;0.03061615001913509
2715.0;0.03301539154957029;0.01865038996269922;0.04009504902845455
2716.5;0.028050275904353158;0.03669724770642202;0.04009504902845455
2718.0;0.02460456942003515;0.017373380447585393;0.016664843504300385
2719.5;0.03481624758220503;0.0161839863713799;0.025133156375902466
2721.0;0.018848906360245943;0.017754480892796753;0.024636963107249242
2722.5;0.03313611109826108;0.019408502772643253;0.022727272727272728
2724.0;0.02352661596958175;0.01851219928339874;0.03365384615384615
2725.5;0.027565124933545983;0.015932679052083447;0.02587800369685767
2727.0;0.03028503562945368;0.016863406408094434;0.033972841057362396
2728.5;0.04030673680207871;0.014910112661872163;0.023809523809523808
2730.0;0.024114774114774116;0.037210128013628566;0.018612132352941176
2731.5;0.018010291595197254;0.017623877982923447;0.03187751004016064
2733.0;0.038041387799061466;0.03293798595973293;0.026344152244872826
2734.5;0.029017857142857144;0.018332165356039182;0.036232895665115256
2736.0;0.029722271675271496;0.032886334610472544;0.0175513698630137
2737.5;0.027860820461717322;0.026008544499885856;0.031746031746031744
2739.0;0.017792037334111128;0.017674350500443508;0.04093567251461988
2740.5;0.03969754253308129;0.03130908265900325;0.01612259159428971
2742.0;0.03598346705567712;0.03835669781931465;0.033676001417936904
2743.5;0.037753222836095765;0.01702553830746119;0.01672535211267606
2745.0;0.036646406864497674;0.028489903424056193;0.01929824561403509
2746.5;0.039821029082774045;0.016838000708968452;0.01654091700522345
2748.0;0.017699115044247787;0.027886497064579255;0.016830578931359627
2749.5;0.040343486714193126;0.035017335314512135;0.01834862385321101
2751.0;0.03466050479914682;0.02671855528998386;0.015139193690331638
2752.5;0.018010291595197254;0.040968342644320296;0.017971946230274694
2754.0;0.023244781783681213;0.025522755227552277;0.03669724770642202
2755.5;0.018944170972160067;0.01549874155517287;0.01865038996269922
2757.0;0.024816176470588234;0.02705016264338298;0.016745540589734254
2758.5;0.016821418488660245;0.030256012412723042;0.018010291595197254
2760.0;0.0175513698630137;0.039821029082774045;0.037760416666666664
2761.5;0.03817654639175258;0.024203298031819725;0.039254596282163774
2763.0;0.01799035242639112;0.0348853766196782;0.01608187134502924
2764.5;0.02848722986247544;0.015276502717804095;0.01549874155517287
2766.0;0.027565186437661298;0.017373380447585393;0.016733886746299408
2767.5;0.018612132352941176;0.017699115044247787;0.02891522988505747
2769.0;0.017699115044247787;0.018086080586080584;0.024114774114774116
2770.5;0.01865038996269922;0.03487592219986586;0.017373380447585393
2772.0;0.02703900709219858;0.01897923971725942;0.04057719431485299
2773.5;0.029516994633273706;0.0162748643761302;0.026475958612294584
2775.0;0.01850632726208763;0.0175513698630137;0.024254473161033796
2776.5;0.03106789479980177;0.018026004728132386;0.01797915672819346
2778.0;0.02802491103202847;0.01726263871763255;0.03355005186065927
2779.5;0.025088028169014082;0.026077132126171788;0.03238269533831528
2781.0;0.025522755227552277;0.024378585086042064;0.03187751004016064
2782.5;0.03416622228993677;0.024594863170768994;0.030288461538461535
2784.0;0.037312715311890364;0.018010925463335006;0.030435566777887994
2785.5;0.025573192239858905;0.035813733041056936;0.02452743199631166
2787.0;0.03530661003451022;0.02516881522406384;0.03345007831887221
2788.5;0.029074889867841413;0.043456032719836404;0.016890121849146105
2790.0;0.023274161735700197;0.03913393432066967;0.04277643260694108
2791.5;0.03048016701461378;0.0230722525804493;0.042578532082775046
2793.0;0.017651363509179743;0.016986420528681198;0.01747700394218134
2794.5;0.03314777327935223;0.017373380447585393;0.023418491484184917
2796.0;0.022727272727272728;0.017460979111666896;0.019345238095238096
2797.5;0.016838000708968452;0.03664340101522842;0.031190019193857967
2799.0;0.017887070857162603;0.01779704052700625;0.037483266398929044
2800.5;0.017596390484003282;0.01871479774705581;0.025502008032128515
2802.0;0.032793150894358664;0.01767793611602543;0.028073770491803277
2803.5;0.02724539646749342;0.02911392405063291;0.018918918918918916
2805.0;0.02860082304526749;0.017699115044247787;0.01684996887321021
2806.5;0.018197573656845753;0.01606832657788072;0.019944341372912802
2808.0;0.028373410935824777;0.018143754361479414;0.03004578405188859
2809.5;0.035598705501618116;0.018017942087714626;0.017824497257769654
2811.0;0.018197573656845753;0.018970180762633595;0.02878937007874016
2812.5;0.025573192239858905;0.018198249803577028;0.019082371238858645
2814.0;0.015095605501509561;0.032367838968944414;0.018354055654233276
2815.5;0.024114774114774116;0.027186615819904048;0.020833333333333332
2817.0;0.0175513698630137;0.030318091451292245;0.04125484233011115
2818.5;0.016863406408094434;0.029763202425072927;0.027718550106609806
2820.0;0.018470790378006873;0.030318091451292245;0.03264140126129332
2821.5;0.017754480892796753;0.017587290653119217;0.02406772928149362
2823.0;0.017094017094017096;0.02434168921005001;0.035362194599228465
2824.5;0.015871286409530037;0.028050275904353158;0.026271060445941
2826.0;0.01488644788002137;0.030993042378241617;0.018836565096952907
2827.5;0.026148673888681355;0.017825311942959002;0.016767730240467137
2829.0;0.04162623371469422;0.03555772701980104;0.03164091243561443
2830.5;0.03132798605144897;0.026060070671378093;0.025406951165860097
2832.0;0.03265828452215764;0.01850632726208763;0.027798718431963815
2833.5;0.025351205447518555;0.018197573656845753;0.022405660377358493
2835.0;0.03918416153983354;0.03861331624646528;0.0170487948265726
2836.5;0.036646406864497674;0.023418491484184917;0.018314772574802095
2838.0;0.015517241379310345;0.016821418488660245;0.01549874155517287
2839.5;0.04036697247706422;0.02516881522406384;0.025529865125240848
2841.0;0.018010291595197254;0.016745540589734254;0.040086887835703
2842.5;0.030993042378241617;0.026475958612294584;0.024464831804281346
2844.0;0.01784040701566475;0.03919821826280624;0.018532478954642544
2845.5;0.03442536382321117;0.03423209093312186;0.03688778673279603
2847.0;0.015791096363576857;0.017015706806282723;0.03436018957345971
2848.5;0.030868167202572346;0.01612259159428971;0.0230722525804493
2850.0;0.017055262140924902;0.0161839863713799;0.026060070671378093
2851.5;0.016863406408094434;0.016676298192025096;0.03082919914953933
2853.0;0.017094017094017096;0.016638225255972697;0.017967497063955243
2854.5;0.017094017094017096;0.01865038996269922;0.033861185983827494
2856.0;0.015871286409530037;0.01726263871763255;0.03125
2857.5;0.023765996343692867;0.017560073937153423;0.019427710843373493
2859.0;0.023765996343692867;0.019561746245483916;0.015861825872400422
2860.5;0.015280135823429542;0.017638866417443014;0.024464831804281346
2862.0;0.01597712748065927;0.01537736404878336;0.025400139178844813
2863.5;0.026548672566371685;0.021851503759398497;0.02352661596958175
2865.0;0.017754480892796753;0.01780160609014529;0.02486058115644262
2866.5;0.035650623885918005;0.03744435716156062;0.015425511363197307
2868.0;0.026548672566371685;0.03598346705567712;0.027168254985184596
2869.5;0.016863406408094434;0.037753222836095765;0.04033180778032036
2871.0;0.035774141714325206;0.018595825426944972;0.03361344537815126
2872.5;0.035774141714325206;0.016371008616320324;0.044065898912348044
2874.0;0.035774141714325206;0.018197573656845753;0.025173611111111115
2875.5;0.017094017094017096;0.023418491484184917;0.03835236436358944
2877.0;0.01850632726208763;0.02784833653429156;0.03201163502755664
2878.5;0.04195042222827568;0.03450226244343891;0.02400793650793651
2880.0;0.017373380447585393;0.01862097440132122;0.024653689858781795
2881.5;0.017373380447585393;0.031456657730116175;0.036921369689283445
2883.0;0.02802491103202847;0.030318091451292245;0.03875838926174497
2884.5;0.03966822935448972;0.037422037422037424;0.023809523809523808
2886.0;0.01865038996269922;0.015597920277296359;0.01890359168241966
2887.5;0.018470790378006873;0.01865038996269922;0.028754185283799378
2889.0;0.028580208973570994;0.018876611418047883;0.022789783889980354
2890.5;0.03846568257730848;0.017910447761194027;0.017057012137412682
2892.0;0.0161839863713799;0.023274161735700197;0.018935399507257263
2893.5;0.01756386861313869;0.029937629937629936;0.034390377255330784
2895.0;0.015755085912057668;0.024378585086042064;0.02352661596958175
2896.5;0.01687639577956378;0.0153103221203973;0.016745278089359245
2898.0;0.026548672566371685;0.042045454545454546;0.02909270216962525
2899.5;0.01597712748065927;0.017915564697815654;0.02352661596958175
2901.0;0.01597712748065927;0.03387063649006273;0.024857650156125635
2902.5;0.017547197908565945;0.03318419090231171;0.02387914230019493
2904.0;0.018332165356039182;0.027246992215145083;0.0322869008235377
2905.5;0.033435588205396154;0.04083665338645418;0.017699115044247787
2907.0;0.026060070671378093;0.03398920977467471;0.015095605501509561
2908.5;0.016638225255972697;0.01701599900781347;0.03364485981308411
2910.0;0.028865979381443297;0.03798297314996725;0.03287716955941255
2911.5;0.016089299461123942;0.03236009732360097;0.01991708723864456
2913.0;0.016716209127469836;0.03156312625250501;0.040739411342426424
2914.5;0.016716209127469836;0.018012117242508598;0.018040457594249826
2916.0;0.037753222836095765;0.024948024948024946;0.024816176470588234
2917.5;0.036415289256198344;0.015359694541667872;0.022959183673469385
2919.0;0.031746031746031744;0.02909270216962525;0.018876611418047883
2920.5;0.031746031746031744;0.019719771665801765;0.039603960396039604
2922.0;0.031746031746031744;0.03530661003451022;0.024300133307941344
2923.5;0.01612259159428971;0.01537736404878336;0.017916833801310334
2925.0;0.036007976406237624;0.030009920634920632;0.02494777243356168
2926.5;0.02516881522406384;0.017094017094017096;0.01608187134502924
2928.0;0.018696834582424188;0.037760416666666664;0.02795584045584046
2929.5;0.036799944670913985;0.020142963112819476;0.02335456475583864
2931.0;0.01603250274820786;0.03758169934640523;0.03028503562945368
2932.5;0.02802491103202847;0.016638225255972697;0.02780163625794921
2934.0;0.015414729630535846;0.040968342644320296;0.03692537951678426
2935.5;0.038942267324001106;0.02833675564681725;0.04301024053346035
2937.0;0.027531083481349913;0.02640902786533855;0.020052693208430915
2938.5;0.040968342644320296;0.033861185983827494;0.028834462393607783
2940.0;0.017754480892796753;0.03156312625250501;0.032542579075425786
2941.5;0.04083665338645418;0.01733025239957341;0.02695003689258986
2943.0;0.025621118012422364;0.02835538752362949;0.023620584642272707
2944.5;0.01647485416995113;0.025745257452574524;0.03318419090231171
2946.0;0.018026004728132386;0.01939343350027824;0.043010752688172046
2947.5;0.015095605501509561;0.024501992031872512;0.025162230168189643
2949.0;0.0175513698630137;0.025240384615384616;0.024033467974610503
2950.5;0.01842179442537598;0.029397233201581028;0.040739411342426424
2952.0;0.025573192239858905;0.025522755227552277;0.025173611111111115
2953.5;0.01845342706502636;0.027587890625;0.039115646258503396
2955.0;0.018683274021352312;0.026439243281831625;0.032392026578073094
2956.5;0.029874213836477988;0.01698283068612951;0.017374932759548146
2958.0;0.01749271137026239;0.018143754361479414;0.024723374827109266
2959.5;0.018610244807272875;0.03262041696621135;0.0330854620518983
2961.0;0.0325497287522604;0.037483266398929044;0.025529865125240848
2962.5;0.01865038996269922;0.04195042222827568;0.024054982817869414
2964.0;0.017498443680569787;0.033445440956651716;0.030178326474622767
2965.5;0.01654091700522345;0.02867383512544803;0.04320335021713005
2967.0;0.01865038996269922;0.04093567251461988;0.03167271527548663
2968.5;0.020484171322160148;0.017563955708285603;0.0390376660134988
2970.0;0.01897923971725942;0.03398920977467471;0.02110658347128486
2971.5;0.018666279410617808;0.038198585803298095;0.03859846355630505
2973.0;0.018515152511839206;0.018026004728132386;0.028865979381443297
2974.5;0.014949066276482285;0.029647930821494754;0.03207212533254508
2976.0;0.014949066276482285;0.018487434139972954;0.031475541299117886
2977.5;0.014949066276482285;0.03608247422680412;0.029663660198773964
2979.0;0.014949066276482285;0.018086080586080584;0.023762376237623763
2980.5;0.017501662804012726;0.017112577971766515;0.023991478072938274
2982.0;0.016604795788250155;0.02268431001890359;0.028892455858747997
2983.5;0.03442388361470372;0.02433379845488888;0.0266837899543379
2985.0;0.03442388361470372;0.03608247422680412;0.02382296773719679
2986.5;0.03442388361470372;0.016556291390728478;0.033676366217175305
2988.0;0.0285204991087344;0.018354055654233276;0.0437679769894535
2989.5;0.0285204991087344;0.03617216117216117;0.05077498663816143
2991.0;0.0285204991087344;0.016863406408094434;0.03195266272189349
2992.5;0.017754480892796753;0.03326226012793177;0.023117106899033745
2994.0;0.01597712748065927;0.02845852328405266;0.033556149732620326
2995.5;0.015001087035292413;0.02569922389808171;0.024415458266842438
2997.0;0.015809071886378992;0.015099040540647314;0.03754652843486734
2998.5;0.01836806645203033;0.030245746691871456;0.03338900089479988
3000.0;0.02802491103202847;0.030245746691871456;0.024093511450381678
3001.5;0.03416622228993677;0.03638309256286784;0.02710790966350002
3003.0;0.03416622228993677;0.016863406408094434;0.022162324049116503
3004.5;0.025573192239858905;0.018026004728132386;0.02584279259657844
3006.0;0.038655160014383315;0.01612259159428971;0.024254473161033796
3007.5;0.038655160014383315;0.017094017094017096;0.039509360877985795
3009.0;0.015871286409530037;0.025088028169014082;0.023762376237623763
3010.5;0.015871286409530037;0.01645021645021645;0.04157043879907621
3012.0;0.018010291595197254;0.03838639043287856;0.0330854620518983
3013.5;0.024464831804281346;0.03404434055297856;0.026407273699692473
3015.0;0.032697066101095795;0.017699115044247787;0.040360951599671846
3016.5;0.015095605501509561;0.017094017094017096;0.01873389917834965
3018.0;0.015095605501509561;0.03706545928938685;0.029746281714785654
3019.5;0.014945495799148322;0.03966822935448972;0.024093511450381678
3021.0;0.015769487034319674;0.028401997503121095;0.026148673888681355
3022.5;0.03357729479429107;0.017368069472277887;0.02468109889485497
3024.0;0.014870091759449306;0.01917044266294876;0.02351778656126482
3025.5;0.014870091759449306;0.01694768198513463;0.018314772574802095
3027.0;0.027531083481349913;0.017518214028400533;0.025322619917214514
3028.5;0.03460837887067396;0.014896158355625185;0.025590081856473018
3030.0;0.033676001417936904;0.030318091451292245;0.02520325203252033
3031.5;0.017094017094017096;0.017122114923635367;0.02520098948670377
3033.0;0.023642732049036778;0.027531083481349913;0.01929033986166039
3034.5;0.035127911416571206;0.04265021459227468;0.03197423804452559
3036.0;0.035774141714325206;0.016937514305333027;0.018558172733761598
3037.5;0.035774141714325206;0.018470790378006873;0.018354055654233276
3039.0;0.015743018124095107;0.01850632726208763;0.030628272251308895
3040.5;0.015743018124095107;0.017754480892796753;0.044226498889711335
3042.0;0.03441791502515164;0.02460456942003515;0.038100208768267224
3043.5;0.01597712748065927;0.0262582056892779;0.02848722986247544
3045.0;0.016638225255972697;0.016853002831819352;0.039313904068002434
3046.5;0.015001087035292413;0.03076071086945577;0.023254709514009816
3048.0;0.017623877982923447;0.018944170972160067;0.03503959398030303
3049.5;0.01842179442537598;0.036646406864497674;0.025469057738156938
3051.0;0.017094017094017096;0.04280472890338361;0.016371008616320324
3052.5;0.016863406408094434;0.018010291595197254;0.04172622319956021
3054.0;0.015809071886378992;0.03466050479914682;0.02891522988505747
3055.5;0.01663225731761437;0.024464831804281346;0.04450848543067563
3057.0;0.018470790378006873;0.017754480892796753;0.02939958592132505
3058.5;0.015731292517006803;0.017368069472277887;0.03318419090231171
3060.0;0.016676298192025096;0.028580208973570994;0.017906866520528468
3061.5;0.0161839863713799;0.02268431001890359;0.023834019204389576
3063.0;0.01865038996269922;0.019659185369908565;0.04307545367717287
3064.5;0.015280135823429542;0.026201242409193477;0.029980885931836933
3066.0;0.03617216117216117;0.024122807017543862;0.019524316648917288
3067.5;0.016745540589734254;0.019408502772643253;0.03246305018677928
3069.0;0.01702553830746119;0.017215791035915702;0.026297136376523953
3070.5;0.01771809624494277;0.024464831804281346;0.02819414703783012
3072.0;0.017603269400950756;0.017094017094017096;0.04589301373867291
3073.5;0.03858606712690403;0.02703900709219858;0.036295319791760094
3075.0;0.01490398320124353;0.018010291595197254;0.03263167698970801
3076.5;0.017439295057023192;0.016638225255972697;0.028926736955934035
3078.0;0.03247147579747986;0.02891543420553659;0.02145655824367187
3079.5;0.03247147579747986;0.030771781179859122;0.02743127173059061
3081.0;0.03611549666212213;0.037829543576496844;0.02284162378502001
3082.5;0.03611549666212213;0.015098865287616147;0.027718550106609806
3084.0;0.03512773722627738;0.02587800369685767;0.016357261371818553
3085.5;0.015871286409530037;0.033676001417936904;0.019276956137024393
3087.0;0.016676298192025096;0.0350922131147541;0.020830580084499714
3088.5;0.018332165356039182;0.043010752688172046;0.03591610836003495
3090.0;0.018332165356039182;0.04172335600907029;0.024371551195585532
3091.5;0.026548672566371685;0.015517241379310345;0.042227833894500556
3093.0;0.015871286409530037;0.03916827852998066;0.03511762700306853
3094.5;0.017754480892796753;0.025573192239858905;0.021574944544206193
3096.0;0.017754480892796753;0.025439127801332527;0.029789368104312937
3097.5;0.03706545928938685;0.03460837887067396;0.03254934901301974
3099.0;0.014910112661872163;0.0279090113735783;0.041666666666666664
3100.5;0.018683274021352312;0.016682035039890953;0.02842763873775844
3102.0;0.01749271137026239;0.03599221789883269;0.035892412738207466
3103.5;0.015188609731168737;0.016830578931359627;0.026736690465523273
3105.0;0.0175884771057884;0.03669724770642202;0.039225260416666664
3106.5;0.01839739098584907;0.016676298192025096;0.027839710756251884
3108.0;0.01748380347217215;0.017094017094017096;0.027032520325203254
3109.5;0.018470790378006873;0.018010291595197254;0.032692307692307694
3111.0;0.016863406408094434;0.026548672566371685;0.03291591229128948
3112.5;0.015769487034319674;0.02460456942003515;0.03870884773662551
3114.0;0.016638225255972697;0.030009920634920632;0.03260462173359341
3115.5;0.017547197908565945;0.01814552172099398;0.030128205128205132
3117.0;0.017094017094017096;0.031190019193857967;0.02872168284789644
3118.5;0.016745540589734254;0.01730418943533698;0.047643900984193265
3120.0;0.018470790378006873;0.027844062403962613;0.03376047313947757
3121.5;0.015871286409530037;0.02400793650793651;0.025657700266036067
3123.0;0.0161839863713799;0.015931023572219587;0.035474090407938266
3124.5;0.01597712748065927;0.017015706806282723;0.02033315779424265
3126.0;0.01678424862821045;0.01822513964717392;0.027313709891275528
3127.5;0.018026004728132386;0.016217853406024562;0.05937604830593761
3129.0;0.018354055654233276;0.025522755227552277;0.019042795986441412
3130.5;0.017015706806282723;0.016638225255972697;0.047405660377358494
3132.0;0.015225395561747438;0.027531083481349913;0.02733881163084703
3133.5;0.01594765689784196;0.024378585086042064;0.03416594889463106
3135.0;0.0175513698630137;0.0153103221203973;0.0336631499090272
3136.5;0.017754480892796753;0.032697066101095795;0.05965463108320251
3138.0;0.01850632726208763;0.015809071886378992;0.04726201486011235
3139.5;0.01663225731761437;0.01836806645203033;0.027400468384074936
3141.0;0.015095605501509561;0.0381479518588489;0.031831823584429216
3142.5;0.017623877982923447;0.026060070671378093;0.02860453141091658
3144.0;0.016863406408094434;0.0175513698630137;0.03962331201137172
3145.5;0.017094017094017096;0.017754480892796753;0.03503787878787879
3147.0;0.01865038996269922;0.015871286409530037;0.029401154401154404
3148.5;0.0161839863713799;0.015809071886378992;0.026859962301807296
3150.0;0.033676001417936904;0.035572080214829514;0.031238990017615965
3151.5;0.015871286409530037;0.024816176470588234;0.02449144369435037
3153.0;0.01882395123700251;0.015095605501509561;0.020618556701030927
3154.5;0.026807082576071114;0.035127911416571206;0.026888758281684126
3156.0;0.015847018745455917;0.015280135823429542;0.029967159277504103
3157.5;0.015001087035292413;0.015871286409530037;0.030674299971040965
3159.0;0.038655160014383315;0.015871286409530037;0.03304287697925392
3160.5;0.017094017094017096;0.014945495799148322;0.01654091700522345
3162.0;0.015731292517006803;0.01836806645203033;0.034776511593078194
3163.5;0.031746031746031744;0.01488644788002137;0.018459825373267378
3165.0;0.025088028169014082;0.03251852018092068;0.03694056161599404
3166.5;0.017699115044247787;0.01570251018973342;0.045971410006497716
3168.0;0.018010291595197254;0.037753222836095765;0.041591320072332724
3169.5;0.01874107841782935;0.01675356994726551;0.021402364451691806
3171.0;0.01654091700522345;0.015898024165091146;0.019089917501776986
3172.5;0.02568279495355608;0.01661081524818724;0.0342268752876208
3174.0;0.016807551075732556;0.025573192239858905;0.02400793650793651
3175.5;0.015095605501509561;0.01726263871763255;0.01929282065071256
3177.0;0.02802491103202847;0.03297682709447416;0.03201163502755664
3178.5;0.030185758513931894;0.033762960685086274;0.019115674337013725
3180.0;0.022727272727272728;0.018345227946508485;0.03386061034523388
3181.5;0.015731292517006803;0.03352466868440223;0.04062000639181846
3183.0;0.018010291595197254;0.038037648402603624;0.03442928039702233
3184.5;0.02802491103202847;0.038655160014383315;0.019173041541590007
3186.0;0.015095605501509561;0.015871286409530037;0.026484420928865368
3187.5;0.01783664661861255;0.035650623885918005;0.027332170880557977
3189.0;0.016863406408094434;0.033676001417936904;0.024378585086042064
3190.5;0.015871286409530037;0.03706545928938685;0.030318091451292245
3192.0;0.015871286409530037;0.017547197908565945;0.015597920277296359
3193.5;0.019142066420664204;0.03173139329252938;0.03764790247400502
3195.0;0.016917819729987117;0.032573955124637066;0.027291242362525458
3196.5;0.01865038996269922;0.03764790247400502;0.023274161735700197
3198.0;0.017754480892796753;0.017623877982923447;0.02475049900199601
3199.5;0.035127911416571206;0.035572080214829514;0.01756386861313869
3201.0;0.016676298192025096;0.035572080214829514;0.020734115460564525
3202.5;0.017824497257769654;0.035572080214829514;0.026457750968564567
3204.0;0.016335052812576762;0.01865038996269922;0.03357531760435572
3205.5;0.03699819520998976;0.01597712748065927;0.024816176470588234
3207.0;0.03699819520998976;0.01597712748065927;0.0386416861826698
3208.5;0.03699819520998976;0.016745540589734254;0.039888682745825604
3210.0;0.03924126754390435;0.014945495799148322;0.018010291595197254
3211.5;0.031152703202802817;0.017498443680569787;0.03916827852998066
3213.0;0.015095605501509561;0.017443347491498312;0.01862097440132122
3214.5;0.017498443680569787;0.01834862385321101;0.017154737992035804
3216.0;0.03450566571561023;0.01814552172099398;0.03403665485907901
3217.5;0.03450566571561023;0.01865038996269922;0.019098466389565714
3219.0;0.018470790378006873;0.03320921042632419;0.025
3220.5;0.018470790378006873;0.017094017094017096;0.018022181146025877
3222.0;0.03357531760435572;0.01597712748065927;0.034026465028355386
3223.5;0.03320921042632419;0.015809071886378992;0.02587800369685767
3225.0;0.016863406408094434;0.03902213310711807;0.03667434715821812
3226.5;0.01597712748065927;0.01663225731761437;0.015993468133134816
3228.0;0.025088028169014082;0.023765996343692867;0.025840237865832654
3229.5;0.024122807017543862;0.015095605501509561;0.031746031746031744
3231.0;0.015001087035292413;0.016676298192025096;0.019527766042341455
3232.5;0.015280135823429542;0.0161839863713799;0.03425578937253772
3234.0;0.023642732049036778;0.017094017094017096;0.024735367321663298
3235.5;0.01865038996269922;0.027531083481349913;0.018076621337332874
3237.0;0.015809071886378992;0.024464831804281346;0.01645021645021645
3238.5;0.018010291595197254;0.024464831804281346;0.018143754361479414
3240.0;0.018470790378006873;0.01865038996269922;0.016700099238231795
3241.5;0.018354055654233276;0.03482458408757866;0.022253944154729685
3243.0;0.0189328743545611;0.03482458408757866;0.018195147960543855
3244.5;0.0161839863713799;0.01865038996269922;0.029330205049121854
3246.0;0.03966822935448972;0.03293798595973293;0.02928870292887029
3247.5;0.017094017094017096;0.03293798595973293;0.029613530167358564
3249.0;0.0161839863713799;0.015743018124095107;0.02352661596958175
3250.5;0.03320921042632419;0.018010291595197254;0.019524316648917288
3252.0;0.016838000708968452;0.035650623885918005;0.03893355903512484
3253.5;0.03564899451553931;0.015001087035292413;0.025322619917214514
3255.0;0.017015706806282723;0.017623877982923447;0.016838000708968452
3256.5;0.019179429534916397;0.017547197908565945;0.016371008616320324
3258.0;0.018354055654233276;0.017699115044247787;0.03852920478536242
3259.5;0.016863406408094434;0.025088028169014082;0.017661507160658167
3261.0;0.017094017094017096;0.016745540589734254;0.0399002493765586
3262.5;0.01597712748065927;0.017547197908565945;0.0370850622406639
3264.0;0.01726263871763255;0.01865038996269922;0.03362011573718442
3265.5;0.02703900709219858;0.01834862385321101;0.033181965617904645
3267.0;0.02703900709219858;0.01658812264133231;0.020006613756613757
3268.5;0.032697066101095795;0.029017857142857144;0.040742157612853866
3270.0;0.024254473161033796;0.03966822935448972;0.03290294905337358
3271.5;0.04271844660194175;0.02911275415896488;0.028892455858747997
3273.0;0.026548672566371685;0.025820463320463317;0.017043212023170436
3274.5;0.014945495799148322;0.017215791035915702;0.031514178705189945
3276.0;0.017596390484003282;0.01718287488267995;0.025754527162977867
3277.5;0.022041062801932364;0.027159972366261123;0.036415289256198344
3279.0;0.015731292517006803;0.028767979987492184;0.019274809160305342
3280.5;0.01865038996269922;0.019961612284069098;0.027032520325203254
3282.0;0.0175513698630137;0.01925569586423465;0.024093511450381678
3283.5;0.03722426470588235;0.01719134161360837;0.017368069472277887
3285.0;0.03106789479980177;0.01865038996269922;0.02525050100200401
3286.5;0.016745540589734254;0.0175513698630137;0.03347790671843099
3288.0;0.02516881522406384;0.016863406408094434;0.026779422128259334
3289.5;0.01672535211267606;0.023809523809523808;0.025502008032128515
3291.0;0.022789783889980354;0.01583436633020483;0.02352661596958175
3292.5;0.01858759764068229;0.017656852955616538;0.026699004209013447
3294.0;0.018010291595197254;0.0170487948265726;0.028892455858747997
3295.5;0.03966822935448972;0.018314772574802095;0.04691142191142191
3297.0;0.017094017094017096;0.018197573656845753;0.03110117319084679
3298.5;0.0285204991087344;0.016638225255972697;0.03798297314996725
3300.0;0.015001087035292413;0.018876611418047883;0.03153858193770543
3301.5;0.015001087035292413;0.017580992631420062;0.029094243454631213
3303.0;0.03061868686868687;0.02587800369685767;0.03072792362768496
3304.5;0.016638225255972697;0.017368069472277887;0.034730506452662395
3306.0;0.01865038996269922;0.017883272962794156;0.02799297753560743
3307.5;0.0161839863713799;0.02752293577981652;0.023809523809523808
3309.0;0.01865038996269922;0.030245746691871456;0.030257320319432124
3310.5;0.03706545928938685;0.028050275904353158;0.02433379845488888
3312.0;0.027699718988358095;0.025351205447518555;0.03676148796498906
3313.5;0.018026004728132386;0.01676764541378836;0.022098515519568148
3315.0;0.03416622228993677;0.03360176190396126;0.01767622907113149
3316.5;0.016863406408094434;0.01702553830746119;0.030137981118373278
3318.0;0.027531083481349913;0.039888682745825604;0.024866274858246
3319.5;0.017754480892796753;0.022727272727272728;0.027587890625
3321.0;0.017754480892796753;0.01865038996269922;0.033972841057362396
3322.5;0.024114774114774116;0.03250478011472275;0.014922830014276238
3324.0;0.017015706806282723;0.03443877551020408;0.018354055654233276
3325.5;0.024114774114774116;0.01726263871763255;0.030288461538461535
3327.0;0.016821418488660245;0.037753222836095765;0.017679771605305417
3328.5;0.0175513698630137;0.03966822935448972;0.019139945314441957
3330.0;0.018012117242508598;0.03136882129277567;0.017215791035915702
3331.5;0.041674831798288584;0.016897746967071057;0.026195426195426197
3333.0;0.02475049900199601;0.024093511450381678;0.01754733909430042
3334.5;0.015136118568480843;0.017814806907942786;0.035650623885918005
3336.0;0.03669724770642202;0.016694437748184725;0.01819363222871995
3337.5;0.024664750957854403;0.01733025239957341;0.016217853406024562
3339.0;0.015154962909024714;0.017887070857162603;0.029135338345864664
3340.5;0.02494777243356168;0.017699115044247787;0.0230722525804493
3342.0;0.01814552172099398;0.01835078161749423;0.023137535816618916
3343.5;0.03669724770642202;0.02264477410067647;0.018595825426944972
3345.0;0.026548672566371685;0.016335052812576762;0.0167163622810287
3346.5;0.02587800369685767;0.026060070671378093;0.024664750957854403
3348.0;0.017094017094017096;0.019139945314441957;0.03197423804452559
3349.5;0.017460979111666896;0.017934291168491913;0.01535109722361575
3351.0;0.017215791035915702;0.01597712748065927;0.018086080586080584
3352.5;0.018595825426944972;0.03966822935448972;0.018197573656845753
3354.0;0.016812053925455987;0.01749271137026239;0.017222129645059158
3355.5;0.040819094114456195;0.015963095712199653;0.036391352782035494
3357.0;0.024114774114774116;0.01863310550496908;0.015731292517006803
3358.5;0.01594765689784196;0.036783854166666664;0.02516881522406384
3360.0;0.016624630520743856;0.03948705750059468;0.015280135823429542
3361.5;0.018026004728132386;0.02587800369685767;0.01850632726208763
3363.0;0.020423892100192676;0.024672187715665976;0.03722426470588235
3364.5;0.0167163622810287;0.023809523809523808;0.025088028169014082
3366.0;0.03233333211471133;0.016917819729987117;0.03423209093312186
3367.5;0.026548672566371685;0.040968342644320296;0.035259159797595516
3369.0;0.0161839863713799;0.0367279087083759;0.033676001417936904
3370.5;0.023765996343692867;0.026060070671378093;0.03482458408757866
3372.0;0.01808662541646835;0.017623877982923447;0.015769487034319674
3373.5;0.01632886321795957;0.03746174588351344;0.027531083481349913
3375.0;0.018052243358660087;0.03764790247400502;0.01850632726208763
3376.5;0.017773776536674248;0.03136882129277567;0.015809071886378992
3378.0;0.018010291595197254;0.03512773722627738;0.03173139329252938
3379.5;0.029135338345864664;0.015731292517006803;0.0175513698630137
3381.0;0.02909270216962525;0.01597712748065927;0.040968342644320296
3382.5;0.035813733041056936;0.024114774114774116;0.024122807017543862
3384.0;0.03974018017914857;0.024114774114774116;0.029017857142857144
3385.5;0.018937169700528483;0.015280135823429542;0.018010291595197254
3387.0;0.03250478011472275;0.030993042378241617;0.017094017094017096
3388.5;0.015731292517006803;0.029135338345864664;0.017094017094017096
3390.0;0.024816176470588234;0.025573192239858905;0.023765996343692867
3391.5;0.0230722525804493;0.01597712748065927;0.03153858193770543
3393.0;0.026113457095052188;0.016638225255972697;0.027419983061364055
3394.5;0.02475049900199601;0.017094017094017096;0.022727272727272728
3396.0;0.01605832636760472;0.016676298192025096;0.01859099804305284
3397.5;0.0340398201669878;0.0170487948265726;0.03423209093312186
3399.0;0.029017857142857144;0.017971946230274694;0.02460456942003515
3400.5;0.017754480892796753;0.016052757544824884;0.027531083481349913
3402.0;0.01597712748065927;0.017094017094017096;0.016638225255972697
3403.5;0.03564899451553931;0.015871286409530037;0.018026004728132386
3405.0;0.01865038996269922;0.025989604158336663;0.029874213836477988
3406.5;0.0175513698630137;0.01608187134502924;0.0161839863713799
3408.0;0.034408602150537634;0.018052243358660087;0.03858564130142512
3409.5;0.03020833333333333;0.024114774114774116;0.017971946230274694
3411.0;0.026548672566371685;0.027731151209959438;0.02516881522406384
3412.5;0.01730418943533698;0.01654091700522345;0.01917044266294876
3414.0;0.01705018909044292;0.01612259159428971;0.0175513698630137
3415.5;0.019142066420664204;0.019138359569179784;0.025088028169014082
3417.0;0.030245746691871456;0.017825311942959002;0.016863406408094434
3418.5;0.017754480892796753;0.01835078161749423;0.017547197908565945
3420.0;0.025573192239858905;0.019013032926225155;0.024114774114774116
3421.5;0.03136882129277567;0.024175885537013088;0.01950286806883365
3423.0;0.018010291595197254;0.02475049900199601;0.029722271675271496
3424.5;0.015095605501509561;0.024991526381199863;0.026254030596164567
3426.0;0.018371212121212118;0.01654091700522345;0.01831745680048178
3427.5;0.016638225255972697;0.026008544499885856;0.027531083481349913
3429.0;0.03136882129277567;0.016335052812576762;0.031723651744800845
3430.5;0.039888682745825604;0.023418491484184917;0.025088028169014082
3432.0;0.02703900709219858;0.03652462645268401;0.015280135823429542
3433.5;0.024122807017543862;0.01734599802897381;0.01749271137026239
3435.0;0.017623877982923447;0.023842549548779852;0.040968342644320296
3436.5;0.027531083481349913;0.01688196818076721;0.033676001417936904
3438.0;0.017754480892796753;0.024637681159420288;0.033676001417936904
3439.5;0.02802491103202847;0.032168968318440294;0.016638225255972697
3441.0;0.03669724770642202;0.026592455163883737;0.019274809160305342
3442.5;0.02587800369685767;0.029135338345864664;0.028076718167288225
3444.0;0.02802491103202847;0.01834862385321101;0.01672535211267606
3445.5;0.03585049580472921;0.027684243413059327;0.02802491103202847
3447.0;0.04093567251461988;0.025259623005335446;0.03512773722627738
3448.5;0.03250478011472275;0.018683274021352312;0.018470790378006873
3450.0;0.03160767554530645;0.026475958612294584;0.017391304347826087
3451.5;0.01882395123700251;0.01730418943533698;0.017121863302370723
3453.0;0.015245106155354892;0.02577961274606387;0.015024970979036621
3454.5;0.01761087565350941;0.0161839863713799;0.024122807017543862
3456.0;0.02703900709219858;0.01850632726208763;0.018010291595197254
3457.5;0.03609431217943811;0.018470790378006873;0.01723920181864107
3459.0;0.024816176470588234;0.0285204991087344;0.040819094114456195
3460.5;0.019139945314441957;0.026548672566371685;0.015280135823429542
3462.0;0.023418491484184917;0.015280135823429542;0.016863406408094434
3463.5;0.016897746967071057;0.027531083481349913;0.03482458408757866
3465.0;0.015280135823429542;0.01597712748065927;0.017971946230274694
3466.5;0.02516881522406384;0.014945495799148322;0.024816176470588234
3468.0;0.018197573656845753;0.026548672566371685;0.030938123752495012
3469.5;0.018197573656845753;0.038655160014383315;0.02400793650793651
3471.0;0.033972841057362396;0.025573192239858905;0.01862923806051768
3472.5;0.01726263871763255;0.025573192239858905;0.024114774114774116
3474.0;0.0293705204113431;0.022128060263653486;0.026998169615619284
3475.5;0.03357531760435572;0.01726263871763255;0.018354055654233276
3477.0;0.02703900709219858;0.017094017094017096;0.027018175863762896
3478.5;0.016745540589734254;0.01726263871763255;0.01749271137026239
3480.0;0.027531083481349913;0.03726311306693165;0.018010291595197254
3481.5;0.017094017094017096;0.029017857142857144;0.017971946230274694
3483.0;0.01749271137026239;0.015095605501509561;0.02623456790123457
3484.5;0.03535245814226298;0.02848722986247544;0.0220703125
3486.0;0.027531083481349913;0.023110188049720315;0.026910928616550856
3487.5;0.0189328743545611;0.03004578405188859;0.026689894834772934
3489.0;0.018010291595197254;0.018624934405591875;0.03197423804452559
3490.5;0.0325497287522604;0.035650623885918005;0.02669539153240914
3492.0;0.018010291595197254;0.03800513149454778;0.029017857142857144
3493.5;0.0189328743545611;0.015280135823429542;0.019192913385826772
3495.0;0.016863406408094434;0.018026004728132386;0.022964015151515152
3496.5;0.015001087035292413;0.025176372942315672;0.016293098349991132
3498.0;0.02460456942003515;0.01865038996269922;0.04698749526335733
3499.5;0.01597712748065927;0.024114774114774116;0.027220532058466956
3501.0;0.029135338345864664;0.022128060263653486;0.01834862385321101
3502.5;0.017094017094017096;0.01814552172099398;0.03247535985251365
3504.0;0.017094017094017096;0.02343480758184951;0.028121279084210814
3505.5;0.025573192239858905;0.02495201535508637;0.023765996343692867
3507.0;0.015095605501509561;0.016775599128540302;0.036165577342047936
3508.5;0.015871286409530037;0.026077596751308774;0.01772583585828775
3510.0;0.033879208022981784;0.028834462393607783;0.015489719503383037
3511.5;0.033879208022981784;0.024093511450381678;0.026475958612294584
3513.0;0.017094017094017096;0.02799872733057588;0.018559977888336097
3514.5;0.023244781783681213;0.01835673375718387;0.024093511450381678
3516.0;0.03639029592108771;0.01733025239957341;0.024941894247530506
3517.5;0.016043635035830027;0.0188212927756654;0.017089125102207687
3519.0;0.017754480892796753;0.01648275383440905;0.01767622907113149
3520.5;0.01842179442537598;0.02811244979919679;0.03347034644744569
3522.0;0.015731292517006803;0.016348533050547898;0.02611218568665377
3523.5;0.036646406864497674;0.017522464698331193;0.02724539646749342
3525.0;0.017083111144968386;0.03268190602601175;0.01544910828831108
3526.5;0.018354055654233276;0.019659185369908565;0.015280135823429542
3528.0;0.018010291595197254;0.01869066600609171;0.019673731176798662
3529.5;0.0189328743545611;0.015517241379310345;0.019263204616067467
3531.0;0.0189328743545611;0.02771084337349398;0.01928081589590294
3532.5;0.029874213836477988;0.01756386861313869;0.01611348299132351
3534.0;0.018354055654233276;0.016100292732595136;0.0254755109468079
3535.5;0.019527766042341455;0.018876611418047883;0.039888682745825604
3537.0;0.016917819729987117;0.02623456790123457;0.026457750968564567
3538.5;0.01726263871763255;0.028590496529631602;0.022549019607843137
3540.0;0.015907416444202047;0.024464831804281346;0.017570604905697253
3541.5;0.018354055654233276;0.028536485935589072;0.02617712051674316
3543.0;0.02752293577981652;0.029746281714785654;0.026107226107226107
3544.5;0.016357261371818553;0.017244145785327365;0.03450226244343891
3546.0;0.0175513698630137;0.02591987030513108;0.025405869497346238
3547.5;0.016745540589734254;0.02352661596958175;0.024378585086042064
3549.0;0.024093511450381678;0.02566596808561249;0.029397233201581028
3550.5;0.0161446953143967;0.028050275904353158;0.030938123752495012
3552.0;0.03126807073295329;0.0437679769894535;0.029588002850294746
3553.5;0.017094017094017096;0.036165577342047936;0.0230994573308361
3555.0;0.018010291595197254;0.03358945900566322;0.030009920634920632
3556.5;0.02268431001890359;0.03966323666978484;0.029397233201581028
3558.0;0.016293098349991132;0.01942319011183049;0.02003052270125906
3559.5;0.03191676745851877;0.02268431001890359;0.033445440956651716
3561.0;0.015280135823429542;0.0319262493934983;0.023762376237623763
3562.5;0.03106789479980177;0.040149292856162075;0.029702970297029705
3564.0;0.018026004728132386;0.036165577342047936;0.01834862385321101
3565.5;0.037753222836095765;0.028186274509803922;0.018803418803418803
3567.0;0.016745540589734254;0.04195042222827568;0.01904761904761905
3568.5;0.025088028169014082;0.031746031746031744;0.026258914788022607
3570.0;0.03764790247400502;0.017094017094017096;0.026682240699241272
3571.5;0.017623877982923447;0.031027253668763105;0.016348533050547898
3573.0;0.017547197908565945;0.029611819109441828;0.03674948240165632
3574.5;0.017754480892796753;0.035298681148176886;0.03423209093312186
3576.0;0.01663225731761437;0.01648282717157388;0.023137535816618916
3577.5;0.035437678433415665;0.0321883351674265;0.026994163424124515
3579.0;0.016403046280023436;0.03440209838119287;0.024715185078039978
3580.5;0.02911275415896488;0.023765996343692867;0.025863077823288467
3582.0;0.0369744210049458;0.018595825426944972;0.028383523710626513
3583.5;0.025088028169014082;0.03443877551020408;0.027032520325203254
3585.0;0.016745540589734254;0.03383297644539615;0.01695388914764788
3586.5;0.034633078205669056;0.019116387223106105;0.03655913978494623
3588.0;0.031723651744800845;0.017754480892796753;0.02953225313359829
3589.5;0.022041062801932364;0.01749271137026239;0.026779422128259334
3591.0;0.03706545928938685;0.0161839863713799;0.026422594491674042
3592.5;0.015809071886378992;0.02460456942003515;0.029478889311525296
3594.0;0.024122807017543862;0.03357531760435572;0.02393384239278061
3595.5;0.03357531760435572;0.019142066420664204;0.018621222101811125
3597.0;0.016863406408094434;0.03383297644539615;0.032886334610472544
3598.5;0.0325497287522604;0.03235113566605279;0.032886334610472544
