#auto generated file!
6.0;0.03339291570650722;0.03339291570650722;0.03339291570650722
7.5;0.03339291570650722;0.03339291570650722;0.03339291570650722
9.0;0.03339291570650722;0.03339291570650722;0.03339291570650722
10.5;0.03339291570650722;0.03339291570650722;0.03339291570650722
12.0;0.03339291570650722;0.03339291570650722;0.03339291570650722
13.5;0.01652892561983471;0.03339291570650722;0.0173841059602649
15.0;0.01652892561983471;0.03339291570650722;0.015280135823429542
16.5;0.017094017094017096;0.03339291570650722;0.0173841059602649
18.0;0.0787037037037037;0.03339291570650722;0.01824212271973466
19.5;0.01567656765676568;0.01652892561983471;0.017094017094017096
21.0;0.045928030303030304;0.018010291595197254;0.01967799642218247
22.5;0.016638225255972697;0.0173841059602649;0.01652892561983471
24.0;0.014827018121911038;0.0744485294117647;0.0173841059602649
25.5;0.0173841059602649;0.018010291595197254;0.01567656765676568
27.0;0.01567656765676568;0.014827018121911038;0.0173841059602649
28.5;0.01567656765676568;0.07129798903107862;0.0173841059602649
30.0;0.07763401109057301;0.01567656765676568;0.01824212271973466
31.5;0.08085501858736059;0.01824212271973466;0.0175513698630137
33.0;0.014827018121911038;0.01824212271973466;0.0173841059602649
34.5;0.08085501858736059;0.07977736549165121;0.01824212271973466
36.0;0.014827018121911038;0.01567656765676568;0.018470790378006873
37.5;0.014827018121911038;0.018470790378006873;0.0173841059602649
39.0;0.01824212271973466;0.08530042918454936;0.0173841059602649
40.5;0.01567656765676568;0.07763401109057301;0.0170487948265726
42.0;0.01567656765676568;0.01567656765676568;0.014827018121911038
43.5;0.014827018121911038;0.01652892561983471;0.018010291595197254
45.0;0.017373380447585393;0.015280135823429542;0.0173841059602649
46.5;0.014827018121911038;0.015280135823429542;0.0173841059602649
48.0;0.01567656765676568;0.015280135823429542;0.01652892561983471
49.5;0.018086080586080584;0.04990403071017274;0.01652892561983471
51.0;0.08085501858736059;0.01652892561983471;0.014827018121911038
52.5;0.01824212271973466;0.014827018121911038;0.014827018121911038
54.0;0.08315565031982942;0.04083665338645418;0.01824212271973466
55.5;0.015731292517006803;0.08085501858736059;0.014827018121911038
57.0;0.015731292517006803;0.01652892561983471;0.01824212271973466
58.5;0.01652892561983471;0.015280135823429542;0.01824212271973466
60.0;0.0175513698630137;0.01652892561983471;0.01824212271973466
61.5;0.07129798903107862;0.01824212271973466;0.01567656765676568
63.0;0.040424121935056324;0.0173841059602649;0.01652892561983471
64.5;0.0175513698630137;0.0173841059602649;0.01652892561983471
66.0;0.01567656765676568;0.017094017094017096;0.0173841059602649
67.5;0.01567656765676568;0.017699115044247787;0.01652892561983471
69.0;0.0173841059602649;0.017699115044247787;0.0175513698630137
70.5;0.01567656765676568;0.01652892561983471;0.01652892561983471
72.0;0.014827018121911038;0.014827018121911038;0.014827018121911038
73.5;0.0173841059602649;0.045928030303030304;0.018010291595197254
75.0;0.040013227513227514;0.018470790378006873;0.014827018121911038
76.5;0.07025547445255476;0.014827018121911038;0.018470790378006873
78.0;0.01567656765676568;0.014827018121911038;0.0173841059602649
79.5;0.01824212271973466;0.017094017094017096;0.01567656765676568
81.0;0.05048076923076923;0.01652892561983471;0.01567656765676568
82.5;0.018683274021352312;0.01567656765676568;0.01652892561983471
84.0;0.017699115044247787;0.01824212271973466;0.01567656765676568
85.5;0.01824212271973466;0.01652892561983471;0.01824212271973466
87.0;0.0744485294117647;0.014827018121911038;0.01824212271973466
88.5;0.017094017094017096;0.036783854166666664;0.01567656765676568
90.0;0.017094017094017096;0.06921675774134792;0.018470790378006873
91.5;0.0650994575045208;0.047619047619047616;0.01567656765676568
93.0;0.06818181818181818;0.044811320754716985;0.018026004728132386
94.5;0.08085501858736059;0.017373380447585393;0.016638225255972697
96.0;0.08085501858736059;0.01652892561983471;0.016638225255972697
97.5;0.01567656765676568;0.01824212271973466;0.01824212271973466
99.0;0.014827018121911038;0.018010291595197254;0.017094017094017096
100.5;0.014827018121911038;0.041666666666666664;0.0189328743545611
102.0;0.07339449541284404;0.018010291595197254;0.04875717017208413
103.5;0.014827018121911038;0.0173841059602649;0.018026004728132386
105.0;0.014827018121911038;0.0173841059602649;0.014827018121911038
106.5;0.01652892561983471;0.033547008547008546;0.01608187134502924
108.0;0.01824212271973466;0.01824212271973466;0.0744485294117647
109.5;0.014827018121911038;0.017373380447585393;0.018026004728132386
111.0;0.01824212271973466;0.014827018121911038;0.014827018121911038
112.5;0.01567656765676568;0.018010291595197254;0.017094017094017096
114.0;0.017699115044247787;0.01824212271973466;0.0161839863713799
115.5;0.0173841059602649;0.014827018121911038;0.01567656765676568
117.0;0.016638225255972697;0.01824212271973466;0.047619047619047616
118.5;0.01567656765676568;0.07339449541284404;0.0661231884057971
120.0;0.017094017094017096;0.051640926640926635;0.017094017094017096
121.5;0.01652892561983471;0.01652892561983471;0.01567656765676568
123.0;0.014827018121911038;0.01652892561983471;0.019345238095238096
124.5;0.01652892561983471;0.0189328743545611;0.018371212121212118
126.0;0.014827018121911038;0.017094017094017096;0.0173841059602649
127.5;0.017094017094017096;0.014827018121911038;0.01652892561983471
129.0;0.014827018121911038;0.0173841059602649;0.01824212271973466
130.5;0.01652892561983471;0.014827018121911038;0.0161839863713799
132.0;0.017094017094017096;0.04208416833667335;0.01567656765676568
133.5;0.049329501915708805;0.01567656765676568;0.0161839863713799
135.0;0.014827018121911038;0.01567656765676568;0.01567656765676568
136.5;0.0173841059602649;0.01652892561983471;0.01824212271973466
138.0;0.01567656765676568;0.01652892561983471;0.0173841059602649
139.5;0.01567656765676568;0.015280135823429542;0.014827018121911038
141.0;0.01567656765676568;0.01652892561983471;0.016638225255972697
142.5;0.01567656765676568;0.016638225255972697;0.018010291595197254
144.0;0.0175513698630137;0.016638225255972697;0.016638225255972697
145.5;0.01567656765676568;0.016638225255972697;0.07977736549165121
147.0;0.01567656765676568;0.016638225255972697;0.0175513698630137
148.5;0.01567656765676568;0.0175513698630137;0.014827018121911038
150.0;0.0173841059602649;0.01652892561983471;0.01567656765676568
151.5;0.0173841059602649;0.01567656765676568;0.018470790378006873
153.0;0.0173841059602649;0.01824212271973466;0.01652892561983471
154.5;0.0173841059602649;0.01567656765676568;0.016403046280023436
156.0;0.0173841059602649;0.01824212271973466;0.016638225255972697
157.5;0.0161839863713799;0.0175513698630137;0.0173841059602649
159.0;0.0161839863713799;0.043703007518796994;0.01567656765676568
160.5;0.0161839863713799;0.017094017094017096;0.017699115044247787
162.0;0.01824212271973466;0.0189328743545611;0.017094017094017096
163.5;0.07129798903107862;0.01652892561983471;0.01824212271973466
165.0;0.0175513698630137;0.016638225255972697;0.0173841059602649
166.5;0.01567656765676568;0.0175513698630137;0.01652892561983471
168.0;0.047619047619047616;0.06715063520871144;0.01824212271973466
169.5;0.0744485294117647;0.019013666072489603;0.01824212271973466
171.0;0.0661231884057971;0.04536862003780718;0.018354055654233276
172.5;0.04875717017208413;0.01652892561983471;0.0173841059602649
174.0;0.0661231884057971;0.07234432234432234;0.01652892561983471
175.5;0.0173841059602649;0.01824212271973466;0.014827018121911038
177.0;0.01567656765676568;0.014827018121911038;0.014827018121911038
178.5;0.01567656765676568;0.016638225255972697;0.01824212271973466
180.0;0.01567656765676568;0.040424121935056324;0.016403046280023436
181.5;0.07234432234432234;0.040424121935056324;0.016863406408094434
183.0;0.0787037037037037;0.017094017094017096;0.016863406408094434
184.5;0.0787037037037037;0.01865038996269922;0.04054054054054054
186.0;0.0787037037037037;0.017094017094017096;0.018542690508967015
187.5;0.0787037037037037;0.017094017094017096;0.018143754361479414
189.0;0.0787037037037037;0.018026004728132386;0.017825311942959002
190.5;0.01652892561983471;0.049561699258260275;0.017893106119287374
192.0;0.0173841059602649;0.017094017094017096;0.017754480892796753
193.5;0.01652892561983471;0.03879026955950033;0.017699115044247787
195.0;0.018470790378006873;0.01597712748065927;0.01597712748065927
196.5;0.08048289738430583;0.0425033467202142;0.0170487948265726
198.0;0.016638225255972697;0.04990403071017274;0.04640718562874251
199.5;0.01850632726208763;0.015095605501509561;0.015069294547215105
201.0;0.017547197908565945;0.01654091700522345;0.017373380447585393
202.5;0.01488644788002137;0.01822513964717392;0.017699115044247787
204.0;0.017427438387099873;0.016703877388545722;0.017699115044247787
205.5;0.017427438387099873;0.01865038996269922;0.017754480892796753
207.0;0.016550266845809666;0.018832655731576244;0.017094017094017096
208.5;0.015690820879123473;0.01733025239957341;0.016863406408094434
210.0;0.018256492034823147;0.018666279410617808;0.040424121935056324
211.5;0.015684481542853023;0.016638225255972697;0.016403046280023436
213.0;0.01739137492247878;0.051640926640926635;0.017094017094017096
214.5;0.014829976303317897;0.051640926640926635;0.09190371991247265
216.0;0.014829976303317897;0.0189328743545611;0.01733025239957341
217.5;0.014829976303317897;0.016745540589734254;0.03758169934640523
219.0;0.014829976303317897;0.057962529274004686;0.015280135823429542
220.5;0.014829976303317897;0.03718749662814661;0.018683274021352312
222.0;0.014829976303317897;0.017824497257769654;0.036165577342047936
223.5;0.014829976303317897;0.03314777327935223;0.015329448677722997
225.0;0.06719608754144192;0.015109552273918112;0.015329448677722997
226.5;0.06513144976681805;0.018026004728132386;0.01730418943533698
228.0;0.06513144976681805;0.016335052812576762;0.018323203432248837
229.5;0.06513144976681805;0.019139945314441957;0.017545514574096786
231.0;0.016530470370958342;0.016785765670711238;0.0175513698630137
232.5;0.07027639498735616;0.017015706806282723;0.015280135823429542
234.0;0.018243179757112683;0.017603269400950756;0.019142066420664204
235.5;0.018243179757112683;0.0175513698630137;0.01950286806883365
237.0;0.018243179757112683;0.016638225255972697;0.06431440999639819
238.5;0.01597712748065927;0.015861825872400422;0.015117827861924974
240.0;0.01597712748065927;0.01609637517087528;0.01865038996269922
241.5;0.08024848949025615;0.015095605501509561;0.05720906282183316
243.0;0.015769487034319674;0.017094017094017096;0.019007390264161123
244.5;0.018332165356039182;0.0161839863713799;0.04568640205686093
246.0;0.06593806286876763;0.0544885627967199;0.0698802082078168
247.5;0.018289844042285466;0.015245106155354892;0.03608247422680412
249.0;0.07719115178862318;0.03443877551020408;0.041250831669993354
250.5;0.07719115178862318;0.05413234362270299;0.08954302181967888
252.0;0.07719115178862318;0.016383308191854164;0.01672535211267606
253.5;0.07275493910551474;0.0175513698630137;0.03798297314996725
255.0;0.048187022900763356;0.016863406408094434;0.017094017094017096
256.5;0.0720250521920668;0.01850632726208763;0.015280135823429542
258.0;0.07771195869669424;0.015280135823429542;0.08265594250021391
259.5;0.0804076327636537;0.0470532319391635;0.018683274021352312
261.0;0.015711796950363736;0.01865038996269922;0.08089887640449439
262.5;0.015711796950363736;0.015280135823429542;0.0189328743545611
264.0;0.018277260861902424;0.019139945314441957;0.015731292517006803
265.5;0.018277260861902424;0.019139945314441957;0.0425033467202142
267.0;0.018277260861902424;0.016700099238231795;0.015280135823429542
268.5;0.01740771421307761;0.017094017094017096;0.017094017094017096
270.0;0.015690820879123473;0.016863406408094434;0.0720250521920668
271.5;0.015690820879123473;0.018010291595197254;0.03383297644539615
273.0;0.015690820879123473;0.0161839863713799;0.018803418803418803
274.5;0.015690820879123473;0.015095605501509561;0.019013666072489603
276.0;0.015690820879123473;0.018010291595197254;0.0470532319391635
277.5;0.015690820879123473;0.01865038996269922;0.017094017094017096
279.0;0.015690820879123473;0.01865038996269922;0.018010291595197254
280.5;0.015687178238012765;0.01850632726208763;0.017971946230274694
282.0;0.01608187134502924;0.01850632726208763;0.017971946230274694
283.5;0.0189328743545611;0.017623877982923447;0.015069294547215105
285.0;0.015731292517006803;0.01842179442537598;0.015001087035292413
286.5;0.015871286409530037;0.017443347491498312;0.0189328743545611
288.0;0.015871286409530037;0.01784040701566475;0.04315196998123827
289.5;0.015809071886378992;0.015280135823429542;0.0189328743545611
291.0;0.015769487034319674;0.014945495799148322;0.09087154068566708
292.5;0.017465858520325457;0.017498443680569787;0.0170487948265726
294.0;0.017465858520325457;0.018332165356039182;0.01850632726208763
295.5;0.017465858520325457;0.015711796950363736;0.0161839863713799
297.0;0.0810404299340659;0.01741601350785099;0.01597712748065927
298.5;0.0810404299340659;0.016550266845809666;0.016676298192025096
300.0;0.0810404299340659;0.01654091700522345;0.0188212927756654
301.5;0.0810404299340659;0.0370850622406639;0.017699115044247787
303.0;0.0810404299340659;0.01726263871763255;0.08893709327548807
304.5;0.0810404299340659;0.016043635035830027;0.015280135823429542
306.0;0.0810404299340659;0.017574219762933944;0.017824497257769654
307.5;0.016557768507871926;0.01747771530769917;0.018027686896003935
309.0;0.016557768507871926;0.018010291595197254;0.08893709327548807
310.5;0.018010291595197254;0.08144892908951275;0.018147448015122872
312.0;0.017754480892796753;0.041666666666666664;0.017771545130035694
313.5;0.01850632726208763;0.01749271137026239;0.016403046280023436
315.0;0.01850632726208763;0.017883272962794156;0.015731292517006803
316.5;0.01850632726208763;0.017699115044247787;0.0547029702970297
318.0;0.01850632726208763;0.018314772574802095;0.018945175681156216
319.5;0.01850632726208763;0.047619047619047616;0.019139945314441957
321.0;0.01836806645203033;0.0189328743545611;0.017094017094017096
322.5;0.01836806645203033;0.015095605501509561;0.016638225255972697
324.0;0.017465858520325457;0.01865038996269922;0.04054054054054054
325.5;0.01597712748065927;0.051059730250481696;0.017373380447585393
327.0;0.01850632726208763;0.016638225255972697;0.016043635035830027
328.5;0.01850632726208763;0.016638225255972697;0.03919631093544137
330.0;0.01850632726208763;0.08691206543967281;0.05339805825242719
331.5;0.01850632726208763;0.016745540589734254;0.04990403071017274
333.0;0.01850632726208763;0.016676298192025096;0.04536862003780718
334.5;0.07299742814770317;0.014910112661872163;0.017094017094017096
336.0;0.07299742814770317;0.01488644788002137;0.01749271137026239
337.5;0.07299742814770317;0.01597712748065927;0.03411405295315682
339.0;0.016863406408094434;0.017754480892796753;0.019114380899500277
340.5;0.016863406408094434;0.07868285545991754;0.016700838391425266
342.0;0.016745540589734254;0.01660281557997176;0.019345238095238096
343.5;0.015731292517006803;0.01660281557997176;0.09913733609385783
345.0;0.015731292517006803;0.01830736743700201;0.03266518188567186
346.5;0.07548669050456894;0.01485852872552252;0.01733025239957341
348.0;0.015001087035292413;0.01485852872552252;0.016996305811885253
349.5;0.014945495799148322;0.015095605501509561;0.018401214751523086
351.0;0.016638225255972697;0.08560945780676722;0.04374966075014927
352.5;0.017754480892796753;0.03282828282828283;0.016242522094412855
354.0;0.01850632726208763;0.07633630476360911;0.04674489023467071
355.5;0.014945495799148322;0.016700702455922763;0.0175513698630137
357.0;0.014910112661872163;0.01573143975108125;0.018876611418047883
358.5;0.07053123107281715;0.014853302138208221;0.01950286806883365
360.0;0.017443347491498312;0.01740390041615224;0.019071369196057474
361.5;0.017443347491498312;0.016538844107747152;0.016897746967071057
363.0;0.017443347491498312;0.0175513698630137;0.018354055654233276
364.5;0.06675452592392313;0.017699115044247787;0.018147448015122872
366.0;0.08136827196111146;0.015871286409530037;0.018683274021352312
367.5;0.08136827196111146;0.016638225255972697;0.01850632726208763
369.0;0.06741294217325408;0.018470790378006873;0.01834061135371179
370.5;0.06741294217325408;0.016863406408094434;0.01834862385321101
372.0;0.06741294217325408;0.015001087035292413;0.01814552172099398
373.5;0.06741294217325408;0.017754480892796753;0.018612132352941176
375.0;0.06741294217325408;0.016638225255972697;0.01718287488267995
376.5;0.06741294217325408;0.016638225255972697;0.018302175503958486
378.0;0.06741294217325408;0.015001087035292413;0.018026004728132386
379.5;0.06741294217325408;0.018470790378006873;0.04377104377104378
381.0;0.06741294217325408;0.017623877982923447;0.04208416833667335
382.5;0.06741294217325408;0.014910112661872163;0.017699115044247787
384.0;0.06734575607759853;0.014910112661872163;0.017094017094017096
385.5;0.06734575607759853;0.0804076327636537;0.04033180778032036
387.0;0.06734575607759853;0.07230513049762272;0.058335286924456206
388.5;0.06734575607759853;0.07230513049762272;0.020213754646840148
390.0;0.06734575607759853;0.07230513049762272;0.017679771605305417
391.5;0.06734575607759853;0.07230513049762272;0.017015706806282723
393.0;0.06734575607759853;0.07959975734703509;0.016448125143777317
394.5;0.01825283975007182;0.07959975734703509;0.018595825426944972
396.0;0.01739137492247878;0.016550266845809666;0.01886443118699856
397.5;0.01739137492247878;0.016550266845809666;0.03383297644539615
399.0;0.017389540773412943;0.01654477169890474;0.015489719503383037
400.5;0.017388172610590263;0.07682205778853389;0.08185158875353994
402.0;0.018244633954786142;0.014834097312229661;0.017391304347826087
403.5;0.016530470370958342;0.08209841853924027;0.019142066420664204
405.0;0.01567760904807164;0.08209841853924027;0.018970180762633595
406.5;0.01567734827379584;0.015680987109796585;0.017596390484003282
408.0;0.01738482561800834;0.01653260196570383;0.017771545130035694
409.5;0.015676896668012225;0.014829232922191612;0.017368069472277887
411.0;0.01652919989388306;0.014829232922191612;0.015095605501509561
412.5;0.01652919989388306;0.014828261126484797;0.0161839863713799
414.0;0.01652919989388306;0.06614171998402871;0.043342776203965996
415.5;0.01567667170887434;0.06614171998402871;0.016863406408094434
417.0;0.0175513698630137;0.0776483655766198;0.01882395123700251
418.5;0.0175513698630137;0.0776483655766198;0.04078456212154433
420.0;0.0175513698630137;0.0776483655766198;0.01871657754010695
421.5;0.016745540589734254;0.015677006439402855;0.0175513698630137
423.0;0.016745540589734254;0.015676896668012225;0.0170487948265726
424.5;0.017547197908565945;0.015676814372618864;0.01756386861313869
426.0;0.017547197908565945;0.015676814372618864;0.055731346330509336
427.5;0.017547197908565945;0.01652913129870731;0.0161839863713799
429.0;0.01836806645203033;0.01652913129870731;0.042924211938296444
430.5;0.01836806645203033;0.07303592577970786;0.019139945314441957
432.0;0.01836806645203033;0.01842179442537598;0.018876611418047883
433.5;0.07123317659128059;0.01842179442537598;0.01887912456608984
435.0;0.01485852872552252;0.01842179442537598;0.07548669050456894
436.5;0.07275493910551474;0.01663225731761437;0.016348533050547898
438.0;0.017401635028469288;0.019013666072489603;0.03318419090231171
439.5;0.06838298669512728;0.019013666072489603;0.019345238095238096
441.0;0.035598705501618116;0.018010291595197254;0.017302798982188294
442.5;0.035598705501618116;0.018010291595197254;0.017173344791778566
444.0;0.017971946230274694;0.017754480892796753;0.06632616868837342
445.5;0.017971946230274694;0.017754480892796753;0.03871131405377981
447.0;0.018848906360245943;0.08508990794115118;0.03314777327935223
448.5;0.018848906360245943;0.08508990794115118;0.018595825426944972
450.0;0.01840766984546031;0.017754480892796753;0.01695388914764788
451.5;0.0175513698630137;0.017754480892796753;0.01845342706502636
453.0;0.01865038996269922;0.015001087035292413;0.0170487948265726
454.5;0.016676298192025096;0.017465858520325457;0.01861305152546421
456.0;0.08338930129741895;0.017443347491498312;0.04078794901506373
457.5;0.015731292517006803;0.0829083213135849;0.018566622330021126
459.0;0.017094017094017096;0.0829083213135849;0.018197573656845753
460.5;0.017754480892796753;0.07503727202704219;0.03534031413612565
462.0;0.01663225731761437;0.015695763321720377;0.03476482617586912
463.5;0.017427438387099873;0.015695763321720377;0.017792037334111128
465.0;0.016863406408094434;0.014836509492270044;0.0170487948265726
466.5;0.018010291595197254;0.014836509492270044;0.019192913385826772
468.0;0.018010291595197254;0.014834097312229661;0.01672535211267606
469.5;0.015871286409530037;0.01739137492247878;0.018354055654233276
471.0;0.01836806645203033;0.017094017094017096;0.04334677419354839
472.5;0.01830736743700201;0.015871286409530037;0.08460256118814884
474.0;0.0175513698630137;0.01842179442537598;0.018683274021352312
475.5;0.015001087035292413;0.01836806645203033;0.015414729630535846
477.0;0.017547197908565945;0.014870091759449306;0.017893106119287374
478.5;0.015743018124095107;0.014870091759449306;0.0161839863713799
480.0;0.015743018124095107;0.014870091759449306;0.017971946230274694
481.5;0.018289844042285466;0.016568094782873223;0.0161839863713799
483.0;0.01826142579350741;0.06972537892896573;0.018026004728132386
484.5;0.014836509492270044;0.015695763321720377;0.016638225255972697
486.0;0.014836509492270044;0.015690820879123473;0.0544885627967199
487.5;0.014834097312229661;0.015690820879123473;0.016335052812576762
489.0;0.014834097312229661;0.017397154861764727;0.017814806907942786
490.5;0.014834097312229661;0.01825283975007182;0.015024970979036621
492.0;0.0175513698630137;0.016533838797490336;0.015095605501509561
493.5;0.0175513698630137;0.015731292517006803;0.020006613756613757
495.0;0.0175513698630137;0.016638225255972697;0.05099700897308076
496.5;0.0175513698630137;0.01865038996269922;0.01757339238794336
498.0;0.07061592781482934;0.051640926640926635;0.0901665555404414
499.5;0.07061592781482934;0.017754480892796753;0.019142066420664204
501.0;0.0741235580813308;0.017754480892796753;0.017825311942959002
502.5;0.014910112661872163;0.04875717017208413;0.0170487948265726
504.0;0.015743018124095107;0.08450826136298063;0.019961612284069098
505.5;0.015743018124095107;0.017094017094017096;0.016735914907761343
507.0;0.015724726735506497;0.016863406408094434;0.017758354360207618
508.5;0.015280135823429542;0.015871286409530037;0.018026004728132386
510.0;0.015280135823429542;0.016676298192025096;0.041250831669993354
511.5;0.01597712748065927;0.016676298192025096;0.0161839863713799
513.0;0.017547197908565945;0.018010291595197254;0.018470790378006873
514.5;0.015769487034319674;0.016745540589734254;0.047619047619047616
516.0;0.015724726735506497;0.07756813417190776;0.017754480892796753
517.5;0.04990403071017274;0.07756813417190776;0.01850632726208763
519.0;0.01850632726208763;0.07672379434037466;0.041250831669993354
520.5;0.016676298192025096;0.016676298192025096;0.017754480892796753
522.0;0.038385826771653545;0.051059730250481696;0.017094017094017096
523.5;0.05214723926380367;0.015095605501509561;0.017623877982923447
525.0;0.01594765689784196;0.016745540589734254;0.017623877982923447
526.5;0.07425742574257424;0.0674469940084216;0.08560945780676722
528.0;0.015871286409530037;0.017465858520325457;0.07639217169329678
529.5;0.015871286409530037;0.07554733113661864;0.038385826771653545
531.0;0.015871286409530037;0.07554733113661864;0.016863406408094434
532.5;0.0175513698630137;0.07554733113661864;0.016676298192025096
534.0;0.07922182109907742;0.07554733113661864;0.016676298192025096
535.5;0.016863406408094434;0.07554733113661864;0.017094017094017096
537.0;0.016863406408094434;0.07554733113661864;0.019675925925925927
538.5;0.016863406408094434;0.07554733113661864;0.10601404741000878
540.0;0.014945495799148322;0.07554733113661864;0.05699205248442419
541.5;0.01663225731761437;0.07554733113661864;0.018613877589638058
543.0;0.01663225731761437;0.07554733113661864;0.017094017094017096
544.5;0.01663225731761437;0.07524981746976427;0.050211416490486264
546.0;0.015724726735506497;0.07524981746976427;0.05819060166886253
547.5;0.015724726735506497;0.07524981746976427;0.015414729630535846
549.0;0.018289844042285466;0.07936196740601566;0.017094017094017096
550.5;0.01741601350785099;0.01654477169890474;0.016676298192025096
552.0;0.01741601350785099;0.016863406408094434;0.017134997433140575
553.5;0.015695763321720377;0.016863406408094434;0.016873111933413492
555.0;0.015695763321720377;0.016863406408094434;0.01834862385321101
556.5;0.015695763321720377;0.017547197908565945;0.016937514305333027
558.0;0.01597712748065927;0.01663225731761437;0.016638225255972697
559.5;0.015001087035292413;0.01488644788002137;0.015001087035292413
561.0;0.015001087035292413;0.017443347491498312;0.01654091700522345
562.5;0.016676298192025096;0.017443347491498312;0.015050831498364467
564.0;0.01865038996269922;0.017094017094017096;0.04875717017208413
565.5;0.015731292517006803;0.01865038996269922;0.015280135823429542
567.0;0.016638225255972697;0.016745540589734254;0.017623877982923447
568.5;0.01865038996269922;0.016676298192025096;0.017623877982923447
570.0;0.08024848949025615;0.015769487034319674;0.01663225731761437
571.5;0.08024848949025615;0.017094017094017096;0.017094017094017096
573.0;0.016638225255972697;0.017094017094017096;0.016745540589734254
574.5;0.08560945780676722;0.017754480892796753;0.015809071886378992
576.0;0.07182211727666273;0.017754480892796753;0.0470532319391635
577.5;0.08302956662616444;0.01850632726208763;0.018470790378006873
579.0;0.01850632726208763;0.0189328743545611;0.018470790378006873
580.5;0.0161839863713799;0.0189328743545611;0.01597712748065927
582.0;0.017623877982923447;0.01597712748065927;0.018010291595197254
583.5;0.014910112661872163;0.01597712748065927;0.016638225255972697
585.0;0.06698855167485213;0.01597712748065927;0.015871286409530037
586.5;0.07203255908705936;0.017623877982923447;0.08338930129741895
588.0;0.07203255908705936;0.017547197908565945;0.0175513698630137
589.5;0.07503727202704219;0.01488644788002137;0.015095605501509561
591.0;0.09041394335511982;0.015724726735506497;0.09416299559471365
592.5;0.0882034632034632;0.015711796950363736;0.07061592781482934
594.0;0.08175211949939443;0.04536862003780718;0.09645232815964523
595.5;0.017547197908565945;0.016863406408094434;0.09087154068566708
597.0;0.048187022900763356;0.0720250521920668;0.0161839863713799
598.5;0.08569059601627427;0.0674469940084216;0.018010291595197254
600.0;0.015769487034319674;0.017498443680569787;0.015095605501509561
601.5;0.015731292517006803;0.0688532784166215;0.015095605501509561
603.0;0.01865038996269922;0.017094017094017096;0.01850632726208763
604.5;0.017623877982923447;0.01865038996269922;0.07076132648295189
606.0;0.017754480892796753;0.016676298192025096;0.08048289738430583
607.5;0.015095605501509561;0.017754480892796753;0.016745540589734254
609.0;0.017971946230274694;0.017094017094017096;0.05222437137330754
610.5;0.018052243358660087;0.016863406408094434;0.07668608086435384
612.0;0.015731292517006803;0.017498443680569787;0.09645232815964523
613.5;0.01983411467724486;0.0175513698630137;0.017623877982923447
615.0;0.017122114923635367;0.016745540589734254;0.01597712748065927
616.5;0.016873111933413492;0.019142066420664204;0.015095605501509561
618.0;0.0161839863713799;0.015414729630535846;0.01597712748065927
619.5;0.01672535211267606;0.01783664661861255;0.017547197908565945
621.0;0.018010291595197254;0.051059730250481696;0.016863406408094434
622.5;0.018683274021352312;0.03758169934640523;0.016863406408094434
624.0;0.017015706806282723;0.018792559974975337;0.016863406408094434
625.5;0.017015706806282723;0.017754480892796753;0.047619047619047616
627.0;0.01672535211267606;0.015809071886378992;0.08893709327548807
628.5;0.015414729630535846;0.015597920277296359;0.015871286409530037
630.0;0.0161839863713799;0.017883272962794156;0.01842179442537598
631.5;0.016745540589734254;0.015154962909024714;0.0161839863713799
633.0;0.015743018124095107;0.015033359741139864;0.015095605501509561
634.5;0.07554733113661864;0.017574219762933944;0.01850632726208763
636.0;0.016863406408094434;0.014895060311512434;0.015871286409530037
637.5;0.017754480892796753;0.015731292517006803;0.016638225255972697
639.0;0.01749271137026239;0.017754480892796753;0.016638225255972697
640.5;0.04674489023467071;0.018683274021352312;0.018010291595197254
642.0;0.018937169700528483;0.018683274021352312;0.01850632726208763
643.5;0.016357261371818553;0.04614106630418366;0.01850632726208763
645.0;0.017232945780185874;0.015926980240613186;0.017465858520325457
646.5;0.015028090593903158;0.016713577195494413;0.0161839863713799
648.0;0.03879026955950033;0.015791096363576857;0.01597712748065927
649.5;0.016863406408094434;0.014899481909284166;0.01597712748065927
651.0;0.018683274021352312;0.014899481909284166;0.0161839863713799
652.5;0.01612259159428971;0.018321105561060706;0.016676298192025096
654.0;0.014986153377295074;0.018321105561060706;0.018470790378006873
655.5;0.08175211949939443;0.018299592612443828;0.015095605501509561
657.0;0.0863169700629799;0.018299592612443828;0.015095605501509561
658.5;0.017498443680569787;0.014854857560555929;0.019013666072489603
660.0;0.0175513698630137;0.0165544615123132;0.018010291595197254
661.5;0.017094017094017096;0.01739966671076145;0.015871286409530037
663.0;0.01597712748065927;0.01739569931059193;0.017094017094017096
664.5;0.017015706806282723;0.01825165018278914;0.015095605501509561
666.0;0.017883272962794156;0.01653477019770324;0.015095605501509561
667.5;0.016962900268020876;0.015679510651525518;0.0161839863713799
669.0;0.018026313835954235;0.015678218630821313;0.015001087035292413
670.5;0.017727806608631144;0.0189328743545611;0.051059730250481696
672.0;0.019013666072489603;0.015731292517006803;0.051059730250481696
673.5;0.01597712748065927;0.017373380447585393;0.04208416833667335
675.0;0.016638225255972697;0.015095605501509561;0.018086080586080584
676.5;0.01850632726208763;0.016863406408094434;0.017645059094131093
678.0;0.017094017094017096;0.016638225255972697;0.01702553830746119
679.5;0.015871286409530037;0.07303592577970786;0.017754480892796753
681.0;0.016676298192025096;0.017094017094017096;0.07299742814770317
682.5;0.01942319011183049;0.015095605501509561;0.017498443680569787
684.0;0.016830578931359627;0.015871286409530037;0.016582472972657695
685.5;0.018683274021352312;0.017094017094017096;0.015095605501509561
687.0;0.07484407484407485;0.018010291595197254;0.048187022900763356
688.5;0.016638225255972697;0.016745540589734254;0.01865038996269922
690.0;0.016638225255972697;0.05214723926380367;0.017547197908565945
691.5;0.016638225255972697;0.018753527560063075;0.015769487034319674
693.0;0.0161839863713799;0.01597712748065927;0.07425742574257424
694.5;0.018010291595197254;0.016745540589734254;0.015280135823429542
696.0;0.018010291595197254;0.015095605501509561;0.01597712748065927
697.5;0.017094017094017096;0.017547197908565945;0.016863406408094434
699.0;0.016863406408094434;0.017094017094017096;0.016676298192025096
700.5;0.08265594250021391;0.0363872644574399;0.047619047619047616
702.0;0.0161839863713799;0.015001087035292413;0.01597712748065927
703.5;0.0161839863713799;0.014945495799148322;0.01597712748065927
705.0;0.017623877982923447;0.08110292001505391;0.04260299625468165
706.5;0.017498443680569787;0.0161839863713799;0.01942319011183049
708.0;0.017498443680569787;0.017754480892796753;0.015854570888502284
709.5;0.015095605501509561;0.015769487034319674;0.03443877551020408
711.0;0.016745540589734254;0.015769487034319674;0.017773776536674248
712.5;0.016745540589734254;0.017094017094017096;0.01865038996269922
714.0;0.016745540589734254;0.0175513698630137;0.018010291595197254
715.5;0.016676298192025096;0.016863406408094434;0.017623877982923447
717.0;0.0161839863713799;0.0189328743545611;0.047619047619047616
718.5;0.018354055654233276;0.018010291595197254;0.017623877982923447
720.0;0.018010291595197254;0.017094017094017096;0.016638225255972697
721.5;0.05222437137330754;0.0170487948265726;0.047619047619047616
723.0;0.049329501915708805;0.017094017094017096;0.017754480892796753
724.5;0.049329501915708805;0.017547197908565945;0.047619047619047616
726.0;0.049329501915708805;0.017547197908565945;0.015871286409530037
727.5;0.015095605501509561;0.051059730250481696;0.014945495799148322
729.0;0.01850632726208763;0.051059730250481696;0.015769487034319674
730.5;0.017094017094017096;0.043703007518796994;0.01488644788002137
732.0;0.08691206543967281;0.015871286409530037;0.018010291595197254
733.5;0.08560945780676722;0.015871286409530037;0.047619047619047616
735.0;0.017699115044247787;0.01865038996269922;0.07672379434037466
736.5;0.0161839863713799;0.016745540589734254;0.01850632726208763
738.0;0.035598705501618116;0.017094017094017096;0.06673232664261046
739.5;0.035598705501618116;0.0552187093980078;0.04260299625468165
741.0;0.01606832657788072;0.01836395435418795;0.01850632726208763
742.5;0.017754480892796753;0.09342187662080703;0.01842179442537598
744.0;0.017094017094017096;0.017754480892796753;0.015743018124095107
745.5;0.017094017094017096;0.040013227513227514;0.01570251018973342
747.0;0.017754480892796753;0.07087532272840844;0.01570251018973342
748.5;0.015769487034319674;0.03263403263403263;0.01740771421307761
750.0;0.01597712748065927;0.01919297665619777;0.01740771421307761
751.5;0.016745540589734254;0.01672535211267606;0.016863406408094434
753.0;0.01663225731761437;0.08868929006929781;0.016863406408094434
754.5;0.018289844042285466;0.017094017094017096;0.016863406408094434
756.0;0.014850222990092551;0.017547197908565945;0.015001087035292413
757.5;0.015695763321720377;0.015743018124095107;0.015001087035292413
759.0;0.015690820879123473;0.017824497257769654;0.069651277654558
760.5;0.08106598547408224;0.015861825872400422;0.014910112661872163
762.0;0.01825012709422827;0.01672535211267606;0.018683274021352312
763.5;0.01825012709422827;0.07318094281168887;0.01654091700522345
765.0;0.016533838797490336;0.017498443680569787;0.01702553830746119
766.5;0.01653260196570383;0.015414729630535846;0.015731292517006803
768.0;0.01824547540373295;0.015280135823429542;0.016863406408094434
769.5;0.01824547540373295;0.0175513698630137;0.014945495799148322
771.0;0.048187022900763356;0.016638225255972697;0.017094017094017096
772.5;0.015001087035292413;0.018354055654233276;0.01842179442537598
774.0;0.01597712748065927;0.0189328743545611;0.01836806645203033
775.5;0.015001087035292413;0.015280135823429542;0.017465858520325457
777.0;0.014945495799148322;0.038385826771653545;0.01865038996269922
778.5;0.016582472972657695;0.017373380447585393;0.016638225255972697
780.0;0.015731292517006803;0.018026004728132386;0.018026004728132386
781.5;0.018026004728132386;0.017883272962794156;0.016863406408094434
783.0;0.018185821224130337;0.0175884771057884;0.015095605501509561
784.5;0.01918932786044125;0.04845605700712589;0.01865038996269922
786.0;0.049993096783100925;0.052137020741671904;0.017015706806282723
787.5;0.0189328743545611;0.015143268993144063;0.01672535211267606
789.0;0.01597712748065927;0.017569091625952264;0.018354055654233276
790.5;0.01597712748065927;0.016638225255972697;0.015280135823429542
792.0;0.01842179442537598;0.01597712748065927;0.015095605501509561
793.5;0.0161839863713799;0.018086080586080584;0.038385826771653545
795.0;0.04083665338645418;0.017645059094131093;0.016897746967071057
796.5;0.04083665338645418;0.016893192636230753;0.036415289256198344
798.0;0.0161839863713799;0.015280135823429542;0.016937514305333027
799.5;0.015095605501509561;0.016676298192025096;0.018354055654233276
801.0;0.015095605501509561;0.015280135823429542;0.016830578931359627
802.5;0.018010291595197254;0.01597712748065927;0.018470790378006873
804.0;0.018010291595197254;0.039603960396039604;0.01850632726208763
805.5;0.016638225255972697;0.016638225255972697;0.040424121935056324
807.0;0.017754480892796753;0.01865038996269922;0.01749271137026239
808.5;0.017754480892796753;0.041666666666666664;0.039603960396039604
810.0;0.016638225255972697;0.01845342706502636;0.015154962909024714
811.5;0.01597712748065927;0.07123039665185393;0.016700702455922763
813.0;0.015871286409530037;0.018010291595197254;0.016613529195963463
814.5;0.01842179442537598;0.015871286409530037;0.01865038996269922
816.0;0.014910112661872163;0.018612132352941176;0.0175513698630137
817.5;0.014910112661872163;0.019041938815588494;0.019395134779750165
819.0;0.014910112661872163;0.04516876240900066;0.017042057006178994
820.5;0.014910112661872163;0.01597712748065927;0.04819036192761447
822.0;0.014910112661872163;0.016745540589734254;0.01606832657788072
823.5;0.014910112661872163;0.037422037422037424;0.01672693391308206
825.0;0.014910112661872163;0.0161839863713799;0.0574398249452954
826.5;0.014910112661872163;0.017699115044247787;0.017825311942959002
828.0;0.014910112661872163;0.016830578931359627;0.015109552273918112
829.5;0.01660281557997176;0.0175513698630137;0.01672535211267606
831.0;0.01660281557997176;0.01597712748065927;0.06508515815085157
832.5;0.01660281557997176;0.014945495799148322;0.04377104377104378
834.0;0.017443347491498312;0.015769487034319674;0.016745540589734254
835.5;0.017443347491498312;0.018052243358660087;0.016638225255972697
837.0;0.07524981746976427;0.04016913319238901;0.01865038996269922
838.5;0.07524981746976427;0.018197573656845753;0.01597712748065927
840.0;0.078274430155538;0.018197573656845753;0.017094017094017096
841.5;0.078274430155538;0.050076808681015175;0.018143754361479414
843.0;0.078274430155538;0.018686830269800576;0.03674948240165632
844.5;0.078274430155538;0.0189328743545611;0.018786847740005278
846.0;0.07275493910551474;0.019395134779750165;0.019675925925925927
847.5;0.07275493910551474;0.016830578931359627;0.0370850622406639
849.0;0.01826142579350741;0.019139945314441957;0.018020513790726903
850.5;0.06838298669512728;0.019139945314441957;0.04764906014927899
852.0;0.07782848405876135;0.016043635035830027;0.04650562643982089
853.5;0.07782848405876135;0.051640926640926635;0.01865038996269922
855.0;0.07782848405876135;0.01597712748065927;0.018010291595197254
856.5;0.07782848405876135;0.014945495799148322;0.03758169934640523
858.0;0.07782848405876135;0.01836806645203033;0.01606832657788072
859.5;0.07782848405876135;0.01488644788002137;0.0161839863713799
861.0;0.07782848405876135;0.07417313634113192;0.017754480892796753
862.5;0.07782848405876135;0.0425033467202142;0.018010291595197254
864.0;0.07782848405876135;0.017094017094017096;0.015095605501509561
865.5;0.07782848405876135;0.01597712748065927;0.014945495799148322
867.0;0.0788529140887569;0.07434304424481572;0.014870091759449306
868.5;0.0788529140887569;0.017547197908565945;0.018277260861902424
870.0;0.0788529140887569;0.017498443680569787;0.015663069961712496
871.5;0.06826549669914286;0.017498443680569787;0.018493201823831847
873.0;0.06826549669914286;0.018332165356039182;0.018086080586080584
874.5;0.06826549669914286;0.0810404299340659;0.0175513698630137
876.0;0.017388172610590263;0.05214723926380367;0.019013666072489603
877.5;0.017388172610590263;0.08019850508516115;0.017971946230274694
879.0;0.017388172610590263;0.016830578931359627;0.015414729630535846
880.5;0.017388172610590263;0.014936197678611653;0.03528138528138528
882.0;0.017388172610590263;0.01865038996269922;0.01858759764068229
883.5;0.06616726002455299;0.015809071886378992;0.03674948240165632
885.0;0.06616726002455299;0.01865038996269922;0.017961645808949312
886.5;0.06616726002455299;0.016676298192025096;0.015095605501509561
888.0;0.016530987295071384;0.018010291595197254;0.017094017094017096
889.5;0.016530987295071384;0.046489563567362426;0.017934291168491913
891.0;0.016530987295071384;0.08560945780676722;0.017934291168491913
892.5;0.07447987841707891;0.08048289738430583;0.015871286409530037
894.0;0.07447987841707891;0.014945495799148322;0.016638225255972697
895.5;0.07447987841707891;0.036783854166666664;0.04334677419354839
897.0;0.06820152179077296;0.017754480892796753;0.017015706806282723
898.5;0.01567734827379584;0.016676298192025096;0.017287443030017287
900.0;0.07552002409883896;0.016863406408094434;0.01597712748065927
901.5;0.07552002409883896;0.037422037422037424;0.019944341372912802
903.0;0.07552002409883896;0.017563955708285603;0.0161839863713799
904.5;0.07871199716398111;0.0170487948265726;0.018683274021352312
906.0;0.015676814372618864;0.01834862385321101;0.01723920181864107
907.5;0.017373380447585393;0.01583436633020483;0.018323203432248837
909.0;0.01597712748065927;0.01764836420273119;0.017114956021708434
910.5;0.016745540589734254;0.01764836420273119;0.09190371991247265
912.0;0.016745540589734254;0.018683274021352312;0.017547197908565945
913.5;0.0718766971927262;0.017971946230274694;0.018010291595197254
915.0;0.07216102560980384;0.017883272962794156;0.015095605501509561
916.5;0.07216102560980384;0.017883272962794156;0.016745540589734254
918.0;0.07216102560980384;0.018010291595197254;0.018010291595197254
919.5;0.01660281557997176;0.018026004728132386;0.0161839863713799
921.0;0.040424121935056324;0.018026004728132386;0.04640718562874251
922.5;0.017094017094017096;0.017094017094017096;0.07620041753653445
924.0;0.017094017094017096;0.03879026955950033;0.017094017094017096
925.5;0.017094017094017096;0.017934291168491913;0.017094017094017096
927.0;0.017094017094017096;0.01594765689784196;0.01733025239957341
928.5;0.017754480892796753;0.03542094455852156;0.01740097052096026
930.0;0.017754480892796753;0.018197573656845753;0.03964465658976399
931.5;0.017754480892796753;0.017574219762933944;0.05969267139479905
933.0;0.015809071886378992;0.017094017094017096;0.01834862385321101
934.5;0.014910112661872163;0.017094017094017096;0.01814552172099398
936.0;0.014910112661872163;0.017754480892796753;0.05243902439024391
937.5;0.015724726735506497;0.0175513698630137;0.03801725582174568
939.0;0.016863406408094434;0.015095605501509561;0.01898875056588673
940.5;0.0175513698630137;0.017094017094017096;0.06756364802594067
942.0;0.0175513698630137;0.0161839863713799;0.016638225255972697
943.5;0.0161839863713799;0.018354055654233276;0.016838000708968452
945.0;0.0161839863713799;0.017094017094017096;0.017768879853890487
946.5;0.015001087035292413;0.016638225255972697;0.03878406708595388
948.0;0.015001087035292413;0.016863406408094434;0.04054071803277827
949.5;0.015809071886378992;0.016638225255972697;0.03875784919001636
951.0;0.015809071886378992;0.015809071886378992;0.051059730250481696
952.5;0.015743018124095107;0.018470790378006873;0.06416464891041163
954.0;0.015724726735506497;0.017094017094017096;0.04954611222325729
955.5;0.01485852872552252;0.08431531897602601;0.03488024673509711
957.0;0.01485852872552252;0.015001087035292413;0.018740548563962903
958.5;0.014850222990092551;0.017498443680569787;0.01615855126908443
960.0;0.014850222990092551;0.018612132352941176;0.017015706806282723
961.5;0.01654477169890474;0.016043635035830027;0.019643114117139156
963.0;0.014836509492270044;0.08089887640449439;0.016335052812576762
964.5;0.01653549687010534;0.01942319011183049;0.04099192988081877
966.0;0.017388172610590263;0.03718199608610568;0.018856326264191356
967.5;0.018470790378006873;0.015597920277296359;0.05782828282828282
969.0;0.01865038996269922;0.017934291168491913;0.018026004728132386
970.5;0.01850632726208763;0.017373380447585393;0.03297872340425532
972.0;0.017547197908565945;0.09041394335511982;0.018927038104620476
973.5;0.017547197908565945;0.04425612052730697;0.04142967864042409
975.0;0.015769487034319674;0.01850632726208763;0.04160127374047538
976.5;0.01660281557997176;0.016676298192025096;0.033547008547008546
978.0;0.01660281557997176;0.017094017094017096;0.019327580007191657
979.5;0.014870091759449306;0.01597712748065927;0.08887817422050787
981.0;0.014870091759449306;0.016676298192025096;0.041250831669993354
982.5;0.018289844042285466;0.016676298192025096;0.01780160609014529
984.0;0.014850222990092551;0.016676298192025096;0.017121863302370723
985.5;0.014850222990092551;0.01663225731761437;0.04208416833667335
987.0;0.014844188506303903;0.08152861826245252;0.016913946587537095
988.5;0.014844188506303903;0.01830736743700201;0.017065556711758585
990.0;0.014844188506303903;0.017427438387099873;0.10813363826190715
991.5;0.014844188506303903;0.017427438387099873;0.05021367521367521
993.0;0.014844188506303903;0.0824638077394375;0.019142066420664204
994.5;0.014844188506303903;0.08232756223905804;0.016786733722984913
996.0;0.01826142579350741;0.08005291535884662;0.0350922131147541
997.5;0.01826142579350741;0.07777918934517698;0.06350234433252872
999.0;0.01826142579350741;0.07777918934517698;0.018612132352941176
1000.5;0.015687178238012765;0.018248107350266503;0.033547008547008546
1002.0;0.014834097312229661;0.018248107350266503;0.0350922131147541
1003.5;0.01739137492247878;0.014829976303317897;0.018170805572380377
1005.0;0.01739137492247878;0.014829976303317897;0.01654091700522345
1006.5;0.01739137492247878;0.014829976303317897;0.01939343350027824
1008.0;0.01653260196570383;0.08092092533587573;0.016346604941861593
1009.5;0.014829232922191612;0.018244004306380245;0.017019391672408703
1011.0;0.014828261126484797;0.018244004306380245;0.036165577342047936
1012.5;0.018010291595197254;0.06923706414583244;0.03614457831325302
1014.0;0.0189328743545611;0.015731292517006803;0.0170487948265726
1015.5;0.015095605501509561;0.015731292517006803;0.018026004728132386
1017.0;0.015095605501509561;0.015731292517006803;0.019961612284069098
1018.5;0.0175513698630137;0.016676298192025096;0.048066935949221005
1020.0;0.017094017094017096;0.016676298192025096;0.017045454545454544
1021.5;0.017754480892796753;0.07996748642690851;0.017899568034557237
1023.0;0.017754480892796753;0.07996748642690851;0.0869295746488729
1024.5;0.017754480892796753;0.07996748642690851;0.0212516733601071
1026.0;0.017754480892796753;0.07053123107281715;0.016335052812576762
1027.5;0.017754480892796753;0.07053123107281715;0.01969053067451237
1029.0;0.015001087035292413;0.07053123107281715;0.018413173652694608
1030.5;0.01842179442537598;0.07053123107281715;0.021505376344086023
1032.0;0.01842179442537598;0.07417313634113192;0.06858766761611196
1033.5;0.015769487034319674;0.07417313634113192;0.03503787878787879
1035.0;0.017465858520325457;0.07417313634113192;0.01975624597322643
1036.5;0.017465858520325457;0.014850222990092551;0.018426930440331845
1038.0;0.014870091759449306;0.015695763321720377;0.015414729630535846
1039.5;0.014870091759449306;0.015695763321720377;0.015414729630535846
1041.0;0.014870091759449306;0.015695763321720377;0.0568657503543294
1042.5;0.017427438387099873;0.07264886610602653;0.017699115044247787
1044.0;0.017427438387099873;0.07682205778853389;0.016863406408094434
1045.5;0.017427438387099873;0.08106598547408224;0.017004588798125428
1047.0;0.017427438387099873;0.0745820279297793;0.018103179589676104
1048.5;0.017427438387099873;0.06826549669914286;0.015280135823429542
1050.0;0.017427438387099873;0.06826549669914286;0.0161839863713799
1051.5;0.017427438387099873;0.08202710566410806;0.017094017094017096
1053.0;0.017427438387099873;0.0723970802527033;0.050767560096747134
1054.5;0.017427438387099873;0.016530987295071384;0.03443877551020408
1056.0;0.017427438387099873;0.01738538657899296;0.0899531145344943
1057.5;0.01570251018973342;0.01738538657899296;0.05169902912621359
1059.0;0.01570251018973342;0.015095605501509561;0.016350508084219045
1060.5;0.01570251018973342;0.015809071886378992;0.03476482617586912
1062.0;0.01570251018973342;0.07547665433531073;0.018027686896003935
1063.5;0.0182681206624895;0.017465858520325457;0.03612385321100917
1065.0;0.0182681206624895;0.017465858520325457;0.01796192072805652
1066.5;0.0182681206624895;0.016582472972657695;0.018086080586080584
1068.0;0.01826142579350741;0.01485852872552252;0.01834862385321101
1069.5;0.01826142579350741;0.07810706658548916;0.052315093205051115
1071.0;0.016540721828503288;0.07548669050456894;0.08854976916430299
1072.5;0.016540721828503288;0.07548669050456894;0.017094017094017096
1074.0;0.016540721828503288;0.016676298192025096;0.015095605501509561
1075.5;0.016540721828503288;0.016676298192025096;0.017373380447585393
1077.0;0.01825283975007182;0.016676298192025096;0.03646288209606987
1078.5;0.01825283975007182;0.016676298192025096;0.015168071117696084
1080.0;0.01825283975007182;0.01488644788002137;0.019142066420664204
1081.5;0.01825283975007182;0.06990886048565832;0.017961645808949312
1083.0;0.01825283975007182;0.017401635028469288;0.017215791035915702
1084.5;0.01825283975007182;0.06734575607759853;0.018612132352941176
1086.0;0.01825283975007182;0.06734575607759853;0.016913946587537095
1087.5;0.01825283975007182;0.07356828460517201;0.017094017094017096
1089.0;0.01825283975007182;0.014832305600435561;0.017094017094017096
1090.5;0.0745820279297793;0.014832305600435561;0.017825311942959002
1092.0;0.016533838797490336;0.01567987457984609;0.01834061135371179
1093.5;0.016533838797490336;0.01567987457984609;0.015280135823429542
1095.0;0.01567987457984609;0.018010291595197254;0.015280135823429542
1096.5;0.016531678096401558;0.018010291595197254;0.016863406408094434
1098.0;0.018244004306380245;0.04083665338645418;0.047619047619047616
1099.5;0.01738538657899296;0.04083665338645418;0.017094017094017096
1101.0;0.01738538657899296;0.04892400806993947;0.0370850622406639
1102.5;0.01738538657899296;0.01702553830746119;0.01713180436584692
1104.0;0.014827541633468562;0.017603269400950756;0.017699115044247787
1105.5;0.0161839863713799;0.015095605501509561;0.05149558123725356
1107.0;0.051059730250481696;0.015095605501509561;0.015434504692713043
1108.5;0.015095605501509561;0.015001087035292413;0.01514502933989791
1110.0;0.014945495799148322;0.07216102560980384;0.018010291595197254
1111.5;0.06838710470185025;0.017465858520325457;0.09940119760479041
1113.0;0.016863406408094434;0.017465858520325457;0.015095605501509561
1114.5;0.018354055654233276;0.018289844042285466;0.04083665338645418
1116.0;0.015095605501509561;0.01740771421307761;0.018197573656845753
1117.5;0.0170487948265726;0.01825283975007182;0.01726263871763255
1119.0;0.0161839863713799;0.037422037422037424;0.017824497257769654
1120.5;0.0161839863713799;0.017825311942959002;0.01675203627508607
1122.0;0.016863406408094434;0.015992751525289242;0.05405268490374873
1123.5;0.016745540589734254;0.014950266845029822;0.018047156089719053
1125.0;0.0741235580813308;0.016636140987988515;0.01597712748065927
1126.5;0.017498443680569787;0.014888572772399552;0.018026004728132386
1128.0;0.018010291595197254;0.018309620656952564;0.018595825426944972
1129.5;0.07182211727666273;0.017428896363451227;0.018696455568620863
1131.0;0.07182211727666273;0.048187022900763356;0.01893624335236349
1132.5;0.015871286409530037;0.017754480892796753;0.07894736842105263
1134.0;0.014945495799148322;0.017754480892796753;0.017094017094017096
1135.5;0.014945495799148322;0.015001087035292413;0.06741573033707866
1137.0;0.0161839863713799;0.015001087035292413;0.019345238095238096
1138.5;0.0161839863713799;0.015001087035292413;0.020429159318048208
1140.0;0.0161839863713799;0.015001087035292413;0.052511172589912745
1141.5;0.015871286409530037;0.015001087035292413;0.018570503433102407
1143.0;0.015809071886378992;0.01842179442537598;0.018086080586080584
1144.5;0.014910112661872163;0.018010291595197254;0.018612132352941176
1146.0;0.017465858520325457;0.018354055654233276;0.01814552172099398
1147.5;0.016582472972657695;0.017971946230274694;0.017824497257769654
1149.0;0.01570251018973342;0.017971946230274694;0.016468992979866464
1150.5;0.016638225255972697;0.01549874155517287;0.017094017094017096
1152.0;0.018010291595197254;0.016357261371818553;0.01597712748065927
1153.5;0.015871286409530037;0.016357261371818553;0.016676298192025096
1155.0;0.05048076923076923;0.016638225255972697;0.01645021645021645
1156.5;0.016863406408094434;0.016638225255972697;0.018197573656845753
1158.0;0.08024848949025615;0.016863406408094434;0.0175513698630137
1159.5;0.0175513698630137;0.016676298192025096;0.017971946230274694
1161.0;0.017623877982923447;0.017498443680569787;0.01863310550496908
1162.5;0.06673232664261046;0.017498443680569787;0.017699115044247787
1164.0;0.01488644788002137;0.017443347491498312;0.021042084168336674
1165.5;0.01488644788002137;0.017443347491498312;0.0913978494623656
1167.0;0.01488644788002137;0.018289844042285466;0.019139945314441957
1168.5;0.08215271463641584;0.01570251018973342;0.017094017094017096
1170.0;0.08215271463641584;0.015690820879123473;0.016335052812576762
1171.5;0.08215271463641584;0.018256492034823147;0.017699115044247787
1173.0;0.018010291595197254;0.017393838281482624;0.01597712748065927
1174.5;0.018010291595197254;0.01653549687010534;0.047619047619047616
1176.0;0.08431531897602601;0.018246600758721136;0.016863406408094434
1177.5;0.015001087035292413;0.01824547540373295;0.0161839863713799
1179.0;0.015001087035292413;0.01824547540373295;0.0720250521920668
1180.5;0.015809071886378992;0.01824547540373295;0.08431531897602601
1182.0;0.018332165356039182;0.015095605501509561;0.04260299625468165
1183.5;0.014870091759449306;0.015095605501509561;0.08508990794115118
1185.0;0.017427438387099873;0.015095605501509561;0.051640926640926635
1186.5;0.017427438387099873;0.017547197908565945;0.051640926640926635
1188.0;0.017427438387099873;0.017547197908565945;0.0175513698630137
1189.5;0.018683274021352312;0.017547197908565945;0.017094017094017096
1191.0;0.0189328743545611;0.017547197908565945;0.017094017094017096
1192.5;0.0189328743545611;0.01663225731761437;0.0189328743545611
1194.0;0.0189328743545611;0.017465858520325457;0.017623877982923447
1195.5;0.017754480892796753;0.017465858520325457;0.016676298192025096
1197.0;0.0161839863713799;0.017465858520325457;0.014910112661872163
1198.5;0.015731292517006803;0.017465858520325457;0.06945691490726251
1200.0;0.09087154068566708;0.017465858520325457;0.015711796950363736
1201.5;0.015809071886378992;0.017465858520325457;0.015711796950363736
1203.0;0.01672535211267606;0.017465858520325457;0.014850222990092551
1204.5;0.01942319011183049;0.017443347491498312;0.047619047619047616
1206.0;0.08862515034733302;0.017443347491498312;0.07922182109907742
1207.5;0.016638225255972697;0.017443347491498312;0.09265350877192982
1209.0;0.016863406408094434;0.017443347491498312;0.015001087035292413
1210.5;0.018010291595197254;0.017443347491498312;0.014945495799148322
1212.0;0.015809071886378992;0.017443347491498312;0.014945495799148322
1213.5;0.015809071886378992;0.017443347491498312;0.017465858520325457
1215.0;0.06626088925009356;0.016557768507871926;0.017465858520325457
1216.5;0.018289844042285466;0.016557768507871926;0.08180102222876223
1218.0;0.018289844042285466;0.01740771421307761;0.070642658041859
1219.5;0.018289844042285466;0.01740771421307761;0.01654477169890474
1221.0;0.019013666072489603;0.01740771421307761;0.017393838281482624
1222.5;0.07434304424481572;0.016540721828503288;0.01865038996269922
1224.0;0.07434304424481572;0.01825283975007182;0.01850632726208763
1225.5;0.01663225731761437;0.01653549687010534;0.017547197908565945
1227.0;0.017443347491498312;0.01653549687010534;0.017547197908565945
1228.5;0.016568094782873223;0.01653549687010534;0.01660281557997176
1230.0;0.04425612052730697;0.017389540773412943;0.01660281557997176
1231.5;0.08967391304347826;0.017389540773412943;0.03798297314996725
1233.0;0.015871286409530037;0.017389540773412943;0.0189328743545611
1234.5;0.014910112661872163;0.017388172610590263;0.01865038996269922
1236.0;0.014910112661872163;0.017388172610590263;0.07905457014342697
1237.5;0.014910112661872163;0.017388172610590263;0.07326130256843867
1239.0;0.05281007751937984;0.017388172610590263;0.07378150182183574
1240.5;0.05281007751937984;0.017388172610590263;0.01830736743700201
1242.0;0.017373380447585393;0.017388172610590263;0.016557768507871926
1243.5;0.018010291595197254;0.01824547540373295;0.049329501915708805
1245.0;0.09568584070796461;0.018244633954786142;0.09087154068566708
1246.5;0.01597712748065927;0.018244633954786142;0.051640926640926635
1248.0;0.01842179442537598;0.018243532876687153;0.051640926640926635
1249.5;0.015769487034319674;0.018243532876687153;0.08560945780676722
1251.0;0.01660281557997176;0.018243179757112683;0.07868285545991754
1252.5;0.016568094782873223;0.015677152879889675;0.05339805825242719
1254.0;0.016568094782873223;0.018242568233389038;0.051059730250481696
1255.5;0.016557768507871926;0.016863406408094434;0.051059730250481696
1257.0;0.01654477169890474;0.017547197908565945;0.08175211949939443
1258.5;0.01654477169890474;0.017498443680569787;0.06859415127164278
1260.0;0.01825283975007182;0.017443347491498312;0.07996748642690851
1261.5;0.01825283975007182;0.015711796950363736;0.07996748642690851
1263.0;0.017754480892796753;0.015711796950363736;0.01865038996269922
1264.5;0.016745540589734254;0.035751028806584366;0.017623877982923447
1266.0;0.017547197908565945;0.016335052812576762;0.051059730250481696
1267.5;0.04990403071017274;0.015280135823429542;0.017754480892796753
1269.0;0.015095605501509561;0.016863406408094434;0.08458244111349036
1270.5;0.015095605501509561;0.016863406408094434;0.08530042918454936
1272.0;0.015095605501509561;0.0175513698630137;0.019142066420664204
1273.5;0.07087532272840844;0.017623877982923447;0.03879026955950033
1275.0;0.018010291595197254;0.01702553830746119;0.08302956662616444
1276.5;0.017547197908565945;0.017754480892796753;0.015001087035292413
1278.0;0.0470532319391635;0.01842179442537598;0.016676298192025096
1279.5;0.015095605501509561;0.01654091700522345;0.018332165356039182
1281.0;0.01842179442537598;0.014986153377295074;0.018289844042285466
1282.5;0.07796881247500999;0.016624630520743856;0.06959254644312274
1284.0;0.07796881247500999;0.01657881062210249;0.015687178238012765
1285.5;0.07796881247500999;0.015709443228283833;0.015680987109796585
1287.0;0.07796881247500999;0.017413917505226417;0.018246600758721136
1288.5;0.0175513698630137;0.017406182928430786;0.01824547540373295
1290.0;0.07868285545991754;0.01826018541458822;0.01756386861313869
1291.5;0.015743018124095107;0.016863406408094434;0.07395544879280241
1293.0;0.017443347491498312;0.015809071886378992;0.015280135823429542
1294.5;0.016568094782873223;0.015809071886378992;0.01865038996269922
1296.0;0.016550266845809666;0.018010291595197254;0.01850632726208763
1297.5;0.016863406408094434;0.01597712748065927;0.014945495799148322
1299.0;0.016863406408094434;0.0170487948265726;0.05749128919860627
1300.5;0.014910112661872163;0.015095605501509561;0.018848906360245943
1302.0;0.015724726735506497;0.014910112661872163;0.0175513698630137
1303.5;0.017427438387099873;0.01485852872552252;0.05281007751937984
1305.0;0.017754480892796753;0.01485852872552252;0.045928030303030304
1306.5;0.016676298192025096;0.01485852872552252;0.0189328743545611
1308.0;0.014910112661872163;0.018470790378006873;0.018026004728132386
1309.5;0.01865038996269922;0.015871286409530037;0.01702553830746119
1311.0;0.015001087035292413;0.017547197908565945;0.018610244807272875
1312.5;0.018010291595197254;0.017443347491498312;0.018610244807272875
1314.0;0.017094017094017096;0.0175513698630137;0.015280135823429542
1315.5;0.01850632726208763;0.018354055654233276;0.03476482617586912
1317.0;0.015809071886378992;0.016745540589734254;0.016335052812576762
1318.5;0.017465858520325457;0.0161839863713799;0.08853055590412849
1320.0;0.016582472972657695;0.08691206543967281;0.017603269400950756
1321.5;0.017427438387099873;0.07894736842105263;0.016089299461123942
1323.0;0.0182681206624895;0.08024848949025615;0.017591391819424484
1324.5;0.01672535211267606;0.015809071886378992;0.015731292517006803
1326.0;0.018323203432248837;0.017498443680569787;0.015095605501509561
1327.5;0.016000445289352447;0.01830736743700201;0.01842179442537598
1329.0;0.08822336839686644;0.016568094782873223;0.017094017094017096
1330.5;0.01865038996269922;0.016568094782873223;0.047619047619047616
1332.0;0.014910112661872163;0.07275493910551474;0.018683274021352312
1333.5;0.018289844042285466;0.0779848264098129;0.016638225255972697
1335.0;0.043703007518796994;0.01825283975007182;0.018026004728132386
1336.5;0.01597712748065927;0.0745820279297793;0.01597712748065927
1338.0;0.07883717752634664;0.014830971492820427;0.01597712748065927
1339.5;0.016582472972657695;0.014829976303317897;0.015769487034319674
1341.0;0.0688532784166215;0.01824547540373295;0.040013227513227514
1342.5;0.01597712748065927;0.07342496284883816;0.0189328743545611
1344.0;0.016745540589734254;0.018243532876687153;0.016745540589734254
1345.5;0.03879026955950033;0.016529793433502835;0.016638225255972697
1347.0;0.017754480892796753;0.016529576213227;0.016863406408094434
1348.5;0.01865038996269922;0.016863406408094434;0.018470790378006873
1350.0;0.017623877982923447;0.01850632726208763;0.016863406408094434
1351.5;0.01749271137026239;0.01842179442537598;0.016638225255972697
1353.0;0.017934291168491913;0.0189328743545611;0.018197573656845753
1354.5;0.014936197678611653;0.017094017094017096;0.015831002263857863
1356.0;0.014882253066380514;0.01597712748065927;0.01730418943533698
1357.5;0.043703007518796994;0.015871286409530037;0.041901692183722805
1359.0;0.04990403071017274;0.017547197908565945;0.0175513698630137
1360.5;0.03875784919001636;0.0175513698630137;0.018026004728132386
1362.0;0.01672239597595953;0.0175513698630137;0.016429426632965278
1363.5;0.016903583394228514;0.0175513698630137;0.016081348496769426
1365.0;0.016689812241256926;0.015871286409530037;0.017094017094017096
1366.5;0.017472476406839937;0.016676298192025096;0.017754480892796753
1368.0;0.0161839863713799;0.016403046280023436;0.017094017094017096
1369.5;0.01850632726208763;0.01879117923894043;0.016745540589734254
1371.0;0.01597712748065927;0.01879117923894043;0.016638225255972697
1372.5;0.015769487034319674;0.04616540024739353;0.014945495799148322
1374.0;0.015724726735506497;0.018753527560063075;0.014945495799148322
1375.5;0.016568094782873223;0.018753527560063075;0.017443347491498312
1377.0;0.0175513698630137;0.016791101078565695;0.016557768507871926
1378.5;0.016638225255972697;0.015785541731379516;0.018683274021352312
1380.0;0.016638225255972697;0.015731292517006803;0.018683274021352312
1381.5;0.017094017094017096;0.040013227513227514;0.017754480892796753
1383.0;0.0544885627967199;0.040013227513227514;0.017094017094017096
1384.5;0.04083665338645418;0.0175513698630137;0.017094017094017096
1386.0;0.04260299625468165;0.016863406408094434;0.017623877982923447
1387.5;0.017373380447585393;0.017094017094017096;0.0175513698630137
1389.0;0.017373380447585393;0.0718766971927262;0.018470790378006873
1390.5;0.0161839863713799;0.07487412953639226;0.017754480892796753
1392.0;0.01850632726208763;0.039603960396039604;0.017623877982923447
1393.5;0.01836806645203033;0.01749271137026239;0.016676298192025096
1395.0;0.018876611418047883;0.0843149411035338;0.017498443680569787
1396.5;0.015033359741139864;0.016863406408094434;0.016638225255972697
1398.0;0.018683274021352312;0.017094017094017096;0.018470790378006873
1399.5;0.015001087035292413;0.08602150537634409;0.014945495799148322
1401.0;0.051617709663686666;0.018010291595197254;0.014910112661872163
1402.5;0.0161446953143967;0.01597712748065927;0.01850632726208763
1404.0;0.016638225255972697;0.01597712748065927;0.01836806645203033
1405.5;0.017623877982923447;0.015809071886378992;0.016582472972657695
1407.0;0.01663225731761437;0.016348533050547898;0.016568094782873223
1408.5;0.017045454545454544;0.01897923971725942;0.014844188506303903
1410.0;0.017045454545454544;0.015008842899186362;0.014844188506303903
1411.5;0.018197573656845753;0.016636140987988515;0.014844188506303903
1413.0;0.016937514305333027;0.07165927881412161;0.017401635028469288
1414.5;0.015871286409530037;0.08072944758035933;0.017401635028469288
1416.0;0.016676298192025096;0.017094017094017096;0.018256492034823147
1417.5;0.017094017094017096;0.045928030303030304;0.018256492034823147
1419.0;0.043703007518796994;0.017623877982923447;0.018256492034823147
1420.5;0.043703007518796994;0.017699115044247787;0.016537723722061845
1422.0;0.016745540589734254;0.015280135823429542;0.016537723722061845
1423.5;0.014910112661872163;0.016863406408094434;0.016537723722061845
1425.0;0.017094017094017096;0.014945495799148322;0.016537723722061845
1426.5;0.017754480892796753;0.0175513698630137;0.01653549687010534
1428.0;0.0175513698630137;0.016863406408094434;0.015680987109796585
1429.5;0.07299742814770317;0.0175513698630137;0.015680987109796585
1431.0;0.017094017094017096;0.016638225255972697;0.017388172610590263
1432.5;0.08560945780676722;0.014945495799148322;0.017388172610590263
1434.0;0.08560945780676722;0.01663225731761437;0.015871286409530037
1435.5;0.015871286409530037;0.06626088925009356;0.016863406408094434
1437.0;0.016638225255972697;0.018289844042285466;0.01865038996269922
1438.5;0.016638225255972697;0.016550266845809666;0.015280135823429542
1440.0;0.01865038996269922;0.018010291595197254;0.015095605501509561
1441.5;0.01865038996269922;0.01865038996269922;0.0161839863713799
1443.0;0.016863406408094434;0.015871286409530037;0.0161839863713799
1444.5;0.01842179442537598;0.017754480892796753;0.0161839863713799
1446.0;0.01597712748065927;0.016638225255972697;0.07786711807024968
1447.5;0.01850632726208763;0.018470790378006873;0.01597712748065927
1449.0;0.014910112661872163;0.01850632726208763;0.015001087035292413
1450.5;0.017754480892796753;0.019527766042341455;0.015769487034319674
1452.0;0.01663225731761437;0.08233944536499208;0.0161839863713799
1453.5;0.016638225255972697;0.017799021627615652;0.0161839863713799
1455.0;0.016863406408094434;0.016863406408094434;0.016638225255972697
1456.5;0.015809071886378992;0.0170487948265726;0.015280135823429542
1458.0;0.015280135823429542;0.017373380447585393;0.01597712748065927
1459.5;0.018010291595197254;0.07483332147009278;0.0425033467202142
1461.0;0.016863406408094434;0.01490398320124353;0.018314772574802095
1462.5;0.016403046280023436;0.017439295057023192;0.017883272962794156
1464.0;0.018792559974975337;0.046489563567362426;0.014929429479221547
1465.5;0.016807551075732556;0.017547197908565945;0.016619030091182988
1467.0;0.01834862385321101;0.016043635035830027;0.015707692095202508
1468.5;0.018197573656845753;0.017574219762933944;0.017754480892796753
1470.0;0.015907416444202047;0.015783713313901306;0.017368069472277887
1471.5;0.018470790378006873;0.08175211949939443;0.08319906254577414
1473.0;0.016676298192025096;0.017498443680569787;0.016403046280023436
1474.5;0.015769487034319674;0.01485852872552252;0.018354055654233276
1476.0;0.016582472972657695;0.07275493910551474;0.017699115044247787
1477.5;0.01850632726208763;0.018256492034823147;0.015001087035292413
1479.0;0.01850632726208763;0.016403046280023436;0.01678765880217786
1480.5;0.017094017094017096;0.018010291595197254;0.04969998505263607
1482.0;0.016863406408094434;0.018010291595197254;0.015071676345192823
1483.5;0.015001087035292413;0.015001087035292413;0.014937055890491878
1485.0;0.017498443680569787;0.043703007518796994;0.01835962752459556
1486.5;0.017498443680569787;0.0161839863713799;0.015095605501509561
1488.0;0.01660281557997176;0.016638225255972697;0.07115677321156774
1489.5;0.015724726735506497;0.015001087035292413;0.0161839863713799
1491.0;0.06990886048565832;0.016863406408094434;0.0161839863713799
1492.5;0.06990886048565832;0.015095605501509561;0.0175513698630137
1494.0;0.078274430155538;0.01850632726208763;0.019013666072489603
1495.5;0.016550266845809666;0.016863406408094434;0.01865038996269922
1497.0;0.014839767744728968;0.01597712748065927;0.0189328743545611
1498.5;0.07151799576758695;0.017754480892796753;0.01726263871763255
1500.0;0.07151799576758695;0.0175513698630137;0.018047156089719053
1501.5;0.08967391304347826;0.0175513698630137;0.018284611141753997
1503.0;0.015001087035292413;0.0175513698630137;0.016068727068700633
1504.5;0.017547197908565945;0.015280135823429542;0.018462125125383453
1506.0;0.07446218085988703;0.015001087035292413;0.018470790378006873
1507.5;0.04536862003780718;0.01663225731761437;0.016863406408094434
1509.0;0.018010291595197254;0.06277533039647576;0.015280135823429542
1510.5;0.01865038996269922;0.016081348496769426;0.017934291168491913
1512.0;0.016676298192025096;0.0161839863713799;0.017934291168491913
1513.5;0.045928030303030304;0.0175513698630137;0.018010291595197254
1515.0;0.07318094281168887;0.016745540589734254;0.016403046280023436
1516.5;0.043703007518796994;0.015769487034319674;0.07966947302775179
1518.0;0.01865038996269922;0.019731800766283527;0.015731292517006803
1519.5;0.01865038996269922;0.015446744068652195;0.05048076923076923
1521.0;0.05222437137330754;0.037760416666666664;0.016937514305333027
1522.5;0.05222437137330754;0.016937514305333027;0.016785765670711238
1524.0;0.05222437137330754;0.01606832657788072;0.016700702455922763
1525.5;0.07796881247500999;0.017094017094017096;0.015752650514276798
1527.0;0.07796881247500999;0.01850632726208763;0.015752650514276798
1528.5;0.07796881247500999;0.01597712748065927;0.01850632726208763
1530.0;0.07796881247500999;0.018937169700528483;0.018470790378006873
1531.5;0.07668608086435384;0.01879117923894043;0.018010291595197254
1533.0;0.016676298192025096;0.016052757544824884;0.016863406408094434
1534.5;0.01663225731761437;0.015037639142305628;0.015809071886378992
1536.0;0.018332165356039182;0.03718199608610568;0.015731292517006803
1537.5;0.015711796950363736;0.018612132352941176;0.018876611418047883
1539.0;0.016557768507871926;0.015154962909024714;0.05445326278659612
1540.5;0.01654477169890474;0.040424121935056324;0.01672535211267606
1542.0;0.018256492034823147;0.016897746967071057;0.01834862385321101
1543.5;0.014834097312229661;0.015188609731168737;0.019032396269320767
1545.0;0.01865038996269922;0.09167283704505326;0.01806835900349767
1546.5;0.01850632726208763;0.019013666072489603;0.017735012517531155
1548.0;0.014945495799148322;0.08174097664543525;0.01834862385321101
1549.5;0.015724726735506497;0.08386752136752137;0.016937514305333027
1551.0;0.018277260861902424;0.017373380447585393;0.08315565031982942
1552.5;0.0182681206624895;0.016745540589734254;0.044811320754716985
1554.0;0.015687178238012765;0.017094017094017096;0.018470790378006873
1555.5;0.014832305600435561;0.015731292517006803;0.017094017094017096
1557.0;0.014832305600435561;0.01597712748065927;0.017754480892796753
1558.5;0.014832305600435561;0.01597712748065927;0.016676298192025096
1560.0;0.014832305600435561;0.01654091700522345;0.08244680851063829
1561.5;0.014832305600435561;0.01726263871763255;0.08431531897602601
1563.0;0.014832305600435561;0.0175513698630137;0.018470790378006873
1564.5;0.014832305600435561;0.036415289256198344;0.0189328743545611
1566.0;0.014832305600435561;0.015907416444202047;0.056686046511627904
1567.5;0.014832305600435561;0.07346735829279437;0.06636838180462341
1569.0;0.014832305600435561;0.05376344086021505;0.09090504186709425
1570.5;0.014832305600435561;0.01688081285952368;0.08782660205399773
1572.0;0.014832305600435561;0.01850632726208763;0.018612132352941176
1573.5;0.017388172610590263;0.018010291595197254;0.018143754361479414
1575.0;0.017388172610590263;0.08431531897602601;0.05428866877108958
1576.5;0.017388172610590263;0.0189328743545611;0.018876611418047883
1578.0;0.016531678096401558;0.017754480892796753;0.01678765880217786
1579.5;0.016531678096401558;0.07548669050456894;0.07927063339731287
1581.0;0.07133636550746557;0.04425612052730697;0.01530105103066185
1582.5;0.06924385473887731;0.016863406408094434;0.016348533050547898
1584.0;0.07659311541304796;0.01842179442537598;0.03879026955950033
1585.5;0.07659311541304796;0.0175513698630137;0.01597712748065927
1587.0;0.07659311541304796;0.047619047619047616;0.015095605501509561
1588.5;0.07659311541304796;0.015095605501509561;0.01865038996269922
1590.0;0.06819658699689947;0.015809071886378992;0.040424121935056324
1591.5;0.018242568233389038;0.018010291595197254;0.09087154068566708
1593.0;0.0189328743545611;0.01850632726208763;0.06430155210643015
1594.5;0.016863406408094434;0.015769487034319674;0.0161839863713799
1596.0;0.057535046728971966;0.07053123107281715;0.051059730250481696
1597.5;0.016043635035830027;0.01749271137026239;0.01597712748065927
1599.0;0.07995916018908156;0.04854845037269518;0.017094017094017096
1600.5;0.07995916018908156;0.016052757544824884;0.017094017094017096
1602.0;0.07995916018908156;0.016052757544824884;0.018354055654233276
1603.5;0.07995916018908156;0.019274809160305342;0.016937514305333027
1605.0;0.07233226338712312;0.016545366327025714;0.017373380447585393
1606.5;0.07233226338712312;0.019116387223106105;0.04315196998123827
1608.0;0.07233226338712312;0.019116387223106105;0.01597712748065927
1609.5;0.014895060311512434;0.015095605501509561;0.01784040701566475
1611.0;0.014895060311512434;0.07551140668406431;0.017094017094017096
1612.5;0.014895060311512434;0.08110292001505391;0.018010291595197254
1614.0;0.014895060311512434;0.015731292517006803;0.01865038996269922
1615.5;0.01865038996269922;0.017754480892796753;0.04425612052730697
1617.0;0.01865038996269922;0.016863406408094434;0.0175513698630137
1618.5;0.01865038996269922;0.01842179442537598;0.049561699258260275
1620.0;0.01865038996269922;0.01749271137026239;0.07558102716737383
1621.5;0.01865038996269922;0.017094017094017096;0.03988673139158575
1623.0;0.01850632726208763;0.017094017094017096;0.019147076366179225
1624.5;0.015809071886378992;0.016676298192025096;0.01762137555097394
1626.0;0.015809071886378992;0.017465858520325457;0.03370786516853933
1627.5;0.01830736743700201;0.017427438387099873;0.019139945314441957
1629.0;0.017754480892796753;0.01865038996269922;0.017699115044247787
1630.5;0.07753473472714523;0.017623877982923447;0.017460979111666896
1632.0;0.07753473472714523;0.0470532319391635;0.016693260083617784
1633.5;0.01660281557997176;0.01726263871763255;0.018605740274906277
1635.0;0.01570251018973342;0.018470790378006873;0.019139945314441957
1636.5;0.01570251018973342;0.018683274021352312;0.019142066420664204
1638.0;0.01570251018973342;0.017971946230274694;0.01756386861313869
1639.5;0.01570251018973342;0.017971946230274694;0.016939604011490892
1641.0;0.01570251018973342;0.01672535211267606;0.03798297314996725
1642.5;0.01570251018973342;0.01672535211267606;0.018792559974975337
1644.0;0.01570251018973342;0.01672535211267606;0.018354055654233276
1645.5;0.01570251018973342;0.01672535211267606;0.017373380447585393
1647.0;0.01570251018973342;0.017623877982923447;0.018010291595197254
1648.5;0.01570251018973342;0.018470790378006873;0.016403046280023436
1650.0;0.01570251018973342;0.0189328743545611;0.08995842257780017
1651.5;0.014844188506303903;0.015001087035292413;0.07054319626574693
1653.0;0.08560945780676722;0.016676298192025096;0.017094017094017096
1654.5;0.017623877982923447;0.015731292517006803;0.018185821224130337
1656.0;0.017623877982923447;0.01865038996269922;0.040013227513227514
1657.5;0.017547197908565945;0.01865038996269922;0.017971946230274694
1659.0;0.017547197908565945;0.015001087035292413;0.01983411467724486
1660.5;0.017547197908565945;0.015414729630535846;0.017875123723664534
1662.0;0.01836806645203033;0.016043635035830027;0.0161839863713799
1663.5;0.017465858520325457;0.014965094221118901;0.045928030303030304
1665.0;0.017465858520325457;0.019013666072489603;0.01929824561403509
1666.5;0.017465858520325457;0.09624697336561742;0.017089125102207687
1668.0;0.017443347491498312;0.0857089505788622;0.052068126520681254
1669.5;0.01741601350785099;0.015854570888502284;0.1116279069767442
1671.0;0.014844188506303903;0.07531984891768875;0.01749271137026239
1672.5;0.01826142579350741;0.07531984891768875;0.06328182487122885
1674.0;0.015682478532320222;0.014867146669811973;0.016084484159220147
1675.5;0.015680987109796585;0.018026004728132386;0.04236010125491464
1677.0;0.07136644350904531;0.07884779689979252;0.02041832669322709
1678.5;0.017387150648592545;0.01597712748065927;0.015434504692713043
1680.0;0.017387150648592545;0.015001087035292413;0.08195159138555366
1681.5;0.017387150648592545;0.017094017094017096;0.016884655698856128
1683.0;0.01567842217100666;0.01865038996269922;0.015414729630535846
1684.5;0.07765955751205962;0.075255126101145;0.01512779241718377
1686.0;0.016529793433502835;0.075255126101145;0.037422037422037424
1687.5;0.07552002409883896;0.016638225255972697;0.01723920181864107
1689.0;0.07871199716398111;0.039603960396039604;0.03411405295315682
1690.5;0.06922156769556527;0.039603960396039604;0.032135306553911204
1692.0;0.017384276578092637;0.016335052812576762;0.01605832636760472
1693.5;0.014827111201917353;0.016043635035830027;0.017045454545454544
1695.0;0.014827111201917353;0.01597712748065927;0.016348533050547898
1696.5;0.01738420192052985;0.07668608086435384;0.018257480705689652
1698.0;0.01738420192052985;0.01597712748065927;0.03758169934640523
1699.5;0.014827070474422001;0.016638225255972697;0.01578551741418191
1701.0;0.016528962214557553;0.016638225255972697;0.015980009904052024
1702.5;0.01738413631928302;0.01597712748065927;0.01845342706502636
1704.0;0.018242147791758662;0.015871286409530037;0.018026004728132386
1705.5;0.07656859696228088;0.017498443680569787;0.08078658929722758
1707.0;0.07656859696228088;0.016863406408094434;0.09533967837216933
1708.5;0.081936969807927;0.015871286409530037;0.037760416666666664
1710.0;0.07129815060375891;0.015769487034319674;0.017045454545454544
1711.5;0.07129815060375891;0.01660281557997176;0.0189328743545611
1713.0;0.08085517443015305;0.01660281557997176;0.0189328743545611
1714.5;0.08085517443015305;0.043703007518796994;0.017699115044247787
1716.0;0.08085517443015305;0.01865038996269922;0.01771809624494277
1717.5;0.08085517443015305;0.015001087035292413;0.046918767507002794
1719.0;0.08085517443015305;0.016638225255972697;0.08405642918093466
1720.5;0.08085517443015305;0.04875717017208413;0.018423991591118117
1722.0;0.08085517443015305;0.017094017094017096;0.04614566719829879
1723.5;0.08085517443015305;0.01865038996269922;0.017596390484003282
1725.0;0.08085517443015305;0.01865038996269922;0.040424121935056324
1726.5;0.08085517443015305;0.015809071886378992;0.017699115044247787
1728.0;0.08085517443015305;0.015769487034319674;0.01645021645021645
1729.5;0.08085517443015305;0.06593806286876763;0.018354055654233276
1731.0;0.08085517443015305;0.08069817651061116;0.016897746967071057
1732.5;0.08085517443015305;0.08069817651061116;0.01980672728176082
1734.0;0.08085517443015305;0.01570251018973342;0.01603195851295943
1735.5;0.08085517443015305;0.01570251018973342;0.03955117723976524
1737.0;0.08085517443015305;0.01570251018973342;0.018876611418047883
1738.5;0.08085517443015305;0.01570251018973342;0.03557483731019522
1740.0;0.08085517443015305;0.01570251018973342;0.017302798982188294
1741.5;0.08085517443015305;0.01570251018973342;0.018086080586080584
1743.0;0.08085517443015305;0.017401635028469288;0.01535109722361575
1744.5;0.01482702205233721;0.017401635028469288;0.01678765880217786
1746.0;0.01482702205233721;0.017401635028469288;0.032696390658174104
1747.5;0.01738411001252213;0.017401635028469288;0.048187022900763356
1749.0;0.014827020332766857;0.017397154861764727;0.018185821224130337
1750.5;0.01652892768047763;0.07146198039361484;0.016740894840165256
1752.0;0.017094017094017096;0.07146198039361484;0.0827485380116959
1753.5;0.01865038996269922;0.014830971492820427;0.018354055654233276
1755.0;0.01865038996269922;0.06721135402515525;0.09041394335511982
1756.5;0.01842179442537598;0.01567842217100666;0.017015706806282723
1758.0;0.015769487034319674;0.07132674038766314;0.01845342706502636
1759.5;0.015769487034319674;0.08088272918641552;0.017824497257769654
1761.0;0.015769487034319674;0.07236094969840634;0.03314777327935223
1762.5;0.015769487034319674;0.07236094969840634;0.050956274920592015
1764.0;0.015769487034319674;0.018242716875351634;0.06584821428571429
1765.5;0.015769487034319674;0.051640926640926635;0.019020693899530733
1767.0;0.015769487034319674;0.051640926640926635;0.016638225255972697
1768.5;0.015769487034319674;0.01865038996269922;0.01950286806883365
1770.0;0.015769487034319674;0.01865038996269922;0.036415289256198344
1771.5;0.015769487034319674;0.015809071886378992;0.01869087161947359
1773.0;0.015769487034319674;0.01488644788002137;0.01999107541276216
1774.5;0.015769487034319674;0.018289844042285466;0.016335052812576762
1776.0;0.015769487034319674;0.016557768507871926;0.05215419501133787
1777.5;0.01488644788002137;0.017094017094017096;0.016604605213162094
1779.0;0.01488644788002137;0.016863406408094434;0.015406910300389702
1780.5;0.015095605501509561;0.016863406408094434;0.035751028806584366
1782.0;0.015001087035292413;0.016863406408094434;0.03282828282828283
1783.5;0.0175513698630137;0.017754480892796753;0.01612259159428971
1785.0;0.04536862003780718;0.017754480892796753;0.01654091700522345
1786.5;0.016863406408094434;0.015809071886378992;0.01726263871763255
1788.0;0.045928030303030304;0.015769487034319674;0.01726263871763255
1789.5;0.016638225255972697;0.015769487034319674;0.03476946334089191
1791.0;0.016863406408094434;0.015769487034319674;0.03646288209606987
1792.5;0.018470790378006873;0.015769487034319674;0.01605832636760472
1794.0;0.017754480892796753;0.017443347491498312;0.018354055654233276
1795.5;0.0161839863713799;0.01740771421307761;0.039473684210526314
1797.0;0.015871286409530037;0.017397154861764727;0.016267481785445105
1798.5;0.015809071886378992;0.017393838281482624;0.018017942087714626
1800.0;0.015095605501509561;0.017393838281482624;0.01674733391823327
1801.5;0.017498443680569787;0.01653549687010534;0.019345238095238096
1803.0;0.014870091759449306;0.08097272221961054;0.01612259159428971
1804.5;0.01570251018973342;0.017094017094017096;0.017373380447585393
1806.0;0.03758169934640523;0.017094017094017096;0.019961612284069098
1807.5;0.01702553830746119;0.015280135823429542;0.05561797752808989
1809.0;0.015798668573620674;0.07551140668406431;0.019139945314441957
1810.5;0.015731292517006803;0.015769487034319674;0.03191137566137566
1812.0;0.06859415127164278;0.017465858520325457;0.015401061220619232
1813.5;0.01842179442537598;0.017427438387099873;0.016912684115187693
1815.0;0.01842179442537598;0.017427438387099873;0.018467806572268233
1816.5;0.0175513698630137;0.017427438387099873;0.05432098765432099
1818.0;0.017094017094017096;0.01741601350785099;0.01807884005437245
1819.5;0.017623877982923447;0.015695763321720377;0.019274809160305342
1821.0;0.017623877982923447;0.01826142579350741;0.08409090909090909
1822.5;0.017623877982923447;0.01826142579350741;0.017824497257769654
1824.0;0.01842179442537598;0.08113807633810924;0.017083111144968386
1825.5;0.014910112661872163;0.07251316803405805;0.018612132352941176
1827.0;0.017443347491498312;0.014832305600435561;0.017563955708285603
1828.5;0.017443347491498312;0.014832305600435561;0.01950286806883365
1830.0;0.017443347491498312;0.014832305600435561;0.0177109440267335
1831.5;0.017443347491498312;0.014832305600435561;0.017755901501190025
1833.0;0.01570251018973342;0.014832305600435561;0.018470790378006873
1834.5;0.01570251018973342;0.016531678096401558;0.018371212121212118
1836.0;0.016550266845809666;0.016531678096401558;0.015446744068652195
1837.5;0.0161839863713799;0.016531678096401558;0.016740894840165256
1839.0;0.01865038996269922;0.016530470370958342;0.0161839863713799
1840.5;0.01865038996269922;0.017385065898158785;0.018354055654233276
1842.0;0.01865038996269922;0.014827410635276744;0.016897746967071057
1843.5;0.0720250521920668;0.01652913129870731;0.017822888102077248
1845.0;0.016676298192025096;0.014827142237604233;0.018876611418047883
1846.5;0.017498443680569787;0.014827087928111741;0.018086080586080584
1848.0;0.017498443680569787;0.05281007751937984;0.04162623371469422
1849.5;0.015724726735506497;0.017699115044247787;0.0363872644574399
1851.0;0.018289844042285466;0.017699115044247787;0.01597712748065927
1852.5;0.017401635028469288;0.015001087035292413;0.04315196998123827
1854.0;0.015687178238012765;0.017498443680569787;0.017623877982923447
1855.5;0.018010291595197254;0.017465858520325457;0.018010291595197254
1857.0;0.06859415127164278;0.016557768507871926;0.01726263871763255
1858.5;0.014945495799148322;0.07702838380033686;0.017574219762933944
1860.0;0.08110292001505391;0.07702838380033686;0.018010291595197254
1861.5;0.08110292001505391;0.07702838380033686;0.015731292517006803
1863.0;0.017465858520325457;0.06937130444959641;0.017094017094017096
1864.5;0.01741601350785099;0.06937130444959641;0.017754480892796753
1866.0;0.01850632726208763;0.014832305600435561;0.01663225731761437
1867.5;0.016676298192025096;0.044811320754716985;0.016582472972657695
1869.0;0.015731292517006803;0.017754480892796753;0.017094017094017096
1870.5;0.017754480892796753;0.017754480892796753;0.018832655731576244
1872.0;0.08024848949025615;0.017754480892796753;0.016082834605318546
1873.5;0.015809071886378992;0.017754480892796753;0.04334677419354839
1875.0;0.015095605501509561;0.017754480892796753;0.01749271137026239
1876.5;0.01850632726208763;0.017754480892796753;0.017373380447585393
1878.0;0.01850632726208763;0.017754480892796753;0.015280135823429542
1879.5;0.01850632726208763;0.08024848949025615;0.08954302181967888
1881.0;0.05048076923076923;0.08024848949025615;0.051640926640926635
1882.5;0.015095605501509561;0.08024848949025615;0.017015706806282723
1884.0;0.017623877982923447;0.08024848949025615;0.05294802172226532
1885.5;0.017547197908565945;0.08024848949025615;0.0175884771057884
1887.0;0.01488644788002137;0.08024848949025615;0.017094017094017096
1888.5;0.01488644788002137;0.08024848949025615;0.049329501915708805
1890.0;0.01488644788002137;0.08024848949025615;0.017094017094017096
1891.5;0.01488644788002137;0.08024848949025615;0.01865038996269922
1893.0;0.01488644788002137;0.08024848949025615;0.015809071886378992
1894.5;0.01488644788002137;0.08024848949025615;0.045928030303030304
1896.0;0.01488644788002137;0.08024848949025615;0.015001087035292413
1897.5;0.01488644788002137;0.08024848949025615;0.017699115044247787
1899.0;0.01488644788002137;0.015809071886378992;0.018470790378006873
1900.5;0.018289844042285466;0.017498443680569787;0.016285076905013504
1902.0;0.016550266845809666;0.0161839863713799;0.07279693486590039
1903.5;0.017401635028469288;0.0161839863713799;0.015280135823429542
1905.0;0.014836509492270044;0.017754480892796753;0.05149558123725356
1906.5;0.015731292517006803;0.0175513698630137;0.018876611418047883
1908.0;0.017754480892796753;0.015871286409530037;0.015109552273918112
1909.5;0.016676298192025096;0.01842179442537598;0.016636140987988515
1911.0;0.014910112661872163;0.016863406408094434;0.03920012696397398
1912.5;0.015743018124095107;0.018010291595197254;0.037682454572535
1914.0;0.0175513698630137;0.018010291595197254;0.017100908800752573
1915.5;0.050912176495545185;0.017754480892796753;0.015980009904052024
1917.0;0.018026004728132386;0.01850632726208763;0.0161839863713799
1918.5;0.018010291595197254;0.01850632726208763;0.017754480892796753
1920.0;0.018010291595197254;0.016676298192025096;0.01865038996269922
1921.5;0.03919631093544137;0.016676298192025096;0.0189328743545611
1923.0;0.018010291595197254;0.017465858520325457;0.01865038996269922
1924.5;0.017623877982923447;0.0829083213135849;0.016676298192025096
1926.0;0.017547197908565945;0.01740771421307761;0.017373380447585393
1927.5;0.01850632726208763;0.017094017094017096;0.018848906360245943
1929.0;0.04425612052730697;0.017094017094017096;0.014936197678611653
1930.5;0.08048289738430583;0.017094017094017096;0.04536862003780718
1932.0;0.014945495799148322;0.04425612052730697;0.01850632726208763
1933.5;0.06997510553090161;0.015095605501509561;0.04315196998123827
1935.0;0.06997510553090161;0.01836806645203033;0.015871286409530037
1936.5;0.06997510553090161;0.01660281557997176;0.017498443680569787
1938.0;0.06997510553090161;0.017443347491498312;0.044811320754716985
1939.5;0.01865038996269922;0.017427438387099873;0.016863406408094434
1941.0;0.01865038996269922;0.06646605361479795;0.016863406408094434
1942.5;0.015001087035292413;0.08005291535884662;0.06328182487122885
1944.0;0.015809071886378992;0.04315196998123827;0.0189328743545611
1945.5;0.018332165356039182;0.01865038996269922;0.0189328743545611
1947.0;0.018010291595197254;0.017094017094017096;0.014945495799148322
1948.5;0.017094017094017096;0.016676298192025096;0.06888939767675939
1950.0;0.01865038996269922;0.016638225255972697;0.017373380447585393
1951.5;0.01850632726208763;0.016745540589734254;0.017373380447585393
1953.0;0.016638225255972697;0.01834862385321101;0.01597712748065927
1954.5;0.07061592781482934;0.01882395123700251;0.01597712748065927
1956.0;0.017094017094017096;0.03599221789883269;0.014945495799148322
1957.5;0.018354055654233276;0.015871286409530037;0.06997510553090161
1959.0;0.01597712748065927;0.0189328743545611;0.017094017094017096
1960.5;0.016429426632965278;0.01845342706502636;0.015001087035292413
1962.0;0.01865038996269922;0.018052243358660087;0.0175513698630137
1963.5;0.018470790378006873;0.01967799642218247;0.017094017094017096
1965.0;0.015871286409530037;0.01749271137026239;0.015731292517006803
1966.5;0.018354055654233276;0.016081348496769426;0.0161839863713799
1968.0;0.05084745762711864;0.01749271137026239;0.016638225255972697
1969.5;0.015731292517006803;0.016979552792060267;0.016638225255972697
1971.0;0.01865038996269922;0.0161839863713799;0.01850632726208763
1972.5;0.01850632726208763;0.017547197908565945;0.017465858520325457
1974.0;0.016638225255972697;0.01488644788002137;0.017465858520325457
1975.5;0.015871286409530037;0.01830736743700201;0.04208416833667335
1977.0;0.017094017094017096;0.015731292517006803;0.0175513698630137
1978.5;0.01865038996269922;0.08458244111349036;0.01865038996269922
1980.0;0.01865038996269922;0.015597920277296359;0.015095605501509561
1981.5;0.017094017094017096;0.016897746967071057;0.01842179442537598
1983.0;0.017699115044247787;0.018026004728132386;0.0161839863713799
1984.5;0.06689088191330343;0.03919631093544137;0.016745540589734254
1986.0;0.0175513698630137;0.015280135823429542;0.015731292517006803
1987.5;0.017547197908565945;0.016745540589734254;0.01850632726208763
1989.0;0.0175513698630137;0.049329501915708805;0.015871286409530037
1990.5;0.09799554565701558;0.017754480892796753;0.014945495799148322
1992.0;0.07061592781482934;0.017754480892796753;0.08224351322206593
1993.5;0.0370850622406639;0.017754480892796753;0.015724726735506497
1995.0;0.016043635035830027;0.017623877982923447;0.0182681206624895
1996.5;0.014965094221118901;0.014945495799148322;0.017397154861764727
1998.0;0.014895060311512434;0.014945495799148322;0.014834097312229661
1999.5;0.018296312618706345;0.018010291595197254;0.01739137492247878
2001.0;0.014853302138208221;0.01865038996269922;0.015680987109796585
2002.5;0.018010291595197254;0.015809071886378992;0.017094017094017096
2004.0;0.01865038996269922;0.01850632726208763;0.015095605501509561
2005.5;0.01865038996269922;0.06997510553090161;0.018470790378006873
2007.0;0.015095605501509561;0.01485852872552252;0.015731292517006803
2008.5;0.017754480892796753;0.01740771421307761;0.016897746967071057
2010.0;0.018683274021352312;0.014834097312229661;0.017373380447585393
2011.5;0.01865038996269922;0.014834097312229661;0.08458244111349036
2013.0;0.01850632726208763;0.014832305600435561;0.01842179442537598
2014.5;0.017373380447585393;0.015680987109796585;0.015731292517006803
2016.0;0.017094017094017096;0.015679043553987165;0.017373380447585393
2017.5;0.01950286806883365;0.016530470370958342;0.016863406408094434
2019.0;0.018610372994783977;0.018197573656845753;0.01836806645203033
2020.5;0.017062225393368134;0.01783664661861255;0.016838000708968452
2022.0;0.01882707296742204;0.016648083640921553;0.08405756796217757
2023.5;0.016091813640564948;0.018026004728132386;0.015879968453896016
2025.0;0.018354055654233276;0.01865038996269922;0.04677754677754677
2026.5;0.017094017094017096;0.014945495799148322;0.09699769053117782
2028.0;0.017754480892796753;0.01660281557997176;0.015154962909024714
2029.5;0.01865038996269922;0.017015706806282723;0.0185554688027144
2031.0;0.0863169700629799;0.04854845037269518;0.0185554688027144
2032.5;0.015809071886378992;0.015163102542134104;0.01845157937014199
2034.0;0.017623877982923447;0.0161839863713799;0.014922830014276238
2035.5;0.017623877982923447;0.047619047619047616;0.0175513698630137
2037.0;0.01842179442537598;0.016745540589734254;0.015871286409530037
2038.5;0.09568584070796461;0.0175513698630137;0.0175513698630137
2040.0;0.01842179442537598;0.043703007518796994;0.016863406408094434
2041.5;0.014910112661872163;0.016863406408094434;0.01865038996269922
2043.0;0.014910112661872163;0.018354055654233276;0.0161839863713799
2044.5;0.01865038996269922;0.015280135823429542;0.015871286409530037
2046.0;0.016745540589734254;0.017094017094017096;0.016676298192025096
2047.5;0.016638225255972697;0.01865038996269922;0.018470790378006873
2049.0;0.0161839863713799;0.017373380447585393;0.016863406408094434
2050.5;0.08302956662616444;0.01654091700522345;0.015001087035292413
2052.0;0.017699115044247787;0.07354885230140609;0.016676298192025096
2053.5;0.01597712748065927;0.01771809624494277;0.04260299625468165
2055.0;0.014945495799148322;0.01771809624494277;0.01865038996269922
2056.5;0.014945495799148322;0.01672693391308206;0.015280135823429542
2058.0;0.0175513698630137;0.016624630520743856;0.03411405295315682
2059.5;0.01597712748065927;0.017971946230274694;0.018197573656845753
2061.0;0.017623877982923447;0.0189328743545611;0.08048289738430583
2062.5;0.017623877982923447;0.015871286409530037;0.01842179442537598
2064.0;0.07076132648295189;0.015743018124095107;0.07659179563235237
2065.5;0.051059730250481696;0.01784040701566475;0.018010291595197254
2067.0;0.016638225255972697;0.017934291168491913;0.017699115044247787
2068.5;0.016638225255972697;0.018010291595197254;0.017699115044247787
2070.0;0.01850632726208763;0.08569059601627427;0.017699115044247787
2071.5;0.018332165356039182;0.06838710470185025;0.09190371991247265
2073.0;0.015095605501509561;0.0175513698630137;0.04536862003780718
2074.5;0.015001087035292413;0.0470532319391635;0.09041394335511982
2076.0;0.017498443680569787;0.0189328743545611;0.04208416833667335
2077.5;0.017094017094017096;0.01850632726208763;0.04640718562874251
2079.0;0.01597712748065927;0.015743018124095107;0.04640718562874251
2080.5;0.016638225255972697;0.018010291595197254;0.015225395561747438
2082.0;0.017754480892796753;0.041666666666666664;0.08220458215006982
2083.5;0.017754480892796753;0.01594765689784196;0.07389540911350188
2085.0;0.014910112661872163;0.0574398249452954;0.07389540911350188
2086.5;0.01597712748065927;0.054811620517476164;0.014882253066380514
2088.0;0.015001087035292413;0.0189328743545611;0.015731292517006803
2089.5;0.01842179442537598;0.05048076923076923;0.017623877982923447
2091.0;0.016084484159220147;0.051640926640926635;0.07922182109907742
2092.5;0.016084484159220147;0.015095605501509561;0.0175513698630137
2094.0;0.016084484159220147;0.10036678892964322;0.051640926640926635
2095.5;0.016084484159220147;0.07699468813318001;0.016745540589734254
2097.0;0.016084484159220147;0.018387370467510947;0.01663225731761437
2098.5;0.07705615012461516;0.017094017094017096;0.017443347491498312
2100.0;0.017810548929218788;0.0161839863713799;0.017094017094017096
2101.5;0.018010291595197254;0.08431531897602601;0.06973170529113713
2103.0;0.04425612052730697;0.01850632726208763;0.014945495799148322
2104.5;0.017754480892796753;0.038385826771653545;0.04260299625468165
2106.0;0.015871286409530037;0.016335052812576762;0.018470790378006873
2107.5;0.01842179442537598;0.015024970979036621;0.01597712748065927
2109.0;0.01663225731761437;0.015825372934697504;0.01597712748065927
2110.5;0.017465858520325457;0.017094017094017096;0.015871286409530037
2112.0;0.016582472972657695;0.017754480892796753;0.017498443680569787
2113.5;0.018289844042285466;0.017754480892796753;0.018332165356039182
2115.0;0.01741601350785099;0.01862097440132122;0.03919631093544137
2116.5;0.018026004728132386;0.06794294294294294;0.01597712748065927
2118.0;0.018026004728132386;0.016081348496769426;0.015001087035292413
2119.5;0.016863406408094434;0.016638225255972697;0.018848906360245943
2121.0;0.015769487034319674;0.016429426632965278;0.018848906360245943
2122.5;0.016638225255972697;0.015842570532438566;0.016638225255972697
2124.0;0.016863406408094434;0.018010291595197254;0.08747300215982722
2125.5;0.018595825426944972;0.017699115044247787;0.018470790378006873
2127.0;0.01810188254965837;0.016081348496769426;0.017623877982923447
2128.5;0.01779592331824472;0.017094017094017096;0.01865038996269922
2130.0;0.018010291595197254;0.019139945314441957;0.0170487948265726
2131.5;0.041666666666666664;0.015033359741139864;0.017934291168491913
2133.0;0.041666666666666664;0.01845157937014199;0.01865038996269922
2134.5;0.017368069472277887;0.019013666072489603;0.015001087035292413
2136.0;0.07800401906449612;0.035869565217391305;0.015225395561747438
2137.5;0.01597712748065927;0.018242207460398566;0.017094017094017096
2139.0;0.01845342706502636;0.01766376725659062;0.018612132352941176
2140.5;0.019269640210214257;0.016638225255972697;0.01810699588477366
2142.0;0.018792559974975337;0.016638225255972697;0.06470588235294118
2143.5;0.016807551075732556;0.016676298192025096;0.01698283068612951
2145.0;0.01865038996269922;0.01836806645203033;0.01623840389895855
2146.5;0.017623877982923447;0.017094017094017096;0.018876611418047883
2148.0;0.03542094455852156;0.017754480892796753;0.015033359741139864
2149.5;0.03542094455852156;0.048187022900763356;0.03379065040650407
2151.0;0.01726263871763255;0.017373380447585393;0.03674948240165632
2152.5;0.01783664661861255;0.016403046280023436;0.0170487948265726
2154.0;0.08560945780676722;0.04083665338645418;0.03599221789883269
2155.5;0.08560945780676722;0.051640926640926635;0.0161839863713799
2157.0;0.015001087035292413;0.015280135823429542;0.01834862385321101
2158.5;0.016676298192025096;0.08024848949025615;0.01675203627508607
2160.0;0.014910112661872163;0.01842179442537598;0.016866617519198917
2161.5;0.017465858520325457;0.017498443680569787;0.01674733391823327
2163.0;0.017465858520325457;0.015095605501509561;0.017215791035915702
2164.5;0.017465858520325457;0.018354055654233276;0.01612259159428971
2166.0;0.017465858520325457;0.01597712748065927;0.019274809160305342
2167.5;0.017465858520325457;0.017674869549113806;0.017206835592221567
2169.0;0.017465858520325457;0.016293098349991132;0.018197573656845753
2170.5;0.017465858520325457;0.02079272254710851;0.018542690508967015
2172.0;0.014870091759449306;0.018303033548421645;0.016638225255972697
2173.5;0.016568094782873223;0.018106737497187636;0.017824497257769654
2175.0;0.016568094782873223;0.018683274021352312;0.015139193690331638
2176.5;0.016568094782873223;0.0175513698630137;0.017699115044247787
2178.0;0.016568094782873223;0.01874107841782935;0.01726263871763255
2179.5;0.01570251018973342;0.015414729630535846;0.015033359741139864
2181.0;0.01570251018973342;0.01578659375538829;0.018371212121212118
2182.5;0.0791899259728955;0.017699115044247787;0.03976964272613895
2184.0;0.015687178238012765;0.017373380447585393;0.019142066420664204
2185.5;0.015687178238012765;0.016357261371818553;0.017122114923635367
2187.0;0.015687178238012765;0.018086080586080584;0.019408502772643253
2188.5;0.015687178238012765;0.017961645808949312;0.018047156089719053
2190.0;0.015687178238012765;0.01672535211267606;0.01654091700522345
2191.5;0.015687178238012765;0.016863406408094434;0.0170487948265726
2193.0;0.015687178238012765;0.018487434139972954;0.018323203432248837
2194.5;0.07569039297885562;0.01928292805086652;0.017114956021708434
2196.0;0.07569039297885562;0.015928869968694494;0.01776252720300414
2197.5;0.07569039297885562;0.017525919561408476;0.017824497257769654
2199.0;0.07569039297885562;0.0161839863713799;0.017699115044247787
2200.5;0.07569039297885562;0.01850632726208763;0.015597920277296359
2202.0;0.07569039297885562;0.015095605501509561;0.016429426632965278
2203.5;0.07569039297885562;0.016676298192025096;0.018026004728132386
2205.0;0.07569039297885562;0.016676298192025096;0.042924211938296444
2206.5;0.07569039297885562;0.01488644788002137;0.018612132352941176
2208.0;0.07352423728192507;0.014850222990092551;0.01834862385321101
2209.5;0.07352423728192507;0.01865038996269922;0.049167394077754646
2211.0;0.06723180024914613;0.014945495799148322;0.018443932541639993
2212.5;0.06723180024914613;0.014945495799148322;0.015095605501509561
2214.0;0.06723180024914613;0.015743018124095107;0.06277533039647576
2215.5;0.06723180024914613;0.016568094782873223;0.03919631093544137
2217.0;0.07032194075916286;0.014850222990092551;0.018284611141753997
2218.5;0.07032194075916286;0.0161839863713799;0.018076978710534278
2220.0;0.017387150648592545;0.018470790378006873;0.041250831669993354
2221.5;0.017387150648592545;0.08431531897602601;0.03423626787057938
2223.0;0.017387150648592545;0.015095605501509561;0.015069294547215105
2224.5;0.01567842217100666;0.015095605501509561;0.016664722618075594
2226.0;0.01567842217100666;0.0741235580813308;0.01784040701566475
2227.5;0.014827949697411927;0.08048289738430583;0.015926980240613186
2229.0;0.07658689160070617;0.07922182109907742;0.07668608086435384
2230.5;0.05048076923076923;0.05048076923076923;0.015001087035292413
2232.0;0.05048076923076923;0.07303592577970786;0.01663225731761437
2233.5;0.05048076923076923;0.051059730250481696;0.016568094782873223
2235.0;0.016745540589734254;0.049329501915708805;0.01597712748065927
2236.5;0.014945495799148322;0.018683274021352312;0.017699115044247787
2238.0;0.014945495799148322;0.0161839863713799;0.050975416621675124
2239.5;0.014945495799148322;0.039473684210526314;0.06741573033707866
2241.0;0.014945495799148322;0.017083111144968386;0.017094017094017096
2242.5;0.014945495799148322;0.018624934405591875;0.018354055654233276
2244.0;0.014945495799148322;0.01865038996269922;0.018876611418047883
2245.5;0.015769487034319674;0.015280135823429542;0.018086080586080584
2247.0;0.014870091759449306;0.01865038996269922;0.018086080586080584
2248.5;0.014870091759449306;0.07303592577970786;0.019395134779750165
2250.0;0.06990886048565832;0.01597712748065927;0.018683274021352312
2251.5;0.014850222990092551;0.01654091700522345;0.01771809624494277
2253.0;0.01740771421307761;0.016863406408094434;0.046489563567362426
2254.5;0.01826142579350741;0.017547197908565945;0.018010291595197254
2256.0;0.01826142579350741;0.017465858520325457;0.08386958386958387
2257.5;0.015687178238012765;0.0688532784166215;0.016863406408094434
2259.0;0.07061592781482934;0.08136827196111146;0.014910112661872163
2260.5;0.0161839863713799;0.01654477169890474;0.018289844042285466
2262.0;0.017623877982923447;0.014834097312229661;0.018086080586080584
2263.5;0.017623877982923447;0.016638225255972697;0.017065665405680087
2265.0;0.017623877982923447;0.018876611418047883;0.017713532099535877
2266.5;0.016863406408094434;0.016448125143777317;0.04334677419354839
2268.0;0.016863406408094434;0.017814806907942786;0.03879026955950033
2269.5;0.017623877982923447;0.018323203432248837;0.07699468813318001
2271.0;0.017623877982923447;0.01842800035618964;0.017934291168491913
2272.5;0.015809071886378992;0.016873111933413492;0.01726263871763255
2274.0;0.018332165356039182;0.01842585641443123;0.09492273730684328
2275.5;0.018332165356039182;0.07922182109907742;0.019408502772643253
2277.0;0.018332165356039182;0.01845342706502636;0.03326226012793177
2278.5;0.01830736743700201;0.018792559974975337;0.032924107142857144
2280.0;0.06571130694959344;0.01769257756716558;0.018026004728132386
2281.5;0.06571130694959344;0.0170487948265726;0.01702553830746119
2283.0;0.014844188506303903;0.015225395561747438;0.017094017094017096
2284.5;0.014844188506303903;0.04990403071017274;0.05339805825242719
2286.0;0.01826142579350741;0.018612132352941176;0.05135455803836266
2287.5;0.01826142579350741;0.018786847740005278;0.03608247422680412
2289.0;0.014836509492270044;0.01645886454480055;0.05124892334194659
2290.5;0.018470790378006873;0.015198620126267775;0.01942319011183049
2292.0;0.015871286409530037;0.016813897584409074;0.040013227513227514
2293.5;0.016676298192025096;0.01865038996269922;0.01834862385321101
2295.0;0.016676298192025096;0.01865038996269922;0.01675203627508607
2296.5;0.01836806645203033;0.017699115044247787;0.019139945314441957
2298.0;0.016568094782873223;0.015188609731168737;0.019142066420664204
2299.5;0.01741601350785099;0.01950286806883365;0.017122114923635367
2301.0;0.01740771421307761;0.01605832636760472;0.018323203432248837
2302.5;0.01654477169890474;0.0189328743545611;0.015154962909024714
2304.0;0.01654477169890474;0.016863406408094434;0.037285441830896375
2305.5;0.01654477169890474;0.017754480892796753;0.01780160609014529
2307.0;0.016540721828503288;0.017754480892796753;0.01929824561403509
2308.5;0.051640926640926635;0.01597712748065927;0.0153103221203973
2310.0;0.01865038996269922;0.01597712748065927;0.018595825426944972
2311.5;0.01842179442537598;0.014945495799148322;0.03528138528138528
2313.0;0.016638225255972697;0.017754480892796753;0.09631728045325778
2314.5;0.016638225255972697;0.0161839863713799;0.020484171322160148
2316.0;0.08175211949939443;0.017094017094017096;0.05345699070313205
2317.5;0.015871286409530037;0.01597712748065927;0.07487111590093108
2319.0;0.015809071886378992;0.07786711807024968;0.0334685598377282
2320.5;0.015809071886378992;0.039603960396039604;0.044197031039136296
2322.0;0.015809071886378992;0.018010291595197254;0.01597712748065927
2323.5;0.015809071886378992;0.015095605501509561;0.017460979111666896
2325.0;0.015809071886378992;0.017623877982923447;0.017699115044247787
2326.5;0.015769487034319674;0.017754480892796753;0.03326226012793177
2328.0;0.015769487034319674;0.017754480892796753;0.01756386861313869
2329.5;0.015769487034319674;0.017754480892796753;0.01897923971725942
2331.0;0.01660281557997176;0.015001087035292413;0.015095605501509561
2332.5;0.01660281557997176;0.015001087035292413;0.05105498228861851
2334.0;0.01660281557997176;0.015809071886378992;0.015280135823429542
2335.5;0.01660281557997176;0.015809071886378992;0.0196525928743502
2337.0;0.01660281557997176;0.015809071886378992;0.018354055654233276
2338.5;0.01660281557997176;0.014910112661872163;0.018620022569724327
2340.0;0.01660281557997176;0.014910112661872163;0.08174097664543525
2341.5;0.01660281557997176;0.01660281557997176;0.0161839863713799
2343.0;0.015724726735506497;0.01660281557997176;0.0370850622406639
2344.5;0.015724726735506497;0.01660281557997176;0.016638225255972697
2346.0;0.015280135823429542;0.015724726735506497;0.019292604501607715
2347.5;0.015095605501509561;0.015724726735506497;0.018371212121212118
2349.0;0.017754480892796753;0.07595385350013792;0.01756386861313869
2350.5;0.016676298192025096;0.07595385350013792;0.018391927083333332
2352.0;0.016676298192025096;0.07595385350013792;0.02000645369474024
2353.5;0.0161839863713799;0.07595385350013792;0.017045454545454544
2355.0;0.01597712748065927;0.07595385350013792;0.048945872320265316
2356.5;0.015095605501509561;0.07595385350013792;0.03476482617586912
2358.0;0.015095605501509561;0.07595385350013792;0.020625415834996677
2359.5;0.016745540589734254;0.017401635028469288;0.019598155467720684
2361.0;0.01836806645203033;0.017401635028469288;0.01757469244288225
2362.5;0.01836806645203033;0.06942408900983806;0.04208416833667335
2364.0;0.01836806645203033;0.08215334206275562;0.020330932247625014
2365.5;0.01836806645203033;0.08215334206275562;0.0370850622406639
2367.0;0.01836806645203033;0.08215334206275562;0.018010456796917998
2368.5;0.01488644788002137;0.0745820279297793;0.01730418943533698
2370.0;0.01488644788002137;0.07667381125160404;0.016293098349991132
2371.5;0.01488644788002137;0.06618206255065345;0.01764836420273119
2373.0;0.014870091759449306;0.0755639182347079;0.038385826771653545
2374.5;0.014870091759449306;0.0755639182347079;0.019408502772643253
2376.0;0.014870091759449306;0.0755639182347079;0.01772899957788096
2377.5;0.017427438387099873;0.01567842217100666;0.04511357633386159
2379.0;0.017427438387099873;0.01567842217100666;0.035869565217391305
2380.5;0.017427438387099873;0.01567842217100666;0.018242207460398566
2382.0;0.017427438387099873;0.07131953514346183;0.018130653858620383
2383.5;0.017427438387099873;0.07235678719359716;0.01826215022091311
2385.0;0.017427438387099873;0.07235678719359716;0.01810699588477366
2386.5;0.017427438387099873;0.07235678719359716;0.01623840389895855
2388.0;0.017427438387099873;0.017384645537373677;0.0170487948265726
2389.5;0.016557768507871926;0.017384645537373677;0.017830478700043915
2391.0;0.016557768507871926;0.08244680851063829;0.018430677661918717
2392.5;0.01740771421307761;0.07796881247500999;0.017016914228011163
2394.0;0.01740771421307761;0.06859415127164278;0.046489563567362426
2395.5;0.01740771421307761;0.07216102560980384;0.05048076923076923
2397.0;0.01740771421307761;0.06838710470185025;0.01733025239957341
2398.5;0.01740771421307761;0.07620041753653445;0.0170487948265726
2400.0;0.01740771421307761;0.07620041753653445;0.0217570227232063
2401.5;0.01740771421307761;0.07620041753653445;0.019291002763656216
2403.0;0.01740771421307761;0.015095605501509561;0.01672535211267606
2404.5;0.015690820879123473;0.017547197908565945;0.019139945314441957
2406.0;0.015690820879123473;0.01663225731761437;0.0212516733601071
2407.5;0.015690820879123473;0.05222437137330754;0.0181697788372401
2409.0;0.015690820879123473;0.07303592577970786;0.04435427540925312
2410.5;0.015690820879123473;0.017623877982923447;0.05303836377608323
2412.0;0.017397154861764727;0.0170487948265726;0.0334685598377282
2413.5;0.017397154861764727;0.017094017094017096;0.01772899957788096
2415.0;0.017397154861764727;0.01865038996269922;0.018010291595197254
2416.5;0.017397154861764727;0.01850632726208763;0.01845342706502636
2418.0;0.017397154861764727;0.01850632726208763;0.0170487948265726
2419.5;0.017397154861764727;0.01850632726208763;0.018197573656845753
2421.0;0.017397154861764727;0.01850632726208763;0.0189328743545611
2422.5;0.017393838281482624;0.01850632726208763;0.017094017094017096
2424.0;0.014830971492820427;0.017498443680569787;0.01810699588477366
2425.5;0.014830971492820427;0.016568094782873223;0.017615389503562125
2427.0;0.014830971492820427;0.016568094782873223;0.017094017094017096
2428.5;0.014830971492820427;0.016568094782873223;0.038441422594142266
2430.0;0.014830971492820427;0.016568094782873223;0.0188212927756654
2431.5;0.07452317050200985;0.01740771421307761;0.017094017094017096
2433.0;0.07452317050200985;0.01740771421307761;0.01850632726208763
2434.5;0.07452317050200985;0.01740771421307761;0.016638225255972697
2436.0;0.07452317050200985;0.015690820879123473;0.018010291595197254
2437.5;0.017387150648592545;0.06937130444959641;0.0370850622406639
2439.0;0.017387150648592545;0.06937130444959641;0.018832655731576244
2440.5;0.017387150648592545;0.0756090822439491;0.05105467888436629
2442.0;0.017387150648592545;0.017754480892796753;0.03411405295315682
2443.5;0.017385814700674008;0.01850632726208763;0.053692006098889127
2445.0;0.014827716422686422;0.017547197908565945;0.01654091700522345
2446.5;0.018242915171642324;0.017547197908565945;0.07678894156095364
2448.0;0.01738451054966002;0.017547197908565945;0.016638225255972697
2449.5;0.018242456797028576;0.017547197908565945;0.04083665338645418
2451.0;0.01652913129870731;0.08338930129741895;0.015225395561747438
2452.5;0.016529041294521166;0.018332165356039182;0.017754480892796753
2454.0;0.018010291595197254;0.017373380447585393;0.017094017094017096
2455.5;0.0863169700629799;0.019013666072489603;0.05168287787555967
2457.0;0.017547197908565945;0.0161839863713799;0.019139945314441957
2458.5;0.018010291595197254;0.016745540589734254;0.017373380447585393
2460.0;0.015095605501509561;0.016745540589734254;0.01672535211267606
2461.5;0.015095605501509561;0.017498443680569787;0.018354055654233276
2463.0;0.01865038996269922;0.01834862385321101;0.01733025239957341
2464.5;0.015809071886378992;0.01726263871763255;0.018683274021352312
2466.0;0.0175513698630137;0.01766843911960692;0.018848906360245943
2467.5;0.0175513698630137;0.019013666072489603;0.017699115044247787
2469.0;0.017754480892796753;0.01865038996269922;0.016638225255972697
2470.5;0.017754480892796753;0.01865038996269922;0.016638225255972697
2472.0;0.017547197908565945;0.015095605501509561;0.01645021645021645
2473.5;0.017547197908565945;0.015871286409530037;0.11547022815804117
2475.0;0.017498443680569787;0.015095605501509561;0.016209169954000083
2476.5;0.014870091759449306;0.016745540589734254;0.041666666666666664
2478.0;0.01741601350785099;0.016745540589734254;0.017824497257769654
2479.5;0.017094017094017096;0.01842179442537598;0.018010291595197254
2481.0;0.01850632726208763;0.01842179442537598;0.043703007518796994
2482.5;0.01850632726208763;0.01660281557997176;0.019138359569179784
2484.0;0.014945495799148322;0.017443347491498312;0.0170487948265726
2485.5;0.018010291595197254;0.017443347491498312;0.039603960396039604
2487.0;0.017754480892796753;0.017754480892796753;0.019675925925925927
2488.5;0.017754480892796753;0.017754480892796753;0.015414729630535846
2490.0;0.017623877982923447;0.017754480892796753;0.020429159318048208
2491.5;0.017547197908565945;0.016745540589734254;0.018587854690654885
2493.0;0.015871286409530037;0.01842179442537598;0.018026004728132386
2494.5;0.016638225255972697;0.017094017094017096;0.018876611418047883
2496.0;0.04875717017208413;0.017623877982923447;0.017215791035915702
2497.5;0.043703007518796994;0.015769487034319674;0.01512779241718377
2499.0;0.0175513698630137;0.018010291595197254;0.016638225255972697
2500.5;0.0175513698630137;0.01850632726208763;0.016863406408094434
2502.0;0.0161839863713799;0.01836806645203033;0.0425033467202142
2503.5;0.0175513698630137;0.01488644788002137;0.017094017094017096
2505.0;0.0175513698630137;0.016582472972657695;0.01862097440132122
2506.5;0.015001087035292413;0.018289844042285466;0.054267702209658326
2508.0;0.05281007751937984;0.018289844042285466;0.04208416833667335
2509.5;0.01865038996269922;0.018289844042285466;0.017305765552418254
2511.0;0.049329501915708805;0.0182681206624895;0.015280135823429542
2512.5;0.01865038996269922;0.018010291595197254;0.04990403071017274
2514.0;0.04990403071017274;0.016638225255972697;0.019345238095238096
2515.5;0.04990403071017274;0.017754480892796753;0.01942319011183049
2517.0;0.04990403071017274;0.018354055654233276;0.016357261371818553
2518.5;0.04990403071017274;0.018354055654233276;0.01584887731663337
2520.0;0.07672379434037466;0.017699115044247787;0.08722371276693404
2521.5;0.07672379434037466;0.01612259159428971;0.018010291595197254
2523.0;0.07786711807024968;0.0175513698630137;0.01850632726208763
2524.5;0.07786711807024968;0.0175513698630137;0.01865038996269922
2526.0;0.04425612052730697;0.017094017094017096;0.017623877982923447
2527.5;0.04425612052730697;0.01672535211267606;0.06973170529113713
2529.0;0.04425612052730697;0.017934291168491913;0.01663225731761437
2530.5;0.01597712748065927;0.016830578931359627;0.016582472972657695
2532.0;0.016745540589734254;0.016830578931359627;0.019013666072489603
2533.5;0.016863406408094434;0.015854570888502284;0.015280135823429542
2535.0;0.016863406408094434;0.015762630806304054;0.017094017094017096
2536.5;0.01850632726208763;0.015762630806304054;0.01850632726208763
2538.0;0.01663225731761437;0.015738326756557706;0.048187022900763356
2539.5;0.016582472972657695;0.015738326756557706;0.018010291595197254
2541.0;0.01485852872552252;0.015738326756557706;0.015095605501509561
2542.5;0.018277260861902424;0.015738326756557706;0.015095605501509561
2544.0;0.0175513698630137;0.015738326756557706;0.017754480892796753
2545.5;0.0175513698630137;0.015738326756557706;0.04425612052730697
2547.0;0.016745540589734254;0.015738326756557706;0.04425612052730697
2548.5;0.0175513698630137;0.01830290365337456;0.08431531897602601
2550.0;0.016745540589734254;0.018274952446558405;0.06973170529113713
2551.5;0.018332165356039182;0.018266434271447484;0.06854651270894926
2553.0;0.04334677419354839;0.018266434271447484;0.015769487034319674
2554.5;0.01865038996269922;0.018266434271447484;0.0804076327636537
2556.0;0.016745540589734254;0.015689905121605452;0.0804076327636537
2557.5;0.016676298192025096;0.015689905121605452;0.0804076327636537
2559.0;0.01488644788002137;0.015689905121605452;0.0804076327636537
2560.5;0.014870091759449306;0.015689905121605452;0.0804076327636537
2562.0;0.015711796950363736;0.015689905121605452;0.017443347491498312
2563.5;0.015711796950363736;0.018255575137882063;0.015711796950363736
2565.0;0.01654477169890474;0.018255575137882063;0.015711796950363736
2566.5;0.016540721828503288;0.018255575137882063;0.01740771421307761
2568.0;0.017393838281482624;0.018255575137882063;0.01740771421307761
2569.5;0.06829377120005976;0.018255575137882063;0.01654477169890474
2571.0;0.07881522284631397;0.018255575137882063;0.014836509492270044
2572.5;0.07881522284631397;0.018255575137882063;0.06523614674065581
2574.0;0.051640926640926635;0.018255575137882063;0.06523614674065581
2575.5;0.08265594250021391;0.018255575137882063;0.08386958386958387
2577.0;0.08747300215982722;0.015682104810260875;0.01842179442537598
2578.5;0.07182211727666273;0.015682104810260875;0.01842179442537598
2580.0;0.047619047619047616;0.015682104810260875;0.01842179442537598
2581.5;0.017754480892796753;0.015682104810260875;0.08602150537634409
2583.0;0.01842179442537598;0.015682104810260875;0.047619047619047616
2584.5;0.01663225731761437;0.015682104810260875;0.047619047619047616
2586.0;0.06838710470185025;0.015682104810260875;0.07672379434037466
2587.5;0.017094017094017096;0.015682104810260875;0.09041394335511982
2589.0;0.017754480892796753;0.015682104810260875;0.08431531897602601
2590.5;0.017754480892796753;0.01824631905225904;0.01850632726208763
2592.0;0.01850632726208763;0.01824631905225904;0.01850632726208763
2593.5;0.01842179442537598;0.014829093824300667;0.07326130256843867
2595.0;0.015769487034319674;0.014829093824300667;0.06626088925009356
2596.5;0.017465858520325457;0.014829093824300667;0.06626088925009356
2598.0;0.014870091759449306;0.016638225255972697;0.06626088925009356
2599.5;0.015711796950363736;0.01865038996269922;0.01485852872552252
2601.0;0.015711796950363736;0.015809071886378992;0.07077953344664835
2602.5;0.01570251018973342;0.017465858520325457;0.07381715481025414
2604.0;0.0175513698630137;0.017443347491498312;0.07054265059643242
2605.5;0.08175211949939443;0.0815499194163898;0.016540721828503288
2607.0;0.015809071886378992;0.0182681206624895;0.017393838281482624
2608.5;0.01660281557997176;0.016537723722061845;0.017393838281482624
2610.0;0.014870091759449306;0.016638225255972697;0.018683274021352312
2611.5;0.01741601350785099;0.017754480892796753;0.016830578931359627
2613.0;0.01741601350785099;0.017547197908565945;0.017603269400950756
2614.5;0.01741601350785099;0.01836806645203033;0.015798668573620674
2616.0;0.01597712748065927;0.0189328743545611;0.015762630806304054
2617.5;0.0161839863713799;0.0189328743545611;0.041666666666666664
2619.0;0.015731292517006803;0.017754480892796753;0.017094017094017096
2620.5;0.017373380447585393;0.017094017094017096;0.016863406408094434
2622.0;0.015597920277296359;0.017754480892796753;0.0189328743545611
2623.5;0.01702553830746119;0.07484407484407485;0.0161839863713799
2625.0;0.017603269400950756;0.015871286409530037;0.017094017094017096
2626.5;0.017603269400950756;0.015769487034319674;0.017623877982923447
2628.0;0.01672535211267606;0.014870091759449306;0.01850632726208763
2629.5;0.01942319011183049;0.014870091759449306;0.018010291595197254
2631.0;0.01612259159428971;0.0182681206624895;0.08431531897602601
2632.5;0.015854570888502284;0.015687178238012765;0.016897746967071057
2634.0;0.017623877982923447;0.01825283975007182;0.015188609731168737
2635.5;0.014910112661872163;0.017094017094017096;0.0189328743545611
2637.0;0.016863406408094434;0.016863406408094434;0.01597712748065927
2638.5;0.018470790378006873;0.014945495799148322;0.01865038996269922
2640.0;0.09087154068566708;0.07996748642690851;0.04334677419354839
2641.5;0.0161839863713799;0.01488644788002137;0.016429426632965278
2643.0;0.015001087035292413;0.017427438387099873;0.018612132352941176
2644.5;0.015769487034319674;0.017623877982923447;0.01874107841782935
2646.0;0.044811320754716985;0.017754480892796753;0.0185554688027144
2647.5;0.051640926640926635;0.016335052812576762;0.015095605501509561
2649.0;0.016863406408094434;0.015907416444202047;0.015414729630535846
2650.5;0.016676298192025096;0.07303592577970786;0.015154962909024714
2652.0;0.017094017094017096;0.01865038996269922;0.015831002263857863
2653.5;0.016638225255972697;0.016638225255972697;0.016863406408094434
2655.0;0.015731292517006803;0.016638225255972697;0.015001087035292413
2656.5;0.017754480892796753;0.0161839863713799;0.01672535211267606
2658.0;0.08144892908951275;0.0161839863713799;0.018010291595197254
2659.5;0.046489563567362426;0.0175513698630137;0.016863406408094434
2661.0;0.016638225255972697;0.015095605501509561;0.01834862385321101
2662.5;0.016638225255972697;0.0175513698630137;0.07835234647175354
2664.0;0.015809071886378992;0.015095605501509561;0.018010291595197254
2665.5;0.018470790378006873;0.0175513698630137;0.015871286409530037
2667.0;0.06741573033707866;0.01865038996269922;0.015769487034319674
2668.5;0.0189328743545611;0.0161839863713799;0.018470790378006873
2670.0;0.04315196998123827;0.01865038996269922;0.015001087035292413
2671.5;0.017754480892796753;0.018197573656845753;0.016676298192025096
2673.0;0.017623877982923447;0.017754480892796753;0.07548669050456894
2674.5;0.047619047619047616;0.015769487034319674;0.017547197908565945
2676.0;0.042924211938296444;0.015769487034319674;0.03520671834625324
2677.5;0.01865038996269922;0.018470790378006873;0.016863406408094434
2679.0;0.07672379434037466;0.018470790378006873;0.01834862385321101
2680.5;0.0470532319391635;0.01597712748065927;0.0153103221203973
2682.0;0.0470532319391635;0.018470790378006873;0.05346127484578478
2683.5;0.0470532319391635;0.018470790378006873;0.016638225255972697
2685.0;0.01842179442537598;0.01597712748065927;0.01850632726208763
2686.5;0.01663225731761437;0.016745540589734254;0.015769487034319674
2688.0;0.04536862003780718;0.0741235580813308;0.019013666072489603
2689.5;0.04536862003780718;0.049329501915708805;0.016830578931359627
2691.0;0.0161839863713799;0.045928030303030304;0.0161839863713799
2692.5;0.018683274021352312;0.017373380447585393;0.018683274021352312
2694.0;0.016638225255972697;0.018683274021352312;0.018937169700528483
2695.5;0.015280135823429542;0.01654091700522345;0.01672693391308206
2697.0;0.01842179442537598;0.016979552792060267;0.01597712748065927
2698.5;0.0175513698630137;0.015926980240613186;0.017754480892796753
2700.0;0.0175513698630137;0.015926980240613186;0.017373380447585393
2701.5;0.016745540589734254;0.0175884771057884;0.018086080586080584
2703.0;0.017465858520325457;0.017373380447585393;0.017699115044247787
2704.5;0.0189328743545611;0.08755082619603771;0.01845342706502636
2706.0;0.01672535211267606;0.015809071886378992;0.019274809160305342
2707.5;0.015225395561747438;0.017373380447585393;0.017391304347826087
2709.0;0.015095605501509561;0.017373380447585393;0.01871479774705581
2710.5;0.015769487034319674;0.01597712748065927;0.017699115044247787
2712.0;0.01597712748065927;0.014945495799148322;0.017699115044247787
2713.5;0.018010291595197254;0.018354055654233276;0.01702553830746119
2715.0;0.015871286409530037;0.015095605501509561;0.0189328743545611
2716.5;0.045928030303030304;0.017699115044247787;0.016863406408094434
2718.0;0.01597712748065927;0.017934291168491913;0.016863406408094434
2719.5;0.016638225255972697;0.017603269400950756;0.015095605501509561
2721.0;0.015871286409530037;0.0175513698630137;0.017623877982923447
2722.5;0.01660281557997176;0.08450826136298063;0.017498443680569787
2724.0;0.0763307942719867;0.01660281557997176;0.01830736743700201
2725.5;0.04990403071017274;0.08215271463641584;0.017699115044247787
2727.0;0.018876611418047883;0.015711796950363736;0.017015706806282723
2728.5;0.016217853406024562;0.018010291595197254;0.018610244807272875
2730.0;0.07881527278703353;0.07182211727666273;0.0161839863713799
2731.5;0.05222437137330754;0.017094017094017096;0.015001087035292413
2733.0;0.01597712748065927;0.017754480892796753;0.016403046280023436
2734.5;0.08103813559322035;0.0470532319391635;0.017754480892796753
2736.0;0.044811320754716985;0.0470532319391635;0.018470790378006873
2737.5;0.06277533039647576;0.0470532319391635;0.015731292517006803
2739.0;0.018354055654233276;0.0470532319391635;0.015280135823429542
2740.5;0.016335052812576762;0.016863406408094434;0.018010291595197254
2742.0;0.04798756435113994;0.04054054054054054;0.015731292517006803
2743.5;0.016775307882501863;0.04054054054054054;0.01865038996269922
2745.0;0.017567282711368357;0.081951963528485;0.014910112661872163
2746.5;0.01597712748065927;0.081951963528485;0.017443347491498312
2748.0;0.017623877982923447;0.01865038996269922;0.016557768507871926
2749.5;0.016638225255972697;0.014910112661872163;0.016557768507871926
2751.0;0.018470790378006873;0.017465858520325457;0.014839767744728968
2752.5;0.017623877982923447;0.017754480892796753;0.01739137492247878
2754.0;0.017498443680569787;0.017754480892796753;0.014830971492820427
2755.5;0.01660281557997176;0.016638225255972697;0.014830971492820427
2757.0;0.09041394335511982;0.03758169934640523;0.015095605501509561
2758.5;0.09041394335511982;0.03758169934640523;0.01597712748065927
2760.0;0.0189328743545611;0.018010291595197254;0.01597712748065927
2761.5;0.015001087035292413;0.07087532272840844;0.01597712748065927
2763.0;0.0189328743545611;0.014910112661872163;0.01850632726208763
2764.5;0.015095605501509561;0.017465858520325457;0.01850632726208763
2766.0;0.015809071886378992;0.01597712748065927;0.014945495799148322
2767.5;0.08431531897602601;0.016745540589734254;0.014945495799148322
2769.0;0.036783854166666664;0.017547197908565945;0.014945495799148322
2770.5;0.04334677419354839;0.015743018124095107;0.014945495799148322
2772.0;0.049561699258260275;0.05222437137330754;0.014910112661872163
2773.5;0.0161839863713799;0.016403046280023436;0.01488644788002137
2775.0;0.07796881247500999;0.07756813417190776;0.015724726735506497
2776.5;0.07796881247500999;0.06847253574115876;0.016638225255972697
2778.0;0.017623877982923447;0.08315565031982942;0.0175513698630137
2779.5;0.08333173436690525;0.015871286409530037;0.017754480892796753
2781.0;0.08333173436690525;0.015769487034319674;0.016745540589734254
2782.5;0.015743018124095107;0.015769487034319674;0.016676298192025096
2784.0;0.051059730250481696;0.0788296099311738;0.016676298192025096
2785.5;0.015871286409530037;0.047658862876254184;0.017754480892796753
2787.0;0.015871286409530037;0.04694487416837852;0.016745540589734254
2788.5;0.01865038996269922;0.0913978494623656;0.015809071886378992
2790.0;0.017623877982923447;0.015854570888502284;0.01836806645203033
2791.5;0.015809071886378992;0.017699115044247787;0.016582472972657695
2793.0;0.0161839863713799;0.015225395561747438;0.017094017094017096
2794.5;0.0161839863713799;0.01848360454802751;0.018010291595197254
2796.0;0.016745540589734254;0.019327580007191657;0.07796881247500999
2797.5;0.018354055654233276;0.016604605213162094;0.017094017094017096
2799.0;0.01597712748065927;0.016604605213162094;0.016638225255972697
2800.5;0.01597712748065927;0.04083665338645418;0.015095605501509561
2802.0;0.01865038996269922;0.04083665338645418;0.04875717017208413
2803.5;0.016638225255972697;0.04083665338645418;0.01850632726208763
2805.0;0.015095605501509561;0.017824497257769654;0.015743018124095107
2806.5;0.017623877982923447;0.018197573656845753;0.014870091759449306
2808.0;0.016863406408094434;0.017656852955616538;0.015695763321720377
2809.5;0.016335052812576762;0.04976111970930623;0.04640718562874251
2811.0;0.015033359741139864;0.01512779241718377;0.015188609731168737
2812.5;0.015280135823429542;0.017094017094017096;0.018371212121212118
2814.0;0.015095605501509561;0.017089125102207687;0.018371212121212118
2815.5;0.017547197908565945;0.018202378957949406;0.03241525423728814
2817.0;0.01488644788002137;0.01709768189736031;0.017410714285714286
2818.5;0.01488644788002137;0.040424121935056324;0.047891857096878016
2820.0;0.017094017094017096;0.03919631093544137;0.017373380447585393
2821.5;0.016745540589734254;0.016638225255972697;0.0161839863713799
2823.0;0.01663225731761437;0.0189328743545611;0.016676298192025096
2824.5;0.017465858520325457;0.017623877982923447;0.015095605501509561
2826.0;0.017094017094017096;0.0161839863713799;0.018010291595197254
2827.5;0.01672535211267606;0.017094017094017096;0.07484407484407485
2829.0;0.018010291595197254;0.014945495799148322;0.014945495799148322
2830.5;0.015871286409530037;0.0161839863713799;0.017302798982188294
2832.0;0.01488644788002137;0.01865038996269922;0.016638225255972697
2833.5;0.01488644788002137;0.045928030303030304;0.015871286409530037
2835.0;0.016568094782873223;0.08265594250021391;0.018876611418047883
2836.5;0.01570251018973342;0.015743018124095107;0.016937514305333027
2838.0;0.01826142579350741;0.043703007518796994;0.018010291595197254
2839.5;0.01826142579350741;0.07061592781482934;0.017824497257769654
2841.0;0.07682205778853389;0.015280135823429542;0.01834862385321101
2842.5;0.07037434675666289;0.015280135823429542;0.017792037334111128
2844.0;0.015680987109796585;0.07818802358051505;0.018026004728132386
2845.5;0.017388172610590263;0.015731292517006803;0.07390300230946882
2847.0;0.018470790378006873;0.015809071886378992;0.03718199608610568
2848.5;0.018470790378006873;0.017971946230274694;0.016429426632965278
2850.0;0.016863406408094434;0.08431531897602601;0.04334677419354839
2851.5;0.0798365745414373;0.018683274021352312;0.017094017094017096
2853.0;0.06945691490726251;0.017699115044247787;0.046489563567362426
2854.5;0.06945691490726251;0.04536862003780718;0.016638225255972697
2856.0;0.014870091759449306;0.015280135823429542;0.04208416833667335
2857.5;0.07595385350013792;0.0175513698630137;0.03314777327935223
2859.0;0.017393838281482624;0.016863406408094434;0.017814806907942786
2860.5;0.014832305600435561;0.016403046280023436;0.0175513698630137
2862.0;0.04536862003780718;0.08341232227488152;0.0161839863713799
2863.5;0.04536862003780718;0.0161839863713799;0.016676298192025096
2865.0;0.045928030303030304;0.018010291595197254;0.017754480892796753
2866.5;0.045928030303030304;0.018612132352941176;0.01726263871763255
2868.0;0.01597712748065927;0.01747700394218134;0.016700099238231795
2869.5;0.01597712748065927;0.01782779889387077;0.016879912040347986
2871.0;0.01597712748065927;0.0189328743545611;0.0161839863713799
2872.5;0.08024848949025615;0.017373380447585393;0.049454635597421914
2874.0;0.07753473472714523;0.018026004728132386;0.019139945314441957
2875.5;0.015769487034319674;0.017094017094017096;0.015806516463475927
2877.0;0.018332165356039182;0.018470790378006873;0.07483848894076921
2878.5;0.018332165356039182;0.015809071886378992;0.0189328743545611
2880.0;0.014870091759449306;0.01749271137026239;0.016403046280023436
2881.5;0.016568094782873223;0.03326226012793177;0.0170487948265726
2883.0;0.014850222990092551;0.018413173652694608;0.01775534628830588
2884.5;0.014844188506303903;0.01834862385321101;0.01590151689692769
2886.0;0.017401635028469288;0.04485667998011004;0.06689088191330343
2887.5;0.01825283975007182;0.016689812241256926;0.017893106119287374
2889.0;0.01825012709422827;0.0175513698630137;0.01950286806883365
2890.5;0.01597712748065927;0.01672535211267606;0.018761128291631523
2892.0;0.01597712748065927;0.01850632726208763;0.018323203432248837
2893.5;0.01597712748065927;0.07299742814770317;0.018086080586080584
2895.0;0.01597712748065927;0.01654091700522345;0.017679771605305417
2896.5;0.01597712748065927;0.033547008547008546;0.018533328860806126
2898.0;0.015731292517006803;0.01813557316928901;0.07303592577970786
2899.5;0.015095605501509561;0.036783854166666664;0.03919631093544137
2901.0;0.015095605501509561;0.015095605501509561;0.017934291168491913
2902.5;0.016745540589734254;0.017460979111666896;0.017623877982923447
2904.0;0.016745540589734254;0.016867693203934914;0.044811320754716985
2905.5;0.016745540589734254;0.016863406408094434;0.017015706806282723
2907.0;0.016745540589734254;0.016638225255972697;0.08604707891206247
2908.5;0.016745540589734254;0.017094017094017096;0.018683274021352312
2910.0;0.016745540589734254;0.018026004728132386;0.01597712748065927
2911.5;0.016745540589734254;0.017094017094017096;0.08560945780676722
2913.0;0.016745540589734254;0.017754480892796753;0.05048076923076923
2914.5;0.06854651270894926;0.015809071886378992;0.01897923971725942
2916.0;0.06854651270894926;0.017699115044247787;0.015008842899186362
2917.5;0.014910112661872163;0.016863406408094434;0.018010291595197254
2919.0;0.07487412953639226;0.01983411467724486;0.016863406408094434
2920.5;0.015724726735506497;0.04584545401300248;0.017015706806282723
2922.0;0.017754480892796753;0.018470790378006873;0.0170487948265726
2923.5;0.08755082619603771;0.075255126101145;0.01749271137026239
2925.0;0.08755082619603771;0.015001087035292413;0.016429426632965278
2926.5;0.01842179442537598;0.07922182109907742;0.015517241379310345
2928.0;0.01842179442537598;0.0161839863713799;0.016794337244254824
2929.5;0.017465858520325457;0.015809071886378992;0.017094017094017096
2931.0;0.09340659340659341;0.018010291595197254;0.017094017094017096
2932.5;0.09340659340659341;0.017754480892796753;0.016676298192025096
2934.0;0.017754480892796753;0.015809071886378992;0.0161839863713799
2935.5;0.0718766971927262;0.016745540589734254;0.09087154068566708
2937.0;0.017498443680569787;0.08110292001505391;0.09087154068566708
2938.5;0.07993273782747468;0.017443347491498312;0.015597920277296359
2940.0;0.017427438387099873;0.01865038996269922;0.017373380447585393
2941.5;0.017427438387099873;0.015809071886378992;0.03542094455852156
2943.0;0.016557768507871926;0.08175211949939443;0.0170487948265726
2944.5;0.039603960396039604;0.015001087035292413;0.0161839863713799
2946.0;0.039603960396039604;0.01836806645203033;0.0175513698630137
2947.5;0.039603960396039604;0.017094017094017096;0.01648282717157388
2949.0;0.039603960396039604;0.016745540589734254;0.049329501915708805
2950.5;0.039603960396039604;0.018026004728132386;0.018010291595197254
2952.0;0.039603960396039604;0.019345238095238096;0.018197573656845753
2953.5;0.039603960396039604;0.016863406408094434;0.015033359741139864
2955.0;0.039603960396039604;0.0189328743545611;0.015752650514276798
2956.5;0.0189328743545611;0.0161839863713799;0.0161839863713799
2958.0;0.0189328743545611;0.015095605501509561;0.07668608086435384
2959.5;0.015095605501509561;0.016676298192025096;0.08454031981241
2961.0;0.015095605501509561;0.017498443680569787;0.017094017094017096
2962.5;0.017623877982923447;0.015743018124095107;0.015095605501509561
2964.0;0.016676298192025096;0.018848906360245943;0.017094017094017096
2965.5;0.016638225255972697;0.018010291595197254;0.0161839863713799
2967.0;0.017754480892796753;0.018010291595197254;0.01942319011183049
2968.5;0.015871286409530037;0.017094017094017096;0.015597920277296359
2970.0;0.017094017094017096;0.018832655731576244;0.01929824561403509
2971.5;0.01850632726208763;0.01537736404878336;0.015280135823429542
2973.0;0.01850632726208763;0.01496006376714652;0.017754480892796753
2974.5;0.015809071886378992;0.08285308062791709;0.037969094922737305
2976.0;0.01836806645203033;0.0175513698630137;0.017222129645059158
2977.5;0.01488644788002137;0.01597712748065927;0.01862097440132122
2979.0;0.016568094782873223;0.015871286409530037;0.01918932786044125
2980.5;0.016568094782873223;0.0161839863713799;0.038100208768267224
2982.0;0.016568094782873223;0.018612132352941176;0.04054054054054054
2983.5;0.016568094782873223;0.01874107841782935;0.015731292517006803
2985.0;0.051640926640926635;0.01756386861313869;0.01865038996269922
2986.5;0.051640926640926635;0.015414729630535846;0.018876611418047883
2988.0;0.0882232252769799;0.01845157937014199;0.0188212927756654
2989.5;0.0882232252769799;0.015280135823429542;0.04330218068535825
2991.0;0.0882232252769799;0.03608247422680412;0.018026004728132386
2992.5;0.0882232252769799;0.01726263871763255;0.039603960396039604
2994.0;0.0882232252769799;0.016937514305333027;0.018302175503958486
2995.5;0.016745540589734254;0.06973170529113713;0.017971946230274694
2997.0;0.017498443680569787;0.015809071886378992;0.03612385321100917
2998.5;0.018332165356039182;0.015280135823429542;0.019276956137024393
3000.0;0.014870091759449306;0.039603960396039604;0.015359694541667872
3001.5;0.017427438387099873;0.018010291595197254;0.03297872340425532
3003.0;0.014850222990092551;0.015095605501509561;0.01733025239957341
3004.5;0.01740771421307761;0.01850632726208763;0.019719771665801765
3006.0;0.01826142579350741;0.015769487034319674;0.016403046280023436
3007.5;0.016537723722061845;0.0161839863713799;0.01882395123700251
3009.0;0.01739137492247878;0.017623877982923447;0.08047094142389317
3010.5;0.017389540773412943;0.017094017094017096;0.018612132352941176
3012.0;0.017389540773412943;0.016863406408094434;0.09178327263433649
3013.5;0.017389540773412943;0.06859415127164278;0.01778082829129574
3015.0;0.017389540773412943;0.06859415127164278;0.0880886569242104
3016.5;0.017388172610590263;0.015769487034319674;0.036165577342047936
3018.0;0.049329501915708805;0.06190191387559808;0.03942793045429052
3019.5;0.049329501915708805;0.018197573656845753;0.017149673707108275
3021.0;0.049329501915708805;0.01874107841782935;0.046795701083997235
3022.5;0.049329501915708805;0.01874107841782935;0.019675925925925927
3024.0;0.049329501915708805;0.01845157937014199;0.018595825426944972
3025.5;0.049329501915708805;0.04260299625468165;0.019013666072489603
3027.0;0.0189328743545611;0.07796881247500999;0.03241525423728814
3028.5;0.01597712748065927;0.017623877982923447;0.03297872340425532
3030.0;0.01597712748065927;0.017547197908565945;0.018784610708007875
3031.5;0.015871286409530037;0.05222437137330754;0.01591076373804979
3033.0;0.07883717752634664;0.01597712748065927;0.0170487948265726
3034.5;0.01488644788002137;0.01865038996269922;0.016863406408094434
3036.0;0.016568094782873223;0.01865038996269922;0.03537252221462748
3037.5;0.016568094782873223;0.015154962909024714;0.019230769230769232
3039.0;0.015280135823429542;0.015033359741139864;0.018962403546215728
3040.5;0.016863406408094434;0.015033359741139864;0.019021627779280275
3042.0;0.016863406408094434;0.014922830014276238;0.017368069472277887
3043.5;0.016745540589734254;0.014876094763841663;0.04536862003780718
3045.0;0.016676298192025096;0.017433311232636223;0.016043635035830027
3046.5;0.017498443680569787;0.017410800109383524;0.0574398249452954
3048.0;0.017498443680569787;0.01484141517980251;0.08212866348939943
3049.5;0.017498443680569787;0.014834998749070107;0.019527766042341455
3051.0;0.017498443680569787;0.01749271137026239;0.03608247422680412
3052.5;0.017498443680569787;0.01672693391308206;0.01834862385321101
3054.0;0.017498443680569787;0.03718199608610568;0.04083665338645418
3055.5;0.017498443680569787;0.015280135823429542;0.040091455309193384
3057.0;0.017498443680569787;0.017754480892796753;0.019408502772643253
3058.5;0.017498443680569787;0.015871286409530037;0.017373380447585393
3060.0;0.017498443680569787;0.017094017094017096;0.018086080586080584
3061.5;0.06838710470185025;0.017547197908565945;0.0494269340974212
3063.0;0.06838710470185025;0.017465858520325457;0.0532795156407669
3064.5;0.06838710470185025;0.01865038996269922;0.043284066915705695
3066.0;0.06838710470185025;0.01865038996269922;0.018185821224130337
3067.5;0.06838710470185025;0.01850632726208763;0.09770534715332166
3069.0;0.06838710470185025;0.0175513698630137;0.05618208382796091
3070.5;0.06838710470185025;0.016863406408094434;0.03879026955950033
3072.0;0.0788296099311738;0.016863406408094434;0.02000645369474024
3073.5;0.0788296099311738;0.016863406408094434;0.01726263871763255
3075.0;0.0788296099311738;0.016863406408094434;0.018876611418047883
3076.5;0.0788296099311738;0.01850632726208763;0.05013428827215756
3078.0;0.0788296099311738;0.075255126101145;0.0188212927756654
3079.5;0.0788296099311738;0.01663225731761437;0.01549874155517287
3081.0;0.0788296099311738;0.01663225731761437;0.03655913978494623
3082.5;0.016568094782873223;0.01663225731761437;0.015386903544617261
3084.0;0.0175513698630137;0.01663225731761437;0.017460979111666896
3085.5;0.0175513698630137;0.01660281557997176;0.017460979111666896
3087.0;0.0175513698630137;0.015711796950363736;0.017985520395333736
3088.5;0.0175513698630137;0.014850222990092551;0.020006613756613757
3090.0;0.016745540589734254;0.0182681206624895;0.01945019070398862
3091.5;0.016745540589734254;0.01865038996269922;0.019013666072489603
3093.0;0.016745540589734254;0.08454031981241;0.01612259159428971
3094.5;0.016745540589734254;0.018332165356039182;0.01678424862821045
3096.0;0.015769487034319674;0.018332165356039182;0.018026004728132386
3097.5;0.015743018124095107;0.015724726735506497;0.018086080586080584
3099.0;0.01485852872552252;0.07310072533111989;0.04740142771365667
3100.5;0.016638225255972697;0.07183777609479909;0.04857910906298003
3102.0;0.016863406408094434;0.07183777609479909;0.05882658359293873
3103.5;0.015809071886378992;0.015695763321720377;0.017462905276233176
3105.0;0.018010291595197254;0.015695763321720377;0.017094017094017096
3106.5;0.018010291595197254;0.01654477169890474;0.017596390484003282
3108.0;0.01850632726208763;0.018256492034823147;0.01834862385321101
3109.5;0.017547197908565945;0.018256492034823147;0.01834862385321101
3111.0;0.017465858520325457;0.018256492034823147;0.016335052812576762
3112.5;0.0189328743545611;0.015684481542853023;0.04334677419354839
3114.0;0.016638225255972697;0.06933213812504281;0.016429426632965278
3115.5;0.016638225255972697;0.06723180024914613;0.01845342706502636
3117.0;0.016863406408094434;0.06723180024914613;0.037422037422037424
3118.5;0.017623877982923447;0.014829232922191612;0.017645059094131093
3120.0;0.015809071886378992;0.016530987295071384;0.01810699588477366
3121.5;0.015809071886378992;0.015677957190639216;0.015346012374896637
3123.0;0.07883717752634664;0.01653008333788549;0.016403046280023436
3124.5;0.07425742574257424;0.01653008333788549;0.03185654008438818
3126.0;0.015809071886378992;0.01653008333788549;0.016862556968097867
3127.5;0.015809071886378992;0.014827716422686422;0.034110097939885176
3129.0;0.015809071886378992;0.016529576213227;0.01737627802044833
3130.5;0.06997510553090161;0.016529576213227;0.018026004728132386
3132.0;0.018026004728132386;0.018242716875351634;0.01834862385321101
3133.5;0.016863406408094434;0.018242716875351634;0.018671683262517162
3135.0;0.017623877982923447;0.015676814372618864;0.018487434139972954
3136.5;0.015769487034319674;0.01824237324511988;0.015414729630535846
3138.0;0.01488644788002137;0.017384276578092637;0.019731800766283527
3139.5;0.018289844042285466;0.01738420192052985;0.021868250539956804
3141.0;0.018470790378006873;0.04875717017208413;0.019464618501344844
3142.5;0.04990403071017274;0.017754480892796753;0.01730418943533698
3144.0;0.04990403071017274;0.017623877982923447;0.016025963289428118
3145.5;0.015095605501509561;0.017623877982923447;0.017134997433140575
3147.0;0.01865038996269922;0.017623877982923447;0.041666666666666664
3148.5;0.018026004728132386;0.017623877982923447;0.01757469244288225
3150.0;0.017934291168491913;0.01842179442537598;0.016961083364059933
3151.5;0.016830578931359627;0.07303592577970786;0.01845342706502636
3153.0;0.017754480892796753;0.01850632726208763;0.016863406408094434
3154.5;0.01850632726208763;0.015809071886378992;0.019408502772643253
3156.0;0.017498443680569787;0.015809071886378992;0.05035740778204869
3157.5;0.01865038996269922;0.015809071886378992;0.019142066420664204
3159.0;0.015871286409530037;0.015809071886378992;0.0170487948265726
3160.5;0.015871286409530037;0.017498443680569787;0.01726263871763255
3162.0;0.0175513698630137;0.01660281557997176;0.017699115044247787
3163.5;0.015871286409530037;0.016568094782873223;0.01784040701566475
3165.0;0.015809071886378992;0.0182681206624895;0.018026004728132386
3166.5;0.016745540589734254;0.0182681206624895;0.0161839863713799
3168.0;0.014910112661872163;0.016863406408094434;0.015001087035292413
3169.5;0.014910112661872163;0.01850632726208763;0.018354055654233276
3171.0;0.01660281557997176;0.01850632726208763;0.0175513698630137
3172.5;0.07773101809313682;0.015809071886378992;0.018010291595197254
3174.0;0.07773101809313682;0.03879026955950033;0.017699115044247787
3175.5;0.07773101809313682;0.017754480892796753;0.018848906360245943
3177.0;0.06990886048565832;0.017754480892796753;0.01597712748065927
3178.5;0.06990886048565832;0.016676298192025096;0.017699115044247787
3180.0;0.014850222990092551;0.014910112661872163;0.015095605501509561
3181.5;0.014850222990092551;0.015095605501509561;0.0189328743545611
3183.0;0.014850222990092551;0.014945495799148322;0.01597712748065927
3184.5;0.01740771421307761;0.0161839863713799;0.08174097664543525
3186.0;0.017397154861764727;0.018470790378006873;0.017094017094017096
3187.5;0.017397154861764727;0.018470790378006873;0.018010291595197254
3189.0;0.01865038996269922;0.018470790378006873;0.017623877982923447
3190.5;0.015001087035292413;0.018470790378006873;0.016863406408094434
3192.0;0.01836806645203033;0.049329501915708805;0.01597712748065927
3193.5;0.015724726735506497;0.049329501915708805;0.014910112661872163
3195.0;0.016557768507871926;0.016863406408094434;0.018147448015122872
3196.5;0.016557768507871926;0.016745540589734254;0.018197573656845753
3198.0;0.015280135823429542;0.016676298192025096;0.015414729630535846
3199.5;0.017971946230274694;0.01663225731761437;0.016638225255972697
3201.0;0.01771809624494277;0.017754480892796753;0.018470790378006873
3202.5;0.0161839863713799;0.01865038996269922;0.018937169700528483
3204.0;0.015001087035292413;0.08508990794115118;0.0175513698630137
3205.5;0.047619047619047616;0.08508990794115118;0.016745540589734254
3207.0;0.01597712748065927;0.041250831669993354;0.015280135823429542
3208.5;0.016676298192025096;0.0161839863713799;0.019675925925925927
3210.0;0.015769487034319674;0.0161839863713799;0.019139945314441957
3211.5;0.016863406408094434;0.0161839863713799;0.015033359741139864
3213.0;0.016745540589734254;0.0161839863713799;0.0161839863713799
3214.5;0.01865038996269922;0.0161839863713799;0.08048289738430583
3216.0;0.017094017094017096;0.06859415127164278;0.0189328743545611
3217.5;0.017094017094017096;0.015809071886378992;0.017045454545454544
3219.0;0.017094017094017096;0.015809071886378992;0.03674948240165632
3220.5;0.015871286409530037;0.08110292001505391;0.07894736842105263
3222.0;0.015871286409530037;0.08110292001505391;0.018086080586080584
3223.5;0.014910112661872163;0.08265443723820964;0.01897923971725942
3225.0;0.017465858520325457;0.08265443723820964;0.08455850709122016
3226.5;0.015711796950363736;0.08265443723820964;0.01581206328337269
3228.0;0.016557768507871926;0.08265443723820964;0.017094017094017096
3229.5;0.016550266845809666;0.08265443723820964;0.046489563567362426
3231.0;0.018470790378006873;0.08265443723820964;0.07672379434037466
3232.5;0.018010291595197254;0.08265443723820964;0.0161839863713799
3234.0;0.018010291595197254;0.08265443723820964;0.01842179442537598
3235.5;0.018010291595197254;0.0810404299340659;0.018332165356039182
3237.0;0.01865038996269922;0.0810404299340659;0.042924211938296444
3238.5;0.01865038996269922;0.016568094782873223;0.015225395561747438
3240.0;0.01865038996269922;0.018277260861902424;0.03919631093544137
3241.5;0.015809071886378992;0.018277260861902424;0.0175513698630137
3243.0;0.015809071886378992;0.018277260861902424;0.018876611418047883
3244.5;0.015769487034319674;0.0182681206624895;0.017215791035915702
3246.0;0.015731292517006803;0.014839767744728968;0.08954302181967888
3247.5;0.015731292517006803;0.014839767744728968;0.016638225255972697
3249.0;0.016745540589734254;0.016540721828503288;0.015871286409530037
3250.5;0.016745540589734254;0.014834097312229661;0.01597712748065927
3252.0;0.018470790378006873;0.01825012709422827;0.015001087035292413
3253.5;0.01597712748065927;0.017094017094017096;0.01663225731761437
3255.0;0.017094017094017096;0.017094017094017096;0.016638225255972697
3256.5;0.049329501915708805;0.017094017094017096;0.015001087035292413
3258.0;0.016863406408094434;0.01865038996269922;0.015809071886378992
3259.5;0.015001087035292413;0.016745540589734254;0.014910112661872163
3261.0;0.017547197908565945;0.014945495799148322;0.01660281557997176
3262.5;0.017498443680569787;0.014945495799148322;0.017443347491498312
3264.0;0.018010291595197254;0.014945495799148322;0.01570251018973342
3265.5;0.017699115044247787;0.041250831669993354;0.0161839863713799
3267.0;0.0189328743545611;0.041250831669993354;0.0161839863713799
3268.5;0.0161839863713799;0.01865038996269922;0.017623877982923447
3270.0;0.0161839863713799;0.04990403071017274;0.0175513698630137
3271.5;0.0161839863713799;0.015001087035292413;0.018470790378006873
3273.0;0.09340659340659341;0.016676298192025096;0.015809071886378992
3274.5;0.051059730250481696;0.016676298192025096;0.05222437137330754
3276.0;0.051059730250481696;0.01836806645203033;0.017373380447585393
3277.5;0.07061592781482934;0.016582472972657695;0.015095605501509561
3279.0;0.07061592781482934;0.015711796950363736;0.01842179442537598
3280.5;0.015280135823429542;0.01570251018973342;0.014910112661872163
3282.0;0.015095605501509561;0.01826142579350741;0.018010291595197254
3283.5;0.016676298192025096;0.015684481542853023;0.015095605501509561
3285.0;0.016676298192025096;0.016533838797490336;0.0175513698630137
3286.5;0.08048289738430583;0.01653260196570383;0.0161839863713799
3288.0;0.017094017094017096;0.017387150648592545;0.016863406408094434
3289.5;0.08099593301892197;0.017387150648592545;0.014945495799148322
3291.0;0.01836806645203033;0.017387150648592545;0.0804076327636537
3292.5;0.0161839863713799;0.016403046280023436;0.017443347491498312
3294.0;0.017623877982923447;0.018470790378006873;0.051640926640926635
3295.5;0.018354055654233276;0.01850632726208763;0.07905457014342697
3297.0;0.018683274021352312;0.0161839863713799;0.0674469940084216
3298.5;0.0189328743545611;0.0882232252769799;0.017443347491498312
3300.0;0.018371212121212118;0.0189328743545611;0.017754480892796753
3301.5;0.01834061135371179;0.049561699258260275;0.017754480892796753
3303.0;0.01606832657788072;0.03282828282828283;0.016838000708968452
3304.5;0.017883272962794156;0.01834862385321101;0.01897923971725942
3306.0;0.018026004728132386;0.01733025239957341;0.01842904360817203
3307.5;0.018026004728132386;0.017699115044247787;0.016638225255972697
3309.0;0.018026004728132386;0.016863406408094434;0.01597712748065927
3310.5;0.018026004728132386;0.016403046280023436;0.01836806645203033
3312.0;0.016638225255972697;0.01879117923894043;0.016638225255972697
3313.5;0.0161839863713799;0.016052757544824884;0.01850632726208763
3315.0;0.015095605501509561;0.018371212121212118;0.0189328743545611
3316.5;0.01850632726208763;0.017996108949416344;0.018010291595197254
3318.0;0.016676298192025096;0.016429426632965278;0.051059730250481696
3319.5;0.015769487034319674;0.017094017094017096;0.051059730250481696
3321.0;0.014870091759449306;0.018470790378006873;0.051059730250481696
3322.5;0.08265594250021391;0.015731292517006803;0.015001087035292413
3324.0;0.036783854166666664;0.016745540589734254;0.07303592577970786
3325.5;0.015069294547215105;0.01842179442537598;0.017623877982923447
3327.0;0.015280135823429542;0.01836806645203033;0.017623877982923447
3328.5;0.01850632726208763;0.06804328160965284;0.014945495799148322
3330.0;0.015095605501509561;0.017754480892796753;0.017465858520325457
3331.5;0.01842179442537598;0.017699115044247787;0.017465858520325457
3333.0;0.0161839863713799;0.017754480892796753;0.018470790378006873
3334.5;0.017754480892796753;0.0175513698630137;0.01597712748065927
3336.0;0.016676298192025096;0.0175513698630137;0.01597712748065927
3337.5;0.016676298192025096;0.01597712748065927;0.08024848949025615
3339.0;0.017094017094017096;0.01865038996269922;0.01865038996269922
3340.5;0.017094017094017096;0.01865038996269922;0.048187022900763356
3342.0;0.016638225255972697;0.018470790378006873;0.015095605501509561
3343.5;0.08386958386958387;0.01850632726208763;0.041666666666666664
3345.0;0.016676298192025096;0.015517241379310345;0.05168287787555967
3346.5;0.0189328743545611;0.015517241379310345;0.015926980240613186
3348.0;0.03798297314996725;0.015517241379310345;0.0175513698630137
3349.5;0.03798297314996725;0.016089299461123942;0.01865038996269922
3351.0;0.017623877982923447;0.01858759764068229;0.01865038996269922
3352.5;0.01865038996269922;0.017094017094017096;0.017094017094017096
3354.0;0.017094017094017096;0.016863406408094434;0.014945495799148322
3355.5;0.0161839863713799;0.016863406408094434;0.018010291595197254
3357.0;0.016676298192025096;0.015001087035292413;0.018010291595197254
3358.5;0.016638225255972697;0.015001087035292413;0.01770244821092279
3360.0;0.0161839863713799;0.0189328743545611;0.017893106119287374
3361.5;0.014945495799148322;0.01865038996269922;0.016657965543552467
3363.0;0.017623877982923447;0.01597712748065927;0.014879770725885571
3364.5;0.038385826771653545;0.017623877982923447;0.039603960396039604
3366.0;0.017754480892796753;0.018026004728132386;0.09645232815964523
3367.5;0.01678765880217786;0.015154962909024714;0.07061592781482934
3369.0;0.01897923971725942;0.016785765670711238;0.09190371991247265
3370.5;0.01897923971725942;0.01845157937014199;0.015095605501509561
3372.0;0.015008842899186362;0.018345227946508485;0.08569059601627427
3373.5;0.01675356994726551;0.043703007518796994;0.0175513698630137
3375.0;0.01512779241718377;0.017754480892796753;0.0170487948265726
3376.5;0.01865038996269922;0.0175513698630137;0.017094017094017096
3378.0;0.015871286409530037;0.01850632726208763;0.017094017094017096
3379.5;0.015809071886378992;0.018010291595197254;0.017094017094017096
3381.0;0.01488644788002137;0.016863406408094434;0.04536862003780718
3382.5;0.014870091759449306;0.01850632726208763;0.01672535211267606
3384.0;0.07417313634113192;0.01850632726208763;0.05478980013783597
3385.5;0.016638225255972697;0.01850632726208763;0.016897746967071057
3387.0;0.01597712748065927;0.014945495799148322;0.015434504692713043
3388.5;0.01842179442537598;0.01733025239957341;0.016791101078565695
3390.0;0.01660281557997176;0.01733025239957341;0.03878406708595388
3391.5;0.018289844042285466;0.016217853406024562;0.017814806907942786
3393.0;0.018470790378006873;0.015109552273918112;0.08462164932530156
3394.5;0.017754480892796753;0.015008842899186362;0.07908831511175676
3396.0;0.08302956662616444;0.016745540589734254;0.0170487948265726
3397.5;0.018010291595197254;0.016745540589734254;0.015280135823429542
3399.0;0.08175211949939443;0.014945495799148322;0.017094017094017096
3400.5;0.015871286409530037;0.015769487034319674;0.016638225255972697
3402.0;0.07299742814770317;0.017094017094017096;0.01865038996269922
3403.5;0.08954302181967888;0.015280135823429542;0.017623877982923447
3405.0;0.08954302181967888;0.016638225255972697;0.014910112661872163
3406.5;0.016676298192025096;0.016863406408094434;0.07230513049762272
3408.0;0.01836806645203033;0.017045454545454544;0.07203255908705936
3409.5;0.018323203432248837;0.015280135823429542;0.07203255908705936
3411.0;0.01896734857158622;0.017754480892796753;0.07203255908705936
3412.5;0.01896734857158622;0.01842179442537598;0.07203255908705936
3414.0;0.017768879853890487;0.017498443680569787;0.015871286409530037
3415.5;0.014912449823863704;0.0170487948265726;0.051640926640926635
3417.0;0.014871205764404932;0.016863406408094434;0.01597712748065927
3418.5;0.017094017094017096;0.016638225255972697;0.01597712748065927
3420.0;0.016638225255972697;0.01597712748065927;0.017623877982923447
3421.5;0.016863406408094434;0.015809071886378992;0.015280135823429542
3423.0;0.018010291595197254;0.017498443680569787;0.015280135823429542
3424.5;0.01850632726208763;0.017498443680569787;0.018010291595197254
3426.0;0.0175513698630137;0.01597712748065927;0.015001087035292413
3427.5;0.016863406408094434;0.016638225255972697;0.08574610244988864
3429.0;0.016863406408094434;0.017824497257769654;0.016785765670711238
3430.5;0.0175513698630137;0.04516111384649051;0.015831002263857863
3432.0;0.0161839863713799;0.018086080586080584;0.0175513698630137
3433.5;0.05281007751937984;0.07828213441776118;0.01597712748065927
3435.0;0.015095605501509561;0.015154962909024714;0.015871286409530037
3436.5;0.017094017094017096;0.017094017094017096;0.01842179442537598
3438.0;0.03879026955950033;0.05048076923076923;0.018010291595197254
3439.5;0.03879026955950033;0.017094017094017096;0.017754480892796753
3441.0;0.03879026955950033;0.015809071886378992;0.015001087035292413
3442.5;0.05231388329979879;0.015225395561747438;0.017094017094017096
3444.0;0.01769257756716558;0.014936197678611653;0.017094017094017096
3445.5;0.016863406408094434;0.01865038996269922;0.016863406408094434
3447.0;0.017094017094017096;0.017094017094017096;0.0161839863713799
3448.5;0.017754480892796753;0.015871286409530037;0.0161839863713799
3450.0;0.048187022900763356;0.018086080586080584;0.016863406408094434
3451.5;0.048187022900763356;0.01718287488267995;0.017547197908565945
3453.0;0.016745540589734254;0.018533328860806126;0.01597712748065927
3454.5;0.014910112661872163;0.01850632726208763;0.01850632726208763
3456.0;0.018332165356039182;0.01850632726208763;0.01850632726208763
3457.5;0.015731292517006803;0.017699115044247787;0.015743018124095107
3459.0;0.0189328743545611;0.017373380447585393;0.015743018124095107
3460.5;0.017373380447585393;0.045928030303030304;0.015280135823429542
3462.0;0.0189328743545611;0.0189328743545611;0.017971946230274694
3463.5;0.01597712748065927;0.017623877982923447;0.017934291168491913
3465.0;0.017498443680569787;0.05048076923076923;0.016664722618075594
3466.5;0.015743018124095107;0.016745540589734254;0.016863406408094434
3468.0;0.018277260861902424;0.01845342706502636;0.017094017094017096
3469.5;0.015731292517006803;0.018470790378006873;0.017623877982923447
3471.0;0.018470790378006873;0.08244680851063829;0.0175513698630137
3472.5;0.016638225255972697;0.0175513698630137;0.017083111144968386
3474.0;0.01842179442537598;0.018683274021352312;0.017083111144968386
3475.5;0.040013227513227514;0.0175513698630137;0.018491990778470125
3477.0;0.0175513698630137;0.017373380447585393;0.018010291595197254
3478.5;0.01597712748065927;0.015225395561747438;0.018010291595197254
3480.0;0.015871286409530037;0.01597712748065927;0.015871286409530037
3481.5;0.016638225255972697;0.017015706806282723;0.01597712748065927
3483.0;0.016863406408094434;0.017232945780185874;0.01597712748065927
3484.5;0.015001087035292413;0.016638225255972697;0.018010291595197254
3486.0;0.014910112661872163;0.016638225255972697;0.01749271137026239
3487.5;0.01830736743700201;0.0189328743545611;0.017971946230274694
3489.0;0.0175513698630137;0.016638225255972697;0.017699115044247787
3490.5;0.01850632726208763;0.018470790378006873;0.015871286409530037
3492.0;0.03758169934640523;0.06854651270894926;0.0170487948265726
3493.5;0.017094017094017096;0.01597712748065927;0.04536862003780718
3495.0;0.01850632726208763;0.018026004728132386;0.018026004728132386
3496.5;0.01663225731761437;0.0161839863713799;0.015731292517006803
3498.0;0.015711796950363736;0.0175513698630137;0.015731292517006803
3499.5;0.01570251018973342;0.08560945780676722;0.017373380447585393
3501.0;0.016550266845809666;0.017498443680569787;0.017094017094017096
3502.5;0.014836509492270044;0.01865038996269922;0.0175513698630137
3504.0;0.015684481542853023;0.017754480892796753;0.01819154628143392
3505.5;0.015684481542853023;0.019013666072489603;0.018010291595197254
3507.0;0.015684481542853023;0.018026004728132386;0.015001087035292413
3508.5;0.015682478532320222;0.03718199608610568;0.018354055654233276
3510.0;0.015682478532320222;0.040424121935056324;0.04208416833667335
3511.5;0.015682478532320222;0.0170487948265726;0.017094017094017096
3513.0;0.015682478532320222;0.017015706806282723;0.016835957338750634
3514.5;0.015682478532320222;0.05214723926380367;0.015148575167527809
3516.0;0.015682478532320222;0.016081348496769426;0.041666666666666664
3517.5;0.015682478532320222;0.01865038996269922;0.03798297314996725
3519.0;0.015682478532320222;0.04421768707482994;0.018026004728132386
3520.5;0.015682478532320222;0.016838000708968452;0.0175513698630137
3522.0;0.015682478532320222;0.017545514574096786;0.047619047619047616
3523.5;0.015682478532320222;0.016928888642404022;0.017094017094017096
3525.0;0.07558322423330886;0.017094017094017096;0.03718749662814661
3526.5;0.07558322423330886;0.01865038996269922;0.018683274021352312
3528.0;0.07558322423330886;0.016293098349991132;0.01865038996269922
3529.5;0.015679043553987165;0.018086080586080584;0.017547197908565945
3531.0;0.015679043553987165;0.01862097440132122;0.0175513698630137
3532.5;0.015679043553987165;0.018459122096387535;0.018197573656845753
3534.0;0.07875046915794627;0.016831468051262614;0.016293098349991132
3535.5;0.07028339099065288;0.018086080586080584;0.018086080586080584
3537.0;0.07028339099065288;0.015154962909024714;0.01822145094387539
3538.5;0.07028339099065288;0.018354055654233276;0.015980009904052024
3540.0;0.07028339099065288;0.03758169934640523;0.0184231439746671
3541.5;0.07028339099065288;0.015188609731168737;0.016863406408094434
3543.0;0.06614171998402871;0.018026004728132386;0.08420386198163977
3544.5;0.06614171998402871;0.018010291595197254;0.015907416444202047
3546.0;0.07027115537834179;0.049329501915708805;0.015597920277296359
3547.5;0.07027115537834179;0.04315196998123827;0.015188609731168737
3549.0;0.07027115537834179;0.015731292517006803;0.0196078431372549
3550.5;0.07027115537834179;0.016638225255972697;0.014997282734053364
3552.0;0.07027115537834179;0.04875717017208413;0.019408502772643253
3553.5;0.07027115537834179;0.015871286409530037;0.05618208382796091
3555.0;0.07027115537834179;0.015871286409530037;0.018354055654233276
3556.5;0.07027115537834179;0.018010291595197254;0.017971946230274694
3558.0;0.07027115537834179;0.08302956662616444;0.018010291595197254
3559.5;0.07027115537834179;0.017498443680569787;0.015280135823429542
3561.0;0.07027115537834179;0.016638225255972697;0.016403046280023436
3562.5;0.06510955062299036;0.017754480892796753;0.016863406408094434
3564.0;0.07235366779652488;0.0161839863713799;0.017623877982923447
3565.5;0.07871199716398111;0.1038961038961039;0.015809071886378992
3567.0;0.07130181615831566;0.01597712748065927;0.017094017094017096
3568.5;0.04425612052730697;0.051059730250481696;0.01882395123700251
3570.0;0.04425612052730697;0.01597712748065927;0.017971946230274694
3571.5;0.04425612052730697;0.015095605501509561;0.01771809624494277
3573.0;0.01597712748065927;0.015871286409530037;0.017534382187836362
3574.5;0.07905457014342697;0.018010291595197254;0.015280135823429542
3576.0;0.07905457014342697;0.015095605501509561;0.018470790378006873
3577.5;0.07905457014342697;0.015095605501509561;0.015597920277296359
3579.0;0.015809071886378992;0.05222437137330754;0.01771809624494277
3580.5;0.015809071886378992;0.015001087035292413;0.01672693391308206
3582.0;0.0175513698630137;0.0161839863713799;0.014882253066380514
3583.5;0.01850632726208763;0.01597712748065927;0.01845342706502636
3585.0;0.014910112661872163;0.0161839863713799;0.018010291595197254
3586.5;0.07487412953639226;0.01904761904761905;0.0170487948265726
3588.0;0.016582472972657695;0.04645529406846967;0.018848906360245943
3589.5;0.06780184168626474;0.019345238095238096;0.01658516707416463
3591.0;0.015695763321720377;0.015280135823429542;0.018796209649544333
3592.5;0.016863406408094434;0.017094017094017096;0.01605379618813148
3594.0;0.07318094281168887;0.017015706806282723;0.01834862385321101
3595.5;0.017498443680569787;0.017373380447585393;0.018354055654233276
3597.0;0.01830736743700201;0.018848906360245943;0.019961612284069098
3598.5;0.07850573814074081;0.038385826771653545;0.019568415890142226
