#auto generated file!
6.0;0.021672403164491934;0.021672403164491934;0.021672403164491934
7.5;0.021672403164491934;0.021672403164491934;0.021672403164491934
9.0;0.021672403164491934;0.021672403164491934;0.021672403164491934
10.5;0.021672403164491934;0.021672403164491934;0.021672403164491934
12.0;0.021672403164491934;0.021672403164491934;0.021672403164491934
13.5;0.021672403164491934;0.021672403164491934;0.021672403164491934
15.0;0.021672403164491934;0.021672403164491934;0.021672403164491934
16.5;0.021672403164491934;0.014827018121911038;0.021672403164491934
18.0;0.021672403164491934;0.014827018121911038;0.021672403164491934
19.5;0.021672403164491934;0.014827018121911038;0.021672403164491934
21.0;0.021672403164491934;0.014827018121911038;0.021672403164491934
22.5;0.021672403164491934;0.014827018121911038;0.021672403164491934
24.0;0.0173841059602649;0.014827018121911038;0.021672403164491934
25.5;0.0173841059602649;0.014827018121911038;0.01652892561983471
27.0;0.0173841059602649;0.01652892561983471;0.01652892561983471
28.5;0.0173841059602649;0.01652892561983471;0.01652892561983471
30.0;0.0173841059602649;0.01652892561983471;0.01824212271973466
31.5;0.0173841059602649;0.01652892561983471;0.01652892561983471
33.0;0.0173841059602649;0.01652892561983471;0.01652892561983471
34.5;0.0173841059602649;0.01652892561983471;0.0173841059602649
36.0;0.0173841059602649;0.01652892561983471;0.0175513698630137
37.5;0.0189328743545611;0.01652892561983471;0.01652892561983471
39.0;0.0189328743545611;0.01652892561983471;0.0173841059602649
40.5;0.0189328743545611;0.01824212271973466;0.017094017094017096
42.0;0.0189328743545611;0.014827018121911038;0.0173841059602649
43.5;0.0189328743545611;0.0173841059602649;0.01652892561983471
45.0;0.0189328743545611;0.025088028169014082;0.01652892561983471
46.5;0.01652892561983471;0.0173841059602649;0.01652892561983471
48.0;0.01567656765676568;0.014827018121911038;0.016638225255972697
49.5;0.01567656765676568;0.014827018121911038;0.016638225255972697
51.0;0.0173841059602649;0.014827018121911038;0.016638225255972697
52.5;0.0173841059602649;0.01824212271973466;0.014827018121911038
54.0;0.0378657487091222;0.01652892561983471;0.014827018121911038
55.5;0.0173841059602649;0.01652892561983471;0.01567656765676568
57.0;0.0173841059602649;0.01652892561983471;0.0173841059602649
58.5;0.014827018121911038;0.014827018121911038;0.0173841059602649
60.0;0.014827018121911038;0.03418803418803419;0.01567656765676568
61.5;0.014827018121911038;0.03418803418803419;0.01567656765676568
63.0;0.014827018121911038;0.01652892561983471;0.0173841059602649
64.5;0.014827018121911038;0.0173841059602649;0.01652892561983471
66.0;0.014827018121911038;0.014827018121911038;0.01652892561983471
67.5;0.014827018121911038;0.014827018121911038;0.0173841059602649
69.0;0.01652892561983471;0.033276450511945395;0.0173841059602649
70.5;0.01652892561983471;0.0351027397260274;0.0173841059602649
72.0;0.01652892561983471;0.0351027397260274;0.01824212271973466
73.5;0.01652892561983471;0.036941580756013746;0.01824212271973466
75.0;0.01652892561983471;0.036941580756013746;0.01824212271973466
76.5;0.01652892561983471;0.033276450511945395;0.01824212271973466
78.0;0.033276450511945395;0.033276450511945395;0.01824212271973466
79.5;0.033276450511945395;0.038817005545286505;0.01824212271973466
81.0;0.033276450511945395;0.038817005545286505;0.01824212271973466
82.5;0.033276450511945395;0.03418803418803419;0.0173841059602649
84.0;0.033276450511945395;0.03418803418803419;0.0173841059602649
85.5;0.033276450511945395;0.03418803418803419;0.01652892561983471
87.0;0.0378657487091222;0.03418803418803419;0.01652892561983471
88.5;0.03669724770642202;0.03418803418803419;0.01652892561983471
90.0;0.03669724770642202;0.01824212271973466;0.01567656765676568
91.5;0.03669724770642202;0.01824212271973466;0.01652892561983471
93.0;0.03669724770642202;0.01824212271973466;0.01652892561983471
94.5;0.03669724770642202;0.0173841059602649;0.01652892561983471
96.0;0.03669724770642202;0.0173841059602649;0.01652892561983471
97.5;0.03669724770642202;0.0173841059602649;0.01652892561983471
99.0;0.0378657487091222;0.0351027397260274;0.01652892561983471
100.5;0.0378657487091222;0.0351027397260274;0.01824212271973466
102.0;0.0378657487091222;0.0351027397260274;0.01824212271973466
103.5;0.0378657487091222;0.0351027397260274;0.01824212271973466
105.0;0.0378657487091222;0.014827018121911038;0.01824212271973466
106.5;0.0378657487091222;0.014827018121911038;0.01652892561983471
108.0;0.0173841059602649;0.014827018121911038;0.01652892561983471
109.5;0.0173841059602649;0.014827018121911038;0.01652892561983471
111.0;0.0173841059602649;0.0173841059602649;0.01567656765676568
112.5;0.0173841059602649;0.01567656765676568;0.014827018121911038
114.0;0.0173841059602649;0.01567656765676568;0.015280135823429542
115.5;0.0173841059602649;0.01567656765676568;0.015280135823429542
117.0;0.033276450511945395;0.0173841059602649;0.0173841059602649
118.5;0.033276450511945395;0.030560271646859084;0.0161839863713799
120.0;0.0173841059602649;0.030560271646859084;0.0161839863713799
121.5;0.0351027397260274;0.030560271646859084;0.0161839863713799
123.0;0.0351027397260274;0.030560271646859084;0.01824212271973466
124.5;0.0351027397260274;0.01652892561983471;0.01824212271973466
126.0;0.031462585034013606;0.01652892561983471;0.01824212271973466
127.5;0.031462585034013606;0.01652892561983471;0.01824212271973466
129.0;0.031462585034013606;0.033276450511945395;0.01652892561983471
130.5;0.031462585034013606;0.033276450511945395;0.014827018121911038
132.0;0.031462585034013606;0.026060070671378093;0.014827018121911038
133.5;0.031462585034013606;0.026060070671378093;0.01652892561983471
135.0;0.030560271646859084;0.026060070671378093;0.014827018121911038
136.5;0.030560271646859084;0.03617216117216117;0.0173841059602649
138.0;0.030560271646859084;0.0173841059602649;0.01824212271973466
139.5;0.030560271646859084;0.031462585034013606;0.01652892561983471
141.0;0.030560271646859084;0.0323679727427598;0.01652892561983471
142.5;0.03602058319039451;0.01567656765676568;0.014827018121911038
144.0;0.033276450511945395;0.03602058319039451;0.01652892561983471
145.5;0.033276450511945395;0.03602058319039451;0.018010291595197254
147.0;0.033276450511945395;0.03602058319039451;0.01567656765676568
148.5;0.033276450511945395;0.03602058319039451;0.01824212271973466
150.0;0.033276450511945395;0.03602058319039451;0.01652892561983471
151.5;0.033276450511945395;0.03602058319039451;0.01652892561983471
153.0;0.0378657487091222;0.0173841059602649;0.01824212271973466
154.5;0.033276450511945395;0.0173841059602649;0.017094017094017096
156.0;0.033276450511945395;0.0173841059602649;0.0173841059602649
157.5;0.033276450511945395;0.0173841059602649;0.01567656765676568
159.0;0.033276450511945395;0.0173841059602649;0.01824212271973466
160.5;0.033276450511945395;0.0173841059602649;0.0173841059602649
162.0;0.033276450511945395;0.0173841059602649;0.0173841059602649
163.5;0.033276450511945395;0.0173841059602649;0.0173841059602649
165.0;0.0323679727427598;0.0173841059602649;0.01567656765676568
166.5;0.0351027397260274;0.0173841059602649;0.01652892561983471
168.0;0.0351027397260274;0.01652892561983471;0.0173841059602649
169.5;0.0351027397260274;0.01652892561983471;0.01652892561983471
171.0;0.0351027397260274;0.01652892561983471;0.0173841059602649
172.5;0.03669724770642202;0.01652892561983471;0.01824212271973466
174.0;0.03669724770642202;0.01652892561983471;0.014827018121911038
175.5;0.03669724770642202;0.01652892561983471;0.0175513698630137
177.0;0.03669724770642202;0.014827018121911038;0.0175513698630137
178.5;0.03669724770642202;0.014827018121911038;0.01652892561983471
180.0;0.03669724770642202;0.014827018121911038;0.01567656765676568
181.5;0.03669724770642202;0.014827018121911038;0.0173841059602649
183.0;0.03669724770642202;0.014827018121911038;0.01652892561983471
184.5;0.03669724770642202;0.014827018121911038;0.014827018121911038
186.0;0.03669724770642202;0.014827018121911038;0.016863406408094434
187.5;0.03669724770642202;0.014827018121911038;0.015001087035292413
189.0;0.03669724770642202;0.014827018121911038;0.017547197908565945
190.5;0.03669724770642202;0.01567656765676568;0.017547197908565945
192.0;0.03669724770642202;0.025573192239858905;0.017547197908565945
193.5;0.03669724770642202;0.032697066101095795;0.017547197908565945
195.0;0.03669724770642202;0.015001087035292413;0.017547197908565945
196.5;0.03669724770642202;0.015001087035292413;0.017547197908565945
198.0;0.03669724770642202;0.015001087035292413;0.017547197908565945
199.5;0.03669724770642202;0.03106789479980177;0.017547197908565945
201.0;0.03669724770642202;0.03106789479980177;0.017547197908565945
202.5;0.03669724770642202;0.01836806645203033;0.017547197908565945
204.0;0.03669724770642202;0.01836806645203033;0.017547197908565945
205.5;0.03669724770642202;0.01836806645203033;0.017547197908565945
207.0;0.03669724770642202;0.01836806645203033;0.015769487034319674
208.5;0.03669724770642202;0.01836806645203033;0.015769487034319674
210.0;0.03669724770642202;0.01836806645203033;0.015769487034319674
211.5;0.03669724770642202;0.01836806645203033;0.015769487034319674
213.0;0.03669724770642202;0.01485852872552252;0.015769487034319674
214.5;0.03669724770642202;0.016557768507871926;0.015769487034319674
216.0;0.03669724770642202;0.01654477169890474;0.015769487034319674
217.5;0.03669724770642202;0.01654477169890474;0.015769487034319674
219.0;0.03669724770642202;0.01654477169890474;0.01830736743700201
220.5;0.03669724770642202;0.016537723722061845;0.018289844042285466
222.0;0.03669724770642202;0.01739137492247878;0.0182681206624895
223.5;0.03669724770642202;0.014830971492820427;0.0182681206624895
225.0;0.03669724770642202;0.031475908069914404;0.0182681206624895
226.5;0.03669724770642202;0.031475908069914404;0.0182681206624895
228.0;0.03669724770642202;0.014829232922191612;0.0182681206624895
229.5;0.03669724770642202;0.014829232922191612;0.0182681206624895
231.0;0.03669724770642202;0.014828677071017829;0.0182681206624895
232.5;0.03669724770642202;0.036027920192014194;0.015687178238012765
234.0;0.03669724770642202;0.03510796164063169;0.016537723722061845
235.5;0.03669724770642202;0.03510796164063169;0.016537723722061845
237.0;0.03669724770642202;0.014827716422686422;0.015871286409530037
238.5;0.03669724770642202;0.015677006439402855;0.015769487034319674
240.0;0.03669724770642202;0.015677006439402855;0.029017857142857144
241.5;0.03669724770642202;0.01738451054966002;0.015871286409530037
243.0;0.03669724770642202;0.01738451054966002;0.016676298192025096
244.5;0.03669724770642202;0.03786718816337065;0.016863406408094434
246.0;0.03669724770642202;0.03786718816337065;0.033879208022981784
247.5;0.03669724770642202;0.03786718816337065;0.033879208022981784
249.0;0.03669724770642202;0.01567675266971058;0.033879208022981784
250.5;0.03669724770642202;0.03236856424223108;0.017498443680569787
252.0;0.03669724770642202;0.03236856424223108;0.030813820600779404
253.5;0.03669724770642202;0.03236856424223108;0.030813820600779404
255.0;0.03669724770642202;0.032368416334031494;0.01830736743700201
256.5;0.03669724770642202;0.032368416334031494;0.01830736743700201
258.0;0.03669724770642202;0.032368416334031494;0.01830736743700201
259.5;0.03669724770642202;0.023418491484184917;0.01830736743700201
261.0;0.03669724770642202;0.023418491484184917;0.016568094782873223
262.5;0.03669724770642202;0.023418491484184917;0.023765996343692867
264.0;0.03669724770642202;0.023418491484184917;0.030185758513931894
265.5;0.03669724770642202;0.023418491484184917;0.015069294547215105
267.0;0.03669724770642202;0.023418491484184917;0.015069294547215105
268.5;0.03669724770642202;0.023418491484184917;0.031746031746031744
270.0;0.03669724770642202;0.023418491484184917;0.031746031746031744
271.5;0.03669724770642202;0.023418491484184917;0.0325497287522604
273.0;0.03669724770642202;0.03460837887067396;0.025573192239858905
274.5;0.03669724770642202;0.03460837887067396;0.02587800369685767
276.0;0.03669724770642202;0.03460837887067396;0.0325497287522604
277.5;0.03669724770642202;0.01597712748065927;0.01865038996269922
279.0;0.03669724770642202;0.01597712748065927;0.03416622228993677
280.5;0.03609431217943811;0.01597712748065927;0.03416622228993677
282.0;0.03609431217943811;0.01597712748065927;0.03460837887067396
283.5;0.033879208022981784;0.01597712748065927;0.02802491103202847
285.0;0.033879208022981784;0.01597712748065927;0.015095605501509561
286.5;0.033879208022981784;0.01597712748065927;0.01663225731761437
288.0;0.033879208022981784;0.01597712748065927;0.03173139329252938
289.5;0.033879208022981784;0.01597712748065927;0.03527987093940073
291.0;0.033879208022981784;0.015001087035292413;0.025522755227552277
292.5;0.035572080214829514;0.03482458408757866;0.03357531760435572
294.0;0.03441791502515164;0.033697931493502586;0.03357531760435572
295.5;0.03441791502515164;0.033697931493502586;0.017094017094017096
297.0;0.01570251018973342;0.033697931493502586;0.017754480892796753
298.5;0.01570251018973342;0.033697931493502586;0.017754480892796753
300.0;0.014844188506303903;0.035437678433415665;0.017754480892796753
301.5;0.014844188506303903;0.036275860696139695;0.038041387799061466
303.0;0.03794901389545961;0.036275860696139695;0.03841245791927793
304.5;0.03794901389545961;0.036157843689975176;0.016582472972657695
306.0;0.016540721828503288;0.036157843689975176;0.016582472972657695
307.5;0.016540721828503288;0.03154000016129497;0.016568094782873223
309.0;0.016540721828503288;0.03154000016129497;0.017094017094017096
310.5;0.016540721828503288;0.03154000016129497;0.015095605501509561
312.0;0.016540721828503288;0.03154000016129497;0.016745540589734254
313.5;0.016540721828503288;0.03423853899517871;0.017547197908565945
315.0;0.016540721828503288;0.032697066101095795;0.017547197908565945
316.5;0.016540721828503288;0.03902213310711807;0.03357729479429107
318.0;0.016540721828503288;0.03482458408757866;0.017443347491498312
319.5;0.016540721828503288;0.03825578292372061;0.017443347491498312
321.0;0.016540721828503288;0.03825578292372061;0.0161839863713799
322.5;0.016540721828503288;0.03825578292372061;0.033676001417936904
324.0;0.016540721828503288;0.03534512971343672;0.03416622228993677
325.5;0.016540721828503288;0.03534512971343672;0.0189328743545611
327.0;0.016540721828503288;0.03534512971343672;0.01597712748065927
328.5;0.016540721828503288;0.03534512971343672;0.014945495799148322
330.0;0.016540721828503288;0.03527987093940073;0.015769487034319674
331.5;0.016540721828503288;0.03527987093940073;0.015769487034319674
333.0;0.016540721828503288;0.03527987093940073;0.014870091759449306
334.5;0.016540721828503288;0.03708596418846531;0.015711796950363736
336.0;0.016540721828503288;0.03708596418846531;0.015711796950363736
337.5;0.016540721828503288;0.03154000016129497;0.0352330815985435
339.0;0.016540721828503288;0.030614484288885975;0.027531083481349913
340.5;0.016540721828503288;0.030614484288885975;0.015095605501509561
342.0;0.033303095021156505;0.030614484288885975;0.015001087035292413
343.5;0.033303095021156505;0.030614484288885975;0.015001087035292413
345.0;0.033303095021156505;0.030614484288885975;0.015001087035292413
346.5;0.033303095021156505;0.030614484288885975;0.03173139329252938
348.0;0.033303095021156505;0.030614484288885975;0.016582472972657695
349.5;0.033303095021156505;0.030614484288885975;0.015711796950363736
351.0;0.033303095021156505;0.030614484288885975;0.015695763321720377
352.5;0.033303095021156505;0.030614484288885975;0.015695763321720377
354.0;0.033303095021156505;0.030614484288885975;0.03794901389545961
355.5;0.033303095021156505;0.030614484288885975;0.03422569546639526
357.0;0.033303095021156505;0.030614484288885975;0.03420906032156432
358.5;0.017389540773412943;0.030614484288885975;0.01567987457984609
360.0;0.017389540773412943;0.030614484288885975;0.01567987457984609
361.5;0.017389540773412943;0.030614484288885975;0.01824547540373295
363.0;0.017389540773412943;0.030614484288885975;0.037876570372820405
364.5;0.017389540773412943;0.030614484288885975;0.017385814700674008
366.0;0.017389540773412943;0.030614484288885975;0.017385814700674008
367.5;0.017389540773412943;0.030614484288885975;0.017385814700674008
369.0;0.017389540773412943;0.030614484288885975;0.03602608177493532
370.5;0.017389540773412943;0.030614484288885975;0.03602470478814996
372.0;0.017389540773412943;0.030614484288885975;0.03237046772683426
373.5;0.017389540773412943;0.030614484288885975;0.03237046772683426
375.0;0.017389540773412943;0.030614484288885975;0.03237046772683426
376.5;0.017389540773412943;0.030614484288885975;0.03237046772683426
378.0;0.01567987457984609;0.030614484288885975;0.014827312439301472
379.5;0.01567987457984609;0.030614484288885975;0.01567675266971058
381.0;0.01567987457984609;0.030614484288885975;0.030560798922051387
382.5;0.01567987457984609;0.030614484288885975;0.030560798922051387
384.0;0.01567987457984609;0.030614484288885975;0.036021132546738804
385.5;0.01567987457984609;0.030614484288885975;0.037866203993384924
387.0;0.01567987457984609;0.030614484288885975;0.01824218215289756
388.5;0.01567987457984609;0.030614484288885975;0.014827047568619004
390.0;0.01567987457984609;0.030614484288885975;0.016528953065402124
391.5;0.01567987457984609;0.030614484288885975;0.016528953065402124
393.0;0.01567987457984609;0.030614484288885975;0.03146264096916296
394.5;0.01567987457984609;0.030614484288885975;0.015731292517006803
396.0;0.01567987457984609;0.030614484288885975;0.025522755227552277
397.5;0.01567987457984609;0.030614484288885975;0.025522755227552277
399.0;0.01567987457984609;0.030614484288885975;0.017754480892796753
400.5;0.01567987457984609;0.030614484288885975;0.017754480892796753
402.0;0.01567987457984609;0.030614484288885975;0.017754480892796753
403.5;0.01567987457984609;0.030614484288885975;0.01850632726208763
405.0;0.01567987457984609;0.030614484288885975;0.01850632726208763
406.5;0.01567987457984609;0.030614484288885975;0.01850632726208763
408.0;0.01567987457984609;0.030614484288885975;0.017547197908565945
409.5;0.01567987457984609;0.030614484288885975;0.017547197908565945
411.0;0.01567987457984609;0.030614484288885975;0.0161839863713799
412.5;0.01567987457984609;0.030614484288885975;0.0161839863713799
414.0;0.01567987457984609;0.030614484288885975;0.03617216117216117
415.5;0.01567987457984609;0.030614484288885975;0.017623877982923447
417.0;0.01567987457984609;0.030614484288885975;0.03482458408757866
418.5;0.01567987457984609;0.030614484288885975;0.017498443680569787
420.0;0.03328760839110723;0.030614484288885975;0.03825578292372061
421.5;0.03328760839110723;0.030614484288885975;0.03534512971343672
423.0;0.03328760839110723;0.030614484288885975;0.015711796950363736
424.5;0.03328760839110723;0.030614484288885975;0.01741601350785099
426.0;0.018244633954786142;0.030614484288885975;0.01741601350785099
427.5;0.018244633954786142;0.030614484288885975;0.01741601350785099
429.0;0.018244633954786142;0.030614484288885975;0.035650623885918005
430.5;0.018244633954786142;0.030614484288885975;0.015731292517006803
432.0;0.036949297788835295;0.030614484288885975;0.015731292517006803
433.5;0.03146678001351064;0.030614484288885975;0.018010291595197254
435.0;0.03146678001351064;0.030614484288885975;0.015871286409530037
436.5;0.017385065898158785;0.03241323970006249;0.03841245791927793
438.0;0.017385065898158785;0.03241323970006249;0.03637335441877961
439.5;0.017385065898158785;0.0351424443992876;0.036275860696139695
441.0;0.017385065898158785;0.0351424443992876;0.03527987093940073
442.5;0.017385065898158785;0.0351424443992876;0.01740771421307761
444.0;0.017385065898158785;0.0351424443992876;0.016540721828503288
445.5;0.017385065898158785;0.0351424443992876;0.017393838281482624
447.0;0.017385065898158785;0.0351424443992876;0.014832305600435561
448.5;0.014827541633468562;0.03697442074382769;0.03604392459334977
450.0;0.03510493983687938;0.03697442074382769;0.018246600758721136
451.5;0.03510493983687938;0.03697442074382769;0.017387150648592545
453.0;0.03510493983687938;0.03697442074382769;0.03603037575326198
454.5;0.03510493983687938;0.03697442074382769;0.03603037575326198
456.0;0.03510493983687938;0.03697442074382769;0.01653008333788549
457.5;0.018242568233389038;0.03697442074382769;0.01653008333788549
459.0;0.018242568233389038;0.03697442074382769;0.01567734827379584
460.5;0.03146357881522546;0.03697442074382769;0.01567734827379584
462.0;0.03146357881522546;0.015680987109796585;0.01567734827379584
463.5;0.03146357881522546;0.017388172610590263;0.03327842764141679
465.0;0.03146357881522546;0.016531678096401558;0.03327842764141679
466.5;0.017384333472854088;0.016531678096401558;0.037867668326972664
468.0;0.014827142237604233;0.016531678096401558;0.037867668326972664
469.5;0.023642732049036778;0.016531678096401558;0.015676814372618864
471.0;0.03512773722627738;0.01567842217100666;0.036942608152454794
472.5;0.016863406408094434;0.01567842217100666;0.036942608152454794
474.0;0.016863406408094434;0.01567842217100666;0.036942608152454794
475.5;0.015809071886378992;0.016530470370958342;0.036942158564324756
477.0;0.03746174588351344;0.016530470370958342;0.036942158564324756
478.5;0.03746174588351344;0.016530470370958342;0.036942158564324756
480.0;0.014870091759449306;0.01653008333788549;0.01738417792750781
481.5;0.016568094782873223;0.017385065898158785;0.01824218215289756
483.0;0.01741601350785099;0.017385065898158785;0.03694171784886352
484.5;0.016550266845809666;0.017385065898158785;0.03236805167785016
486.0;0.016550266845809666;0.01738482561800834;0.03236805167785016
487.5;0.01654477169890474;0.01738482561800834;0.03236805167785016
489.0;0.014836509492270044;0.01738482561800834;0.03236805167785016
490.5;0.030582742510880303;0.03236984338791746;0.026060070671378093
492.0;0.030582742510880303;0.03236984338791746;0.015095605501509561
493.5;0.030582742510880303;0.03236984338791746;0.015095605501509561
495.0;0.030582742510880303;0.03236984338791746;0.03091538715963386
496.5;0.030582742510880303;0.03236984338791746;0.03450566571561023
498.0;0.030582742510880303;0.03236984338791746;0.032573955124637066
499.5;0.030582742510880303;0.03236984338791746;0.03435603223272361
501.0;0.030582742510880303;0.03236984338791746;0.03466050479914682
502.5;0.03512490638976303;0.030561209243417226;0.03466050479914682
504.0;0.03512490638976303;0.030561209243417226;0.03466050479914682
505.5;0.01653260196570383;0.030561209243417226;0.03466050479914682
507.0;0.01653260196570383;0.030561209243417226;0.03466050479914682
508.5;0.01653260196570383;0.030561209243417226;0.037753222836095765
510.0;0.01653260196570383;0.030561209243417226;0.037753222836095765
511.5;0.01653260196570383;0.030561209243417226;0.032000890578704894
513.0;0.01653260196570383;0.030561209243417226;0.032000890578704894
514.5;0.01653260196570383;0.014827183625536878;0.032000890578704894
516.0;0.01653260196570383;0.014827183625536878;0.032000890578704894
517.5;0.01653260196570383;0.014827183625536878;0.032000890578704894
519.0;0.017387150648592545;0.014827183625536878;0.032000890578704894
520.5;0.017386386504641093;0.014827142237604233;0.034633078205669056
522.0;0.017386386504641093;0.01567667170887434;0.034633078205669056
523.5;0.017386386504641093;0.01567667170887434;0.034633078205669056
525.0;0.016638225255972697;0.01567667170887434;0.034633078205669056
526.5;0.016638225255972697;0.01567667170887434;0.034633078205669056
528.0;0.016638225255972697;0.01567667170887434;0.035437678433415665
529.5;0.016638225255972697;0.01567667170887434;0.036275860696139695
531.0;0.016638225255972697;0.01567667170887434;0.031567255350648166
532.5;0.016638225255972697;0.01738420192052985;0.031567255350648166
534.0;0.016638225255972697;0.01738420192052985;0.036122089571306734
535.5;0.016638225255972697;0.01738420192052985;0.036122089571306734
537.0;0.016638225255972697;0.01738420192052985;0.036062392589235694
538.5;0.016638225255972697;0.01738420192052985;0.03605180541844278
540.0;0.016638225255972697;0.01738417792750781;0.03605180541844278
541.5;0.016863406408094434;0.01738417792750781;0.03695994941159246
543.0;0.016863406408094434;0.01738417792750781;0.036955332401031944
544.5;0.01850632726208763;0.01738417792750781;0.037876570372820405
546.0;0.016676298192025096;0.01738417792750781;0.037876570372820405
547.5;0.014910112661872163;0.01738417792750781;0.037876570372820405
549.0;0.014910112661872163;0.01738417792750781;0.030565552670919486
550.5;0.014910112661872163;0.01738417792750781;0.030565552670919486
552.0;0.014910112661872163;0.01738417792750781;0.030565552670919486
553.5;0.014910112661872163;0.01738417792750781;0.030565552670919486
555.0;0.014910112661872163;0.01738417792750781;0.03328114316414161
556.5;0.016638225255972697;0.01738417792750781;0.03328114316414161
558.0;0.016638225255972697;0.01738417792750781;0.03328114316414161
559.5;0.016638225255972697;0.01738417792750781;0.03328114316414161
561.0;0.016638225255972697;0.01738417792750781;0.03328114316414161
562.5;0.017094017094017096;0.01738417792750781;0.03328114316414161
564.0;0.018010291595197254;0.015676611548208787;0.03328114316414161
565.5;0.01865038996269922;0.015676611548208787;0.03328114316414161
567.0;0.01850632726208763;0.015676611548208787;0.03328114316414161
568.5;0.017547197908565945;0.015676611548208787;0.03328114316414161
570.0;0.017547197908565945;0.015676611548208787;0.03328114316414161
571.5;0.017547197908565945;0.015676611548208787;0.03328114316414161
573.0;0.017498443680569787;0.015676611548208787;0.03328114316414161
574.5;0.017465858520325457;0.015676611548208787;0.03328114316414161
576.0;0.016582472972657695;0.015676611548208787;0.03328114316414161
577.5;0.016582472972657695;0.03694176354976674;0.03328114316414161
579.0;0.016582472972657695;0.03694176354976674;0.03328114316414161
580.5;0.016582472972657695;0.03694176354976674;0.03328114316414161
582.0;0.016582472972657695;0.03694176354976674;0.03328114316414161
583.5;0.03617216117216117;0.03694176354976674;0.03328114316414161
585.0;0.036646406864497674;0.024122807017543862;0.03328114316414161
586.5;0.036646406864497674;0.024122807017543862;0.03328114316414161
588.0;0.036646406864497674;0.024122807017543862;0.03328114316414161
589.5;0.036646406864497674;0.024122807017543862;0.03328114316414161
591.0;0.036646406864497674;0.024122807017543862;0.03328114316414161
592.5;0.03320921042632419;0.017754480892796753;0.03328114316414161
594.0;0.03320921042632419;0.017754480892796753;0.03328114316414161
595.5;0.03320921042632419;0.03902213310711807;0.03328114316414161
597.0;0.03320921042632419;0.03902213310711807;0.03328114316414161
598.5;0.017547197908565945;0.03902213310711807;0.03328114316414161
600.0;0.017547197908565945;0.03902213310711807;0.03328114316414161
601.5;0.017547197908565945;0.015809071886378992;0.03328114316414161
603.0;0.017547197908565945;0.015809071886378992;0.03328114316414161
604.5;0.014910112661872163;0.015809071886378992;0.03328114316414161
606.0;0.015743018124095107;0.015809071886378992;0.03328114316414161
607.5;0.014870091759449306;0.015809071886378992;0.03328114316414161
609.0;0.014870091759449306;0.015809071886378992;0.03328114316414161
610.5;0.018289844042285466;0.01660281557997176;0.03328114316414161
612.0;0.018289844042285466;0.01660281557997176;0.03328114316414161
613.5;0.018289844042285466;0.01660281557997176;0.03328114316414161
615.0;0.018289844042285466;0.01660281557997176;0.03328114316414161
616.5;0.015695763321720377;0.01660281557997176;0.03328114316414161
618.0;0.015690820879123473;0.01660281557997176;0.03328114316414161
619.5;0.015690820879123473;0.01660281557997176;0.03694591582832383
621.0;0.015690820879123473;0.037210128013628566;0.03694591582832383
622.5;0.017397154861764727;0.03160480961955194;0.03694591582832383
624.0;0.017397154861764727;0.014844188506303903;0.03694591582832383
625.5;0.017397154861764727;0.014844188506303903;0.03694591582832383
627.0;0.017397154861764727;0.018256492034823147;0.03694591582832383
628.5;0.017397154861764727;0.03605180541844278;0.03694591582832383
630.0;0.01739137492247878;0.03605180541844278;0.03237046772683426
631.5;0.01739137492247878;0.03605180541844278;0.03237046772683426
633.0;0.016533838797490336;0.014829232922191612;0.03237046772683426
634.5;0.018470790378006873;0.014829232922191612;0.03237046772683426
636.0;0.018010291595197254;0.03511203953243091;0.03237046772683426
637.5;0.018010291595197254;0.014828261126484797;0.03237046772683426
639.0;0.01597712748065927;0.014827949697411927;0.03237046772683426
640.5;0.015871286409530037;0.014827949697411927;0.015677006439402855
642.0;0.015871286409530037;0.014827949697411927;0.01652929138178772
643.5;0.018470790378006873;0.017384645537373677;0.01652929138178772
645.0;0.017754480892796753;0.02460456942003515;0.015676814372618864
646.5;0.017623877982923447;0.017754480892796753;0.015676814372618864
648.0;0.015769487034319674;0.017754480892796753;0.015676814372618864
649.5;0.035437678433415665;0.014910112661872163;0.017384333472854088
651.0;0.01830736743700201;0.03265254436585322;0.03694235122548181
652.5;0.015711796950363736;0.015711796950363736;0.03694235122548181
654.0;0.03065901496568101;0.015711796950363736;0.016529041294521166
655.5;0.032449913274663476;0.015711796950363736;0.016529041294521166
657.0;0.03609592313694582;0.015711796950363736;0.03617216117216117
658.5;0.03609592313694582;0.03708596418846531;0.03617216117216117
660.0;0.03306159420289855;0.032449913274663476;0.03966822935448972
661.5;0.031723651744800845;0.032449913274663476;0.017547197908565945
663.0;0.031723651744800845;0.031520049278972326;0.017547197908565945
664.5;0.03902213310711807;0.03607665186997895;0.017547197908565945
666.0;0.03902213310711807;0.03607665186997895;0.01836806645203033
667.5;0.03902213310711807;0.03607665186997895;0.018332165356039182
669.0;0.03183910937543675;0.0351424443992876;0.018332165356039182
670.5;0.0306944381170478;0.0351424443992876;0.036275860696139695
672.0;0.01570251018973342;0.0285204991087344;0.036275860696139695
673.5;0.02703900709219858;0.01865038996269922;0.036275860696139695
675.0;0.02703900709219858;0.01865038996269922;0.037137807788150325
676.5;0.02703900709219858;0.03130908265900325;0.03431165971848048
678.0;0.02703900709219858;0.017547197908565945;0.017094017094017096
679.5;0.01850632726208763;0.017547197908565945;0.017094017094017096
681.0;0.01850632726208763;0.017547197908565945;0.03130908265900325
682.5;0.014910112661872163;0.017547197908565945;0.03130908265900325
684.0;0.014910112661872163;0.017547197908565945;0.03130908265900325
685.5;0.014910112661872163;0.017498443680569787;0.03130908265900325
687.0;0.014910112661872163;0.017498443680569787;0.014945495799148322
688.5;0.01660281557997176;0.01488644788002137;0.014945495799148322
690.0;0.01660281557997176;0.01488644788002137;0.014945495799148322
691.5;0.01660281557997176;0.01488644788002137;0.01663225731761437
693.0;0.01660281557997176;0.01488644788002137;0.018332165356039182
694.5;0.01660281557997176;0.01488644788002137;0.018332165356039182
696.0;0.01660281557997176;0.01830736743700201;0.018332165356039182
697.5;0.032573955124637066;0.01830736743700201;0.017443347491498312
699.0;0.032573955124637066;0.01830736743700201;0.017443347491498312
700.5;0.03527987093940073;0.01830736743700201;0.014850222990092551
702.0;0.03527987093940073;0.01830736743700201;0.033363061427410384
703.5;0.03527987093940073;0.015711796950363736;0.014839767744728968
705.0;0.03527987093940073;0.01570251018973342;0.014839767744728968
706.5;0.036157843689975176;0.014844188506303903;0.014839767744728968
708.0;0.036157843689975176;0.0189328743545611;0.014839767744728968
709.5;0.03517428528980739;0.015280135823429542;0.030600620463832856
711.0;0.03517428528980739;0.015280135823429542;0.030600620463832856
712.5;0.03150535334704598;0.015871286409530037;0.030600620463832856
714.0;0.030590360834056505;0.017547197908565945;0.030600620463832856
715.5;0.030590360834056505;0.01663225731761437;0.030600620463832856
717.0;0.030590360834056505;0.01663225731761437;0.030600620463832856
718.5;0.030590360834056505;0.01663225731761437;0.030600620463832856
720.0;0.030590360834056505;0.01663225731761437;0.030600620463832856
721.5;0.030590360834056505;0.01660281557997176;0.03422569546639526
723.0;0.030590360834056505;0.016568094782873223;0.03422569546639526
724.5;0.030590360834056505;0.016568094782873223;0.03422569546639526
726.0;0.030590360834056505;0.014850222990092551;0.03422569546639526
727.5;0.01739137492247878;0.014850222990092551;0.03422569546639526
729.0;0.01739137492247878;0.016550266845809666;0.03422569546639526
730.5;0.01739137492247878;0.015690820879123473;0.03422569546639526
732.0;0.01739137492247878;0.015684481542853023;0.03422569546639526
733.5;0.01739137492247878;0.015684481542853023;0.03422569546639526
735.0;0.017388172610590263;0.015684481542853023;0.03422569546639526
736.5;0.015679043553987165;0.015684481542853023;0.03422569546639526
738.0;0.018244004306380245;0.015684481542853023;0.03422569546639526
739.5;0.018244004306380245;0.01825012709422827;0.03422569546639526
741.0;0.014827949697411927;0.01825012709422827;0.03422569546639526
742.5;0.014827949697411927;0.01825012709422827;0.03422569546639526
744.0;0.014827949697411927;0.01825012709422827;0.03422569546639526
745.5;0.014827949697411927;0.01825012709422827;0.03422569546639526
747.0;0.014827949697411927;0.01567987457984609;0.03422569546639526
748.5;0.03694591582832383;0.01567987457984609;0.03422569546639526
750.0;0.03694591582832383;0.01567987457984609;0.03422569546639526
751.5;0.03694591582832383;0.01567987457984609;0.03422569546639526
753.0;0.03694591582832383;0.01567987457984609;0.03422569546639526
754.5;0.0378691632755135;0.01824547540373295;0.03422569546639526
756.0;0.0189328743545611;0.01824547540373295;0.03422569546639526
757.5;0.017754480892796753;0.016530987295071384;0.03422569546639526
759.0;0.017754480892796753;0.018244004306380245;0.01825012709422827
760.5;0.017754480892796753;0.01653008333788549;0.01825012709422827
762.0;0.017754480892796753;0.01653008333788549;0.01825012709422827
763.5;0.017754480892796753;0.03694401741588875;0.01825012709422827
765.0;0.03706545928938685;0.03694401741588875;0.01825012709422827
766.5;0.03706545928938685;0.03694401741588875;0.018248107350266503
768.0;0.03706545928938685;0.018242568233389038;0.018248107350266503
769.5;0.03706545928938685;0.018242568233389038;0.018248107350266503
771.0;0.03706545928938685;0.018242568233389038;0.018248107350266503
772.5;0.03706545928938685;0.014827238821925121;0.018248107350266503
774.0;0.015731292517006803;0.014827238821925121;0.018248107350266503
775.5;0.01597712748065927;0.014827238821925121;0.018246600758721136
777.0;0.01597712748065927;0.015731292517006803;0.018246600758721136
778.5;0.017547197908565945;0.015731292517006803;0.016531678096401558
780.0;0.03276661638370833;0.016638225255972697;0.014828261126484797
781.5;0.01488644788002137;0.01865038996269922;0.014828261126484797
783.0;0.01488644788002137;0.017547197908565945;0.014828261126484797
784.5;0.025573192239858905;0.015769487034319674;0.014828261126484797
786.0;0.025573192239858905;0.01660281557997176;0.03328114316414161
787.5;0.01597712748065927;0.016582472972657695;0.03510665394291672
789.0;0.01850632726208763;0.014850222990092551;0.03510665394291672
790.5;0.015743018124095107;0.014850222990092551;0.03510665394291672
792.0;0.037753222836095765;0.01740771421307761;0.03510665394291672
793.5;0.0161839863713799;0.015690820879123473;0.03237046772683426
795.0;0.01865038996269922;0.026548672566371685;0.015677006439402855
796.5;0.015871286409530037;0.016745540589734254;0.038655160014383315
798.0;0.015871286409530037;0.016745540589734254;0.038655160014383315
799.5;0.0161839863713799;0.03183910937543675;0.038655160014383315
801.0;0.0161839863713799;0.01488644788002137;0.01663225731761437
802.5;0.0161839863713799;0.015731292517006803;0.01663225731761437
804.0;0.036646406864497674;0.0230722525804493;0.01663225731761437
805.5;0.036646406864497674;0.0230722525804493;0.030813820600779404
807.0;0.036646406864497674;0.03669724770642202;0.030813820600779404
808.5;0.036646406864497674;0.01850632726208763;0.037210128013628566
810.0;0.036646406864497674;0.0189328743545611;0.0182681206624895
811.5;0.036646406864497674;0.026548672566371685;0.036062392589235694
813.0;0.015001087035292413;0.017754480892796753;0.01672535211267606
814.5;0.015001087035292413;0.026060070671378093;0.037753222836095765
816.0;0.015001087035292413;0.026060070671378093;0.015095605501509561
817.5;0.015001087035292413;0.0285204991087344;0.033676001417936904
819.0;0.015001087035292413;0.01597712748065927;0.033676001417936904
820.5;0.017547197908565945;0.034633078205669056;0.035127911416571206
822.0;0.017547197908565945;0.03825578292372061;0.03841245791927793
823.5;0.01836806645203033;0.0285204991087344;0.03841245791927793
825.0;0.015743018124095107;0.032697066101095795;0.03637335441877961
826.5;0.015743018124095107;0.03902213310711807;0.01570251018973342
828.0;0.015743018124095107;0.032000890578704894;0.01570251018973342
829.5;0.037210128013628566;0.03637335441877961;0.02802491103202847
831.0;0.03160480961955194;0.01485852872552252;0.02802491103202847
832.5;0.01741601350785099;0.02587800369685767;0.03966822935448972
834.0;0.01741601350785099;0.01702553830746119;0.03966822935448972
835.5;0.01741601350785099;0.014986153377295074;0.015871286409530037
837.0;0.01741601350785099;0.026060070671378093;0.03450566571561023
838.5;0.031520049278972326;0.015095605501509561;0.03450566571561023
840.0;0.03241323970006249;0.038041387799061466;0.03935185185185185
841.5;0.030582742510880303;0.01836806645203033;0.016638225255972697
843.0;0.030582742510880303;0.026060070671378093;0.03764790247400502
844.5;0.015680987109796585;0.016863406408094434;0.03130908265900325
846.0;0.015680987109796585;0.016863406408094434;0.0161839863713799
847.5;0.015095605501509561;0.035774141714325206;0.025088028169014082
849.0;0.03902213310711807;0.03841245791927793;0.016863406408094434
850.5;0.015809071886378992;0.03841245791927793;0.038041387799061466
852.0;0.015809071886378992;0.03841245791927793;0.01597712748065927
853.5;0.03746174588351344;0.015743018124095107;0.01597712748065927
855.0;0.03173139329252938;0.015743018124095107;0.01597712748065927
856.5;0.03173139329252938;0.015743018124095107;0.015871286409530037
858.0;0.01830736743700201;0.015724726735506497;0.015809071886378992
859.5;0.01830736743700201;0.015724726735506497;0.017498443680569787
861.0;0.03251852018092068;0.015724726735506497;0.014870091759449306
862.5;0.01741601350785099;0.015724726735506497;0.017094017094017096
864.0;0.03794901389545961;0.015724726735506497;0.017623877982923447
865.5;0.017397154861764727;0.03807194397841974;0.017547197908565945
867.0;0.01825283975007182;0.03427946190269746;0.018332165356039182
868.5;0.03604392459334977;0.03427946190269746;0.017443347491498312
870.0;0.036038047141896255;0.03427946190269746;0.03065901496568101
871.5;0.036038047141896255;0.03427946190269746;0.03154000016129497
873.0;0.036038047141896255;0.03794901389545961;0.025088028169014082
874.5;0.036038047141896255;0.03794901389545961;0.03764790247400502
876.0;0.036955332401031944;0.03607665186997895;0.015871286409530037
877.5;0.036955332401031944;0.03607665186997895;0.033697931493502586
879.0;0.017386386504641093;0.03607665186997895;0.03637335441877961
880.5;0.017385814700674008;0.03607665186997895;0.03637335441877961
882.0;0.017385814700674008;0.03607665186997895;0.018010291595197254
883.5;0.017385814700674008;0.03607665186997895;0.018010291595197254
885.0;0.017385814700674008;0.03607665186997895;0.015871286409530037
886.5;0.017385814700674008;0.01825283975007182;0.03482458408757866
888.0;0.017385814700674008;0.01825283975007182;0.024122807017543862
889.5;0.026060070671378093;0.01825012709422827;0.024122807017543862
891.0;0.026060070671378093;0.017388172610590263;0.01865038996269922
892.5;0.026060070671378093;0.016531678096401558;0.016638225255972697
894.0;0.038385826771653545;0.016531678096401558;0.01672535211267606
895.5;0.03460837887067396;0.016531678096401558;0.0189328743545611
897.0;0.03460837887067396;0.016531678096401558;0.017754480892796753
898.5;0.03460837887067396;0.016530987295071384;0.014910112661872163
900.0;0.03460837887067396;0.0161839863713799;0.016582472972657695
901.5;0.03460837887067396;0.0161839863713799;0.018277260861902424
903.0;0.03460837887067396;0.017754480892796753;0.01740771421307761
904.5;0.03460837887067396;0.015001087035292413;0.014836509492270044
906.0;0.03460837887067396;0.015769487034319674;0.01597712748065927
907.5;0.03460837887067396;0.018332165356039182;0.01597712748065927
909.0;0.03460837887067396;0.018332165356039182;0.01597712748065927
910.5;0.03460837887067396;0.015724726735506497;0.017623877982923447
912.0;0.03460837887067396;0.015724726735506497;0.01842179442537598
913.5;0.03460837887067396;0.03251852018092068;0.02460456942003515
915.0;0.032697066101095795;0.01740771421307761;0.016863406408094434
916.5;0.032697066101095795;0.01740771421307761;0.03416622228993677
918.0;0.032697066101095795;0.01740771421307761;0.015731292517006803
919.5;0.032697066101095795;0.017401635028469288;0.01850632726208763
921.0;0.032697066101095795;0.018256492034823147;0.015769487034319674
922.5;0.032697066101095795;0.03149447818769957;0.016638225255972697
924.0;0.032697066101095795;0.03149447818769957;0.016638225255972697
925.5;0.032256841786066255;0.015682478532320222;0.024122807017543862
927.0;0.032256841786066255;0.015682478532320222;0.016745540589734254
928.5;0.03106789479980177;0.015682478532320222;0.016745540589734254
930.0;0.03106789479980177;0.015682478532320222;0.016745540589734254
931.5;0.033697931493502586;0.015682478532320222;0.015743018124095107
933.0;0.033697931493502586;0.017389540773412943;0.01830736743700201
934.5;0.033697931493502586;0.016531678096401558;0.016557768507871926
936.0;0.035437678433415665;0.016530987295071384;0.016557768507871926
937.5;0.035437678433415665;0.018010291595197254;0.026060070671378093
939.0;0.035437678433415665;0.026548672566371685;0.016863406408094434
940.5;0.035437678433415665;0.016745540589734254;0.016863406408094434
942.0;0.035437678433415665;0.02802491103202847;0.0189328743545611
943.5;0.035437678433415665;0.02802491103202847;0.015731292517006803
945.0;0.035437678433415665;0.02802491103202847;0.016863406408094434
946.5;0.035437678433415665;0.02802491103202847;0.015095605501509561
948.0;0.035437678433415665;0.03828413284132841;0.0367279087083759
949.5;0.035437678433415665;0.016863406408094434;0.01836806645203033
951.0;0.035437678433415665;0.01663225731761437;0.01660281557997176
952.5;0.035437678433415665;0.01663225731761437;0.01660281557997176
954.0;0.035437678433415665;0.01663225731761437;0.03441791502515164
955.5;0.035437678433415665;0.017443347491498312;0.017427438387099873
957.0;0.035437678433415665;0.016568094782873223;0.032478764464558434
958.5;0.035437678433415665;0.01740771421307761;0.015695763321720377
960.0;0.035437678433415665;0.024122807017543862;0.015695763321720377
961.5;0.035437678433415665;0.03320921042632419;0.027531083481349913
963.0;0.035437678433415665;0.01663225731761437;0.03416622228993677
964.5;0.03165717058169511;0.0381479518588489;0.014945495799148322
966.0;0.03165717058169511;0.01570251018973342;0.014945495799148322
967.5;0.03165717058169511;0.016550266845809666;0.018354055654233276
969.0;0.01485852872552252;0.03241323970006249;0.0189328743545611
970.5;0.01485852872552252;0.03241323970006249;0.024378585086042064
972.0;0.01485852872552252;0.03698555681259341;0.024378585086042064
973.5;0.01485852872552252;0.01825012709422827;0.016335052812576762
975.0;0.01485852872552252;0.01825012709422827;0.015907416444202047
976.5;0.03242879502693342;0.01825012709422827;0.017574219762933944
978.0;0.03242879502693342;0.018248107350266503;0.017094017094017096
979.5;0.016540721828503288;0.018248107350266503;0.017094017094017096
981.0;0.015682478532320222;0.014829976303317897;0.01865038996269922
982.5;0.017389540773412943;0.01824547540373295;0.016745540589734254
984.0;0.017389540773412943;0.01824547540373295;0.014945495799148322
985.5;0.014829232922191612;0.01824547540373295;0.01597712748065927
987.0;0.03056732006096618;0.01824547540373295;0.01842179442537598
988.5;0.018010291595197254;0.01824547540373295;0.01663225731761437
990.0;0.018010291595197254;0.01824547540373295;0.019013666072489603
991.5;0.018010291595197254;0.014828677071017829;0.03331214913674399
993.0;0.018010291595197254;0.014828677071017829;0.018610244807272875
994.5;0.018010291595197254;0.036949297788835295;0.018610244807272875
996.0;0.018010291595197254;0.036949297788835295;0.017094017094017096
997.5;0.018010291595197254;0.03512773722627738;0.015871286409530037
999.0;0.01597712748065927;0.03966822935448972;0.015769487034319674
1000.5;0.015001087035292413;0.03966822935448972;0.017443347491498312
1002.0;0.015001087035292413;0.014945495799148322;0.01865038996269922
1003.5;0.0175513698630137;0.014945495799148322;0.01865038996269922
1005.0;0.016745540589734254;0.03841245791927793;0.03768591312195207
1006.5;0.016745540589734254;0.03841245791927793;0.017754480892796753
1008.0;0.016745540589734254;0.03841245791927793;0.03864818325709216
1009.5;0.016745540589734254;0.015724726735506497;0.030743823668949708
1011.0;0.016745540589734254;0.029017857142857144;0.03564899451553931
1012.5;0.016745540589734254;0.01597712748065927;0.015871286409530037
1014.0;0.016745540589734254;0.01597712748065927;0.01597712748065927
1015.5;0.016745540589734254;0.02460456942003515;0.021832358674463936
1017.0;0.016745540589734254;0.031723651744800845;0.017771545130035694
1018.5;0.016745540589734254;0.031723651744800845;0.037753222836095765
1020.0;0.016745540589734254;0.031723651744800845;0.017754480892796753
1021.5;0.016745540589734254;0.032000890578704894;0.017094017094017096
1023.0;0.016745540589734254;0.032000890578704894;0.016676298192025096
1024.5;0.016745540589734254;0.03183910937543675;0.0285204991087344
1026.0;0.016745540589734254;0.017465858520325457;0.02460456942003515
1027.5;0.01842179442537598;0.017465858520325457;0.0170487948265726
1029.0;0.017498443680569787;0.032573955124637066;0.016863406408094434
1030.5;0.018332165356039182;0.032573955124637066;0.017754480892796753
1032.0;0.016568094782873223;0.032573955124637066;0.014945495799148322
1033.5;0.016568094782873223;0.018289844042285466;0.02703900709219858
1035.0;0.016557768507871926;0.018289844042285466;0.0161839863713799
1036.5;0.016557768507871926;0.0285204991087344;0.01850632726208763
1038.0;0.016557768507871926;0.0285204991087344;0.01850632726208763
1039.5;0.015695763321720377;0.0285204991087344;0.016863406408094434
1041.0;0.014839767744728968;0.0285204991087344;0.03669724770642202
1042.5;0.014839767744728968;0.0285204991087344;0.03617216117216117
1044.0;0.014834097312229661;0.0285204991087344;0.015095605501509561
1045.5;0.014832305600435561;0.0285204991087344;0.035774141714325206
1047.0;0.017389540773412943;0.03466050479914682;0.035774141714325206
1048.5;0.0161839863713799;0.03466050479914682;0.01660281557997176
1050.0;0.0161839863713799;0.038041387799061466;0.031723651744800845
1051.5;0.0161839863713799;0.038041387799061466;0.03609431217943811
1053.0;0.0161839863713799;0.038041387799061466;0.03609431217943811
1054.5;0.0161839863713799;0.035774141714325206;0.027531083481349913
1056.0;0.016863406408094434;0.035774141714325206;0.03061868686868687
1057.5;0.016863406408094434;0.035774141714325206;0.029647930821494754
1059.0;0.016863406408094434;0.03841245791927793;0.01702553830746119
1060.5;0.016863406408094434;0.03841245791927793;0.01702553830746119
1062.0;0.016863406408094434;0.03841245791927793;0.015069294547215105
1063.5;0.015871286409530037;0.03841245791927793;0.015854570888502284
1065.0;0.015871286409530037;0.03841245791927793;0.035537211848776805
1066.5;0.015871286409530037;0.03841245791927793;0.035537211848776805
1068.0;0.015871286409530037;0.03841245791927793;0.037753222836095765
1069.5;0.015871286409530037;0.03841245791927793;0.02703900709219858
1071.0;0.015871286409530037;0.03841245791927793;0.015871286409530037
1072.5;0.015871286409530037;0.03637335441877961;0.0170487948265726
1074.0;0.015871286409530037;0.03637335441877961;0.018010291595197254
1075.5;0.015871286409530037;0.015724726735506497;0.017623877982923447
1077.0;0.015871286409530037;0.03620712313994087;0.017623877982923447
1078.5;0.015871286409530037;0.03620712313994087;0.017623877982923447
1080.0;0.015871286409530037;0.03620712313994087;0.017623877982923447
1081.5;0.015871286409530037;0.03620712313994087;0.017623877982923447
1083.0;0.015871286409530037;0.03065901496568101;0.039888682745825604
1084.5;0.015871286409530037;0.03065901496568101;0.01865038996269922
1086.0;0.015871286409530037;0.03065901496568101;0.01865038996269922
1087.5;0.015871286409530037;0.03797793703236822;0.01850632726208763
1089.0;0.015871286409530037;0.03797793703236822;0.01850632726208763
1090.5;0.015871286409530037;0.03797793703236822;0.01850632726208763
1092.0;0.015871286409530037;0.03797793703236822;0.03768591312195207
1093.5;0.015871286409530037;0.03797793703236822;0.03768591312195207
1095.0;0.015871286409530037;0.03797793703236822;0.015743018124095107
1096.5;0.015871286409530037;0.03797793703236822;0.015724726735506497
1098.0;0.015871286409530037;0.03794901389545961;0.015711796950363736
1099.5;0.015871286409530037;0.03794901389545961;0.018277260861902424
1101.0;0.015871286409530037;0.03794901389545961;0.018277260861902424
1102.5;0.015871286409530037;0.03794901389545961;0.018277260861902424
1104.0;0.015871286409530037;0.03794901389545961;0.024816176470588234
1105.5;0.015871286409530037;0.03794901389545961;0.03916827852998066
1107.0;0.016676298192025096;0.03794901389545961;0.0340398201669878
1108.5;0.016676298192025096;0.03794901389545961;0.0161839863713799
1110.0;0.016676298192025096;0.03794901389545961;0.0161839863713799
1111.5;0.016676298192025096;0.03794901389545961;0.017754480892796753
1113.0;0.016676298192025096;0.03794901389545961;0.017754480892796753
1114.5;0.016676298192025096;0.03794901389545961;0.01850632726208763
1116.0;0.016676298192025096;0.03794901389545961;0.036514961411379304
1117.5;0.017498443680569787;0.03794901389545961;0.01830736743700201
1119.0;0.017498443680569787;0.03794901389545961;0.01485852872552252
1120.5;0.01660281557997176;0.03794901389545961;0.016638225255972697
1122.0;0.01830736743700201;0.03794901389545961;0.017754480892796753
1123.5;0.01830736743700201;0.036062392589235694;0.015001087035292413
1125.0;0.016568094782873223;0.03697442074382769;0.017391304347826087
1126.5;0.016557768507871926;0.0323868191225715;0.016835957338750634
1128.0;0.016557768507871926;0.0323868191225715;0.015168071117696084
1129.5;0.0182681206624895;0.03722426470588235;0.014925449957981155
1131.0;0.01826142579350741;0.03722426470588235;0.015280135823429542
1132.5;0.01826142579350741;0.03722426470588235;0.017754480892796753
1134.0;0.01826142579350741;0.031723651744800845;0.017934291168491913
1135.5;0.01825283975007182;0.01842179442537598;0.03257387725662403
1137.0;0.01739137492247878;0.017498443680569787;0.0175513698630137
1138.5;0.01739137492247878;0.017498443680569787;0.014945495799148322
1140.0;0.014830971492820427;0.017498443680569787;0.01865038996269922
1141.5;0.01653260196570383;0.017465858520325457;0.01865038996269922
1143.0;0.01653260196570383;0.016638225255972697;0.03564899451553931
1144.5;0.018244633954786142;0.016638225255972697;0.03564899451553931
1146.0;0.018244633954786142;0.018470790378006873;0.03564899451553931
1147.5;0.018244633954786142;0.018010291595197254;0.01865038996269922
1149.0;0.018244633954786142;0.036646406864497674;0.016745540589734254
1150.5;0.018244633954786142;0.015871286409530037;0.016676298192025096
1152.0;0.018244633954786142;0.015871286409530037;0.017465858520325457
1153.5;0.018244633954786142;0.015871286409530037;0.017443347491498312
1155.0;0.018244633954786142;0.017547197908565945;0.016568094782873223
1156.5;0.018244004306380245;0.017547197908565945;0.03427946190269746
1158.0;0.018244004306380245;0.017498443680569787;0.031723651744800845
1159.5;0.018244004306380245;0.017498443680569787;0.016638225255972697
1161.0;0.018244004306380245;0.017498443680569787;0.03764790247400502
1162.5;0.018244004306380245;0.017498443680569787;0.017094017094017096
1164.0;0.018244004306380245;0.017465858520325457;0.01606832657788072
1165.5;0.018244004306380245;0.017465858520325457;0.01606832657788072
1167.0;0.018244004306380245;0.017465858520325457;0.01784040701566475
1168.5;0.018244004306380245;0.017465858520325457;0.01784040701566475
1170.0;0.018244004306380245;0.017465858520325457;0.03638365090848527
1171.5;0.018244004306380245;0.017465858520325457;0.01612259159428971
1173.0;0.018244004306380245;0.017465858520325457;0.016830578931359627
1174.5;0.018244004306380245;0.016582472972657695;0.032697066101095795
1176.0;0.018244004306380245;0.016582472972657695;0.018010291595197254
1177.5;0.018244004306380245;0.016582472972657695;0.031723651744800845
1179.0;0.018244004306380245;0.016582472972657695;0.018010291595197254
1180.5;0.018244004306380245;0.016582472972657695;0.017754480892796753
1182.0;0.018244004306380245;0.016582472972657695;0.01850632726208763
1183.5;0.018244004306380245;0.018289844042285466;0.02802491103202847
1185.0;0.018244004306380245;0.018289844042285466;0.03130908265900325
1186.5;0.018244004306380245;0.014844188506303903;0.0367279087083759
1188.0;0.018244004306380245;0.014844188506303903;0.0367279087083759
1189.5;0.018244004306380245;0.017094017094017096;0.017465858520325457
1191.0;0.018244004306380245;0.017094017094017096;0.038655160014383315
1192.5;0.018244004306380245;0.017094017094017096;0.024816176470588234
1194.0;0.018244004306380245;0.017094017094017096;0.024816176470588234
1195.5;0.018244004306380245;0.017094017094017096;0.0189328743545611
1197.0;0.018244004306380245;0.01865038996269922;0.015280135823429542
1198.5;0.018244004306380245;0.015871286409530037;0.015280135823429542
1200.0;0.018244004306380245;0.015871286409530037;0.015280135823429542
1201.5;0.018244004306380245;0.015871286409530037;0.015280135823429542
1203.0;0.018244004306380245;0.015809071886378992;0.01865038996269922
1204.5;0.018244004306380245;0.015809071886378992;0.03482458408757866
1206.0;0.018244004306380245;0.015809071886378992;0.03482458408757866
1207.5;0.018244004306380245;0.015809071886378992;0.03482458408757866
1209.0;0.018244004306380245;0.014910112661872163;0.024114774114774116
1210.5;0.018244004306380245;0.015743018124095107;0.024114774114774116
1212.0;0.018244004306380245;0.015743018124095107;0.03357531760435572
1213.5;0.018244004306380245;0.015743018124095107;0.025088028169014082
1215.0;0.018244004306380245;0.015743018124095107;0.01865038996269922
1216.5;0.018244004306380245;0.015743018124095107;0.01865038996269922
1218.0;0.018244004306380245;0.015743018124095107;0.01865038996269922
1219.5;0.018244004306380245;0.015743018124095107;0.03460837887067396
1221.0;0.018244004306380245;0.015743018124095107;0.03609431217943811
1222.5;0.018244004306380245;0.015743018124095107;0.017547197908565945
1224.0;0.018244004306380245;0.015743018124095107;0.035572080214829514
1225.5;0.018244004306380245;0.01830736743700201;0.035572080214829514
1227.0;0.01738538657899296;0.01830736743700201;0.035572080214829514
1228.5;0.01738538657899296;0.01830736743700201;0.035572080214829514
1230.0;0.01654091700522345;0.01830736743700201;0.01830736743700201
1231.5;0.01594765689784196;0.016568094782873223;0.036157843689975176
1233.0;0.01848360454802751;0.016568094782873223;0.036157843689975176
1234.5;0.01848360454802751;0.016568094782873223;0.036157843689975176
1236.0;0.017534382187836362;0.016568094782873223;0.030633304926385805
1237.5;0.016638225255972697;0.016568094782873223;0.017393838281482624
1239.0;0.016638225255972697;0.016568094782873223;0.03239318172081418
1240.5;0.03966822935448972;0.018277260861902424;0.032697066101095795
1242.0;0.016745540589734254;0.018277260861902424;0.01850632726208763
1243.5;0.014910112661872163;0.018277260861902424;0.01850632726208763
1245.0;0.014910112661872163;0.018277260861902424;0.01842179442537598
1246.5;0.03825578292372061;0.018277260861902424;0.01842179442537598
1248.0;0.03825578292372061;0.018277260861902424;0.01842179442537598
1249.5;0.03825578292372061;0.018277260861902424;0.037753222836095765
1251.0;0.03825578292372061;0.018277260861902424;0.037753222836095765
1252.5;0.03825578292372061;0.018277260861902424;0.037753222836095765
1254.0;0.03825578292372061;0.018277260861902424;0.032697066101095795
1255.5;0.03825578292372061;0.018277260861902424;0.03609431217943811
1257.0;0.036275860696139695;0.018277260861902424;0.03609431217943811
1258.5;0.036275860696139695;0.018277260861902424;0.03864818325709216
1260.0;0.036275860696139695;0.018277260861902424;0.03357531760435572
1261.5;0.036275860696139695;0.018277260861902424;0.03357531760435572
1263.0;0.0306944381170478;0.018277260861902424;0.03357531760435572
1264.5;0.0306944381170478;0.018277260861902424;0.03357531760435572
1266.0;0.0306944381170478;0.018277260861902424;0.03416622228993677
1267.5;0.03708596418846531;0.015690820879123473;0.017547197908565945
1269.0;0.03708596418846531;0.015690820879123473;0.014910112661872163
1270.5;0.03708596418846531;0.015690820879123473;0.01660281557997176
1272.0;0.03708596418846531;0.015690820879123473;0.025573192239858905
1273.5;0.032449913274663476;0.015690820879123473;0.025573192239858905
1275.0;0.015690820879123473;0.015690820879123473;0.025573192239858905
1276.5;0.015690820879123473;0.015690820879123473;0.025573192239858905
1278.0;0.03150535334704598;0.015690820879123473;0.025573192239858905
1279.5;0.0379119539632164;0.017393838281482624;0.025573192239858905
1281.0;0.0379119539632164;0.017393838281482624;0.025573192239858905
1282.5;0.0379119539632164;0.017393838281482624;0.025573192239858905
1284.0;0.0379119539632164;0.017393838281482624;0.01865038996269922
1285.5;0.01653549687010534;0.017393838281482624;0.03320921042632419
1287.0;0.01653549687010534;0.017393838281482624;0.03320921042632419
1288.5;0.016533838797490336;0.017094017094017096;0.03320921042632419
1290.0;0.016533838797490336;0.017754480892796753;0.03320921042632419
1291.5;0.016533838797490336;0.015001087035292413;0.03320921042632419
1293.0;0.016533838797490336;0.016638225255972697;0.03320921042632419
1294.5;0.017386386504641093;0.0161839863713799;0.03320921042632419
1296.0;0.017386386504641093;0.0189328743545611;0.03320921042632419
1297.5;0.017386386504641093;0.0189328743545611;0.03320921042632419
1299.0;0.017386386504641093;0.0189328743545611;0.035774141714325206
1300.5;0.017386386504641093;0.0189328743545611;0.035774141714325206
1302.0;0.015677957190639216;0.016863406408094434;0.035774141714325206
1303.5;0.015677957190639216;0.016863406408094434;0.039754363283775046
1305.0;0.015677957190639216;0.016863406408094434;0.034328834095015415
1306.5;0.017385065898158785;0.016863406408094434;0.01771809624494277
1308.0;0.017384645537373677;0.016863406408094434;0.0369744210049458
1309.5;0.014827312439301472;0.0175513698630137;0.03512773722627738
1311.0;0.018242456797028576;0.017754480892796753;0.03512773722627738
1312.5;0.036942608152454794;0.017623877982923447;0.03935185185185185
1314.0;0.036942608152454794;0.017623877982923447;0.017754480892796753
1315.5;0.036942608152454794;0.017623877982923447;0.03864818325709216
1317.0;0.036942608152454794;0.017623877982923447;0.035572080214829514
1318.5;0.036942608152454794;0.0175513698630137;0.026548672566371685
1320.0;0.036942608152454794;0.0175513698630137;0.026548672566371685
1321.5;0.036942608152454794;0.0175513698630137;0.01850632726208763
1323.0;0.037866558210898814;0.0175513698630137;0.01850632726208763
1324.5;0.03510326144246906;0.01672535211267606;0.015809071886378992
1326.0;0.03694190574086499;0.0161839863713799;0.017498443680569787
1327.5;0.03694190574086499;0.0161839863713799;0.03512773722627738
1329.0;0.03694190574086499;0.0161839863713799;0.016638225255972697
1330.5;0.03694190574086499;0.0161839863713799;0.01597712748065927
1332.0;0.03694190574086499;0.0161839863713799;0.01597712748065927
1333.5;0.03694190574086499;0.0161839863713799;0.01597712748065927
1335.0;0.014827047568619004;0.0161839863713799;0.017623877982923447
1336.5;0.014827047568619004;0.0161839863713799;0.01663225731761437
1338.0;0.014827047568619004;0.0161839863713799;0.01663225731761437
1339.5;0.014827047568619004;0.0161839863713799;0.01663225731761437
1341.0;0.014827047568619004;0.0161839863713799;0.01663225731761437
1342.5;0.014827047568619004;0.0161839863713799;0.03265254436585322
1344.0;0.03510286351039476;0.0161839863713799;0.032573955124637066
1345.5;0.03510286351039476;0.0161839863713799;0.032573955124637066
1347.0;0.03510286351039476;0.0161839863713799;0.03669724770642202
1348.5;0.03510286351039476;0.0161839863713799;0.015001087035292413
1350.0;0.03510286351039476;0.0161839863713799;0.016676298192025096
1351.5;0.03510286351039476;0.0161839863713799;0.016676298192025096
1353.0;0.03510286351039476;0.0161839863713799;0.017498443680569787
1354.5;0.03510286351039476;0.0161839863713799;0.017465858520325457
1356.0;0.03510286351039476;0.0161839863713799;0.037137807788150325
1357.5;0.03510286351039476;0.0161839863713799;0.01865038996269922
1359.0;0.03510286351039476;0.0161839863713799;0.01850632726208763
1360.5;0.014827034685184563;0.0161839863713799;0.03293798595973293
1362.0;0.014827034685184563;0.0161839863713799;0.014910112661872163
1363.5;0.014827034685184563;0.0161839863713799;0.014910112661872163
1365.0;0.014827034685184563;0.01597712748065927;0.03173139329252938
1366.5;0.014827034685184563;0.01597712748065927;0.015724726735506497
1368.0;0.014827034685184563;0.01597712748065927;0.016638225255972697
1369.5;0.014827034685184563;0.01597712748065927;0.017754480892796753
1371.0;0.014827034685184563;0.01597712748065927;0.016676298192025096
1372.5;0.014827034685184563;0.01597712748065927;0.016676298192025096
1374.0;0.014827034685184563;0.01597712748065927;0.0175513698630137
1375.5;0.014827034685184563;0.01597712748065927;0.01597712748065927
1377.0;0.014827034685184563;0.01597712748065927;0.01597712748065927
1378.5;0.014827034685184563;0.01597712748065927;0.01597712748065927
1380.0;0.014827030544245723;0.01850632726208763;0.01597712748065927
1381.5;0.014827030544245723;0.01850632726208763;0.015001087035292413
1383.0;0.018242136822507252;0.01850632726208763;0.017498443680569787
1384.5;0.030560301331187402;0.01850632726208763;0.015743018124095107
1386.0;0.03722426470588235;0.015809071886378992;0.015724726735506497
1387.5;0.015001087035292413;0.015769487034319674;0.01741601350785099
1389.0;0.0367279087083759;0.01488644788002137;0.014839767744728968
1390.5;0.0367279087083759;0.016582472972657695;0.016540721828503288
1392.0;0.0367279087083759;0.0161839863713799;0.0175513698630137
1393.5;0.014910112661872163;0.0161839863713799;0.017754480892796753
1395.0;0.01488644788002137;0.032697066101095795;0.017623877982923447
1396.5;0.01488644788002137;0.038041387799061466;0.015769487034319674
1398.0;0.01488644788002137;0.038041387799061466;0.015769487034319674
1399.5;0.01830736743700201;0.038041387799061466;0.015769487034319674
1401.0;0.026060070671378093;0.038041387799061466;0.01597712748065927
1402.5;0.026060070671378093;0.024122807017543862;0.01597712748065927
1404.0;0.016676298192025096;0.017094017094017096;0.015871286409530037
1405.5;0.016676298192025096;0.03130908265900325;0.01842179442537598
1407.0;0.01836806645203033;0.018010291595197254;0.01836806645203033
1408.5;0.01836806645203033;0.015001087035292413;0.01660281557997176
1410.0;0.015280135823429542;0.015001087035292413;0.018289844042285466
1411.5;0.015280135823429542;0.016676298192025096;0.018289844042285466
1413.0;0.015280135823429542;0.014910112661872163;0.018289844042285466
1414.5;0.015280135823429542;0.035437678433415665;0.014850222990092551
1416.0;0.015280135823429542;0.037210128013628566;0.014850222990092551
1417.5;0.015280135823429542;0.037137807788150325;0.014850222990092551
1419.0;0.015280135823429542;0.03617216117216117;0.014850222990092551
1420.5;0.015280135823429542;0.036646406864497674;0.014850222990092551
1422.0;0.015280135823429542;0.035127911416571206;0.014844188506303903
1423.5;0.015280135823429542;0.035774141714325206;0.0175513698630137
1425.0;0.03609431217943811;0.03091538715963386;0.0175513698630137
1426.5;0.03609431217943811;0.03265254436585322;0.0175513698630137
1428.0;0.03609431217943811;0.03265254436585322;0.0175513698630137
1429.5;0.03609431217943811;0.03265254436585322;0.0175513698630137
1431.0;0.03609431217943811;0.03265254436585322;0.01850632726208763
1432.5;0.03609431217943811;0.03265254436585322;0.016638225255972697
1434.0;0.03609431217943811;0.03265254436585322;0.017754480892796753
1435.5;0.03609431217943811;0.03265254436585322;0.016863406408094434
1437.0;0.03609431217943811;0.03265254436585322;0.016863406408094434
1438.5;0.03768591312195207;0.03265254436585322;0.016863406408094434
1440.0;0.03768591312195207;0.033494196742055664;0.01850632726208763
1441.5;0.036514961411379304;0.03527987093940073;0.01850632726208763
1443.0;0.036514961411379304;0.03527987093940073;0.01850632726208763
1444.5;0.036514961411379304;0.03527987093940073;0.017547197908565945
1446.0;0.036514961411379304;0.03527987093940073;0.017498443680569787
1447.5;0.01488644788002137;0.01740771421307761;0.017498443680569787
1449.0;0.01488644788002137;0.01740771421307761;0.017498443680569787
1450.5;0.01488644788002137;0.01740771421307761;0.017498443680569787
1452.0;0.015724726735506497;0.01740771421307761;0.014870091759449306
1453.5;0.015724726735506497;0.016540721828503288;0.018289844042285466
1455.0;0.015724726735506497;0.01825283975007182;0.018289844042285466
1456.5;0.031567255350648166;0.018248107350266503;0.014850222990092551
1458.0;0.031567255350648166;0.017388172610590263;0.016550266845809666
1459.5;0.0182681206624895;0.016531678096401558;0.016550266845809666
1461.0;0.0182681206624895;0.018470790378006873;0.016540721828503288
1462.5;0.0182681206624895;0.015095605501509561;0.016540721828503288
1464.0;0.0182681206624895;0.015095605501509561;0.016540721828503288
1465.5;0.037020826875429826;0.015095605501509561;0.016537723722061845
1467.0;0.03607665186997895;0.015095605501509561;0.016537723722061845
1468.5;0.03607665186997895;0.015095605501509561;0.01825012709422827
1470.0;0.03607665186997895;0.016745540589734254;0.01825012709422827
1471.5;0.03149447818769957;0.016676298192025096;0.016533838797490336
1473.0;0.03149447818769957;0.016676298192025096;0.016533838797490336
1474.5;0.03149447818769957;0.01836806645203033;0.014829232922191612
1476.0;0.03149447818769957;0.01836806645203033;0.014829232922191612
1477.5;0.03239318172081418;0.01836806645203033;0.017385814700674008
1479.0;0.03239318172081418;0.01836806645203033;0.014827949697411927
1480.5;0.03239318172081418;0.01836806645203033;0.014827716422686422
1482.0;0.03239318172081418;0.01836806645203033;0.017384645537373677
1483.5;0.03239318172081418;0.01836806645203033;0.014827312439301472
1485.0;0.03239318172081418;0.037210128013628566;0.014827312439301472
1486.5;0.03239318172081418;0.03160480961955194;0.014827238821925121
1488.0;0.03239318172081418;0.038017461422104666;0.017094017094017096
1489.5;0.03239318172081418;0.038017461422104666;0.017094017094017096
1491.0;0.03329636999336548;0.038017461422104666;0.017094017094017096
1492.5;0.03329636999336548;0.038017461422104666;0.01865038996269922
1494.0;0.03329636999336548;0.030633304926385805;0.01865038996269922
1495.5;0.03329636999336548;0.030633304926385805;0.01865038996269922
1497.0;0.031475908069914404;0.03607665186997895;0.01865038996269922
1498.5;0.031475908069914404;0.03607665186997895;0.014945495799148322
1500.0;0.031475908069914404;0.03422569546639526;0.014910112661872163
1501.5;0.031475908069914404;0.03422569546639526;0.014910112661872163
1503.0;0.031475908069914404;0.03422569546639526;0.014910112661872163
1504.5;0.038655160014383315;0.03422569546639526;0.015743018124095107
1506.0;0.038041387799061466;0.03422569546639526;0.015724726735506497
1507.5;0.038041387799061466;0.03422569546639526;0.017427438387099873
1509.0;0.038041387799061466;0.03422569546639526;0.017094017094017096
1510.5;0.038041387799061466;0.03422569546639526;0.015095605501509561
1512.0;0.0367279087083759;0.03148640294042308;0.015095605501509561
1513.5;0.0367279087083759;0.03148640294042308;0.015095605501509561
1515.0;0.0367279087083759;0.03148640294042308;0.014945495799148322
1516.5;0.0367279087083759;0.03148640294042308;0.016863406408094434
1518.0;0.0367279087083759;0.03148640294042308;0.016745540589734254
1519.5;0.0367279087083759;0.03148640294042308;0.016745540589734254
1521.0;0.0367279087083759;0.03148640294042308;0.016745540589734254
1522.5;0.0367279087083759;0.03148640294042308;0.017498443680569787
1524.0;0.0367279087083759;0.03148640294042308;0.014870091759449306
1525.5;0.0367279087083759;0.015680987109796585;0.014870091759449306
1527.0;0.0367279087083759;0.015680987109796585;0.014870091759449306
1528.5;0.0367279087083759;0.015680987109796585;0.014870091759449306
1530.0;0.0367279087083759;0.015680987109796585;0.014870091759449306
1531.5;0.0367279087083759;0.015680987109796585;0.018289844042285466
1533.0;0.0367279087083759;0.015680987109796585;0.018289844042285466
1534.5;0.0367279087083759;0.015680987109796585;0.014850222990092551
1536.0;0.0367279087083759;0.01653260196570383;0.014850222990092551
1537.5;0.0367279087083759;0.01653260196570383;0.014850222990092551
1539.0;0.0367279087083759;0.03147255947419321;0.014850222990092551
1540.5;0.0367279087083759;0.016638225255972697;0.014850222990092551
1542.0;0.0367279087083759;0.016638225255972697;0.0182681206624895
1543.5;0.0367279087083759;0.016638225255972697;0.0182681206624895
1545.0;0.0367279087083759;0.016638225255972697;0.014839767744728968
1546.5;0.0367279087083759;0.01865038996269922;0.014839767744728968
1548.0;0.0367279087083759;0.01865038996269922;0.014839767744728968
1549.5;0.0367279087083759;0.01865038996269922;0.014839767744728968
1551.0;0.0367279087083759;0.01865038996269922;0.014839767744728968
1552.5;0.0367279087083759;0.01865038996269922;0.014839767744728968
1554.0;0.0367279087083759;0.01865038996269922;0.014839767744728968
1555.5;0.0367279087083759;0.016745540589734254;0.014839767744728968
1557.0;0.0367279087083759;0.016745540589734254;0.014839767744728968
1558.5;0.0367279087083759;0.016745540589734254;0.014839767744728968
1560.0;0.0367279087083759;0.017547197908565945;0.014839767744728968
1561.5;0.0367279087083759;0.015769487034319674;0.014836509492270044
1563.0;0.0367279087083759;0.025573192239858905;0.014836509492270044
1564.5;0.0367279087083759;0.0285204991087344;0.014834097312229661
1566.0;0.0367279087083759;0.01865038996269922;0.015682478532320222
1567.5;0.0367279087083759;0.016745540589734254;0.01653260196570383
1569.0;0.0367279087083759;0.016745540589734254;0.017754480892796753
1570.5;0.0367279087083759;0.035774141714325206;0.017754480892796753
1572.0;0.0367279087083759;0.035774141714325206;0.017754480892796753
1573.5;0.0367279087083759;0.035774141714325206;0.015769487034319674
1575.0;0.0367279087083759;0.035774141714325206;0.014870091759449306
1576.5;0.0367279087083759;0.035774141714325206;0.014870091759449306
1578.0;0.0367279087083759;0.01660281557997176;0.038017461422104666
1579.5;0.0367279087083759;0.032573955124637066;0.038017461422104666
1581.0;0.0367279087083759;0.018289844042285466;0.0182681206624895
1582.5;0.0367279087083759;0.018289844042285466;0.031520049278972326
1584.0;0.0367279087083759;0.018289844042285466;0.031520049278972326
1585.5;0.0367279087083759;0.018289844042285466;0.031520049278972326
1587.0;0.0367279087083759;0.01570251018973342;0.03722426470588235
1588.5;0.0367279087083759;0.01570251018973342;0.03722426470588235
1590.0;0.0367279087083759;0.01570251018973342;0.033676001417936904
1591.5;0.0367279087083759;0.032449913274663476;0.033676001417936904
1593.0;0.0367279087083759;0.017401635028469288;0.015871286409530037
1594.5;0.0367279087083759;0.017401635028469288;0.014945495799148322
1596.0;0.0367279087083759;0.017401635028469288;0.015743018124095107
1597.5;0.0367279087083759;0.017401635028469288;0.038017461422104666
1599.0;0.0367279087083759;0.017401635028469288;0.03609592313694582
1600.5;0.0367279087083759;0.017401635028469288;0.03609592313694582
1602.0;0.0367279087083759;0.017401635028469288;0.030600620463832856
1603.5;0.0367279087083759;0.037927713726492604;0.030600620463832856
1605.0;0.0367279087083759;0.037927713726492604;0.01825012709422827
1606.5;0.0367279087083759;0.037927713726492604;0.01825012709422827
1608.0;0.0367279087083759;0.01825283975007182;0.039888682745825604
1609.5;0.0367279087083759;0.01825283975007182;0.039888682745825604
1611.0;0.0367279087083759;0.03148640294042308;0.039888682745825604
1612.5;0.0367279087083759;0.03148640294042308;0.016863406408094434
1614.0;0.0367279087083759;0.03148640294042308;0.035650623885918005
1615.5;0.0367279087083759;0.03148640294042308;0.0175513698630137
1617.0;0.0367279087083759;0.03148640294042308;0.031723651744800845
1618.5;0.0367279087083759;0.03148640294042308;0.02703900709219858
1620.0;0.0367279087083759;0.03148640294042308;0.035127911416571206
1621.5;0.0367279087083759;0.015680987109796585;0.017754480892796753
1623.0;0.0367279087083759;0.015680987109796585;0.015871286409530037
1624.5;0.0367279087083759;0.015680987109796585;0.0285204991087344
1626.0;0.0367279087083759;0.015680987109796585;0.0285204991087344
1627.5;0.0367279087083759;0.03057284130713342;0.01865038996269922
1629.0;0.0367279087083759;0.03057284130713342;0.015095605501509561
1630.5;0.0367279087083759;0.03057284130713342;0.016745540589734254
1632.0;0.0367279087083759;0.0341998118724038;0.017094017094017096
1633.5;0.0367279087083759;0.03603037575326198;0.017094017094017096
1635.0;0.0367279087083759;0.03603037575326198;0.015871286409530037
1636.5;0.0367279087083759;0.031468182542311304;0.02460456942003515
1638.0;0.0367279087083759;0.03419298748439634;0.038655160014383315
1639.5;0.0367279087083759;0.030563238328968595;0.038655160014383315
1641.0;0.0367279087083759;0.030563238328968595;0.03706545928938685
1642.5;0.015769487034319674;0.030563238328968595;0.03706545928938685
1644.0;0.030813820600779404;0.030563238328968595;0.03706545928938685
1645.5;0.030813820600779404;0.030563238328968595;0.03706545928938685
1647.0;0.030813820600779404;0.030563238328968595;0.02802491103202847
1648.5;0.016582472972657695;0.03669724770642202;0.02802491103202847
1650.0;0.016582472972657695;0.03669724770642202;0.03130908265900325
1651.5;0.016582472972657695;0.03669724770642202;0.03130908265900325
1653.0;0.016582472972657695;0.03669724770642202;0.01663225731761437
1654.5;0.018289844042285466;0.037753222836095765;0.015731292517006803
1656.0;0.01741601350785099;0.037753222836095765;0.016638225255972697
1657.5;0.014844188506303903;0.03416622228993677;0.016638225255972697
1659.0;0.014844188506303903;0.03482458408757866;0.01597712748065927
1660.5;0.017401635028469288;0.03482458408757866;0.016638225255972697
1662.0;0.017397154861764727;0.03482458408757866;0.016638225255972697
1663.5;0.017397154861764727;0.03482458408757866;0.016638225255972697
1665.0;0.017397154861764727;0.03276661638370833;0.02516881522406384
1666.5;0.017397154861764727;0.03276661638370833;0.01865038996269922
1668.0;0.017397154861764727;0.038817005545286505;0.01865038996269922
1669.5;0.017397154861764727;0.038817005545286505;0.03409090909090909
1671.0;0.017397154861764727;0.0367279087083759;0.017754480892796753
1672.5;0.017397154861764727;0.03183910937543675;0.017094017094017096
1674.0;0.017397154861764727;0.03183910937543675;0.026060070671378093
1675.5;0.017397154861764727;0.03183910937543675;0.025573192239858905
1677.0;0.017397154861764727;0.03183910937543675;0.0325497287522604
1678.5;0.017397154861764727;0.03183910937543675;0.0325497287522604
1680.0;0.03331212913068683;0.03265254436585322;0.03764790247400502
1681.5;0.030577071180984263;0.03265254436585322;0.015871286409530037
1683.0;0.030577071180984263;0.03534512971343672;0.015871286409530037
1684.5;0.03420376599409057;0.03534512971343672;0.015871286409530037
1686.0;0.03420376599409057;0.03534512971343672;0.03482458408757866
1687.5;0.03420376599409057;0.03534512971343672;0.017498443680569787
1689.0;0.03420376599409057;0.03534512971343672;0.017498443680569787
1690.5;0.03420376599409057;0.03534512971343672;0.017498443680569787
1692.0;0.03420376599409057;0.03534512971343672;0.017498443680569787
1693.5;0.03420376599409057;0.03534512971343672;0.017498443680569787
1695.0;0.03420376599409057;0.03534512971343672;0.014870091759449306
1696.5;0.036955332401031944;0.03534512971343672;0.03251852018092068
1698.0;0.036955332401031944;0.03534512971343672;0.015695763321720377
1699.5;0.036955332401031944;0.03534512971343672;0.03149447818769957
1701.0;0.036955332401031944;0.03534512971343672;0.03149447818769957
1702.5;0.036955332401031944;0.03534512971343672;0.037900253133938556
1704.0;0.036955332401031944;0.03534512971343672;0.03420906032156432
1705.5;0.036955332401031944;0.03534512971343672;0.03420906032156432
1707.0;0.036955332401031944;0.03534512971343672;0.038817005545286505
1708.5;0.036955332401031944;0.03534512971343672;0.038655160014383315
1710.0;0.036955332401031944;0.03534512971343672;0.03564899451553931
1711.5;0.036955332401031944;0.03534512971343672;0.032697066101095795
1713.0;0.036955332401031944;0.03534512971343672;0.032697066101095795
1714.5;0.036955332401031944;0.03534512971343672;0.032697066101095795
1716.0;0.036955332401031944;0.03534512971343672;0.02802491103202847
1717.5;0.036955332401031944;0.03534512971343672;0.01865038996269922
1719.0;0.036955332401031944;0.03534512971343672;0.01865038996269922
1720.5;0.036955332401031944;0.03534512971343672;0.01865038996269922
1722.0;0.036955332401031944;0.03534512971343672;0.01865038996269922
1723.5;0.036955332401031944;0.03534512971343672;0.01865038996269922
1725.0;0.036955332401031944;0.03534512971343672;0.015280135823429542
1726.5;0.016530987295071384;0.03534512971343672;0.015280135823429542
1728.0;0.016530987295071384;0.03534512971343672;0.03764790247400502
1729.5;0.016530987295071384;0.03534512971343672;0.03764790247400502
1731.0;0.016530987295071384;0.03534512971343672;0.038041387799061466
1732.5;0.016530987295071384;0.03534512971343672;0.033879208022981784
1734.0;0.016530987295071384;0.03534512971343672;0.01597712748065927
1735.5;0.016530987295071384;0.03534512971343672;0.017094017094017096
1737.0;0.016530987295071384;0.03534512971343672;0.03320921042632419
1738.5;0.016530987295071384;0.03534512971343672;0.03320921042632419
1740.0;0.016530987295071384;0.03534512971343672;0.017547197908565945
1741.5;0.016530987295071384;0.03534512971343672;0.017547197908565945
1743.0;0.016530987295071384;0.03534512971343672;0.017547197908565945
1744.5;0.016530987295071384;0.03534512971343672;0.015769487034319674
1746.0;0.016530987295071384;0.03534512971343672;0.018332165356039182
1747.5;0.016530987295071384;0.03534512971343672;0.037210128013628566
1749.0;0.016530987295071384;0.03534512971343672;0.01741601350785099
1750.5;0.016530987295071384;0.03534512971343672;0.01741601350785099
1752.0;0.016530987295071384;0.03534512971343672;0.01741601350785099
1753.5;0.016530987295071384;0.03534512971343672;0.015695763321720377
1755.0;0.016530987295071384;0.03534512971343672;0.015695763321720377
1756.5;0.016530987295071384;0.03534512971343672;0.015695763321720377
1758.0;0.035109707545799736;0.03534512971343672;0.015695763321720377
1759.5;0.035109707545799736;0.03534512971343672;0.01865038996269922
1761.0;0.03237241264802522;0.03534512971343672;0.015809071886378992
1762.5;0.03237130079462049;0.03534512971343672;0.017465858520325457
1764.0;0.034190817660438355;0.03534512971343672;0.014870091759449306
1765.5;0.034190817660438355;0.03534512971343672;0.014870091759449306
1767.0;0.034190817660438355;0.03534512971343672;0.0175513698630137
1768.5;0.034190817660438355;0.03534512971343672;0.0175513698630137
1770.0;0.03564899451553931;0.03534512971343672;0.015095605501509561
1771.5;0.03564899451553931;0.03534512971343672;0.015095605501509561
1773.0;0.03564899451553931;0.03534512971343672;0.015095605501509561
1774.5;0.03564899451553931;0.03534512971343672;0.015871286409530037
1776.0;0.03564899451553931;0.03534512971343672;0.014945495799148322
1777.5;0.03564899451553931;0.03534512971343672;0.017498443680569787
1779.0;0.03564899451553931;0.03534512971343672;0.017465858520325457
1780.5;0.015095605501509561;0.03534512971343672;0.014870091759449306
1782.0;0.015095605501509561;0.03534512971343672;0.014870091759449306
1783.5;0.015095605501509561;0.03534512971343672;0.014850222990092551
1785.0;0.015095605501509561;0.03534512971343672;0.014850222990092551
1786.5;0.015095605501509561;0.03534512971343672;0.014850222990092551
1788.0;0.015095605501509561;0.0306944381170478;0.02703900709219858
1789.5;0.015095605501509561;0.0306944381170478;0.02703900709219858
1791.0;0.015095605501509561;0.0352330815985435;0.02703900709219858
1792.5;0.015095605501509561;0.0352330815985435;0.033676001417936904
1794.0;0.015095605501509561;0.0352330815985435;0.025088028169014082
1795.5;0.015095605501509561;0.0352330815985435;0.017754480892796753
1797.0;0.015095605501509561;0.0182681206624895;0.017754480892796753
1798.5;0.015095605501509561;0.0182681206624895;0.03357531760435572
1800.0;0.017547197908565945;0.0182681206624895;0.03617216117216117
1801.5;0.017547197908565945;0.0182681206624895;0.01842179442537598
1803.0;0.017547197908565945;0.015690820879123473;0.01842179442537598
1804.5;0.017547197908565945;0.015690820879123473;0.017498443680569787
1806.0;0.036514961411379304;0.015690820879123473;0.015743018124095107
1807.5;0.036514961411379304;0.015690820879123473;0.015743018124095107
1809.0;0.036514961411379304;0.016537723722061845;0.03435603223272361
1810.5;0.036514961411379304;0.01825012709422827;0.03435603223272361
1812.0;0.027531083481349913;0.015680987109796585;0.032449913274663476
1813.5;0.027531083481349913;0.015680987109796585;0.032449913274663476
1815.0;0.027531083481349913;0.015680987109796585;0.032449913274663476
1816.5;0.027531083481349913;0.01653260196570383;0.03242879502693342
1818.0;0.017547197908565945;0.01653260196570383;0.03242879502693342
1819.5;0.01836806645203033;0.016531678096401558;0.03240172884776326
1821.0;0.01836806645203033;0.016531678096401558;0.03420906032156432
1822.5;0.018332165356039182;0.016530987295071384;0.03238207376784275
1824.0;0.014870091759449306;0.016530987295071384;0.03238207376784275
1825.5;0.018289844042285466;0.017385814700674008;0.03238207376784275
1827.0;0.018289844042285466;0.01567760904807164;0.017385814700674008
1828.5;0.01570251018973342;0.01567760904807164;0.014827949697411927
1830.0;0.01570251018973342;0.01567760904807164;0.014827949697411927
1831.5;0.03150535334704598;0.03136882129277567;0.014827949697411927
1833.0;0.036062392589235694;0.03571428571428571;0.0378691632755135
1834.5;0.0175513698630137;0.03571428571428571;0.0378691632755135
1836.0;0.0175513698630137;0.03571428571428571;0.03828413284132841
1837.5;0.0175513698630137;0.03535245814226298;0.03828413284132841
1839.0;0.0175513698630137;0.03535245814226298;0.03460837887067396
1840.5;0.0175513698630137;0.03535245814226298;0.033676001417936904
1842.0;0.0175513698630137;0.03535245814226298;0.03864818325709216
1843.5;0.033676001417936904;0.03535245814226298;0.03864818325709216
1845.0;0.033676001417936904;0.03748467708982989;0.03864818325709216
1846.5;0.03706545928938685;0.03748467708982989;0.03864818325709216
1848.0;0.03293798595973293;0.017603269400950756;0.03183910937543675
1849.5;0.01663225731761437;0.017603269400950756;0.03183910937543675
1851.0;0.01663225731761437;0.017603269400950756;0.03637335441877961
1852.5;0.01663225731761437;0.017603269400950756;0.03637335441877961
1854.0;0.018332165356039182;0.017603269400950756;0.03512773722627738
1855.5;0.018332165356039182;0.017603269400950756;0.03512773722627738
1857.0;0.014870091759449306;0.03383146621499615;0.03512773722627738
1858.5;0.025088028169014082;0.033666638869209335;0.033676001417936904
1860.0;0.025088028169014082;0.033666638869209335;0.03416622228993677
1861.5;0.016863406408094434;0.033666638869209335;0.03416622228993677
1863.0;0.016863406408094434;0.033666638869209335;0.03416622228993677
1864.5;0.016863406408094434;0.033666638869209335;0.03617216117216117
1866.0;0.016863406408094434;0.033666638869209335;0.03966822935448972
1867.5;0.016863406408094434;0.033666638869209335;0.033879208022981784
1869.0;0.016863406408094434;0.033666638869209335;0.03669724770642202
1870.5;0.016863406408094434;0.033666638869209335;0.038655160014383315
1872.0;0.016863406408094434;0.033666638869209335;0.038655160014383315
1873.5;0.016863406408094434;0.017460084355449466;0.038655160014383315
1875.0;0.016863406408094434;0.017460084355449466;0.03482458408757866
1876.5;0.016863406408094434;0.017460084355449466;0.03482458408757866
1878.0;0.016863406408094434;0.017460084355449466;0.03482458408757866
1879.5;0.016863406408094434;0.017460084355449466;0.03482458408757866
1881.0;0.016863406408094434;0.017460084355449466;0.036514961411379304
1882.5;0.016863406408094434;0.017460084355449466;0.03722426470588235
1884.0;0.016863406408094434;0.017460084355449466;0.036646406864497674
1885.5;0.017623877982923447;0.017460084355449466;0.036646406864497674
1887.0;0.017623877982923447;0.017460084355449466;0.036646406864497674
1888.5;0.017623877982923447;0.017460084355449466;0.036646406864497674
1890.0;0.017623877982923447;0.017460084355449466;0.03768591312195207
1891.5;0.014945495799148322;0.017460084355449466;0.03768591312195207
1893.0;0.014945495799148322;0.017460084355449466;0.03768591312195207
1894.5;0.014945495799148322;0.017460084355449466;0.03768591312195207
1896.0;0.014945495799148322;0.017460084355449466;0.034633078205669056
1897.5;0.01663225731761437;0.017460084355449466;0.03265254436585322
1899.0;0.01488644788002137;0.017460084355449466;0.03265254436585322
1900.5;0.01488644788002137;0.017460084355449466;0.032573955124637066
1902.0;0.015724726735506497;0.017460084355449466;0.032573955124637066
1903.5;0.014850222990092551;0.017460084355449466;0.032573955124637066
1905.0;0.01740771421307761;0.017460084355449466;0.032573955124637066
1906.5;0.017373380447585393;0.017460084355449466;0.032573955124637066
1908.0;0.017094017094017096;0.017460084355449466;0.032573955124637066
1909.5;0.017094017094017096;0.017460084355449466;0.032573955124637066
1911.0;0.017094017094017096;0.017460084355449466;0.032573955124637066
1912.5;0.017094017094017096;0.017460084355449466;0.032573955124637066
1914.0;0.017094017094017096;0.017460084355449466;0.032573955124637066
1915.5;0.017094017094017096;0.017460084355449466;0.032573955124637066
1917.0;0.017094017094017096;0.017460084355449466;0.032573955124637066
1918.5;0.01597712748065927;0.017460084355449466;0.032573955124637066
1920.0;0.01597712748065927;0.017460084355449466;0.032573955124637066
1921.5;0.01597712748065927;0.017460084355449466;0.032573955124637066
1923.0;0.01597712748065927;0.017460084355449466;0.032573955124637066
1924.5;0.01597712748065927;0.017460084355449466;0.032573955124637066
1926.0;0.01597712748065927;0.017460084355449466;0.032573955124637066
1927.5;0.01842179442537598;0.017460084355449466;0.032573955124637066
1929.0;0.034633078205669056;0.017460084355449466;0.032573955124637066
1930.5;0.034633078205669056;0.03532849512878568;0.032573955124637066
1932.0;0.034633078205669056;0.03532849512878568;0.032573955124637066
1933.5;0.034633078205669056;0.03068545637031176;0.032573955124637066
1935.0;0.034633078205669056;0.03068545637031176;0.032573955124637066
1936.5;0.034633078205669056;0.03068545637031176;0.032573955124637066
1938.0;0.034633078205669056;0.03068545637031176;0.032573955124637066
1939.5;0.034633078205669056;0.03068545637031176;0.032573955124637066
1941.0;0.034633078205669056;0.03707646132611836;0.032573955124637066
1942.5;0.017465858520325457;0.030628563258677813;0.032573955124637066
1944.0;0.018470790378006873;0.030628563258677813;0.032573955124637066
1945.5;0.018470790378006873;0.030628563258677813;0.032573955124637066
1947.0;0.018470790378006873;0.030628563258677813;0.032573955124637066
1948.5;0.018470790378006873;0.030628563258677813;0.032573955124637066
1950.0;0.01865038996269922;0.03609107725857802;0.032573955124637066
1951.5;0.017623877982923447;0.03609107725857802;0.032573955124637066
1953.0;0.014910112661872163;0.03609107725857802;0.032573955124637066
1954.5;0.014910112661872163;0.03609107725857802;0.032573955124637066
1956.0;0.014870091759449306;0.03150262286867372;0.032573955124637066
1957.5;0.014870091759449306;0.014833647993377764;0.032573955124637066
1959.0;0.016568094782873223;0.014833647993377764;0.032573955124637066
1960.5;0.016568094782873223;0.015682104810260875;0.032573955124637066
1962.0;0.0175513698630137;0.018247730044566014;0.032573955124637066
1963.5;0.016863406408094434;0.018247730044566014;0.032573955124637066
1965.0;0.016863406408094434;0.01482979021674411;0.032573955124637066
1966.5;0.016863406408094434;0.01738695942595545;0.032573955124637066
1968.0;0.016863406408094434;0.01738695942595545;0.032573955124637066
1969.5;0.015001087035292413;0.014828573009156304;0.032573955124637066
1971.0;0.015001087035292413;0.014828573009156304;0.0306944381170478
1972.5;0.015809071886378992;0.03694881410161545;0.0306944381170478
1974.0;0.017498443680569787;0.015677543827795012;0.0306944381170478
1975.5;0.018010291595197254;0.03237109246164311;0.0306944381170478
1977.0;0.016676298192025096;0.0325497287522604;0.01740771421307761
1978.5;0.017498443680569787;0.033676001417936904;0.01740771421307761
1980.0;0.018332165356039182;0.024114774114774116;0.01740771421307761
1981.5;0.017427438387099873;0.03460837887067396;0.01654477169890474
1983.0;0.016557768507871926;0.03460837887067396;0.02802491103202847
1984.5;0.016557768507871926;0.02802491103202847;0.017754480892796753
1986.0;0.01826142579350741;0.03966822935448972;0.017754480892796753
1987.5;0.01826142579350741;0.03966822935448972;0.0230722525804493
1989.0;0.01826142579350741;0.015871286409530037;0.0230722525804493
1990.5;0.033324296038916436;0.015871286409530037;0.0325497287522604
1992.0;0.015684481542853023;0.01663225731761437;0.0325497287522604
1993.5;0.01739137492247878;0.027531083481349913;0.0325497287522604
1995.0;0.018248107350266503;0.027531083481349913;0.017754480892796753
1996.5;0.03057284130713342;0.027531083481349913;0.017754480892796753
1998.0;0.03603365757185634;0.036646406864497674;0.015871286409530037
1999.5;0.014828677071017829;0.016745540589734254;0.015871286409530037
2001.0;0.014828677071017829;0.018332165356039182;0.03482458408757866
2002.5;0.014828677071017829;0.02703900709219858;0.01663225731761437
2004.0;0.014828677071017829;0.015809071886378992;0.035437678433415665
2005.5;0.03512773722627738;0.015809071886378992;0.035437678433415665
2007.0;0.03512773722627738;0.035572080214829514;0.035437678433415665
2008.5;0.03512773722627738;0.017443347491498312;0.035437678433415665
2010.0;0.03512773722627738;0.017443347491498312;0.015724726735506497
2011.5;0.03617216117216117;0.017443347491498312;0.016568094782873223
2013.0;0.03617216117216117;0.017443347491498312;0.014844188506303903
2014.5;0.017623877982923447;0.017443347491498312;0.031520049278972326
2016.0;0.017623877982923447;0.017443347491498312;0.015687178238012765
2017.5;0.017623877982923447;0.017443347491498312;0.03422569546639526
2019.0;0.017623877982923447;0.0306944381170478;0.03422569546639526
2020.5;0.017754480892796753;0.0306944381170478;0.03422569546639526
2022.0;0.017094017094017096;0.0306944381170478;0.03605180541844278
2023.5;0.032697066101095795;0.03708596418846531;0.03512490638976303
2025.0;0.017623877982923447;0.03708596418846531;0.01824547540373295
2026.5;0.016676298192025096;0.03797793703236822;0.014828677071017829
2028.0;0.015731292517006803;0.03797793703236822;0.018244004306380245
2029.5;0.01865038996269922;0.03797793703236822;0.01653008333788549
2031.0;0.015871286409530037;0.015690820879123473;0.014827716422686422
2032.5;0.015871286409530037;0.015690820879123473;0.014827716422686422
2034.0;0.015871286409530037;0.033324296038916436;0.014827716422686422
2035.5;0.015871286409530037;0.033324296038916436;0.014827716422686422
2037.0;0.015809071886378992;0.033324296038916436;0.034190817660438355
2038.5;0.034633078205669056;0.033324296038916436;0.036022320279473885
2040.0;0.034633078205669056;0.033324296038916436;0.036022320279473885
2041.5;0.034633078205669056;0.033324296038916436;0.036022320279473885
2043.0;0.034633078205669056;0.033324296038916436;0.036022320279473885
2044.5;0.034633078205669056;0.033324296038916436;0.036022320279473885
2046.0;0.03722426470588235;0.016537723722061845;0.036022320279473885
2047.5;0.03722426470588235;0.018248107350266503;0.015676814372618864
2049.0;0.03722426470588235;0.018248107350266503;0.015676814372618864
2050.5;0.031723651744800845;0.01567987457984609;0.03786682815408853
2052.0;0.031723651744800845;0.017387150648592545;0.03418869407882383
2053.5;0.031723651744800845;0.018244633954786142;0.03418869407882383
2055.0;0.031723651744800845;0.018244633954786142;0.030560667073641582
2056.5;0.031723651744800845;0.01653008333788549;0.03327680212330683
2058.0;0.031723651744800845;0.01653008333788549;0.03327680212330683
2059.5;0.031723651744800845;0.01653008333788549;0.03327680212330683
2061.0;0.031723651744800845;0.016745540589734254;0.03327680212330683
2062.5;0.031723651744800845;0.014945495799148322;0.03327680212330683
2064.0;0.031723651744800845;0.014945495799148322;0.03327680212330683
2065.5;0.031723651744800845;0.017498443680569787;0.014827070474422001
2067.0;0.031723651744800845;0.018354055654233276;0.014827070474422001
2068.5;0.031723651744800845;0.018354055654233276;0.014827070474422001
2070.0;0.031723651744800845;0.018010291595197254;0.014827070474422001
2071.5;0.015001087035292413;0.017754480892796753;0.03694182448686088
2073.0;0.016676298192025096;0.017754480892796753;0.03236811307618725
2074.5;0.016676298192025096;0.016745540589734254;0.03236811307618725
2076.0;0.016676298192025096;0.017754480892796753;0.018242147791758662
2077.5;0.017498443680569787;0.015809071886378992;0.030560324419690487
2079.0;0.018332165356039182;0.036514961411379304;0.030560324419690487
2080.5;0.018332165356039182;0.036514961411379304;0.015676578071679288
2082.0;0.018332165356039182;0.036514961411379304;0.015676578071679288
2083.5;0.018332165356039182;0.036514961411379304;0.015676578071679288
2085.0;0.015724726735506497;0.036514961411379304;0.015676578071679288
2086.5;0.017427438387099873;0.0161839863713799;0.015676578071679288
2088.0;0.017427438387099873;0.0161839863713799;0.015676578071679288
2089.5;0.03708596418846531;0.0161839863713799;0.015676578071679288
2091.0;0.03519913210701956;0.032697066101095795;0.015676578071679288
2092.5;0.015687178238012765;0.038041387799061466;0.015676578071679288
2094.0;0.01825283975007182;0.03864818325709216;0.01738411316431663
2095.5;0.01825283975007182;0.03864818325709216;0.01738411316431663
2097.0;0.01825283975007182;0.03864818325709216;0.016528930504347714
2098.5;0.01825283975007182;0.01836806645203033;0.016528930504347714
2100.0;0.01825283975007182;0.03357729479429107;0.016528930504347714
2101.5;0.014830971492820427;0.03357729479429107;0.016528930504347714
2103.0;0.014830971492820427;0.036275860696139695;0.032367983278956264
2104.5;0.014830971492820427;0.036275860696139695;0.03602058869513428
2106.0;0.03238207376784275;0.03527987093940073;0.03602058869513428
2107.5;0.03238207376784275;0.03527987093940073;0.018010291595197254
2109.0;0.03238207376784275;0.03527987093940073;0.018010291595197254
2110.5;0.03238207376784275;0.01570251018973342;0.018010291595197254
2112.0;0.03238207376784275;0.0182681206624895;0.018010291595197254
2113.5;0.03238207376784275;0.015690820879123473;0.031723651744800845
2115.0;0.03238207376784275;0.015687178238012765;0.031723651744800845
2116.5;0.016531678096401558;0.015687178238012765;0.031723651744800845
2118.0;0.016531678096401558;0.015687178238012765;0.031723651744800845
2119.5;0.016531678096401558;0.015687178238012765;0.031723651744800845
2121.0;0.015677957190639216;0.015687178238012765;0.031723651744800845
2122.5;0.018243532876687153;0.017393838281482624;0.031723651744800845
2124.0;0.0175513698630137;0.017393838281482624;0.031723651744800845
2125.5;0.0175513698630137;0.018248107350266503;0.031723651744800845
2127.0;0.0175513698630137;0.017387150648592545;0.031723651744800845
2128.5;0.017623877982923447;0.018243532876687153;0.031723651744800845
2130.0;0.017623877982923447;0.018242915171642324;0.031723651744800845
2131.5;0.017623877982923447;0.018242915171642324;0.015001087035292413
2133.0;0.015769487034319674;0.01652941341487852;0.015001087035292413
2134.5;0.01488644788002137;0.0161839863713799;0.015769487034319674
2136.0;0.025573192239858905;0.0161839863713799;0.015769487034319674
2137.5;0.017754480892796753;0.015001087035292413;0.030813820600779404
2139.0;0.015871286409530037;0.01842179442537598;0.030813820600779404
2140.5;0.015809071886378992;0.03450566571561023;0.030813820600779404
2142.0;0.017498443680569787;0.03534512971343672;0.030813820600779404
2143.5;0.02703900709219858;0.01845342706502636;0.030813820600779404
2145.0;0.01865038996269922;0.01845342706502636;0.030813820600779404
2146.5;0.01865038996269922;0.03535245814226298;0.030813820600779404
2148.0;0.01865038996269922;0.017603269400950756;0.030813820600779404
2149.5;0.01865038996269922;0.017603269400950756;0.030813820600779404
2151.0;0.015871286409530037;0.016745540589734254;0.038817005545286505
2152.5;0.015871286409530037;0.025573192239858905;0.035774141714325206
2154.0;0.015871286409530037;0.016863406408094434;0.017094017094017096
2155.5;0.015871286409530037;0.016676298192025096;0.027531083481349913
2157.0;0.015871286409530037;0.014910112661872163;0.038655160014383315
2158.5;0.015871286409530037;0.014910112661872163;0.014945495799148322
2160.0;0.017547197908565945;0.014910112661872163;0.03450566571561023
2161.5;0.01488644788002137;0.03637335441877961;0.03669724770642202
2163.0;0.01830736743700201;0.025573192239858905;0.016863406408094434
2164.5;0.01830736743700201;0.01865038996269922;0.016863406408094434
2166.0;0.01830736743700201;0.016863406408094434;0.015001087035292413
2167.5;0.01485852872552252;0.014910112661872163;0.027531083481349913
2169.0;0.01485852872552252;0.03265254436585322;0.03320921042632419
2170.5;0.01741601350785099;0.01830736743700201;0.03841245791927793
2172.0;0.01741601350785099;0.03065901496568101;0.025573192239858905
2173.5;0.01741601350785099;0.01865038996269922;0.03764790247400502
2175.0;0.01741601350785099;0.015871286409530037;0.015871286409530037
2176.5;0.028050275904353158;0.02802491103202847;0.017547197908565945
2178.0;0.016979552792060267;0.01865038996269922;0.015769487034319674
2179.5;0.016979552792060267;0.01865038996269922;0.015769487034319674
2181.0;0.015926980240613186;0.03669724770642202;0.03357531760435572
2182.5;0.014975431187270396;0.017094017094017096;0.01597712748065927
2184.0;0.03192732283429844;0.017754480892796753;0.038041387799061466
2185.5;0.03192732283429844;0.017547197908565945;0.03722426470588235
2187.0;0.033643679132368653;0.015743018124095107;0.017094017094017096
2188.5;0.03261747329900833;0.015743018124095107;0.035650623885918005
2190.0;0.032549349404265675;0.015743018124095107;0.014945495799148322
2191.5;0.032549349404265675;0.015743018124095107;0.014945495799148322
2193.0;0.032549349404265675;0.015743018124095107;0.018332165356039182
2194.5;0.032549349404265675;0.015743018124095107;0.015711796950363736
2196.0;0.032549349404265675;0.023642732049036778;0.015711796950363736
2197.5;0.031588204663823435;0.015095605501509561;0.015690820879123473
2199.0;0.031588204663823435;0.025573192239858905;0.02703900709219858
2200.5;0.033380111689518634;0.016863406408094434;0.015095605501509561
2202.0;0.033380111689518634;0.017754480892796753;0.015095605501509561
2203.5;0.033380111689518634;0.015871286409530037;0.015095605501509561
2205.0;0.037036238915511596;0.016676298192025096;0.03320921042632419
2206.5;0.037036238915511596;0.033697931493502586;0.03320921042632419
2208.0;0.016539406053218218;0.033494196742055664;0.03764790247400502
2209.5;0.016539406053218218;0.033494196742055664;0.03482458408757866
2211.0;0.016539406053218218;0.033494196742055664;0.014910112661872163
2212.5;0.016539406053218218;0.033494196742055664;0.01830736743700201
2214.0;0.016539406053218218;0.033494196742055664;0.027531083481349913
2215.5;0.016539406053218218;0.033494196742055664;0.038655160014383315
2217.0;0.036057749472660695;0.033494196742055664;0.038041387799061466
2218.5;0.036057749472660695;0.033494196742055664;0.015095605501509561
2220.0;0.036057749472660695;0.033435588205396154;0.038041387799061466
2221.5;0.036057749472660695;0.033435588205396154;0.03864818325709216
2223.0;0.036057749472660695;0.033435588205396154;0.03746174588351344
2224.5;0.036057749472660695;0.01741601350785099;0.03534512971343672
2226.0;0.036057749472660695;0.016550266845809666;0.017094017094017096
2227.5;0.036057749472660695;0.015684481542853023;0.016863406408094434
2229.0;0.036057749472660695;0.030582742510880303;0.016863406408094434
2230.5;0.036057749472660695;0.030582742510880303;0.016676298192025096
2232.0;0.036057749472660695;0.030582742510880303;0.017498443680569787
2233.5;0.036057749472660695;0.017389540773412943;0.01830736743700201
2235.0;0.036057749472660695;0.018246600758721136;0.015711796950363736
2236.5;0.036057749472660695;0.017387150648592545;0.02802491103202847
2238.0;0.036057749472660695;0.01567842217100666;0.018010291595197254
2239.5;0.036057749472660695;0.01567842217100666;0.016937514305333027
2241.0;0.036057749472660695;0.018244004306380245;0.015033359741139864
2242.5;0.036057749472660695;0.018244004306380245;0.03303332717441392
2244.0;0.036057749472660695;0.018244004306380245;0.016648083640921553
2245.5;0.036057749472660695;0.01738538657899296;0.016638225255972697
2247.0;0.036057749472660695;0.01738538657899296;0.017094017094017096
2248.5;0.036057749472660695;0.01738538657899296;0.017623877982923447
2250.0;0.036057749472660695;0.015677152879889675;0.015769487034319674
2251.5;0.036057749472660695;0.018242716875351634;0.017094017094017096
2253.0;0.036057749472660695;0.018242716875351634;0.018470790378006873
2254.5;0.036057749472660695;0.027531083481349913;0.018470790378006873
2256.0;0.036057749472660695;0.016863406408094434;0.01865038996269922
2257.5;0.036057749472660695;0.016863406408094434;0.015871286409530037
2259.0;0.036057749472660695;0.017623877982923447;0.01842179442537598
2260.5;0.036057749472660695;0.014945495799148322;0.014910112661872163
2262.0;0.036057749472660695;0.014945495799148322;0.024114774114774116
2263.5;0.036057749472660695;0.014945495799148322;0.038817005545286505
2265.0;0.036057749472660695;0.014945495799148322;0.017754480892796753
2266.5;0.036057749472660695;0.014945495799148322;0.016676298192025096
2268.0;0.036057749472660695;0.014945495799148322;0.02703900709219858
2269.5;0.030580256856103546;0.014945495799148322;0.02703900709219858
2271.0;0.030571457763964624;0.035437678433415665;0.015001087035292413
2272.5;0.030571457763964624;0.03441791502515164;0.03091538715963386
2274.0;0.034198517516216546;0.03807194397841974;0.016582472972657695
2275.5;0.034198517516216546;0.03708596418846531;0.03251852018092068
2277.0;0.03511101870911264;0.03609592313694582;0.0175513698630137
2278.5;0.03511101870911264;0.02802491103202847;0.017754480892796753
2280.0;0.03511101870911264;0.017623877982923447;0.01842179442537598
2281.5;0.03511101870911264;0.015809071886378992;0.0170487948265726
2283.0;0.03511101870911264;0.01488644788002137;0.018010291595197254
2284.5;0.03511101870911264;0.027531083481349913;0.017754480892796753
2286.0;0.03511101870911264;0.03061868686868687;0.01597712748065927
2287.5;0.03511101870911264;0.01865038996269922;0.016638225255972697
2289.0;0.03511101870911264;0.01865038996269922;0.015871286409530037
2290.5;0.03511101870911264;0.01865038996269922;0.018010291595197254
2292.0;0.03511101870911264;0.0175513698630137;0.025573192239858905
2293.5;0.03511101870911264;0.01842179442537598;0.017754480892796753
2295.0;0.03511101870911264;0.03564899451553931;0.015871286409530037
2296.5;0.03511101870911264;0.015095605501509561;0.015871286409530037
2298.0;0.03511101870911264;0.015095605501509561;0.015769487034319674
2299.5;0.03511101870911264;0.017623877982923447;0.015769487034319674
2301.0;0.03511101870911264;0.01660281557997176;0.01660281557997176
2302.5;0.03511101870911264;0.015724726735506497;0.01660281557997176
2304.0;0.03511101870911264;0.024122807017543862;0.015724726735506497
2305.5;0.03511101870911264;0.03320921042632419;0.0189328743545611
2307.0;0.03511101870911264;0.017547197908565945;0.0189328743545611
2308.5;0.03328202539872326;0.03357729479429107;0.01597712748065927
2310.0;0.03328202539872326;0.03357729479429107;0.015731292517006803
2311.5;0.03419134035011678;0.036275860696139695;0.016863406408094434
2313.0;0.03419134035011678;0.036275860696139695;0.016745540589734254
2314.5;0.03146468426106245;0.015711796950363736;0.016745540589734254
2316.0;0.032369638612909854;0.015711796950363736;0.016745540589734254
2317.5;0.0360217432352042;0.038017461422104666;0.015095605501509561
2319.0;0.0360217432352042;0.038017461422104666;0.015095605501509561
2320.5;0.0360217432352042;0.038017461422104666;0.015809071886378992
2322.0;0.0360217432352042;0.016550266845809666;0.027531083481349913
2323.5;0.03146308276258694;0.016550266845809666;0.039888682745825604
2325.0;0.029516994633273706;0.015687178238012765;0.01865038996269922
2326.5;0.029516994633273706;0.015684481542853023;0.016676298192025096
2328.0;0.029516994633273706;0.015684481542853023;0.01597712748065927
2329.5;0.03466050479914682;0.015684481542853023;0.016863406408094434
2331.0;0.03320921042632419;0.015684481542853023;0.017623877982923447
2332.5;0.03746174588351344;0.014832305600435561;0.015769487034319674
2334.0;0.03746174588351344;0.014832305600435561;0.017427438387099873
2335.5;0.01830736743700201;0.014832305600435561;0.017754480892796753
2337.0;0.01830736743700201;0.039888682745825604;0.017754480892796753
2338.5;0.01830736743700201;0.03466050479914682;0.015871286409530037
2340.0;0.018289844042285466;0.03466050479914682;0.035572080214829514
2341.5;0.018289844042285466;0.03706545928938685;0.033676001417936904
2343.0;0.018289844042285466;0.016863406408094434;0.016745540589734254
2344.5;0.018289844042285466;0.01850632726208763;0.02802491103202847
2346.0;0.018289844042285466;0.03320921042632419;0.015095605501509561
2347.5;0.018289844042285466;0.03864818325709216;0.0189328743545611
2349.0;0.018289844042285466;0.015095605501509561;0.016676298192025096
2350.5;0.018289844042285466;0.017623877982923447;0.0220703125
2352.0;0.016557768507871926;0.017623877982923447;0.02833675564681725
2353.5;0.016557768507871926;0.01842179442537598;0.03474178403755869
2355.0;0.016557768507871926;0.03091538715963386;0.026060070671378093
2356.5;0.016557768507871926;0.03091538715963386;0.02623456790123457
2358.0;0.016557768507871926;0.03091538715963386;0.03564899451553931
2359.5;0.016557768507871926;0.03091538715963386;0.02460456942003515
2361.0;0.016557768507871926;0.03091538715963386;0.01850632726208763
2362.5;0.016557768507871926;0.03091538715963386;0.015095605501509561
2364.0;0.016557768507871926;0.03091538715963386;0.026548672566371685
2365.5;0.016557768507871926;0.015724726735506497;0.015095605501509561
2367.0;0.016557768507871926;0.015724726735506497;0.014945495799148322
2368.5;0.016557768507871926;0.015724726735506497;0.01660281557997176
2370.0;0.016557768507871926;0.015724726735506497;0.01830736743700201
2371.5;0.016557768507871926;0.017427438387099873;0.025088028169014082
2373.0;0.01740771421307761;0.03065901496568101;0.01597712748065927
2374.5;0.015687178238012765;0.014844188506303903;0.01663225731761437
2376.0;0.015687178238012765;0.01654477169890474;0.015724726735506497
2377.5;0.015687178238012765;0.01654477169890474;0.0175513698630137
2379.0;0.015687178238012765;0.01654477169890474;0.02802491103202847
2380.5;0.015682478532320222;0.01654477169890474;0.015001087035292413
2382.0;0.015682478532320222;0.030600620463832856;0.01842179442537598
2383.5;0.014830971492820427;0.030600620463832856;0.03825578292372061
2385.0;0.014830971492820427;0.030600620463832856;0.030743823668949708
2386.5;0.014830971492820427;0.0351424443992876;0.03797793703236822
2388.0;0.01567987457984609;0.0351424443992876;0.037927713726492604
2389.5;0.01567987457984609;0.0351424443992876;0.03698555681259341
2391.0;0.018470790378006873;0.0351424443992876;0.018010291595197254
2392.5;0.018470790378006873;0.0351424443992876;0.018010291595197254
2394.0;0.018470790378006873;0.0351424443992876;0.018010291595197254
2395.5;0.015095605501509561;0.025088028169014082;0.038655160014383315
2397.0;0.015095605501509561;0.025088028169014082;0.038655160014383315
2398.5;0.016676298192025096;0.025088028169014082;0.016676298192025096
2400.0;0.01836806645203033;0.025088028169014082;0.02460456942003515
2401.5;0.01836806645203033;0.017754480892796753;0.02460456942003515
2403.0;0.018332165356039182;0.017754480892796753;0.015095605501509561
2404.5;0.015724726735506497;0.017754480892796753;0.015095605501509561
2406.0;0.015724726735506497;0.017754480892796753;0.014945495799148322
2407.5;0.015724726735506497;0.017754480892796753;0.03265254436585322
2409.0;0.015724726735506497;0.017754480892796753;0.037753222836095765
2410.5;0.015724726735506497;0.017754480892796753;0.017623877982923447
2412.0;0.015724726735506497;0.017754480892796753;0.0161839863713799
2413.5;0.015724726735506497;0.03864818325709216;0.015095605501509561
2415.0;0.015724726735506497;0.034633078205669056;0.015095605501509561
2416.5;0.015724726735506497;0.030813820600779404;0.016676298192025096
2418.0;0.015724726735506497;0.03534512971343672;0.018332165356039182
2419.5;0.015724726735506497;0.03534512971343672;0.018332165356039182
2421.0;0.015724726735506497;0.03534512971343672;0.015724726735506497
2422.5;0.015724726735506497;0.03534512971343672;0.015724726735506497
2424.0;0.015724726735506497;0.03534512971343672;0.01570251018973342
2425.5;0.015724726735506497;0.03534512971343672;0.0182681206624895
2427.0;0.015724726735506497;0.01485852872552252;0.017397154861764727
2428.5;0.015724726735506497;0.01485852872552252;0.014834097312229661
2430.0;0.015724726735506497;0.01485852872552252;0.03239318172081418
2431.5;0.015724726735506497;0.01485852872552252;0.02703900709219858
2433.0;0.015724726735506497;0.01741601350785099;0.02703900709219858
2434.5;0.015724726735506497;0.01741601350785099;0.017754480892796753
2436.0;0.015724726735506497;0.01741601350785099;0.035127911416571206
2437.5;0.015724726735506497;0.03427946190269746;0.03966822935448972
2439.0;0.015724726735506497;0.03427946190269746;0.03966822935448972
2440.5;0.015724726735506497;0.03427946190269746;0.03966822935448972
2442.0;0.015724726735506497;0.03427946190269746;0.015001087035292413
2443.5;0.015724726735506497;0.03427946190269746;0.015001087035292413
2445.0;0.015724726735506497;0.03427946190269746;0.016863406408094434
2446.5;0.015724726735506497;0.037020826875429826;0.016863406408094434
2448.0;0.015724726735506497;0.037020826875429826;0.016745540589734254
2449.5;0.015724726735506497;0.037020826875429826;0.014945495799148322
2451.0;0.015724726735506497;0.037020826875429826;0.014945495799148322
2452.5;0.015724726735506497;0.037020826875429826;0.01660281557997176
2454.0;0.016568094782873223;0.037020826875429826;0.017427438387099873
2455.5;0.016568094782873223;0.037020826875429826;0.015731292517006803
2457.0;0.014844188506303903;0.037020826875429826;0.015731292517006803
2458.5;0.014844188506303903;0.037020826875429826;0.016638225255972697
2460.0;0.015690820879123473;0.037020826875429826;0.016638225255972697
2461.5;0.017397154861764727;0.037020826875429826;0.016638225255972697
2463.0;0.015684481542853023;0.037020826875429826;0.017754480892796753
2464.5;0.015684481542853023;0.037020826875429826;0.017754480892796753
2466.0;0.015280135823429542;0.037020826875429826;0.02352661596958175
2467.5;0.01865038996269922;0.0379119539632164;0.016025963289428118
2469.0;0.01865038996269922;0.038655160014383315;0.0368160111898508
2470.5;0.01865038996269922;0.038655160014383315;0.026060070671378093
2472.0;0.015871286409530037;0.01850632726208763;0.015731292517006803
2473.5;0.017547197908565945;0.01850632726208763;0.017623877982923447
2475.0;0.017547197908565945;0.01850632726208763;0.017623877982923447
2476.5;0.017547197908565945;0.01850632726208763;0.0161839863713799
2478.0;0.017547197908565945;0.01850632726208763;0.0367279087083759
2479.5;0.017547197908565945;0.03106789479980177;0.025573192239858905
2481.0;0.017547197908565945;0.014910112661872163;0.016745540589734254
2482.5;0.017547197908565945;0.014910112661872163;0.016745540589734254
2484.0;0.017547197908565945;0.01488644788002137;0.016745540589734254
2485.5;0.017498443680569787;0.01488644788002137;0.016676298192025096
2487.0;0.017498443680569787;0.01488644788002137;0.03276661638370833
2488.5;0.017498443680569787;0.01830736743700201;0.03276661638370833
2490.0;0.017498443680569787;0.01830736743700201;0.033494196742055664
2491.5;0.017498443680569787;0.01485852872552252;0.026548672566371685
2493.0;0.01830736743700201;0.02703900709219858;0.03250478011472275
2494.5;0.01485852872552252;0.02703900709219858;0.018010291595197254
2496.0;0.01485852872552252;0.017754480892796753;0.018010291595197254
2497.5;0.01485852872552252;0.015809071886378992;0.015095605501509561
2499.0;0.01485852872552252;0.014910112661872163;0.01842179442537598
2500.5;0.01485852872552252;0.018332165356039182;0.015743018124095107
2502.0;0.01485852872552252;0.0161839863713799;0.022727272727272728
2503.5;0.014850222990092551;0.0161839863713799;0.024464831804281346
2505.0;0.014850222990092551;0.0161839863713799;0.026060070671378093
2506.5;0.014850222990092551;0.0161839863713799;0.016863406408094434
2508.0;0.014850222990092551;0.0161839863713799;0.0175513698630137
2509.5;0.014850222990092551;0.0161839863713799;0.029516994633273706
2511.0;0.014850222990092551;0.0161839863713799;0.032697066101095795
2512.5;0.014850222990092551;0.0161839863713799;0.016745540589734254
2514.0;0.014850222990092551;0.0161839863713799;0.014910112661872163
2515.5;0.014850222990092551;0.0161839863713799;0.018332165356039182
2517.0;0.014850222990092551;0.0161839863713799;0.018332165356039182
2518.5;0.014850222990092551;0.0161839863713799;0.032573955124637066
2520.0;0.014850222990092551;0.0161839863713799;0.016863406408094434
2521.5;0.014850222990092551;0.0161839863713799;0.017754480892796753
2523.0;0.014850222990092551;0.0161839863713799;0.017754480892796753
2524.5;0.014850222990092551;0.016863406408094434;0.03482458408757866
2526.0;0.014850222990092551;0.01850632726208763;0.01488644788002137
2527.5;0.014850222990092551;0.01850632726208763;0.018289844042285466
2529.0;0.014850222990092551;0.016638225255972697;0.0182681206624895
2530.5;0.014850222990092551;0.016863406408094434;0.03334073832066439
2532.0;0.014850222990092551;0.016863406408094434;0.03334073832066439
2533.5;0.014850222990092551;0.016863406408094434;0.03515598531696909
2535.0;0.014850222990092551;0.01850632726208763;0.03722426470588235
2536.5;0.014850222990092551;0.01663225731761437;0.017623877982923447
2538.0;0.014850222990092551;0.018332165356039182;0.033676001417936904
2539.5;0.014850222990092551;0.018332165356039182;0.018010291595197254
2541.0;0.014850222990092551;0.018332165356039182;0.0161839863713799
2542.5;0.014850222990092551;0.01570251018973342;0.017623877982923447
2544.0;0.014850222990092551;0.0182681206624895;0.017094017094017096
2545.5;0.014850222990092551;0.0182681206624895;0.015095605501509561
2547.0;0.014850222990092551;0.0182681206624895;0.015095605501509561
2548.5;0.014850222990092551;0.01654477169890474;0.03482458408757866
2550.0;0.014850222990092551;0.014836509492270044;0.03764790247400502
2551.5;0.014850222990092551;0.014836509492270044;0.035127911416571206
2553.0;0.014850222990092551;0.017393838281482624;0.03564899451553931
2554.5;0.014850222990092551;0.01739137492247878;0.03442728442728442
2556.0;0.014850222990092551;0.01739137492247878;0.015280135823429542
2557.5;0.014850222990092551;0.01739137492247878;0.03764790247400502
2559.0;0.014850222990092551;0.016533838797490336;0.03764790247400502
2560.5;0.014850222990092551;0.018246600758721136;0.03764790247400502
2562.0;0.014850222990092551;0.01824547540373295;0.03293798595973293
2563.5;0.014850222990092551;0.01824547540373295;0.025573192239858905
2565.0;0.014850222990092551;0.01824547540373295;0.014945495799148322
2566.5;0.014850222990092551;0.01824547540373295;0.036646406864497674
2568.0;0.014850222990092551;0.01824547540373295;0.015871286409530037
2569.5;0.014850222990092551;0.01824547540373295;0.03768591312195207
2571.0;0.014850222990092551;0.0189328743545611;0.03265254436585322
2572.5;0.014850222990092551;0.0189328743545611;0.03265254436585322
2574.0;0.016550266845809666;0.0189328743545611;0.036275860696139695
2575.5;0.016540721828503288;0.0189328743545611;0.032478764464558434
2577.0;0.017094017094017096;0.0189328743545611;0.032478764464558434
2578.5;0.017754480892796753;0.016863406408094434;0.032478764464558434
2580.0;0.015871286409530037;0.016863406408094434;0.032478764464558434
2581.5;0.015871286409530037;0.016863406408094434;0.032478764464558434
2583.0;0.015809071886378992;0.016863406408094434;0.015690820879123473
2584.5;0.015809071886378992;0.016863406408094434;0.038385826771653545
2586.0;0.015809071886378992;0.016863406408094434;0.038385826771653545
2587.5;0.015809071886378992;0.016863406408094434;0.0189328743545611
2589.0;0.03746174588351344;0.016863406408094434;0.0189328743545611
2590.5;0.03746174588351344;0.016863406408094434;0.03460837887067396
2592.0;0.017465858520325457;0.016863406408094434;0.025088028169014082
2593.5;0.017465858520325457;0.016863406408094434;0.035650623885918005
2595.0;0.017465858520325457;0.015871286409530037;0.016745540589734254
2596.5;0.017465858520325457;0.015871286409530037;0.016745540589734254
2598.0;0.017465858520325457;0.015871286409530037;0.016745540589734254
2599.5;0.033494196742055664;0.015871286409530037;0.016745540589734254
2601.0;0.037137807788150325;0.015871286409530037;0.016676298192025096
2602.5;0.037137807788150325;0.015871286409530037;0.016676298192025096
2604.0;0.037137807788150325;0.015871286409530037;0.016676298192025096
2605.5;0.03431165971848048;0.015871286409530037;0.016676298192025096
2607.0;0.03794901389545961;0.015871286409530037;0.016676298192025096
2608.5;0.03150535334704598;0.01842179442537598;0.016676298192025096
2610.0;0.03150535334704598;0.015769487034319674;0.01836806645203033
2611.5;0.03150535334704598;0.015769487034319674;0.01836806645203033
2613.0;0.03150535334704598;0.015769487034319674;0.030813820600779404
2614.5;0.03150535334704598;0.015769487034319674;0.032573955124637066
2616.0;0.03150535334704598;0.015769487034319674;0.03620712313994087
2617.5;0.03150535334704598;0.015769487034319674;0.03620712313994087
2619.0;0.014832305600435561;0.015769487034319674;0.03620712313994087
2620.5;0.014832305600435561;0.015769487034319674;0.036157843689975176
2622.0;0.0323868191225715;0.015769487034319674;0.030633304926385805
2623.5;0.0323868191225715;0.015769487034319674;0.030633304926385805
2625.0;0.014829976303317897;0.015769487034319674;0.030633304926385805
2626.5;0.014829976303317897;0.015769487034319674;0.037020826875429826
2628.0;0.01824547540373295;0.015769487034319674;0.037020826875429826
2629.5;0.01567842217100666;0.015769487034319674;0.03700055563850478
2631.0;0.01567842217100666;0.01488644788002137;0.03700055563850478
2632.5;0.01567842217100666;0.014870091759449306;0.03700055563850478
2634.0;0.015677957190639216;0.014870091759449306;0.03700055563850478
2635.5;0.015677957190639216;0.016568094782873223;0.015684481542853023
2637.0;0.014827949697411927;0.014850222990092551;0.015684481542853023
2638.5;0.014827949697411927;0.016550266845809666;0.030582742510880303
2640.0;0.014827949697411927;0.015690820879123473;0.030582742510880303
2641.5;0.018243179757112683;0.015687178238012765;0.030582742510880303
2643.0;0.018243179757112683;0.015687178238012765;0.030582742510880303
2644.5;0.01738482561800834;0.015687178238012765;0.030582742510880303
2646.0;0.01738482561800834;0.015687178238012765;0.030582742510880303
2647.5;0.01738482561800834;0.017393838281482624;0.030582742510880303
2649.0;0.01738482561800834;0.017754480892796753;0.0323868191225715
2650.5;0.031464352489631885;0.017547197908565945;0.0323868191225715
2652.0;0.036021885773510065;0.014910112661872163;0.03420376599409057
2653.5;0.036021885773510065;0.014910112661872163;0.015679043553987165
2655.0;0.03327728415454418;0.014910112661872163;0.015679043553987165
2656.5;0.017384276578092637;0.01830736743700201;0.01567842217100666
2658.0;0.01824226361621402;0.01830736743700201;0.01567842217100666
2659.5;0.03602099518427701;0.01865038996269922;0.01567842217100666
2661.0;0.03602099518427701;0.017623877982923447;0.03564899451553931
2662.5;0.016528990680620817;0.014910112661872163;0.017754480892796753
2664.0;0.016528990680620817;0.014910112661872163;0.038041387799061466
2665.5;0.016528990680620817;0.014910112661872163;0.025573192239858905
2667.0;0.016528990680620817;0.01488644788002137;0.016863406408094434
2668.5;0.016528990680620817;0.01488644788002137;0.017623877982923447
2670.0;0.016528990680620817;0.01488644788002137;0.017547197908565945
2671.5;0.016528990680620817;0.01488644788002137;0.017547197908565945
2673.0;0.03602081491969783;0.01488644788002137;0.017547197908565945
2674.5;0.03602081491969783;0.01488644788002137;0.017465858520325457
2676.0;0.03602081491969783;0.01488644788002137;0.03620712313994087
2677.5;0.03602081491969783;0.01488644788002137;0.03620712313994087
2679.0;0.03602081491969783;0.01488644788002137;0.01570251018973342
2680.5;0.03602081491969783;0.01488644788002137;0.01570251018973342
2682.0;0.03602075698321258;0.01488644788002137;0.01570251018973342
2683.5;0.03602075698321258;0.01488644788002137;0.0182681206624895
2685.0;0.030560365467413707;0.01488644788002137;0.0182681206624895
2686.5;0.03602068094578403;0.01488644788002137;0.0182681206624895
2688.0;0.03602068094578403;0.01488644788002137;0.015687178238012765
2689.5;0.026548672566371685;0.01488644788002137;0.017393838281482624
2691.0;0.01865038996269922;0.01488644788002137;0.015682478532320222
2692.5;0.032256841786066255;0.01488644788002137;0.015682478532320222
2694.0;0.032256841786066255;0.01488644788002137;0.03789154355808637
2695.5;0.032256841786066255;0.01488644788002137;0.017388172610590263
2697.0;0.032256841786066255;0.01488644788002137;0.015679043553987165
2698.5;0.032256841786066255;0.01488644788002137;0.015679043553987165
2700.0;0.032256841786066255;0.01488644788002137;0.03147005586227883
2701.5;0.032256841786066255;0.01488644788002137;0.015677957190639216
2703.0;0.032256841786066255;0.01488644788002137;0.014827949697411927
2704.5;0.032256841786066255;0.01488644788002137;0.014827949697411927
2706.0;0.032256841786066255;0.017443347491498312;0.014827949697411927
2707.5;0.032256841786066255;0.017443347491498312;0.014827541633468562
2709.0;0.032256841786066255;0.017443347491498312;0.03146357881522546
2710.5;0.032256841786066255;0.017443347491498312;0.03146357881522546
2712.0;0.032256841786066255;0.017443347491498312;0.03510366738539205
2713.5;0.032256841786066255;0.017443347491498312;0.018242310595448556
2715.0;0.032256841786066255;0.017443347491498312;0.014827087928111741
2716.5;0.032256841786066255;0.017443347491498312;0.018242201966396813
2718.0;0.017547197908565945;0.017443347491498312;0.01597712748065927
2719.5;0.017547197908565945;0.017443347491498312;0.016745540589734254
2721.0;0.017547197908565945;0.017443347491498312;0.014945495799148322
2722.5;0.017547197908565945;0.017427438387099873;0.014945495799148322
2724.0;0.015769487034319674;0.018277260861902424;0.014945495799148322
2725.5;0.015769487034319674;0.018277260861902424;0.015769487034319674
2727.0;0.015769487034319674;0.016540721828503288;0.015769487034319674
2728.5;0.015769487034319674;0.016540721828503288;0.015769487034319674
2730.0;0.015724726735506497;0.016540721828503288;0.015769487034319674
2731.5;0.016568094782873223;0.01825283975007182;0.015769487034319674
2733.0;0.016568094782873223;0.01653549687010534;0.01660281557997176
2734.5;0.016550266845809666;0.015731292517006803;0.014870091759449306
2736.0;0.016550266845809666;0.015731292517006803;0.015711796950363736
2737.5;0.016550266845809666;0.017754480892796753;0.01570251018973342
2739.0;0.017401635028469288;0.017754480892796753;0.015695763321720377
2740.5;0.014836509492270044;0.037753222836095765;0.018470790378006873
2742.0;0.01672535211267606;0.017094017094017096;0.017754480892796753
2743.5;0.018470790378006873;0.017094017094017096;0.017623877982923447
2745.0;0.018470790378006873;0.017094017094017096;0.017623877982923447
2746.5;0.015095605501509561;0.0161839863713799;0.014945495799148322
2748.0;0.015095605501509561;0.03466050479914682;0.01836806645203033
2749.5;0.01850632726208763;0.032256841786066255;0.01836806645203033
2751.0;0.01850632726208763;0.014945495799148322;0.017465858520325457
2752.5;0.01850632726208763;0.0161839863713799;0.016582472972657695
2754.0;0.01850632726208763;0.017754480892796753;0.016568094782873223
2755.5;0.015769487034319674;0.017754480892796753;0.01740771421307761
2757.0;0.015769487034319674;0.03106789479980177;0.01740771421307761
2758.5;0.015769487034319674;0.03106789479980177;0.01826142579350741
2760.0;0.015769487034319674;0.030813820600779404;0.01826142579350741
2761.5;0.015769487034319674;0.03165717058169511;0.01826142579350741
2763.0;0.015769487034319674;0.025573192239858905;0.018010291595197254
2764.5;0.03637335441877961;0.03966822935448972;0.01850632726208763
2766.0;0.030743823668949708;0.03130908265900325;0.01850632726208763
2767.5;0.030743823668949708;0.03746174588351344;0.016638225255972697
2769.0;0.030743823668949708;0.03746174588351344;0.016638225255972697
2770.5;0.030743823668949708;0.03265254436585322;0.016638225255972697
2772.0;0.030743823668949708;0.03265254436585322;0.016638225255972697
2773.5;0.030743823668949708;0.017443347491498312;0.017094017094017096
2775.0;0.030743823668949708;0.033435588205396154;0.01865038996269922
2776.5;0.030743823668949708;0.03339355998530387;0.01865038996269922
2778.0;0.037137807788150325;0.03339355998530387;0.01865038996269922
2779.5;0.037137807788150325;0.03339355998530387;0.01850632726208763
2781.0;0.037137807788150325;0.03339355998530387;0.01850632726208763
2782.5;0.036157843689975176;0.014844188506303903;0.01850632726208763
2784.0;0.036157843689975176;0.015690820879123473;0.01850632726208763
2785.5;0.036157843689975176;0.015684481542853023;0.01850632726208763
2787.0;0.033363061427410384;0.037900253133938556;0.01850632726208763
2788.5;0.033363061427410384;0.014830971492820427;0.01850632726208763
2790.0;0.033363061427410384;0.014830971492820427;0.01850632726208763
2791.5;0.01826142579350741;0.014830971492820427;0.0175513698630137
2793.0;0.01826142579350741;0.014830971492820427;0.016863406408094434
2794.5;0.01826142579350741;0.016638225255972697;0.014910112661872163
2796.0;0.01826142579350741;0.016638225255972697;0.014910112661872163
2797.5;0.01826142579350741;0.016638225255972697;0.014910112661872163
2799.0;0.016540721828503288;0.016638225255972697;0.014910112661872163
2800.5;0.016540721828503288;0.016638225255972697;0.014910112661872163
2802.0;0.016540721828503288;0.01597712748065927;0.014910112661872163
2803.5;0.016540721828503288;0.01597712748065927;0.017465858520325457
2805.0;0.016540721828503288;0.017623877982923447;0.017465858520325457
2806.5;0.03240172884776326;0.018470790378006873;0.017465858520325457
2808.0;0.03240172884776326;0.032697066101095795;0.018010291595197254
2809.5;0.03240172884776326;0.032697066101095795;0.018010291595197254
2811.0;0.03240172884776326;0.032697066101095795;0.018010291595197254
2812.5;0.03240172884776326;0.01842179442537598;0.015095605501509561
2814.0;0.03240172884776326;0.01836806645203033;0.015095605501509561
2815.5;0.03240172884776326;0.01836806645203033;0.015095605501509561
2817.0;0.03240172884776326;0.01830736743700201;0.017623877982923447
2818.5;0.03240172884776326;0.018289844042285466;0.015809071886378992
2820.0;0.03240172884776326;0.018289844042285466;0.01836806645203033
2821.5;0.03239318172081418;0.015695763321720377;0.015743018124095107
2823.0;0.03239318172081418;0.015695763321720377;0.015743018124095107
2824.5;0.03239318172081418;0.015687178238012765;0.015743018124095107
2826.0;0.03239318172081418;0.036062392589235694;0.01830736743700201
2827.5;0.03239318172081418;0.014832305600435561;0.01485852872552252
2829.0;0.03239318172081418;0.031480391538412276;0.016557768507871926
2830.5;0.03239318172081418;0.031480391538412276;0.016557768507871926
2832.0;0.03420906032156432;0.031480391538412276;0.01826142579350741
2833.5;0.03420906032156432;0.024122807017543862;0.017397154861764727
2835.0;0.03420906032156432;0.037753222836095765;0.017397154861764727
2836.5;0.03420906032156432;0.037753222836095765;0.01865038996269922
2838.0;0.03420906032156432;0.035127911416571206;0.01865038996269922
2839.5;0.03420906032156432;0.016638225255972697;0.017623877982923447
2841.0;0.03420906032156432;0.03764790247400502;0.017498443680569787
2842.5;0.03420906032156432;0.03764790247400502;0.017498443680569787
2844.0;0.031475908069914404;0.03764790247400502;0.018332165356039182
2845.5;0.031475908069914404;0.03320921042632419;0.014870091759449306
2847.0;0.037880197145298;0.03320921042632419;0.01485852872552252
2848.5;0.037880197145298;0.03864818325709216;0.01485852872552252
2850.0;0.037880197145298;0.03864818325709216;0.018277260861902424
2851.5;0.037880197145298;0.03864818325709216;0.018277260861902424
2853.0;0.037880197145298;0.03864818325709216;0.018277260861902424
2854.5;0.037880197145298;0.03864818325709216;0.016550266845809666
2856.0;0.03511203953243091;0.03864818325709216;0.017754480892796753
2857.5;0.03511203953243091;0.03864818325709216;0.015871286409530037
2859.0;0.03787385672822676;0.03864818325709216;0.017373380447585393
2860.5;0.03787385672822676;0.03864818325709216;0.017094017094017096
2862.0;0.03787385672822676;0.017498443680569787;0.01865038996269922
2863.5;0.03787385672822676;0.018332165356039182;0.018470790378006873
2865.0;0.03787385672822676;0.018332165356039182;0.015871286409530037
2866.5;0.03787385672822676;0.018332165356039182;0.015871286409530037
2868.0;0.03787385672822676;0.018332165356039182;0.015731292517006803
2869.5;0.03787385672822676;0.018332165356039182;0.015731292517006803
2871.0;0.03787385672822676;0.018332165356039182;0.015731292517006803
2872.5;0.03787385672822676;0.018332165356039182;0.015731292517006803
2874.0;0.03787385672822676;0.018332165356039182;0.016863406408094434
2875.5;0.03787385672822676;0.017443347491498312;0.016863406408094434
2877.0;0.03787385672822676;0.017443347491498312;0.015871286409530037
2878.5;0.03787385672822676;0.017443347491498312;0.015871286409530037
2880.0;0.03787385672822676;0.01741601350785099;0.015871286409530037
2881.5;0.03787385672822676;0.0182681206624895;0.015871286409530037
2883.0;0.03787385672822676;0.0182681206624895;0.015871286409530037
2884.5;0.03787385672822676;0.0182681206624895;0.015809071886378992
2886.0;0.03787385672822676;0.01826142579350741;0.015809071886378992
2887.5;0.03787385672822676;0.01826142579350741;0.014910112661872163
2889.0;0.03787385672822676;0.01826142579350741;0.014910112661872163
2890.5;0.03787385672822676;0.015687178238012765;0.014910112661872163
2892.0;0.03787385672822676;0.015687178238012765;0.014910112661872163
2893.5;0.03787385672822676;0.015687178238012765;0.014910112661872163
2895.0;0.03787385672822676;0.015687178238012765;0.018332165356039182
2896.5;0.03787385672822676;0.014834097312229661;0.018332165356039182
2898.0;0.03787385672822676;0.014834097312229661;0.018332165356039182
2899.5;0.03787385672822676;0.015682478532320222;0.018332165356039182
2901.0;0.03787385672822676;0.017754480892796753;0.018332165356039182
2902.5;0.03787385672822676;0.016676298192025096;0.018332165356039182
2904.0;0.03787385672822676;0.01663225731761437;0.015724726735506497
2905.5;0.03787385672822676;0.018332165356039182;0.015724726735506497
2907.0;0.03787385672822676;0.014870091759449306;0.018277260861902424
2908.5;0.03787385672822676;0.018277260861902424;0.018277260861902424
2910.0;0.03787385672822676;0.0182681206624895;0.018277260861902424
2911.5;0.03787385672822676;0.014839767744728968;0.018277260861902424
2913.0;0.03787385672822676;0.017397154861764727;0.017401635028469288
2914.5;0.03787385672822676;0.017397154861764727;0.017401635028469288
2916.0;0.03787385672822676;0.017397154861764727;0.014836509492270044
2917.5;0.03787385672822676;0.017397154861764727;0.014836509492270044
2919.0;0.03787385672822676;0.017397154861764727;0.030590360834056505
2920.5;0.03787385672822676;0.01825283975007182;0.030590360834056505
2922.0;0.03787385672822676;0.01825283975007182;0.035132390418972995
2923.5;0.03787385672822676;0.01825283975007182;0.03512490638976303
2925.0;0.03787385672822676;0.014832305600435561;0.015679043553987165
2926.5;0.03787385672822676;0.014832305600435561;0.037876570372820405
2928.0;0.03787385672822676;0.0323868191225715;0.037876570372820405
2929.5;0.03787385672822676;0.018246600758721136;0.037876570372820405
2931.0;0.03787385672822676;0.018246600758721136;0.01653008333788549
2932.5;0.03787385672822676;0.018246600758721136;0.017385065898158785
2934.0;0.03787385672822676;0.018246600758721136;0.015677152879889675
2935.5;0.03787385672822676;0.03147255947419321;0.014827410635276744
2937.0;0.03787385672822676;0.03147255947419321;0.014827410635276744
2938.5;0.03787385672822676;0.03147255947419321;0.014827410635276744
2940.0;0.03787385672822676;0.03147255947419321;0.014827410635276744
2941.5;0.03787385672822676;0.03147255947419321;0.014827410635276744
2943.0;0.03787385672822676;0.03147255947419321;0.014827410635276744
2944.5;0.03787385672822676;0.03147255947419321;0.014827312439301472
2946.0;0.03787385672822676;0.03147255947419321;0.03236902454325596
2947.5;0.03787385672822676;0.03147255947419321;0.03236902454325596
2949.0;0.03787385672822676;0.018010291595197254;0.03236902454325596
2950.5;0.03787385672822676;0.018010291595197254;0.03146333027051737
2952.0;0.03787385672822676;0.018010291595197254;0.037866558210898814
2953.5;0.03787385672822676;0.018010291595197254;0.03786609015774021
2955.0;0.03787385672822676;0.018010291595197254;0.03786609015774021
2956.5;0.03787385672822676;0.01597712748065927;0.017384159934034568
2958.0;0.03787385672822676;0.01597712748065927;0.036941683574264576
2959.5;0.03787385672822676;0.03130908265900325;0.014827027438594292
2961.0;0.03787385672822676;0.03130908265900325;0.015731292517006803
2962.5;0.03787385672822676;0.03130908265900325;0.03416622228993677
2964.0;0.03787385672822676;0.015809071886378992;0.03416622228993677
2965.5;0.03787385672822676;0.015809071886378992;0.03416622228993677
2967.0;0.03787385672822676;0.015809071886378992;0.0367279087083759
2968.5;0.03787385672822676;0.015809071886378992;0.03091538715963386
2970.0;0.03787385672822676;0.015809071886378992;0.03091538715963386
2971.5;0.03787385672822676;0.0285204991087344;0.03091538715963386
2973.0;0.03787385672822676;0.017754480892796753;0.03326935380678182
2974.5;0.03787385672822676;0.017754480892796753;0.03326935380678182
2976.0;0.03787385672822676;0.017754480892796753;0.015280135823429542
2977.5;0.03602608177493532;0.017754480892796753;0.017623877982923447
2979.0;0.03602608177493532;0.017754480892796753;0.014945495799148322
2980.5;0.031465729498118225;0.017754480892796753;0.02587800369685767
2982.0;0.031465729498118225;0.037753222836095765;0.03722426470588235
2983.5;0.031465729498118225;0.037753222836095765;0.0175513698630137
2985.0;0.03510567414170811;0.037753222836095765;0.017754480892796753
2986.5;0.03510567414170811;0.037753222836095765;0.03966822935448972
2988.0;0.01652941341487852;0.033676001417936904;0.03320921042632419
2989.5;0.01652941341487852;0.033676001417936904;0.035650623885918005
2991.0;0.01652941341487852;0.033676001417936904;0.015001087035292413
2992.5;0.01738451054966002;0.033676001417936904;0.033697931493502586
2994.0;0.01738451054966002;0.033676001417936904;0.033697931493502586
2995.5;0.01652919989388306;0.033676001417936904;0.017094017094017096
2997.0;0.01567675266971058;0.033676001417936904;0.01597712748065927
2998.5;0.018242310595448556;0.033676001417936904;0.023642732049036778
3000.0;0.018242310595448556;0.03320921042632419;0.023642732049036778
3001.5;0.01824226361621402;0.03320921042632419;0.031723651744800845
3003.0;0.01824226361621402;0.03482458408757866;0.017623877982923447
3004.5;0.0189328743545611;0.03482458408757866;0.017623877982923447
3006.0;0.0189328743545611;0.03091538715963386;0.017623877982923447
3007.5;0.017754480892796753;0.03091538715963386;0.03293798595973293
3009.0;0.017754480892796753;0.03091538715963386;0.015769487034319674
3010.5;0.017754480892796753;0.03091538715963386;0.015769487034319674
3012.0;0.017754480892796753;0.03091538715963386;0.015769487034319674
3013.5;0.017754480892796753;0.03091538715963386;0.035437678433415665
3015.0;0.017754480892796753;0.03091538715963386;0.03534512971343672
3016.5;0.017754480892796753;0.03764790247400502;0.03534512971343672
3018.0;0.017754480892796753;0.03764790247400502;0.015280135823429542
3019.5;0.017754480892796753;0.03320921042632419;0.015280135823429542
3021.0;0.017754480892796753;0.03320921042632419;0.016863406408094434
3022.5;0.017754480892796753;0.03320921042632419;0.015809071886378992
3024.0;0.017754480892796753;0.03320921042632419;0.015809071886378992
3025.5;0.017754480892796753;0.03482458408757866;0.015809071886378992
3027.0;0.017754480892796753;0.03482458408757866;0.015809071886378992
3028.5;0.017754480892796753;0.03482458408757866;0.015809071886378992
3030.0;0.032256841786066255;0.03482458408757866;0.015809071886378992
3031.5;0.03106789479980177;0.03482458408757866;0.015743018124095107
3033.0;0.03276661638370833;0.03482458408757866;0.02460456942003515
3034.5;0.03276661638370833;0.03482458408757866;0.02460456942003515
3036.0;0.01488644788002137;0.03482458408757866;0.017754480892796753
3037.5;0.037210128013628566;0.03482458408757866;0.017754480892796753
3039.0;0.037210128013628566;0.03482458408757866;0.017754480892796753
3040.5;0.037210128013628566;0.03482458408757866;0.017623877982923447
3042.0;0.03160480961955194;0.03482458408757866;0.015731292517006803
3043.5;0.03160480961955194;0.03482458408757866;0.017754480892796753
3045.0;0.03160480961955194;0.03482458408757866;0.03320921042632419
3046.5;0.03160480961955194;0.03482458408757866;0.03320921042632419
3048.0;0.03160480961955194;0.03482458408757866;0.03320921042632419
3049.5;0.03160480961955194;0.03482458408757866;0.03746174588351344
3051.0;0.03160480961955194;0.03482458408757866;0.0381479518588489
3052.5;0.03160480961955194;0.03482458408757866;0.03160480961955194
3054.0;0.03160480961955194;0.03482458408757866;0.03160480961955194
3055.5;0.03160480961955194;0.03482458408757866;0.031567255350648166
3057.0;0.03160480961955194;0.03482458408757866;0.031567255350648166
3058.5;0.03160480961955194;0.03482458408757866;0.031567255350648166
3060.0;0.03160480961955194;0.03482458408757866;0.031567255350648166
3061.5;0.03160480961955194;0.03482458408757866;0.01654477169890474
3063.0;0.03160480961955194;0.03482458408757866;0.03515598531696909
3064.5;0.03160480961955194;0.03482458408757866;0.03515598531696909
3066.0;0.03160480961955194;0.03482458408757866;0.027531083481349913
3067.5;0.03160480961955194;0.03482458408757866;0.027531083481349913
3069.0;0.03160480961955194;0.03482458408757866;0.035650623885918005
3070.5;0.03160480961955194;0.03482458408757866;0.015001087035292413
3072.0;0.03160480961955194;0.03482458408757866;0.03106789479980177
3073.5;0.03160480961955194;0.03482458408757866;0.015769487034319674
3075.0;0.03160480961955194;0.03482458408757866;0.015769487034319674
3076.5;0.03160480961955194;0.03482458408757866;0.015769487034319674
3078.0;0.03160480961955194;0.03482458408757866;0.017465858520325457
3079.5;0.016557768507871926;0.03482458408757866;0.036157843689975176
3081.0;0.016557768507871926;0.03482458408757866;0.030633304926385805
3082.5;0.016557768507871926;0.03482458408757866;0.01654477169890474
3084.0;0.016557768507871926;0.03482458408757866;0.018256492034823147
3085.5;0.014844188506303903;0.03482458408757866;0.018256492034823147
3087.0;0.014844188506303903;0.03482458408757866;0.018256492034823147
3088.5;0.014844188506303903;0.03482458408757866;0.018256492034823147
3090.0;0.014844188506303903;0.03482458408757866;0.018256492034823147
3091.5;0.014844188506303903;0.03482458408757866;0.018256492034823147
3093.0;0.014844188506303903;0.03482458408757866;0.018256492034823147
3094.5;0.014844188506303903;0.03482458408757866;0.03422569546639526
3096.0;0.014844188506303903;0.03482458408757866;0.03422569546639526
3097.5;0.014844188506303903;0.03482458408757866;0.017389540773412943
3099.0;0.014844188506303903;0.03482458408757866;0.017389540773412943
3100.5;0.014844188506303903;0.03482458408757866;0.03238207376784275
3102.0;0.014844188506303903;0.03482458408757866;0.036955332401031944
3103.5;0.014844188506303903;0.03482458408757866;0.018244633954786142
3105.0;0.014844188506303903;0.03482458408757866;0.031468182542311304
3106.5;0.014844188506303903;0.03482458408757866;0.031468182542311304
3108.0;0.014844188506303903;0.03482458408757866;0.031468182542311304
3109.5;0.03334073832066439;0.03482458408757866;0.03328114316414161
3111.0;0.03334073832066439;0.03482458408757866;0.03328114316414161
3112.5;0.03334073832066439;0.03482458408757866;0.017385065898158785
3114.0;0.03334073832066439;0.03482458408757866;0.03694483067443245
3115.5;0.027531083481349913;0.03482458408757866;0.017384645537373677
3117.0;0.01865038996269922;0.03482458408757866;0.015280135823429542
3118.5;0.01865038996269922;0.03482458408757866;0.016745540589734254
3120.0;0.01865038996269922;0.03482458408757866;0.014945495799148322
3121.5;0.01865038996269922;0.03482458408757866;0.01488644788002137
3123.0;0.01865038996269922;0.03482458408757866;0.01488644788002137
3124.5;0.01865038996269922;0.03482458408757866;0.01488644788002137
3126.0;0.01865038996269922;0.03482458408757866;0.01488644788002137
3127.5;0.01865038996269922;0.03841245791927793;0.016568094782873223
3129.0;0.01865038996269922;0.03450566571561023;0.01570251018973342
3130.5;0.01865038996269922;0.03450566571561023;0.01654477169890474
3132.0;0.01865038996269922;0.033494196742055664;0.01653549687010534
3133.5;0.01865038996269922;0.033494196742055664;0.018248107350266503
3135.0;0.01865038996269922;0.033494196742055664;0.014829976303317897
3136.5;0.01865038996269922;0.033494196742055664;0.016531678096401558
3138.0;0.03706545928938685;0.033494196742055664;0.023642732049036778
3139.5;0.03706545928938685;0.033494196742055664;0.023642732049036778
3141.0;0.03706545928938685;0.0306944381170478;0.023642732049036778
3142.5;0.03706545928938685;0.0306944381170478;0.038655160014383315
3144.0;0.03706545928938685;0.0306944381170478;0.015871286409530037
3145.5;0.02703900709219858;0.0306944381170478;0.01663225731761437
3147.0;0.03966822935448972;0.0306944381170478;0.01830736743700201
3148.5;0.03966822935448972;0.0306944381170478;0.03251852018092068
3150.0;0.017623877982923447;0.0306944381170478;0.03251852018092068
3151.5;0.017547197908565945;0.0306944381170478;0.03251852018092068
3153.0;0.017547197908565945;0.0306944381170478;0.014850222990092551
3154.5;0.017547197908565945;0.0306944381170478;0.014850222990092551
3156.0;0.032697066101095795;0.0306944381170478;0.03519913210701956
3157.5;0.032697066101095795;0.03339355998530387;0.03517428528980739
3159.0;0.015871286409530037;0.03339355998530387;0.03607665186997895
3160.5;0.015871286409530037;0.016550266845809666;0.03607665186997895
3162.0;0.01836806645203033;0.016550266845809666;0.03698555681259341
3163.5;0.030813820600779404;0.01654477169890474;0.03420906032156432
3165.0;0.03828413284132841;0.014836509492270044;0.03420906032156432
3166.5;0.015871286409530037;0.014836509492270044;0.03420906032156432
3168.0;0.016676298192025096;0.014836509492270044;0.03057284130713342
3169.5;0.01836806645203033;0.014836509492270044;0.03057284130713342
3171.0;0.01836806645203033;0.014836509492270044;0.01824547540373295
3172.5;0.01836806645203033;0.015684481542853023;0.01824547540373295
3174.0;0.03265254436585322;0.015684481542853023;0.01824547540373295
3175.5;0.036275860696139695;0.015684481542853023;0.01824547540373295
3177.0;0.036275860696139695;0.015684481542853023;0.01567842217100666
3178.5;0.036275860696139695;0.033303095021156505;0.01567842217100666
3180.0;0.037048351952038205;0.033303095021156505;0.01567842217100666
3181.5;0.037048351952038205;0.033303095021156505;0.033676001417936904
3183.0;0.037048351952038205;0.033303095021156505;0.033676001417936904
3184.5;0.037048351952038205;0.033303095021156505;0.015809071886378992
3186.0;0.037048351952038205;0.033303095021156505;0.036514961411379304
3187.5;0.037048351952038205;0.033303095021156505;0.03173139329252938
3189.0;0.037048351952038205;0.03512490638976303;0.0381479518588489
3190.5;0.037048351952038205;0.03512490638976303;0.038017461422104666
3192.0;0.037048351952038205;0.03512490638976303;0.03517428528980739
3193.5;0.037048351952038205;0.03512490638976303;0.037927713726492604
3195.0;0.017401635028469288;0.03512490638976303;0.033676001417936904
3196.5;0.017401635028469288;0.03511932481093796;0.03902213310711807
3198.0;0.017401635028469288;0.030569682092653955;0.03564899451553931
3199.5;0.016540721828503288;0.030569682092653955;0.033676001417936904
3201.0;0.016540721828503288;0.03237389707170169;0.033676001417936904
3202.5;0.016540721828503288;0.03237389707170169;0.033676001417936904
3204.0;0.016540721828503288;0.03237389707170169;0.033676001417936904
3205.5;0.016540721828503288;0.03237389707170169;0.03864818325709216
3207.0;0.03240172884776326;0.03237389707170169;0.03276661638370833
3208.5;0.03240172884776326;0.03694736414058953;0.03173139329252938
3210.0;0.03240172884776326;0.03694736414058953;0.03173139329252938
3211.5;0.0189328743545611;0.03694736414058953;0.03534512971343672
3213.0;0.0189328743545611;0.03694736414058953;0.033435588205396154
3214.5;0.0189328743545611;0.03694736414058953;0.03431165971848048
3216.0;0.0189328743545611;0.03694736414058953;0.03431165971848048
3217.5;0.0189328743545611;0.03694736414058953;0.03431165971848048
3219.0;0.0189328743545611;0.03694736414058953;0.032449913274663476
3220.5;0.0189328743545611;0.03694736414058953;0.032449913274663476
3222.0;0.0189328743545611;0.03694736414058953;0.032449913274663476
3223.5;0.0189328743545611;0.03694736414058953;0.032449913274663476
3225.0;0.0189328743545611;0.03694736414058953;0.03517428528980739
3226.5;0.0189328743545611;0.03694736414058953;0.03517428528980739
3228.0;0.0189328743545611;0.03694736414058953;0.033324296038916436
3229.5;0.0189328743545611;0.03694736414058953;0.033324296038916436
3231.0;0.0189328743545611;0.03694736414058953;0.033324296038916436
3232.5;0.0189328743545611;0.014827716422686422;0.0351424443992876
3234.0;0.017094017094017096;0.014827716422686422;0.0351424443992876
3235.5;0.017094017094017096;0.014827716422686422;0.0351424443992876
3237.0;0.017094017094017096;0.014827716422686422;0.0351424443992876
3238.5;0.016863406408094434;0.014827716422686422;0.0351424443992876
3240.0;0.014945495799148322;0.014827716422686422;0.0351424443992876
3241.5;0.014945495799148322;0.014827716422686422;0.0351424443992876
3243.0;0.017498443680569787;0.014827716422686422;0.035132390418972995
3244.5;0.01660281557997176;0.014827716422686422;0.03604392459334977
3246.0;0.015001087035292413;0.014827716422686422;0.03604392459334977
3247.5;0.015809071886378992;0.014827716422686422;0.031475908069914404
3249.0;0.014910112661872163;0.014827716422686422;0.031475908069914404
3250.5;0.016582472972657695;0.014827716422686422;0.031475908069914404
3252.0;0.017094017094017096;0.014827716422686422;0.031475908069914404
3253.5;0.017094017094017096;0.014827716422686422;0.031475908069914404
3255.0;0.017094017094017096;0.014827716422686422;0.031475908069914404
3256.5;0.017094017094017096;0.014827716422686422;0.031475908069914404
3258.0;0.015095605501509561;0.014827716422686422;0.031475908069914404
3259.5;0.015095605501509561;0.030562495721352615;0.031475908069914404
3261.0;0.015095605501509561;0.03510493983687938;0.031475908069914404
3262.5;0.015095605501509561;0.03510493983687938;0.031475908069914404
3264.0;0.015095605501509561;0.03510493983687938;0.031475908069914404
3265.5;0.015095605501509561;0.03510493983687938;0.031475908069914404
3267.0;0.015095605501509561;0.037867668326972664;0.031475908069914404
3268.5;0.015809071886378992;0.037867668326972664;0.031475908069914404
3270.0;0.015809071886378992;0.037867668326972664;0.031475908069914404
3271.5;0.015809071886378992;0.017384409349774463;0.031475908069914404
3273.0;0.015809071886378992;0.036942608152454794;0.031475908069914404
3274.5;0.015809071886378992;0.036942608152454794;0.031475908069914404
3276.0;0.015809071886378992;0.036942608152454794;0.031475908069914404
3277.5;0.035572080214829514;0.036942608152454794;0.031475908069914404
3279.0;0.03357729479429107;0.036942608152454794;0.031475908069914404
3280.5;0.03357729479429107;0.036942608152454794;0.031475908069914404
3282.0;0.0381479518588489;0.036942608152454794;0.031475908069914404
3283.5;0.0381479518588489;0.036942608152454794;0.031475908069914404
3285.0;0.0381479518588489;0.033277075681147066;0.031475908069914404
3286.5;0.0381479518588489;0.017384233914291836;0.031475908069914404
3288.0;0.015711796950363736;0.017384233914291836;0.031475908069914404
3289.5;0.018277260861902424;0.017384233914291836;0.031475908069914404
3291.0;0.0182681206624895;0.017384233914291836;0.031475908069914404
3292.5;0.015690820879123473;0.017384233914291836;0.031475908069914404
3294.0;0.015690820879123473;0.017384233914291836;0.031475908069914404
3295.5;0.017393838281482624;0.017384233914291836;0.031475908069914404
3297.0;0.017393838281482624;0.015676645691587714;0.031475908069914404
3298.5;0.017393838281482624;0.015676645691587714;0.031475908069914404
3300.0;0.017393838281482624;0.015676645691587714;0.031475908069914404
3301.5;0.017393838281482624;0.03236822223824619;0.031475908069914404
3303.0;0.017393838281482624;0.03236822223824619;0.031475908069914404
3304.5;0.017393838281482624;0.014827057385090844;0.031475908069914404
3306.0;0.017393838281482624;0.014827057385090844;0.031475908069914404
3307.5;0.017094017094017096;0.014827057385090844;0.031475908069914404
3309.0;0.017094017094017096;0.037865892747091845;0.031475908069914404
3310.5;0.017094017094017096;0.03786585673614018;0.03511515618286419
3312.0;0.017094017094017096;0.03694165786892197;0.03511515618286419
3313.5;0.017094017094017096;0.015676578071679288;0.03511515618286419
3315.0;0.017754480892796753;0.015676578071679288;0.03511515618286419
3316.5;0.017754480892796753;0.015676578071679288;0.03511515618286419
3318.0;0.015001087035292413;0.015676578071679288;0.03511515618286419
3319.5;0.015809071886378992;0.015676578071679288;0.03511515618286419
3321.0;0.015769487034319674;0.016528934303475757;0.014828677071017829
3322.5;0.015769487034319674;0.016528934303475757;0.014828677071017829
3324.0;0.015769487034319674;0.03694161328745129;0.035109707545799736
3325.5;0.017427438387099873;0.03327647030925342;0.035109707545799736
3327.0;0.01570251018973342;0.03236798679104683;0.035109707545799736
3328.5;0.024464831804281346;0.03602059297661586;0.035109707545799736
3330.0;0.024464831804281346;0.03236797718770393;0.035109707545799736
3331.5;0.01865038996269922;0.031462588183829195;0.01653008333788549
3333.0;0.01850632726208763;0.03327645315454518;0.01653008333788549
3334.5;0.03722426470588235;0.014827018417023342;0.01653008333788549
3336.0;0.015095605501509561;0.015676567842334083;0.01653008333788549
3337.5;0.015095605501509561;0.015676567795941967;0.017385065898158785
3339.0;0.015095605501509561;0.0285204991087344;0.017385065898158785
3340.5;0.015095605501509561;0.026548672566371685;0.017385065898158785
3342.0;0.018010291595197254;0.026548672566371685;0.017385065898158785
3343.5;0.031723651744800845;0.017623877982923447;0.017385065898158785
3345.0;0.03320921042632419;0.017623877982923447;0.01652941341487852
3346.5;0.03482458408757866;0.035774141714325206;0.01652929138178772
3348.0;0.01660281557997176;0.0285204991087344;0.01652929138178772
3349.5;0.014870091759449306;0.0285204991087344;0.018242456797028576
3351.0;0.037137807788150325;0.0285204991087344;0.018242456797028576
3352.5;0.03065901496568101;0.0285204991087344;0.017384333472854088
3354.0;0.03065901496568101;0.0285204991087344;0.017384333472854088
3355.5;0.03519913210701956;0.015095605501509561;0.017384333472854088
3357.0;0.03519913210701956;0.015095605501509561;0.03418869407882383
3358.5;0.034255896066409615;0.035774141714325206;0.03418869407882383
3360.0;0.016540721828503288;0.03276661638370833;0.03418869407882383
3361.5;0.016540721828503288;0.03276661638370833;0.036021132546738804
3363.0;0.03240172884776326;0.03276661638370833;0.032368305417466915
3364.5;0.03240172884776326;0.03276661638370833;0.015676626180486486
3366.0;0.03240172884776326;0.01488644788002137;0.016638225255972697
3367.5;0.035132390418972995;0.01488644788002137;0.016638225255972697
3369.0;0.035132390418972995;0.01488644788002137;0.016638225255972697
3370.5;0.035132390418972995;0.016582472972657695;0.016863406408094434
3372.0;0.018248107350266503;0.016582472972657695;0.016863406408094434
3373.5;0.018248107350266503;0.015711796950363736;0.016863406408094434
3375.0;0.018248107350266503;0.015695763321720377;0.03706545928938685
3376.5;0.017388172610590263;0.01826142579350741;0.03706545928938685
3378.0;0.017387150648592545;0.03700055563850478;0.014945495799148322
3379.5;0.017387150648592545;0.015684481542853023;0.014945495799148322
3381.0;0.017387150648592545;0.015684481542853023;0.014910112661872163
3382.5;0.017387150648592545;0.015684481542853023;0.015743018124095107
3384.0;0.01567842217100666;0.015684481542853023;0.015743018124095107
3385.5;0.01567842217100666;0.01739137492247878;0.014870091759449306
3387.0;0.01567842217100666;0.01739137492247878;0.03251852018092068
3388.5;0.031468182542311304;0.014830971492820427;0.03251852018092068
3390.0;0.031468182542311304;0.014830971492820427;0.03251852018092068
3391.5;0.03510796164063169;0.014830971492820427;0.01570251018973342
3393.0;0.03510796164063169;0.014830971492820427;0.014839767744728968
3394.5;0.03510796164063169;0.01653260196570383;0.014839767744728968
3396.0;0.03510796164063169;0.014829232922191612;0.014839767744728968
3397.5;0.03510796164063169;0.014828677071017829;0.014839767744728968
3399.0;0.030563238328968595;0.014828261126484797;0.014839767744728968
3400.5;0.031463910311329744;0.01653008333788549;0.014839767744728968
3402.0;0.031463910311329744;0.014827716422686422;0.014839767744728968
3403.5;0.01652919989388306;0.01652941341487852;0.014839767744728968
3405.0;0.01652919989388306;0.01652929138178772;0.033324296038916436
3406.5;0.01652919989388306;0.01652929138178772;0.033324296038916436
3408.0;0.01652919989388306;0.017384409349774463;0.030590360834056505
3409.5;0.01652919989388306;0.01824237324511988;0.030590360834056505
3411.0;0.01652919989388306;0.01824237324511988;0.01653549687010534
3412.5;0.01652919989388306;0.016529079863994253;0.01653549687010534
3414.0;0.01652919989388306;0.014827111201917353;0.01653549687010534
3415.5;0.014827183625536878;0.014827111201917353;0.01653549687010534
3417.0;0.016638225255972697;0.014827111201917353;0.01653549687010534
3418.5;0.015095605501509561;0.014827111201917353;0.03420906032156432
3420.0;0.015095605501509561;0.017754480892796753;0.03788504815855055
3421.5;0.015095605501509561;0.0175513698630137;0.017387150648592545
3423.0;0.015095605501509561;0.0175513698630137;0.017387150648592545
3424.5;0.017623877982923447;0.016863406408094434;0.03695188055758042
3426.0;0.016676298192025096;0.016863406408094434;0.03695188055758042
3427.5;0.016676298192025096;0.017623877982923447;0.03695188055758042
3429.0;0.016676298192025096;0.01842179442537598;0.03695188055758042
3430.5;0.016676298192025096;0.015769487034319674;0.017385814700674008
3432.0;0.016676298192025096;0.015769487034319674;0.017385814700674008
3433.5;0.035437678433415665;0.015769487034319674;0.017385814700674008
3435.0;0.035437678433415665;0.03173139329252938;0.017385814700674008
3436.5;0.03441791502515164;0.015724726735506497;0.017385814700674008
3438.0;0.017094017094017096;0.015724726735506497;0.014827949697411927
3439.5;0.017754480892796753;0.038017461422104666;0.014827949697411927
3441.0;0.0367279087083759;0.038017461422104666;0.016529793433502835
3442.5;0.014910112661872163;0.014844188506303903;0.0378691632755135
3444.0;0.014910112661872163;0.014844188506303903;0.0378691632755135
3445.5;0.03173139329252938;0.017397154861764727;0.0378691632755135
3447.0;0.03173139329252938;0.017397154861764727;0.03419012112862037
3448.5;0.03173139329252938;0.017397154861764727;0.036943407813011774
3450.0;0.03173139329252938;0.014832305600435561;0.036943407813011774
3451.5;0.03173139329252938;0.036966131441484265;0.036943407813011774
3453.0;0.03173139329252938;0.01824547540373295;0.036943407813011774
3454.5;0.03173139329252938;0.01567842217100666;0.014827238821925121
3456.0;0.03173139329252938;0.014828261126484797;0.014827238821925121
3457.5;0.03173139329252938;0.014827949697411927;0.014827238821925121
3459.0;0.03173139329252938;0.014827949697411927;0.014827238821925121
3460.5;0.03173139329252938;0.015731292517006803;0.01824237324511988
3462.0;0.01830736743700201;0.015731292517006803;0.01824237324511988
3463.5;0.01830736743700201;0.015871286409530037;0.01824237324511988
3465.0;0.01830736743700201;0.017094017094017096;0.01824237324511988
3466.5;0.016568094782873223;0.017094017094017096;0.01824237324511988
3468.0;0.01597712748065927;0.015095605501509561;0.01824237324511988
3469.5;0.01597712748065927;0.017498443680569787;0.01824237324511988
3471.0;0.018470790378006873;0.018332165356039182;0.01824237324511988
3472.5;0.017754480892796753;0.01485852872552252;0.034188529068813554
3474.0;0.018470790378006873;0.01740771421307761;0.034188529068813554
3475.5;0.01749271137026239;0.016863406408094434;0.034188529068813554
3477.0;0.018610244807272875;0.01850632726208763;0.03602099518427701
3478.5;0.018610244807272875;0.014910112661872163;0.03602099518427701
3480.0;0.014986153377295074;0.01660281557997176;0.03602099518427701
3481.5;0.03858606712690403;0.017427438387099873;0.03602099518427701
3483.0;0.01749000201260901;0.01741601350785099;0.03602099518427701
3484.5;0.01749000201260901;0.017401635028469288;0.03466050479914682
3486.0;0.01749000201260901;0.017393838281482624;0.03466050479914682
3487.5;0.014867146669811973;0.017389540773412943;0.032256841786066255
3489.0;0.031723651744800845;0.018246600758721136;0.03768591312195207
3490.5;0.031723651744800845;0.014828677071017829;0.03768591312195207
3492.0;0.031723651744800845;0.014828677071017829;0.017498443680569787
3493.5;0.03130908265900325;0.015677957190639216;0.0175513698630137
3495.0;0.03130908265900325;0.01653008333788549;0.027531083481349913
3496.5;0.016676298192025096;0.035127911416571206;0.035127911416571206
3498.0;0.017498443680569787;0.030009920634920632;0.035127911416571206
3499.5;0.017498443680569787;0.035813733041056936;0.01865038996269922
3501.0;0.017498443680569787;0.016638225255972697;0.037753222836095765
3502.5;0.017498443680569787;0.016638225255972697;0.03466050479914682
3504.0;0.018332165356039182;0.03416622228993677;0.015001087035292413
3505.5;0.014870091759449306;0.03416622228993677;0.036514961411379304
3507.0;0.014870091759449306;0.015809071886378992;0.016638225255972697
3508.5;0.014870091759449306;0.035437678433415665;0.027531083481349913
3510.0;0.014870091759449306;0.035437678433415665;0.03768591312195207
3511.5;0.018289844042285466;0.02460456942003515;0.01865038996269922
3513.0;0.018289844042285466;0.02460456942003515;0.01865038996269922
3514.5;0.018289844042285466;0.03466050479914682;0.03466050479914682
3516.0;0.018289844042285466;0.017547197908565945;0.015001087035292413
3517.5;0.03431165971848048;0.015769487034319674;0.017547197908565945
3519.0;0.01654477169890474;0.018470790378006873;0.017547197908565945
3520.5;0.03515598531696909;0.01850632726208763;0.017547197908565945
3522.0;0.016537723722061845;0.016676298192025096;0.035572080214829514
3523.5;0.033303095021156505;0.016676298192025096;0.01488644788002137
3525.0;0.016533838797490336;0.016676298192025096;0.01488644788002137
3526.5;0.016533838797490336;0.01488644788002137;0.023642732049036778
3528.0;0.016533838797490336;0.016582472972657695;0.017754480892796753
3529.5;0.016533838797490336;0.018289844042285466;0.01850632726208763
3531.0;0.016533838797490336;0.018289844042285466;0.01663225731761437
3532.5;0.03057284130713342;0.018277260861902424;0.01663225731761437
3534.0;0.03603037575326198;0.036122089571306734;0.017443347491498312
3535.5;0.018244004306380245;0.014839767744728968;0.03431165971848048
3537.0;0.018244004306380245;0.03700055563850478;0.03519913210701956
3538.5;0.025088028169014082;0.014834097312229661;0.03617216117216117
3540.0;0.01597712748065927;0.03239318172081418;0.015001087035292413
3541.5;0.01597712748065927;0.03239318172081418;0.015001087035292413
3543.0;0.035127911416571206;0.03420906032156432;0.03276661638370833
3544.5;0.035127911416571206;0.03420906032156432;0.03357729479429107
3546.0;0.026548672566371685;0.03420906032156432;0.017443347491498312
3547.5;0.015095605501509561;0.03147255947419321;0.03620712313994087
3549.0;0.017623877982923447;0.037876570372820405;0.0352330815985435
3550.5;0.017623877982923447;0.037876570372820405;0.015690820879123473
3552.0;0.017547197908565945;0.037876570372820405;0.015687178238012765
3553.5;0.017547197908565945;0.037876570372820405;0.01825012709422827
3555.0;0.017547197908565945;0.037876570372820405;0.03329636999336548
3556.5;0.017547197908565945;0.037876570372820405;0.017623877982923447
3558.0;0.017547197908565945;0.037876570372820405;0.014945495799148322
3559.5;0.017547197908565945;0.014828261126484797;0.014945495799148322
3561.0;0.034633078205669056;0.014828261126484797;0.014945495799148322
3562.5;0.034633078205669056;0.014828261126484797;0.03841245791927793
3564.0;0.03357729479429107;0.014828261126484797;0.017427438387099873
3565.5;0.03357729479429107;0.014828261126484797;0.01570251018973342
3567.0;0.03357729479429107;0.037870303409020686;0.014844188506303903
3568.5;0.03357729479429107;0.037870303409020686;0.0189328743545611
3570.0;0.03357729479429107;0.03056193917600527;0.018010291595197254
3571.5;0.032573955124637066;0.03056193917600527;0.018010291595197254
3573.0;0.03435603223272361;0.03056193917600527;0.0175513698630137
3574.5;0.03435603223272361;0.03056193917600527;0.0175513698630137
3576.0;0.03435603223272361;0.018242568233389038;0.01865038996269922
3577.5;0.03435603223272361;0.018242568233389038;0.017623877982923447
3579.0;0.018277260861902424;0.018242568233389038;0.015769487034319674
3580.5;0.018277260861902424;0.018242568233389038;0.015769487034319674
3582.0;0.018277260861902424;0.017384409349774463;0.018010291595197254
3583.5;0.018277260861902424;0.01567675266971058;0.017754480892796753
3585.0;0.037048351952038205;0.01567675266971058;0.017754480892796753
3586.5;0.037048351952038205;0.01567675266971058;0.015001087035292413
3588.0;0.037048351952038205;0.033276919353557415;0.015809071886378992
3589.5;0.037048351952038205;0.03327680212330683;0.015809071886378992
3591.0;0.037048351952038205;0.03327680212330683;0.015809071886378992
3592.5;0.037048351952038205;0.01824218215289756;0.015809071886378992
3594.0;0.037048351952038205;0.014827047568619004;0.01660281557997176
3595.5;0.037048351952038205;0.014827047568619004;0.018277260861902424
3597.0;0.037048351952038205;0.018242147791758662;0.017094017094017096
3598.5;0.037048351952038205;0.018242147791758662;0.015809071886378992
