#auto generated file!
6.0;0.03409733541798343;0.03409733541798343;0.03409733541798343
7.5;0.03409733541798343;0.03409733541798343;0.03409733541798343
9.0;0.03409733541798343;0.03409733541798343;0.03409733541798343
10.5;0.03409733541798343;0.03409733541798343;0.03409733541798343
12.0;0.03409733541798343;0.03409733541798343;0.03409733541798343
13.5;0.03409733541798343;0.0173841059602649;0.03409733541798343
15.0;0.01652892561983471;0.014827018121911038;0.0173841059602649
16.5;0.01567656765676568;0.0173841059602649;0.01567656765676568
18.0;0.09041394335511982;0.017699115044247787;0.0470532319391635
19.5;0.01652892561983471;0.0175513698630137;0.0173841059602649
21.0;0.0170487948265726;0.015280135823429542;0.017094017094017096
22.5;0.017094017094017096;0.01824212271973466;0.04875717017208413
24.0;0.019944341372912802;0.01567656765676568;0.01824212271973466
25.5;0.018354055654233276;0.047619047619047616;0.018026004728132386
27.0;0.014827018121911038;0.018612132352941176;0.07129798903107862
28.5;0.01824212271973466;0.0650994575045208;0.01567656765676568
30.0;0.018026004728132386;0.01824212271973466;0.01652892561983471
31.5;0.0170487948265726;0.019345238095238096;0.0173841059602649
33.0;0.01652892561983471;0.01567656765676568;0.014827018121911038
34.5;0.0173841059602649;0.0175513698630137;0.014827018121911038
36.0;0.0173841059602649;0.01652892561983471;0.018010291595197254
37.5;0.01567656765676568;0.014827018121911038;0.014827018121911038
39.0;0.04875717017208413;0.014827018121911038;0.0161839863713799
40.5;0.01567656765676568;0.01824212271973466;0.0173841059602649
42.0;0.016638225255972697;0.017373380447585393;0.0173841059602649
43.5;0.01652892561983471;0.017094017094017096;0.018470790378006873
45.0;0.01652892561983471;0.015731292517006803;0.019013666072489603
46.5;0.041250831669993354;0.051059730250481696;0.0175513698630137
48.0;0.0173841059602649;0.01652892561983471;0.016403046280023436
49.5;0.08085501858736059;0.01567656765676568;0.01608187134502924
51.0;0.014827018121911038;0.0175513698630137;0.0173841059602649
52.5;0.0189328743545611;0.018612132352941176;0.01567656765676568
54.0;0.01567656765676568;0.01567656765676568;0.01652892561983471
55.5;0.014827018121911038;0.044811320754716985;0.038385826771653545
57.0;0.014827018121911038;0.01567656765676568;0.017094017094017096
58.5;0.016638225255972697;0.018790849673202614;0.017094017094017096
60.0;0.0175513698630137;0.016403046280023436;0.0173841059602649
61.5;0.0175513698630137;0.01652892561983471;0.014827018121911038
63.0;0.015731292517006803;0.01567656765676568;0.016638225255972697
64.5;0.01652892561983471;0.0161839863713799;0.0787037037037037
66.0;0.01567656765676568;0.019961612284069098;0.014827018121911038
67.5;0.016638225255972697;0.0189328743545611;0.01824212271973466
69.0;0.01567656765676568;0.01824212271973466;0.01567656765676568
70.5;0.01652892561983471;0.04208416833667335;0.07339449541284404
72.0;0.014827018121911038;0.0175513698630137;0.03599221789883269
73.5;0.01567656765676568;0.018010291595197254;0.0173841059602649
75.0;0.07025547445255476;0.016638225255972697;0.017094017094017096
76.5;0.018683274021352312;0.03520671834625324;0.041666666666666664
78.0;0.0161839863713799;0.04990403071017274;0.01567656765676568
79.5;0.0470532319391635;0.0661231884057971;0.014827018121911038
81.0;0.03879026955950033;0.01567656765676568;0.018354055654233276
82.5;0.051640926640926635;0.032392026578073094;0.0161839863713799
84.0;0.017094017094017096;0.017373380447585393;0.014827018121911038
85.5;0.018026004728132386;0.018026004728132386;0.01824212271973466
87.0;0.039603960396039604;0.019274809160305342;0.0175513698630137
88.5;0.016638225255972697;0.015280135823429542;0.017824497257769654
90.0;0.017824497257769654;0.017094017094017096;0.015280135823429542
91.5;0.01730418943533698;0.01824212271973466;0.0173841059602649
93.0;0.018470790378006873;0.017094017094017096;0.01824212271973466
94.5;0.018683274021352312;0.041250831669993354;0.014827018121911038
96.0;0.01608187134502924;0.0787037037037037;0.017699115044247787
97.5;0.018010291595197254;0.017373380447585393;0.01824212271973466
99.0;0.017699115044247787;0.051640926640926635;0.014827018121911038
100.5;0.01824212271973466;0.018010291595197254;0.018470790378006873
102.0;0.016638225255972697;0.0425033467202142;0.0173841059602649
103.5;0.01824212271973466;0.01652892561983471;0.018010291595197254
105.0;0.01824212271973466;0.0161839863713799;0.017699115044247787
106.5;0.017094017094017096;0.015731292517006803;0.07977736549165121
108.0;0.0173841059602649;0.018354055654233276;0.0173841059602649
109.5;0.018010291595197254;0.018470790378006873;0.017094017094017096
111.0;0.018010291595197254;0.018876611418047883;0.0173841059602649
112.5;0.016638225255972697;0.01652892561983471;0.07129798903107862
114.0;0.0189328743545611;0.014827018121911038;0.0173841059602649
115.5;0.014827018121911038;0.0175513698630137;0.0470532319391635
117.0;0.0170487948265726;0.03879026955950033;0.01652892561983471
118.5;0.015731292517006803;0.014827018121911038;0.0175513698630137
120.0;0.041250831669993354;0.0175513698630137;0.014827018121911038
121.5;0.01824212271973466;0.017094017094017096;0.014827018121911038
123.0;0.0189328743545611;0.014827018121911038;0.016638225255972697
124.5;0.03486394557823129;0.01834862385321101;0.017094017094017096
126.0;0.0173841059602649;0.015731292517006803;0.019013666072489603
127.5;0.016638225255972697;0.0212516733601071;0.04208416833667335
129.0;0.0175513698630137;0.0175513698630137;0.014827018121911038
130.5;0.01567656765676568;0.0170487948265726;0.014827018121911038
132.0;0.018612132352941176;0.015280135823429542;0.0173841059602649
133.5;0.04990403071017274;0.017699115044247787;0.01824212271973466
135.0;0.014827018121911038;0.018026004728132386;0.01834862385321101
136.5;0.01567656765676568;0.0175513698630137;0.01824212271973466
138.0;0.01567656765676568;0.03476482617586912;0.040013227513227514
139.5;0.018010291595197254;0.01652892561983471;0.01824212271973466
141.0;0.01824212271973466;0.019142066420664204;0.0175513698630137
142.5;0.01824212271973466;0.01567656765676568;0.0173841059602649
144.0;0.018470790378006873;0.015731292517006803;0.01652892561983471
145.5;0.017094017094017096;0.0161839863713799;0.0173841059602649
147.0;0.016638225255972697;0.01824212271973466;0.016638225255972697
148.5;0.014827018121911038;0.017094017094017096;0.014827018121911038
150.0;0.0173841059602649;0.01567656765676568;0.017094017094017096
151.5;0.0173841059602649;0.01652892561983471;0.018683274021352312
153.0;0.018010291595197254;0.031578947368421054;0.01672535211267606
154.5;0.0363872644574399;0.017699115044247787;0.01652892561983471
156.0;0.01652892561983471;0.0173841059602649;0.01950286806883365
157.5;0.05281007751937984;0.014827018121911038;0.0787037037037037
159.0;0.0744485294117647;0.0189328743545611;0.018683274021352312
160.5;0.07129798903107862;0.040424121935056324;0.015731292517006803
162.0;0.0173841059602649;0.01567656765676568;0.0175513698630137
163.5;0.0173841059602649;0.014827018121911038;0.06921675774134792
165.0;0.01567656765676568;0.01824212271973466;0.038385826771653545
166.5;0.01567656765676568;0.016638225255972697;0.01567656765676568
168.0;0.01567656765676568;0.015731292517006803;0.05839201877934272
169.5;0.01567656765676568;0.0173841059602649;0.0175513698630137
171.0;0.07129798903107862;0.014827018121911038;0.045928030303030304
172.5;0.014827018121911038;0.0175513698630137;0.01950286806883365
174.0;0.01652892561983471;0.01824212271973466;0.018612132352941176
175.5;0.014827018121911038;0.0470532319391635;0.0170487948265726
177.0;0.014827018121911038;0.01567656765676568;0.051640926640926635
178.5;0.014827018121911038;0.017824497257769654;0.017373380447585393
180.0;0.014827018121911038;0.01652892561983471;0.0161839863713799
181.5;0.0161839863713799;0.037422037422037424;0.01862097440132122
183.0;0.01597712748065927;0.016217853406024562;0.018836565096952907
184.5;0.016676298192025096;0.01654091700522345;0.042398319075491527
186.0;0.0175513698630137;0.018354055654233276;0.01834061135371179
187.5;0.018010291595197254;0.017971946230274694;0.016838000708968452
189.0;0.017094017094017096;0.018792559974975337;0.015414729630535846
190.5;0.017971946230274694;0.017094017094017096;0.0170487948265726
192.0;0.08455612079865911;0.016838000708968452;0.01983411467724486
193.5;0.018937169700528483;0.01897923971725942;0.01822145094387539
195.0;0.0161839863713799;0.018197573656845753;0.07681261099296223
196.5;0.0175513698630137;0.0391281512605042;0.017373380447585393
198.0;0.017824497257769654;0.015992751525289242;0.017373380447585393
199.5;0.08240947723172239;0.017934291168491913;0.01772899957788096
201.0;0.017094017094017096;0.018470790378006873;0.021505376344086023
202.5;0.018010291595197254;0.018470790378006873;0.018729678541185898
204.0;0.015095605501509561;0.01597712748065927;0.019274809160305342
205.5;0.049329501915708805;0.015001087035292413;0.10207844451894067
207.0;0.049329501915708805;0.017547197908565945;0.017792037334111128
208.5;0.01842179442537598;0.017754480892796753;0.04377104377104378
210.0;0.017443347491498312;0.016863406408094434;0.018143754361479414
211.5;0.01570251018973342;0.018470790378006873;0.017699115044247787
213.0;0.036783854166666664;0.01850632726208763;0.01606832657788072
214.5;0.036783854166666664;0.014910112661872163;0.08709248170326016
216.0;0.015095605501509561;0.016335052812576762;0.03747959516813581
217.5;0.0175513698630137;0.01718287488267995;0.032696390658174104
219.0;0.01865038996269922;0.015119469629254152;0.01857743019312759
220.5;0.017547197908565945;0.018526428743645473;0.032392026578073094
222.0;0.017498443680569787;0.017470809633085053;0.015597920277296359
223.5;0.01488644788002137;0.01486032000797544;0.020240539747726608
225.0;0.07338145632027426;0.014851516889765931;0.020140913152382485
226.5;0.0161839863713799;0.016638225255972697;0.03542094455852156
228.0;0.015731292517006803;0.015280135823429542;0.01859099804305284
229.5;0.015731292517006803;0.016335052812576762;0.018612132352941176
231.0;0.0175513698630137;0.0170487948265726;0.01814552172099398
232.5;0.015001087035292413;0.017373380447585393;0.01749271137026239
234.0;0.0161839863713799;0.039603960396039604;0.01834862385321101
235.5;0.016335052812576762;0.018848906360245943;0.08997632202052092
237.0;0.017799021627615652;0.015095605501509561;0.0381060679376754
238.5;0.018470790378006873;0.018683274021352312;0.018875163292617708
240.0;0.017699115044247787;0.01612259159428971;0.034315730030766836
241.5;0.017754480892796753;0.017934291168491913;0.05119088519036342
243.0;0.017623877982923447;0.03758169934640523;0.021191464137522226
244.5;0.03282828282828283;0.020019870839542972;0.017789706937985705
246.0;0.03282828282828283;0.016403046280023436;0.01641928887129758
247.5;0.016785765670711238;0.08995842257780017;0.018579364550064592
249.0;0.014922830014276238;0.017699115044247787;0.01924500859447309
250.5;0.014922830014276238;0.01641928887129758;0.019210653729046373
252.0;0.047619047619047616;0.040491315844332534;0.018086080586080584
253.5;0.047619047619047616;0.03758169934640523;0.018143754361479414
255.0;0.07303592577970786;0.02019230769230769;0.01734527687296417
256.5;0.0674469940084216;0.01770896702761893;0.017005621747804397
258.0;0.014910112661872163;0.017971946230274694;0.0184305006449409
259.5;0.014910112661872163;0.019961612284069098;0.02080873671782763
261.0;0.014910112661872163;0.016371008616320324;0.020472232340961023
262.5;0.06804328160965284;0.019179429534916397;0.019292604501607715
264.0;0.06675452592392313;0.018595825426944972;0.054141426776024626
265.5;0.0182681206624895;0.01834862385321101;0.03390045708481463
267.0;0.0663123755999786;0.01904761904761905;0.03295006583948458
268.5;0.043703007518796994;0.033547008547008546;0.035885989010989015
270.0;0.015871286409530037;0.01789398508173306;0.033950617283950615
271.5;0.015809071886378992;0.018543046357615892;0.01950286806883365
273.0;0.06945691490726251;0.018836565096952907;0.019598155467720684
274.5;0.06945691490726251;0.037422037422037424;0.02000645369474024
276.0;0.07061592781482934;0.01812240047534165;0.021949404761904764
277.5;0.07061592781482934;0.01654091700522345;0.037432915921288015
279.0;0.01850632726208763;0.03557483731019522;0.017824497257769654
280.5;0.01663225731761437;0.019529006318207927;0.033547008547008546
282.0;0.01663225731761437;0.017060054570982017;0.015370218739033806
283.5;0.015724726735506497;0.01863026049735521;0.04793735676088616
285.0;0.016863406408094434;0.015015983749741111;0.01872886751383022
286.5;0.07299742814770317;0.017462905276233176;0.018532478954642544
288.0;0.07299742814770317;0.016873111933413492;0.06285274499743458
289.5;0.015769487034319674;0.019675925925925927;0.040424121935056324
291.0;0.018332165356039182;0.0188212927756654;0.017737506864360243
292.5;0.015724726735506497;0.016913946587537095;0.0170487948265726
294.0;0.015724726735506497;0.018374176456234532;0.061852078920967564
295.5;0.016568094782873223;0.016335052812576762;0.057109557109557105
297.0;0.014850222990092551;0.01845342706502636;0.01756386861313869
298.5;0.017401635028469288;0.01576182136602452;0.017710309930423784
300.0;0.018010291595197254;0.017094017094017096;0.03215077605321508
301.5;0.017754480892796753;0.01850632726208763;0.04764417779999816
303.0;0.01850632726208763;0.0170487948265726;0.032696390658174104
304.5;0.015809071886378992;0.0161839863713799;0.019525198770481787
306.0;0.014910112661872163;0.018010291595197254;0.01764047083067343
307.5;0.01660281557997176;0.015095605501509561;0.01904761904761905
309.0;0.016638225255972697;0.01597712748065927;0.01608187134502924
310.5;0.016638225255972697;0.01749271137026239;0.03530751708428246
312.0;0.016863406408094434;0.057535046728971966;0.019395134779750165
313.5;0.015871286409530037;0.015033359741139864;0.018991486574983625
315.0;0.01842179442537598;0.017373380447585393;0.01898250800689825
316.5;0.01660281557997176;0.03878406708595388;0.016339423260950732
318.0;0.08326962055585943;0.08219938905859484;0.019082371238858645
319.5;0.01485852872552252;0.016863406408094434;0.01592920353982301
321.0;0.018277260861902424;0.01942319011183049;0.017825311942959002
322.5;0.015695763321720377;0.01784040701566475;0.018620022569724327
324.0;0.015695763321720377;0.03476482617586912;0.038385826771653545
325.5;0.014839767744728968;0.016043635035830027;0.017830478700043915
327.0;0.017397154861764727;0.018387370467510947;0.018595825426944972
328.5;0.017397154861764727;0.017433311232636223;0.03412017167381975
330.0;0.016537723722061845;0.01672535211267606;0.04699322978892871
331.5;0.07993067861229855;0.07672379434037466;0.03241525423728814
333.0;0.07993067861229855;0.018010291595197254;0.020949326943406867
334.5;0.014830971492820427;0.019082371238858645;0.0182091769436654
336.0;0.0470532319391635;0.017094017094017096;0.04775413711583924
337.5;0.016863406408094434;0.017824497257769654;0.03528138528138528
339.0;0.016863406408094434;0.033547008547008546;0.05410447761194029
340.5;0.016863406408094434;0.0167163622810287;0.019134581830871234
342.0;0.015871286409530037;0.0170487948265726;0.017015706806282723
343.5;0.015731292517006803;0.018470790378006873;0.01576182136602452
345.0;0.016863406408094434;0.018197573656845753;0.018612132352941176
346.5;0.017094017094017096;0.016785765670711238;0.06576461266532578
348.0;0.018470790378006873;0.017373380447585393;0.041445641108074804
349.5;0.016638225255972697;0.018354055654233276;0.018371212121212118
351.0;0.01597712748065927;0.018470790378006873;0.020788912579957356
352.5;0.015809071886378992;0.016863406408094434;0.02132510729613734
354.0;0.01663225731761437;0.04703135423615744;0.020330932247625014
355.5;0.018026004728132386;0.018876611418047883;0.020240539747726608
357.0;0.016863406408094434;0.018143754361479414;0.018240786293341322
358.5;0.016863406408094434;0.018612132352941176;0.01730418943533698
360.0;0.015769487034319674;0.01874107841782935;0.016293098349991132
361.5;0.017443347491498312;0.01850632726208763;0.038385826771653545
363.0;0.017443347491498312;0.018848906360245943;0.01780160609014529
364.5;0.017443347491498312;0.017971946230274694;0.015285642307294463
366.0;0.01741601350785099;0.019408502772643253;0.04247851163625755
367.5;0.015695763321720377;0.016838000708968452;0.05913581868464643
369.0;0.015695763321720377;0.01688081285952368;0.01756386861313869
370.5;0.014836509492270044;0.016043635035830027;0.045636553123800126
372.0;0.014836509492270044;0.015095605501509561;0.03792134831460674
373.5;0.017393838281482624;0.015280135823429542;0.019114380899500277
375.0;0.014832305600435561;0.075255126101145;0.054818744473916894
376.5;0.018248107350266503;0.03130252100840336;0.017121863302370723
378.0;0.014829976303317897;0.015517241379310345;0.03648170893425928
379.5;0.017094017094017096;0.017094017094017096;0.04813729593972374
381.0;0.017623877982923447;0.018026004728132386;0.018086080586080584
382.5;0.018010291595197254;0.01672535211267606;0.016335052812576762
384.0;0.01865038996269922;0.015597920277296359;0.016614200769499828
385.5;0.01850632726208763;0.016335052812576762;0.036415289256198344
387.0;0.015769487034319674;0.017215791035915702;0.03620833182525606
388.5;0.01488644788002137;0.016638225255972697;0.017600844678917392
390.0;0.01488644788002137;0.034408602150537634;0.017699115044247787
391.5;0.01488644788002137;0.015195702225633155;0.018026004728132386
393.0;0.016638225255972697;0.01834862385321101;0.018470790378006873
394.5;0.07551140668406431;0.04798756435113994;0.018086080586080584
396.0;0.015809071886378992;0.017656852955616538;0.034670398009950254
397.5;0.017465858520325457;0.018470790378006873;0.0162748643761302
399.0;0.015724726735506497;0.0175513698630137;0.04511357633386159
400.5;0.01485852872552252;0.016745540589734254;0.017373380447585393
402.0;0.01485852872552252;0.01942319011183049;0.03443877551020408
403.5;0.015695763321720377;0.017373380447585393;0.01654091700522345
405.0;0.015695763321720377;0.01756386861313869;0.01733025239957341
406.5;0.016863406408094434;0.0185554688027144;0.01810699588477366
408.0;0.017623877982923447;0.018470790378006873;0.018147448015122872
409.5;0.017623877982923447;0.046489563567362426;0.03530751708428246
411.0;0.017623877982923447;0.01850632726208763;0.017094017094017096
412.5;0.069651277654558;0.016676298192025096;0.018314772574802095
414.0;0.017498443680569787;0.016676298192025096;0.015963095712199653
415.5;0.07016556801787727;0.040013227513227514;0.019138359569179784
417.0;0.07016556801787727;0.0189328743545611;0.017096763396592697
418.5;0.07096861245658452;0.07182211727666273;0.018354055654233276
420.0;0.018026004728132386;0.018010291595197254;0.018354055654233276
421.5;0.018026004728132386;0.07182211727666273;0.01845342706502636
423.0;0.018026004728132386;0.07182211727666273;0.015225395561747438
424.5;0.015001087035292413;0.07182211727666273;0.0161839863713799
426.0;0.015001087035292413;0.07964135021097048;0.0161839863713799
427.5;0.01842179442537598;0.016863406408094434;0.017651363509179743
429.0;0.014910112661872163;0.017623877982923447;0.017942022234365623
430.5;0.014910112661872163;0.014910112661872163;0.051059730250481696
432.0;0.014910112661872163;0.07993273782747468;0.017945286304307154
433.5;0.01488644788002137;0.015711796950363736;0.01845342706502636
435.0;0.06698855167485213;0.014844188506303903;0.01756386861313869
436.5;0.06698855167485213;0.047619047619047616;0.01854108030998188
438.0;0.015711796950363736;0.07115677321156774;0.01780160609014529
439.5;0.01865038996269922;0.07115677321156774;0.053459119496855355
441.0;0.01865038996269922;0.0457863304578633;0.034408602150537634
442.5;0.01865038996269922;0.08477008000389077;0.01749044044752868
444.0;0.08508990794115118;0.015798668573620674;0.017570604905697253
445.5;0.016676298192025096;0.07201768118265632;0.020949280688858554
447.0;0.014910112661872163;0.07201768118265632;0.01837294890691029
448.5;0.015095605501509561;0.017094017094017096;0.032392026578073094
450.0;0.07905457014342697;0.0161839863713799;0.021172802253067793
451.5;0.016676298192025096;0.07318094281168887;0.01740458308466603
453.0;0.016676298192025096;0.014945495799148322;0.02179487179487179
454.5;0.01488644788002137;0.0175513698630137;0.03548303548303548
456.0;0.07338145632027426;0.01865038996269922;0.07408216783216784
457.5;0.01485852872552252;0.017094017094017096;0.018563734861072236
459.0;0.016557768507871926;0.01597712748065927;0.017373380447585393
460.5;0.016863406408094434;0.016745540589734254;0.025451030927835048
462.0;0.014945495799148322;0.016745540589734254;0.040768782760629
463.5;0.017498443680569787;0.017754480892796753;0.017161715265363805
465.0;0.017498443680569787;0.014945495799148322;0.019845885431811573
466.5;0.018470790378006873;0.01663225731761437;0.019580419580419582
468.0;0.018470790378006873;0.015743018124095107;0.01982057751611999
469.5;0.01834862385321101;0.015743018124095107;0.021384021384021387
471.0;0.016217853406024562;0.015743018124095107;0.020052693208430915
472.5;0.03542094455852156;0.07123317659128059;0.021868250539956804
474.0;0.01726263871763255;0.07524981746976427;0.01937595368138842
475.5;0.016700099238231795;0.018277260861902424;0.01995528228060369
477.0;0.08750361704340555;0.018047156089719053;0.018284611141753997
478.5;0.01756386861313869;0.015934598562628976;0.01814550891015638
480.0;0.016025963289428118;0.018010291595197254;0.01942319011183049
481.5;0.016638225255972697;0.018010291595197254;0.01687718547063441
483.0;0.015095605501509561;0.016638225255972697;0.03540100250626566
484.5;0.08110292001505391;0.044197031039136296;0.016872744550154417
486.0;0.016863406408094434;0.044197031039136296;0.01733025239957341
487.5;0.0161839863713799;0.0161839863713799;0.033547008547008546
489.0;0.016863406408094434;0.01850632726208763;0.01862097440132122
490.5;0.017094017094017096;0.017547197908565945;0.016650623542749578
492.0;0.017373380447585393;0.017547197908565945;0.037285441830896375
493.5;0.017754480892796753;0.017547197908565945;0.018991486574983625
495.0;0.015769487034319674;0.01663225731761437;0.018595825426944972
496.5;0.015769487034319674;0.01488644788002137;0.018207126948775056
498.0;0.018010291595197254;0.0175513698630137;0.01672535211267606
499.5;0.015809071886378992;0.0161839863713799;0.01992774510934317
501.0;0.017498443680569787;0.0161839863713799;0.017764891224825965
502.5;0.015724726735506497;0.0175513698630137;0.015716780441339895
504.0;0.017427438387099873;0.0189328743545611;0.018612132352941176
505.5;0.01570251018973342;0.016745540589734254;0.0177109440267335
507.0;0.01570251018973342;0.01842179442537598;0.01654091700522345
508.5;0.016550266845809666;0.017094017094017096;0.020259533898305086
510.0;0.016638225255972697;0.015095605501509561;0.018683585614030433
511.5;0.015095605501509561;0.016863406408094434;0.018538209281526382
513.0;0.016676298192025096;0.016745540589734254;0.021359223300970873
514.5;0.016676298192025096;0.016676298192025096;0.01834862385321101
516.0;0.017094017094017096;0.016863406408094434;0.018902169101372285
517.5;0.01597712748065927;0.015001087035292413;0.018371212121212118
519.0;0.01612259159428971;0.016676298192025096;0.01749271137026239
520.5;0.08604707891206247;0.01654091700522345;0.019341334077588614
522.0;0.015762630806304054;0.017934291168491913;0.019961612284069098
523.5;0.017094017094017096;0.01672535211267606;0.018231341928454693
525.0;0.016638225255972697;0.0170487948265726;0.017699115044247787
526.5;0.07922182109907742;0.017094017094017096;0.01730418943533698
528.0;0.07922182109907742;0.015001087035292413;0.017260787992495308
529.5;0.049329501915708805;0.019139945314441957;0.020410766679423396
531.0;0.08175211949939443;0.01874107841782935;0.017373380447585393
532.5;0.041666666666666664;0.01845157937014199;0.018710829325171256
534.0;0.0161839863713799;0.01597712748065927;0.05230034722222222
535.5;0.016403046280023436;0.01597712748065927;0.017432449259120908
537.0;0.01749271137026239;0.01836806645203033;0.017120765832106036
538.5;0.018354055654233276;0.018289844042285466;0.0170487948265726
540.0;0.017094017094017096;0.015695763321720377;0.04334677419354839
541.5;0.017699115044247787;0.0161839863713799;0.017699115044247787
543.0;0.018354055654233276;0.01597712748065927;0.018416436983212228
544.5;0.018876611418047883;0.01597712748065927;0.04646503015051517
546.0;0.018876611418047883;0.01842179442537598;0.01983411467724486
547.5;0.017083111144968386;0.015769487034319674;0.033547008547008546
549.0;0.016403046280023436;0.08302956662616444;0.03397147147147147
550.5;0.016638225255972697;0.017623877982923447;0.018876611418047883
552.0;0.017623877982923447;0.018010291595197254;0.01756386861313869
553.5;0.016403046280023436;0.015095605501509561;0.01730418943533698
555.0;0.017094017094017096;0.016745540589734254;0.053001423504716864
556.5;0.06859415127164278;0.015280135823429542;0.018026004728132386
558.0;0.0189328743545611;0.015001087035292413;0.017971946230274694
559.5;0.0189328743545611;0.018332165356039182;0.01723920181864107
561.0;0.015731292517006803;0.016582472972657695;0.040013227513227514
562.5;0.01865038996269922;0.015731292517006803;0.017934291168491913
564.0;0.08458244111349036;0.0175513698630137;0.04857910906298003
565.5;0.0175513698630137;0.01865038996269922;0.050648692050881114
567.0;0.015871286409530037;0.015809071886378992;0.015137543115579726
568.5;0.08431531897602601;0.015769487034319674;0.017824497257769654
570.0;0.016676298192025096;0.015724726735506497;0.021201202624914563
571.5;0.015769487034319674;0.015724726735506497;0.017014223170188802
573.0;0.018010291595197254;0.017427438387099873;0.01834862385321101
574.5;0.018470790378006873;0.017427438387099873;0.016838000708968452
576.0;0.01597712748065927;0.0182681206624895;0.019736842105263157
577.5;0.01733025239957341;0.01826142579350741;0.016530360693496
579.0;0.015109552273918112;0.01825283975007182;0.017094017094017096
580.5;0.0857089505788622;0.014830971492820427;0.03798297314996725
582.0;0.0857089505788622;0.015095605501509561;0.03469827586206897
583.5;0.0175513698630137;0.016676298192025096;0.03982067510548524
585.0;0.043703007518796994;0.016863406408094434;0.0196525928743502
586.5;0.01597712748065927;0.015871286409530037;0.016296861819696112
588.0;0.017623877982923447;0.015871286409530037;0.016914106957326834
589.5;0.015743018124095107;0.014945495799148322;0.0170487948265726
591.0;0.01865038996269922;0.01660281557997176;0.0188212927756654
592.5;0.015871286409530037;0.01660281557997176;0.08307461191787681
594.0;0.015871286409530037;0.014850222990092551;0.01730418943533698
595.5;0.015769487034319674;0.014844188506303903;0.035751028806584366
597.0;0.017094017094017096;0.0663123755999786;0.07061503416856492
598.5;0.016638225255972697;0.017015706806282723;0.017373380447585393
600.0;0.017547197908565945;0.018792559974975337;0.018086080586080584
601.5;0.015280135823429542;0.014975431187270396;0.051263641585295804
603.0;0.01850632726208763;0.018354055654233276;0.08175211949939443
604.5;0.01836806645203033;0.018010291595197254;0.01865038996269922
606.0;0.016582472972657695;0.017754480892796753;0.017094017094017096
607.5;0.01783664661861255;0.017094017094017096;0.019731800766283527
609.0;0.09087154068566708;0.016089299461123942;0.019659185369908565
610.5;0.018612132352941176;0.016089299461123942;0.015096975458092843
612.0;0.015280135823429542;0.0161839863713799;0.057535046728971966
613.5;0.09809098294069861;0.0161839863713799;0.019626168224299065
615.0;0.01879117923894043;0.0161839863713799;0.1033783783783784
616.5;0.018010291595197254;0.016863406408094434;0.016884378711000757
618.0;0.04425612052730697;0.016863406408094434;0.0350922131147541
619.5;0.01726263871763255;0.014945495799148322;0.01608187134502924
621.0;0.04208416833667335;0.01663225731761437;0.01865038996269922
622.5;0.017971946230274694;0.0175513698630137;0.0175513698630137
624.0;0.08730111700394062;0.017094017094017096;0.01678765880217786
625.5;0.01865038996269922;0.017623877982923447;0.018503600886795833
627.0;0.08730412535976975;0.01842179442537598;0.017094017094017096
628.5;0.017699115044247787;0.01836806645203033;0.056487924682767095
630.0;0.0882232252769799;0.0161839863713799;0.09498378325651718
631.5;0.0170487948265726;0.018026004728132386;0.017245498577354967
633.0;0.016863406408094434;0.051640926640926635;0.01674223954857426
634.5;0.018197573656845753;0.015731292517006803;0.017754480892796753
636.0;0.01672239597595953;0.015731292517006803;0.039603960396039604
637.5;0.019408502772643253;0.017623877982923447;0.017754480892796753
639.0;0.01882395123700251;0.017754480892796753;0.07883717752634664
640.5;0.017112577971766515;0.014945495799148322;0.0161839863713799
642.0;0.018384535431613926;0.01749271137026239;0.017623877982923447
643.5;0.017504912632859953;0.017094017094017096;0.07326130256843867
645.0;0.016638225255972697;0.019731800766283527;0.015095605501509561
646.5;0.017699115044247787;0.018026004728132386;0.017302798982188294
648.0;0.015597920277296359;0.03879026955950033;0.01695388914764788
649.5;0.015854570888502284;0.018026004728132386;0.015095605501509561
651.0;0.017754480892796753;0.017215791035915702;0.014910112661872163
652.5;0.017373380447585393;0.016429426632965278;0.015095605501509561
654.0;0.01756386861313869;0.016838000708968452;0.015095605501509561
655.5;0.019142066420664204;0.044444948784288806;0.014945495799148322
657.0;0.018323203432248837;0.01587777695652498;0.016638225255972697
658.5;0.018671683262517162;0.016680743654481255;0.041666666666666664
660.0;0.05831533477321814;0.017094017094017096;0.017368069472277887
661.5;0.017094017094017096;0.018010291595197254;0.018164580390260854
663.0;0.016638225255972697;0.01850632726208763;0.020212060967528162
664.5;0.01597712748065927;0.017754480892796753;0.09533967837216933
666.0;0.01663225731761437;0.01850632726208763;0.018937169700528483
667.5;0.014870091759449306;0.01865038996269922;0.018010291595197254
669.0;0.07524981746976427;0.017373380447585393;0.017754480892796753
670.5;0.018026004728132386;0.017754480892796753;0.015001087035292413
672.0;0.016403046280023436;0.05048076923076923;0.042924211938296444
673.5;0.019675925925925927;0.015001087035292413;0.016897746967071057
675.0;0.01834862385321101;0.015871286409530037;0.015163102542134104
676.5;0.017589562129129856;0.0161839863713799;0.04875717017208413
678.0;0.018612132352941176;0.04377104377104378;0.016638225255972697
679.5;0.03646288209606987;0.07894736842105263;0.015095605501509561
681.0;0.01834862385321101;0.015280135823429542;0.01756386861313869
682.5;0.015154962909024714;0.04990403071017274;0.017094017094017096
684.0;0.03674948240165632;0.017094017094017096;0.05048076923076923
685.5;0.016838000708968452;0.01850632726208763;0.017094017094017096
687.0;0.015302583076023234;0.015095605501509561;0.05720906282183316
688.5;0.041250831669993354;0.045928030303030304;0.016913979694298784
690.0;0.09492273730684328;0.015871286409530037;0.017094017094017096
691.5;0.09492273730684328;0.08033826638477802;0.017094017094017096
693.0;0.0470532319391635;0.016863406408094434;0.04208416833667335
694.5;0.01865038996269922;0.015809071886378992;0.0161839863713799
696.0;0.08477640342530923;0.018010291595197254;0.01730418943533698
697.5;0.018010291595197254;0.016638225255972697;0.01733025239957341
699.0;0.08302956662616444;0.0161839863713799;0.017768879853890487
700.5;0.01865038996269922;0.019082371238858645;0.016043635035830027
702.0;0.01865038996269922;0.019345238095238096;0.017563955708285603
703.5;0.015095605501509561;0.05048076923076923;0.017316539102834528
705.0;0.016745540589734254;0.015095605501509561;0.017581729154630937
706.5;0.014910112661872163;0.07922182109907742;0.018197573656845753
708.0;0.017443347491498312;0.07922182109907742;0.019731800766283527
709.5;0.017373380447585393;0.017094017094017096;0.019731800766283527
711.0;0.01702553830746119;0.01850632726208763;0.019731800766283527
712.5;0.016638225255972697;0.01663225731761437;0.018470790378006873
714.0;0.08755082619603771;0.018010291595197254;0.018010291595197254
715.5;0.017699115044247787;0.015095605501509561;0.016638225255972697
717.0;0.01749271137026239;0.018026004728132386;0.03879026955950033
718.5;0.01749271137026239;0.01865038996269922;0.018197573656845753
720.0;0.10674846625766872;0.014910112661872163;0.018010291595197254
721.5;0.0170487948265726;0.017754480892796753;0.017623877982923447
723.0;0.016830578931359627;0.017754480892796753;0.017094017094017096
724.5;0.018848906360245943;0.03718199608610568;0.01845342706502636
726.0;0.015095605501509561;0.01597712748065927;0.017094017094017096
727.5;0.08747300215982722;0.09087154068566708;0.018026004728132386
729.0;0.017754480892796753;0.07756813417190776;0.016638225255972697
730.5;0.017754480892796753;0.0170487948265726;0.01597712748065927
732.0;0.017623877982923447;0.08887817422050787;0.01756386861313869
733.5;0.0189328743545611;0.0544885627967199;0.04485667998011004
735.0;0.016638225255972697;0.01842800035618964;0.01583436633020483
736.5;0.015095605501509561;0.018958563905059844;0.015825372934697504
738.0;0.08338930129741895;0.017094017094017096;0.019731800766283527
739.5;0.015001087035292413;0.08116577875274208;0.018413173652694608
741.0;0.017094017094017096;0.041250831669993354;0.020171743357096563
742.5;0.015095605501509561;0.017373380447585393;0.016066817325137983
744.0;0.017094017094017096;0.04536862003780718;0.0189328743545611
745.5;0.01597712748065927;0.01865038996269922;0.015001087035292413
747.0;0.015871286409530037;0.017934291168491913;0.018314772574802095
748.5;0.01597712748065927;0.01862097440132122;0.016979552792060267
750.0;0.018470790378006873;0.017154737992035804;0.015280135823429542
751.5;0.04334677419354839;0.019598155467720684;0.017094017094017096
753.0;0.01597712748065927;0.017432449259120908;0.017094017094017096
754.5;0.018026004728132386;0.016979552792060267;0.017754480892796753
756.0;0.019139945314441957;0.04083665338645418;0.01702553830746119
757.5;0.015033359741139864;0.0189328743545611;0.016745540589734254
759.0;0.01749271137026239;0.015095605501509561;0.01597712748065927
760.5;0.037422037422037424;0.0170487948265726;0.04208416833667335
762.0;0.016293098349991132;0.0161839863713799;0.0161839863713799
763.5;0.0161839863713799;0.01749271137026239;0.018848906360245943
765.0;0.041250831669993354;0.09434930989701308;0.0189328743545611
766.5;0.07182211727666273;0.017824497257769654;0.015095605501509561
768.0;0.07434304424481572;0.04421768707482994;0.017754480892796753
769.5;0.017094017094017096;0.08933406990418931;0.015280135823429542
771.0;0.01865038996269922;0.0189328743545611;0.01850632726208763
772.5;0.016745540589734254;0.01865038996269922;0.01726263871763255
774.0;0.017547197908565945;0.015280135823429542;0.017656852955616538
775.5;0.017547197908565945;0.017699115044247787;0.015825372934697504
777.0;0.017094017094017096;0.03608247422680412;0.038385826771653545
778.5;0.015001087035292413;0.01658516707416463;0.05048076923076923
780.0;0.0175513698630137;0.01779592331824472;0.015095605501509561
781.5;0.017754480892796753;0.0189328743545611;0.05281007751937984
783.0;0.0161839863713799;0.0457863304578633;0.015095605501509561
784.5;0.01850632726208763;0.016638225255972697;0.038100208768267224
786.0;0.07620041753653445;0.06384451544195953;0.07874458630969121
787.5;0.016745540589734254;0.01846102916835252;0.01597712748065927
789.0;0.05222437137330754;0.03718199608610568;0.08302956662616444
790.5;0.016863406408094434;0.015225395561747438;0.07796881247500999
792.0;0.016863406408094434;0.018197573656845753;0.018010291595197254
793.5;0.016863406408094434;0.03608247422680412;0.01850632726208763
795.0;0.016863406408094434;0.017679771605305417;0.018026004728132386
796.5;0.016745540589734254;0.0175513698630137;0.05048076923076923
798.0;0.018470790378006873;0.016335052812576762;0.05048076923076923
799.5;0.0189328743545611;0.03542094455852156;0.016745540589734254
801.0;0.016863406408094434;0.015663069961712496;0.01836806645203033
802.5;0.015809071886378992;0.04377104377104378;0.01597712748065927
804.0;0.015743018124095107;0.03411405295315682;0.040424121935056324
805.5;0.018470790378006873;0.015597920277296359;0.01749271137026239
807.0;0.08315565031982942;0.019013666072489603;0.019082371238858645
808.5;0.07061592781482934;0.038385826771653545;0.018443932541639993
810.0;0.015095605501509561;0.049329501915708805;0.015095605501509561
811.5;0.049329501915708805;0.019274809160305342;0.017971946230274694
813.0;0.015731292517006803;0.01904761904761905;0.018612132352941176
814.5;0.015871286409530037;0.018759141882008775;0.01606832657788072
816.0;0.017547197908565945;0.01688887683272525;0.031578947368421054
817.5;0.015743018124095107;0.01672535211267606;0.016371008616320324
819.0;0.0175513698630137;0.018696834582424188;0.016285076905013504
820.5;0.017754480892796753;0.018026004728132386;0.018442419626077875
822.0;0.047619047619047616;0.018010291595197254;0.01597712748065927
823.5;0.01612259159428971;0.08431531897602601;0.017373380447585393
825.0;0.0161839863713799;0.017699115044247787;0.018086080586080584
826.5;0.018354055654233276;0.01726263871763255;0.07281963877548324
828.0;0.01865038996269922;0.08602150537634409;0.020213754646840148
829.5;0.015280135823429542;0.046489563567362426;0.018876611418047883
831.0;0.018086080586080584;0.06277533039647576;0.01713180436584692
832.5;0.0185554688027144;0.018010291595197254;0.018033536949715063
834.0;0.017015706806282723;0.01983411467724486;0.018512930125758983
835.5;0.01702553830746119;0.017699115044247787;0.015280135823429542
837.0;0.01749271137026239;0.09340659340659341;0.041666666666666664
838.5;0.016830578931359627;0.01702553830746119;0.03498920086393088
840.0;0.0189328743545611;0.041250831669993354;0.016913979694298784
841.5;0.016676298192025096;0.01834061135371179;0.01929824561403509
843.0;0.017465858520325457;0.017121863302370723;0.016638225255972697
844.5;0.016582472972657695;0.018699545475974563;0.04377104377104378
846.0;0.018277260861902424;0.044811320754716985;0.047619047619047616
847.5;0.016550266845809666;0.01845342706502636;0.018612132352941176
849.0;0.018371212121212118;0.017368069472277887;0.01756386861313869
850.5;0.018028727092620107;0.017883272962794156;0.016988416988416986
852.0;0.019408502772643253;0.018010291595197254;0.018026004728132386
853.5;0.019082371238858645;0.017094017094017096;0.016403046280023436
855.0;0.016227244820246782;0.03469827586206897;0.06057007125890736
856.5;0.01581584410598252;0.016547024742192912;0.019139945314441957
858.0;0.01491406908503138;0.015280135823429542;0.017620235846214374
859.5;0.017971946230274694;0.018143754361479414;0.017934291168491913
861.0;0.04674489023467071;0.01535109722361575;0.016335052812576762
862.5;0.03879026955950033;0.019013666072489603;0.01749271137026239
864.0;0.015280135823429542;0.017754480892796753;0.01726263871763255
865.5;0.017754480892796753;0.019659185369908565;0.01749271137026239
867.0;0.015001087035292413;0.0170487948265726;0.01862097440132122
868.5;0.01842179442537598;0.049329501915708805;0.08164804093173555
870.0;0.01830736743700201;0.0189328743545611;0.062143611404435056
871.5;0.015280135823429542;0.09553690485528277;0.019139945314441957
873.0;0.07425742574257424;0.050076808681015175;0.019675925925925927
874.5;0.016676298192025096;0.01865038996269922;0.018354055654233276
876.0;0.01488644788002137;0.018470790378006873;0.018612132352941176
877.5;0.015095605501509561;0.08033826638477802;0.01780160609014529
879.0;0.016745540589734254;0.05394088669950739;0.019082935124733354
880.5;0.016863406408094434;0.018470790378006873;0.01606832657788072
882.0;0.08386958386958387;0.01874107841782935;0.01733025239957341
883.5;0.017094017094017096;0.016648083640921553;0.015992751525289242
885.0;0.015001087035292413;0.01658993849415681;0.01581441031817882
886.5;0.07224770642201835;0.017410800109383524;0.016638225255972697
888.0;0.015069294547215105;0.03411405295315682;0.08048289738430583
889.5;0.017534382187836362;0.018026004728132386;0.01597712748065927
891.0;0.039603960396039604;0.038385826771653545;0.015597920277296359
892.5;0.015871286409530037;0.0175513698630137;0.019138359569179784
894.0;0.015001087035292413;0.043703007518796994;0.03318419090231171
895.5;0.014945495799148322;0.0882232252769799;0.09533967837216933
897.0;0.06626088925009356;0.03411405295315682;0.019139945314441957
898.5;0.015711796950363736;0.017563955708285603;0.018086080586080584
900.0;0.016403046280023436;0.016383308191854164;0.05060240963855422
901.5;0.018010291595197254;0.01845342706502636;0.018918918918918916
903.0;0.016863406408094434;0.01549874155517287;0.04701969132517296
904.5;0.018470790378006873;0.016807551075732556;0.01929824561403509
906.0;0.045928030303030304;0.015731292517006803;0.01866458752950859
907.5;0.017754480892796753;0.016863406408094434;0.03798297314996725
909.0;0.016676298192025096;0.017547197908565945;0.05265448215839861
910.5;0.01597712748065927;0.01836806645203033;0.017287443030017287
912.0;0.01842179442537598;0.01597712748065927;0.015280135823429542
913.5;0.018332165356039182;0.01862097440132122;0.018487434139972954
915.0;0.016638225255972697;0.015328635705238998;0.03263403263403263
916.5;0.017754480892796753;0.01672535211267606;0.019916219894086207
918.0;0.017547197908565945;0.01834862385321101;0.018595825426944972
919.5;0.01836806645203033;0.016937514305333027;0.017697567180791858
921.0;0.018010291595197254;0.018010291595197254;0.01733025239957341
922.5;0.03758169934640523;0.017596390484003282;0.019944341372912802
924.0;0.017754480892796753;0.03678220327120415;0.016403046280023436
925.5;0.017547197908565945;0.017824497257769654;0.05105498228861851
927.0;0.07659179563235237;0.04428854988714763;0.016838000708968452
928.5;0.016638225255972697;0.09340659340659341;0.07650139093438064
930.0;0.01865038996269922;0.017623877982923447;0.0188212927756654
931.5;0.01865038996269922;0.014910112661872163;0.018991486574983625
933.0;0.0175513698630137;0.017094017094017096;0.04450788830945937
934.5;0.015001087035292413;0.040424121935056324;0.018544683857294242
936.0;0.015809071886378992;0.018010291595197254;0.0488240235195296
937.5;0.01845342706502636;0.01865038996269922;0.05669428696031399
939.0;0.08458244111349036;0.09761210353627416;0.051180565033437965
940.5;0.018470790378006873;0.062143611404435056;0.057109557109557105
942.0;0.015731292517006803;0.01738191370786101;0.0352812670671764
943.5;0.015414729630535846;0.018147448015122872;0.016959333557342783
945.0;0.0175513698630137;0.04020393656396304;0.07223320158102767
946.5;0.017754480892796753;0.01779592331824472;0.019138359569179784
948.0;0.017754480892796753;0.01784040701566475;0.017924528301886795
949.5;0.016676298192025096;0.01694768198513463;0.017187160350699227
951.0;0.014910112661872163;0.015095605501509561;0.01749271137026239
952.5;0.017754480892796753;0.018010291595197254;0.017825311942959002
954.0;0.015731292517006803;0.0170487948265726;0.059178447039541074
955.5;0.017754480892796753;0.0350922131147541;0.01645021645021645
957.0;0.0175513698630137;0.015907416444202047;0.04666666666666666
958.5;0.0175513698630137;0.015783713313901306;0.018313005837777455
960.0;0.0175513698630137;0.07796881247500999;0.017699115044247787
961.5;0.01850632726208763;0.01836806645203033;0.018786847740005278
963.0;0.015809071886378992;0.049329501915708805;0.05542725173210161
964.5;0.015809071886378992;0.08458244111349036;0.07571623465211459
966.0;0.01830736743700201;0.049329501915708805;0.032151143520053035
967.5;0.015711796950363736;0.017373380447585393;0.04308815858111633
969.0;0.015711796950363736;0.07620041753653445;0.018876611418047883
970.5;0.01741601350785099;0.018683274021352312;0.020006613756613757
972.0;0.01741601350785099;0.017699115044247787;0.03503787878787879
973.5;0.01741601350785099;0.017368069472277887;0.01859099804305284
975.0;0.01741601350785099;0.017754480892796753;0.01880020509314647
976.5;0.017401635028469288;0.018010291595197254;0.04953231292517008
978.0;0.018256492034823147;0.017094017094017096;0.03846660085554459
979.5;0.06833177282325804;0.017547197908565945;0.09756180816306627
981.0;0.06833177282325804;0.0161839863713799;0.02009132420091324
982.5;0.06833177282325804;0.04064736499674691;0.018612132352941176
984.0;0.06833177282325804;0.016814276581479114;0.04360576310085427
985.5;0.06833177282325804;0.01856002343807222;0.01723229945899574
987.0;0.01825012709422827;0.039603960396039604;0.03185654008438818
988.5;0.017389540773412943;0.0189328743545611;0.05015723270440251
990.0;0.017388172610590263;0.04425612052730697;0.01918644899735824
991.5;0.01567842217100666;0.034408602150537634;0.018558172733761598
993.0;0.01567842217100666;0.01765061454765263;0.03234880450070324
994.5;0.01567842217100666;0.0884999841086837;0.01941938014907807
996.0;0.01567842217100666;0.018683274021352312;0.018371212121212118
997.5;0.014828261126484797;0.019139945314441957;0.019274809160305342
999.0;0.014828261126484797;0.0175513698630137;0.019679300291545188
1000.5;0.04205607476635514;0.017754480892796753;0.033861185983827494
1002.0;0.015095605501509561;0.018470790378006873;0.019580775075714846
1003.5;0.015095605501509561;0.01726263871763255;0.03383297644539615
1005.0;0.015095605501509561;0.017015706806282723;0.020410766679423396
1006.5;0.08099593301892197;0.01879117923894043;0.03412017167381975
1008.0;0.014910112661872163;0.017754480892796753;0.017830478700043915
1009.5;0.06945691490726251;0.01733025239957341;0.03397147147147147
1011.0;0.018010291595197254;0.03412017167381975;0.01822513964717392
1012.5;0.049329501915708805;0.016089299461123942;0.0195062024330317
1014.0;0.0189328743545611;0.01733025239957341;0.01929824561403509
1015.5;0.0189328743545611;0.018624934405591875;0.03780687397708675
1017.0;0.0189328743545611;0.016638225255972697;0.04348661950169178
1018.5;0.0189328743545611;0.016348533050547898;0.060106482346347835
1020.0;0.0189328743545611;0.06328182487122885;0.018429899149693493
1021.5;0.01865038996269922;0.017121863302370723;0.018595825426944972
1023.0;0.08024848949025615;0.015517241379310345;0.01857743019312759
1024.5;0.015769487034319674;0.047619047619047616;0.036565096952908584
1026.0;0.015769487034319674;0.03919631093544137;0.040177162965659506
1027.5;0.017427438387099873;0.016745540589734254;0.01929824561403509
1029.0;0.017427438387099873;0.041666666666666664;0.021042084168336674
1030.5;0.01740771421307761;0.017883272962794156;0.03542094455852156
1032.0;0.016638225255972697;0.051640926640926635;0.03557483731019522
1033.5;0.015095605501509561;0.041250831669993354;0.019629263047276906
1035.0;0.06854651270894926;0.041250831669993354;0.01834862385321101
1036.5;0.01663225731761437;0.018314772574802095;0.01749271137026239
1038.0;0.017465858520325457;0.015926980240613186;0.05105498228861851
1039.5;0.01485852872552252;0.01850632726208763;0.018532478954642544
1041.0;0.016557768507871926;0.04260299625468165;0.016404391880884894
1042.5;0.014844188506303903;0.017094017094017096;0.017824497257769654
1044.0;0.01597712748065927;0.016863406408094434;0.03992395437262357
1045.5;0.01597712748065927;0.05281007751937984;0.018543046357615892
1047.0;0.016676298192025096;0.015871286409530037;0.018876611418047883
1048.5;0.016638225255972697;0.01836806645203033;0.05175339366515837
1050.0;0.015095605501509561;0.015731292517006803;0.019230769230769232
1051.5;0.015095605501509561;0.018202378957949406;0.019408502772643253
1053.0;0.016745540589734254;0.018937169700528483;0.01645021645021645
1054.5;0.0175513698630137;0.017094017094017096;0.05459770114942529
1056.0;0.016863406408094434;0.015095605501509561;0.016128420893033128
1057.5;0.036415289256198344;0.017094017094017096;0.06379056047197638
1059.0;0.018323203432248837;0.048187022900763356;0.019659185369908565
1060.5;0.01713180436584692;0.018086080586080584;0.042820886656946916
1062.0;0.01713180436584692;0.019345238095238096;0.059846547314578
1063.5;0.015992751525289242;0.01749271137026239;0.01834862385321101
1065.0;0.015992751525289242;0.016081348496769426;0.057535046728971966
1066.5;0.015001087035292413;0.019082371238858645;0.036406955358635675
1068.0;0.01842179442537598;0.0188212927756654;0.017963757856334885
1069.5;0.015743018124095107;0.016835957338750634;0.04160177975528365
1071.0;0.015743018124095107;0.019327580007191657;0.015476772786176105
1072.5;0.015724726735506497;0.0161446953143967;0.02019230769230769
1074.0;0.017427438387099873;0.01733025239957341;0.03277439024390244
1075.5;0.01741601350785099;0.018041485106324483;0.035869565217391305
1077.0;0.01741601350785099;0.017109646505052045;0.048810617338696904
1078.5;0.01741601350785099;0.0175513698630137;0.019274809160305342
1080.0;0.01741601350785099;0.08033826638477802;0.055844907407407406
1081.5;0.01741601350785099;0.017699115044247787;0.016937514305333027
1083.0;0.016550266845809666;0.015731292517006803;0.036921369689283445
1084.5;0.01654477169890474;0.0161839863713799;0.019408502772643253
1086.0;0.015684481542853023;0.018010291595197254;0.017987706243934
1087.5;0.01653549687010534;0.018323203432248837;0.016530797101449276
1089.0;0.015680987109796585;0.01749271137026239;0.019327580007191657
1090.5;0.017754480892796753;0.0175513698630137;0.017094017094017096
1092.0;0.043703007518796994;0.0161839863713799;0.03599221789883269
1093.5;0.01865038996269922;0.01780160609014529;0.016022693925462194
1095.0;0.017547197908565945;0.0175586353585768;0.01698283068612951
1096.5;0.017547197908565945;0.015098178604238855;0.04314890102909414
1098.0;0.018010291595197254;0.0189328743545611;0.051059730250481696
1099.5;0.016745540589734254;0.0170487948265726;0.09371833839918947
1101.0;0.04083665338645418;0.01597712748065927;0.018026004728132386
1102.5;0.01879117923894043;0.017623877982923447;0.01904761904761905
1104.0;0.01676981545879932;0.01663225731761437;0.015414729630535846
1105.5;0.01756986948869448;0.05669428696031399;0.019263204616067467
1107.0;0.08954302181967888;0.018033536949715063;0.018426930440331845
1108.5;0.01726263871763255;0.018033536949715063;0.018902169101372285
1110.0;0.015907416444202047;0.0882232252769799;0.03215077605321508
1111.5;0.016648083640921553;0.015095605501509561;0.01838106575169806
1113.0;0.016648083640921553;0.01850632726208763;0.019345238095238096
1114.5;0.016648083640921553;0.08110292001505391;0.040013227513227514
1116.0;0.01573143975108125;0.08110292001505391;0.017825311942959002
1117.5;0.017433311232636223;0.017443347491498312;0.09145171605201449
1119.0;0.014846432385212723;0.01597712748065927;0.018143754361479414
1120.5;0.014846432385212723;0.017623877982923447;0.018197573656845753
1122.0;0.01740390041615224;0.044811320754716985;0.01712538226299694
1123.5;0.018470790378006873;0.01865038996269922;0.042296918767507005
1125.0;0.018470790378006873;0.016676298192025096;0.01995528228060369
1126.5;0.017754480892796753;0.016676298192025096;0.017643371197873566
1128.0;0.017754480892796753;0.016676298192025096;0.018696455568620863
1129.5;0.01842179442537598;0.016638225255972697;0.018197573656845753
1131.0;0.017498443680569787;0.01865038996269922;0.01834862385321101
1132.5;0.016582472972657695;0.01865038996269922;0.01733025239957341
1134.0;0.04875717017208413;0.015809071886378992;0.018612132352941176
1135.5;0.04875717017208413;0.015809071886378992;0.05964912280701754
1137.0;0.01597712748065927;0.015809071886378992;0.01888356123838276
1138.5;0.08216097234185091;0.015871286409530037;0.019540415891253337
1140.0;0.06780848193311179;0.0175513698630137;0.0181773711831199
1141.5;0.04536862003780718;0.01597712748065927;0.0153103221203973
1143.0;0.01597712748065927;0.0674469940084216;0.019274809160305342
1144.5;0.07868285545991754;0.01836806645203033;0.0532795156407669
1146.0;0.01597712748065927;0.08215271463641584;0.04421768707482994
1147.5;0.017547197908565945;0.08180102222876223;0.018836565096952907
1149.0;0.018026004728132386;0.078274430155538;0.0751965855375417
1150.5;0.017015706806282723;0.0824638077394375;0.0370850622406639
1152.0;0.019013666072489603;0.017401635028469288;0.038441422594142266
1153.5;0.018010291595197254;0.017401635028469288;0.021037709101219167
1155.0;0.018010291595197254;0.047619047619047616;0.017373380447585393
1156.5;0.01597712748065927;0.016863406408094434;0.08904109589041097
1158.0;0.016745540589734254;0.015001087035292413;0.04831506293138449
1159.5;0.01663225731761437;0.03798297314996725;0.019139945314441957
1161.0;0.016582472972657695;0.017015706806282723;0.018542690508967015
1162.5;0.015095605501509561;0.07617778854305439;0.016644053242789555
1164.0;0.01865038996269922;0.016830578931359627;0.019139945314441957
1165.5;0.01865038996269922;0.018470790378006873;0.01929824561403509
1167.0;0.018354055654233276;0.015871286409530037;0.017824497257769654
1168.5;0.015731292517006803;0.0718766971927262;0.03674948240165632
1170.0;0.015731292517006803;0.07547665433531073;0.018876611418047883
1171.5;0.017373380447585393;0.015095605501509561;0.05669428696031399
1173.0;0.08862515034733302;0.017547197908565945;0.03542094455852156
1174.5;0.017534382187836362;0.01830736743700201;0.01845400161997053
1176.0;0.018010291595197254;0.01741601350785099;0.04064736499674691
1177.5;0.015095605501509561;0.01741601350785099;0.01687038250378437
1179.0;0.018470790378006873;0.01741601350785099;0.017373380447585393
1180.5;0.017015706806282723;0.01741601350785099;0.018532478954642544
1182.0;0.016638225255972697;0.07690949409019684;0.0186670525488899
1183.5;0.01834061135371179;0.0161839863713799;0.01682910128297781
1185.0;0.018010291595197254;0.016745540589734254;0.016838000708968452
1186.5;0.018010291595197254;0.01836806645203033;0.019598155467720684
1188.0;0.0161839863713799;0.015743018124095107;0.04201064303346688
1189.5;0.017825311942959002;0.01741601350785099;0.033445440956651716
1191.0;0.015245106155354892;0.01741601350785099;0.042398319075491527
1192.5;0.015958442650909548;0.01654477169890474;0.033547008547008546
1194.0;0.01597712748065927;0.01654477169890474;0.019408502772643253
1195.5;0.016863406408094434;0.01654477169890474;0.016335052812576762
1197.0;0.01675356994726551;0.017397154861764727;0.0931141714793425
1198.5;0.0425033467202142;0.017397154861764727;0.01730418943533698
1200.0;0.017934291168491913;0.01726263871763255;0.01615855126908443
1201.5;0.017094017094017096;0.017645059094131093;0.018595825426944972
1203.0;0.017373380447585393;0.018082813426555547;0.019114380899500277
1204.5;0.01702553830746119;0.017754480892796753;0.04754045474488348
1206.0;0.04425612052730697;0.015095605501509561;0.017015706806282723
1207.5;0.0161839863713799;0.016745540589734254;0.05501152073732719
1209.0;0.07668608086435384;0.018470790378006873;0.0425033467202142
1210.5;0.016676298192025096;0.016638225255972697;0.03476946334089191
1212.0;0.016638225255972697;0.015731292517006803;0.01982057751611999
1213.5;0.0175513698630137;0.0189328743545611;0.033375434164824754
1215.0;0.016638225255972697;0.0189328743545611;0.019308943089430895
1216.5;0.015871286409530037;0.01850632726208763;0.03608897721162675
1218.0;0.01663225731761437;0.01850632726208763;0.018612132352941176
1219.5;0.016568094782873223;0.01850632726208763;0.01772583585828775
1221.0;0.018010291595197254;0.01850632726208763;0.01645021645021645
1222.5;0.019139945314441957;0.015809071886378992;0.060184947341381974
1224.0;0.015154962909024714;0.06732177216716176;0.040742157612853866
1225.5;0.015907416444202047;0.06732177216716176;0.020410766679423396
1227.0;0.018086080586080584;0.08530042918454936;0.018595825426944972
1228.5;0.01537736404878336;0.08530042918454936;0.019276956137024393
1230.0;0.016025963289428118;0.015095605501509561;0.055086848635235726
1231.5;0.018010291595197254;0.015095605501509561;0.06701755623343265
1233.0;0.01814552172099398;0.015095605501509561;0.017289580550820673
1234.5;0.01645021645021645;0.015095605501509561;0.017825311942959002
1236.0;0.01606832657788072;0.015871286409530037;0.018041485106324483
1237.5;0.019139945314441957;0.05048076923076923;0.016638225255972697
1239.0;0.016638225255972697;0.07786711807024968;0.036783854166666664
1240.5;0.018010291595197254;0.017547197908565945;0.019274809160305342
1242.0;0.07551140668406431;0.01660281557997176;0.04824986537425956
1243.5;0.015731292517006803;0.017427438387099873;0.016158473345778888
1245.0;0.01882395123700251;0.0189328743545611;0.042094349403836176
1246.5;0.04607949801859386;0.015095605501509561;0.017837251896983517
1248.0;0.016194455787724417;0.04875717017208413;0.019071369196057474
1249.5;0.05969267139479905;0.016638225255972697;0.03443877551020408
1251.0;0.09211276786441783;0.0161839863713799;0.05175175175175176
1252.5;0.01672535211267606;0.0175513698630137;0.016547024742192912
1254.0;0.08458244111349036;0.01865038996269922;0.019139945314441957
1255.5;0.08458244111349036;0.01836806645203033;0.0161839863713799
1257.0;0.046489563567362426;0.045928030303030304;0.038441422594142266
1258.5;0.016863406408094434;0.015095605501509561;0.05952107034811879
1260.0;0.017094017094017096;0.0161839863713799;0.018807433122319788
1261.5;0.016863406408094434;0.03798297314996725;0.03542094455852156
1263.0;0.014945495799148322;0.08560945780676722;0.01874107841782935
1264.5;0.0170487948265726;0.0425033467202142;0.03765137029955386
1266.0;0.015095605501509561;0.018026004728132386;0.04705383318776806
1267.5;0.015095605501509561;0.015871286409530037;0.015095605501509561
1269.0;0.01597712748065927;0.01488644788002137;0.015597920277296359
1270.5;0.04425612052730697;0.015724726735506497;0.0350922131147541
1272.0;0.017623877982923447;0.07796881247500999;0.016939604011490892
1273.5;0.018010291595197254;0.01612259159428971;0.015042523121772526
1275.0;0.017623877982923447;0.018470790378006873;0.016616439315877276
1276.5;0.017699115044247787;0.015095605501509561;0.018086080586080584
1278.0;0.0170487948265726;0.01865038996269922;0.019041938815588494
1279.5;0.0189328743545611;0.015001087035292413;0.016638225255972697
1281.0;0.01850632726208763;0.0161839863713799;0.01733025239957341
1282.5;0.015809071886378992;0.0175513698630137;0.015755085912057668
1284.0;0.01836806645203033;0.044811320754716985;0.07115677321156774
1285.5;0.017373380447585393;0.0482897384305835;0.01606832657788072
1287.0;0.0189328743545611;0.07485824586801786;0.017603269400950756
1288.5;0.0161839863713799;0.0175513698630137;0.01850632726208763
1290.0;0.018010291595197254;0.014945495799148322;0.0189328743545611
1291.5;0.08691206543967281;0.01488644788002137;0.018595825426944972
1293.0;0.015001087035292413;0.018010291595197254;0.04724238026124818
1294.5;0.01836806645203033;0.016863406408094434;0.01678765880217786
1296.0;0.01488644788002137;0.06859415127164278;0.018026004728132386
1297.5;0.016638225255972697;0.016676298192025096;0.017699115044247787
1299.0;0.016638225255972697;0.019013666072489603;0.017830478700043915
1300.5;0.018010291595197254;0.01597712748065927;0.018684878732160057
1302.0;0.016863406408094434;0.08265594250021391;0.018086080586080584
1303.5;0.018026004728132386;0.014945495799148322;0.01675356994726551
1305.0;0.017934291168491913;0.01488644788002137;0.015119469629254152
1306.5;0.018470790378006873;0.09340659340659341;0.017094017094017096
1308.0;0.017094017094017096;0.051640926640926635;0.03758169934640523
1309.5;0.018026004728132386;0.08755082619603771;0.017934291168491913
1311.0;0.018026004728132386;0.014945495799148322;0.018470790378006873
1312.5;0.043703007518796994;0.01865038996269922;0.03326226012793177
1314.0;0.015809071886378992;0.018470790378006873;0.016089299461123942
1315.5;0.087535953978907;0.015871286409530037;0.017824497257769654
1317.0;0.0161839863713799;0.015743018124095107;0.018848906360245943
1318.5;0.016638225255972697;0.0161839863713799;0.017971946230274694
1320.0;0.0189328743545611;0.03542094455852156;0.01814552172099398
1321.5;0.017754480892796753;0.019511066553559036;0.018542690508967015
1323.0;0.01730418943533698;0.017094017094017096;0.015731292517006803
1324.5;0.04450788830945937;0.01850632726208763;0.018010291595197254
1326.0;0.01672239597595953;0.018010291595197254;0.018354055654233276
1327.5;0.018010291595197254;0.0175513698630137;0.01597712748065927
1329.0;0.0170487948265726;0.017623877982923447;0.01842179442537598
1330.5;0.015095605501509561;0.018197573656845753;0.048187022900763356
1332.0;0.014945495799148322;0.01783664661861255;0.019345238095238096
1333.5;0.0161839863713799;0.018876611418047883;0.018696834582424188
1335.0;0.018010291595197254;0.018041485106324483;0.018557260605637015
1336.5;0.015001087035292413;0.01587777695652498;0.017644442731128668
1338.0;0.016638225255972697;0.018470790378006873;0.08480097990139822
1339.5;0.01850632726208763;0.018803418803418803;0.018197573656845753
1341.0;0.01850632726208763;0.02117828263380824;0.041666666666666664
1342.5;0.018323203432248837;0.019098466389565714;0.015188609731168737
1344.0;0.09125000410828789;0.018525603134167283;0.04425612052730697
1345.5;0.014949066276482285;0.01784040701566475;0.017754480892796753
1347.0;0.014888039810844519;0.01694768198513463;0.05281007751937984
1348.5;0.0707925782615494;0.018371212121212118;0.014945495799148322
1350.0;0.08730412535976975;0.05048076923076923;0.01882395123700251
1351.5;0.017215791035915702;0.01654091700522345;0.016468992979866464
1353.0;0.015825372934697504;0.03608247422680412;0.015934598562628976
1354.5;0.015095605501509561;0.0185554688027144;0.016659431888877585
1356.0;0.016638225255972697;0.016638225255972697;0.016595183036781685
1357.5;0.01850632726208763;0.018543046357615892;0.0161839863713799
1359.0;0.017699115044247787;0.05118168389955687;0.016745540589734254
1360.5;0.016863406408094434;0.01770771565543372;0.017094017094017096
1362.0;0.01606832657788072;0.0161839863713799;0.017754480892796753
1363.5;0.019013666072489603;0.01850632726208763;0.016638225255972697
1365.0;0.0189328743545611;0.017094017094017096;0.017094017094017096
1366.5;0.0161839863713799;0.017094017094017096;0.01834862385321101
1368.0;0.01702553830746119;0.04425612052730697;0.015139193690331638
1369.5;0.018610244807272875;0.08691206543967281;0.016863406408094434
1371.0;0.01904761904761905;0.016745540589734254;0.03758169934640523
1372.5;0.019139945314441957;0.015095605501509561;0.01612259159428971
1374.0;0.016025963289428118;0.015769487034319674;0.042924211938296444
1375.5;0.017754480892796753;0.047619047619047616;0.017094017094017096
1377.0;0.018010291595197254;0.08175211949939443;0.016745540589734254
1378.5;0.016638225255972697;0.015809071886378992;0.051640926640926635
1380.0;0.016638225255972697;0.015809071886378992;0.07548669050456894
1381.5;0.015095605501509561;0.041250831669993354;0.01850632726208763
1383.0;0.016638225255972697;0.017368069472277887;0.01845342706502636
1384.5;0.01756386861313869;0.016807551075732556;0.0189328743545611
1386.0;0.017825311942959002;0.018470790378006873;0.08302956662616444
1387.5;0.017954684198919043;0.015001087035292413;0.01842179442537598
1389.0;0.016839556624530412;0.018683274021352312;0.019877675840978597
1390.5;0.014990277940132574;0.044197031039136296;0.016937514305333027
1392.0;0.051640926640926635;0.01702553830746119;0.014965094221118901
1393.5;0.015095605501509561;0.018323203432248837;0.06584821428571429
1395.0;0.015871286409530037;0.018185821224130337;0.0170487948265726
1396.5;0.017547197908565945;0.03411405295315682;0.016745540589734254
1398.0;0.01726263871763255;0.03528138528138528;0.017971946230274694
1399.5;0.018354055654233276;0.01871226912632689;0.01702553830746119
1401.0;0.0189328743545611;0.015414729630535846;0.016863406408094434
1402.5;0.017547197908565945;0.05782828282828282;0.015095605501509561
1404.0;0.017465858520325457;0.05336114133720227;0.015731292517006803
1405.5;0.016582472972657695;0.01756386861313869;0.0175513698630137
1407.0;0.016745540589734254;0.03542094455852156;0.019013666072489603
1408.5;0.07639217169329678;0.015597920277296359;0.016638225255972697
1410.0;0.018026004728132386;0.016335052812576762;0.018010291595197254
1411.5;0.07425742574257424;0.015716780441339895;0.016745540589734254
1413.0;0.04425612052730697;0.018010291595197254;0.01488644788002137
1414.5;0.08560945780676722;0.05618208382796091;0.056686046511627904
1416.0;0.05084745762711864;0.04746689694876222;0.01726263871763255
1417.5;0.018026004728132386;0.017094017094017096;0.017094017094017096
1419.0;0.041250831669993354;0.0175513698630137;0.015001087035292413
1420.5;0.01612259159428971;0.017699115044247787;0.017824497257769654
1422.0;0.0170487948265726;0.01730418943533698;0.018026004728132386
1423.5;0.015001087035292413;0.017830478700043915;0.016937514305333027
1425.0;0.017094017094017096;0.018683274021352312;0.015831002263857863
1426.5;0.01608187134502924;0.09434930989701308;0.01780160609014529
1428.0;0.015069294547215105;0.018197573656845753;0.017256925767414787
1429.5;0.017534382187836362;0.031135531135531136;0.01756386861313869
1431.0;0.019327580007191657;0.017197177899011443;0.019139945314441957
1432.5;0.01950286806883365;0.017094017094017096;0.015247999065256762
1434.0;0.017089125102207687;0.018876611418047883;0.018683274021352312
1435.5;0.017499542375983893;0.01834862385321101;0.015225395561747438
1437.0;0.01834862385321101;0.019408502772643253;0.0170487948265726
1438.5;0.017460979111666896;0.051263641585295804;0.017368069472277887
1440.0;0.017094017094017096;0.016335052812576762;0.016979552792060267
1441.5;0.01597712748065927;0.052961275626423686;0.09799554565701558
1443.0;0.017094017094017096;0.019598155467720684;0.017971946230274694
1444.5;0.016745540589734254;0.03608247422680412;0.018696834582424188
1446.0;0.0189328743545611;0.015139193690331638;0.04990471144231837
1447.5;0.016863406408094434;0.0170487948265726;0.018547442113730363
1449.0;0.048187022900763356;0.017699115044247787;0.018086080586080584
1450.5;0.018876611418047883;0.017094017094017096;0.018323203432248837
1452.0;0.07511665700464727;0.04334677419354839;0.04824986537425956
1453.5;0.017373380447585393;0.016863406408094434;0.018176276971839572
1455.0;0.017754480892796753;0.018026004728132386;0.016638225255972697
1456.5;0.017094017094017096;0.01654091700522345;0.015095605501509561
1458.0;0.015871286409530037;0.016371008616320324;0.01702553830746119
1459.5;0.018323203432248837;0.04536059894070329;0.016830578931359627
1461.0;0.036415289256198344;0.01726263871763255;0.018470790378006873
1462.5;0.01672535211267606;0.015225395561747438;0.016863406408094434
1464.0;0.01865038996269922;0.04083665338645418;0.015731292517006803
1465.5;0.017547197908565945;0.07922182109907742;0.017094017094017096
1467.0;0.03481624758220503;0.017094017094017096;0.015095605501509561
1468.5;0.018026004728132386;0.017824497257769654;0.018354055654233276
1470.0;0.017373380447585393;0.01918932786044125;0.016089299461123942
1471.5;0.01612259159428971;0.017134997433140575;0.015597920277296359
1473.0;0.017134997433140575;0.016112869692258707;0.01822145094387539
1474.5;0.01687639577956378;0.01654091700522345;0.016838000708968452
1476.0;0.018026004728132386;0.016821418488660245;0.017573444950798104
1477.5;0.015280135823429542;0.017215791035915702;0.019013666072489603
1479.0;0.016745540589734254;0.015446744068652195;0.047658862876254184
1480.5;0.01597712748065927;0.017462905276233176;0.044197031039136296
1482.0;0.016745540589734254;0.017824497257769654;0.08117979463855007
1483.5;0.01842179442537598;0.01730418943533698;0.041666666666666664
1485.0;0.015769487034319674;0.08825301204819277;0.06636838180462341
1486.5;0.014870091759449306;0.018160893671870206;0.05862944162436549
1488.0;0.014850222990092551;0.018143754361479414;0.01918932786044125
1489.5;0.01826142579350741;0.0901276828673312;0.04425612052730697
1491.0;0.015095605501509561;0.017699115044247787;0.0220508658008658
1492.5;0.018010291595197254;0.019944341372912802;0.01730418943533698
1494.0;0.017623877982923447;0.019263204616067467;0.018323203432248837
1495.5;0.017699115044247787;0.018060985144644253;0.0495642198303075
1497.0;0.018010291595197254;0.0175551043143927;0.01537736404878336
1498.5;0.017623877982923447;0.01942319011183049;0.015731292517006803
1500.0;0.016863406408094434;0.019013666072489603;0.0170487948265726
1501.5;0.07753473472714523;0.01648282717157388;0.018314772574802095
1503.0;0.016638225255972697;0.01900256574727389;0.04404840557650975
1504.5;0.016897746967071057;0.033547008547008546;0.06124721603563474
1506.0;0.015842570532438566;0.05192323408428451;0.018041485106324483
1507.5;0.07823958425656863;0.016227133325692297;0.016638225255972697
1509.0;0.016619030091182988;0.015654541329501625;0.04334677419354839
1510.5;0.017094017094017096;0.018257480705689652;0.019408502772643253
1512.0;0.01842179442537598;0.046489563567362426;0.03241525423728814
1513.5;0.015724726735506497;0.01850632726208763;0.019370257444808695
1515.0;0.014850222990092551;0.018010291595197254;0.035598705501618116
1516.5;0.06646605361479795;0.017825311942959002;0.03542094455852156
1518.0;0.015280135823429542;0.015109552273918112;0.017015706806282723
1519.5;0.018010291595197254;0.041666666666666664;0.015731292517006803
1521.0;0.018010291595197254;0.015225395561747438;0.12540064102564102
1522.5;0.017623877982923447;0.015798668573620674;0.037760416666666664
1524.0;0.019013666072489603;0.04824986537425956;0.040491315844332534
1525.5;0.017015706806282723;0.0171267252195734;0.03423626787057938
1527.0;0.01594765689784196;0.041666666666666664;0.019961612284069098
1528.5;0.018010291595197254;0.015095605501509561;0.019626168224299065
1530.0;0.018010291595197254;0.015095605501509561;0.04599807135969141
1531.5;0.01865038996269922;0.016863406408094434;0.018318353657639633
1533.0;0.017699115044247787;0.01836806645203033;0.03765137029955386
1534.5;0.04315196998123827;0.01904761904761905;0.015343071243555535
1536.0;0.017623877982923447;0.01810699588477366;0.019263204616067467
1537.5;0.01576182136602452;0.01871226912632689;0.018902169101372285
1539.0;0.0170487948265726;0.08210867955619637;0.0188212927756654
1540.5;0.015871286409530037;0.08210867955619637;0.03411405295315682
1542.0;0.051640926640926635;0.01723920181864107;0.019013666072489603
1543.5;0.016676298192025096;0.018509250038554966;0.01645021645021645
1545.0;0.017094017094017096;0.018470790378006873;0.09533967837216933
1546.5;0.015871286409530037;0.017623877982923447;0.01658516707416463
1548.0;0.015809071886378992;0.017373380447585393;0.04236010125491464
1549.5;0.015809071886378992;0.016863406408094434;0.018026004728132386
1551.0;0.018332165356039182;0.015095605501509561;0.018876611418047883
1552.5;0.015711796950363736;0.015095605501509561;0.01692561443364739
1554.0;0.01570251018973342;0.01836806645203033;0.01874107841782935
1555.5;0.014839767744728968;0.019139945314441957;0.020129774369562013
1557.0;0.014839767744728968;0.015139193690331638;0.016962900268020876
1558.5;0.017094017094017096;0.0470532319391635;0.01766778795666243
1560.0;0.015871286409530037;0.038385826771653545;0.019142066420664204
1561.5;0.015871286409530037;0.0189328743545611;0.01741229204378933
1563.0;0.015809071886378992;0.04875717017208413;0.03530751708428246
1564.5;0.01597712748065927;0.041666666666666664;0.05756865986956921
1566.0;0.015769487034319674;0.016745540589734254;0.019719771665801765
1567.5;0.018026004728132386;0.017934291168491913;0.01549874155517287
1569.0;0.01865038996269922;0.016448125143777317;0.04160127374047538
1570.5;0.014945495799148322;0.016293098349991132;0.035869565217391305
1572.0;0.04315196998123827;0.018683274021352312;0.03498920086393088
1573.5;0.017094017094017096;0.03674948240165632;0.01747700394218134
1575.0;0.017094017094017096;0.018683274021352312;0.016335052812576762
1576.5;0.017094017094017096;0.017373380447585393;0.06101190476190476
1578.0;0.08333173436690525;0.017623877982923447;0.09591736350221347
1579.5;0.01865038996269922;0.015095605501509561;0.040424121935056324
1581.0;0.018470790378006873;0.04083665338645418;0.017699115044247787
1582.5;0.01865038996269922;0.01834862385321101;0.08893709327548807
1584.0;0.017547197908565945;0.01730418943533698;0.06101190476190476
1585.5;0.017547197908565945;0.01726263871763255;0.018143754361479414
1587.0;0.01850632726208763;0.017824497257769654;0.016190163692917578
1588.5;0.015769487034319674;0.018052243358660087;0.018354055654233276
1590.0;0.017094017094017096;0.019139945314441957;0.04721494843694436
1591.5;0.017754480892796753;0.0161839863713799;0.018612132352941176
1593.0;0.04875717017208413;0.01749271137026239;0.036783854166666664
1594.5;0.015871286409530037;0.01654091700522345;0.019327580007191657
1596.0;0.015871286409530037;0.018544683857294242;0.021699594940894434
1597.5;0.017547197908565945;0.017373380447585393;0.019128004442821627
1599.0;0.04875717017208413;0.017824497257769654;0.045477702594641484
1600.5;0.07796881247500999;0.018876611418047883;0.019005143564034117
1602.0;0.01597712748065927;0.01859550135032835;0.017410714285714286
1603.5;0.01597712748065927;0.017602258411202307;0.01925569586423465
1605.0;0.016745540589734254;0.017373380447585393;0.03412017167381975
1606.5;0.0674469940084216;0.015280135823429542;0.01822144725370532
1608.0;0.017498443680569787;0.0170487948265726;0.051331719128329296
1609.5;0.01830736743700201;0.0199251577712238;0.019187280896657284
1611.0;0.01830736743700201;0.020052693208430915;0.03215077605321508
1612.5;0.014850222990092551;0.017094017094017096;0.015217766384856179
1614.0;0.01865038996269922;0.020999704229517892;0.01756386861313869
1615.5;0.01865038996269922;0.018670166032125075;0.01950286806883365
1617.0;0.015871286409530037;0.016938521379755545;0.017391304347826087
1618.5;0.016676298192025096;0.03326226012793177;0.020171743357096563
1620.0;0.014910112661872163;0.01702553830746119;0.02034425929316975
1621.5;0.014910112661872163;0.019276956137024393;0.021966527196652718
1623.0;0.015095605501509561;0.01919319521643928;0.038441422594142266
1624.5;0.017547197908565945;0.01862097440132122;0.03646288209606987
1626.0;0.0161839863713799;0.017638341342695173;0.03266518188567186
1627.5;0.0161839863713799;0.018558172733761598;0.045855841681089485
1629.0;0.06973170529113713;0.01533084566147088;0.019801980198019802
1630.5;0.016676298192025096;0.018010456796917998;0.018086080586080584
1632.0;0.016676298192025096;0.019071369196057474;0.018876611418047883
1633.5;0.016676298192025096;0.021384021384021387;0.01958628902515129
1635.0;0.016676298192025096;0.018086080586080584;0.03326226012793177
1636.5;0.016676298192025096;0.017792037334111128;0.016862556968097867
1638.0;0.016676298192025096;0.016576012358144234;0.03608247422680412
1639.5;0.014870091759449306;0.018683274021352312;0.046241912180413354
1641.0;0.015731292517006803;0.01834862385321101;0.01904761904761905
1642.5;0.018354055654233276;0.018470790378006873;0.05143046503921352
1644.0;0.018354055654233276;0.016293098349991132;0.020966880341880344
1645.5;0.018010291595197254;0.018848906360245943;0.05336832895888013
1647.0;0.015095605501509561;0.01606832657788072;0.04156795609320125
1648.5;0.016676298192025096;0.0161839863713799;0.017089125102207687
1650.0;0.01836806645203033;0.018010291595197254;0.016808306987266874
1651.5;0.01597712748065927;0.018010291595197254;0.050912176495545185
1653.0;0.016745540589734254;0.018010291595197254;0.07499840632370752
1654.5;0.016745540589734254;0.015154962909024714;0.016995881823111084
1656.0;0.017498443680569787;0.01766843911960692;0.022647647647647647
1657.5;0.01830736743700201;0.0161839863713799;0.041728031418753066
1659.0;0.016568094782873223;0.017754480892796753;0.03379065040650407
1660.5;0.0182681206624895;0.036783854166666664;0.0190312422910046
1662.0;0.0182681206624895;0.015963095712199653;0.01730418943533698
1663.5;0.01597712748065927;0.017883272962794156;0.01859099804305284
1665.0;0.018470790378006873;0.0175884771057884;0.03498920086393088
1666.5;0.018470790378006873;0.01967799642218247;0.01950286806883365
1668.0;0.018470790378006873;0.01678765880217786;0.03326226012793177
1669.5;0.018470790378006873;0.01772899957788096;0.02041832669322709
1671.0;0.0161839863713799;0.018323203432248837;0.017775534478980812
1672.5;0.0161839863713799;0.015958442650909548;0.03138766519823788
1674.0;0.015095605501509561;0.019142066420664204;0.03674948240165632
1675.5;0.015095605501509561;0.017825311942959002;0.0188212927756654
1677.0;0.015095605501509561;0.018683274021352312;0.01929824561403509
1678.5;0.016638225255972697;0.017971946230274694;0.017202407162777045
1680.0;0.017623877982923447;0.016735914907761343;0.09677419354838711
1681.5;0.017623877982923447;0.017843804978496133;0.01734599270013027
1683.0;0.03798297314996725;0.017015706806282723;0.03266518188567186
1684.5;0.0189328743545611;0.015280135823429542;0.09818347655992439
1686.0;0.01865038996269922;0.015871286409530037;0.0170487948265726
1687.5;0.01865038996269922;0.0175513698630137;0.06109994757994059
1689.0;0.016128420893033128;0.0175513698630137;0.018538209281526382
1690.5;0.016842592473546844;0.01597712748065927;0.021433850702143382
1692.0;0.01586074073577572;0.01842179442537598;0.017076054117956128
1693.5;0.01586074073577572;0.016638225255972697;0.0188212927756654
1695.0;0.015095605501509561;0.016638225255972697;0.01982057751611999
1696.5;0.014945495799148322;0.018026004728132386;0.0188212927756654
1698.0;0.017498443680569787;0.017824497257769654;0.04026086687114664
1699.5;0.017443347491498312;0.016917819729987117;0.01672535211267606
1701.0;0.017443347491498312;0.018242207460398566;0.01826215022091311
1702.5;0.018010291595197254;0.019345238095238096;0.08387541888428937
1704.0;0.01865038996269922;0.01612259159428971;0.03503787878787879
1705.5;0.016638225255972697;0.017824497257769654;0.04150629183990824
1707.0;0.015095605501509561;0.017083111144968386;0.06984629294755877
1708.5;0.015809071886378992;0.017754480892796753;0.016387125188094105
1710.0;0.01836806645203033;0.017094017094017096;0.04421768707482994
1711.5;0.015724726735506497;0.015871286409530037;0.018163597644995613
1713.0;0.015711796950363736;0.018010291595197254;0.03584015103838892
1714.5;0.015711796950363736;0.01597712748065927;0.01730418943533698
1716.0;0.018010291595197254;0.08560945780676722;0.03773538672645521
1717.5;0.01597712748065927;0.018010291595197254;0.017949831857490783
1719.0;0.01597712748065927;0.018848906360245943;0.03919631093544137
1720.5;0.017094017094017096;0.0175513698630137;0.018026004728132386
1722.0;0.016745540589734254;0.0175513698630137;0.018683274021352312
1723.5;0.016745540589734254;0.016745540589734254;0.03411405295315682
1725.0;0.016676298192025096;0.017754480892796753;0.017391304347826087
1726.5;0.018010291595197254;0.015731292517006803;0.03469827586206897
1728.0;0.018010291595197254;0.014945495799148322;0.017089125102207687
1729.5;0.018010291595197254;0.0720250521920668;0.01797915672819346
1731.0;0.01597712748065927;0.019139945314441957;0.018371212121212118
1732.5;0.042924211938296444;0.018876611418047883;0.04014336917562724
1734.0;0.01865038996269922;0.01836395435418795;0.01944154259490464
1735.5;0.05149558123725356;0.04260299625468165;0.019214401225636224
1737.0;0.015225395561747438;0.017754480892796753;0.018026004728132386
1738.5;0.01848360454802751;0.015001087035292413;0.09190371991247265
1740.0;0.017534382187836362;0.017094017094017096;0.019142066420664204
1741.5;0.017534382187836362;0.01865038996269922;0.017814806907942786
1743.0;0.07866611387161479;0.017498443680569787;0.019731800766283527
1744.5;0.01832580429276873;0.016568094782873223;0.05332519829164124
1746.0;0.018286654614341546;0.014850222990092551;0.017373380447585393
1747.5;0.045928030303030304;0.014850222990092551;0.015414729630535846
1749.0;0.01865038996269922;0.015280135823429542;0.03361696380334953
1750.5;0.017094017094017096;0.018010291595197254;0.02041832669322709
1752.0;0.015809071886378992;0.016863406408094434;0.036059806508355316
1753.5;0.017498443680569787;0.049329501915708805;0.017373380447585393
1755.0;0.017498443680569787;0.015871286409530037;0.018822613968713944
1756.5;0.017498443680569787;0.015871286409530037;0.041901692183722805
1758.0;0.08265443723820964;0.01660281557997176;0.01834862385321101
1759.5;0.08560945780676722;0.01672535211267606;0.019274809160305342
1761.0;0.015001087035292413;0.08674568965517242;0.018163597644995613
1762.5;0.015001087035292413;0.08674568965517242;0.018997469353804076
1764.0;0.04990403071017274;0.016745540589734254;0.018395573997233752
1765.5;0.08175211949939443;0.04990403071017274;0.01950286806883365
1767.0;0.08175211949939443;0.017754480892796753;0.018371212121212118
1768.5;0.01850632726208763;0.08144892908951275;0.04659498207885305
1770.0;0.01850632726208763;0.01865038996269922;0.019408502772643253
1771.5;0.017094017094017096;0.07868285545991754;0.017596390484003282
1773.0;0.017094017094017096;0.015414729630535846;0.044197031039136296
1774.5;0.016863406408094434;0.0185554688027144;0.020052693208430915
1776.0;0.014910112661872163;0.017515962224757837;0.020006613756613757
1777.5;0.015743018124095107;0.017515962224757837;0.03240740740740741
1779.0;0.015743018124095107;0.018345227946508485;0.020775535350895206
1780.5;0.017094017094017096;0.017754480892796753;0.018722724449400523
1782.0;0.01597712748065927;0.09041394335511982;0.015414729630535846
1783.5;0.017094017094017096;0.015095605501509561;0.017699115044247787
1785.0;0.015731292517006803;0.01842179442537598;0.017613265439352398
1786.5;0.0161839863713799;0.017094017094017096;0.02041832669322709
1788.0;0.01597712748065927;0.08450826136298063;0.018117276372861937
1789.5;0.01597712748065927;0.07996748642690851;0.02114561027837259
1791.0;0.01597712748065927;0.07786711807024968;0.02019230769230769
1792.5;0.01597712748065927;0.016638225255972697;0.03263403263403263
1794.0;0.0863169700629799;0.017094017094017096;0.03470984813297865
1795.5;0.014910112661872163;0.01597712748065927;0.019531840943122217
1797.0;0.01488644788002137;0.01850632726208763;0.019524988460408715
1798.5;0.06804328160965284;0.017094017094017096;0.020618153364632238
1800.0;0.0175513698630137;0.015871286409530037;0.01860080113245419
1801.5;0.015731292517006803;0.018354055654233276;0.03654582964927793
1803.0;0.016863406408094434;0.0161839863713799;0.05292479108635098
1804.5;0.016863406408094434;0.016863406408094434;0.01950286806883365
1806.0;0.016676298192025096;0.017754480892796753;0.036421481292949864
1807.5;0.016676298192025096;0.016676298192025096;0.018863135714969833
1809.0;0.0189328743545611;0.01663225731761437;0.01900256574727389
1810.5;0.015095605501509561;0.017754480892796753;0.03560738414924681
1812.0;0.07076132648295189;0.07087532272840844;0.019458193753164214
1813.5;0.0175513698630137;0.017754480892796753;0.021158950162194042
1815.0;0.018010291595197254;0.014945495799148322;0.01859099804305284
1816.5;0.07786711807024968;0.014945495799148322;0.03443877551020408
1818.0;0.017498443680569787;0.014910112661872163;0.018683274021352312
1819.5;0.017498443680569787;0.016568094782873223;0.019246009283369184
1821.0;0.015154962909024714;0.0161839863713799;0.021577380952380952
1822.5;0.01865038996269922;0.015095605501509561;0.021567423777368533
1824.0;0.0175513698630137;0.01842179442537598;0.020644891122278058
1825.5;0.015871286409530037;0.017215791035915702;0.017924528301886795
1827.0;0.04875717017208413;0.015898024165091146;0.01814479438785993
1828.5;0.016638225255972697;0.016694437748184725;0.019395134779750165
1830.0;0.015871286409530037;0.01838245406174913;0.021505376344086023
1831.5;0.017623877982923447;0.018341918796016078;0.019511066553559036
1833.0;0.01865038996269922;0.015280135823429542;0.020006613756613757
1834.5;0.0161839863713799;0.017754480892796753;0.04133858267716535
1836.0;0.019675925925925927;0.017754480892796753;0.018790849673202614
1837.5;0.016043635035830027;0.016638225255972697;0.06674704077159141
1839.0;0.016863406408094434;0.04990403071017274;0.019013666072489603
1840.5;0.07786711807024968;0.016638225255972697;0.02177154786758127
1842.0;0.015769487034319674;0.016863406408094434;0.01766778795666243
1843.5;0.015769487034319674;0.017623877982923447;0.018991964937910884
1845.0;0.016638225255972697;0.019944341372912802;0.018873505137650237
1846.5;0.018470790378006873;0.01726263871763255;0.05839201877934272
1848.0;0.018470790378006873;0.016785765670711238;0.018538209281526382
1849.5;0.018470790378006873;0.019961612284069098;0.033861185983827494
1851.0;0.015095605501509561;0.017302798982188294;0.020672318663641557
1852.5;0.017094017094017096;0.018010291595197254;0.018185821224130337
1854.0;0.07922182109907742;0.015731292517006803;0.032924107142857144
1855.5;0.017094017094017096;0.01850632726208763;0.017792037334111128
1857.0;0.01597712748065927;0.0175513698630137;0.021577380952380952
1858.5;0.016863406408094434;0.01850632726208763;0.018595825426944972
1860.0;0.015095605501509561;0.0175513698630137;0.019617301817012378
1861.5;0.07905457014342697;0.015280135823429542;0.036415289256198344
1863.0;0.016676298192025096;0.01597712748065927;0.021577380952380952
1864.5;0.01663225731761437;0.015809071886378992;0.03297872340425532
1866.0;0.01865038996269922;0.015809071886378992;0.0170487948265726
1867.5;0.01865038996269922;0.018010291595197254;0.018876611418047883
1869.0;0.016745540589734254;0.017623877982923447;0.037760416666666664
1870.5;0.08431531897602601;0.019408502772643253;0.018612132352941176
1872.0;0.08431531897602601;0.019139945314441957;0.01958413926499033
1873.5;0.016745540589734254;0.016937514305333027;0.018147448015122872
1875.0;0.017094017094017096;0.018354055654233276;0.017915564697815654
1876.5;0.0170487948265726;0.018354055654233276;0.017959282598158023
1878.0;0.017754480892796753;0.0161839863713799;0.037823224966888946
1879.5;0.0161839863713799;0.0161839863713799;0.019617301817012378
1881.0;0.017094017094017096;0.0161839863713799;0.016886943747854093
1882.5;0.017094017094017096;0.017754480892796753;0.0170487948265726
1884.0;0.015095605501509561;0.017754480892796753;0.016863406408094434
1885.5;0.015769487034319674;0.01678765880217786;0.03847891017702339
1887.0;0.015095605501509561;0.019082371238858645;0.03164091243561443
1888.5;0.016745540589734254;0.019041938815588494;0.018836565096952907
1890.0;0.0161839863713799;0.017373380447585393;0.018086080586080584
1891.5;0.018026004728132386;0.017094017094017096;0.018832655731576244
1893.0;0.08302956662616444;0.017373380447585393;0.0189328743545611
1894.5;0.017094017094017096;0.017754480892796753;0.019408502772643253
1896.0;0.018470790378006873;0.017547197908565945;0.01733025239957341
1897.5;0.01597712748065927;0.018470790378006873;0.017901857742831786
1899.0;0.01597712748065927;0.08024848949025615;0.01723523181308137
1900.5;0.01597712748065927;0.01842179442537598;0.018612132352941176
1902.0;0.015001087035292413;0.01660281557997176;0.0574398249452954
1903.5;0.01663225731761437;0.01654091700522345;0.019390261522901315
1905.0;0.017443347491498312;0.017094017094017096;0.01904761904761905
1906.5;0.01741601350785099;0.01850632726208763;0.01757469244288225
1908.0;0.014844188506303903;0.06689088191330343;0.01862097440132122
1909.5;0.06528282386473658;0.0189328743545611;0.018532729644693425
1911.0;0.07247037473681829;0.048187022900763356;0.03241525423728814
1912.5;0.018010291595197254;0.017623877982923447;0.02041759053954176
1914.0;0.017754480892796753;0.017623877982923447;0.01866724549598437
1915.5;0.08333173436690525;0.04315196998123827;0.082010582010582
1917.0;0.015769487034319674;0.014945495799148322;0.019328632196396744
1918.5;0.07007575757575758;0.017498443680569787;0.017566096935442522
1920.0;0.03608247422680412;0.019345238095238096;0.019961612284069098
1921.5;0.045646863822734016;0.018010291595197254;0.035751028806584366
1923.0;0.01761087565350941;0.01865038996269922;0.033547008547008546
1924.5;0.018683274021352312;0.017623877982923447;0.017356740642596888
1926.0;0.05231388329979879;0.016638225255972697;0.019944341372912802
1927.5;0.018753527560063075;0.016638225255972697;0.018052243358660087
1929.0;0.018753527560063075;0.01865038996269922;0.018052243358660087
1930.5;0.05084745762711864;0.04990403071017274;0.01654091700522345
1932.0;0.018612132352941176;0.04990403071017274;0.01772899957788096
1933.5;0.01897923971725942;0.017754480892796753;0.037760416666666664
1935.0;0.017094017094017096;0.016745540589734254;0.016917819729987117
1936.5;0.01597712748065927;0.051059730250481696;0.017754480892796753
1938.0;0.017498443680569787;0.08302956662616444;0.017094017094017096
1939.5;0.01488644788002137;0.0189328743545611;0.015095605501509561
1941.0;0.016335052812576762;0.0189328743545611;0.01836806645203033
1942.5;0.05048076923076923;0.07087532272840844;0.018010291595197254
1944.0;0.04083665338645418;0.016403046280023436;0.017094017094017096
1945.5;0.01597712748065927;0.0363872644574399;0.01654091700522345
1947.0;0.017094017094017096;0.07756813417190776;0.01769257756716558
1948.5;0.0189328743545611;0.016745540589734254;0.08328445747800586
1950.0;0.01850632726208763;0.08338930129741895;0.033547008547008546
1951.5;0.017699115044247787;0.018332165356039182;0.0370850622406639
1953.0;0.018470790378006873;0.0175513698630137;0.017176963732458538
1954.5;0.017094017094017096;0.015871286409530037;0.05749128919860627
1956.0;0.017547197908565945;0.017547197908565945;0.017883272962794156
1957.5;0.01865038996269922;0.0189328743545611;0.017094017094017096
1959.0;0.04536862003780718;0.0189328743545611;0.07894736842105263
1960.5;0.017094017094017096;0.01850632726208763;0.03608247422680412
1962.0;0.016638225255972697;0.015280135823429542;0.016043635035830027
1963.5;0.06057007125890736;0.014945495799148322;0.017094017094017096
1965.0;0.016043635035830027;0.01865038996269922;0.016638225255972697
1966.5;0.0861189370288586;0.015414729630535846;0.09284897751809985
1968.0;0.0189328743545611;0.0185554688027144;0.018197573656845753
1969.5;0.01597712748065927;0.018010291595197254;0.018542690508967015
1971.0;0.015731292517006803;0.041250831669993354;0.05048076923076923
1972.5;0.01850632726208763;0.016638225255972697;0.03282828282828283
1974.0;0.015095605501509561;0.01597712748065927;0.050076808681015175
1975.5;0.016863406408094434;0.015769487034319674;0.017699115044247787
1977.0;0.018937169700528483;0.01488644788002137;0.015731292517006803
1978.5;0.019139945314441957;0.03798297314996725;0.017754480892796753
1980.0;0.018574581463896272;0.017094017094017096;0.017094017094017096
1981.5;0.018470790378006873;0.01865038996269922;0.07922182109907742
1983.0;0.0161839863713799;0.041666666666666664;0.017971946230274694
1984.5;0.016638225255972697;0.015731292517006803;0.01672535211267606
1986.0;0.041666666666666664;0.016863406408094434;0.01861305152546421
1987.5;0.017094017094017096;0.015001087035292413;0.015898024165091146
1989.0;0.01850632726208763;0.01663225731761437;0.01575021052093929
1990.5;0.015731292517006803;0.017465858520325457;0.018314170436861156
1992.0;0.016863406408094434;0.016638225255972697;0.07083193611076134
1993.5;0.018354055654233276;0.018470790378006873;0.014841002164953898
1995.0;0.016429426632965278;0.019274809160305342;0.07038565865267242
1996.5;0.01917044266294876;0.01605832636760472;0.0189328743545611
1998.0;0.01917044266294876;0.017094017094017096;0.01850632726208763
1999.5;0.01865038996269922;0.016676298192025096;0.041250831669993354
2001.0;0.01850632726208763;0.0425033467202142;0.05048076923076923
2002.5;0.016676298192025096;0.016745540589734254;0.0161839863713799
2004.0;0.016863406408094434;0.07182211727666273;0.08175211949939443
2005.5;0.016676298192025096;0.015871286409530037;0.01730418943533698
2007.0;0.0170487948265726;0.01663225731761437;0.016217853406024562
2008.5;0.01597712748065927;0.016638225255972697;0.018876611418047883
2010.0;0.01842179442537598;0.015095605501509561;0.01703197690454738
2011.5;0.017498443680569787;0.018010291595197254;0.018613877589638058
2013.0;0.01733025239957341;0.016638225255972697;0.015731292517006803
2014.5;0.01688081285952368;0.044811320754716985;0.0175513698630137
2016.0;0.040013227513227514;0.04875717017208413;0.01597712748065927
2017.5;0.01594765689784196;0.04315196998123827;0.038385826771653545
2019.0;0.018683274021352312;0.016863406408094434;0.018470790378006873
2020.5;0.017699115044247787;0.016745540589734254;0.018470790378006873
2022.0;0.017094017094017096;0.04334677419354839;0.01749271137026239
2023.5;0.01672535211267606;0.08893709327548807;0.0175513698630137
2025.0;0.0170487948265726;0.03919631093544137;0.017045454545454544
2026.5;0.01702553830746119;0.01749271137026239;0.01834862385321101
2028.0;0.048187022900763356;0.01702553830746119;0.017887070857162603
2029.5;0.04425612052730697;0.016863406408094434;0.016933445736327147
2031.0;0.07087532272840844;0.018470790378006873;0.016863406408094434
2032.5;0.08450826136298063;0.01842179442537598;0.0161839863713799
2034.0;0.038441422594142266;0.018010291595197254;0.01842179442537598
2035.5;0.016025963289428118;0.015871286409530037;0.015731292517006803
2037.0;0.06741573033707866;0.016863406408094434;0.018026004728132386
2038.5;0.01865038996269922;0.015809071886378992;0.01850632726208763
2040.0;0.0175513698630137;0.01836806645203033;0.01882395123700251
2041.5;0.016937514305333027;0.07741609250709174;0.015202013639811085
2043.0;0.01845157937014199;0.017754480892796753;0.03878406708595388
2044.5;0.01597712748065927;0.017547197908565945;0.01814552172099398
2046.0;0.01597712748065927;0.04536862003780718;0.015825372934697504
2047.5;0.015414729630535846;0.014945495799148322;0.017015706806282723
2049.0;0.04208416833667335;0.0189328743545611;0.017094017094017096
2050.5;0.018876611418047883;0.017547197908565945;0.017824497257769654
2052.0;0.018197573656845753;0.017498443680569787;0.017961645808949312
2053.5;0.018354055654233276;0.0882232252769799;0.09369898792033954
2055.0;0.03718199608610568;0.016335052812576762;0.0170487948265726
2056.5;0.015225395561747438;0.09867330016583749;0.0170487948265726
2058.0;0.01597712748065927;0.01783664661861255;0.018612132352941176
2059.5;0.017094017094017096;0.014965094221118901;0.016293098349991132
2061.0;0.08954302181967888;0.015095605501509561;0.01589114201095965
2062.5;0.08954302181967888;0.016745540589734254;0.019263204616067467
2064.0;0.016676298192025096;0.017094017094017096;0.01807884005437245
2065.5;0.04425612052730697;0.018010291595197254;0.0161839863713799
2067.0;0.015001087035292413;0.08508990794115118;0.0175513698630137
2068.5;0.01663225731761437;0.04745515227367544;0.015095605501509561
2070.0;0.05669428696031399;0.045928030303030304;0.014945495799148322
2071.5;0.08261230705336749;0.017094017094017096;0.0175513698630137
2073.0;0.018354055654233276;0.07672379434037466;0.017623877982923447
2074.5;0.016863406408094434;0.015280135823429542;0.017094017094017096
2076.0;0.0189328743545611;0.017094017094017096;0.016638225255972697
2077.5;0.015871286409530037;0.018010291595197254;0.05964546402502607
2079.0;0.015731292517006803;0.01845342706502636;0.016403046280023436
2080.5;0.015280135823429542;0.07334869431643624;0.016863406408094434
2082.0;0.0175513698630137;0.04083665338645418;0.018354055654233276
2083.5;0.017094017094017096;0.08019850508516115;0.018612132352941176
2085.0;0.016676298192025096;0.0161839863713799;0.016263612953345514
2086.5;0.01836806645203033;0.01865038996269922;0.015280135823429542
2088.0;0.017094017094017096;0.016403046280023436;0.019082371238858645
2089.5;0.08175211949939443;0.019327580007191657;0.03758169934640523
2091.0;0.017547197908565945;0.0161839863713799;0.01675356994726551
2092.5;0.0170487948265726;0.015001087035292413;0.017645059094131093
2094.0;0.0175513698630137;0.03411405295315682;0.036415289256198344
2095.5;0.06973170529113713;0.017215791035915702;0.036415289256198344
2097.0;0.018470790378006873;0.01749271137026239;0.018197573656845753
2098.5;0.015095605501509561;0.01749271137026239;0.016242522094412855
2100.0;0.039603960396039604;0.018197573656845753;0.017129822678643967
2101.5;0.07620041753653445;0.018197573656845753;0.017634033610152634
2103.0;0.01865038996269922;0.016785765670711238;0.018026004728132386
2104.5;0.015871286409530037;0.03879026955950033;0.018354055654233276
2106.0;0.017465858520325457;0.019013666072489603;0.0175513698630137
2107.5;0.015711796950363736;0.08222811671087533;0.03676148796498906
2109.0;0.014844188506303903;0.0170487948265726;0.017878422428924522
2110.5;0.018010291595197254;0.07750759878419453;0.08560945780676722
2112.0;0.015809071886378992;0.015597920277296359;0.0161839863713799
2113.5;0.01488644788002137;0.08101061984476696;0.07796881247500999
2115.0;0.017443347491498312;0.0470532319391635;0.069651277654558
2116.5;0.019013666072489603;0.0170487948265726;0.0882034632034632
2118.0;0.01850632726208763;0.08674568965517242;0.051059730250481696
2119.5;0.01842179442537598;0.015370218739033806;0.01865038996269922
2121.0;0.014910112661872163;0.017373380447585393;0.01597712748065927
2122.5;0.048187022900763356;0.01606832657788072;0.016863406408094434
2124.0;0.016745540589734254;0.07548669050456894;0.04260299625468165
2125.5;0.0470532319391635;0.016838000708968452;0.019675925925925927
2127.0;0.017825311942959002;0.016838000708968452;0.047619047619047616
2128.5;0.08001099387702126;0.036165577342047936;0.017699115044247787
2130.0;0.0189328743545611;0.015370218739033806;0.0544885627967199
2131.5;0.017094017094017096;0.05219945766797228;0.015654541329501625
2133.0;0.016638225255972697;0.016643114332906658;0.015414729630535846
2134.5;0.0175513698630137;0.018086080586080584;0.016043635035830027
2136.0;0.0175513698630137;0.016468992979866464;0.017094017094017096
2137.5;0.015095605501509561;0.0170487948265726;0.01865038996269922
2139.0;0.015095605501509561;0.017754480892796753;0.016676298192025096
2140.5;0.015095605501509561;0.0470532319391635;0.0175513698630137
2142.0;0.08508990794115118;0.05339805825242719;0.015095605501509561
2143.5;0.016676298192025096;0.01678765880217786;0.014945495799148322
2145.0;0.01597712748065927;0.038162079848702554;0.016638225255972697
2146.5;0.0161839863713799;0.018284611141753997;0.017754480892796753
2148.0;0.01865038996269922;0.019043966906734062;0.06973170529113713
2149.5;0.0175513698630137;0.06794294294294294;0.048187022900763356
2151.0;0.07182211727666273;0.03919631093544137;0.08893709327548807
2152.5;0.014910112661872163;0.015731292517006803;0.015001087035292413
2154.0;0.01660281557997176;0.033547008547008546;0.04526748971193415
2155.5;0.014870091759449306;0.01731640784414803;0.10867733782645324
2157.0;0.07007575757575758;0.016010680000219303;0.016335052812576762
2158.5;0.017754480892796753;0.016285076905013504;0.0170487948265726
2160.0;0.017623877982923447;0.04336751462564912;0.018010291595197254
2161.5;0.015769487034319674;0.0370850622406639;0.04536862003780718
2163.0;0.017754480892796753;0.018876611418047883;0.015871286409530037
2164.5;0.014945495799148322;0.018323203432248837;0.016638225255972697
2166.0;0.018354055654233276;0.018671683262517162;0.017121863302370723
2167.5;0.0175513698630137;0.047619047619047616;0.017814806907942786
2169.0;0.015001087035292413;0.01726263871763255;0.03878406708595388
2170.5;0.017547197908565945;0.017824497257769654;0.0189328743545611
2172.0;0.019142066420664204;0.018612132352941176;0.018010291595197254
2173.5;0.018197573656845753;0.016937514305333027;0.0175513698630137
2175.0;0.01783664661861255;0.0161839863713799;0.018612132352941176
2176.5;0.045928030303030304;0.019179429534916397;0.016638225255972697
2178.0;0.045928030303030304;0.0656354379479197;0.016863406408094434
2179.5;0.015095605501509561;0.01983411467724486;0.018010291595197254
2181.0;0.018010291595197254;0.016202753976515587;0.018502356432187117
2182.5;0.0175513698630137;0.01784040701566475;0.018683274021352312
2184.0;0.018354055654233276;0.018725889831170253;0.03879026955950033
2185.5;0.016043635035830027;0.018323203432248837;0.01764234161988773
2187.0;0.10207844451894067;0.036783854166666664;0.018612132352941176
2188.5;0.016903583394228514;0.05346127484578478;0.035751028806584366
2190.0;0.01589114201095965;0.018848906360245943;0.04678068410462777
2191.5;0.0175513698630137;0.09076561450638013;0.017910447761194027
2193.0;0.01702553830746119;0.01873131091784793;0.017978701190227604
2194.5;0.05048076923076923;0.045928030303030304;0.0153103221203973
2196.0;0.045928030303030304;0.018937169700528483;0.0189328743545611
2197.5;0.015280135823429542;0.03542094455852156;0.017094017094017096
2199.0;0.018314772574802095;0.018086080586080584;0.016638225255972697
2200.5;0.016807551075732556;0.05819060166886253;0.018323203432248837
2202.0;0.015731292517006803;0.03798297314996725;0.018086080586080584
2203.5;0.015280135823429542;0.01865038996269922;0.017824497257769654
2205.0;0.08569059601627427;0.01865038996269922;0.017915564697815654
2206.5;0.044811320754716985;0.018937169700528483;0.0547029702970297
2208.0;0.0161839863713799;0.016429426632965278;0.017410714285714286
2209.5;0.04260299625468165;0.018753527560063075;0.01780160609014529
2211.0;0.07786711807024968;0.06689088191330343;0.037990196078431376
2212.5;0.01597712748065927;0.015188609731168737;0.02004786549734323
2214.0;0.017754480892796753;0.01749271137026239;0.015319864246737291
2215.5;0.015871286409530037;0.05358531653445326;0.019139945314441957
2217.0;0.01834862385321101;0.017824497257769654;0.018595825426944972
2218.5;0.01834862385321101;0.01814552172099398;0.01877958968963703
2220.0;0.11307225592939879;0.018716969225741748;0.01949374454466104
2221.5;0.03919631093544137;0.019345238095238096;0.07695542472666106
2223.0;0.017094017094017096;0.08747300215982722;0.04054054054054054
2224.5;0.08431531897602601;0.0175513698630137;0.017656852955616538
2226.0;0.046489563567362426;0.041666666666666664;0.017206835592221567
2227.5;0.08302956662616444;0.018612132352941176;0.016429426632965278
2229.0;0.01842179442537598;0.01583436633020483;0.0161839863713799
2230.5;0.04990403071017274;0.07257899406264928;0.048187022900763356
2232.0;0.017094017094017096;0.015095605501509561;0.0188212927756654
2233.5;0.039603960396039604;0.015280135823429542;0.03646288209606987
2235.0;0.0726983133763759;0.016745540589734254;0.037692143158576275
2236.5;0.016638225255972697;0.015597920277296359;0.017094017094017096
2238.0;0.016638225255972697;0.09284897751809985;0.015871286409530037
2239.5;0.015871286409530037;0.017094017094017096;0.0370850622406639
2241.0;0.015871286409530037;0.0175513698630137;0.041250831669993354
2242.5;0.01842179442537598;0.017094017094017096;0.019013666072489603
2244.0;0.01836806645203033;0.01749271137026239;0.01862097440132122
2245.5;0.015731292517006803;0.08992637462756396;0.03939724830749071
2247.0;0.01865038996269922;0.015854570888502284;0.016480373674548864
2248.5;0.01850632726208763;0.09585798816568047;0.017676688879804763
2250.0;0.05281007751937984;0.016812053925455987;0.04315196998123827
2251.5;0.0189328743545611;0.018010291595197254;0.017824497257769654
2253.0;0.0175513698630137;0.016371008616320324;0.10098944972708161
2254.5;0.01597712748065927;0.016897746967071057;0.053562653562653564
2256.0;0.016676298192025096;0.017699115044247787;0.016401608628096153
2257.5;0.01663225731761437;0.0161839863713799;0.08845628415300548
2259.0;0.01830736743700201;0.07414589104339797;0.0334685598377282
2260.5;0.018289844042285466;0.07434304424481572;0.018026004728132386
2262.0;0.015695763321720377;0.016638225255972697;0.0161839863713799
2263.5;0.0425033467202142;0.0175513698630137;0.017373380447585393
2265.0;0.045928030303030304;0.01842179442537598;0.0189328743545611
2266.5;0.017094017094017096;0.015280135823429542;0.016863406408094434
2268.0;0.017623877982923447;0.018010291595197254;0.018010291595197254
2269.5;0.016638225255972697;0.01749271137026239;0.0363872644574399
2271.0;0.019142066420664204;0.018582093618876354;0.03964465658976399
2272.5;0.016808306987266874;0.016937514305333027;0.038385826771653545
2274.0;0.016928888642404022;0.018803418803418803;0.03878406708595388
2275.5;0.01695643409565837;0.01847050971300102;0.017710309930423784
2277.0;0.014969812391604657;0.0574398249452954;0.016838000708968452
2278.5;0.01597712748065927;0.015414729630535846;0.019944341372912802
2280.0;0.015001087035292413;0.042924211938296444;0.017767866776966516
2281.5;0.015001087035292413;0.047619047619047616;0.04308815858111633
2283.0;0.015001087035292413;0.018595825426944972;0.018595825426944972
2284.5;0.015769487034319674;0.03919631093544137;0.018147448015122872
2286.0;0.015731292517006803;0.08431531897602601;0.0368410470132339
2287.5;0.09173947577442415;0.032696390658174104;0.04614566719829879
2289.0;0.051059730250481696;0.01858759764068229;0.018876611418047883
2290.5;0.01597712748065927;0.017094017094017096;0.03542094455852156
2292.0;0.016638225255972697;0.017547197908565945;0.018323203432248837
2293.5;0.01597712748065927;0.018544683857294242;0.018323203432248837
2295.0;0.017623877982923447;0.01862706786505145;0.016042780748663103
2296.5;0.017623877982923447;0.01672535211267606;0.03996754905739873
2298.0;0.016676298192025096;0.017623877982923447;0.07307962056611304
2299.5;0.01865038996269922;0.0170487948265726;0.041901692183722805
2301.0;0.015871286409530037;0.07620041753653445;0.03427752329313514
2302.5;0.015871286409530037;0.017094017094017096;0.04031504321139106
2304.0;0.016676298192025096;0.016863406408094434;0.01672535211267606
2305.5;0.016676298192025096;0.08711411073615798;0.0350922131147541
2307.0;0.015769487034319674;0.015854570888502284;0.015195702225633155
2308.5;0.015731292517006803;0.0165975978705743;0.03266518188567186
2310.0;0.015731292517006803;0.059782608695652176;0.020833333333333332
2311.5;0.016863406408094434;0.0189328743545611;0.04275738046756373
2313.0;0.0161839863713799;0.015095605501509561;0.019038200024724936
2314.5;0.01597712748065927;0.015809071886378992;0.035751028806584366
2316.0;0.07668608086435384;0.017094017094017096;0.021384021384021387
2317.5;0.017547197908565945;0.03443877551020408;0.05265448215839861
2319.0;0.01836806645203033;0.01766843911960692;0.01877137071340836
2320.5;0.01836806645203033;0.017094017094017096;0.037422037422037424
2322.0;0.018332165356039182;0.01850632726208763;0.03266518188567186
2323.5;0.018332165356039182;0.01850632726208763;0.01929282065071256
2325.0;0.017443347491498312;0.017754480892796753;0.03412017167381975
2326.5;0.017427438387099873;0.015001087035292413;0.09585798816568047
2328.0;0.018010291595197254;0.01845342706502636;0.017094017094017096
2329.5;0.015871286409530037;0.047961357066788377;0.02019230769230769
2331.0;0.017547197908565945;0.017094017094017096;0.020625415834996677
2332.5;0.017547197908565945;0.0189328743545611;0.018026101666570187
2334.0;0.017547197908565945;0.01597712748065927;0.019643114117139156
2335.5;0.017547197908565945;0.034408602150537634;0.01950286806883365
2337.0;0.015769487034319674;0.018761128291631523;0.033547008547008546
2338.5;0.01488644788002137;0.0175513698630137;0.01866458752950859
2340.0;0.01488644788002137;0.02177154786758127;0.0188212927756654
2341.5;0.016582472972657695;0.019209659714599342;0.02041832669322709
2343.0;0.01741601350785099;0.08148734177215189;0.019873626501266062
2344.5;0.049329501915708805;0.018612132352941176;0.02060721897350717
2346.0;0.049329501915708805;0.0370850622406639;0.031578947368421054
2347.5;0.015095605501509561;0.017825311942959002;0.03542094455852156
2349.0;0.017623877982923447;0.017824497257769654;0.018612132352941176
2350.5;0.017623877982923447;0.05020283975659229;0.04115502686108979
2352.0;0.017623877982923447;0.01654091700522345;0.021256754162209606
2353.5;0.017623877982923447;0.019139945314441957;0.017844021577470677
2355.0;0.014945495799148322;0.051646956235207125;0.031135531135531136
2356.5;0.01660281557997176;0.019138359569179784;0.041390423572744015
2358.0;0.017094017094017096;0.0363872644574399;0.0429281518300949
2359.5;0.051640926640926635;0.018683274021352312;0.018784610708007875
2361.0;0.017754480892796753;0.017699115044247787;0.015539161827028724
2362.5;0.018010291595197254;0.015731292517006803;0.01733025239957341
2364.0;0.018010291595197254;0.019142066420664204;0.017737506864360243
2365.5;0.01608187134502924;0.041250831669993354;0.01656929980526628
2367.0;0.015095605501509561;0.01845342706502636;0.019142066420664204
2368.5;0.08755082619603771;0.047658862876254184;0.03655913978494623
2370.0;0.08755082619603771;0.05158916266820592;0.016935318245031365
2371.5;0.08755082619603771;0.015517241379310345;0.036289464349059955
2373.0;0.01836806645203033;0.015095605501509561;0.01939343350027824
2374.5;0.018332165356039182;0.017971946230274694;0.01757469244288225
2376.0;0.078274430155538;0.0899753333847221;0.019719771665801765
2377.5;0.016638225255972697;0.018699545475974563;0.02206744945518342
2379.0;0.01597712748065927;0.018026004728132386;0.018299906500121574
2380.5;0.015001087035292413;0.015280135823429542;0.017373380447585393
2382.0;0.09645232815964523;0.017094017094017096;0.019282454891782142
2383.5;0.0175513698630137;0.01850632726208763;0.03189528023598819
2385.0;0.01865038996269922;0.0175513698630137;0.07594291539245666
2386.5;0.015769487034319674;0.015871286409530037;0.01908409313296656
2388.0;0.01660281557997176;0.017754480892796753;0.019016635363563187
2389.5;0.018289844042285466;0.017623877982923447;0.017824497257769654
2391.0;0.01654477169890474;0.018010291595197254;0.051611796982167356
2392.5;0.018256492034823147;0.018026004728132386;0.021078829744006503
2394.0;0.01825283975007182;0.10222016651248844;0.019425256285570732
2395.5;0.017373380447585393;0.018086080586080584;0.018086080586080584
2397.0;0.08302956662616444;0.01713180436584692;0.040013227513227514
2398.5;0.017094017094017096;0.0189328743545611;0.05925707547169811
2400.0;0.08691206543967281;0.015280135823429542;0.060130331753554506
2401.5;0.051059730250481696;0.018487434139972954;0.018683274021352312
2403.0;0.01597712748065927;0.017373380447585393;0.041961744983050005
2404.5;0.01597712748065927;0.01597712748065927;0.039668700959023535
2406.0;0.01597712748065927;0.015871286409530037;0.016530360693496
2407.5;0.015871286409530037;0.01882395123700251;0.018143754361479414
2409.0;0.01836806645203033;0.01704391595915832;0.015370218739033806
2410.5;0.01836806645203033;0.016638225255972697;0.036165577342047936
2412.0;0.01660281557997176;0.018010291595197254;0.019801980198019802
2413.5;0.01660281557997176;0.018010291595197254;0.03240740740740741
2415.0;0.07016556801787727;0.01850632726208763;0.017045454545454544
2416.5;0.07503727202704219;0.015414729630535846;0.019944341372912802
2418.0;0.07503727202704219;0.017814806907942786;0.0537280701754386
2419.5;0.07503727202704219;0.016863406408094434;0.017699115044247787
2421.0;0.07503727202704219;0.017699115044247787;0.01622334579028358
2422.5;0.015695763321720377;0.07884779689979252;0.016885516973057096
2424.0;0.015695763321720377;0.014936197678611653;0.016137953782818577
2425.5;0.015695763321720377;0.015762630806304054;0.01726263871763255
2427.0;0.07583825514009619;0.01606832657788072;0.01813557316928901
2428.5;0.018256492034823147;0.019327580007191657;0.04988009592326139
2430.0;0.018256492034823147;0.0161446953143967;0.04788937409024746
2431.5;0.018256492034823147;0.0189328743545611;0.016335052812576762
2433.0;0.017754480892796753;0.018612132352941176;0.035885989010989015
2434.5;0.015871286409530037;0.018052243358660087;0.03678929765886288
2436.0;0.014910112661872163;0.019865614957639496;0.13983050847457626
2437.5;0.017465858520325457;0.04942166140904311;0.03469827586206897
2439.0;0.018026004728132386;0.01591846480834399;0.10898474737845568
2440.5;0.0175513698630137;0.016652752022544213;0.018158806338412235
2442.0;0.018026004728132386;0.014877838170972308;0.03765137029955386
2443.5;0.017094017094017096;0.017094017094017096;0.037879981099385736
2445.0;0.0161839863713799;0.01842179442537598;0.017133300846143625
2446.5;0.015095605501509561;0.015743018124095107;0.019395134779750165
2448.0;0.0175513698630137;0.0161839863713799;0.016442338391221792
2449.5;0.0175513698630137;0.01850632726208763;0.019142251771754222
2451.0;0.03879026955950033;0.08887817422050787;0.01834061135371179
2452.5;0.015280135823429542;0.01783664661861255;0.017302798982188294
2454.0;0.01597712748065927;0.07620041753653445;0.019082371238858645
2455.5;0.01597712748065927;0.015095605501509561;0.07484407484407485
2457.0;0.016638225255972697;0.016863406408094434;0.017373380447585393
2458.5;0.016638225255972697;0.016745540589734254;0.018026004728132386
2460.0;0.016638225255972697;0.01842179442537598;0.03189528023598819
2461.5;0.01597712748065927;0.01842179442537598;0.05822784810126582
2463.0;0.016745540589734254;0.01836806645203033;0.018010291595197254
2464.5;0.01842179442537598;0.016403046280023436;0.015446744068652195
2466.0;0.01842179442537598;0.017094017094017096;0.06636838180462341
2467.5;0.01488644788002137;0.015001087035292413;0.018876611418047883
2469.0;0.016582472972657695;0.018010291595197254;0.08712574850299402
2470.5;0.0763307942719867;0.017754480892796753;0.04421768707482994
2472.0;0.07702838380033686;0.016745540589734254;0.017460979111666896
2473.5;0.01826142579350741;0.01842179442537598;0.019679300291545188
2475.0;0.01826142579350741;0.014910112661872163;0.019524316648917288
2476.5;0.01825283975007182;0.0161839863713799;0.02335858585858586
2478.0;0.015682478532320222;0.07786711807024968;0.018612132352941176
2479.5;0.01824547540373295;0.014910112661872163;0.01678424862821045
2481.0;0.016530987295071384;0.014870091759449306;0.03411405295315682
2482.5;0.015731292517006803;0.01570251018973342;0.09272178167111142
2484.0;0.015731292517006803;0.016550266845809666;0.01822145094387539
2485.5;0.015731292517006803;0.016863406408094434;0.051617709663686666
2487.0;0.01850632726208763;0.017623877982923447;0.016209169954000083
2488.5;0.014945495799148322;0.07299742814770317;0.01672535211267606
2490.0;0.014945495799148322;0.015280135823429542;0.019120945859903808
2491.5;0.0175513698630137;0.07551140668406431;0.018026004728132386
2493.0;0.015001087035292413;0.07551140668406431;0.05214723926380367
2494.5;0.01663225731761437;0.01842179442537598;0.017465753424657532
2496.0;0.014870091759449306;0.017498443680569787;0.08154455152816732
2497.5;0.01597712748065927;0.017498443680569787;0.06325301204819277
2499.0;0.015769487034319674;0.017498443680569787;0.0391281512605042
2500.5;0.015769487034319674;0.017094017094017096;0.018026004728132386
2502.0;0.017373380447585393;0.01850632726208763;0.03164091243561443
2503.5;0.0161839863713799;0.01850632726208763;0.01583436633020483
2505.0;0.017094017094017096;0.05048076923076923;0.08847156648580086
2506.5;0.01865038996269922;0.01597712748065927;0.04883659205520658
2508.0;0.018470790378006873;0.05048076923076923;0.018257480705689652
2509.5;0.015001087035292413;0.05048076923076923;0.040266060999351067
2511.0;0.015809071886378992;0.0170487948265726;0.01702553830746119
2512.5;0.017373380447585393;0.017094017094017096;0.01904761904761905
2514.0;0.017971946230274694;0.016745540589734254;0.01743119266055046
2515.5;0.01672693391308206;0.01834862385321101;0.018086080586080584
2517.0;0.01780160609014529;0.015414729630535846;0.017368069472277887
2518.5;0.01810699588477366;0.015731292517006803;0.04511610297829379
2520.0;0.016187271319071658;0.015095605501509561;0.03977513788714467
2521.5;0.04205607476635514;0.017623877982923447;0.018683274021352312
2523.0;0.01749271137026239;0.01836806645203033;0.018902169101372285
2524.5;0.018086080586080584;0.01836806645203033;0.01756386861313869
2526.0;0.01726263871763255;0.01836806645203033;0.016838000708968452
2527.5;0.018010291595197254;0.016638225255972697;0.0152400907758678
2529.0;0.018354055654233276;0.018010291595197254;0.020618556701030927
2530.5;0.015095605501509561;0.015001087035292413;0.01544029707006141
2532.0;0.017094017094017096;0.016638225255972697;0.015517241379310345
2533.5;0.017754480892796753;0.017754480892796753;0.018197573656845753
2535.0;0.018937169700528483;0.017623877982923447;0.0350922131147541
2536.5;0.07756813417190776;0.017547197908565945;0.017391304347826087
2538.0;0.015871286409530037;0.01663225731761437;0.01733025239957341
2539.5;0.017094017094017096;0.01830736743700201;0.019659185369908565
2541.0;0.015095605501509561;0.018010291595197254;0.03542094455852156
2542.5;0.017699115044247787;0.01597712748065927;0.01834862385321101
2544.0;0.016745540589734254;0.0161839863713799;0.019598155467720684
2545.5;0.015809071886378992;0.01865038996269922;0.018354055654233276
2547.0;0.017094017094017096;0.01850632726208763;0.01645021645021645
2548.5;0.015095605501509561;0.015743018124095107;0.018284611141753997
2550.0;0.01850632726208763;0.016863406408094434;0.01950286806883365
2551.5;0.044811320754716985;0.017094017094017096;0.040424121935056324
2553.0;0.08333173436690525;0.018010291595197254;0.020423892100192676
2554.5;0.01660281557997176;0.017623877982923447;0.01658516707416463
2556.0;0.018010291595197254;0.01842179442537598;0.05839201877934272
2557.5;0.018010291595197254;0.014910112661872163;0.018832655731576244
2559.0;0.01850632726208763;0.016863406408094434;0.017923649906890132
2560.5;0.07771195869669424;0.016638225255972697;0.019731800766283527
2562.0;0.07771195869669424;0.016745540589734254;0.01797915672819346
2563.5;0.018289844042285466;0.016745540589734254;0.056801470588235294
2565.0;0.018289844042285466;0.018470790378006873;0.016761126080089193
2566.5;0.0182681206624895;0.018010291595197254;0.05234604105571847
2568.0;0.018010291595197254;0.01850632726208763;0.018197573656845753
2569.5;0.08175211949939443;0.01850632726208763;0.054185779816513756
2571.0;0.017094017094017096;0.017547197908565945;0.018559977888336097
2572.5;0.018010291595197254;0.06997510553090161;0.018197573656845753
2574.0;0.015001087035292413;0.06997510553090161;0.0189328743545611
2575.5;0.03599221789883269;0.018332165356039182;0.06235011990407673
2577.0;0.017987706243934;0.017427438387099873;0.01904761904761905
2578.5;0.038100208768267224;0.017427438387099873;0.0350922131147541
2580.0;0.0153103221203973;0.01741601350785099;0.019269640210214257
2581.5;0.016755205752543818;0.01740771421307761;0.03542094455852156
2583.0;0.01862097440132122;0.015690820879123473;0.05699205248442419
2584.5;0.017222129645059158;0.0175513698630137;0.017460979111666896
2586.0;0.040013227513227514;0.016863406408094434;0.01733025239957341
2587.5;0.018147448015122872;0.016863406408094434;0.03845163189461677
2589.0;0.0167163622810287;0.01850632726208763;0.03655913978494623
2590.5;0.01759872630316283;0.01850632726208763;0.03528138528138528
2592.0;0.015107933277383025;0.015001087035292413;0.03674948240165632
2593.5;0.017971946230274694;0.017699115044247787;0.03379065040650407
2595.0;0.018026004728132386;0.018010291595197254;0.01645021645021645
2596.5;0.016638225255972697;0.017623877982923447;0.016293098349991132
2598.0;0.06859415127164278;0.0161839863713799;0.018543046357615892
2599.5;0.017498443680569787;0.0189328743545611;0.019263204616067467
2601.0;0.043703007518796994;0.015871286409530037;0.017094017094017096
2602.5;0.018354055654233276;0.039603960396039604;0.03476482617586912
2604.0;0.018937169700528483;0.017094017094017096;0.017674869549113806
2605.5;0.04694487416837852;0.015095605501509561;0.018063880198607787
2607.0;0.01765152770128593;0.01597712748065927;0.01549874155517287
2608.5;0.01765152770128593;0.019013666072489603;0.018354055654233276
2610.0;0.018470790378006873;0.04260299625468165;0.0161839863713799
2611.5;0.01865038996269922;0.016638225255972697;0.019731800766283527
2613.0;0.017971946230274694;0.017094017094017096;0.018323203432248837
2614.5;0.018026004728132386;0.016863406408094434;0.015202013639811085
2616.0;0.01749271137026239;0.03879026955950033;0.03241525423728814
2617.5;0.01904761904761905;0.018487434139972954;0.01733025239957341
2619.0;0.03498920086393088;0.018020513790726903;0.03241525423728814
2620.5;0.0177109440267335;0.016638225255972697;0.015861825872400422
2622.0;0.018652481139938736;0.015001087035292413;0.0152400907758678
2623.5;0.01850749411491396;0.01842179442537598;0.019961612284069098
2625.0;0.018026004728132386;0.017465858520325457;0.017374932759548146
2626.5;0.018010291595197254;0.018026004728132386;0.019142066420664204
2628.0;0.01865038996269922;0.017094017094017096;0.019013666072489603
2629.5;0.016745540589734254;0.07620041753653445;0.01879117923894043
2631.0;0.0175513698630137;0.07620041753653445;0.018122434188009157
2632.5;0.016745540589734254;0.01865038996269922;0.01672535211267606
2634.0;0.015597920277296359;0.06794294294294294;0.017042057006178994
2635.5;0.038100208768267224;0.0161839863713799;0.01658516707416463
2637.0;0.016217853406024562;0.016638225255972697;0.05298797995036254
2638.5;0.0175513698630137;0.01865038996269922;0.01589737116599835
2640.0;0.0175513698630137;0.07639217169329678;0.019142066420664204
2641.5;0.018612132352941176;0.01865038996269922;0.06145584725536992
2643.0;0.01713180436584692;0.01865038996269922;0.05376344086021505
2644.5;0.015879968453896016;0.016745540589734254;0.019139945314441957
2646.0;0.018354055654233276;0.015809071886378992;0.017934291168491913
2647.5;0.017015706806282723;0.017373380447585393;0.0161839863713799
2649.0;0.017373380447585393;0.017373380447585393;0.017699115044247787
2650.5;0.017373380447585393;0.016638225255972697;0.019598155467720684
2652.0;0.01850632726208763;0.046489563567362426;0.016979552792060267
2653.5;0.01836806645203033;0.015001087035292413;0.018010291595197254
2655.0;0.01488644788002137;0.040765100838347224;0.01675356994726551
2656.5;0.08180102222876223;0.01715933414707495;0.018354055654233276
2658.0;0.01678765880217786;0.018010291595197254;0.01865038996269922
2659.5;0.0153103221203973;0.0175513698630137;0.015001087035292413
2661.0;0.018470790378006873;0.017094017094017096;0.01597712748065927
2662.5;0.018010291595197254;0.017094017094017096;0.017699115044247787
2664.0;0.0175513698630137;0.01850632726208763;0.08174097664543525
2665.5;0.018010291595197254;0.01756386861313869;0.043703007518796994
2667.0;0.01865038996269922;0.016348533050547898;0.016745540589734254
2668.5;0.016745540589734254;0.016604605213162094;0.046489563567362426
2670.0;0.017373380447585393;0.01654091700522345;0.018026004728132386
2671.5;0.018354055654233276;0.017603269400950756;0.01784040701566475
2673.0;0.016830578931359627;0.01597712748065927;0.01784040701566475
2674.5;0.017754480892796753;0.015414729630535846;0.015163102542134104
2676.0;0.02041832669322709;0.01726263871763255;0.015095605501509561
2677.5;0.018354055654233276;0.017215791035915702;0.018314772574802095
2679.0;0.04614106630418366;0.01749271137026239;0.01702553830746119
2680.5;0.018792559974975337;0.05318627450980391;0.04640718562874251
2682.0;0.015842570532438566;0.018176276971839572;0.015854570888502284
2683.5;0.017623877982923447;0.08155984745971215;0.017934291168491913
2685.0;0.0161839863713799;0.047658862876254184;0.014986153377295074
2686.5;0.0161839863713799;0.04450788830945937;0.018358765104113217
2688.0;0.0161839863713799;0.035751028806584366;0.040424121935056324
2689.5;0.03758169934640523;0.015414729630535846;0.016863406408094434
2691.0;0.0189328743545611;0.0826771653543307;0.016745540589734254
2692.5;0.08033826638477802;0.019675925925925927;0.017094017094017096
2694.0;0.0161839863713799;0.05345699070313205;0.075255126101145
2695.5;0.01834862385321101;0.038385826771653545;0.015095605501509561
2697.0;0.017083111144968386;0.0161839863713799;0.09722222222222221
2698.5;0.01887912456608984;0.01862097440132122;0.015095605501509561
2700.0;0.04536862003780718;0.04876847290640394;0.015809071886378992
2701.5;0.019961612284069098;0.01765061454765263;0.08110292001505391
2703.0;0.087535953978907;0.017078710866774205;0.015001087035292413
2704.5;0.015731292517006803;0.01667380477399617;0.018010291595197254
2706.0;0.07753473472714523;0.015768016140390778;0.04536862003780718
2707.5;0.016863406408094434;0.016863406408094434;0.017373380447585393
2709.0;0.049329501915708805;0.016863406408094434;0.016638225255972697
2710.5;0.0161839863713799;0.017094017094017096;0.0175513698630137
2712.0;0.01756386861313869;0.051059730250481696;0.01597712748065927
2713.5;0.018532729644693425;0.015095605501509561;0.017699115044247787
2715.0;0.05336117540505183;0.07796881247500999;0.0457863304578633
2716.5;0.018354055654233276;0.01865038996269922;0.016429426632965278
2718.0;0.01594765689784196;0.017547197908565945;0.01676981545879932
2719.5;0.01594765689784196;0.01663225731761437;0.01726263871763255
2721.0;0.017534382187836362;0.017754480892796753;0.016638225255972697
2722.5;0.04494213136930708;0.015414729630535846;0.017094017094017096
2724.0;0.016925107458198935;0.019961612284069098;0.015871286409530037
2725.5;0.016779196768406956;0.02018348623853211;0.018026004728132386
2727.0;0.01783664661861255;0.01834862385321101;0.016863406408094434
2728.5;0.014922830014276238;0.018612132352941176;0.018010291595197254
2730.0;0.016638225255972697;0.016043635035830027;0.017754480892796753
2731.5;0.0175513698630137;0.01597712748065927;0.03599221789883269
2733.0;0.015001087035292413;0.07884779689979252;0.05486947006409254
2734.5;0.01842179442537598;0.017302798982188294;0.039603960396039604
2736.0;0.014870091759449306;0.018876611418047883;0.01612259159428971
2737.5;0.015095605501509561;0.0161839863713799;0.014936197678611653
2739.0;0.016676298192025096;0.01597712748065927;0.015762630806304054
2740.5;0.01836806645203033;0.03300733496332518;0.040424121935056324
2742.0;0.01485852872552252;0.017373380447585393;0.017754480892796753
2743.5;0.07668608086435384;0.08116577875274208;0.0170487948265726
2745.0;0.07668608086435384;0.019013666072489603;0.0189328743545611
2746.5;0.016676298192025096;0.018010291595197254;0.018848906360245943
2748.0;0.01836806645203033;0.015731292517006803;0.05613305613305613
2749.5;0.017934291168491913;0.017623877982923447;0.03718199608610568
2751.0;0.03758169934640523;0.04208416833667335;0.0175513698630137
2752.5;0.036783854166666664;0.05412371134020618;0.01597712748065927
2754.0;0.0189328743545611;0.018876611418047883;0.0882232252769799
2755.5;0.017754480892796753;0.08261230705336749;0.017623877982923447
2757.0;0.017699115044247787;0.0865743921902504;0.017623877982923447
2758.5;0.017623877982923447;0.0175513698630137;0.07672379434037466
2760.0;0.01879117923894043;0.0174812030075188;0.018010291595197254
2761.5;0.015050831498364467;0.09577717879604672;0.01865038996269922
2763.0;0.014929429479221547;0.0161839863713799;0.07434304424481572
2764.5;0.01845342706502636;0.018354055654233276;0.017094017094017096
2766.0;0.01845342706502636;0.051597582037996546;0.015225395561747438
2767.5;0.0161839863713799;0.01882395123700251;0.017094017094017096
2769.0;0.017547197908565945;0.01932409162854608;0.016745540589734254
2770.5;0.017373380447585393;0.01932409162854608;0.01842179442537598
2772.0;0.018612132352941176;0.015370218739033806;0.01726263871763255
2773.5;0.035598705501618116;0.016891143096075006;0.08837068323262882
2775.0;0.016081348496769426;0.017089125102207687;0.018010291595197254
2776.5;0.01949374454466104;0.018014359856939253;0.0189328743545611
2778.0;0.016844337122327583;0.015096375438685099;0.017373380447585393
2779.5;0.018902169101372285;0.09761904761904762;0.0161839863713799
2781.0;0.016361807781758754;0.01766565689244434;0.015731292517006803
2782.5;0.015280135823429542;0.018354055654233276;0.018937169700528483
2784.0;0.017679771605305417;0.017094017094017096;0.015163102542134104
2785.5;0.0175513698630137;0.0189328743545611;0.01856198874464861
2787.0;0.0189328743545611;0.017754480892796753;0.018470790378006873
2788.5;0.01672535211267606;0.0334685598377282;0.015809071886378992
2790.0;0.0170487948265726;0.0439533542241554;0.0170487948265726
2791.5;0.01784040701566475;0.017824497257769654;0.046489563567362426
2793.0;0.018371212121212118;0.01814552172099398;0.0189328743545611
2794.5;0.019395134779750165;0.017824497257769654;0.018876611418047883
2796.0;0.01791555143229861;0.018470790378006873;0.015731292517006803
2797.5;0.017699115044247787;0.016089299461123942;0.07434304424481572
2799.0;0.08175211949939443;0.0170487948265726;0.018683274021352312
2800.5;0.017699115044247787;0.016403046280023436;0.0175513698630137
2802.0;0.018470790378006873;0.01756386861313869;0.015871286409530037
2803.5;0.01942319011183049;0.018041485106324483;0.01597712748065927
2805.0;0.01769257756716558;0.018612132352941176;0.01597712748065927
2806.5;0.01726263871763255;0.017083111144968386;0.04083665338645418
2808.0;0.017824497257769654;0.017718839216707832;0.015095605501509561
2809.5;0.018716969225741748;0.017015706806282723;0.01942319011183049
2811.0;0.01834862385321101;0.017094017094017096;0.016335052812576762
2812.5;0.01756386861313869;0.0175513698630137;0.018470790378006873
2814.0;0.017674869549113806;0.015095605501509561;0.018086080586080584
2815.5;0.016700099238231795;0.0170487948265726;0.018716969225741748
2817.0;0.016893192636230753;0.03512836568566061;0.017754480892796753
2818.5;0.0161839863713799;0.09701633277586023;0.016745540589734254
2820.0;0.017754480892796753;0.01654091700522345;0.0161839863713799
2821.5;0.01597712748065927;0.03919631093544137;0.01865038996269922
2823.0;0.017094017094017096;0.015095605501509561;0.03599221789883269
2824.5;0.017825311942959002;0.035869565217391305;0.016371008616320324
2826.0;0.018010291595197254;0.0172434729811779;0.015095605501509561
2827.5;0.01865038996269922;0.016638225255972697;0.017699115044247787
2829.0;0.017547197908565945;0.015731292517006803;0.018876611418047883
2830.5;0.017547197908565945;0.017373380447585393;0.01834862385321101
2832.0;0.041666666666666664;0.01749271137026239;0.03674948240165632
2833.5;0.016863406408094434;0.019944341372912802;0.020656370656370653
2835.0;0.08560945780676722;0.016808306987266874;0.016257905732192428
2836.5;0.018010291595197254;0.01834862385321101;0.01678424862821045
2838.0;0.04536862003780718;0.01814552172099398;0.018960244648318046
2839.5;0.04536862003780718;0.018470790378006873;0.01766376725659062
2841.0;0.017754480892796753;0.016745540589734254;0.019345238095238096
2842.5;0.01850632726208763;0.015809071886378992;0.015095605501509561
2844.0;0.016638225255972697;0.019082371238858645;0.017699115044247787
2845.5;0.016745540589734254;0.01834061135371179;0.0161839863713799
2847.0;0.017094017094017096;0.09431195000637675;0.039603960396039604
2848.5;0.018010291595197254;0.018010291595197254;0.07548669050456894
2850.0;0.015871286409530037;0.016745540589734254;0.017094017094017096
2851.5;0.018010291595197254;0.018937169700528483;0.0161839863713799
2853.0;0.016863406408094434;0.018143754361479414;0.01769472665699081
2854.5;0.015809071886378992;0.08054206512124702;0.018387143541237407
2856.0;0.018010291595197254;0.017094017094017096;0.018143754361479414
2857.5;0.017094017094017096;0.05687334004945507;0.01715933414707495
2859.0;0.07905457014342697;0.018086080586080584;0.032696390658174104
2860.5;0.017498443680569787;0.018354055654233276;0.017854807063440156
2862.0;0.0863169700629799;0.017699115044247787;0.0170487948265726
2863.5;0.017373380447585393;0.037422037422037424;0.0188212927756654
2865.0;0.017373380447585393;0.0185554688027144;0.016779784268573506
2866.5;0.018010291595197254;0.018387370467510947;0.1
2868.0;0.01865038996269922;0.018876611418047883;0.018645413460363993
2869.5;0.015001087035292413;0.015907416444202047;0.019311776920795016
2871.0;0.017373380447585393;0.01950286806883365;0.0196525928743502
2872.5;0.018876611418047883;0.07994143484626647;0.01765330501725511
2874.0;0.0170487948265726;0.016863406408094434;0.03282828282828283
2875.5;0.017825311942959002;0.0170487948265726;0.03476482617586912
2877.0;0.016335052812576762;0.05306859205776173;0.016937514305333027
2878.5;0.01766843911960692;0.017737506864360243;0.03427835051546392
2880.0;0.01606832657788072;0.018026004728132386;0.015370218739033806
2881.5;0.018612132352941176;0.0189328743545611;0.01726263871763255
2883.0;0.018612132352941176;0.015001087035292413;0.01733025239957341
2884.5;0.015033359741139864;0.017045454545454544;0.018532478954642544
2886.0;0.07750759878419453;0.015414729630535846;0.01949946200135496
2887.5;0.016664722618075594;0.01783664661861255;0.03956644767654295
2889.0;0.015721433426428948;0.0175513698630137;0.031435154707044104
2890.5;0.015700806315142295;0.017754480892796753;0.04083665338645418
2892.0;0.014843075004360225;0.05358531653445326;0.017792037334111128
2893.5;0.014843075004360225;0.04315196998123827;0.01834061135371179
2895.0;0.014835903937508495;0.01865038996269922;0.01950286806883365
2896.5;0.015683979232679734;0.015095605501509561;0.018026004728132386
2898.0;0.014831971299785656;0.0175513698630137;0.01849148418491484
2899.5;0.047619047619047616;0.016403046280023436;0.019865614957639496
2901.0;0.01597712748065927;0.09087154068566708;0.030495759947814744
2902.5;0.017971946230274694;0.07484407484407485;0.01937024271147494
2904.0;0.016429426632965278;0.08755082619603771;0.01953269166758353
2905.5;0.017883272962794156;0.017498443680569787;0.018836565096952907
2907.0;0.015050831498364467;0.018470790378006873;0.10669456066945608
2908.5;0.016656297685317897;0.015871286409530037;0.03412017167381975
2910.0;0.016656297685317897;0.01663225731761437;0.01904761904761905
2911.5;0.017094017094017096;0.018470790378006873;0.031578947368421054
2913.0;0.08033826638477802;0.018010291595197254;0.0196525928743502
2914.5;0.017754480892796753;0.015809071886378992;0.019700343090736552
2916.0;0.01850632726208763;0.017754480892796753;0.01862437268096063
2917.5;0.016863406408094434;0.017121863302370723;0.020171743357096563
2919.0;0.015731292517006803;0.016335052812576762;0.01782018010792921
2920.5;0.01865038996269922;0.018010291595197254;0.019234740232923105
2922.0;0.01850632726208763;0.017094017094017096;0.054340289134558774
2923.5;0.01836806645203033;0.018010291595197254;0.01749271137026239
2925.0;0.0161839863713799;0.0189328743545611;0.017045454545454544
2926.5;0.016863406408094434;0.019013666072489603;0.01812240047534165
2928.0;0.04208416833667335;0.01597712748065927;0.01984331322642342
2929.5;0.015001087035292413;0.01678424862821045;0.037760416666666664
2931.0;0.015001087035292413;0.020807540799099605;0.01904761904761905
2932.5;0.018470790378006873;0.03612385321100917;0.02046783625730994
2934.0;0.04990403071017274;0.018197573656845753;0.020745684027274044
2935.5;0.015731292517006803;0.018026004728132386;0.050306173898689174
2937.0;0.015095605501509561;0.01822513964717392;0.019408502772643253
2938.5;0.03798297314996725;0.0383888532991672;0.018559977888336097
2940.0;0.03798297314996725;0.01920298204546649;0.0482573726541555
2941.5;0.01597712748065927;0.019311776920795016;0.017053807703616582
2943.0;0.01865038996269922;0.01874107841782935;0.03919631093544137
2944.5;0.07753473472714523;0.0161839863713799;0.04468816500245539
2946.0;0.07753473472714523;0.018876611418047883;0.07801258992805754
2947.5;0.07659179563235237;0.038003142098705235;0.04426901361545998
2949.0;0.07161008172674148;0.020656370656370653;0.018354055654233276
2950.5;0.07773101809313682;0.020429159318048208;0.02126119010005266
2952.0;0.07850573814074081;0.01608187134502924;0.03977975973789589
2953.5;0.051640926640926635;0.016147939745618664;0.01726263871763255
2955.0;0.051640926640926635;0.0170487948265726;0.01672535211267606
2956.5;0.07303592577970786;0.016293098349991132;0.01967799642218247
2958.0;0.07884779689979252;0.018937169700528483;0.033950617283950615
2959.5;0.07884779689979252;0.01597712748065927;0.023072833599149394
2961.0;0.01594765689784196;0.01658516707416463;0.020618556701030927
2962.5;0.017603269400950756;0.018224866440019426;0.017524457677584006
2964.0;0.017603269400950756;0.016490222066271418;0.01770244821092279
2965.5;0.017534382187836362;0.018622193976027712;0.017267454473693152
2967.0;0.017534382187836362;0.034921650143907905;0.017737506864360243
2968.5;0.05048076923076923;0.019408502772643253;0.019659185369908565
2970.0;0.01865038996269922;0.019032396269320767;0.01834862385321101
2971.5;0.015871286409530037;0.018010291595197254;0.020776495278069258
2973.0;0.08560945780676722;0.01834862385321101;0.03470249382804394
2974.5;0.015001087035292413;0.018086080586080584;0.03888742947347584
2976.0;0.015001087035292413;0.01606832657788072;0.02079334612923865
2977.5;0.015001087035292413;0.017971946230274694;0.019961612284069098
2979.0;0.017547197908565945;0.016604605213162094;0.01934022113467464
2980.5;0.017498443680569787;0.019013666072489603;0.0554726368159204
2982.0;0.016638225255972697;0.01780160609014529;0.033476658476658476
2983.5;0.017754480892796753;0.017941008334886186;0.01846545686087233
2985.0;0.017754480892796753;0.01672535211267606;0.16243516243516246
2986.5;0.017754480892796753;0.016863406408094434;0.018215848241975932
2988.0;0.07087532272840844;0.03608247422680412;0.018822613968713944
2989.5;0.017754480892796753;0.017825311942959002;0.01769472665699081
2991.0;0.017754480892796753;0.015245106155354892;0.018086080586080584
2992.5;0.017754480892796753;0.018314772574802095;0.017391304347826087
2994.0;0.017623877982923447;0.01983411467724486;0.020052693208430915
2995.5;0.014945495799148322;0.0185181325793626;0.03581871345029239
2997.0;0.01597712748065927;0.017699115044247787;0.020484171322160148
2998.5;0.017754480892796753;0.018937169700528483;0.04923056859676579
3000.0;0.0175513698630137;0.017699115044247787;0.019192913385826772
3001.5;0.03718199608610568;0.01749271137026239;0.050556983718937444
3003.0;0.018470790378006873;0.07242412093483952;0.01747700394218134
3004.5;0.018470790378006873;0.056249999999999994;0.05223585278986942
3006.0;0.016863406408094434;0.017878422428924522;0.04325798908807482
3007.5;0.0175513698630137;0.017094017094017096;0.02080873671782763
3009.0;0.0175513698630137;0.0175513698630137;0.018086080586080584
3010.5;0.0175513698630137;0.015871286409530037;0.018902169101372285
3012.0;0.07672379434037466;0.038385826771653545;0.037285441830896375
3013.5;0.016745540589734254;0.017934291168491913;0.05243902439024391
3015.0;0.016745540589734254;0.0189328743545611;0.049515381373788456
3016.5;0.01663225731761437;0.017094017094017096;0.017465753424657532
3018.0;0.01663225731761437;0.019013666072489603;0.020618556701030927
3019.5;0.017443347491498312;0.015225395561747438;0.017121863302370723
3021.0;0.015711796950363736;0.01848360454802751;0.03383297644539615
3022.5;0.015711796950363736;0.03498920086393088;0.017596390484003282
3024.0;0.014850222990092551;0.01834862385321101;0.03297872340425532
3025.5;0.07702838380033686;0.01882395123700251;0.01815261570735545
3027.0;0.015690820879123473;0.0170487948265726;0.020734115460564525
3028.5;0.015690820879123473;0.016638225255972697;0.01862097440132122
3030.0;0.015690820879123473;0.04508169610372429;0.031175059952038366
3031.5;0.018256492034823147;0.0175513698630137;0.05666349883746645
3033.0;0.018010291595197254;0.01612259159428971;0.02079272254710851
3034.5;0.017094017094017096;0.019731800766283527;0.01805416248746239
3036.0;0.01597712748065927;0.017854807063440156;0.01934022113467464
3037.5;0.018470790378006873;0.015095605501509561;0.018876611418047883
3039.0;0.018470790378006873;0.0189328743545611;0.02019230769230769
3040.5;0.01865038996269922;0.017623877982923447;0.05105377906976744
3042.0;0.016745540589734254;0.017699115044247787;0.01937595368138842
3043.5;0.01597712748065927;0.0170487948265726;0.01765330501725511
3045.0;0.018010291595197254;0.018010291595197254;0.0370850622406639
3046.5;0.017547197908565945;0.016638225255972697;0.04283216783216783
3048.0;0.017547197908565945;0.03758169934640523;0.018741633199464522
3049.5;0.01488644788002137;0.017754480892796753;0.018902169101372285
3051.0;0.017443347491498312;0.01733025239957341;0.019801980198019802
3052.5;0.01485852872552252;0.01757469244288225;0.017684556857906642
3054.0;0.017094017094017096;0.016844337122327583;0.019013666072489603
3055.5;0.017754480892796753;0.016844337122327583;0.018790849673202614
3057.0;0.0161839863713799;0.018493201823831847;0.03676148796498906
3058.5;0.015095605501509561;0.015731292517006803;0.019292604501607715
3060.0;0.017547197908565945;0.015731292517006803;0.017637213020560094
3061.5;0.01865038996269922;0.01865038996269922;0.017825311942959002
3063.0;0.016676298192025096;0.01865038996269922;0.018041485106324483
3064.5;0.016676298192025096;0.015809071886378992;0.01810699588477366
3066.0;0.016676298192025096;0.018197573656845753;0.02157266144761803
3067.5;0.016676298192025096;0.017215791035915702;0.01829938119017176
3069.0;0.01663225731761437;0.018574581463896272;0.018612132352941176
3070.5;0.014870091759449306;0.017373380447585393;0.018010456796917998
3072.0;0.014870091759449306;0.016638225255972697;0.017138982347448456
3073.5;0.014870091759449306;0.015095605501509561;0.11068702290076335
3075.0;0.018470790378006873;0.089969561831953;0.01654091700522345
3076.5;0.018470790378006873;0.044444948784288806;0.01999107541276216
3078.0;0.016863406408094434;0.01882395123700251;0.0370850622406639
3079.5;0.014945495799148322;0.015109552273918112;0.01726263871763255
3081.0;0.01663225731761437;0.017094017094017096;0.04099192988081877
3082.5;0.01488644788002137;0.015517241379310345;0.017373380447585393
3084.0;0.017699115044247787;0.03608247422680412;0.0188212927756654
3085.5;0.0189328743545611;0.017094017094017096;0.01834061135371179
3087.0;0.017754480892796753;0.016863406408094434;0.01678424862821045
3088.5;0.03879026955950033;0.015280135823429542;0.01958413926499033
3090.0;0.03879026955950033;0.017754480892796753;0.020006613756613757
3091.5;0.017094017094017096;0.04208416833667335;0.019598155467720684
3093.0;0.015871286409530037;0.0189328743545611;0.01835078161749423
3094.5;0.015871286409530037;0.0161839863713799;0.019142066420664204
3096.0;0.015809071886378992;0.018470790378006873;0.017589562129129856
3097.5;0.08747300215982722;0.03919631093544137;0.017563955708285603
3099.0;0.08302956662616444;0.01654091700522345;0.01606325909416982
3100.5;0.01850632726208763;0.017934291168491913;0.03557483731019522
3102.0;0.01850632726208763;0.06944979167690099;0.035869565217391305
3103.5;0.01850632726208763;0.017094017094017096;0.016089299461123942
3105.0;0.01842179442537598;0.015871286409530037;0.016838000708968452
3106.5;0.07883717752634664;0.0161839863713799;0.01869651086240948
3108.0;0.07883717752634664;0.01850632726208763;0.01756531562457091
3109.5;0.07883717752634664;0.04425612052730697;0.018543046357615892
3111.0;0.01830736743700201;0.015095605501509561;0.01834862385321101
3112.5;0.06990886048565832;0.016676298192025096;0.01876218323586745
3114.0;0.01570251018973342;0.08110292001505391;0.03189528023598819
3115.5;0.017754480892796753;0.015711796950363736;0.01834061135371179
3117.0;0.017547197908565945;0.0470532319391635;0.04141595814257684
3118.5;0.017094017094017096;0.0470532319391635;0.020212060967528162
3120.0;0.018470790378006873;0.017754480892796753;0.016838000708968452
3121.5;0.018470790378006873;0.047619047619047616;0.01545769357981693
3123.0;0.016863406408094434;0.0175513698630137;0.01826215022091311
3124.5;0.01836806645203033;0.015095605501509561;0.03676148796498906
3126.0;0.01836806645203033;0.015809071886378992;0.01994749235391236
3127.5;0.017094017094017096;0.01488644788002137;0.019274809160305342
3129.0;0.017094017094017096;0.07850573814074081;0.019192913385826772
3130.5;0.01865038996269922;0.018277260861902424;0.018620022569724327
3132.0;0.015871286409530037;0.01654477169890474;0.01656929980526628
3133.5;0.015871286409530037;0.0746273521754212;0.02114561027837259
3135.0;0.015769487034319674;0.014832305600435561;0.020212060967528162
3136.5;0.014870091759449306;0.016638225255972697;0.021642033457852847
3138.0;0.017373380447585393;0.017754480892796753;0.019209952734308037
3139.5;0.017373380447585393;0.014945495799148322;0.01904761904761905
3141.0;0.017373380447585393;0.01660281557997176;0.01920300317643662
3142.5;0.09190371991247265;0.0763307942719867;0.020776495278069258
3144.0;0.09190371991247265;0.01741601350785099;0.04212733090588106
3145.5;0.01597712748065927;0.018470790378006873;0.022296960637767812
3147.0;0.016638225255972697;0.017754480892796753;0.019731800766283527
3148.5;0.017754480892796753;0.017547197908565945;0.018688011819996544
3150.0;0.016745540589734254;0.016863406408094434;0.0544885627967199
3151.5;0.016745540589734254;0.015871286409530037;0.020949280688858554
3153.0;0.016638225255972697;0.016676298192025096;0.0196525928743502
3154.5;0.017754480892796753;0.0175513698630137;0.03241525423728814
3156.0;0.017623877982923447;0.018470790378006873;0.03859617466618549
3157.5;0.015809071886378992;0.0161839863713799;0.021966527196652718
3159.0;0.01488644788002137;0.01597712748065927;0.04720133667502088
3160.5;0.07016556801787727;0.016676298192025096;0.019801980198019802
3162.0;0.015711796950363736;0.015280135823429542;0.018472270065449534
3163.5;0.0182681206624895;0.015095605501509561;0.018470976920368237
3165.0;0.01825283975007182;0.01597712748065927;0.020547558566186848
3166.5;0.01597712748065927;0.01663225731761437;0.02003052270125906
3168.0;0.01654091700522345;0.01663225731761437;0.03655913978494623
3169.5;0.015414729630535846;0.01663225731761437;0.02046783625730994
3171.0;0.016937514305333027;0.017699115044247787;0.020502092050209208
3172.5;0.0185554688027144;0.08602150537634409;0.02118005062745732
3174.0;0.015783713313901306;0.016863406408094434;0.018418337285755742
3175.5;0.017699115044247787;0.016863406408094434;0.01810699588477366
3177.0;0.015225395561747438;0.015871286409530037;0.01730418943533698
3178.5;0.0161839863713799;0.0161839863713799;0.019679300291545188
3180.0;0.018354055654233276;0.017094017094017096;0.018289642399202166
3181.5;0.0189328743545611;0.08431531897602601;0.01730418943533698
3183.0;0.038385826771653545;0.08431531897602601;0.020847168626043255
3184.5;0.038385826771653545;0.0175513698630137;0.019927952864511052
3186.0;0.01771809624494277;0.018470790378006873;0.036415289256198344
3187.5;0.018848906360245943;0.0161839863713799;0.017045454545454544
3189.0;0.018848906360245943;0.015095605501509561;0.019626168224299065
3190.5;0.015854570888502284;0.015001087035292413;0.018832655731576244
3192.0;0.014936197678611653;0.019139945314441957;0.018442686843281333
3193.5;0.014936197678611653;0.015033359741139864;0.018876611418047883
3195.0;0.047619047619047616;0.018387370467510947;0.01739488140436253
3196.5;0.08691206543967281;0.018316467275590206;0.017563955708285603
3198.0;0.015871286409530037;0.018316467275590206;0.019115674337013725
3199.5;0.05281007751937984;0.018281925389128803;0.018595825426944972
3201.0;0.0189328743545611;0.018470790378006873;0.019182948490230906
3202.5;0.016745540589734254;0.01597712748065927;0.018971066982294036
3204.0;0.016676298192025096;0.015809071886378992;0.017596390484003282
3205.5;0.01663225731761437;0.019274809160305342;0.015571484057766323
3207.0;0.015743018124095107;0.015195702225633155;0.03318419090231171
3208.5;0.018612132352941176;0.015280135823429542;0.046189376443418015
3210.0;0.016937514305333027;0.016863406408094434;0.05483214649033571
3211.5;0.0161839863713799;0.015280135823429542;0.015517241379310345
3213.0;0.01865038996269922;0.016863406408094434;0.015597920277296359
3214.5;0.017547197908565945;0.017754480892796753;0.01834862385321101
3216.0;0.0189328743545611;0.015809071886378992;0.01813557316928901
3217.5;0.017094017094017096;0.01836806645203033;0.035598705501618116
3219.0;0.017094017094017096;0.0161839863713799;0.01834862385321101
3220.5;0.016863406408094434;0.016863406408094434;0.04511357633386159
3222.0;0.018197573656845753;0.016863406408094434;0.018696455568620863
3223.5;0.01783664661861255;0.01850632726208763;0.017096075529130395
3225.0;0.014965094221118901;0.018470790378006873;0.017596390484003282
3226.5;0.017754480892796753;0.01597712748065927;0.016044401835725638
3228.0;0.08024848949025615;0.01597712748065927;0.01834862385321101
3229.5;0.017094017094017096;0.01597712748065927;0.08310082195912828
3231.0;0.0161839863713799;0.015871286409530037;0.01730418943533698
3232.5;0.04666666666666666;0.0161839863713799;0.03297872340425532
3234.0;0.035598705501618116;0.017623877982923447;0.0188212927756654
3235.5;0.035598705501618116;0.016745540589734254;0.017267454473693152
3237.0;0.016979552792060267;0.017971946230274694;0.018832655731576244
3238.5;0.017754480892796753;0.017934291168491913;0.015271108952289683
3240.0;0.07076132648295189;0.01771809624494277;0.034408602150537634
3241.5;0.015871286409530037;0.0161839863713799;0.015168071117696084
3243.0;0.018683274021352312;0.016863406408094434;0.015716780441339895
3244.5;0.0189328743545611;0.015809071886378992;0.019865614957639496
3246.0;0.0189328743545611;0.016863406408094434;0.03614457831325302
3247.5;0.016745540589734254;0.016676298192025096;0.016699180949726725
3249.0;0.08224351322206593;0.017094017094017096;0.02019230769230769
3250.5;0.018289844042285466;0.015731292517006803;0.018595825426944972
3252.0;0.04990403071017274;0.0175513698630137;0.018423991591118117
3253.5;0.017623877982923447;0.015731292517006803;0.01911386391319071
3255.0;0.08954302181967888;0.017971946230274694;0.019731800766283527
3256.5;0.04990403071017274;0.015050831498364467;0.019142066420664204
3258.0;0.017754480892796753;0.017094017094017096;0.01925569586423465
3259.5;0.016745540589734254;0.018010291595197254;0.03530751708428246
3261.0;0.0175513698630137;0.0161839863713799;0.019392901231614305
3262.5;0.01597712748065927;0.0189328743545611;0.06463867233089024
3264.0;0.017094017094017096;0.051640926640926635;0.01925569586423465
3265.5;0.016745540589734254;0.05478980013783597;0.015280135823429542
3267.0;0.0161839863713799;0.05478980013783597;0.03557483731019522
3268.5;0.0161839863713799;0.05478980013783597;0.05526315789473684
3270.0;0.017094017094017096;0.01612259159428971;0.018086080586080584
3271.5;0.0425033467202142;0.01612259159428971;0.01812240047534165
3273.0;0.04990403071017274;0.01612259159428971;0.017373380447585393
3274.5;0.04990403071017274;0.01594765689784196;0.017094017094017096
3276.0;0.01576182136602452;0.01594765689784196;0.018354055654233276
3277.5;0.01749271137026239;0.017603269400950756;0.048187022900763356
3279.0;0.016821418488660245;0.01597712748065927;0.0170487948265726
3280.5;0.017094017094017096;0.01865038996269922;0.017015706806282723
3282.0;0.018937169700528483;0.07668608086435384;0.018010291595197254
3283.5;0.016043635035830027;0.07668608086435384;0.04377104377104378
3285.0;0.0161839863713799;0.07668608086435384;0.015663069961712496
3286.5;0.0161839863713799;0.015769487034319674;0.0175513698630137
3288.0;0.017754480892796753;0.01488644788002137;0.015095605501509561
3289.5;0.01836806645203033;0.018277260861902424;0.019345238095238096
3291.0;0.017094017094017096;0.01740771421307761;0.01672535211267606
3292.5;0.03758169934640523;0.01834862385321101;0.01814552172099398
3294.0;0.016335052812576762;0.01766843911960692;0.021462105969148222
3295.5;0.015139193690331638;0.018026004728132386;0.020423892100192676
3297.0;0.038385826771653545;0.015095605501509561;0.035751028806584366
3298.5;0.05445359281437126;0.015095605501509561;0.039603960396039604
3300.0;0.06379056047197638;0.017623877982923447;0.016638225255972697
3301.5;0.01606832657788072;0.017094017094017096;0.038100208768267224
3303.0;0.017015706806282723;0.015871286409530037;0.04857621440536014
3304.5;0.018848906360245943;0.014945495799148322;0.0391281512605042
3306.0;0.0175513698630137;0.01836806645203033;0.016913946587537095
3307.5;0.017368069472277887;0.017465858520325457;0.018487434139972954
3309.0;0.015926980240613186;0.08215271463641584;0.01814552172099398
3310.5;0.017094017094017096;0.01485852872552252;0.05970809376382132
3312.0;0.0674469940084216;0.045928030303030304;0.01687639577956378
3313.5;0.018010291595197254;0.016745540589734254;0.047619047619047616
3315.0;0.018354055654233276;0.015743018124095107;0.017547197908565945
3316.5;0.08033826638477802;0.051059730250481696;0.0189328743545611
3318.0;0.015809071886378992;0.051059730250481696;0.017094017094017096
3319.5;0.018470790378006873;0.017623877982923447;0.017094017094017096
3321.0;0.016335052812576762;0.0161839863713799;0.018683274021352312
3322.5;0.018026004728132386;0.019944341372912802;0.05281007751937984
3324.0;0.01594765689784196;0.086201089092236;0.01842179442537598
3325.5;0.0175513698630137;0.0175513698630137;0.017623877982923447
3327.0;0.016897746967071057;0.0189328743545611;0.047658862876254184
3328.5;0.016791101078565695;0.01865038996269922;0.016979552792060267
3330.0;0.018876611418047883;0.016863406408094434;0.01882395123700251
3331.5;0.038100208768267224;0.016638225255972697;0.018026004728132386
3333.0;0.08551574830644597;0.016614200769499828;0.015280135823429542
3334.5;0.018086080586080584;0.015058618010220575;0.045928030303030304
3336.0;0.01897923971725942;0.07946172354403191;0.016863406408094434
3337.5;0.018470790378006873;0.018876611418047883;0.05586034912718204
3339.0;0.018937169700528483;0.017825311942959002;0.017410714285714286
3340.5;0.019269640210214257;0.018487434139972954;0.04512646514497225
3342.0;0.01822513964717392;0.018944170972160067;0.017094017094017096
3343.5;0.018612132352941176;0.017089125102207687;0.015871286409530037
3345.0;0.016217853406024562;0.01577120185154571;0.018143754361479414
3346.5;0.015879968453896016;0.03498920086393088;0.04302246029396473
3348.0;0.01491323364428604;0.017771545130035694;0.018939205227217266
3349.5;0.04990403071017274;0.016794337244254824;0.015225395561747438
3351.0;0.016863406408094434;0.01496918411899176;0.0170487948265726
3352.5;0.0189328743545611;0.017699115044247787;0.0161839863713799
3354.0;0.01645021645021645;0.0161839863713799;0.05048076923076923
3355.5;0.016988416988416986;0.015095605501509561;0.07672379434037466
3357.0;0.017971946230274694;0.016403046280023436;0.018010291595197254
3358.5;0.017368069472277887;0.01771809624494277;0.018010291595197254
3360.0;0.017368069472277887;0.03879026955950033;0.017094017094017096
3361.5;0.01603250274820786;0.0189328743545611;0.015280135823429542
3363.0;0.06584821428571429;0.03718199608610568;0.015414729630535846
3364.5;0.015069294547215105;0.016638225255972697;0.016937514305333027
3366.0;0.018323203432248837;0.01865038996269922;0.018354055654233276
3367.5;0.018666279410617808;0.01865038996269922;0.015095605501509561
3369.0;0.01654091700522345;0.016863406408094434;0.015809071886378992
3370.5;0.016863406408094434;0.01842179442537598;0.018010291595197254
3372.0;0.018354055654233276;0.015769487034319674;0.01871479774705581
3373.5;0.04099192988081877;0.044811320754716985;0.0170487948265726
3375.0;0.01601318781639348;0.015095605501509561;0.018876611418047883
3376.5;0.01597712748065927;0.016638225255972697;0.018026004728132386
3378.0;0.01842179442537598;0.06973170529113713;0.01845342706502636
3379.5;0.015769487034319674;0.01488644788002137;0.017934291168491913
3381.0;0.01929824561403509;0.08602150537634409;0.017934291168491913
3382.5;0.016335052812576762;0.041666666666666664;0.015225395561747438
3384.0;0.017814806907942786;0.015095605501509561;0.016830578931359627
3385.5;0.017094017094017096;0.01842179442537598;0.016988416988416986
3387.0;0.017754480892796753;0.016582472972657695;0.016638225255972697
3388.5;0.017547197908565945;0.017094017094017096;0.016676298192025096
3390.0;0.01488644788002137;0.0170487948265726;0.019408502772643253
3391.5;0.015095605501509561;0.016863406408094434;0.01814552172099398
3393.0;0.018197573656845753;0.018354055654233276;0.01715933414707495
3394.5;0.015139193690331638;0.018010291595197254;0.017779033787083162
3396.0;0.017373380447585393;0.018683274021352312;0.08117401193613981
3397.5;0.06741573033707866;0.017368069472277887;0.015280135823429542
3399.0;0.01865038996269922;0.09578691253681648;0.015095605501509561
3400.5;0.08560945780676722;0.018026004728132386;0.04771873322597961
3402.0;0.01756386861313869;0.016830578931359627;0.016891597736177624
3403.5;0.03701091782897144;0.015001087035292413;0.0189328743545611
3405.0;0.01619224007193569;0.038385826771653545;0.015871286409530037
3406.5;0.01865563356469833;0.019269640210214257;0.017699115044247787
3408.0;0.05681028492008339;0.017094017094017096;0.018792559974975337
3409.5;0.016863406408094434;0.016863406408094434;0.0175513698630137
3411.0;0.08265594250021391;0.014945495799148322;0.015731292517006803
3412.5;0.016676298192025096;0.051640926640926635;0.020357941834451904
3414.0;0.043703007518796994;0.015095605501509561;0.018242207460398566
3415.5;0.015871286409530037;0.0161839863713799;0.016403046280023436
3417.0;0.014945495799148322;0.018683274021352312;0.01702553830746119
3418.5;0.0161839863713799;0.017368069472277887;0.019013666072489603
3420.0;0.017373380447585393;0.08782660205399773;0.017373380447585393
3421.5;0.041666666666666664;0.049329501915708805;0.01879117923894043
3423.0;0.0161839863713799;0.04875717017208413;0.035751028806584366
3424.5;0.016745540589734254;0.018470790378006873;0.05345699070313205
3426.0;0.016745540589734254;0.016863406408094434;0.014991665723917283
3427.5;0.07106563743420853;0.04614106630418366;0.01597712748065927
3429.0;0.01660281557997176;0.0175513698630137;0.018026004728132386
3430.5;0.016568094782873223;0.018010291595197254;0.01942319011183049
3432.0;0.01654091700522345;0.01850632726208763;0.016403046280023436
3433.5;0.016838000708968452;0.018332165356039182;0.07617778854305439
3435.0;0.01887912456608984;0.018314772574802095;0.016335052812576762
3436.5;0.01887912456608984;0.036783854166666664;0.015033359741139864
3438.0;0.015078924549103066;0.0161839863713799;0.0170487948265726
3439.5;0.018491990778470125;0.015001087035292413;0.017094017094017096
3441.0;0.018491990778470125;0.01663225731761437;0.03879026955950033
3442.5;0.08175211949939443;0.018332165356039182;0.0189328743545611
3444.0;0.05048076923076923;0.018354055654233276;0.01865038996269922
3445.5;0.01834862385321101;0.016897746967071057;0.018470790378006873
3447.0;0.0863373351071503;0.016308462709056427;0.018612132352941176
3448.5;0.016638225255972697;0.07225862677384688;0.018026004728132386
3450.0;0.018876611418047883;0.017971946230274694;0.041666666666666664
3451.5;0.018047156089719053;0.0189328743545611;0.018610244807272875
3453.0;0.04875717017208413;0.017094017094017096;0.01865038996269922
3454.5;0.08174097664543525;0.015280135823429542;0.015871286409530037
3456.0;0.01780160609014529;0.049329501915708805;0.018937169700528483
3457.5;0.040424121935056324;0.049329501915708805;0.02018348623853211
3459.0;0.040424121935056324;0.037760416666666664;0.019431612402527807
3460.5;0.015095605501509561;0.017825311942959002;0.01859099804305284
3462.0;0.015095605501509561;0.016808306987266874;0.018354055654233276
3463.5;0.08144892908951275;0.041649456147597415;0.05478980013783597
3465.0;0.08144892908951275;0.0498773907799464;0.07242412093483952
3466.5;0.0175513698630137;0.01834862385321101;0.017754480892796753
3468.0;0.13804713804713803;0.01834862385321101;0.017754480892796753
3469.5;0.01783664661861255;0.0161839863713799;0.0189328743545611
3471.0;0.0175513698630137;0.018612132352941176;0.017094017094017096
3472.5;0.0175513698630137;0.017596390484003282;0.06847253574115876
3474.0;0.039603960396039604;0.017215791035915702;0.017934291168491913
3475.5;0.055844907407407406;0.018902169101372285;0.018197573656845753
3477.0;0.0826771653543307;0.04793735676088616;0.07255661163590846
3478.5;0.01672239597595953;0.01950286806883365;0.015280135823429542
3480.0;0.0161839863713799;0.057109557109557105;0.018026004728132386
3481.5;0.017754480892796753;0.04998793356881156;0.07425742574257424
3483.0;0.017754480892796753;0.019274809160305342;0.01663225731761437
3484.5;0.0674469940084216;0.015329448677722997;0.08033826638477802
3486.0;0.0175513698630137;0.019142066420664204;0.018470790378006873
3487.5;0.0175513698630137;0.04666666666666666;0.016745540589734254
3489.0;0.04536862003780718;0.017460979111666896;0.049329501915708805
3490.5;0.04334677419354839;0.01675356994726551;0.016638225255972697
3492.0;0.0161839863713799;0.016242522094412855;0.015731292517006803
3493.5;0.016863406408094434;0.018010291595197254;0.017094017094017096
3495.0;0.07668608086435384;0.03557483731019522;0.01882395123700251
3496.5;0.018354055654233276;0.016420118343195265;0.017901857742831786
3498.0;0.0843149411035338;0.017045454545454544;0.015095605501509561
3499.5;0.0161839863713799;0.05230035190742459;0.07894736842105263
3501.0;0.07425742574257424;0.018470790378006873;0.01702553830746119
3502.5;0.01597712748065927;0.040424121935056324;0.01672535211267606
3504.0;0.015809071886378992;0.019082371238858645;0.017215791035915702
3505.5;0.07597140829130454;0.01654091700522345;0.019408502772643253
3507.0;0.07597140829130454;0.016830578931359627;0.018323203432248837
3508.5;0.017427438387099873;0.016988416988416986;0.018354055654233276
3510.0;0.01597712748065927;0.018010291595197254;0.03397147147147147
3511.5;0.01967799642218247;0.01780160609014529;0.0161839863713799
3513.0;0.01784040701566475;0.016917819729987117;0.017699115044247787
3514.5;0.018164580390260854;0.05478980013783597;0.03718199608610568
3516.0;0.041250831669993354;0.037760416666666664;0.01702553830746119
3517.5;0.016863406408094434;0.016917819729987117;0.043703007518796994
3519.0;0.017094017094017096;0.050211416490486264;0.017094017094017096
3520.5;0.0674469940084216;0.017773776536674248;0.04334677419354839
3522.0;0.01660281557997176;0.017699115044247787;0.017373380447585393
3523.5;0.019263204616067467;0.0170487948265726;0.017824497257769654
3525.0;0.01605832636760472;0.03411405295315682;0.018097324617982736
3526.5;0.015280135823429542;0.016335052812576762;0.017674869549113806
3528.0;0.017754480892796753;0.017094017094017096;0.018354055654233276
3529.5;0.017825311942959002;0.019395134779750165;0.019139945314441957
3531.0;0.048986460526518;0.019139945314441957;0.01512779241718377
3532.5;0.01574902430686015;0.017824497257769654;0.041666666666666664
3534.0;0.015983643142131795;0.017814806907942786;0.017015706806282723
3535.5;0.047658862876254184;0.018010291595197254;0.03215077605321508
3537.0;0.01597712748065927;0.017094017094017096;0.018010456796917998
3538.5;0.01836806645203033;0.018010291595197254;0.01786766596428181
3540.0;0.016638225255972697;0.018803418803418803;0.01780160609014529
3541.5;0.08602150537634409;0.016348533050547898;0.016335052812576762
3543.0;0.016863406408094434;0.0170487948265726;0.015898024165091146
3544.5;0.016638225255972697;0.019179429534916397;0.06741573033707866
3546.0;0.019408502772643253;0.0554726368159204;0.017094017094017096
3547.5;0.017825311942959002;0.07959770114942528;0.03879026955950033
3549.0;0.01896734857158622;0.016403046280023436;0.01765330501725511
3550.5;0.05251256281407036;0.017094017094017096;0.019147458063710376
3552.0;0.015370218739033806;0.04334677419354839;0.017875235200463167
3553.5;0.01589617555803519;0.017971946230274694;0.01904761904761905
3555.0;0.06584821428571429;0.040424121935056324;0.03695150115473441
3556.5;0.08431531897602601;0.03976964272613895;0.016881727509134598
3558.0;0.08431531897602601;0.016680776283353488;0.048187022900763356
3559.5;0.015095605501509561;0.017699115044247787;0.0350922131147541
3561.0;0.017547197908565945;0.017206835592221567;0.01982057751611999
3562.5;0.047619047619047616;0.04943430479463157;0.07909480616713818
3564.0;0.018010291595197254;0.07182211727666273;0.018086080586080584
3565.5;0.08893709327548807;0.051640926640926635;0.06190191387559808
3567.0;0.045928030303030304;0.03919631093544137;0.03919631093544137
3568.5;0.04315196998123827;0.0170487948265726;0.0161839863713799
3570.0;0.08386958386958387;0.017094017094017096;0.014945495799148322
3571.5;0.03443877551020408;0.018086080586080584;0.038441422594142266
3573.0;0.01874107841782935;0.03542094455852156;0.09766784964148621
3574.5;0.047619047619047616;0.017773776536674248;0.018470790378006873
3576.0;0.047619047619047616;0.01581441031817882;0.01612259159428971
3577.5;0.0175513698630137;0.015280135823429542;0.017825311942959002
3579.0;0.0882232252769799;0.038385826771653545;0.0170487948265726
3580.5;0.05048076923076923;0.0170487948265726;0.016830578931359627
3582.0;0.016863406408094434;0.016335052812576762;0.01702553830746119
3583.5;0.018470790378006873;0.017699115044247787;0.018876611418047883
3585.0;0.018010291595197254;0.017094017094017096;0.018052243358660087
3586.5;0.017623877982923447;0.016863406408094434;0.050912176495545185
3588.0;0.015809071886378992;0.017971946230274694;0.05782828282828282
3589.5;0.04875717017208413;0.018026004728132386;0.016252279131443725
3591.0;0.017547197908565945;0.018610244807272875;0.018937370139507272
3592.5;0.018332165356039182;0.016335052812576762;0.07007575757575758
3594.0;0.016745540589734254;0.015898024165091146;0.017971946230274694
3595.5;0.014910112661872163;0.014919591597576132;0.03533650274847719
3597.0;0.018010291595197254;0.018848906360245943;0.04060909260090422
3598.5;0.01842179442537598;0.015731292517006803;0.06123129166142623
