#auto generated file!
6.0;0.023229723032872636;0.023229723032872636;0.023229723032872636
7.5;0.023229723032872636;0.023229723032872636;0.023229723032872636
9.0;0.023229723032872636;0.023229723032872636;0.023229723032872636
10.5;0.023229723032872636;0.023229723032872636;0.023229723032872636
12.0;0.0173841059602649;0.03722426470588235;0.023229723032872636
13.5;0.01652892561983471;0.03935185185185185;0.01824212271973466
15.0;0.018010291595197254;0.02802491103202847;0.0285204991087344
16.5;0.017094017094017096;0.014827018121911038;0.01567656765676568
18.0;0.016638225255972697;0.026060070671378093;0.01950286806883365
19.5;0.036941580756013746;0.02460456942003515;0.019142066420664204
21.0;0.02352661596958175;0.03212468193384224;0.02964569775849602
22.5;0.023244781783681213;0.052389705882352935;0.029135338345864664
24.0;0.025502008032128515;0.03617216117216117;0.030993042378241617
25.5;0.014827018121911038;0.0285204991087344;0.024254473161033796
27.0;0.029017857142857144;0.01567656765676568;0.018354055654233276
28.5;0.025088028169014082;0.025573192239858905;0.024723374827109266
30.0;0.037760416666666664;0.018612132352941176;0.04304029304029303
31.5;0.03418803418803419;0.027811860940695293;0.024501992031872512
33.0;0.01824212271973466;0.025088028169014082;0.027531083481349913
34.5;0.03450226244343891;0.01576182136602452;0.023762376237623763
36.0;0.03722426470588235;0.035751028806584366;0.025522755227552277
37.5;0.01824212271973466;0.025088028169014082;0.0391281512605042
39.0;0.03061868686868687;0.03450226244343891;0.01824212271973466
40.5;0.017094017094017096;0.025240384615384616;0.043010752688172046
42.0;0.0161839863713799;0.0351027397260274;0.025173611111111115
43.5;0.02516881522406384;0.01652892561983471;0.03125
45.0;0.017699115044247787;0.0161839863713799;0.04013452914798206
46.5;0.028892455858747997;0.01672535211267606;0.03326935380678182
48.0;0.01567656765676568;0.0323679727427598;0.029504080351537978
49.5;0.03443877551020408;0.029891304347826088;0.029702970297029705
51.0;0.024664750957854403;0.0378657487091222;0.023031496062992124
52.5;0.015731292517006803;0.014827018121911038;0.02495201535508637
54.0;0.01652892561983471;0.024816176470588234;0.0175513698630137
55.5;0.019408502772643253;0.037422037422037424;0.03669724770642202
57.0;0.0161839863713799;0.022964015151515152;0.044468546637744036
58.5;0.025240384615384616;0.01756386861313869;0.0285204991087344
60.0;0.0170487948265726;0.035751028806584366;0.027291242362525458
61.5;0.03250478011472275;0.0340398201669878;0.038817005545286505
63.0;0.026060070671378093;0.03156312625250501;0.024464831804281346
64.5;0.017699115044247787;0.023765996343692867;0.039504716981132074
66.0;0.03136882129277567;0.029702970297029705;0.03212468193384224
67.5;0.0161839863713799;0.0161839863713799;0.03212468193384224
69.0;0.026548672566371685;0.023765996343692867;0.03418803418803419
70.5;0.01567656765676568;0.029573367808661925;0.03314777327935223
72.0;0.025240384615384616;0.026548672566371685;0.02396214896214896
73.5;0.017824497257769654;0.017094017094017096;0.030137981118373278
75.0;0.023244781783681213;0.024464831804281346;0.023762376237623763
76.5;0.018470790378006873;0.032151143520053035;0.024114774114774116
78.0;0.026548672566371685;0.017824497257769654;0.02475049900199601
79.5;0.03919631093544137;0.026518218623481783;0.03423626787057938
81.0;0.0189328743545611;0.016638225255972697;0.02352661596958175
82.5;0.02802491103202847;0.030009920634920632;0.0392156862745098
84.0;0.01756386861313869;0.019013666072489603;0.028343023255813952
85.5;0.029702970297029705;0.03835669781931465;0.024305555555555552
87.0;0.01824212271973466;0.024114774114774116;0.02335456475583864
88.5;0.019345238095238096;0.03263403263403263;0.030009920634920632
90.0;0.025573192239858905;0.02375875723423698;0.019408502772643253
91.5;0.03498920086393088;0.02495201535508637;0.03482645403377111
93.0;0.030318091451292245;0.033366867873910126;0.018612132352941176
94.5;0.03722426470588235;0.031746031746031744;0.0266837899543379
96.0;0.03266518188567186;0.036415289256198344;0.02495201535508637
97.5;0.0351027397260274;0.04574428196475439;0.03028503562945368
99.0;0.02623456790123457;0.024664750957854403;0.03250478011472275
100.5;0.024114774114774116;0.03061868686868687;0.018595825426944972
102.0;0.0363872644574399;0.023244781783681213;0.01950286806883365
103.5;0.017094017094017096;0.022405660377358493;0.018595825426944972
105.0;0.03383297644539615;0.03436018957345971;0.02132510729613734
106.5;0.025573192239858905;0.023031496062992124;0.017373380447585393
108.0;0.02966804979253112;0.023809523809523808;0.017824497257769654
109.5;0.0173841059602649;0.018026004728132386;0.02457757296466974
111.0;0.038441422594142266;0.030137981118373278;0.022549019607843137
112.5;0.017094017094017096;0.032311893203883495;0.024948024948024946
114.0;0.0161839863713799;0.037753222836095765;0.0220703125
115.5;0.023809523809523808;0.018683274021352312;0.017373380447585393
117.0;0.028073770491803277;0.028865979381443297;0.027886497064579255
118.5;0.025573192239858905;0.029397233201581028;0.024464831804281346
120.0;0.025573192239858905;0.03266518188567186;0.029891304347826088
121.5;0.02623456790123457;0.027718550106609806;0.024254473161033796
123.0;0.037753222836095765;0.03326935380678182;0.04108352144469526
124.5;0.027551020408163263;0.0173841059602649;0.019274809160305342
126.0;0.029401154401154404;0.026548672566371685;0.028186274509803922
127.5;0.031746031746031744;0.040424121935056324;0.03630217519106407
129.0;0.03460837887067396;0.029516994633273706;0.025876696832579184
130.5;0.03409090909090909;0.03828413284132841;0.03469827586206897
132.0;0.026548672566371685;0.02909270216962525;0.03266518188567186
133.5;0.02966804979253112;0.022727272727272728;0.034408602150537634
135.0;0.014827018121911038;0.023031496062992124;0.030318091451292245
136.5;0.03125;0.017373380447585393;0.028433476394849784
138.0;0.02802491103202847;0.024464831804281346;0.020006613756613757
139.5;0.03758169934640523;0.026887871853546914;0.030009920634920632
141.0;0.03828413284132841;0.03498920086393088;0.025573192239858905
142.5;0.024664750957854403;0.01834862385321101;0.024054982817869414
144.0;0.01567656765676568;0.03361344537815126;0.03530751708428246
145.5;0.044468546637744036;0.03443877551020408;0.023394808743169397
147.0;0.03061868686868687;0.03528138528138528;0.0392156862745098
148.5;0.03212468193384224;0.023765996343692867;0.023274161735700197
150.0;0.029516994633273706;0.029937629937629936;0.05685425685425685
151.5;0.02939958592132505;0.032924107142857144;0.03383297644539615
153.0;0.024114774114774116;0.029504080351537978;0.028073770491803277
154.5;0.03185654008438818;0.05194358445132439;0.018876611418047883
156.0;0.019013666072489603;0.02795584045584046;0.017094017094017096
157.5;0.023765996343692867;0.0392156862745098;0.024948024948024946
159.0;0.027291242362525458;0.02867383512544803;0.02457757296466974
160.5;0.027531083481349913;0.024122807017543862;0.03038573508005822
162.0;0.024122807017543862;0.023274161735700197;0.037149234693877556
163.5;0.0189328743545611;0.030334190231362468;0.02375875723423698
165.0;0.0370850622406639;0.05217119650109341;0.03423180592991914
166.5;0.03215077605321508;0.04334677419354839;0.03745644599303136
168.0;0.028865979381443297;0.038580931263858094;0.025522755227552277
169.5;0.0161839863713799;0.034408602150537634;0.034912718204488775
171.0;0.03409090909090909;0.03791773778920309;0.023274161735700197
172.5;0.03409090909090909;0.020999704229517892;0.03957382039573821
174.0;0.02802491103202847;0.03038573508005822;0.034670398009950254
175.5;0.026548672566371685;0.03498920086393088;0.022405660377358493
177.0;0.01824212271973466;0.030938123752495012;0.030318091451292245
178.5;0.0378657487091222;0.017094017094017096;0.03189528023598819
180.0;0.02878937007874016;0.03843669250645995;0.017373380447585393
181.5;0.029132231404958676;0.04102195034184958;0.02915766738660907
183.0;0.01862097440132122;0.02611046369325301;0.0823347506764592
184.5;0.02019230769230769;0.028767523364485983;0.046782762691853594
186.0;0.029454526159397216;0.03450226244343891;0.04480355072905863
187.5;0.027705414352898562;0.029411764705882353;0.022959183673469385
189.0;0.026107226107226107;0.028452968730219012;0.024074613815214224
190.5;0.023762376237623763;0.018086080586080584;0.02915766738660907
192.0;0.01749271137026239;0.030338777979431342;0.03711340206185567
193.5;0.017232945780185874;0.025125036775522212;0.038402061855670105
195.0;0.03364485981308411;0.024013580034093738;0.017825311942959002
196.5;0.024378585086042064;0.027317263296644023;0.030451522576128806
198.0;0.03481624758220503;0.01942319011183049;0.04142340839588546
199.5;0.025522755227552277;0.018195147960543855;0.03054123711340206
201.0;0.0325497287522604;0.02525050100200401;0.056523022432113344
202.5;0.0230722525804493;0.033861185983827494;0.031202037841042
204.0;0.03991056456120738;0.04126794258373206;0.04683863064044102
205.5;0.035751028806584366;0.026859962301807296;0.030651945320715038
207.0;0.017094017094017096;0.015215746744052185;0.027711164401811886
208.5;0.022964015151515152;0.018026004728132386;0.0403179190751445
210.0;0.016217853406024562;0.02569922389808171;0.03979885057471264
211.5;0.01772899957788096;0.03340566468707173;0.0341735938680773
213.0;0.03687184061849539;0.024786982184619038;0.019313448878140533
214.5;0.03323543808125306;0.018052243358660087;0.03307086614173229
216.0;0.02658875378743163;0.03458989229494614;0.03907355021216407
217.5;0.019269640210214257;0.018846829579939307;0.025972517902070832
219.0;0.03564899451553931;0.02964569775849602;0.03171877823965299
220.5;0.017754480892796753;0.03397147147147147;0.04379710230379176
222.0;0.016403046280023436;0.03780201396261622;0.06261799874134676
223.5;0.027168254985184596;0.02797207649818192;0.04924776861868967
225.0;0.027315467795016455;0.025876696832579184;0.021174205967276226
226.5;0.03745644599303136;0.017336485421591802;0.03510298810559907
228.0;0.024637681159420288;0.018426930440331845;0.027793227310912196
229.5;0.017830478700043915;0.019517344151005877;0.029007238883143743
231.0;0.02867383512544803;0.02433487565066512;0.03423626787057938
232.5;0.019392901231614305;0.02414486921529175;0.032796154933559515
234.0;0.02188398849472675;0.03551162365000916;0.04199949550155553
235.5;0.018643042467097748;0.0196078431372549;0.03818196923919319
237.0;0.03530751708428246;0.024817677152498094;0.04109517464796092
238.5;0.017083111144968386;0.018279885579620164;0.027608922944191386
240.0;0.038295897816176185;0.018283667904195552;0.03930883340300739
241.5;0.019731800766283527;0.02891522988505747;0.044733044733044736
243.0;0.029702970297029705;0.030641922304549544;0.039713541666666664
244.5;0.01730418943533698;0.020462524186353682;0.032936261000977865
246.0;0.03326226012793177;0.024727317798710957;0.033370549343195575
247.5;0.0161839863713799;0.02833675564681725;0.027409372236958447
249.0;0.018086080586080584;0.03722993827160494;0.027769683440704573
250.5;0.01799009736360781;0.023762376237623763;0.019603852961056625
252.0;0.035517448432945214;0.020240539747726608;0.04934370442391833
253.5;0.015280135823429542;0.02247191011235955;0.041591320072332724
255.0;0.017971946230274694;0.030627490039840638;0.03538251366120218
256.5;0.03638365090848527;0.050682677783112216;0.028558283216668312
258.0;0.018197573656845753;0.037191518943343764;0.03287275610170451
259.5;0.017934291168491913;0.0362643110362062;0.07684461067664063
261.0;0.037483266398929044;0.036012180590493846;0.025799733341118992
262.5;0.02724539646749342;0.01940167518560166;0.035616438356164376
264.0;0.018010291595197254;0.018245504929487295;0.042600896860986545
265.5;0.017754480892796753;0.029680915111378686;0.028699477135031955
267.0;0.016745540589734254;0.04307432432432432;0.03585164835164835
268.5;0.01834862385321101;0.031079717457114027;0.03324808184143222
270.0;0.03687184061849539;0.028212450028555113;0.047517123287671235
271.5;0.024816176470588234;0.027905005195380053;0.038461538461538464
273.0;0.01865038996269922;0.020212060967528162;0.07080419580419581
274.5;0.04195042222827568;0.025237170799604407;0.041761363636363624
276.0;0.02506498329001114;0.04832041343669251;0.033528357157721185
277.5;0.017768879853890487;0.02475049900199601;0.042759961127308066
279.0;0.026060070671378093;0.031002331002331004;0.03463203463203463
280.5;0.03764790247400502;0.02587800369685767;0.020518682187596646
282.0;0.03460837887067396;0.028995539147823407;0.04393037104901511
283.5;0.04093567251461988;0.032796486090775984;0.04806687565308255
285.0;0.015225395561747438;0.026077596751308774;0.0528468071720667
286.5;0.01672535211267606;0.025727069351230425;0.039203505100706255
288.0;0.026322874598736667;0.04135856735493487;0.04553644553644554
289.5;0.024816176470588234;0.03219315895372234;0.03064607835280027
291.0;0.022742701968771217;0.041649456147597415;0.03624436000949894
292.5;0.018314772574802095;0.03589420654911838;0.04703737465815862
294.0;0.017089125102207687;0.03423626787057938;0.03302154195011338
295.5;0.01702795118737648;0.029531812725090038;0.040771973660237895
297.0;0.01840819074922006;0.018876611418047883;0.045296167247386755
298.5;0.018010291595197254;0.0188212927756654;0.03757391674370148
300.0;0.03250478011472275;0.016939323647906238;0.06689698492462312
301.5;0.03250478011472275;0.0345679012345679;0.05617807389460933
303.0;0.016821418488660245;0.030456429613505313;0.0389774441378987
304.5;0.017674350500443508;0.035111196074682986;0.0497485632183908
306.0;0.0285204991087344;0.022128060263653486;0.0316332109661798
307.5;0.0285204991087344;0.04274753379612715;0.1133694670280036
309.0;0.01672535211267606;0.02491742020727528;0.024786324786324785
310.5;0.016863406408094434;0.023274161735700197;0.02217873450750163
312.0;0.017547197908565945;0.024464831804281346;0.03766551673099474
313.5;0.017547197908565945;0.03156312625250501;0.028214050597197404
315.0;0.016638225255972697;0.03830102369551675;0.0665455085782213
316.5;0.024664750957854403;0.03563799380208804;0.038288288288288286
318.0;0.01726263871763255;0.026898936851543487;0.028112449799196783
319.5;0.0185554688027144;0.040895061728395056;0.03692186909943752
321.0;0.016648083640921553;0.02860082304526749;0.05286281179138321
322.5;0.03455197368140851;0.029655147793802655;0.05052211302211303
324.0;0.037164487402653934;0.03324142156862745;0.026837581008025253
325.5;0.014846432385212723;0.025040780766307672;0.05953408110440035
327.0;0.014846432385212723;0.0425312811427306;0.04837739819982336
328.5;0.02695167286245353;0.024664750957854403;0.04272068727619173
330.0;0.031723651744800845;0.029647930821494754;0.038042388658169855
331.5;0.015280135823429542;0.03487592219986586;0.03001917946143445
333.0;0.016638225255972697;0.017094017094017096;0.04249146757679179
334.5;0.03764790247400502;0.03584015103838892;0.03261730896433209
336.0;0.015809071886378992;0.029510185301376172;0.03913421687653954
337.5;0.026548672566371685;0.040013227513227514;0.026887871853546914
339.0;0.015280135823429542;0.02238354506957048;0.03335302557177821
340.5;0.015280135823429542;0.015861825872400422;0.04446107784431138
342.0;0.017094017094017096;0.015861825872400422;0.04263011443799969
343.5;0.017754480892796753;0.02758543825694988;0.03744857876341591
345.0;0.015095605501509561;0.017302798982188294;0.04364809782608696
346.5;0.015871286409530037;0.022405660377358493;0.04317492242361017
348.0;0.015871286409530037;0.031746031746031744;0.02530269086473008
349.5;0.017498443680569787;0.03608247422680412;0.036325966850828735
351.0;0.017498443680569787;0.02584670231729055;0.03528593517090022
352.5;0.017498443680569787;0.033261058109280144;0.04415152112681995
354.0;0.03357729479429107;0.03633680766384305;0.03687405705453082
355.5;0.026548672566371685;0.015597920277296359;0.0363476733977173
357.0;0.026548672566371685;0.029137294394091972;0.04800774764803542
358.5;0.026548672566371685;0.027811860940695293;0.16092995169082122
360.0;0.01597712748065927;0.018143754361479414;0.03699496998215155
361.5;0.01850632726208763;0.015489719503383037;0.05337591240875913
363.0;0.01850632726208763;0.018197573656845753;0.060946544092611514
364.5;0.015809071886378992;0.03153955808980755;0.054296661193212914
366.0;0.017754480892796753;0.032673267326732675;0.03375853739073009
367.5;0.035127911416571206;0.03156312625250501;0.04276232080753244
369.0;0.028186274509803922;0.03106608779546551;0.036951844819373365
370.5;0.01726263871763255;0.02413793103448276;0.03227249300544839
372.0;0.01726263871763255;0.03890610474124574;0.04658508570418802
373.5;0.02784833653429156;0.023809523809523808;0.04056728232189974
375.0;0.03764822597528395;0.02633339705601223;0.05393000573723465
376.5;0.02460456942003515;0.02673283502838705;0.0572463768115942
378.0;0.03409090909090909;0.03436018957345971;0.08000700280112047
379.5;0.028186274509803922;0.019418412059458663;0.08503787878787882
381.0;0.016937514305333027;0.019142251771754222;0.03532909640070476
382.5;0.017699115044247787;0.03010752688172043;0.03278609058157311
384.0;0.03669724770642202;0.027246992215145083;0.02812752872633112
385.5;0.026548672566371685;0.03007993983284205;0.06470782436447671
387.0;0.03722426470588235;0.01889942537617246;0.045169180595189574
388.5;0.035751028806584366;0.03402614817298022;0.029575004182484987
390.0;0.018197573656845753;0.025490088708794215;0.03306411338235547
391.5;0.018197573656845753;0.020212060967528162;0.028081548343124357
393.0;0.014965094221118901;0.02633649743549873;0.0378884052714303
394.5;0.018683274021352312;0.01735238973077692;0.038461538461538464
396.0;0.02587800369685767;0.02822066326530612;0.022543518094365552
397.5;0.01608187134502924;0.03530751708428246;0.027095499643934224
399.0;0.036646406864497674;0.01772211720226843;0.042204439855446564
400.5;0.015001087035292413;0.028767979987492184;0.03310167336242043
402.0;0.02703900709219858;0.023229649238914626;0.04302477183833116
403.5;0.015280135823429542;0.02964569775849602;0.03883255008656938
405.0;0.026060070671378093;0.02864564164991649;0.022243647900227762
406.5;0.026060070671378093;0.017824497257769654;0.04038534717515131
408.0;0.016638225255972697;0.031578947368421054;0.06470588235294118
409.5;0.031723651744800845;0.022549019607843137;0.04738562091503268
411.0;0.017498443680569787;0.023433998862914286;0.030426467775865364
412.5;0.025573192239858905;0.01882395123700251;0.031343002448672067
414.0;0.025573192239858905;0.018086080586080584;0.03594686116176087
415.5;0.016745540589734254;0.015489719503383037;0.04240532228044934
417.0;0.01597712748065927;0.0161839863713799;0.05965463108320251
418.5;0.0175513698630137;0.01719518862766539;0.04268720531434231
420.0;0.03130908265900325;0.01834862385321101;0.04064183832942511
421.5;0.032886334610472544;0.016519477970758513;0.044329073482428115
423.0;0.031190019193857967;0.027551020408163263;0.03142983621071271
424.5;0.016842592473546844;0.01920784905213971;0.021540560540190545
426.0;0.035017335314512135;0.031861304069110176;0.03884542756946319
427.5;0.030314790858128503;0.03650841056467856;0.04026918879592579
429.0;0.018026004728132386;0.02414486921529175;0.039815514079188694
430.5;0.036646406864497674;0.017699115044247787;0.04137426900584795
432.0;0.03401334844478025;0.030009920634920632;0.04193465397478776
433.5;0.026592455163883737;0.0189328743545611;0.03493034418169048
435.0;0.01597712748065927;0.02939958592132505;0.04737812252515517
436.5;0.024816176470588234;0.02813100884501987;0.05028735632183908
438.0;0.03722426470588235;0.029397233201581028;0.04648420288683916
439.5;0.040013227513227514;0.025716433527362123;0.04056754596322942
441.0;0.017754480892796753;0.018543046357615892;0.046618297056125434
442.5;0.02911275415896488;0.01810699588477366;0.04233266733266734
444.0;0.023809523809523808;0.017699115044247787;0.02252005707669064
445.5;0.0325497287522604;0.018026004728132386;0.04148573391231814
447.0;0.0325497287522604;0.0368124729320052;0.04399838487048797
448.5;0.03801916932907348;0.01623116243715001;0.03854672459323622
450.0;0.03423626787057938;0.015009088496287903;0.026807547720719735
451.5;0.03608247422680412;0.024464831804281346;0.028362159790681303
453.0;0.02475049900199601;0.023565102946753215;0.03785103785103785
454.5;0.03204538785092439;0.016293098349991132;0.028819890025593778
456.0;0.038817005545286505;0.01537736404878336;0.04952229299363058
457.5;0.020240539747726608;0.018323203432248837;0.05179757378807718
459.0;0.01544029707006141;0.022549019607843137;0.04400510204081633
460.5;0.017754480892796753;0.01645021645021645;0.038094071533561986
462.0;0.03487592219986586;0.0161839863713799;0.02900478196544339
463.5;0.023153753026634385;0.018010291595197254;0.05321570859419466
465.0;0.02352456738143523;0.018323203432248837;0.03087205185264074
466.5;0.026779422128259334;0.01654091700522345;0.0647205250056574
468.0;0.018566622330021126;0.02640503875968992;0.05617807389460933
469.5;0.02934537246049661;0.032135306553911204;0.054188602771108214
471.0;0.019296457196587843;0.017854807063440156;0.042604752970606626
472.5;0.017805444745022627;0.019408502772643253;0.058808408545641504
474.0;0.02516881522406384;0.019408502772643253;0.041420816615529855
475.5;0.016081348496769426;0.0153103221203973;0.04287576425312685
477.0;0.03801927875911337;0.03466050479914682;0.04940008937765327
478.5;0.025439127801332527;0.02703900709219858;0.028662979184230192
480.0;0.02695167286245353;0.01597712748065927;0.04343948376265673
481.5;0.03250478011472275;0.035127911416571206;0.025561811193160977
483.0;0.029291649063512178;0.038655160014383315;0.039065735212135126
484.5;0.025573192239858905;0.01850632726208763;0.04052062868369353
486.0;0.025573192239858905;0.014945495799148322;0.02587587587587588
487.5;0.03476946334089191;0.01597712748065927;0.03398641745297194
489.0;0.03848310366392789;0.03130252100840336;0.04788604791624723
490.5;0.01597712748065927;0.024924471299093656;0.045436389055322546
492.0;0.030009920634920632;0.024816176470588234;0.036776918264035036
493.5;0.01766843911960692;0.031723651744800845;0.04511019283746556
495.0;0.03530661003451022;0.032697066101095795;0.037191518943343764
496.5;0.02623456790123457;0.017623877982923447;0.03693549221457762
498.0;0.023418491484184917;0.03450566571561023;0.030389317948510394
499.5;0.036646406864497674;0.017754480892796753;0.03757324022794766
501.0;0.03706545928938685;0.017094017094017096;0.06291771094402673
502.5;0.028767979987492184;0.018010291595197254;0.03391199729631756
504.0;0.028767979987492184;0.015095605501509561;0.02730525736306083
505.5;0.01850632726208763;0.017754480892796753;0.034651012494614386
507.0;0.0175513698630137;0.01850632726208763;0.08080808080808081
508.5;0.023418491484184917;0.02623456790123457;0.04482886904761905
510.0;0.017094017094017096;0.015095605501509561;0.02697606961566353
511.5;0.018559977888336097;0.02587800369685767;0.0399002493765586
513.0;0.030938123752495012;0.017094017094017096;0.048615291992775436
514.5;0.018470790378006873;0.03466050479914682;0.037132573453419554
516.0;0.01850632726208763;0.03466050479914682;0.03259930026754476
517.5;0.03156312625250501;0.016745540589734254;0.030553523134372845
519.0;0.015245106155354892;0.024672187715665976;0.024054982817869414
520.5;0.032697066101095795;0.01775534628830588;0.03418935643564356
522.0;0.017373380447585393;0.015163102542134104;0.03463203463203463
523.5;0.029478889311525296;0.017754480892796753;0.03880070546737213
525.0;0.015990884802765993;0.0175513698630137;0.027505760368663593
526.5;0.015414729630535846;0.032256841786066255;0.030653643876784372
528.0;0.02802491103202847;0.03091538715963386;0.02813447927199191
529.5;0.03460837887067396;0.033676001417936904;0.05387288977159879
531.0;0.02802491103202847;0.027531083481349913;0.04234735785342704
532.5;0.01749271137026239;0.03617216117216117;0.035990256939056074
534.0;0.018026004728132386;0.0161839863713799;0.029411764705882353
535.5;0.023765996343692867;0.0161839863713799;0.027783691718117943
537.0;0.024816176470588234;0.018026004728132386;0.019462337885424716
538.5;0.017699115044247787;0.033676001417936904;0.04164222873900293
540.0;0.02460456942003515;0.035572080214829514;0.045647588994431
541.5;0.017460979111666896;0.018354055654233276;0.03409915356711003
543.0;0.024114774114774116;0.03503787878787879;0.034912718204488775
544.5;0.017462905276233176;0.015597920277296359;0.04556574923547401
546.0;0.018033536949715063;0.03848310366392789;0.06743751911038157
547.5;0.01776252720300414;0.02516881522406384;0.02041832669322709
549.0;0.036198738170347;0.016638225255972697;0.03511762700306853
550.5;0.03233205197139808;0.016217853406024562;0.03356464945402592
552.0;0.0171876225514139;0.025148597325954054;0.05442804428044281
553.5;0.022964015151515152;0.033676001417936904;0.02075739165654111
555.0;0.017215791035915702;0.03768591312195207;0.029149053482815657
556.5;0.017825311942959002;0.017971946230274694;0.027450980392156862
558.0;0.03923444976076555;0.017699115044247787;0.052687198067632834
559.5;0.025903299005061962;0.024464831804281346;0.03556527889038137
561.0;0.02475049900199601;0.03313655743081309;0.09010889292196005
562.5;0.01770797136701647;0.017825311942959002;0.04431898555117712
564.0;0.0230722525804493;0.016468992979866464;0.03687173564045009
565.5;0.015414729630535846;0.03741261255081318;0.02889745891472905
567.0;0.03136882129277567;0.03969754253308129;0.026480637813211843
568.5;0.036282622533418206;0.025088028169014082;0.026935194725526048
570.0;0.028233920953070916;0.034026465028355386;0.037130021141649046
571.5;0.019462337885424716;0.018143754361479414;0.03737079247283329
573.0;0.025162230168189643;0.04162288661763301;0.02303499927581261
574.5;0.028400277171901696;0.025088028169014082;0.04030515431979244
576.0;0.03641753000192343;0.027531083481349913;0.03333634080050548
577.5;0.029647930821494754;0.025820463320463317;0.04618093174431202
579.0;0.04151478331308222;0.029702970297029705;0.03175542406311637
580.5;0.03486394557823129;0.02964569775849602;0.024784482758620687
582.0;0.03482019584103316;0.03412017167381975;0.04769001490312966
583.5;0.01726263871763255;0.017910447761194027;0.024149524457505178
585.0;0.018595825426944972;0.02878937007874016;0.03640441683919944
586.5;0.018832655731576244;0.015992751525289242;0.03434627170582226
588.0;0.02317655078391275;0.02703900709219858;0.03289959323370367
589.5;0.019408502772643253;0.04195042222827568;0.04870251193689018
591.0;0.018532729644693425;0.025088028169014082;0.03491847826086956
592.5;0.01783664661861255;0.02752293577981652;0.03979885057471264
594.0;0.03530751708428246;0.03301539154957029;0.02735148514851485
595.5;0.01942319011183049;0.02909270216962525;0.03633085831270816
597.0;0.025519848771266538;0.04409448818897638;0.020322295664761417
598.5;0.016232287250660168;0.038579922601809376;0.03218029350104821
600.0;0.01904761904761905;0.02669539153240914;0.030215667233147205
601.5;0.03215077605321508;0.022964015151515152;0.045283018867924525
603.0;0.017288133107478867;0.03690435031414299;0.03534031413612565
604.5;0.0216998191681736;0.031075726445553266;0.019632478421091684
606.0;0.017260787992495308;0.025937403160830493;0.04088489873293023
607.5;0.02523364485981308;0.034260323297326284;0.020863780522890875
609.0;0.03899220872264844;0.018323203432248837;0.028347143480156996
610.5;0.0316999501480895;0.024723374827109266;0.03464891471948761
612.0;0.026322874598736667;0.023721057856041842;0.04683863064044102
613.5;0.02939958592132505;0.027332170880557977;0.029045337047485274
615.0;0.03074980992956635;0.018487434139972954;0.03138020833333333
616.5;0.03858564130142512;0.0334783766983394;0.020581655480984343
618.0;0.03297872340425532;0.02980239714933592;0.023394808743169397
619.5;0.02352661596958175;0.01923521066349929;0.043580992386453146
621.0;0.01726263871763255;0.02569922389808171;0.02567720090293454
622.5;0.034110097939885176;0.01942319011183049;0.023540748898678413
624.0;0.036260960023777676;0.023809523809523808;0.03934871099050203
625.5;0.025322619917214514;0.028804504764654924;0.03452691167220775
627.0;0.03136882129277567;0.034921650143907905;0.02668985739242864
628.5;0.030938123752495012;0.01689057606188694;0.03779069767441861
630.0;0.024860068855585237;0.03443877551020408;0.022647647647647647
631.5;0.026020672013150496;0.02964736418150899;0.026605569764137534
633.0;0.02833675564681725;0.03072899640405361;0.034257832562917305
634.5;0.047226123595505626;0.023244781783681213;0.017878687658518043
636.0;0.026392763927639274;0.03125;0.03153858193770543
637.5;0.026008064516129033;0.026219512195121954;0.025101419878296144
639.0;0.019327580007191657;0.019961967281442117;0.03059679324160816
640.5;0.03923444976076555;0.01834862385321101;0.02627840909090909
642.0;0.023394808743169397;0.017596390484003282;0.03361344537815126
643.5;0.036415289256198344;0.024093511450381678;0.03618739903069467
645.0;0.02724539646749342;0.03511762700306853;0.024254473161033796
646.5;0.03876043673731535;0.026643626426619514;0.024938341870612786
648.0;0.015455590332600232;0.026779422128259334;0.017596390484003282
649.5;0.03708240774035553;0.0348669012716164;0.037284610814022574
651.0;0.04170616113744076;0.026127227846094617;0.018741633199464522
652.5;0.015966725757991896;0.03317033414832926;0.03425345785553848
654.0;0.028865979381443297;0.023765996343692867;0.018587146753791174
655.5;0.03825903825903826;0.017915564697815654;0.020006613756613757
657.0;0.02799872733057588;0.015195702225633155;0.024501992031872512
658.5;0.016363767196909393;0.025522755227552277;0.026107226107226107
660.0;0.03669724770642202;0.024122807017543862;0.04224698235840297
661.5;0.01733025239957341;0.02703900709219858;0.024501992031872512
663.0;0.017830478700043915;0.027798718431963815;0.024844529568939018
664.5;0.0162748643761302;0.01749271137026239;0.027032520325203254
666.0;0.03211566499271019;0.019079345850999394;0.020398251578436135
667.5;0.026244723525864554;0.03012684989429175;0.017923649906890132
669.0;0.03511762700306853;0.028865979381443297;0.016519477970758513
670.5;0.022789783889980354;0.016835957338750634;0.034505338131356644
672.0;0.03397147147147147;0.018197573656845753;0.03852667231160034
673.5;0.025322619917214514;0.019139945314441957;0.025700466087426536
675.0;0.037213423413445565;0.030993042378241617;0.026060070671378093
676.5;0.03849734406659001;0.01647485416995113;0.023834019204389576
678.0;0.024637681159420288;0.017356740642596888;0.024224534555828566
679.5;0.0191406933051483;0.019643114117139156;0.034408602150537634
681.0;0.027557808045612926;0.036610106971597195;0.015979246495466122
682.5;0.02466499340621942;0.031746031746031744;0.01726263871763255
684.0;0.015446744068652195;0.017015706806282723;0.0189328743545611
685.5;0.025240384615384616;0.043770764119601326;0.025708972570897257
687.0;0.026805251641137853;0.01800073785775299;0.029937629937629936
688.5;0.026492721612067192;0.03935185185185185;0.028073770491803277
690.0;0.029074889867841413;0.029478889311525296;0.030288461538461535
691.5;0.016644042305926934;0.018671683262517162;0.01511819205125985
693.0;0.027811860940695293;0.016043635035830027;0.017121863302370723
694.5;0.032696390658174104;0.018487434139972954;0.02860082304526749
696.0;0.01904761904761905;0.01737645719668721;0.01543855255744068
697.5;0.044009779951100246;0.025240384615384616;0.017825311942959002
699.0;0.018147448015122872;0.01675356994726551;0.02720776331887443
700.5;0.017660550458715597;0.025439127801332527;0.017744615957984888
702.0;0.02867383512544803;0.028186274509803922;0.024114774114774116
703.5;0.016081348496769426;0.01799009736360781;0.039888682745825604
705.0;0.018049837648946777;0.03020833333333333;0.018086080586080584
706.5;0.037886917044985556;0.03355800946507959;0.04216867469879518
708.0;0.018544683857294242;0.03460837887067396;0.02835538752362949
709.5;0.019613366510394664;0.026998169615619284;0.03383297644539615
711.0;0.03091334894613583;0.03133759902498476;0.026779422128259334
712.5;0.046180030257186075;0.02934537246049661;0.03823174953203928
714.0;0.02767652220872148;0.01647485416995113;0.02640503875968992
715.5;0.019524988460408715;0.03879373444590836;0.024464831804281346
717.0;0.01749271137026239;0.01733025239957341;0.017651363509179743
718.5;0.02980239714933592;0.018426930440331845;0.02891543420553659
720.0;0.04364809782608696;0.02795584045584046;0.017875123723664534
721.5;0.026612077789150458;0.02802491103202847;0.02495201535508637
723.0;0.03125;0.01929824561403509;0.02499924106736286
724.5;0.02118989405052975;0.025708972570897257;0.01523636813384623
726.0;0.018086080586080584;0.018147448015122872;0.02833675564681725
727.5;0.017042057006178994;0.023809523809523808;0.03765137029955386
729.0;0.03312144529943125;0.024153413393919725;0.035602503912363075
730.5;0.03591003977094996;0.02867383512544803;0.018116447832557628
732.0;0.03474528104340543;0.028279544926863246;0.018610372994783977
733.5;0.028554778554778552;0.016335052812576762;0.028489903424056193
735.0;0.024360190702271835;0.036927877947295414;0.03564698492462312
736.5;0.032023125895291216;0.019007274309649567;0.016473090135776216
738.0;0.02585309988495067;0.017699115044247787;0.024574669187145556
739.5;0.03299954483386436;0.039888682745825604;0.024114774114774116
741.0;0.040086887835703;0.018683274021352312;0.02658875091307523
742.5;0.02896257986005476;0.02819414703783012;0.03125
744.0;0.04571981261798774;0.042001953579236244;0.019114380899500277
745.5;0.02892441009426781;0.024166411746711535;0.023809523809523808
747.0;0.030245746691871456;0.04069886255179151;0.024378585086042064
748.5;0.040197193780811526;0.019617301817012378;0.01810895810084204
750.0;0.02755773736472163;0.01862097440132122;0.01813557316928901
751.5;0.04324307714181972;0.02835538752362949;0.03800513149454778
753.0;0.03048016701461378;0.02582939690212018;0.029029358897543437
754.5;0.024106113033448676;0.030065165876777253;0.018026004728132386
756.0;0.01814552172099398;0.03320530415373326;0.03397147147147147
757.5;0.02494777243356168;0.029573367808661925;0.018185821224130337
759.0;0.03742165865034251;0.03189528023598819;0.02687334704672348
760.5;0.04746136865342164;0.019633557131204116;0.03858564130142512
762.0;0.024637681159420288;0.02919600938967136;0.0370850622406639
763.5;0.016700838391425266;0.02984477023530861;0.02729044834307992
765.0;0.026148673888681355;0.02396214896214896;0.035298681148176886
766.5;0.01885141843394476;0.024300133307941344;0.026773284243226135
768.0;0.024816176470588234;0.03106181754578846;0.027482269503546097
769.5;0.02494777243356168;0.027922453703703703;0.025265184284567487
771.0;0.027250706499798143;0.027246992215145083;0.028073770491803277
772.5;0.018876611418047883;0.016508996927878286;0.034257832562917305
774.0;0.02734495764545848;0.026507713884992984;0.031027253668763105
775.5;0.03676148796498906;0.041029272898961286;0.0327521626683314
777.0;0.026797822557539874;0.018879124267653407;0.02457757296466974
778.5;0.026007770460303944;0.04233870967741935;0.044529343778091694
780.0;0.03506006580457572;0.028186274509803922;0.024816176470588234
781.5;0.01756386861313869;0.03652462645268401;0.04028147709710301
783.0;0.01851219928339874;0.030958549222797924;0.02913403961308153
784.5;0.03410509698868665;0.02343480758184951;0.029600634228520464
786.0;0.031532901943606174;0.024335378323108385;0.044520547945205484
787.5;0.026457750968564567;0.022270083997415462;0.023765996343692867
789.0;0.02520098948670377;0.02939958592132505;0.028938906752411574
790.5;0.0199330231944307;0.03156312625250501;0.030263586072242114
792.0;0.026507713884992984;0.018836565096952907;0.0453811369509044
793.5;0.029401154401154404;0.03859846355630505;0.02966819180747199
795.0;0.02268431001890359;0.038141048011229244;0.03745644599303136
796.5;0.032275132275132276;0.03485394240625225;0.031467557783347255
798.0;0.02819414703783012;0.025101419878296144;0.03693510273832593
799.5;0.017528111404343426;0.03219315895372234;0.03666288308740068
801.0;0.023613963039014373;0.02799872733057588;0.01966320362465753
802.5;0.024816176470588234;0.029839262950240596;0.022474474191878792
804.0;0.02452743199631166;0.03177061085006407;0.029401154401154404
805.5;0.0160240290583962;0.018902169101372285;0.07222222222222222
807.0;0.024631418403660392;0.02351567711807872;0.04336043360433604
808.5;0.02724539646749342;0.016614200769499828;0.02175837144121552
810.0;0.028598801710208344;0.0370850622406639;0.033636402322188154
811.5;0.017754480892796753;0.043223294120839625;0.027198364008179963
813.0;0.01597712748065927;0.030894498987065602;0.027899203178896173
814.5;0.018010291595197254;0.032332563510392605;0.035457861839812255
816.0;0.01678424862821045;0.0230722525804493;0.03905540417801998
817.5;0.021851503759398497;0.035885989010989015;0.0425312811427306
819.0;0.019139945314441957;0.0193486851069628;0.04507839721254356
820.5;0.026998169615619284;0.028834462393607783;0.034739529248875044
822.0;0.01676981545879932;0.0378053509112059;0.04618768328445748
823.5;0.03742080962095995;0.029547930283224402;0.05416666666666667
825.0;0.015798668573620674;0.03127595170919478;0.02528830827280372
826.5;0.015280135823429542;0.0266837899543379;0.06134654818865343
828.0;0.015001087035292413;0.027909904868494685;0.03249633365525628
829.5;0.014910112661872163;0.03803533992213238;0.049158066268332426
831.0;0.02460456942003515;0.028347143480156996;0.03585164835164835
832.5;0.0325497287522604;0.03246631150109684;0.05069281793638591
834.0;0.0161839863713799;0.03191137566137566;0.02457158098286324
835.5;0.016863406408094434;0.028383523710626513;0.031700642736776176
837.0;0.03828413284132841;0.046918767507002794;0.01967799642218247
838.5;0.024924471299093656;0.02488815831565685;0.0338236720924852
840.0;0.025956284153005466;0.0399002493765586;0.025779831655388673
841.5;0.032696390658174104;0.03622709238617042;0.016690924310300143
843.0;0.017302798982188294;0.019822328294881994;0.023394808743169397
844.5;0.01591511423210106;0.02758531093019227;0.03766025641025641
846.0;0.024464831804281346;0.041107871720116616;0.03680555555555556
847.5;0.03685386088066369;0.03677681366461307;0.01737733742487147
849.0;0.02939958592132505;0.0330095553976151;0.03095095693779904
850.5;0.02460456942003515;0.03890027875733009;0.03208232445520581
852.0;0.022549019607843137;0.03608815426997245;0.032020997375328084
853.5;0.025453577269788138;0.04136890725477424;0.027461363881984217
855.0;0.03314284179883399;0.02430127877462505;0.051132686084142405
856.5;0.03212468193384224;0.03224328705335119;0.024693080357142856
858.0;0.03564899451553931;0.018966921143545673;0.03356464945402592
859.5;0.017754480892796753;0.022162324049116503;0.0453811369509044
861.0;0.018848906360245943;0.023613963039014373;0.021505376344086023
862.5;0.024378585086042064;0.018837215107716118;0.030263586072242114
864.0;0.018052243358660087;0.03164091243561443;0.03745644599303136
865.5;0.04195042222827568;0.029101375119923247;0.027482269503546097
867.0;0.017814806907942786;0.03324808184143222;0.03557483731019522
868.5;0.017015706806282723;0.030390539053905395;0.03623930891084865
870.0;0.028580208973570994;0.034670398009950254;0.02654711673699016
871.5;0.016081348496769426;0.03277437042814431;0.02795584045584046
873.0;0.015050831498364467;0.020005891416659115;0.028865979381443297
874.5;0.015225395561747438;0.019359294243450363;0.018991486574983625
876.0;0.024378585086042064;0.03358144677420626;0.035813733041056936
877.5;0.03450226244343891;0.0366662646242914;0.027250706499798143
879.0;0.024775721895149986;0.04267698210523005;0.03589420654911838
880.5;0.03696682464454976;0.0356286399451867;0.030178326474622767
882.0;0.024501992031872512;0.024786324786324785;0.03745644599303136
883.5;0.017945286304307154;0.03643741546145043;0.03647689444421613
885.0;0.016751570929100935;0.03361344537815126;0.04005763688760807
886.5;0.035017335314512135;0.033711522365851385;0.027099555672869653
888.0;0.019179429534916397;0.03437787761252337;0.02012072434607646
889.5;0.01780160609014529;0.05461868220720377;0.027777777777777776
891.0;0.028401997503121095;0.04225352112676057;0.030818131564400223
892.5;0.019138359569179784;0.045429208472686736;0.027170868347338936
894.0;0.016425485674909226;0.037290502793296085;0.031323449647441694
895.5;0.017373380447585393;0.03766830717801096;0.03500089174246478
897.0;0.01612259159428971;0.039225260416666664;0.04840319361277445
898.5;0.017754480892796753;0.051461038961038964;0.020018079311083094
900.0;0.01654091700522345;0.0330945473921023;0.03040954530796517
901.5;0.016052757544824884;0.04420261941448382;0.022964840038010772
903.0;0.02703900709219858;0.029891304347826088;0.033934707903780066
904.5;0.0161839863713799;0.03872798597779818;0.033168895514064795
906.0;0.027531083481349913;0.033950617283950615;0.02031178983728752
907.5;0.033879208022981784;0.030634573304157545;0.032286109464532704
909.0;0.0175513698630137;0.03992395437262357;0.02883904042916784
910.5;0.032697066101095795;0.028865979381443297;0.036790780141843976
912.0;0.017094017094017096;0.02578125;0.02833675564681725
913.5;0.017547197908565945;0.03538819843772543;0.030178326474622767
915.0;0.01749271137026239;0.026026580337365827;0.023153753026634385
916.5;0.03460837887067396;0.027557808045612926;0.02420316350051665
918.0;0.016676298192025096;0.05856156589029663;0.03160557856418743
919.5;0.02495201535508637;0.05128205128205128;0.03139813893603324
921.0;0.02909270216962525;0.03469827586206897;0.04245626822157434
922.5;0.024464831804281346;0.03896103896103897;0.03038379530916844
924.0;0.025573192239858905;0.02457212072657215;0.024948024948024946
925.5;0.03241525423728814;0.027394900068917986;0.040776699029126215
927.0;0.03212468193384224;0.03698664651045603;0.027557808045612926
928.5;0.018010291595197254;0.02351778656126482;0.03361344537815126
930.0;0.0189328743545611;0.04600694444444444;0.019007274309649567
931.5;0.03612385321100917;0.021141813376860597;0.03216025860340007
933.0;0.023829431438127092;0.047058823529411764;0.04645061728395061
934.5;0.01887176226467984;0.025606189263138037;0.05234657039711191
936.0;0.023674997442080004;0.0386416861826698;0.03870884773662551
937.5;0.04117873461121505;0.028892455858747997;0.026987539758515266
939.0;0.025529865125240848;0.028682260089953455;0.03050823206682356
940.5;0.02925930364954755;0.03082919914953933;0.07689594356261024
942.0;0.03800513149454778;0.04629861982434128;0.02630374563410815
943.5;0.03354534045223458;0.020240539747726608;0.030662113270283772
945.0;0.017971946230274694;0.028383523710626513;0.01971494409831868
946.5;0.017563955708285603;0.025295176576481178;0.01871401151631478
948.0;0.02802491103202847;0.03225834193326453;0.030725649724958
949.5;0.016676298192025096;0.03151399491094148;0.04315167151240188
951.0;0.01865038996269922;0.03020833333333333;0.032392026578073094
952.5;0.016676298192025096;0.019801980198019802;0.021076837781305917
954.0;0.026548672566371685;0.046782762691853594;0.029531016157111883
955.5;0.025573192239858905;0.027777777777777776;0.04245562130177514
957.0;0.015001087035292413;0.024237785431815283;0.043055700700177654
958.5;0.015001087035292413;0.03835881079258885;0.030644706464170477
960.0;0.026060070671378093;0.028859514063614852;0.0343753727434436
961.5;0.03609431217943811;0.03871514694800301;0.04565153811384967
963.0;0.017754480892796753;0.018991486574983625;0.0669292319964105
964.5;0.017373380447585393;0.024888143176733782;0.03827683615819209
966.0;0.018010291595197254;0.03136882129277567;0.04347689240937942
967.5;0.03306159420289855;0.034648187633262266;0.040091915099473914
969.0;0.030245746691871456;0.024203298031819725;0.03973373933450557
970.5;0.017373380447585393;0.03404573227674164;0.053814758738726876
972.0;0.03609431217943811;0.018741633199464522;0.04693198166549566
973.5;0.018470790378006873;0.019028937943891832;0.038461538461538464
975.0;0.017094017094017096;0.025400139178844813;0.03137271887271887
976.5;0.03846568257730848;0.01648275383440905;0.036652653704676824
978.0;0.01672693391308206;0.017094017094017096;0.026336477987421385
979.5;0.024816176470588234;0.030390539053905395;0.03571428571428571
981.0;0.039888682745825604;0.02673063742289239;0.06426692965154504
982.5;0.016745540589734254;0.017261054113431307;0.026295649280425926
984.0;0.018026004728132386;0.01810699588477366;0.02500644496004125
985.5;0.015731292517006803;0.04034074864296697;0.030701754385964907
987.0;0.023244781783681213;0.03404835945928794;0.059270516717325236
988.5;0.01726263871763255;0.01767622907113149;0.0429308813734922
990.0;0.01726263871763255;0.01726263871763255;0.030379909646663535
991.5;0.03712871287128712;0.030318091451292245;0.030523043827025448
993.0;0.02760404051916967;0.019082371238858645;0.05321570859419466
994.5;0.015103382344075149;0.03907355021216407;0.026403309539260223
996.0;0.03770291641824313;0.04160310899849993;0.044279427942794276
997.5;0.014911863527898283;0.025522755227552277;0.054746363009976866
999.0;0.023762376237623763;0.017094017094017096;0.02975498218368792
1000.5;0.024792371577976004;0.030627490039840638;0.06686056086587044
1002.0;0.03494103235414214;0.01834061135371179;0.08495670995671
1003.5;0.024122807017543862;0.029478889311525296;0.04580324909747293
1005.0;0.017094017094017096;0.02988505747126437;0.05393000573723465
1006.5;0.025088028169014082;0.051101959763005404;0.04113601630157922
1008.0;0.02752293577981652;0.027798718431963815;0.03934806914939366
1009.5;0.024412296564195298;0.02499924106736286;0.027951388888888887
1011.0;0.016979552792060267;0.030993042378241617;0.077020202020202
1012.5;0.03638365090848527;0.03051812013382946;0.04250672043010753
1014.0;0.017525055235791037;0.03061868686868687;0.02912429213814582
1015.5;0.016619030091182988;0.01879117923894043;0.04004147413889534
1017.0;0.017455819026846356;0.031746031746031744;0.061914140237290645
1018.5;0.025088028169014082;0.02393384239278061;0.08294483294483296
1020.0;0.031723651744800845;0.017373380447585393;0.02891397175191854
1021.5;0.0175513698630137;0.030700961335623663;0.0449447927882281
1023.0;0.036646406864497674;0.01726263871763255;0.027471561323050463
1024.5;0.036646406864497674;0.030288461538461535;0.04760053797608667
1026.0;0.0175513698630137;0.0413874655104454;0.025210899336335888
1027.5;0.015871286409530037;0.01929824561403509;0.027282976324689966
1029.0;0.0325497287522604;0.030938123752495012;0.051083853031783005
1030.5;0.025240384615384616;0.034026465028355386;0.041856982403594145
1032.0;0.01672535211267606;0.022549019607843137;0.05571579317622231
1033.5;0.032697066101095795;0.03299954483386436;0.03462265772735087
1035.0;0.03409090909090909;0.0173143150421569;0.045429208472686736
1036.5;0.015280135823429542;0.01756386861313869;0.037224277298260035
1038.0;0.018876611418047883;0.01672239597595953;0.04769782189137029
1039.5;0.036590471405844434;0.026672809258561234;0.032864622514628336
1041.0;0.023765996343692867;0.018970180762633595;0.03428912783751494
1042.5;0.015280135823429542;0.018022181146025877;0.04198962139683842
1044.0;0.03187751004016064;0.02400793650793651;0.054413377192982455
1045.5;0.040080752375793983;0.01866458752950859;0.044868488911810216
1047.0;0.03669724770642202;0.02860082304526749;0.0507922871324933
1048.5;0.03669724770642202;0.029702970297029705;0.04336903045025307
1050.0;0.017754480892796753;0.02521508680288831;0.0768195442894238
1051.5;0.018848906360245943;0.040086887835703;0.06485671191553542
1053.0;0.02703900709219858;0.019135093761959435;0.05598926837248802
1054.5;0.017754480892796753;0.01895541466970535;0.06268519560406585
1056.0;0.03357531760435572;0.016604605213162094;0.05793378995433791
1057.5;0.03828413284132841;0.01698283068612951;0.026448696254396713
1059.0;0.02911275415896488;0.01929824561403509;0.09008638420403124
1060.5;0.03571949470477179;0.024122807017543862;0.05637020116424729
1062.0;0.039157945009987455;0.01845400161997053;0.03827137865039087
1063.5;0.04108352144469526;0.034026465028355386;0.02791636755204594
1065.0;0.01645021645021645;0.036381809095452265;0.08594046065097481
1066.5;0.01767793611602543;0.026457750968564567;0.14634945184915607
1068.0;0.030993042378241617;0.03487592219986586;0.04547549408605958
1069.5;0.02460456942003515;0.024723374827109266;0.11330907988479604
1071.0;0.03357632779114447;0.016637824798762423;0.042842662189273906
1072.5;0.018063880198607787;0.035751028806584366;0.035421381811102194
1074.0;0.0175513698630137;0.03530661003451022;0.066347687400319
1075.5;0.0188212927756654;0.028050275904353158;0.04119228788832314
1077.0;0.01731640784414803;0.016821418488660245;0.053075666848121934
1078.5;0.01854170652720792;0.017754480892796753;0.09809602649006623
1080.0;0.02587800369685767;0.03048016701461378;0.08494066551780122
1081.5;0.02352661596958175;0.02939958592132505;0.27680311890838233
1083.0;0.016838000708968452;0.022363984857414396;0.09113394216133944
1084.5;0.018086080586080584;0.027312228429546864;0.04985002012901794
1086.0;0.01671290791385916;0.029664014146772767;0.05412688786290009
1087.5;0.018487434139972954;0.024093511450381678;0.09465261107052157
1089.0;0.01813557316928901;0.02629216710651514;0.07393026941362917
1090.5;0.028050275904353158;0.02400793650793651;0.04202444232429241
1092.0;0.026475958612294584;0.03085485307212823;0.07966530542436553
1093.5;0.03674948240165632;0.03076071086945577;0.05211823393641576
1095.0;0.02676362545917985;0.01764234161988773;0.03947901035682597
1096.5;0.03125;0.023765996343692867;0.043675186023940465
1098.0;0.01834061135371179;0.02848722986247544;0.0
1099.5;0.028428880132197788;0.024378585086042064;0.10725784813522946
1101.0;0.01939343350027824;0.01814552172099398;0.10178275290215588
1102.5;0.01909706358765627;0.01672535211267606;0.0747878359264498
1104.0;0.019274809160305342;0.02352661596958175;0.0793740573152338
1105.5;0.016802496965493324;0.03924126754390435;0.10911655593641117
1107.0;0.02679728933411903;0.032886334610472544;0.09067460317460314
1108.5;0.01630380824055032;0.036415289256198344;0.07405498281786942
1110.0;0.039888682745825604;0.03745644599303136;0.0611934741962705
1111.5;0.018010291595197254;0.04152479029980898;0.049877974374618675
1113.0;0.03106789479980177;0.024464831804281346;0.04347467958222134
1114.5;0.019138359569179784;0.017206835592221567;0.06829268292682926
1116.0;0.031746031746031744;0.03935185185185185;0.05965463108320251
1117.5;0.036646406864497674;0.03935185185185185;0.038527192598897225
1119.0;0.023765996343692867;0.0230722525804493;0.09649892207054786
1120.5;0.03835236436358944;0.01845342706502636;0.07028292832738302
1122.0;0.03250478011472275;0.01733025239957341;0.08767328587485952
1123.5;0.016638225255972697;0.02623456790123457;0.06578140960163432
1125.0;0.022727272727272728;0.01597712748065927;0.11223522802904014
1126.5;0.01850632726208763;0.01874107841782935;0.05614015017350834
1128.0;0.026548672566371685;0.03357531760435572;0.04924242424242425
1129.5;0.015280135823429542;0.016863406408094434;0.10578486554096303
1131.0;0.03764790247400502;0.025573192239858905;0.09111201298701295
1132.5;0.02802491103202847;0.026592455163883737;0.06053864168618266
1134.0;0.026548672566371685;0.02848722986247544;0.06962235314582402
1135.5;0.0368124729320052;0.026077596751308774;0.07197694439184087
1137.0;0.016357261371818553;0.024637681159420288;0.11693789115315033
1138.5;0.03188492862702595;0.04203677467820897;0.037686244593317396
1140.0;0.038984406237504994;0.03798297314996725;0.043068595160148465
1141.5;0.02587800369685767;0.016081348496769426;0.05313531353135315
1143.0;0.0364917322581337;0.018543046357615892;0.02735148514851485
1144.5;0.01865038996269922;0.018612132352941176;0.06341463414634145
1146.0;0.01749271137026239;0.03520671834625324;0.04143313007487916
1147.5;0.014986153377295074;0.025088028169014082;0.06182187694627465
1149.0;0.029397233201581028;0.015095605501509561;0.043323863636363626
1150.5;0.024378585086042064;0.026077596751308774;0.05600113524845274
1152.0;0.025357139236142794;0.03326935380678182;0.04084302325581396
1153.5;0.03530751708428246;0.03313655743081309;0.03835616438356164
1155.0;0.01639225298737321;0.024114774114774116;0.03821574642126789
1156.5;0.021851503759398497;0.01654091700522345;0.05491692034843167
1158.0;0.017792037334111128;0.03361344537815126;0.05106248325050366
1159.5;0.028836507284971162;0.042073389608735426;0.029410607393665442
1161.0;0.038385826771653545;0.0170487948265726;0.043517762351980405
1162.5;0.025502008032128515;0.024816176470588234;0.03277439024390244
1164.0;0.01810699588477366;0.01537736404878336;0.04648426007649309
1165.5;0.023940705758887577;0.025681371449975732;0.03845473398383561
1167.0;0.016230056718488595;0.025439127801332527;0.027562275263623343
1168.5;0.030993042378241617;0.029478889311525296;0.0524512952258617
1170.0;0.029835659319160036;0.033745489100308834;0.03221923895935562
1171.5;0.019274809160305342;0.016755205752543818;0.03564698492462312
1173.0;0.027557808045612926;0.03669724770642202;0.029070017920407726
1174.5;0.030306729084695134;0.01942319011183049;0.04487311697976952
1176.0;0.01730418943533698;0.01612259159428971;0.036402134124458696
1177.5;0.031578947368421054;0.038655160014383315;0.02360106585458698
1179.0;0.03566493707536622;0.015871286409530037;0.0403621853898097
1180.5;0.03383297644539615;0.01597712748065927;0.021686422413793104
1182.0;0.017810548929218788;0.03969754253308129;0.04029605263157895
1183.5;0.03873907547226651;0.028767979987492184;0.027652235965746907
1185.0;0.01537736404878336;0.018010291595197254;0.03143208986604193
1186.5;0.024366025053467768;0.03858564130142512;0.024113082039911308
1188.0;0.026979111813235035;0.0230722525804493;0.03418935643564356
1189.5;0.025522755227552277;0.02752293577981652;0.027250706499798143
1191.0;0.029291649063512178;0.03854883584712257;0.04300595238095238
1192.5;0.02619146866750035;0.0175884771057884;0.034642032332563515
1194.0;0.02939958592132505;0.030009920634920632;0.02867225408028231
1195.5;0.03250478011472275;0.029853167842946376;0.03004100424429897
1197.0;0.03020833333333333;0.017961645808949312;0.02520098948670377
1198.5;0.029664014146772767;0.03968662645284684;0.03880070546737213
1200.0;0.018540175755592546;0.03414239072663309;0.03489354511659345
1201.5;0.039888682745825604;0.03663103448004633;0.02941722679510681
1203.0;0.026060070671378093;0.0334681816742042;0.02118005062745732
1204.5;0.02915766738660907;0.018848906360245943;0.029423229046052258
1206.0;0.01869087161947359;0.038817005545286505;0.039271335267577555
1207.5;0.03061868686868687;0.027531083481349913;0.04799641148325359
1209.0;0.02703900709219858;0.03320921042632419;0.033366128581666245
1210.5;0.016217853406024562;0.040968342644320296;0.025280898876404494
1212.0;0.0370850622406639;0.017094017094017096;0.03957382039573821
1213.5;0.03557483731019522;0.016335052812576762;0.044148936170212774
1215.0;0.039596335148054704;0.024378585086042064;0.024094558862770784
1216.5;0.03921822981854297;0.01810895810084204;0.0323785803237858
1218.0;0.0230722525804493;0.027332170880557977;0.024784482758620687
1219.5;0.025573192239858905;0.016285076905013504;0.03515625
1221.0;0.018010291595197254;0.019013666072489603;0.04126794258373206
1222.5;0.015871286409530037;0.03357531760435572;0.025120192307692305
1224.0;0.018026004728132386;0.015871286409530037;0.03230403800475059
1225.5;0.03331214913674399;0.015095605501509561;0.048413344182262
1227.0;0.024203298031819725;0.017623877982923447;0.02724938659228209
1228.5;0.01723920181864107;0.02352661596958175;0.025193798449612406
1230.0;0.029106474050294272;0.017121863302370723;0.03534031413612565
1231.5;0.019675925925925927;0.016775307882501863;0.027713625866050806
1233.0;0.017065665405680087;0.024093511450381678;0.022549019607843137
1234.5;0.030938123752495012;0.02373344847438111;0.04460242232754081
1236.0;0.0230722525804493;0.03403665485907901;0.023815062518173887
1237.5;0.02569922389808171;0.018082813426555547;0.037149234693877556
1239.0;0.01713180436584692;0.03564899451553931;0.0416749983336666
1240.5;0.024203298031819725;0.024816176470588234;0.021776787923781245
1242.0;0.036165577342047936;0.018612132352941176;0.029681441043304953
1243.5;0.02317655078391275;0.022964015151515152;0.02080063687023769
1245.0;0.03094965917269995;0.020038377192982456;0.02828940112495864
1246.5;0.022964015151515152;0.02503697012682206;0.038073038073038065
1248.0;0.028366159923173095;0.01929282065071256;0.04661312849162011
1249.5;0.025439127801332527;0.028295769595376722;0.03589420654911838
1251.0;0.027291242362525458;0.021384021384021387;0.0400262467191601
1252.5;0.01925569586423465;0.019100077127930496;0.02475888407016636
1254.0;0.023465703971119134;0.02269105021847861;0.031570762052877135
1255.5;0.03506434025053962;0.024093511450381678;0.03783043797639832
1257.0;0.026507713884992984;0.026507713884992984;0.04360216585921915
1258.5;0.04302059496567506;0.025529865125240848;0.02205284592587302
1260.0;0.029611819109441828;0.019659185369908565;0.04006406218652445
1261.5;0.01648275383440905;0.024093511450381678;0.044526901669758805
1263.0;0.035598705501618116;0.023834019204389576;0.036932320197914835
1264.5;0.02695167286245353;0.03225806451612903;0.026221877424359965
1266.0;0.01672535211267606;0.021453553732772617;0.03430388457796445
1267.5;0.01834862385321101;0.027811860940695293;0.02343480758184951
1269.0;0.03326226012793177;0.02000645369474024;0.029411764705882353
1270.5;0.024888143176733782;0.026699029126213594;0.031168831168831165
1272.0;0.018197573656845753;0.026774847870182555;0.025613028836034522
1273.5;0.03125;0.02703900709219858;0.04332552693208431
1275.0;0.024378585086042064;0.0161839863713799;0.04704968944099378
1276.5;0.018918918918918916;0.03409090909090909;0.04078765545831415
1278.0;0.025832555244319953;0.019138359569179784;0.026221877424359965
1279.5;0.02891543420553659;0.03767864354899279;0.024784482758620687
1281.0;0.03825903825903826;0.01814552172099398;0.025657700266036067
1282.5;0.030318091451292245;0.025605214152700187;0.03252708813241191
1284.0;0.018876611418047883;0.018033536949715063;0.03523093835036312
1285.5;0.03603522913867741;0.015517241379310345;0.023940705758887577
1287.0;0.03297872340425532;0.03300733496332518;0.028538441272645557
1288.5;0.025523202911737944;0.02989682476205711;0.024371551195585532
1290.0;0.034026465028355386;0.02268431001890359;0.031435154707044104
1291.5;0.023031496062992124;0.02495201535508637;0.04538280725319006
1293.0;0.018832655731576244;0.027102307287925204;0.02833675564681725
1294.5;0.017460979111666896;0.03187751004016064;0.03360433604336043
1296.0;0.018832655731576244;0.016043635035830027;0.01879117923894043
1297.5;0.01910331384015595;0.031152703202802817;0.03949044585987262
1299.0;0.042045454545454546;0.027886497064579255;0.029397233201581028
1300.5;0.03913683178028445;0.030245746691871456;0.044946218200443915
1302.0;0.024464831804281346;0.026548672566371685;0.02996142091287139
1303.5;0.025162230168189643;0.01865038996269922;0.02317655078391275
1305.0;0.01759245759828935;0.015095605501509561;0.02891522988505747
1306.5;0.043010752688172046;0.025529865125240848;0.0256854917871867
1308.0;0.02704302299112224;0.026479957525882662;0.01922088601089526
1309.5;0.03331718584771346;0.023465703971119134;0.031746031746031744
1311.0;0.025590081856473018;0.017825311942959002;0.02878937007874016
1312.5;0.016937514305333027;0.033713054187192115;0.023834019204389576
1314.0;0.03836189717018733;0.02536888428682371;0.040657810156417395
1315.5;0.026439698932259757;0.03153838454609148;0.03281202319194385
1317.0;0.025941939468807903;0.05169243727621524;0.028433476394849784
1318.5;0.02860082304526749;0.018969902126199548;0.028343023255813952
1320.0;0.0170487948265726;0.0411860619602633;0.030682848664101862
1321.5;0.01967799642218247;0.028381915947360975;0.023244781783681213
1323.0;0.027315467795016455;0.030894498987065602;0.03155148819705782
1324.5;0.03383297644539615;0.015414729630535846;0.042210077806595046
1326.0;0.016988416988416986;0.01904761904761905;0.030938123752495012
1327.5;0.019404445950270105;0.024824733362129116;0.016838000708968452
1329.0;0.02867383512544803;0.02238354506957048;0.020949280688858554
1330.5;0.03903987050604873;0.029937629937629936;0.040535682185870926
1332.0;0.022098515519568148;0.018683274021352312;0.024203298031819725
1333.5;0.030753138075313803;0.029132231404958676;0.02819414703783012
1335.0;0.01942319011183049;0.016583311397736247;0.028767979987492184
1336.5;0.017910447761194027;0.029118404118404117;0.030688484100030874
1338.0;0.03401334844478025;0.026590848068735375;0.033445440956651716
1339.5;0.03872798597779818;0.02549198831138255;0.026839699159416013
1341.0;0.04265021459227468;0.024294789506599523;0.025
1342.5;0.03695150115473441;0.030181086519114688;0.017391304347826087
1344.0;0.02722345405272235;0.018612132352941176;0.01882395123700251
1345.5;0.023274161735700197;0.035111196074682986;0.02495201535508637
1347.0;0.024766067126127646;0.018076978710534278;0.030993042378241617
1348.5;0.028536485935589072;0.02132549438802779;0.030938123752495012
1350.0;0.039504716981132074;0.040490032888653014;0.03323543808125306
1351.5;0.03133759902498476;0.025522755227552277;0.038100208768267224
1353.0;0.019142251771754222;0.029702970297029705;0.02691045475855602
1354.5;0.03312582437468143;0.038073038073038065;0.02989161766401476
1356.0;0.02908805031446541;0.017482862965478914;0.030894498987065602
1357.5;0.03082919914953933;0.02939958592132505;0.03617216117216117
1359.0;0.03387537120413833;0.0161839863713799;0.016897746967071057
1360.5;0.026354094844097144;0.01842179442537598;0.03196234908942091
1362.0;0.01810699588477366;0.029702970297029705;0.018923288267913084
1363.5;0.018532478954642544;0.02527989385649756;0.015446744068652195
1365.0;0.02835538752362949;0.022727272727272728;0.02625654958276732
1366.5;0.017699115044247787;0.017019391672408703;0.018198343949805084
1368.0;0.024378585086042064;0.03297872340425532;0.0188212927756654
1369.5;0.040080752375793983;0.03061868686868687;0.02268431001890359
1371.0;0.0325497287522604;0.02867383512544803;0.037760416666666664
1372.5;0.03136882129277567;0.019260456584515355;0.02891543420553659
1374.0;0.018010291595197254;0.02003052270125906;0.03266518188567186
1375.5;0.02520098948670377;0.03694070639677334;0.02569922389808171
1377.0;0.017279543020349876;0.019274809160305342;0.035702503048124515
1378.5;0.03728110907645862;0.0177109440267335;0.02587800369685767
1380.0;0.03469827586206897;0.030137981118373278;0.03835236436358944
1381.5;0.01574004887210453;0.04055812138164314;0.03466050479914682
1383.0;0.02619146866750035;0.024203298031819725;0.03145161290322581
1384.5;0.03061615001913509;0.026593137254901957;0.03632425559596676
1386.0;0.03418935643564356;0.01745960594144135;0.047874824848201776
1387.5;0.030958549222797924;0.025240384615384616;0.01923284128865424
1389.0;0.02833675564681725;0.01726263871763255;0.03361344537815126
1390.5;0.029454526159397216;0.015195702225633155;0.016686791911211793
1392.0;0.028433476394849784;0.03175107720562266;0.03326226012793177
1393.5;0.02355671598491442;0.028373410935824777;0.03254307324814818
1395.0;0.02909270216962525;0.02397555968549588;0.04337284482758621
1396.5;0.02724539646749342;0.018876611418047883;0.027886497064579255
1398.0;0.024033467974610503;0.025263261705694783;0.020212060967528162
1399.5;0.028105106325342005;0.025240384615384616;0.035410524889024436
1401.0;0.025522755227552277;0.01825884185952887;0.032673267326732675
1402.5;0.0161839863713799;0.025173611111111115;0.0177109440267335
1404.0;0.017368069472277887;0.03397147147147147;0.033547008547008546
1405.5;0.01834061135371179;0.017906866520528468;0.04017857142857143
1407.0;0.018026004728132386;0.039233401590544816;0.04069886255179151
1408.5;0.037753222836095765;0.019411291754116676;0.017971946230274694
1410.0;0.016745540589734254;0.03299954483386436;0.027021031147395506
1411.5;0.017121863302370723;0.018467806572268233;0.02428760067333958
1413.0;0.024145751991794934;0.022584541062801933;0.025522755227552277
1414.5;0.030137981118373278;0.02753789847694049;0.03082919914953933
1416.0;0.016463371223806925;0.020383204239706482;0.02915766738660907
1417.5;0.02835538752362949;0.018811881188118815;0.017699115044247787
1419.0;0.03474178403755869;0.016962900268020876;0.017824497257769654
1420.5;0.018558172733761598;0.02520098948670377;0.03538251366120218
1422.0;0.016282382024492854;0.022959183673469385;0.02775200192459704
1423.5;0.027092889908256878;0.018559977888336097;0.044635544635544644
1425.0;0.019009639379556686;0.01929824561403509;0.029132231404958676
1426.5;0.016901253498174416;0.020168210490424502;0.03324874527716686
1428.0;0.024664750957854403;0.01678765880217786;0.020999704229517892
1429.5;0.024653689858781795;0.031806452944697895;0.030137981118373278
1431.0;0.018185821224130337;0.02885932410255364;0.021191464137522226
1432.5;0.018876611418047883;0.03646288209606987;0.0266562608394034
1434.0;0.028536485935589072;0.022636005969339304;0.017704681914413635
1435.5;0.041566746602717815;0.02934537246049661;0.02819414703783012
1437.0;0.03572354435630217;0.024240997252462957;0.020801033591731265
1438.5;0.040968342644320296;0.018354393932973775;0.03514986376021799
1440.0;0.02494777243356168;0.04352987732489118;0.04422814207650274
1441.5;0.015446744068652195;0.03986963026287669;0.02830451003199604
1443.0;0.03326935380678182;0.02866752081998719;0.05227134013427502
1444.5;0.025162230168189643;0.030599530180778264;0.027777777777777776
1446.0;0.01726263871763255;0.029873078395973526;0.03581871345029239
1447.5;0.024464831804281346;0.030904923953052287;0.025627615062761504
1449.0;0.019139945314441957;0.02534964341528039;0.024723374827109266
1450.5;0.02527989385649756;0.025400139178844813;0.027032520325203254
1452.0;0.01730418943533698;0.01942319011183049;0.031337742197470694
1453.5;0.02864819370710864;0.02882205513784461;0.026044915782907054
1455.0;0.015382532618076592;0.04462806383424365;0.024094283976543764
1456.5;0.024114774114774116;0.02491909385113269;0.03810417392702999
1458.0;0.02911275415896488;0.02531645569620253;0.019858203745910533
1459.5;0.03110117319084679;0.019626168224299065;0.025478603603603604
1461.0;0.023809523809523808;0.039347749025168376;0.03164660273413589
1462.5;0.0161446953143967;0.025707238109920604;0.022946315226832367
1464.0;0.03905540417801998;0.039225260416666664;0.01750279833393298
1465.5;0.017440225035161745;0.03548854740504494;0.031718358108521444
1467.0;0.025745257452574524;0.029132231404958676;0.03533051507923387
1468.5;0.018735862350279974;0.040973201692524684;0.02109899931372393
1470.0;0.030993042378241617;0.039094011790257524;0.035333536399634484
1471.5;0.040968342644320296;0.02867383512544803;0.02464647367499786
1473.0;0.03251008064516129;0.05292479108635098;0.020127819738803142
1474.5;0.03682698681593872;0.03718199608610568;0.03785646063583026
1476.0;0.03460837887067396;0.039888682745825604;0.036565096952908584
1477.5;0.03798392987582177;0.02352661596958175;0.024833085216763657
1479.0;0.03858564130142512;0.018532729644693425;0.01879106408805847
1480.5;0.024574669187145556;0.035362194599228465;0.027992277992277995
1482.0;0.03297872340425532;0.02627840909090909;0.04277720512442939
1483.5;0.023274161735700197;0.03832439559523251;0.026432575521644346
1485.0;0.030318091451292245;0.02627070630040252;0.027667878645997172
1486.5;0.02352661596958175;0.04142692750287687;0.027634194831013915
1488.0;0.0407174962775358;0.03318419090231171;0.038325037870590786
1489.5;0.03674948240165632;0.032348879209603734;0.03350515463917526
1491.0;0.04218838127467569;0.030334190231362468;0.034257832562917305
1492.5;0.030318091451292245;0.031435154707044104;0.025031220157202674
1494.0;0.03676148796498906;0.03256552561406552;0.057813911472448055
1495.5;0.024464831804281346;0.017878381837069603;0.025948332493087065
1497.0;0.03331518780620577;0.03038573508005822;0.03750095251794373
1498.5;0.026475958612294584;0.019180588061227237;0.028373533783359554
1500.0;0.041591320072332724;0.05673642903858731;0.02795584045584046
1501.5;0.03979511426319937;0.02980239714933592;0.045296167247386755
1503.0;0.044468546637744036;0.017131426524153583;0.03594686116176087
1504.5;0.024178800028135335;0.027531318695870968;0.01837336704593342
1506.0;0.025573192239858905;0.024340436326737696;0.026672809258561234
1507.5;0.029017857142857144;0.029660159805805605;0.03347034644744569
1509.0;0.018010291595197254;0.03776558842639618;0.029339853300733493
1510.5;0.017015706806282723;0.031175059952038366;0.04747774480712166
1512.0;0.026008544499885856;0.03494983277591973;0.04586894586894587
1513.5;0.017168051294733068;0.05121664050235479;0.032859576478780426
1515.0;0.03718199608610568;0.032703723691311394;0.0399002493765586
1516.5;0.036415289256198344;0.043374603876483155;0.019341334077588614
1518.0;0.03423209093312186;0.0400262467191601;0.02924672156145166
1519.5;0.025573192239858905;0.0400262467191601;0.04354095534855969
1521.0;0.04353088079915474;0.03215077605321508;0.03825903825903826
1522.5;0.024816176470588234;0.03515625;0.03879830917874396
1524.0;0.017754480892796753;0.021462105969148222;0.02991589393949365
1525.5;0.0189328743545611;0.01754685808693671;0.043366414207364846
1527.0;0.035869565217391305;0.03901110412738319;0.04315960912052117
1528.5;0.02404400209533787;0.028169014084507043;0.028049658409462306
1530.0;0.03800513149454778;0.03259637188208617;0.03896103896103897
1531.5;0.018610244807272875;0.03418935643564356;0.03010752688172043
1533.0;0.01756386861313869;0.020151176048308773;0.02396214896214896
1534.5;0.017814806907942786;0.029855015928743258;0.03216025860340007
1536.0;0.0175513698630137;0.02939958592132505;0.03439838802533104
1537.5;0.026060070671378093;0.024276859504132234;0.029857323748467054
1539.0;0.03609431217943811;0.04495073891625616;0.030093267269017784
1540.5;0.02891522988505747;0.02019230769230769;0.039902663999694235
1542.0;0.024378585086042064;0.017824497257769654;0.02425063899000852
1543.5;0.019848771266540645;0.03127972569406039;0.03613769123247477
1545.0;0.01959208076991677;0.0188212927756654;0.025909421028160906
1546.5;0.017813040435042872;0.025101419878296144;0.0220508658008658
1548.0;0.018848906360245943;0.032392026578073094;0.03023862691468944
1549.5;0.03051812013382946;0.026592455163883737;0.02400793650793651
1551.0;0.023188223452440863;0.018784610708007875;0.03869818652849741
1552.5;0.025665553682688625;0.03297872340425532;0.01889705209784115
1554.0;0.0170487948265726;0.036790780141843976;0.04498480243161095
1555.5;0.015225395561747438;0.036955772289009245;0.033860353349171236
1557.0;0.0266837899543379;0.019114380899500277;0.04543906145451063
1558.5;0.01724465377749079;0.01834061135371179;0.027557808045612926
1560.0;0.029692946854531537;0.020897640588965764;0.03534031413612565
1561.5;0.033445440956651716;0.020429159318048208;0.038940552488275326
1563.0;0.033861185983827494;0.029510185301376172;0.02103686068467285
1564.5;0.016538854093680656;0.036381809095452265;0.03510298810559907
1566.0;0.020745684027274044;0.026677085090702445;0.05586766541822721
1567.5;0.026481944761387082;0.029262683625099734;0.031083391679867053
1569.0;0.023613963039014373;0.023556231003039513;0.03182417982436183
1570.5;0.027777777777777776;0.02540904716073147;0.04315960912052117
1572.0;0.01735680469427219;0.019728308307644712;0.030805024368251843
1573.5;0.023126013039591223;0.02795584045584046;0.025128596261441337
1575.0;0.024874967096604368;0.026530076175466245;0.030178326474622767
1576.5;0.016838000708968452;0.03538819843772543;0.031313131313131314
1578.0;0.028489903424056193;0.03239103001793641;0.024888143176733782
1579.5;0.01672535211267606;0.02647243107769423;0.025800466412240604
1581.0;0.015597920277296359;0.03020833333333333;0.03125
1582.5;0.02495201535508637;0.01886443118699856;0.02521498155095488
1584.0;0.01859550135032835;0.024909505140570613;0.027504538926374545
1585.5;0.018242207460398566;0.03670900095990548;0.03753351206434316
1587.0;0.019263204616067467;0.03651166944510598;0.025266182186919044
1588.5;0.017699115044247787;0.03370786516853933;0.03778375149342891
1590.0;0.03072625698324023;0.026884263639230528;0.027922814982973894
1591.5;0.024114774114774116;0.02735148514851485;0.033474342468272945
1593.0;0.01865038996269922;0.027724085654728073;0.027246992215145083
1594.5;0.017754480892796753;0.02268431001890359;0.03624935864545921
1596.0;0.016745540589734254;0.02520098948670377;0.040097949188858284
1597.5;0.01814552172099398;0.02903803691205266;0.03647635809915558
1599.0;0.018683274021352312;0.02799872733057588;0.02844359220198146
1600.5;0.03966822935448972;0.06683435141933167;0.0246701134346786
1602.0;0.025240384615384616;0.030774885554850136;0.025088570096451806
1603.5;0.027262006700016522;0.028865979381443297;0.029119329773054918
1605.0;0.014956349311882165;0.016379057874698687;0.03196234908942091
1606.5;0.029017857142857144;0.03337971552257266;0.028644763860369613
1608.0;0.020833333333333332;0.022234273318872018;0.031015700393437755
1609.5;0.017796927688272762;0.024254473161033796;0.043283582089552235
1611.0;0.020639200083760863;0.029401154401154404;0.08164739884393064
1612.5;0.017320016028725495;0.03593206558561814;0.04164222873900293
1614.0;0.030009920634920632;0.02964569775849602;0.03896103896103897
1615.5;0.016082834605318546;0.0348669012716164;0.0393328354493403
1617.0;0.01874107841782935;0.04325798908807482;0.056006493506493504
1618.5;0.037483266398929044;0.023805485269115027;0.026462785308900404
1620.0;0.029132231404958676;0.0279090113735783;0.04242336853994689
1621.5;0.030039399424981364;0.033547008547008546;0.02469207175973721
1623.0;0.01890316701629317;0.036282622533418206;0.04501031944442527
1624.5;0.031190019193857967;0.04087605974969721;0.02897219697207159
1626.0;0.027844062403962613;0.04108352144469526;0.0355064708199635
1627.5;0.019659185369908565;0.03412017167381975;0.033728384019081695
1629.0;0.015096975458092843;0.04873179896665101;0.04008228034087571
1630.5;0.027531083481349913;0.029937629937629936;0.03279483647271667
1632.0;0.02460456942003515;0.026457750968564567;0.0884926854754441
1633.5;0.01597712748065927;0.04067796610169492;0.05603448275862069
1635.0;0.015769487034319674;0.03476946334089191;0.05028264566150298
1636.5;0.03173139329252938;0.0607255520504732;0.05347682119205297
1638.0;0.033494196742055664;0.033378470455309936;0.040896306713048614
1639.5;0.018010291595197254;0.02508408071748879;0.04361253054876693
1641.0;0.018559977888336097;0.024166411746711535;0.030808550185873602
1642.5;0.015129292224331832;0.027482269503546097;0.02457757296466974
1644.0;0.0161839863713799;0.03779069767441861;0.04167658494009363
1645.5;0.018010291595197254;0.029610030902179556;0.04138583422017263
1647.0;0.03564899451553931;0.029132231404958676;0.024965111936631486
1648.5;0.015731292517006803;0.029671225432478937;0.03810603864322379
1650.0;0.0161839863713799;0.046189376443418015;0.03547441690072048
1651.5;0.03966822935448972;0.032924107142857144;0.03311170212765957
1653.0;0.016745540589734254;0.03185654008438818;0.03569632981397687
1654.5;0.015809071886378992;0.03637066887345735;0.028457555779044217
1656.0;0.015769487034319674;0.029074889867841413;0.06342840166369579
1657.5;0.018086080586080584;0.033181965617904645;0.03512597913187656
1659.0;0.037483266398929044;0.02400793650793651;0.06087853773584905
1660.5;0.015033359741139864;0.037191518943343764;0.04769227299462335
1662.0;0.015033359741139864;0.017769173835881356;0.037505177156053345
1663.5;0.027531083481349913;0.024637681159420288;0.032020997375328084
1665.0;0.015095605501509561;0.026352260351491595;0.0590584620945152
1666.5;0.017547197908565945;0.018612132352941176;0.06635850025680534
1668.0;0.017547197908565945;0.03238269533831528;0.03821574642126789
1669.5;0.03466050479914682;0.03412017167381975;0.05586766541822721
1671.0;0.03902213310711807;0.018230783854001648;0.04891553274286235
1672.5;0.02802491103202847;0.04446583253128008;0.05769230769230768
1674.0;0.01597712748065927;0.01810699588477366;0.042697281868609556
1675.5;0.01865038996269922;0.039504716981132074;0.03985803985803986
1677.0;0.018010291595197254;0.04667422524565381;0.03674002165085841
1678.5;0.029017857142857144;0.02934537246049661;0.036075322101090185
1680.0;0.029017857142857144;0.028186274509803922;0.058109833971902926
1681.5;0.01597712748065927;0.018022181146025877;0.034884286269933874
1683.0;0.017623877982923447;0.03330561997695415;0.044773201251303435
1684.5;0.015809071886378992;0.03302575965533327;0.04298154281547758
1686.0;0.014910112661872163;0.03241525423728814;0.04892781636967684
1687.5;0.015743018124095107;0.02741486264084061;0.0519692636024047
1689.0;0.017443347491498312;0.031746031746031744;0.035731244064577394
1690.5;0.023613963039014373;0.032886334610472544;0.028689142136724674
1692.0;0.023613963039014373;0.03512773722627738;0.031576676733149706
1693.5;0.018848906360245943;0.030397289805974746;0.07264216366158113
1695.0;0.018010291595197254;0.022485708792705915;0.028855632015536956
1696.5;0.015871286409530037;0.030009920634920632;0.03331970564186427
1698.0;0.0175513698630137;0.04333774452876729;0.041922659920491503
1699.5;0.01865038996269922;0.04038461538461538;0.031954421600198166
1701.0;0.03130908265900325;0.025863077823288467;0.05399408284023669
1702.5;0.01842179442537598;0.019789257260344383;0.046802410057877296
1704.0;0.017498443680569787;0.023855252810040712;0.0473901098901099
1705.5;0.033494196742055664;0.02003052270125906;0.042179746370152545
1707.0;0.03527987093940073;0.03225834193326453;0.05586766541822721
1708.5;0.016863406408094434;0.03230720332670069;0.048883475436459586
1710.0;0.016745540589734254;0.03949086161879895;0.033556149732620326
1711.5;0.027531083481349913;0.03386312129754195;0.03225680264125554
1713.0;0.027531083481349913;0.018531096426985482;0.03660870288709543
1714.5;0.03764790247400502;0.03572354435630217;0.03367941250949608
1716.0;0.029017857142857144;0.018620022569724327;0.037131107885824875
1717.5;0.0175513698630137;0.03446814641546532;0.03286324323570941
1719.0;0.01865038996269922;0.04888927759314326;0.05569800569800568
1720.5;0.018010291595197254;0.029033832140533507;0.03729842598260782
1722.0;0.015095605501509561;0.050181760708076506;0.043933688812514214
1723.5;0.03183910937543675;0.018371212121212118;0.06784655575467136
1725.0;0.017094017094017096;0.038490017188946186;0.06083241135863884
1726.5;0.02460456942003515;0.018195147960543855;0.031051021924037216
1728.0;0.015001087035292413;0.025708972570897257;0.0413887550404504
1729.5;0.017498443680569787;0.033547008547008546;0.038900823487289654
1731.0;0.029647930821494754;0.031003039513677815;0.05179292803351453
1732.5;0.01594765689784196;0.03313508920985557;0.04629308305071377
1734.0;0.0189328743545611;0.03085485307212823;0.07317073170731708
1735.5;0.0189328743545611;0.03269746820674368;0.03422780062035634
1737.0;0.03764790247400502;0.031345206866399744;0.08176795580110499
1738.5;0.015769487034319674;0.028814929101462057;0.05420150205469748
1740.0;0.01834862385321101;0.015861825872400422;0.03461336369209212
1741.5;0.016043635035830027;0.02046783625730994;0.06402439024390244
1743.0;0.015095605501509561;0.02400793650793651;0.033711076096189924
1744.5;0.03609431217943811;0.01890359168241966;0.04219815610002526
1746.0;0.038655160014383315;0.02300150829562594;0.05697601010101009
1747.5;0.024114774114774116;0.03679229665599823;0.05807322929171669
1749.0;0.023765996343692867;0.028073770491803277;0.05672860360360359
1750.5;0.018848906360245943;0.01925569586423465;0.030342403939249297
1752.0;0.031746031746031744;0.02692817234030298;0.04236172930293765
1753.5;0.027018175863762896;0.02441444205789097;0.02487946577789961
1755.0;0.016052757544824884;0.023163377192982455;0.02482362306039888
1756.5;0.02703900709219858;0.017367059597690065;0.029628537735849055
1758.0;0.015871286409530037;0.015301684761832067;0.0376095423563778
1759.5;0.035650623885918005;0.02352661596958175;0.03422577448355987
1761.0;0.01845342706502636;0.0196525928743502;0.030958549222797924
1762.5;0.036029389160441454;0.016638225255972697;0.020791962546345757
1764.0;0.038655160014383315;0.01733025239957341;0.04136768592242261
1765.5;0.017094017094017096;0.022959183673469385;0.033873665878418974
1767.0;0.03250478011472275;0.026839699159416013;0.044402985074626866
1768.5;0.024664750957854403;0.02878937007874016;0.03638386217891517
1770.0;0.01929824561403509;0.01813557316928901;0.04250999924533997
1771.5;0.031746031746031744;0.028186274509803922;0.025637403452414918
1773.0;0.017094017094017096;0.022727272727272728;0.040991654393716256
1774.5;0.035127911416571206;0.02675933970460469;0.028982155139842872
1776.0;0.03212468193384224;0.015978662116831757;0.09913615795968735
1777.5;0.03846568257730848;0.017824497257769654;0.02873189233072025
1779.0;0.01771809624494277;0.04120621839295749;0.041533546325878586
1780.5;0.03564899451553931;0.025522755227552277;0.03487943452236118
1782.0;0.03564899451553931;0.022742701968771217;0.04054351817847963
1783.5;0.018010291595197254;0.018937169700528483;0.0338813486392585
1785.0;0.03854883584712257;0.024114774114774116;0.04588086185044359
1786.5;0.017847922818538867;0.017368069472277887;0.04695767195767196
1788.0;0.028865979381443297;0.01733025239957341;0.050814075630252094
1789.5;0.015168071117696084;0.050806451612903224;0.05345993910836229
1791.0;0.032444193029023974;0.03591105863833136;0.028457224028869393
1792.5;0.04318031999755912;0.030627490039840638;0.04738562091503268
1794.0;0.016293098349991132;0.02000645369474024;0.04005763688760807
1795.5;0.03357531760435572;0.025247524752475246;0.054530652390501706
1797.0;0.026548672566371685;0.016245285753166104;0.03521089887527313
1798.5;0.030318091451292245;0.025;0.02615647825228664
1800.0;0.023274161735700197;0.03931837073981713;0.03869818652849741
1801.5;0.040266060999351067;0.01865038996269922;0.03700906344410876
1803.0;0.029937629937629936;0.0175513698630137;0.05251270468661774
1804.5;0.030894498987065602;0.0230722525804493;0.026954137399992483
1806.0;0.032886334610472544;0.01749271137026239;0.051296505073280714
1807.5;0.026475958612294584;0.01594765689784196;0.05807846771702193
1809.0;0.016338774397132726;0.016403046280023436;0.0325845038565304
1810.5;0.023924449206751464;0.018143754361479414;0.03785103785103785
1812.0;0.03542749173358526;0.017959282598158023;0.05925578486554096
1813.5;0.029504080351537978;0.015116012441562156;0.03559465247012864
1815.0;0.022789301310043666;0.017754480892796753;0.03120060691104986
1816.5;0.017416872054308818;0.015871286409530037;0.041982830924071235
1818.0;0.024464831804281346;0.01862097440132122;0.03696702480739139
1819.5;0.045687645687645696;0.01862097440132122;0.061749571183533455
1821.0;0.018918918918918916;0.03688419449232373;0.03996865203761755
1822.5;0.029937629937629936;0.040590902601684596;0.06001094590896652
1824.0;0.01904720190384419;0.02268431001890359;0.04489204770288432
1825.5;0.029132231404958676;0.016043635035830027;0.041944990176817284
1827.0;0.02392640779737554;0.016700702455922763;0.03379384636878116
1828.5;0.025138636891804594;0.030970111690877346;0.04142340839588546
1830.0;0.029702970297029705;0.0189328743545611;0.038348579682234
1831.5;0.041649456147597415;0.0161839863713799;0.031043085241662736
1833.0;0.01688519787973838;0.017373380447585393;0.027592262788166615
1834.5;0.016804935814188068;0.018010291595197254;0.02984237446047953
1836.0;0.03530661003451022;0.026592455163883737;0.0453811369509044
1837.5;0.03669724770642202;0.0189328743545611;0.038515295655898465
1839.0;0.02911275415896488;0.024816176470588234;0.03396624472573839
1840.5;0.02675933970460469;0.01597712748065927;0.036578707916287534
1842.0;0.017206835592221567;0.026060070671378093;0.033861185983827494
1843.5;0.026060070671378093;0.015095605501509561;0.047951110660310374
1845.0;0.02703900709219858;0.02833675564681725;0.04589301373867291
1846.5;0.03250478011472275;0.02404400209533787;0.03416594889463106
1848.0;0.017287443030017287;0.026060070671378093;0.05913810031125318
1849.5;0.015414729630535846;0.03966822935448972;0.034688346883468835
1851.0;0.018876611418047883;0.01850632726208763;0.020245583900095173
1852.5;0.03896219553827201;0.014945495799148322;0.032311893203883495
1854.0;0.024114774114774116;0.03637335441877961;0.06863818912011682
1855.5;0.03136882129277567;0.02623456790123457;0.030565221480297184
1857.0;0.031190019193857967;0.040968342644320296;0.03484872504771273
1858.5;0.03471542352844918;0.018683274021352312;0.04481456043956043
1860.0;0.015517241379310345;0.019013666072489603;0.04005763688760807
1861.5;0.018010291595197254;0.018848906360245943;0.04667411961989939
1863.0;0.017089125102207687;0.018010291595197254;0.049230340600403974
1864.5;0.02674116183681651;0.03969754253308129;0.0419213603225012
1866.0;0.015209929247361129;0.025522755227552277;0.027557808045612926
1867.5;0.015731292517006803;0.03564899451553931;0.02767652220872148
1869.0;0.016638225255972697;0.029516994633273706;0.026859962301807296
1870.5;0.017522464698331193;0.030009920634920632;0.06241342737752328
1872.0;0.03881926802173893;0.01675203627508607;0.03478138590282008
1873.5;0.025956284153005466;0.0353720102692798;0.03778375149342891
1875.0;0.037753222836095765;0.02623456790123457;0.03614267676767677
1876.5;0.025439127801332527;0.027531083481349913;0.05128205128205128
1878.0;0.018683274021352312;0.018026004728132386;0.034642032332563515
1879.5;0.03331214913674399;0.04083518107908352;0.034806139396369055
1881.0;0.027531083481349913;0.017195007430504273;0.03324808184143222
1882.5;0.033676001417936904;0.03004578405188859;0.03580667920978363
1884.0;0.017094017094017096;0.026548672566371685;0.04952229299363058
1885.5;0.016348533050547898;0.025439127801332527;0.02567720090293454
1887.0;0.027699718988358095;0.018610244807272875;0.03684205832615246
1888.5;0.03212468193384224;0.01862097440132122;0.04847301136363637
1890.0;0.038655160014383315;0.018937370139507272;0.04137426900584795
1891.5;0.017771545130035694;0.03125;0.038869255659233416
1893.0;0.0161839863713799;0.019041938815588494;0.031292517006802724
1894.5;0.025522755227552277;0.015414729630535846;0.04704968944099378
1896.0;0.025439127801332527;0.015225395561747438;0.03456284153005464
1897.5;0.02520098948670377;0.026127227846094617;0.03835965415061216
1899.0;0.01741884402216944;0.028580208973570994;0.03626988781423209
1900.5;0.023762376237623763;0.0170487948265726;0.029573367808661925
1902.0;0.019659185369908565;0.018197573656845753;0.032007736578922544
1903.5;0.0350922131147541;0.0175513698630137;0.030312269031781226
1905.0;0.023153753026634385;0.037483266398929044;0.026807176309687264
1906.5;0.015169024857862827;0.03284844903645901;0.03515625
1908.0;0.03156312625250501;0.02516881522406384;0.026336477987421385
1909.5;0.025522755227552277;0.03466050479914682;0.04718761231580208
1911.0;0.018354055654233276;0.032886334610472544;0.025445150568712206
1912.5;0.016863406408094434;0.018876611418047883;0.03722993827160494
1914.0;0.024464831804281346;0.019041938815588494;0.02837346267105491
1915.5;0.027482269503546097;0.015280135823429542;0.030077401985529197
1917.0;0.017934291168491913;0.016676298192025096;0.036325966850828735
1918.5;0.0161839863713799;0.025088028169014082;0.0347466572836031
1920.0;0.024816176470588234;0.02587800369685767;0.04233870967741935
1921.5;0.02878937007874016;0.0189328743545611;0.020479365776426946
1923.0;0.01537736404878336;0.02729044834307992;0.042766167053690816
1924.5;0.016429426632965278;0.031449994508731115;0.036790780141843976
1926.0;0.018197573656845753;0.031746031746031744;0.031169464372779836
1927.5;0.02676362545917985;0.02475049900199601;0.03321909923312612
1929.0;0.03404835945928794;0.015283064065369568;0.02730525736306083
1930.5;0.01845342706502636;0.0175513698630137;0.024784482758620687
1932.0;0.01882395123700251;0.015414729630535846;0.020734115460564525
1933.5;0.018012117242508598;0.02878937007874016;0.024166411746711535
1935.0;0.018595825426944972;0.01718287488267995;0.026970443349753695
1936.5;0.015399445716351367;0.023711281891626086;0.04218289085545723
1938.0;0.030993042378241617;0.02669539153240914;0.024516077587066164
1939.5;0.018848906360245943;0.03397147147147147;0.03325639546066552
1941.0;0.015731292517006803;0.029421221864951767;0.02508408071748879
1942.5;0.02964569775849602;0.04195042222827568;0.03234880450070324
1944.0;0.03368549852528924;0.018185821224130337;0.03534031413612565
1945.5;0.026293028887735687;0.028995539147823407;0.03254696373962429
1947.0;0.016638225255972697;0.03696682464454976;0.03883255008656938
1948.5;0.01929282065071256;0.027032520325203254;0.03538251366120218
1950.0;0.04888927759314326;0.035869565217391305;0.01904761904761905
1951.5;0.019138359569179784;0.02772277227722772;0.019701762313601445
1953.0;0.03487592219986586;0.019192913385826772;0.025544703230653647
1954.5;0.03186613566067215;0.026562190988631787;0.044995882315677055
1956.0;0.02106466361854997;0.03153858193770543;0.030271639042357277
1957.5;0.04093567251461988;0.01738180959688367;0.024518584863412452
1959.0;0.016638225255972697;0.03555126968820316;0.018816236238296122
1960.5;0.023137535816618916;0.018953440461475072;0.027713625866050806
1962.0;0.022128060263653486;0.029628537735849055;0.032007736578922544
1963.5;0.034723745193502645;0.025574598113458222;0.02040213372654039
1965.0;0.040449438202247195;0.018876611418047883;0.025952008346374546
1966.5;0.03976157082748948;0.02598190004903928;0.06406874500399679
1968.0;0.04873179896665101;0.023809523809523808;0.026077097505668934
1969.5;0.033127339339289213;0.03303516347933374;0.019230769230769232
1971.0;0.01756804852298591;0.03130252100840336;0.018595825426944972
1972.5;0.017206835592221567;0.02892441009426781;0.03215077605321508
1974.0;0.022727272727272728;0.021966527196652718;0.02687813021702838
1975.5;0.018683274021352312;0.03676148796498906;0.03604017047339249
1977.0;0.018595825426944972;0.02542372881355932;0.023834019204389576
1978.5;0.029702970297029705;0.0245939392030737;0.019801980198019802
1980.0;0.030009920634920632;0.01949374454466104;0.018487434139972954
1981.5;0.017439620117133743;0.018543046357615892;0.02934537246049661
1983.0;0.030318091451292245;0.0230722525804493;0.01859385084886442
1984.5;0.01688081285952368;0.01916033943724877;0.028314546430488457
1986.0;0.03357531760435572;0.033445440956651716;0.025101419878296144
1987.5;0.03498920086393088;0.01923709552006699;0.024093511450381678
1989.0;0.028862385134674196;0.03442637285764253;0.020833333333333332
1990.5;0.03299954483386436;0.024000364112715906;0.02866752081998719
1992.0;0.04000549693851063;0.02484741600135922;0.03300733496332518
1993.5;0.04021432600112803;0.017094017094017096;0.028256693334630253
1995.0;0.04828884325804243;0.025573192239858905;0.03905540417801998
1996.5;0.027482269503546097;0.034799638445314855;0.025047492648398263
1998.0;0.04128440366972477;0.03081155127612934;0.033445440956651716
1999.5;0.032886334610472544;0.018921335868994586;0.03555126968820316
2001.0;0.03318419090231171;0.02724539646749342;0.03186778921110072
2002.5;0.0377710539586485;0.030318091451292245;0.038020240415227585
2004.0;0.03471585768074487;0.03276735180220435;0.02475049900199601
2005.5;0.018026004728132386;0.018063880198607787;0.02720776331887443
2007.0;0.030245746691871456;0.031190019193857967;0.017751072080713984
2008.5;0.027587890625;0.029504080351537978;0.01918932786044125
2010.0;0.03988673139158575;0.017754480892796753;0.03300733496332518
2011.5;0.025621118012422364;0.01850632726208763;0.034238953657576225
2013.0;0.030245746691871456;0.03722426470588235;0.025232914255972207
2014.5;0.024054982817869414;0.017754480892796753;0.03040145249142626
2016.0;0.028105106325342005;0.017368069472277887;0.017851837499192662
2017.5;0.016348533050547898;0.02964569775849602;0.015154962909024714
2019.0;0.028433476394849784;0.029604146920817684;0.03048016701461378
2020.5;0.03156312625250501;0.019013032926225155;0.0177109440267335
2022.0;0.029702970297029705;0.026060070671378093;0.01606832657788072
2023.5;0.04151478331308222;0.033676975945017174;0.019192913385826772
2025.0;0.03515625;0.018092390549158843;0.03515625
2026.5;0.02780163625794921;0.017094017094017096;0.017413349477826547
2028.0;0.022128060263653486;0.017094017094017096;0.01834061135371179
2029.5;0.03312144529943125;0.02494777243356168;0.03154240370309142
2031.0;0.028660992815736416;0.03258313259881127;0.02000645369474024
2032.5;0.030319698679792558;0.03858520900321543;0.026525107207082586
2034.0;0.03004578405188859;0.030993042378241617;0.03466050479914682
2035.5;0.027491408934707903;0.026548672566371685;0.026060070671378093
2037.0;0.02833675564681725;0.016335052812576762;0.017094017094017096
2038.5;0.019626168224299065;0.03497503514469921;0.030245746691871456
2040.0;0.032886334610472544;0.024723374827109266;0.026060070671378093
2041.5;0.017094017094017096;0.016081348496769426;0.031723651744800845
2043.0;0.04050845270357466;0.035650623885918005;0.018010291595197254
2044.5;0.025240384615384616;0.018371212121212118;0.024816176470588234
2046.0;0.02692817234030298;0.01834862385321101;0.01608187134502924
2047.5;0.016775599128540302;0.03639029592108771;0.018354055654233276
2049.0;0.027491408934707903;0.0257196566567555;0.01784040701566475
2050.5;0.028607668100956912;0.02724539646749342;0.01874107841782935
2052.0;0.024223326165937573;0.036415289256198344;0.017015706806282723
2053.5;0.03428910787081525;0.02396214896214896;0.029504080351537978
2055.0;0.02658875091307523;0.031522620573351284;0.03858564130142512
2056.5;0.023980678533394188;0.03156312625250501;0.016863406408094434
2058.0;0.027482269503546097;0.016371008616320324;0.03460837887067396
2059.5;0.019366335222210342;0.0350602688919796;0.018487434139972954
2061.0;0.02400793650793651;0.015597920277296359;0.029937629937629936
2062.5;0.01870310157076767;0.017825311942959002;0.03326226012793177
2064.0;0.03038573508005822;0.017460979111666896;0.017364557134117328
2065.5;0.039531142266145715;0.03559602649006623;0.024816176470588234
2067.0;0.03907355021216407;0.036282622533418206;0.01654091700522345
2068.5;0.028373410935824777;0.03879373444590836;0.026774847870182555
2070.0;0.04247181964573269;0.029891304347826088;0.01543855255744068
2071.5;0.047874130345169894;0.019647968327849562;0.02964569775849602
2073.0;0.03994042231316106;0.03287716955941255;0.03082919914953933
2074.5;0.023765996343692867;0.024483145279977574;0.024501992031872512
2076.0;0.04450848543067563;0.03417237533853752;0.027811860940695293
2077.5;0.0350109409190372;0.034135089201020895;0.03739302172481896
2079.0;0.019659185369908565;0.032673267326732675;0.015029977356770896
2080.5;0.03153838454609148;0.023244781783681213;0.017522464698331193
2082.0;0.027551020408163263;0.02896257986005476;0.025783570800590728
2083.5;0.026322874598736667;0.03115597398815879;0.03833998471429273
2085.0;0.03474178403755869;0.018158926812160903;0.01792418702827621
2086.5;0.05502476999292288;0.01834862385321101;0.024486948270629024
2088.0;0.029573367808661925;0.023274161735700197;0.01757469244288225
2089.5;0.04959848842701937;0.018086080586080584;0.03542094455852156
2091.0;0.026475958612294584;0.04013452914798206;0.0177109440267335
2092.5;0.03528138528138528;0.019071369196057474;0.031323449647441694
2094.0;0.03263403263403263;0.025522755227552277;0.03323543808125306
2095.5;0.030894498987065602;0.024043356873049763;0.03752800597460791
2097.0;0.039473684210526314;0.02858653644274061;0.028186274509803922
2098.5;0.024752475247524754;0.02909270216962525;0.02829184650860285
2100.0;0.018564465239858167;0.024093511450381678;0.041029272898961286
2101.5;0.025754527162977867;0.017824497257769654;0.028186274509803922
2103.0;0.02860082304526749;0.028892455858747997;0.03608247422680412
2104.5;0.03326226012793177;0.029937629937629936;0.03422426393819169
2106.0;0.04076576576576577;0.017959282598158023;0.04877628403998622
2107.5;0.02623456790123457;0.022789783889980354;0.03136882129277567
2109.0;0.025573192239858905;0.01913318835603373;0.018487434139972954
2110.5;0.026077596751308774;0.02795584045584046;0.02355671598491442
2112.0;0.017121863302370723;0.026651735722284436;0.03431880808929989
2113.5;0.024924471299093656;0.038325037870590786;0.024693080357142856
2115.0;0.01726263871763255;0.019996455277416742;0.03370786516853933
2116.5;0.03185654008438818;0.0399002493765586;0.031181619256017503
2118.0;0.015399445716351367;0.034459459459459454;0.03445525191703979
2119.5;0.03585049580472921;0.027042970331386265;0.0446204122674711
2121.0;0.028486027081532698;0.030385001210695636;0.03347578347578348
2122.5;0.0321883351674265;0.029746281714785654;0.029175929326709323
2124.0;0.02413793103448276;0.02400793650793651;0.02591913267886914
2125.5;0.017579028527370855;0.01834862385321101;0.0403179190751445
2127.0;0.03834304043217692;0.03777528350814723;0.04423578324290043
2128.5;0.04108352144469526;0.041112828438949;0.03266518188567186
2130.0;0.03530751708428246;0.022804069536525008;0.03292053663570691
2131.5;0.018197573656845753;0.039821029082774045;0.023809523809523808
2133.0;0.039805395842547546;0.03896103896103897;0.033366867873910126
2134.5;0.016404391880884894;0.02452157898951077;0.05223585278986942
2136.0;0.03614267676767677;0.03664340101522842;0.02919675885150607
2137.5;0.030032467532467532;0.040086887835703;0.03930883340300739
2139.0;0.026508367023182027;0.02891737891737892;0.023538344722854977
2140.5;0.017391304347826087;0.026794136160042326;0.0352760736196319
2142.0;0.0319262493934983;0.018538209281526382;0.026191085510050057
2143.5;0.01723643498603879;0.033713054187192115;0.023921460176991153
2145.0;0.029132231404958676;0.01692989450679947;0.03758226532732941
2146.5;0.0433355219960604;0.015299893487185884;0.0360313315926893
2148.0;0.01822145094387539;0.02779114533205005;0.04481456043956043
2149.5;0.024254473161033796;0.02759878882157477;0.034257832562917305
2151.0;0.017570604905697253;0.025252246158813982;0.05303030303030304
2152.5;0.02516881522406384;0.042045454545454546;0.054083570750237404
2154.0;0.018419923289434863;0.04083994708994709;0.04029605263157895
2155.5;0.01778659827357911;0.03300733496332518;0.02577173605210988
2157.0;0.0161839863713799;0.019848771266540645;0.02975702975702976
2158.5;0.018010291595197254;0.02819414703783012;0.02990575157080715
2160.0;0.017368069472277887;0.03450226244343891;0.038214434710054236
2161.5;0.02494777243356168;0.04045828857858933;0.032066443833857365
2163.0;0.01718287488267995;0.03689963299824477;0.02915766738660907
2164.5;0.03329626063595693;0.043007951567596764;0.036565096952908584
2166.0;0.0325497287522604;0.027163595756560587;0.032542579075425786
2167.5;0.029516994633273706;0.04333455747337495;0.03030168062236475
2169.0;0.036646406864497674;0.03191137566137566;0.028926736955934035
2170.5;0.037422037422037424;0.032392026578073094;0.028435197225834413
2172.0;0.017887070857162603;0.023379398485733026;0.0390376660134988
2173.5;0.03840715292424522;0.029573367808661925;0.021330517423442448
2175.0;0.024093511450381678;0.04446583253128008;0.04668429169420577
2176.5;0.024093511450381678;0.030967702951750803;0.034110097939885176
2178.0;0.017934291168491913;0.035152581783365715;0.03316570881226053
2179.5;0.03564899451553931;0.03229916055622118;0.04909748686785457
2181.0;0.03423209093312186;0.02598281611933433;0.024827071052322482
2182.5;0.03764822597528395;0.02915766738660907;0.03522630230572161
2184.0;0.03764822597528395;0.02514722438728674;0.041843604302796364
2185.5;0.027531083481349913;0.02691045475855602;0.02041832669322709
2187.0;0.017623877982923447;0.03038573508005822;0.01764234161988773
2188.5;0.03072625698324023;0.032236842105263154;0.033691916261215024
2190.0;0.018010291595197254;0.034616006942912204;0.02275467148884871
2191.5;0.025522755227552277;0.020240539747726608;0.028554778554778552
2193.0;0.01757469244288225;0.027505760368663593;0.03880292651708672
2194.5;0.03764790247400502;0.03125;0.04038189210177698
2196.0;0.03966822935448972;0.027505760368663593;0.01885141843394476
2197.5;0.03664340101522842;0.0317792388922096;0.023462922373746066
2199.0;0.033089932435267956;0.025918875299070464;0.04530932326459484
2200.5;0.026861674384980945;0.0192392135359898;0.03345959595959595
2202.0;0.029397233201581028;0.03557483731019522;0.04062788550323176
2203.5;0.017596390484003282;0.02939958592132505;0.03846260630368577
2205.0;0.018086080586080584;0.02866752081998719;0.02824346775411569
2206.5;0.027168254985184596;0.020052693208430915;0.029411764705882353
2208.0;0.018624934405591875;0.035718796375232856;0.047058823529411764
2209.5;0.015731292517006803;0.027559055118110236;0.029118404118404117
2211.0;0.018848906360245943;0.033861185983827494;0.02352661596958175
2212.5;0.017699115044247787;0.039069741086570256;0.02499924106736286
2214.0;0.019013666072489603;0.05375722543352601;0.05065359477124184
2215.5;0.03564899451553931;0.023613963039014373;0.027575705479283834
2217.0;0.019395134779750165;0.027909904868494685;0.02767652220872148
2218.5;0.03913843540624705;0.038100208768267224;0.03779619130687599
2220.0;0.039473684210526314;0.030121041594776094;0.043368154479265585
2221.5;0.018197573656845753;0.03754658822862791;0.033547008547008546
2223.0;0.01890359168241966;0.024780849629130138;0.031385707925525315
2224.5;0.019013666072489603;0.03263403263403263;0.033861185983827494
2226.0;0.024464831804281346;0.030496167809600645;0.02539259618101813
2227.5;0.016081348496769426;0.02530342860338945;0.01976992564235714
2229.0;0.029746281714785654;0.044220945083014045;0.025989604158336663
2230.5;0.029478889311525296;0.021936015055281113;0.025129583413323095
2232.0;0.0279090113735783;0.031020490971799555;0.028073770491803277
2233.5;0.029193268627523347;0.058773694800381235;0.019156343032747526
2235.0;0.03136882129277567;0.0411297878896498;0.027482269503546097
2236.5;0.018026004728132386;0.04343940879270041;0.024856961220597582
2238.0;0.015280135823429542;0.04593390947319625;0.026026580337365827
2239.5;0.015517241379310345;0.030701984604938577;0.04412650602409639
2241.0;0.024114774114774116;0.03177989279072312;0.025040717800830118
2242.5;0.017094017094017096;0.03397147147147147;0.02336818654291475
2244.0;0.017215791035915702;0.035602503912363075;0.028948641555592413
2245.5;0.016937514305333027;0.05363382250174703;0.03324142156862745
2247.0;0.018010291595197254;0.07511210762331838;0.047352024922118374
2248.5;0.040424121935056324;0.020841130700285627;0.03534031413612565
2250.0;0.028248983597364368;0.028733517685043942;0.0313193462161101
2251.5;0.016791101078565695;0.03324808184143222;0.02819414703783012
2253.0;0.025088028169014082;0.03493840510569727;0.03258887876025524
2254.5;0.023418491484184917;0.03331602546420246;0.02396214896214896
2256.0;0.03136882129277567;0.046052631578947366;0.02986201688748542
2257.5;0.017754480892796753;0.03590840934649506;0.018584110675499074
2259.0;0.016676298192025096;0.029846335697399525;0.028192371475953566
2260.5;0.0285204991087344;0.037722668529514496;0.021505376344086023
2262.0;0.037483266398929044;0.052593240093240096;0.02631578947368421
2263.5;0.022041062801932364;0.03844243035883368;0.026336477987421385
2265.0;0.01882395123700251;0.06197694001813707;0.02132510729613734
2266.5;0.024093511450381678;0.04072164948453609;0.025810097965335344
2268.0;0.017699115044247787;0.035938505081693044;0.030441400304414
2269.5;0.0272493104470127;0.02819414703783012;0.03049086249164252
2271.0;0.03913412869001802;0.041863190692622135;0.026814023524063868
2272.5;0.03530661003451022;0.03525250540381215;0.019529006318207927
2274.0;0.039888682745825604;0.038580931263858094;0.030919029723266142
2275.5;0.02587800369685767;0.03823975720789074;0.025277891950731487
2277.0;0.03639029592108771;0.0319402118705558;0.03540100250626566
2278.5;0.02587800369685767;0.03427752329313514;0.04750504032258065
2280.0;0.03411405295315682;0.02819414703783012;0.027764761012183697
2281.5;0.025435922030762906;0.03155148819705782;0.04093619327861236
2283.0;0.017142284446884627;0.024948024948024946;0.03747880221039865
2284.5;0.01882395123700251;0.021037709101219167;0.028324844368986985
2286.0;0.02906838689251227;0.04567541302235179;0.037131107885824875
2287.5;0.018454610303437646;0.027551020408163263;0.034670398009950254
2289.0;0.01597712748065927;0.03001968503937008;0.023667330236673303
2290.5;0.032796486090775984;0.031770565000858675;0.026143790849673203
2292.0;0.018095838587641865;0.020584323469304482;0.04892781636967684
2293.5;0.026060070671378093;0.02375875723423698;0.03491847826086956
2295.0;0.038655160014383315;0.02278882166522616;0.026143790849673203
2296.5;0.022727272727272728;0.02989872481126513;0.03877840909090909
2298.0;0.022727272727272728;0.031027253668763105;0.02813239531851184
2299.5;0.0161839863713799;0.023809523809523808;0.03492002910696233
2301.0;0.029702970297029705;0.02448453608247423;0.03231534090909091
2302.5;0.01932409162854608;0.03950892857142857;0.051791530944625415
2304.0;0.032197266656213704;0.0262582056892779;0.02911392405063291
2305.5;0.023418491484184917;0.02009132420091324;0.023365288972165218
2307.0;0.03742080962095995;0.04704968944099378;0.035600182565038795
2308.5;0.016638225255972697;0.03815937149270483;0.029507289167743124
2310.0;0.024378585086042064;0.018163597644995613;0.02866752081998719
2311.5;0.02784833653429156;0.039504716981132074;0.03726221559119731
2313.0;0.026060070671378093;0.04484173505275498;0.03521153361873583
2314.5;0.01834862385321101;0.029819184799264483;0.11764705882352941
2316.0;0.01749271137026239;0.01787601341490293;0.030031203936850197
2317.5;0.01612259159428971;0.018761803502332787;0.03825238676498567
2319.0;0.01612259159428971;0.02691540871546568;0.019833343489753012
2320.5;0.01848360454802751;0.01688565595612551;0.030400435533006687
2322.0;0.016638225255972697;0.04266958424507658;0.028569627633590198
2323.5;0.018470790378006873;0.015370218739033806;0.038101604278074866
2325.0;0.026548672566371685;0.03076071086945577;0.039446421930616794
2326.5;0.02352661596958175;0.03247535985251365;0.0263194933145672
2328.0;0.03639029592108771;0.020827211284161037;0.027333890671999192
2329.5;0.026548672566371685;0.02351778656126482;0.030798817417262266
2331.0;0.016638225255972697;0.025;0.04249146757679179
2332.5;0.018323203432248837;0.018014359856939253;0.0749700360896806
2334.0;0.018323203432248837;0.01834061135371179;0.04540745856353591
2335.5;0.01688081285952368;0.0325497287522604;0.03147897528433946
2337.0;0.025522755227552277;0.03318419090231171;0.03338136407300673
2338.5;0.016863406408094434;0.023809523809523808;0.030640716368688644
2340.0;0.018470790378006873;0.01810699588477366;0.040097949188858284
2341.5;0.039888682745825604;0.024664750957854403;0.04373935923231697
2343.0;0.03212468193384224;0.034408602150537634;0.046256605155335584
2344.5;0.02703900709219858;0.015168071117696084;0.039266652019953996
2346.0;0.017623877982923447;0.0189328743545611;0.051461038961038964
2347.5;0.025573192239858905;0.028433476394849784;0.03631854086785258
2349.0;0.02703900709219858;0.018724652687893695;0.040543735224586284
2350.5;0.018354055654233276;0.04186698717948718;0.05402953925188633
2352.0;0.017015706806282723;0.031279105055515434;0.031913324721608974
2353.5;0.017934291168491913;0.03722426470588235;0.039313904068002434
2355.0;0.015069294547215105;0.017623877982923447;0.050569800569800566
2356.5;0.017754480892796753;0.030938123752495012;0.05618593142453164
2358.0;0.03293798595973293;0.029937629937629936;0.031397224479769496
2359.5;0.03841245791927793;0.019116387223106105;0.030880664909446475
2361.0;0.03841245791927793;0.035813733041056936;0.06366196717791157
2362.5;0.017094017094017096;0.02623456790123457;0.05953975837358919
2364.0;0.017094017094017096;0.025;0.09331131296449216
2365.5;0.0189328743545611;0.030288461538461535;0.049378789477915776
2367.0;0.01597712748065927;0.017824497257769654;0.040771973660237895
2368.5;0.033676001417936904;0.03618273721927187;0.04444764096662831
2370.0;0.015731292517006803;0.022727272727272728;0.03996865203761755
2371.5;0.016863406408094434;0.029293509477311894;0.04556574923547401
2373.0;0.016638225255972697;0.024254473161033796;0.03316570881226053
2374.5;0.015095605501509561;0.019492203118752497;0.04618093174431202
2376.0;0.016863406408094434;0.032429746112077135;0.05769230769230768
2377.5;0.0161839863713799;0.016121906817493092;0.03856674958792796
2379.0;0.03609431217943811;0.01608187134502924;0.04214135021097046
2380.5;0.032256841786066255;0.025490088708794215;0.03559894114296724
2382.0;0.032256841786066255;0.02648735681926247;0.041830744454257364
2383.5;0.032256841786066255;0.02352661596958175;0.03623369706343385
2385.0;0.033697931493502586;0.01929824561403509;0.03138020833333333
2386.5;0.015001087035292413;0.01756386861313869;0.03374165451615378
2388.0;0.025088028169014082;0.02673066095387193;0.03562403195565338
2389.5;0.03326935380678182;0.031027253668763105;0.03160680407188286
2391.0;0.02835538752362949;0.029478889311525296;0.1581632653061225
2392.5;0.033745489100308834;0.020181722872619257;0.06220095693779903
2394.0;0.03722426470588235;0.01805416248746239;0.04112774301839835
2395.5;0.0370850622406639;0.04998311381290104;0.06158998252766453
2397.0;0.03836189717018733;0.023185554120805918;0.05877279081526427
2398.5;0.035170470350616205;0.024816176470588234;0.03029828188003125
2400.0;0.015772978195049962;0.033934707903780066;0.1077699736611062
2401.5;0.017754480892796753;0.019139945314441957;0.06529605206462578
2403.0;0.03482458408757866;0.02452743199631166;0.04411400247831475
2404.5;0.025573192239858905;0.031189811458510068;0.06544730203941058
2406.0;0.03669724770642202;0.03036010245592889;0.03783306220900881
2407.5;0.033676001417936904;0.03397147147147147;0.036676615087708364
2409.0;0.01756386861313869;0.04567438583005029;0.06176582218426794
2410.5;0.033205619412515965;0.027367075022549012;0.041099978017037235
2412.0;0.023418491484184917;0.01654091700522345;0.08113279755070797
2413.5;0.03571428571428571;0.031198686371100164;0.06419376693766936
2415.0;0.0161839863713799;0.015382532618076592;0.037942808365343576
2416.5;0.024464831804281346;0.026998169615619284;0.04985440129109216
2418.0;0.025439127801332527;0.035475013728720486;0.054999857291496396
2419.5;0.026548672566371685;0.017094017094017096;0.17426187419768932
2421.0;0.018026004728132386;0.025088028169014082;0.048692848675189436
2422.5;0.01733025239957341;0.01862097440132122;0.05769695609063344
2424.0;0.018197573656845753;0.042157659488013005;0.03001968503937008
2425.5;0.017814806907942786;0.02835538752362949;0.056552143508665255
2427.0;0.0175513698630137;0.037760416666666664;0.0539705180148332
2428.5;0.015517241379310345;0.0350922131147541;0.045888569574487816
2430.0;0.01726263871763255;0.04699322978892871;0.05751432807104628
2431.5;0.025522755227552277;0.03361344537815126;0.13016528925619833
2433.0;0.01606832657788072;0.016763760303608984;0.05417532940243946
2434.5;0.0175513698630137;0.016293098349991132;0.03678841012737852
2436.0;0.017934291168491913;0.016335052812576762;0.07025404363994801
2437.5;0.026060070671378093;0.02909270216962525;0.07234016332202105
2439.0;0.019527766042341455;0.024501992031872512;0.04443623064352968
2440.5;0.028970688479890934;0.016285076905013504;0.07425607390863945
2442.0;0.0319262493934983;0.026344152244872826;0.038148323845667305
2443.5;0.03528138528138528;0.030185758513931894;0.06044600938967135
2445.0;0.01756386861313869;0.017373380447585393;0.1373200442967885
2446.5;0.02317655078391275;0.030627490039840638;0.03953455740032273
2448.0;0.01678765880217786;0.030993042378241617;0.1457607433217188
2449.5;0.01950286806883365;0.01983411467724486;0.039237617716067236
2451.0;0.019263204616067467;0.017094017094017096;0.06254040077569488
2452.5;0.016335052812576762;0.027798718431963815;0.07587323077880746
2454.0;0.019961612284069098;0.02772277227722772;0.04850408344788548
2455.5;0.016089299461123942;0.024759514847344205;0.15671182266009842
2457.0;0.03674948240165632;0.03250478011472275;0.09033486198840533
2458.5;0.018786847740005278;0.016081348496769426;0.04455922427518063
2460.0;0.017768879853890487;0.017391304347826087;0.07194484070375654
2461.5;0.01865038996269922;0.033676001417936904;0.06813476774949652
2463.0;0.014910112661872163;0.025088028169014082;0.035610784050839416
2464.5;0.017094017094017096;0.0175513698630137;0.029759093056211623
2466.0;0.0189328743545611;0.027531083481349913;0.032264509040055935
2467.5;0.032697066101095795;0.017373380447585393;0.06525325853819501
2469.0;0.038385826771653545;0.0230722525804493;0.059599829714772234
2470.5;0.018848906360245943;0.02516881522406384;0.03461012311901505
2472.0;0.01726263871763255;0.0189328743545611;0.03772693864936148
2473.5;0.02684356680037026;0.015414729630535846;0.07950185234188939
2475.0;0.030245746691871456;0.02703900709219858;0.05582374056195073
2476.5;0.024924471299093656;0.024093511450381678;0.04826743374014832
2478.0;0.038817005545286505;0.016025963289428118;0.1077699736611062
2479.5;0.017094017094017096;0.024816176470588234;0.038720749900161944
2481.0;0.022041062801932364;0.036415289256198344;0.05768081291093844
2482.5;0.026008544499885856;0.01834061135371179;0.12185345518678853
2484.0;0.03669724770642202;0.027531083481349913;0.03548953573408234
2485.5;0.029397233201581028;0.027477824913227922;0.04361022364217252
2487.0;0.02273489530928082;0.01512939958998534;0.04518219647709071
2488.5;0.018716969225741748;0.016863406408094434;0.033476658476658476
2490.0;0.025088028169014082;0.029478889311525296;0.03655959425190194
2491.5;0.0161839863713799;0.019327580007191657;0.042963495470215475
2493.0;0.03316662279547249;0.025152855115187247;0.03711200174721346
2494.5;0.01601318781639348;0.018789684555337947;0.06743476787529652
2496.0;0.017699115044247787;0.020999704229517892;0.04277922857299998
2497.5;0.03669724770642202;0.03542094455852156;0.036565684057526214
2499.0;0.022789783889980354;0.03965084515440188;0.06465821000704723
2500.5;0.01770896702761893;0.018010291595197254;0.03403978587065382
2502.0;0.02538726916052222;0.022964015151515152;0.04648426007649309
2503.5;0.017439039118166945;0.019138359569179784;0.04310575635876841
2505.0;0.023274161735700197;0.04382524939800482;0.042951770635778104
2506.5;0.03326226012793177;0.030009920634920632;0.036059806508355316
2508.0;0.01834862385321101;0.016293098349991132;0.02780924876892888
2509.5;0.01672239597595953;0.02516881522406384;0.06551846590909093
2511.0;0.02813238770685579;0.016217853406024562;0.03838194718171068
2512.5;0.025;0.017094017094017096;0.036476706695015924
2514.0;0.017825311942959002;0.04229122055674518;0.025387687643692196
2515.5;0.01704391595915832;0.024464831804281346;0.0383962990310196
2517.0;0.01672535211267606;0.01702553830746119;0.031033887578390196
2518.5;0.038655160014383315;0.0189328743545611;0.02533728647590034
2520.0;0.03482458408757866;0.024378585086042064;0.05050781882559529
2521.5;0.02516881522406384;0.01583547261242032;0.028554778554778552
2523.0;0.037483266398929044;0.017573444950798104;0.04444764096662831
2524.5;0.027587890625;0.0351517091560509;0.04063360881542699
2526.0;0.03476482617586912;0.0189328743545611;0.0323785803237858
2527.5;0.01810895810084204;0.023244781783681213;0.023708252703250887
2529.0;0.014956349311882165;0.03136882129277567;0.03817654639175258
2530.5;0.035702503048124515;0.03357531760435572;0.029719387755102043
2532.0;0.018354055654233276;0.018470790378006873;0.04375390809681404
2533.5;0.028248983597364368;0.029017857142857144;0.02040724177518602
2535.0;0.0189328743545611;0.02703900709219858;0.020577249016800775
2536.5;0.02703900709219858;0.035598705501618116;0.03664340101522842
2538.0;0.023031496062992124;0.017623877982923447;0.021191464137522226
2539.5;0.019311776920795016;0.018683274021352312;0.0281322505800464
2541.0;0.026073619631901836;0.028050275904353158;0.02005516505027138
2542.5;0.024114774114774116;0.02469956910763214;0.0180062630480167
2544.0;0.03638309256286784;0.028200901542812205;0.02934537246049661
2545.5;0.01654091700522345;0.03779668535724216;0.024499654934437544
2547.0;0.03512773722627738;0.03758169934640523;0.026556491009250595
2548.5;0.024464831804281346;0.038817005545286505;0.024276859504132234
2550.0;0.0161839863713799;0.026839699159416013;0.03383297644539615
2551.5;0.015154962909024714;0.035645871911116796;0.03555032578581235
2553.0;0.01702553830746119;0.037211615602436285;0.0290454339313592
2554.5;0.03969754253308129;0.03320921042632419;0.02866752081998719
2556.0;0.0185554688027144;0.024122807017543862;0.020288231821366895
2557.5;0.015871286409530037;0.027531083481349913;0.0433355219960604
2559.0;0.017094017094017096;0.036541080344984114;0.04317194788483192
2560.5;0.024816176470588234;0.03704674557307889;0.026044915782907054
2562.0;0.01865038996269922;0.01757773554106423;0.03324142156862745
2563.5;0.0161839863713799;0.03212468193384224;0.02926364021911327
2565.0;0.019139945314441957;0.030627490039840638;0.026164032464758652
2566.5;0.015154962909024714;0.02680277530833921;0.03632092518973618
2568.0;0.026475958612294584;0.038259740939364635;0.028710247349823324
2569.5;0.03048016701461378;0.023274161735700197;0.019957398752115416
2571.0;0.03982067510548524;0.01871226912632689;0.03442928039702233
2572.5;0.03010752688172043;0.02795584045584046;0.03463873709775349
2574.0;0.03672308141231398;0.018836565096952907;0.033082762727002085
2575.5;0.0161839863713799;0.023418491484184917;0.03069178304644365
2577.0;0.02939958592132505;0.026475958612294584;0.026198386331276694
2578.5;0.018543046357615892;0.03481624758220503;0.0446204122674711
2580.0;0.022549019607843137;0.01871657754010695;0.03653653653653653
2581.5;0.025162230168189643;0.01834061135371179;0.029573367808661925
2583.0;0.023765996343692867;0.016335052812576762;0.03040145249142626
2584.5;0.04280472890338361;0.029763202425072927;0.02511824513053518
2586.0;0.023465703971119134;0.017109646505052045;0.025832555244319953
2587.5;0.03215077605321508;0.018470790378006873;0.0337200870195794
2589.0;0.018283667904195552;0.014945495799148322;0.03486394557823129
2590.5;0.02587800369685767;0.0189328743545611;0.029789368104312937
2592.0;0.017754480892796753;0.0189328743545611;0.03534031413612565
2593.5;0.017623877982923447;0.029401154401154404;0.039460020768431976
2595.0;0.016614200769499828;0.019944341372912802;0.025930873083334253
2596.5;0.03916827852998066;0.019141127055425266;0.04374304783092324
2598.0;0.0325497287522604;0.01898875056588673;0.03450226244343891
2599.5;0.029702970297029705;0.01741884402216944;0.020625415834996677
2601.0;0.02430014108561669;0.025841438937779834;0.026612077789150458
2602.5;0.025351205447518555;0.019148871793708062;0.03589420654911838
2604.0;0.01810699588477366;0.024784482758620687;0.02980239714933592
2605.5;0.027557808045612926;0.03136882129277567;0.03569632981397687
2607.0;0.035966270865599725;0.021042084168336674;0.019617301817012378
2608.5;0.01783664661861255;0.019327580007191657;0.03815374921235034
2610.0;0.027215631542219124;0.0345679012345679;0.03749727877905978
2611.5;0.01950286806883365;0.017959282598158023;0.02711515635816536
2613.0;0.024501992031872512;0.01641928887129758;0.03240112071780944
2614.5;0.022789783889980354;0.024816176470588234;0.03363426025636285
2616.0;0.02867383512544803;0.023394808743169397;0.034110097939885176
2617.5;0.016404391880884894;0.02611218568665377;0.019462337885424716
2619.0;0.019274809160305342;0.017737506864360243;0.026480637813211843
2620.5;0.016429426632965278;0.02577444015462008;0.03377298161470824
2622.0;0.02569922389808171;0.03684210526315789;0.03329924576560276
2623.5;0.03443877551020408;0.018876611418047883;0.019197314976404964
2625.0;0.01861305152546421;0.019673731176798662;0.036565096952908584
2626.5;0.025554582603619376;0.03584905660377359;0.0255020439623966
2628.0;0.016050000143711614;0.026548672566371685;0.03302154195011338
2629.5;0.02752293577981652;0.027531083481349913;0.04767231603788042
2631.0;0.027021031147395506;0.032793150894358664;0.02908333263846489
2632.5;0.01678424862821045;0.017699115044247787;0.030065165876777253
2634.0;0.03450226244343891;0.02909270216962525;0.015716780441339895
2635.5;0.01636568074924239;0.02891522988505747;0.02918205623720712
2637.0;0.040831377807576265;0.0175513698630137;0.023274161735700197
2638.5;0.01802961307974136;0.029397233201581028;0.02475049900199601
2640.0;0.02049255231654939;0.04083994708994709;0.03639812541843338
2641.5;0.017432142225683345;0.03274428274428274;0.023394808743169397
2643.0;0.018143754361479414;0.038333976139552584;0.0441017316017316
2644.5;0.02770090758011799;0.026060070671378093;0.030154237190225874
2646.0;0.018010291595197254;0.0189328743545611;0.0437679769894535
2647.5;0.03476482617586912;0.03726309026662384;0.018816236238296122
2649.0;0.02866752081998719;0.024203298031819725;0.03748733535967579
2650.5;0.028470812380922635;0.03646288209606987;0.03598272699232131
2652.0;0.01672535211267606;0.018010456796917998;0.015422187833476712
2653.5;0.02939958592132505;0.03197423804452559;0.018612132352941176
2655.0;0.03730454429830467;0.023110188049720315;0.022098515519568148
2656.5;0.0378475130575814;0.026518218623481783;0.029118404118404117
2658.0;0.018026004728132386;0.0230722525804493;0.03383297644539615
2659.5;0.018052243358660087;0.019098466389565714;0.03484948156501582
2661.0;0.03398920977467471;0.024114774114774116;0.027265902305165478
2662.5;0.024114774114774116;0.023809523809523808;0.02822066326530612
2664.0;0.0220703125;0.016285076905013504;0.026518218623481783
2665.5;0.036381809095452265;0.02079272254710851;0.027551020408163263
2667.0;0.03250478011472275;0.024501992031872512;0.022964015151515152
2668.5;0.017699115044247787;0.016403184213476845;0.025484703685395727
2670.0;0.03742802303262956;0.04033180778032036;0.0175513698630137
2671.5;0.029074889867841413;0.018143754361479414;0.016676298192025096
2673.0;0.02860082304526749;0.01959692120721086;0.0196078431372549
2674.5;0.018759141882008775;0.019524316648917288;0.021851503759398497
2676.0;0.02984767393989296;0.01865038996269922;0.03667434715821812
2677.5;0.03020833333333333;0.04198841698841698;0.03324363485820741
2679.0;0.030009920634920632;0.04280472890338361;0.0262582056892779
2680.5;0.029216407862848938;0.0230722525804493;0.03397147147147147
2682.0;0.03376580172987359;0.023465703971119134;0.02538138257387736
2683.5;0.02591650891488278;0.01749271137026239;0.030634573304157545
2685.0;0.01834862385321101;0.02909270216962525;0.04400549639299211
2686.5;0.029216407862848938;0.041176470588235294;0.017733074708170118
2688.0;0.029937629937629936;0.041185746669175426;0.024378585086042064
2689.5;0.023274161735700197;0.03189528023598819;0.023244781783681213
2691.0;0.03745644599303136;0.023581448122822347;0.03858564130142512
2692.5;0.03441132602571084;0.03992102169922211;0.01950286806883365
2694.0;0.023031496062992124;0.03263516804676084;0.02767652220872148
2695.5;0.047619047619047616;0.017631453456185837;0.0378053509112059
2697.0;0.017294709986227452;0.03766519823788547;0.030318091451292245
2698.5;0.017391304347826087;0.03639029592108771;0.035869565217391305
2700.0;0.01958413926499033;0.02352661596958175;0.03486394557823129
2701.5;0.026507713884992984;0.01766318140290326;0.03167271527548663
2703.0;0.018413173652694608;0.025322619917214514;0.018369264630297068
2704.5;0.018825740713261114;0.01643908509274351;0.024499654934437544
2706.0;0.02475049900199601;0.0161839863713799;0.024920490180815335
2707.5;0.02867383512544803;0.027291242362525458;0.03364485981308411
2709.0;0.019389076446376545;0.029401154401154404;0.019961612284069098
2710.5;0.02520098948670377;0.01594765689784196;0.019274809160305342
2712.0;0.03807908406657479;0.04483695652173913;0.025989604158336663
2713.5;0.029132231404958676;0.019961612284069098;0.028217821782178215
2715.0;0.035578885972586766;0.02867383512544803;0.0428544752894311
2716.5;0.03043124254848934;0.03714910068919146;0.023815062518173887
2718.0;0.025650629118626565;0.0161839863713799;0.040306671571231995
2719.5;0.023829431438127092;0.024254473161033796;0.03324307787199415
2721.0;0.02268431001890359;0.02664441289695482;0.02917505030181086
2722.5;0.027565186437661298;0.027886497064579255;0.016121085649092984
2724.0;0.03745644599303136;0.03156312625250501;0.04334677419354839
2725.5;0.02591372146519553;0.025529865125240848;0.030009052504526255
2727.0;0.03730262204838477;0.03290225315948789;0.024270001254009178
2728.5;0.040968342644320296;0.0409705648369133;0.02375875723423698
2730.0;0.015809071886378992;0.01627326307232239;0.03530751708428246
2731.5;0.024203298031819725;0.033861185983827494;0.018402619404443866
2733.0;0.02709959413050265;0.03197133162222126;0.03837209302325581
2734.5;0.015987998742319355;0.02396214896214896;0.03623930891084865
2736.0;0.019114380899500277;0.03504700702130192;0.024455166152001512
2737.5;0.017364557134117328;0.029132231404958676;0.03858564130142512
2739.0;0.03061615001913509;0.02878937007874016;0.028073770491803277
2740.5;0.015106013411607612;0.030524463899817146;0.03445570447858777
2742.0;0.02679728933411903;0.02567720090293454;0.03216630196936542
2743.5;0.025125036775522212;0.01892203047355004;0.035751028806584366
2745.0;0.018185821224130337;0.03445525191703979;0.030171509100176904
2746.5;0.017120196909613018;0.030300530770334237;0.02681390923924889
2748.0;0.030318091451292245;0.02580890458397902;0.02023809523809524
2749.5;0.019675925925925927;0.02879370309353835;0.032796486090775984
2751.0;0.026507713884992984;0.01796505519837074;0.019643114117139156
2752.5;0.017465753424657532;0.044635544635544644;0.030670103092783507
2754.0;0.018876611418047883;0.01566049922115421;0.018203309692671393
2755.5;0.027312228429546864;0.02079272254710851;0.02795584045584046
2757.0;0.018937169700528483;0.026085434173669465;0.04037311307319852
2758.5;0.016838000708968452;0.025627615062761504;0.03777840441271502
2760.0;0.04009595613433859;0.032796486090775984;0.03684210526315789
2761.5;0.03117140731819631;0.01878040502319267;0.018147448015122872
2763.0;0.04038461538461538;0.03324142156862745;0.033547008547008546
2764.5;0.029702970297029705;0.03234880450070324;0.03355800946507959
2766.0;0.01918932786044125;0.0156471727015572;0.024499654934437544
2767.5;0.015414729630535846;0.016335052812576762;0.026859962301807296
2769.0;0.01658516707416463;0.04245626822157434;0.029339853300733493
2770.5;0.018832655731576244;0.03397147147147147;0.019359294243450363
2772.0;0.015414729630535846;0.026005865984808602;0.028246013667425972
2773.5;0.01862097440132122;0.026198386331276694;0.032392026578073094
2775.0;0.029401154401154404;0.02997345009082864;0.03530751708428246
2776.5;0.04511019283746556;0.018902169101372285;0.03463203463203463
2778.0;0.03427059797985492;0.027551020408163263;0.026138618354898044
2779.5;0.030207235686687744;0.026336477987421385;0.03537252221462748
2781.0;0.04126794258373206;0.042560299325182065;0.03622709238617042
2782.5;0.02819414703783012;0.047619047619047616;0.018595825426944972
2784.0;0.028865979381443297;0.04693702037576079;0.02518406864166039
2785.5;0.028938906752411574;0.03424316805056777;0.02952247795224779
2787.0;0.025101419878296144;0.023604988084718705;0.02966804979253112
2788.5;0.02452743199631166;0.029339853300733493;0.024074613815214224
2790.0;0.02621550591327201;0.022789783889980354;0.019877181641887523
2791.5;0.035885989010989015;0.02373770187488398;0.03418935643564356
2793.0;0.02761084787549597;0.03832986917716103;0.0341321897073663
2794.5;0.022405660377358493;0.0360313315926893;0.04658493870402803
2796.0;0.04055812138164314;0.03191137566137566;0.02819414703783012
2797.5;0.018086080586080584;0.05121664050235479;0.03530850887377674
2799.0;0.03503787878787879;0.029432375613174487;0.01904761904761905
2800.5;0.030868634233262953;0.04558580858085808;0.026540460282108387
2802.0;0.024050632911392405;0.038041517873246035;0.04396419995634141
2803.5;0.02938200021608384;0.033205619412515965;0.021604938271604937
2805.0;0.02833675564681725;0.0440675614309501;0.02317655078391275
2806.5;0.02971246006389776;0.0400333750753934;0.017747440273037544
2808.0;0.01645021645021645;0.017373380447585393;0.03803533992213238
2809.5;0.033547008547008546;0.03674948240165632;0.020828112323565268
2811.0;0.028580208973570994;0.02793585100879462;0.03880070546737213
2812.5;0.03202079097778971;0.03085485307212823;0.031054214264213693
2814.0;0.0175513698630137;0.02451802179379715;0.029628537735849055
2815.5;0.030670103092783507;0.029664014146772767;0.02915766738660907
2817.0;0.032062780269058296;0.024054982817869414;0.018776520020455836
2818.5;0.027551020408163263;0.030137981118373278;0.01910331384015595
2820.0;0.03368588048651507;0.0345679012345679;0.030533878359965315
2821.5;0.04038461538461538;0.02867225408028231;0.03854373782794449
2823.0;0.036851890585419135;0.0161839863713799;0.036710130391173525
2824.5;0.029504080351537978;0.024254473161033796;0.0249922863313792
2826.0;0.040427509293680296;0.0278507655226262;0.03347578347578348
2827.5;0.031746031746031744;0.029846335697399525;0.03296501566811655
2829.0;0.039888682745825604;0.02682147977942704;0.029132231404958676
2830.5;0.04050845270357466;0.018832655731576244;0.04249468979267388
2832.0;0.03798297314996725;0.03907355021216407;0.036059806508355316
2833.5;0.032793150894358664;0.030230259907105452;0.02328877601798308
2835.0;0.026113457095052188;0.02918336160945265;0.02934537246049661
2836.5;0.03221331105638968;0.03423626787057938;0.019558203028046662
2838.0;0.026839699159416013;0.02720146989414065;0.023592854735422986
2839.5;0.0252025622251655;0.026857209679566417;0.020749984436407156
2841.0;0.035776116855033034;0.036859278971044795;0.03769171210648568
2842.5;0.025522755227552277;0.0456476895239679;0.029411764705882353
2844.0;0.04520697167755991;0.04303801536722992;0.03519018548955154
2845.5;0.018487434139972954;0.024074613815214224;0.02456586681424261
2847.0;0.030263586072242114;0.031673793524740375;0.027713625866050806
2848.5;0.04145609063120728;0.025055483785484785;0.024210503960753495
2850.0;0.030009920634920632;0.03326226012793177;0.026944412996716856
2851.5;0.016664843504300385;0.03020833333333333;0.02795584045584046
2853.0;0.01528946815589523;0.02971882192054968;0.03795354351783649
2854.5;0.02891543420553659;0.04567541302235179;0.036951381279197185
2856.0;0.029132231404958676;0.05676418135844971;0.033950617283950615
2857.5;0.029132231404958676;0.03669213365249042;0.029237928363742553
2859.0;0.028865979381443297;0.033713054187192115;0.03484948156501582
2860.5;0.016988416988416986;0.03436018957345971;0.04631474103585657
2862.0;0.017699115044247787;0.03374233128834356;0.025562026954784614
2863.5;0.018876611418047883;0.029366366057318308;0.025849514563106794
2865.0;0.0293705204113431;0.02355671598491442;0.030818131564400223
2866.5;0.030318091451292245;0.03994229183841714;0.03376047313947757
2868.0;0.02835538752362949;0.033613506851532915;0.02999431876872224
2869.5;0.04212932723709994;0.03622709238617042;0.03817654639175258
2871.0;0.027018175863762896;0.02459736456808199;0.029322367244770244
2872.5;0.037422037422037424;0.04254266841028736;0.034866898148148154
2874.0;0.015731292517006803;0.033476658476658476;0.027811860940695293
2875.5;0.025522755227552277;0.03377498724435908;0.018279885579620164
2877.0;0.04195042222827568;0.028433476394849784;0.04577541663634379
2878.5;0.022727272727272728;0.019733215594980067;0.032736872983279555
2880.0;0.018010291595197254;0.025948332493087065;0.03601165036249089
2881.5;0.017094017094017096;0.029702970297029705;0.0438822184105203
2883.0;0.024780849629130138;0.04482886904761905;0.03247007810276297
2884.5;0.0325497287522604;0.027864374934762185;0.03537252221462748
2886.0;0.019082371238858645;0.018650281503095598;0.023169255350955015
2887.5;0.02268431001890359;0.029664014146772767;0.026946081372348076
2889.0;0.03403665485907901;0.02733881163084703;0.03361344537815126
2890.5;0.028539688880945623;0.03060380479735319;0.046416938110749185
2892.0;0.026475958612294584;0.01648841354723708;0.041845075905021414
2893.5;0.026548672566371685;0.019691742886982937;0.046782762691853594
2895.0;0.0285204991087344;0.029937629937629936;0.03596094308168612
2896.5;0.034408602150537634;0.02891522988505747;0.029120385667929065
2898.0;0.02171313326421338;0.029293509477311894;0.026335555346915784
2899.5;0.034408602150537634;0.03326226012793177;0.020006613756613757
2901.0;0.04369918699186992;0.03219315895372234;0.02866752081998719
2902.5;0.015359694541667872;0.018224866440019426;0.04063360881542699
2904.0;0.044468546637744036;0.030710095083957112;0.033780961299114856
2905.5;0.01726263871763255;0.029551222118338456;0.019801980198019802
2907.0;0.027837549762681844;0.02649719127868228;0.033725976441413515
2908.5;0.020192168761739633;0.02540904716073147;0.020036130727541467
2910.0;0.02587800369685767;0.017260787992495308;0.02799872733057588
2911.5;0.023765996343692867;0.02373068432671082;0.03030168062236475
2913.0;0.016638225255972697;0.015663069961712496;0.03815937149270483
2914.5;0.024276859504132234;0.024784482758620687;0.03981898394505846
2916.0;0.04620189061444969;0.026002646717260377;0.03028503562945368
2917.5;0.018354055654233276;0.02252710027100271;0.03766025641025641
2919.0;0.033983611081116756;0.02539092895953014;0.03548303548303548
2920.5;0.016335052812576762;0.02706185567010309;0.03324808184143222
2922.0;0.023762376237623763;0.0249922863313792;0.018620022569724327
2923.5;0.019408502772643253;0.03038573508005822;0.030904923953052287
2925.0;0.03282828282828283;0.03089159465828751;0.0373888135082165
2926.5;0.017462905276233176;0.04508856682769726;0.038580931263858094
2928.0;0.02835538752362949;0.02918953470431352;0.01904761904761905
2929.5;0.03383297644539615;0.02947333627148523;0.045199459093982416
2931.0;0.0188212927756654;0.03671010228387278;0.021746944644140908
2932.5;0.016371008616320324;0.04083994708994709;0.04227639331594707
2934.0;0.03326935380678182;0.034863525500613626;0.030402521423490054
2935.5;0.03966822935448972;0.030495759947814744;0.05190861769809139
2937.0;0.016745540589734254;0.033676975945017174;0.04230769230769231
2938.5;0.017373380447585393;0.027804107424960502;0.049559136515658256
2940.0;0.023031496062992124;0.017857142857142856;0.03618077324973877
2941.5;0.018176276971839572;0.01678765880217786;0.039225260416666664
2943.0;0.018354055654233276;0.018185821224130337;0.0635658914728682
2944.5;0.02623456790123457;0.023809523809523808;0.0297188437845522
2946.0;0.0189328743545611;0.019139945314441957;0.034110097939885176
2947.5;0.017971946230274694;0.03133759902498476;0.03612830085749842
2949.0;0.0189328743545611;0.024941894247530506;0.02515186764895954
2950.5;0.016863406408094434;0.02668759811616954;0.031811856387419984
2952.0;0.02813238770685579;0.023137535816618916;0.03418935643564356
2953.5;0.019065929190452247;0.02844359220198146;0.03657323711422129
2955.0;0.018010291595197254;0.025745257452574524;0.03944519621109607
2956.5;0.0161839863713799;0.033621274331826614;0.02332289682482727
2958.0;0.036921369689283445;0.045223451707052616;0.051644170550597675
2959.5;0.02581936665459889;0.026804287083643154;0.03884961047136798
2961.0;0.01950286806883365;0.024574669187145556;0.066347687400319
2962.5;0.032062780269058296;0.03397147147147147;0.04030827109888259
2964.0;0.018354055654233276;0.0392156862745098;0.032644831834515615
2965.5;0.01879117923894043;0.027922453703703703;0.0334366488212642
2967.0;0.023809523809523808;0.030256012412723042;0.020312794422460905
2968.5;0.017679771605305417;0.027506979599058637;0.03960032884335673
2970.0;0.01672239597595953;0.037272142397598115;0.04572147651006711
2971.5;0.03360433604336043;0.04154589371980676;0.05052211302211303
2973.0;0.015987998742319355;0.023031496062992124;0.036822681267125706
2974.5;0.03167271527548663;0.028296616422472855;0.04412121924463251
2976.0;0.029397233201581028;0.03004578405188859;0.06307989901970426
2977.5;0.017961645808949312;0.03412017167381975;0.0389807562131322
2979.0;0.015280135823429542;0.01904761904761905;0.047145639927697734
2980.5;0.0170487948265726;0.02724539646749342;0.06446629213483145
2982.0;0.017754480892796753;0.03676148796498906;0.04578436705789812
2983.5;0.017094017094017096;0.029132231404958676;0.03981141959140911
2985.0;0.016676298192025096;0.028970688479890934;0.0414572864321608
2986.5;0.027332170880557977;0.03892801251956181;0.05038044297122193
2988.0;0.024243905972690067;0.04959848842701937;0.06462585034013606
2989.5;0.024254473161033796;0.0337414978517253;0.03442928039702233
2991.0;0.027444794952681383;0.01731640784414803;0.03852920478536242
2992.5;0.018633955021487878;0.045437546746447274;0.0643818065342729
2994.0;0.0184970993637606;0.04441934490194065;0.04117689789654813
2995.5;0.0184970993637606;0.02938725709014076;0.05468652233762984
2997.0;0.0184970993637606;0.02966804979253112;0.04527439024390243
2998.5;0.0184970993637606;0.04088383087302954;0.03474628500992946
3000.0;0.016629184357756437;0.04108352144469526;0.04393505253104107
3001.5;0.026592455163883737;0.025574598113458222;0.09216867469879521
3003.0;0.026060070671378093;0.030627490039840638;0.05151380073651206
3004.5;0.016863406408094434;0.037760416666666664;0.03995603585866669
3006.0;0.014945495799148322;0.0271116361488482;0.02616540946330135
3007.5;0.01488644788002137;0.040449438202247195;0.04048370136698213
3009.0;0.015724726735506497;0.03557483731019522;0.038988022488389146
3010.5;0.017427438387099873;0.03939724830749071;0.0325590919728528
3012.0;0.015095605501509561;0.01795552931916568;0.04897574648758787
3013.5;0.01842179442537598;0.02525050100200401;0.04567541302235179
3015.0;0.015769487034319674;0.02878937007874016;0.034367324533765745
3016.5;0.02802491103202847;0.050546448087431695;0.028649283443118057
3018.0;0.016676298192025096;0.016319704371681648;0.044279427942794276
3019.5;0.03165717058169511;0.02495201535508637;0.0672323386404805
3021.0;0.016638225255972697;0.04815864022662889;0.033633633633633635
3022.5;0.035127911416571206;0.04108352144469526;0.037894092439546986
3024.0;0.035127911416571206;0.04067584480600751;0.04572147651006711
3025.5;0.016863406408094434;0.040920046700995125;0.06995231831634331
3027.0;0.016745540589734254;0.016335052812576762;0.04194222467162672
3028.5;0.015731292517006803;0.01834061135371179;0.06499999999999999
3030.0;0.018026004728132386;0.03240740740740741;0.036457387924420534
3031.5;0.016863406408094434;0.03061615001913509;0.043675186023940465
3033.0;0.03409090909090909;0.02703900709219858;0.041673635993591224
3034.5;0.023765996343692867;0.027718550106609806;0.05435138753864762
3036.0;0.023765996343692867;0.03542094455852156;0.04924242424242425
3037.5;0.023765996343692867;0.033950617283950615;0.09315286624203824
3039.0;0.023765996343692867;0.02435906520008503;0.042068595927116835
3040.5;0.029516994633273706;0.03087863373472502;0.18820224719101117
3042.0;0.02911275415896488;0.027718550106609806;0.03482645403377111
3043.5;0.029291649063512178;0.04095805479546951;0.0635618932038835
3045.0;0.016807551075732556;0.024775721895149986;0.03343515366853491
3046.5;0.02802491103202847;0.030280307088019997;0.02701513999204952
3048.0;0.03061868686868687;0.018197573656845753;0.050972862263184836
3049.5;0.03061868686868687;0.045437546746447274;0.11820368885324786
3051.0;0.017094017094017096;0.030688484100030874;0.044963154328098
3052.5;0.02703900709219858;0.018371212121212118;0.03413341506687162
3054.0;0.02703900709219858;0.016638685693728266;0.06528765352294764
3055.5;0.016863406408094434;0.016043635035830027;0.044550849690055926
3057.0;0.031723651744800845;0.03481624758220503;0.04601571268237934
3058.5;0.031723651744800845;0.020423892100192676;0.036986278819007165
3060.0;0.015871286409530037;0.03071012188659247;0.04133611691022965
3061.5;0.017498443680569787;0.030257320319432124;0.029402521370591187
3063.0;0.03764790247400502;0.02673063742289239;0.04970760233918129
3064.5;0.0175513698630137;0.03888888888888889;0.047352024922118374
3066.0;0.018683274021352312;0.03185654008438818;0.06605301914580262
3067.5;0.017934291168491913;0.018001482598556214;0.04354928063275795
3069.0;0.017754480892796753;0.02795584045584046;0.025063621366548588
3070.5;0.041029272898961286;0.0399002493765586;0.07489800188304213
3072.0;0.028067844903931306;0.019274809160305342;0.032236842105263154
3073.5;0.027531083481349913;0.04392764857881137;0.030815755575235484
3075.0;0.03724194880264244;0.03745644599303136;0.027925761845460088
3076.5;0.016716209127469836;0.03318419090231171;0.062117798519472175
3078.0;0.014879770725885571;0.03153955808980755;0.038028169014084505
3079.5;0.026548672566371685;0.03370786516853933;0.029680365296803658
3081.0;0.027531083481349913;0.024203298031819725;0.054552515750409925
3082.5;0.01672535211267606;0.02682763246143528;0.0320831294785766
3084.0;0.015225395561747438;0.01890359168241966;0.03735455600119995
3085.5;0.01594765689784196;0.02439368018516655;0.04107408509372212
3087.0;0.015731292517006803;0.022535211267605635;0.07444333665669657
3088.5;0.01597712748065927;0.027967409962793652;0.044105042180739525
3090.0;0.031746031746031744;0.023829431438127092;0.021800154209435693
3091.5;0.01597712748065927;0.01950286806883365;0.03197012568270053
3093.0;0.02802491103202847;0.02147766323024055;0.025255965793962606
3094.5;0.017623877982923447;0.024784482758620687;0.019648814819918734
3096.0;0.036646406864497674;0.02400793650793651;0.03324099722991689
3097.5;0.0161839863713799;0.018790622743180933;0.03072276985570124
3099.0;0.01865038996269922;0.03085485307212823;0.02606358923617645
3100.5;0.01842179442537598;0.02364798595345711;0.035578885972586766
3102.0;0.024122807017543862;0.018532478954642544;0.030303030303030304
3103.5;0.017094017094017096;0.039160839160839164;0.02571484690291831
3105.0;0.02516881522406384;0.01834862385321101;0.03865074577054399
3106.5;0.03460837887067396;0.019082371238858645;0.03883255008656938
3108.0;0.01850632726208763;0.02400793650793651;0.040892193308550186
3109.5;0.03935185185185185;0.023626063618896583;0.05927002583979329
3111.0;0.036646406864497674;0.024501992031872512;0.04642970485560141
3112.5;0.04195042222827568;0.024254473161033796;0.0525977366255144
3114.0;0.024122807017543862;0.03085485307212823;0.0514382338890146
3115.5;0.02669539153240914;0.027315467795016455;0.031096149606877798
3117.0;0.03324724464031695;0.017916549196504088;0.035487758728487286
3118.5;0.02460456942003515;0.03443877551020408;0.03304951826125924
3120.0;0.029310623836880004;0.019142066420664204;0.03878827080638206
3121.5;0.03250478011472275;0.024816176470588234;0.03170321586211729
3123.0;0.035154762207043645;0.025173611111111115;0.03250825082508251
3124.5;0.01726263871763255;0.018370754273987374;0.03267566632052613
3126.0;0.028186274509803922;0.03564899451553931;0.034322902736917175
3127.5;0.03696682464454976;0.018354055654233276;0.0343711599363807
3129.0;0.016335052812576762;0.030245746691871456;0.03821574642126789
3130.5;0.025941939468807903;0.02651472846572665;0.03414967313884281
3132.0;0.03880070546737213;0.022964015151515152;0.04513888888888889
3133.5;0.02750807835818069;0.024114774114774116;0.046480021745039415
3135.0;0.015320255792041857;0.02273489530928082;0.029390271751541443
3136.5;0.041530944625407164;0.03187751004016064;0.04326046520193742
3138.0;0.026479957525882662;0.029702970297029705;0.030971738288811466
3139.5;0.017099177746749353;0.02795584045584046;0.027369044666721774
3141.0;0.03185654008438818;0.027168254985184596;0.03983516483516483
3142.5;0.025480809607793732;0.026839699159416013;0.029067041725269575
3144.0;0.022405660377358493;0.01726263871763255;0.0538779402415766
3145.5;0.02909270216962525;0.028580208973570994;0.0483017952450267
3147.0;0.01984331322642342;0.017596390484003282;0.054226475279106866
3148.5;0.044938749194068345;0.018052243358660087;0.04637352382791132
3150.0;0.022041062801932364;0.03355800946507959;0.031169464372779836
3151.5;0.025856044723969258;0.0161839863713799;0.04826461681807592
3153.0;0.015963095712199653;0.0189328743545611;0.048442906574394456
3154.5;0.018010291595197254;0.03320921042632419;0.03917547988378548
3156.0;0.018354055654233276;0.038655160014383315;0.04288419913419914
3157.5;0.01810699588477366;0.01865038996269922;0.048442906574394456
3159.0;0.018595825426944972;0.027886497064579255;0.056468686684726946
3160.5;0.03133759902498476;0.023418491484184917;0.03633016005427898
3162.0;0.01890359168241966;0.02494777243356168;0.044733044733044736
3163.5;0.024114774114774116;0.029937629937629936;0.030123504438440755
3165.0;0.023765996343692867;0.029937629937629936;0.055280685061845865
3166.5;0.02772277227722772;0.022727272727272728;0.04389785857742769
3168.0;0.018964994904844528;0.018010291595197254;0.037191518943343764
3169.5;0.02511943209407467;0.015280135823429542;0.04441087613293051
3171.0;0.016335052812576762;0.015809071886378992;0.05690574985180793
3172.5;0.016917819729987117;0.02802491103202847;0.032733659312498165
3174.0;0.01496006376714652;0.017754480892796753;0.058608191373686114
3175.5;0.01838245406174913;0.02703900709219858;0.030713047103856896
3177.0;0.03764790247400502;0.016863406408094434;0.028584973483230358
3178.5;0.03669724770642202;0.025088028169014082;0.03460827057735501
3180.0;0.025439127801332527;0.017094017094017096;0.039689000863720444
3181.5;0.02516881522406384;0.019139945314441957;0.04134818683667926
3183.0;0.028050275904353158;0.017814806907942786;0.041005291005291
3184.5;0.018792559974975337;0.018010291595197254;0.039708700651590635
3186.0;0.017754480892796753;0.032256841786066255;0.048970388753798555
3187.5;0.017547197908565945;0.030245746691871456;0.041661820766298374
3189.0;0.016638225255972697;0.03564899451553931;0.04189750692520776
3190.5;0.03326935380678182;0.015095605501509561;0.05399951282579775
3192.0;0.015871286409530037;0.018010291595197254;0.06638464041653108
3193.5;0.017754480892796753;0.018612132352941176;0.04210302316072589
3195.0;0.01850632726208763;0.01810895810084204;0.05573159366262814
3196.5;0.01865038996269922;0.01810895810084204;0.04393732970027248
3198.0;0.015871286409530037;0.018677485194924924;0.05158292903544118
3199.5;0.01597712748065927;0.015095605501509561;0.027922453703703703
3201.0;0.016403046280023436;0.03617216117216117;0.03329390008430557
3202.5;0.01865038996269922;0.017623877982923447;0.046918767507002794
3204.0;0.016745540589734254;0.0175513698630137;0.0526416906820365
3205.5;0.019944341372912802;0.018876611418047883;0.03782881051718195
3207.0;0.01780160609014529;0.03969754253308129;0.04062788550323176
3208.5;0.015517241379310345;0.016785765670711238;0.01952546389809054
3210.0;0.018803418803418803;0.016785765670711238;0.029904400660611265
3211.5;0.025240384615384616;0.026548672566371685;0.02531293463143254
3213.0;0.02516881522406384;0.015414729630535846;0.04858044164037856
3214.5;0.018010291595197254;0.018197573656845753;0.034912718204488775
3216.0;0.016403046280023436;0.017094017094017096;0.03968781299978608
3217.5;0.016745540589734254;0.015280135823429542;0.027250706499798143
3219.0;0.015871286409530037;0.015095605501509561;0.0293518713573485
3220.5;0.017094017094017096;0.016638225255972697;0.069562016930438
3222.0;0.027886497064579255;0.018010291595197254;0.041797611565053426
3223.5;0.03297682709447416;0.02352661596958175;0.030137981118373278
3225.0;0.024378585086042064;0.03442728442728442;0.029891304347826088
3226.5;0.01713180436584692;0.03948705750059468;0.03434627170582226
3228.0;0.02623456790123457;0.03706545928938685;0.056006493506493504
3229.5;0.017883272962794156;0.01537736404878336;0.04269535459867887
3231.0;0.03306159420289855;0.02460456942003515;0.02331162762620696
3232.5;0.033676001417936904;0.03416622228993677;0.04369044754317752
3234.0;0.02964569775849602;0.024122807017543862;0.033445440956651716
3235.5;0.018314772574802095;0.03608247422680412;0.05090077209036317
3237.0;0.017971946230274694;0.037682454572535;0.03827683615819209
3238.5;0.023765996343692867;0.0441017316017316;0.026003057358707934
3240.0;0.017883272962794156;0.017460979111666896;0.06431383142945353
3241.5;0.016335052812576762;0.0285204991087344;0.03589065797832012
3243.0;0.03125;0.018937169700528483;0.04278887000849617
3244.5;0.018242207460398566;0.02891543420553659;0.035741212795749114
3246.0;0.03061615001913509;0.03318419090231171;0.06339254615116686
3247.5;0.019139945314441957;0.04229122055674518;0.028343023255813952
3249.0;0.027884112540529235;0.024254473161033796;0.029846335697399525
3250.5;0.019050942079553383;0.025756445890674075;0.03949086161879895
3252.0;0.01597350685051537;0.027886497064579255;0.032757073355061166
3253.5;0.017699115044247787;0.015907416444202047;0.03418935643564356
3255.0;0.03004578405188859;0.03564899451553931;0.031326781326781336
3256.5;0.017114956021708434;0.016863406408094434;0.040739411342426424
3258.0;0.017825311942959002;0.016745540589734254;0.03722304283604136
3259.5;0.026072714395325502;0.017699115044247787;0.0356621274916124
3261.0;0.01749271137026239;0.025573192239858905;0.044252873563218394
3262.5;0.023809523809523808;0.036282622533418206;0.042987804310540924
3264.0;0.01749271137026239;0.030993042378241617;0.020393556159323735
3265.5;0.03530661003451022;0.018354055654233276;0.02870339821840977
3267.0;0.016863406408094434;0.01775534628830588;0.025788385713310415
3268.5;0.018323203432248837;0.047058823529411764;0.03434627170582226
3270.0;0.02833675564681725;0.017893106119287374;0.03957758144671452
3271.5;0.028433476394849784;0.026475958612294584;0.02903803691205266
3273.0;0.031369929560359486;0.030627490039840638;0.030397289805974746
3274.5;0.01834061135371179;0.03543766136420422;0.029641074399809845
3276.0;0.01678424862821045;0.026344152244872826;0.027713625866050806
3277.5;0.02724539646749342;0.03598346705567712;0.0362165704222468
3279.0;0.018683274021352312;0.04432189542483659;0.02639580796339348
3280.5;0.02475049900199601;0.026604352443403066;0.0326137963397466
3282.0;0.016317890407644853;0.020357941834451904;0.03390045708481463
3283.5;0.02393384239278061;0.028272889900796877;0.03430127041742286
3285.0;0.024185371184466703;0.031435154707044104;0.026943217741740876
3286.5;0.024464831804281346;0.043894209760954754;0.01966041108132261
3288.0;0.01835078161749423;0.025607343234122646;0.04534196989902838
3289.5;0.02433487565066512;0.017754480892796753;0.04137426900584795
3291.0;0.02867383512544803;0.024114774114774116;0.024703564945347804
3292.5;0.016128420893033128;0.019138359569179784;0.027404631498030175
3294.0;0.02975448882374496;0.034408602150537634;0.01956987215819636
3295.5;0.01859099804305284;0.02864114446510621;0.025382025382025386
3297.0;0.030009920634920632;0.025105708245243132;0.03159268929503917
3298.5;0.024501992031872512;0.026548672566371685;0.04018187585915196
3300.0;0.023418491484184917;0.023762376237623763;0.02953225313359829
3301.5;0.03095095693779904;0.04738389182833628;0.03470185728250244
3303.0;0.01925670074966942;0.03082919914953933;0.03010885465149414
3304.5;0.024501992031872512;0.02075739165654111;0.02112098427887902
3306.0;0.022405660377358493;0.029132231404958676;0.02375875723423698
3307.5;0.023418491484184917;0.028105106325342005;0.031124845132105908
3309.0;0.024948024948024946;0.03470249382804394;0.04400510204081633
3310.5;0.019248810672344387;0.028383523710626513;0.025842762565574797
3312.0;0.017391304347826087;0.028433476394849784;0.024499654934437544
3313.5;0.02460456942003515;0.02919600938967136;0.029986140859266725
3315.0;0.03372140883165756;0.030335356380885307;0.02720776331887443
3316.5;0.015280135823429542;0.01855770102475436;0.028024950306987092
3318.0;0.023418491484184917;0.030178326474622767;0.03103448275862069
3319.5;0.02848722986247544;0.02583651152170425;0.03127917833800187
3321.0;0.03542094455852156;0.03050595238095238;0.019860638906654998
3322.5;0.03290225315948789;0.03660098775594197;0.021026372059871703
3324.0;0.018470790378006873;0.025820463320463317;0.01783811073091378
3325.5;0.02079334612923865;0.03498920086393088;0.02844359220198146
3327.0;0.023762376237623763;0.03748733535967579;0.018532478954642544
3328.5;0.023274161735700197;0.026696173582587128;0.017367059597690065
3330.0;0.024378585086042064;0.023394808743169397;0.03250478011472275
3331.5;0.028865979381443297;0.04384216819449979;0.032151143520053035
3333.0;0.01741884402216944;0.022789783889980354;0.024371071312146754
3334.5;0.018242207460398566;0.026277097865586234;0.023613963039014373
3336.0;0.019327580007191657;0.018026004728132386;0.017857142857142856
3337.5;0.022405660377358493;0.026839699159416013;0.02426564495530013
3339.0;0.024664750957854403;0.01814552172099398;0.02799872733057588
3340.5;0.017004588798125428;0.017934291168491913;0.03240740740740741
3342.0;0.02722345405272235;0.022964015151515152;0.05739717618170657
3343.5;0.02516881522406384;0.025801258287965766;0.024948024948024946
3345.0;0.023765996343692867;0.03982067510548524;0.0220508658008658
3346.5;0.018354055654233276;0.015414729630535846;0.016872744550154417
3348.0;0.04632675438596491;0.018542690508967015;0.02268431001890359
3349.5;0.018683274021352312;0.03764790247400502;0.01719518862766539
3351.0;0.02441444205789097;0.03250478011472275;0.03186376932720435
3352.5;0.027565186437661298;0.019138359569179784;0.047768452427641384
3354.0;0.024501992031872512;0.03530661003451022;0.02939958592132505
3355.5;0.03441180644245779;0.03425345785553848;0.018371212121212118
3357.0;0.02714589737526602;0.03218789758109817;0.015546189456228841
3358.5;0.025101419878296144;0.022789783889980354;0.029623049590607138
3360.0;0.018028772574227123;0.016913979694298784;0.03878406708595388
3361.5;0.029132231404958676;0.03020833333333333;0.02878937007874016
3363.0;0.03718199608610568;0.040033783783783784;0.022964015151515152
3364.5;0.029891304347826088;0.029702970297029705;0.03528138528138528
3366.0;0.04172591798967566;0.018086080586080584;0.022405660377358493
3367.5;0.024033467974610503;0.016128420893033128;0.039504716981132074
3369.0;0.023765996343692867;0.03365384615384615;0.026077596751308774
3370.5;0.029680915111378686;0.018792559974975337;0.015414729630535846
3372.0;0.019141127055425266;0.033676001417936904;0.017699115044247787
3373.5;0.018973527652006123;0.017824497257769654;0.018595825426944972
3375.0;0.04540745856353591;0.023244781783681213;0.017045454545454544
3376.5;0.02617712051674316;0.027406402836212974;0.030318091451292245
3378.0;0.023031496062992124;0.028770882091840855;0.017251025736665426
3379.5;0.018028727092620107;0.032793150894358664;0.023765996343692867
3381.0;0.025574598113458222;0.01904761904761905;0.023765996343692867
3382.5;0.024664750957854403;0.01845342706502636;0.015280135823429542
3384.0;0.02317655078391275;0.025885388651122183;0.024093511450381678
3385.5;0.01779531010300241;0.022964015151515152;0.015033359741139864
3387.0;0.024093511450381678;0.0170487948265726;0.0170487948265726
3388.5;0.018759900757340124;0.02924672156145166;0.018086080586080584
3390.0;0.02023809523809524;0.03522862558410066;0.018086080586080584
3391.5;0.037722668529514496;0.022309197651663407;0.016335052812576762
3393.0;0.018235322788974728;0.03192242355605889;0.03989126480097258
3394.5;0.01733025239957341;0.02591030912535247;0.03528138528138528
3396.0;0.029401154401154404;0.04153985661360413;0.03095186626315031
3397.5;0.03357632779114447;0.018595825426944972;0.036927877947295414
3399.0;0.028433476394849784;0.018876611418047883;0.04133491894377125
3400.5;0.03962331201137172;0.01859099804305284;0.025173611111111115
3402.0;0.030071979886959817;0.024378585086042064;0.01775967196527944
3403.5;0.022309197651663407;0.019589314919135018;0.03156312625250501
3405.0;0.033713054187192115;0.026887871853546914;0.038073038073038065
3406.5;0.036165577342047936;0.017346980721009576;0.04078794901506373
3408.0;0.02378196751913384;0.023809523809523808;0.03239949377533213
3409.5;0.025536551860548984;0.024366025053467768;0.03361696380334953
3411.0;0.03498920086393088;0.02714964302983759;0.02542372881355932
3412.5;0.029702970297029705;0.024054982817869414;0.029135338345864664
3414.0;0.031163260156447138;0.03020833333333333;0.017083111144968386
3415.5;0.019848771266540645;0.03515625;0.01597712748065927
3417.0;0.03250478011472275;0.025754527162977867;0.04110994963413475
3418.5;0.030009920634920632;0.024340436326737696;0.017305765552418254
3420.0;0.03695150115473441;0.01737848512156864;0.029401154401154404
3421.5;0.02915766738660907;0.01862097440132122;0.01903843644891634
3423.0;0.028383523710626513;0.020304139678963676;0.02268431001890359
3424.5;0.03235113566605279;0.015571484057766323;0.018612132352941176
3426.0;0.03791773778920309;0.033366867873910126;0.016838000708968452
3427.5;0.055640775345140135;0.026030927835051548;0.0161839863713799
3429.0;0.029623049590607138;0.03055879141524135;0.03486394557823129
3430.5;0.025819744708774833;0.023394808743169397;0.02584279259657844
3432.0;0.03360433604336043;0.022253841775754128;0.02268431001890359
3433.5;0.027886497064579255;0.023274161735700197;0.02280866337643268
3435.0;0.03331955353451839;0.023299565846599132;0.018960244648318046
3436.5;0.025579648774713016;0.024547283702213277;0.02800632911392405
3438.0;0.03412017167381975;0.025470102455873556;0.03204623062779091
3439.5;0.031163260156447138;0.032388663967611336;0.026148673888681355
3441.0;0.017064272624871805;0.031625522371668525;0.03480383294160188
3442.5;0.028865979381443297;0.03397147147147147;0.036016170525542075
3444.0;0.03815793569271952;0.021575984990619135;0.04546581650726178
3445.5;0.030256012412723042;0.04172622319956021;0.03443877551020408
3447.0;0.02640503875968992;0.02711640211640212;0.03443877551020408
3448.5;0.04170616113744076;0.03339507384328541;0.03874674288600388
3450.0;0.03414679068054149;0.017924528301886795;0.014950266845029822
3451.5;0.0345679012345679;0.02258438120450033;0.028865979381443297
3453.0;0.04225014337104426;0.031235801908223535;0.031992197025115826
3454.5;0.03240740740740741;0.018529235575708205;0.03965496520152523
3456.0;0.04353709502415518;0.029339853300733493;0.043010752688172046
3457.5;0.03476361919376734;0.019192561392354764;0.03557483731019522
3459.0;0.031746031746031744;0.031680596340636996;0.03288230633266289
3460.5;0.04508856682769726;0.0191220255817831;0.035476169482558655
3462.0;0.031746031746031744;0.019626168224299065;0.025974968183147817
3463.5;0.023765996343692867;0.029846335697399525;0.031175059952038366
3465.0;0.03403665485907901;0.03534031413612565;0.016612994161323308
3466.5;0.03586851434096037;0.021505376344086023;0.03460837887067396
3468.0;0.04192668888215693;0.02795584045584046;0.030938123752495012
3469.5;0.027482269503546097;0.016951159816197953;0.03240740740740741
3471.0;0.04369918699186992;0.028429892596255613;0.03530751708428246
3472.5;0.02525050100200401;0.03020833333333333;0.02395889906424206
3474.0;0.022054418372441337;0.019192913385826772;0.040086887835703
3475.5;0.017570604905697253;0.02508408071748879;0.03612385321100917
3477.0;0.01862097440132122;0.033445440956651716;0.024378585086042064
3478.5;0.029937629937629936;0.019390261522901315;0.01740157808859345
3480.0;0.01788842784693407;0.01757469244288225;0.026514314137283078
3481.5;0.02268431001890359;0.040491315844332534;0.04565153811384967
3483.0;0.027406402836212974;0.03563799380208804;0.023351648351648352
3484.5;0.023829431438127092;0.03476946334089191;0.01871401151631478
3486.0;0.02675295556461476;0.025571131879543095;0.03002383063622257
3487.5;0.024816176470588234;0.02014579667468668;0.03514986376021799
3489.0;0.03033312268664801;0.019643114117139156;0.02876876987117254
3490.5;0.02909270216962525;0.029132231404958676;0.028865979381443297
3492.0;0.017122114923635367;0.024723374827109266;0.024166411746711535
3493.5;0.03423626787057938;0.029118404118404117;0.04126857749469215
3495.0;0.02811038886988254;0.019124891335844683;0.024937587194360823
3496.5;0.03153955808980755;0.018281230508897437;0.032392026578073094
3498.0;0.023809523809523808;0.0497485632183908;0.05206101636815495
3499.5;0.03411405295315682;0.038646547998887115;0.020926037282020447
3501.0;0.026839699159416013;0.03896103896103897;0.02938725709014076
3502.5;0.015139193690331638;0.03208232445520581;0.02691540871546568
3504.0;0.01678424862821045;0.03361344537815126;0.03134582569375816
3505.5;0.02867383512544803;0.019115674337013725;0.03511762700306853
3507.0;0.028487947406866325;0.02400793650793651;0.03436018957345971
3508.5;0.036156414511617475;0.025485044462409054;0.040360951599671846
3510.0;0.01654091700522345;0.037009663327891275;0.028969149736644096
3511.5;0.017824497257769654;0.036652923243424625;0.024572123951414816
3513.0;0.025406951165860097;0.040819094114456195;0.025745257452574524
3514.5;0.02587800369685767;0.026869812051094576;0.040537424959431544
3516.0;0.038817005545286505;0.03362186136347378;0.05692918192918194
3517.5;0.01749271137026239;0.03317307692307692;0.0307092371435535
3519.0;0.03313655743081309;0.03791773778920309;0.037312418869005194
3520.5;0.01865038996269922;0.02919600938967136;0.05087762266307453
3522.0;0.015414729630535846;0.03758806761484093;0.024323438557233235
3523.5;0.01834061135371179;0.031175240526126708;0.03884542756946319
3525.0;0.017094017094017096;0.026198386331276694;0.03500089174246478
3526.5;0.017094017094017096;0.040097949188858284;0.026614973622454925
3528.0;0.02703900709219858;0.03682605525092101;0.03162247309004988
3529.5;0.03466050479914682;0.03418935643564356;0.03655671223713366
3531.0;0.01836806645203033;0.06241007194244605;0.04379477595336626
3532.5;0.023244781783681213;0.04345327389127173;0.025263261705694783
3534.0;0.035298681148176886;0.028892455858747997;0.03670041417395306
3535.5;0.015414729630535846;0.04085783771832855;0.04799641148325359
3537.0;0.03674948240165632;0.02587800369685767;0.024166411746711535
3538.5;0.01705018909044292;0.01834776063229206;0.02964569775849602
3540.0;0.02623456790123457;0.03752753876210666;0.048615291992775436
3541.5;0.017754480892796753;0.027096327096327096;0.04304721321302852
3543.0;0.032886334610472544;0.04841863040243607;0.020625415834996677
3544.5;0.03357531760435572;0.01987557979182396;0.029876373626373628
3546.0;0.025435922030762906;0.03094402557242626;0.034122740005092946
3547.5;0.02695167286245353;0.03167271527548663;0.03676148796498906
3549.0;0.016863406408094434;0.025628140703517592;0.03762099376209938
3550.5;0.017623877982923447;0.02833675564681725;0.019154689321509315
3552.0;0.025322619917214514;0.02531276455648575;0.05076947485324449
3553.5;0.018716969225741748;0.02915766738660907;0.033476658476658476
3555.0;0.033954159715433696;0.04686987872828581;0.04138962765957446
3556.5;0.025956284153005466;0.0334685598377282;0.018398770161782287
3558.0;0.018314772574802095;0.033713054187192115;0.020484171322160148
3559.5;0.01749271137026239;0.024166411746711535;0.027936839239529925
3561.0;0.03297682709447416;0.030722774206117288;0.04752931323283083
3562.5;0.023765996343692867;0.029789368104312937;0.024723374827109266
3564.0;0.0175513698630137;0.02867383512544803;0.04704968944099378
3565.5;0.026475958612294584;0.03791773778920309;0.023834019204389576
3567.0;0.029937629937629936;0.020644745127551413;0.02569607402599564
3568.5;0.029937629937629936;0.035073966367429515;0.03515625
3570.0;0.01819154628143392;0.03266518188567186;0.025952008346374546
3571.5;0.016252279131443725;0.03376047313947757;0.028863610249339307
3573.0;0.027223539956496554;0.03791773778920309;0.022174840085287847
3574.5;0.02669539153240914;0.03493544446307519;0.047962382445141075
3576.0;0.02617712051674316;0.029118404118404117;0.024501992031872512
3577.5;0.019131448145564982;0.03966188919681567;0.03347578347578348
3579.0;0.017570604905697253;0.027718550106609806;0.0263387936604462
3580.5;0.023418491484184917;0.02872168284789644;0.04387151310228233
3582.0;0.017754480892796753;0.03807710613993336;0.04130162703379225
3583.5;0.016745540589734254;0.033713054187192115;0.020330932247625014
3585.0;0.0170487948265726;0.034518430733525916;0.019635662988264142
3586.5;0.017699115044247787;0.04738562091503268;0.035775127768313465
3588.0;0.018354055654233276;0.062323198506036966;0.03168620882188721
3589.5;0.0175513698630137;0.03815937149270483;0.036565096952908584
3591.0;0.0230722525804493;0.021191464137522226;0.038447445415589185
3592.5;0.024122807017543862;0.029547930283224402;0.05639440616132956
3594.0;0.033676001417936904;0.03450226244343891;0.03622134793020869
3595.5;0.01850632726208763;0.026164032464758652;0.03439838802533104
3597.0;0.033879208022981784;0.047319434755722575;0.04138962765957446
3598.5;0.01597712748065927;0.045915735167669815;0.035767216573746964
